# Original Project Broom pickup; OBJ Y up; CC-BY-SA-4.0
o Continuous_ash_pole
v -28.000000 1.569333 -0.000000
v -28.000000 1.486805 0.308000
v -28.000000 1.261333 0.533472
v -28.000000 0.953333 0.616000
v -28.000000 0.645333 0.533472
v -28.000000 0.419862 0.308000
v -28.000000 0.337333 0.000000
v -28.000000 0.419862 -0.308000
v -28.000000 0.645333 -0.533472
v -28.000000 0.953333 -0.616000
v -28.000000 1.261333 -0.533472
v -28.000000 1.486805 -0.308000
v -28.000000 1.569333 -0.000000
v -27.666667 1.653333 -0.000000
v -27.666667 1.559551 0.350000
v -27.666667 1.303333 0.606218
v -27.666667 0.953333 0.700000
v -27.666667 0.603333 0.606218
v -27.666667 0.347116 0.350000
v -27.666667 0.253333 0.000000
v -27.666667 0.347116 -0.350000
v -27.666667 0.603333 -0.606218
v -27.666667 0.953333 -0.700000
v -27.666667 1.303333 -0.606218
v -27.666667 1.559551 -0.350000
v -27.666667 1.653333 -0.000000
v 18.333333 1.653333 -0.000000
v 18.333333 1.559551 0.350000
v 18.333333 1.303333 0.606218
v 18.333333 0.953333 0.700000
v 18.333333 0.603333 0.606218
v 18.333333 0.347116 0.350000
v 18.333333 0.253333 0.000000
v 18.333333 0.347116 -0.350000
v 18.333333 0.603333 -0.606218
v 18.333333 0.953333 -0.700000
v 18.333333 1.303333 -0.606218
v 18.333333 1.559551 -0.350000
v 18.333333 1.653333 -0.000000
v 18.666667 1.569333 -0.000000
v 18.666667 1.486805 0.308000
v 18.666667 1.261333 0.533472
v 18.666667 0.953333 0.616000
v 18.666667 0.645333 0.533472
v 18.666667 0.419862 0.308000
v 18.666667 0.337333 0.000000
v 18.666667 0.419862 -0.308000
v 18.666667 0.645333 -0.533472
v 18.666667 0.953333 -0.616000
v 18.666667 1.261333 -0.533472
v 18.666667 1.486805 -0.308000
v 18.666667 1.569333 -0.000000
v -28.000000 0.953333 -0.000000
v 18.666667 0.953333 -0.000000
vt 0.7587500 0.9912500
vt 0.7781250 0.9912500
vt 0.7975000 0.9912500
vt 0.8168750 0.9912500
vt 0.8362500 0.9912500
vt 0.8556250 0.9912500
vt 0.8750000 0.9912500
vt 0.8943750 0.9912500
vt 0.9137500 0.9912500
vt 0.9331250 0.9912500
vt 0.9525000 0.9912500
vt 0.9718750 0.9912500
vt 0.9912500 0.9912500
vt 0.7587500 0.9137500
vt 0.7781250 0.9137500
vt 0.7975000 0.9137500
vt 0.8168750 0.9137500
vt 0.8362500 0.9137500
vt 0.8556250 0.9137500
vt 0.8750000 0.9137500
vt 0.8943750 0.9137500
vt 0.9137500 0.9137500
vt 0.9331250 0.9137500
vt 0.9525000 0.9137500
vt 0.9718750 0.9137500
vt 0.9912500 0.9137500
vt 0.7587500 0.8362500
vt 0.7781250 0.8362500
vt 0.7975000 0.8362500
vt 0.8168750 0.8362500
vt 0.8362500 0.8362500
vt 0.8556250 0.8362500
vt 0.8750000 0.8362500
vt 0.8943750 0.8362500
vt 0.9137500 0.8362500
vt 0.9331250 0.8362500
vt 0.9525000 0.8362500
vt 0.9718750 0.8362500
vt 0.9912500 0.8362500
vt 0.7587500 0.7587500
vt 0.7781250 0.7587500
vt 0.7975000 0.7587500
vt 0.8168750 0.7587500
vt 0.8362500 0.7587500
vt 0.8556250 0.7587500
vt 0.8750000 0.7587500
vt 0.8943750 0.7587500
vt 0.9137500 0.7587500
vt 0.9331250 0.7587500
vt 0.9525000 0.7587500
vt 0.9718750 0.7587500
vt 0.9912500 0.7587500
vt 0.8750000 0.8750000
vt 0.8750000 0.8750000
vn -0.8183179 0.5720763 0.0555389
vn -0.8183179 0.4676632 0.3341363
vn -0.8183179 0.2379401 0.5232021
vn -0.8183179 -0.0555389 0.5720763
vn -0.8183179 -0.3341363 0.4676632
vn -0.8183179 -0.5232021 0.2379401
vn -0.8183179 -0.5720763 -0.0555389
vn -0.8183179 -0.4676632 -0.3341363
vn -0.8183179 -0.2379401 -0.5232021
vn -0.8183179 0.0555389 -0.5720763
vn -0.8183179 0.3341363 -0.4676632
vn -0.8183179 0.5232021 -0.2379401
vn -0.8183179 0.5720763 0.0555389
vn -0.0017342 0.9961372 0.0877933
vn -0.0017342 0.8187835 0.5740998
vn -0.0017342 0.4220374 0.9065768
vn -0.0017342 -0.0877933 0.9961372
vn -0.0017342 -0.5740998 0.8187835
vn -0.0017342 -0.9065768 0.4220374
vn -0.0017342 -0.9961372 -0.0877933
vn -0.0017342 -0.8187835 -0.5740998
vn -0.0017342 -0.4220374 -0.9065768
vn -0.0017342 0.0877933 -0.9961372
vn -0.0017342 0.5740998 -0.8187835
vn -0.0017342 0.9065768 -0.4220374
vn -0.0017342 0.9961372 0.0877933
vn 0.0017342 0.9961372 -0.0877933
vn 0.0017342 0.9065768 0.4220374
vn 0.0017342 0.5740998 0.8187835
vn 0.0017342 0.0877933 0.9961372
vn 0.0017342 -0.4220374 0.9065768
vn 0.0017342 -0.8187835 0.5740998
vn 0.0017342 -0.9961372 0.0877933
vn 0.0017342 -0.9065768 -0.4220374
vn 0.0017342 -0.5740998 -0.8187835
vn 0.0017342 -0.0877933 -0.9961372
vn 0.0017342 0.4220374 -0.9065768
vn 0.0017342 0.8187835 -0.5740998
vn 0.0017342 0.9961372 -0.0877933
vn 0.8183179 0.5720763 -0.0555389
vn 0.8183179 0.5232021 0.2379401
vn 0.8183179 0.3341363 0.4676632
vn 0.8183179 0.0555389 0.5720763
vn 0.8183179 -0.2379401 0.5232021
vn 0.8183179 -0.4676632 0.3341363
vn 0.8183179 -0.5720763 0.0555389
vn 0.8183179 -0.5232021 -0.2379401
vn 0.8183179 -0.3341363 -0.4676632
vn 0.8183179 -0.0555389 -0.5720763
vn 0.8183179 0.2379401 -0.5232021
vn 0.8183179 0.4676632 -0.3341363
vn 0.8183179 0.5720763 -0.0555389
vn -1.0000000 0.0000000 -0.0000000
vn 1.0000000 0.0000000 -0.0000000
f 1/1/1 2/2/2 15/15/15
f 1/1/1 15/15/15 14/14/14
f 2/2/2 3/3/3 16/16/16
f 2/2/2 16/16/16 15/15/15
f 3/3/3 4/4/4 17/17/17
f 3/3/3 17/17/17 16/16/16
f 4/4/4 5/5/5 18/18/18
f 4/4/4 18/18/18 17/17/17
f 5/5/5 6/6/6 19/19/19
f 5/5/5 19/19/19 18/18/18
f 6/6/6 7/7/7 20/20/20
f 6/6/6 20/20/20 19/19/19
f 7/7/7 8/8/8 21/21/21
f 7/7/7 21/21/21 20/20/20
f 8/8/8 9/9/9 22/22/22
f 8/8/8 22/22/22 21/21/21
f 9/9/9 10/10/10 23/23/23
f 9/9/9 23/23/23 22/22/22
f 10/10/10 11/11/11 24/24/24
f 10/10/10 24/24/24 23/23/23
f 11/11/11 12/12/12 25/25/25
f 11/11/11 25/25/25 24/24/24
f 12/12/12 13/13/13 26/26/26
f 12/12/12 26/26/26 25/25/25
f 14/14/14 15/15/15 28/28/28
f 14/14/14 28/28/28 27/27/27
f 15/15/15 16/16/16 29/29/29
f 15/15/15 29/29/29 28/28/28
f 16/16/16 17/17/17 30/30/30
f 16/16/16 30/30/30 29/29/29
f 17/17/17 18/18/18 31/31/31
f 17/17/17 31/31/31 30/30/30
f 18/18/18 19/19/19 32/32/32
f 18/18/18 32/32/32 31/31/31
f 19/19/19 20/20/20 33/33/33
f 19/19/19 33/33/33 32/32/32
f 20/20/20 21/21/21 34/34/34
f 20/20/20 34/34/34 33/33/33
f 21/21/21 22/22/22 35/35/35
f 21/21/21 35/35/35 34/34/34
f 22/22/22 23/23/23 36/36/36
f 22/22/22 36/36/36 35/35/35
f 23/23/23 24/24/24 37/37/37
f 23/23/23 37/37/37 36/36/36
f 24/24/24 25/25/25 38/38/38
f 24/24/24 38/38/38 37/37/37
f 25/25/25 26/26/26 39/39/39
f 25/25/25 39/39/39 38/38/38
f 27/27/27 28/28/28 41/41/41
f 27/27/27 41/41/41 40/40/40
f 28/28/28 29/29/29 42/42/42
f 28/28/28 42/42/42 41/41/41
f 29/29/29 30/30/30 43/43/43
f 29/29/29 43/43/43 42/42/42
f 30/30/30 31/31/31 44/44/44
f 30/30/30 44/44/44 43/43/43
f 31/31/31 32/32/32 45/45/45
f 31/31/31 45/45/45 44/44/44
f 32/32/32 33/33/33 46/46/46
f 32/32/32 46/46/46 45/45/45
f 33/33/33 34/34/34 47/47/47
f 33/33/33 47/47/47 46/46/46
f 34/34/34 35/35/35 48/48/48
f 34/34/34 48/48/48 47/47/47
f 35/35/35 36/36/36 49/49/49
f 35/35/35 49/49/49 48/48/48
f 36/36/36 37/37/37 50/50/50
f 36/36/36 50/50/50 49/49/49
f 37/37/37 38/38/38 51/51/51
f 37/37/37 51/51/51 50/50/50
f 38/38/38 39/39/39 52/52/52
f 38/38/38 52/52/52 51/51/51
f 53/53/53 2/2/2 1/1/1
f 53/53/53 3/3/3 2/2/2
f 53/53/53 4/4/4 3/3/3
f 53/53/53 5/5/5 4/4/4
f 53/53/53 6/6/6 5/5/5
f 53/53/53 7/7/7 6/6/6
f 53/53/53 8/8/8 7/7/7
f 53/53/53 9/9/9 8/8/8
f 53/53/53 10/10/10 9/9/9
f 53/53/53 11/11/11 10/10/10
f 53/53/53 12/12/12 11/11/11
f 53/53/53 13/13/13 12/12/12
f 54/54/54 40/40/40 41/41/41
f 54/54/54 41/41/41 42/42/42
f 54/54/54 42/42/42 43/43/43
f 54/54/54 43/43/43 44/44/44
f 54/54/54 44/44/44 45/45/45
f 54/54/54 45/45/45 46/46/46
f 54/54/54 46/46/46 47/47/47
f 54/54/54 47/47/47 48/48/48
f 54/54/54 48/48/48 49/49/49
f 54/54/54 49/49/49 50/50/50
f 54/54/54 50/50/50 51/51/51
f 54/54/54 51/51/51 52/52/52
o Steel_socket
v 16.666667 1.686667 -0.000000
v 16.666667 1.588419 0.366667
v 16.666667 1.320000 0.635085
v 16.666667 0.953333 0.733333
v 16.666667 0.586667 0.635085
v 16.666667 0.318248 0.366667
v 16.666667 0.220000 0.000000
v 16.666667 0.318248 -0.366667
v 16.666667 0.586667 -0.635085
v 16.666667 0.953333 -0.733333
v 16.666667 1.320000 -0.635085
v 16.666667 1.588419 -0.366667
v 16.666667 1.686667 -0.000000
v 17.000000 1.786667 -0.000000
v 17.000000 1.675021 0.416667
v 17.000000 1.370000 0.721688
v 17.000000 0.953333 0.833333
v 17.000000 0.536667 0.721688
v 17.000000 0.231645 0.416667
v 17.000000 0.120000 0.000000
v 17.000000 0.231645 -0.416667
v 17.000000 0.536667 -0.721688
v 17.000000 0.953333 -0.833333
v 17.000000 1.370000 -0.721688
v 17.000000 1.675021 -0.416667
v 17.000000 1.786667 -0.000000
v 19.666667 1.786667 -0.000000
v 19.666667 1.675021 0.416667
v 19.666667 1.370000 0.721688
v 19.666667 0.953333 0.833333
v 19.666667 0.536667 0.721688
v 19.666667 0.231645 0.416667
v 19.666667 0.120000 0.000000
v 19.666667 0.231645 -0.416667
v 19.666667 0.536667 -0.721688
v 19.666667 0.953333 -0.833333
v 19.666667 1.370000 -0.721688
v 19.666667 1.675021 -0.416667
v 19.666667 1.786667 -0.000000
v 20.000000 1.686667 -0.000000
v 20.000000 1.588419 0.366667
v 20.000000 1.320000 0.635085
v 20.000000 0.953333 0.733333
v 20.000000 0.586667 0.635085
v 20.000000 0.318248 0.366667
v 20.000000 0.220000 0.000000
v 20.000000 0.318248 -0.366667
v 20.000000 0.586667 -0.635085
v 20.000000 0.953333 -0.733333
v 20.000000 1.320000 -0.635085
v 20.000000 1.588419 -0.366667
v 20.000000 1.686667 -0.000000
v 16.666667 0.953333 -0.000000
v 20.000000 0.953333 -0.000000
vt 0.0087500 0.9912500
vt 0.0281250 0.9912500
vt 0.0475000 0.9912500
vt 0.0668750 0.9912500
vt 0.0862500 0.9912500
vt 0.1056250 0.9912500
vt 0.1250000 0.9912500
vt 0.1443750 0.9912500
vt 0.1637500 0.9912500
vt 0.1831250 0.9912500
vt 0.2025000 0.9912500
vt 0.2218750 0.9912500
vt 0.2412500 0.9912500
vt 0.0087500 0.9137500
vt 0.0281250 0.9137500
vt 0.0475000 0.9137500
vt 0.0668750 0.9137500
vt 0.0862500 0.9137500
vt 0.1056250 0.9137500
vt 0.1250000 0.9137500
vt 0.1443750 0.9137500
vt 0.1637500 0.9137500
vt 0.1831250 0.9137500
vt 0.2025000 0.9137500
vt 0.2218750 0.9137500
vt 0.2412500 0.9137500
vt 0.0087500 0.8362500
vt 0.0281250 0.8362500
vt 0.0475000 0.8362500
vt 0.0668750 0.8362500
vt 0.0862500 0.8362500
vt 0.1056250 0.8362500
vt 0.1250000 0.8362500
vt 0.1443750 0.8362500
vt 0.1637500 0.8362500
vt 0.1831250 0.8362500
vt 0.2025000 0.8362500
vt 0.2218750 0.8362500
vt 0.2412500 0.8362500
vt 0.0087500 0.7587500
vt 0.0281250 0.7587500
vt 0.0475000 0.7587500
vt 0.0668750 0.7587500
vt 0.0862500 0.7587500
vt 0.1056250 0.7587500
vt 0.1250000 0.7587500
vt 0.1443750 0.7587500
vt 0.1637500 0.7587500
vt 0.1831250 0.7587500
vt 0.2025000 0.7587500
vt 0.2218750 0.7587500
vt 0.2412500 0.7587500
vt 0.1250000 0.8750000
vt 0.1250000 0.8750000
vn -0.8612712 0.5057678 0.0491015
vn -0.8612712 0.4134570 0.2954070
vn -0.8612712 0.2103608 0.4625585
vn -0.8612712 -0.0491015 0.5057678
vn -0.8612712 -0.2954070 0.4134570
vn -0.8612712 -0.4625585 0.2103608
vn -0.8612712 -0.5057678 -0.0491015
vn -0.8612712 -0.4134570 -0.2954070
vn -0.8612712 -0.2103608 -0.4625585
vn -0.8612712 0.0491015 -0.5057678
vn -0.8612712 0.2954070 -0.4134570
vn -0.8612712 0.4625585 -0.2103608
vn -0.8612712 0.5057678 0.0491015
vn -0.0320457 0.9969785 0.0707602
vn -0.0320457 0.8280286 0.5597694
vn -0.0320457 0.4372091 0.8987888
vn -0.0320457 -0.0707602 0.9969785
vn -0.0320457 -0.5597694 0.8280286
vn -0.0320457 -0.8987888 0.4372091
vn -0.0320457 -0.9969785 -0.0707602
vn -0.0320457 -0.8280286 -0.5597694
vn -0.0320457 -0.4372091 -0.8987888
vn -0.0320457 0.0707602 -0.9969785
vn -0.0320457 0.5597694 -0.8280286
vn -0.0320457 0.8987888 -0.4372091
vn -0.0320457 0.9969785 0.0707602
vn 0.0320457 0.9969785 -0.0707602
vn 0.0320457 0.8987888 0.4372091
vn 0.0320457 0.5597694 0.8280286
vn 0.0320457 0.0707602 0.9969785
vn 0.0320457 -0.4372091 0.8987888
vn 0.0320457 -0.8280286 0.5597694
vn 0.0320457 -0.9969785 0.0707602
vn 0.0320457 -0.8987888 -0.4372091
vn 0.0320457 -0.5597694 -0.8280286
vn 0.0320457 -0.0707602 -0.9969785
vn 0.0320457 0.4372091 -0.8987888
vn 0.0320457 0.8280286 -0.5597694
vn 0.0320457 0.9969785 -0.0707602
vn 0.8612712 0.5057678 -0.0491015
vn 0.8612712 0.4625585 0.2103608
vn 0.8612712 0.2954070 0.4134570
vn 0.8612712 0.0491015 0.5057678
vn 0.8612712 -0.2103608 0.4625585
vn 0.8612712 -0.4134570 0.2954070
vn 0.8612712 -0.5057678 0.0491015
vn 0.8612712 -0.4625585 -0.2103608
vn 0.8612712 -0.2954070 -0.4134570
vn 0.8612712 -0.0491015 -0.5057678
vn 0.8612712 0.2103608 -0.4625585
vn 0.8612712 0.4134570 -0.2954070
vn 0.8612712 0.5057678 -0.0491015
vn -1.0000000 0.0000000 -0.0000000
vn 1.0000000 0.0000000 -0.0000000
f 55/55/55 56/56/56 69/69/69
f 55/55/55 69/69/69 68/68/68
f 56/56/56 57/57/57 70/70/70
f 56/56/56 70/70/70 69/69/69
f 57/57/57 58/58/58 71/71/71
f 57/57/57 71/71/71 70/70/70
f 58/58/58 59/59/59 72/72/72
f 58/58/58 72/72/72 71/71/71
f 59/59/59 60/60/60 73/73/73
f 59/59/59 73/73/73 72/72/72
f 60/60/60 61/61/61 74/74/74
f 60/60/60 74/74/74 73/73/73
f 61/61/61 62/62/62 75/75/75
f 61/61/61 75/75/75 74/74/74
f 62/62/62 63/63/63 76/76/76
f 62/62/62 76/76/76 75/75/75
f 63/63/63 64/64/64 77/77/77
f 63/63/63 77/77/77 76/76/76
f 64/64/64 65/65/65 78/78/78
f 64/64/64 78/78/78 77/77/77
f 65/65/65 66/66/66 79/79/79
f 65/65/65 79/79/79 78/78/78
f 66/66/66 67/67/67 80/80/80
f 66/66/66 80/80/80 79/79/79
f 68/68/68 69/69/69 82/82/82
f 68/68/68 82/82/82 81/81/81
f 69/69/69 70/70/70 83/83/83
f 69/69/69 83/83/83 82/82/82
f 70/70/70 71/71/71 84/84/84
f 70/70/70 84/84/84 83/83/83
f 71/71/71 72/72/72 85/85/85
f 71/71/71 85/85/85 84/84/84
f 72/72/72 73/73/73 86/86/86
f 72/72/72 86/86/86 85/85/85
f 73/73/73 74/74/74 87/87/87
f 73/73/73 87/87/87 86/86/86
f 74/74/74 75/75/75 88/88/88
f 74/74/74 88/88/88 87/87/87
f 75/75/75 76/76/76 89/89/89
f 75/75/75 89/89/89 88/88/88
f 76/76/76 77/77/77 90/90/90
f 76/76/76 90/90/90 89/89/89
f 77/77/77 78/78/78 91/91/91
f 77/77/77 91/91/91 90/90/90
f 78/78/78 79/79/79 92/92/92
f 78/78/78 92/92/92 91/91/91
f 79/79/79 80/80/80 93/93/93
f 79/79/79 93/93/93 92/92/92
f 81/81/81 82/82/82 95/95/95
f 81/81/81 95/95/95 94/94/94
f 82/82/82 83/83/83 96/96/96
f 82/82/82 96/96/96 95/95/95
f 83/83/83 84/84/84 97/97/97
f 83/83/83 97/97/97 96/96/96
f 84/84/84 85/85/85 98/98/98
f 84/84/84 98/98/98 97/97/97
f 85/85/85 86/86/86 99/99/99
f 85/85/85 99/99/99 98/98/98
f 86/86/86 87/87/87 100/100/100
f 86/86/86 100/100/100 99/99/99
f 87/87/87 88/88/88 101/101/101
f 87/87/87 101/101/101 100/100/100
f 88/88/88 89/89/89 102/102/102
f 88/88/88 102/102/102 101/101/101
f 89/89/89 90/90/90 103/103/103
f 89/89/89 103/103/103 102/102/102
f 90/90/90 91/91/91 104/104/104
f 90/90/90 104/104/104 103/103/103
f 91/91/91 92/92/92 105/105/105
f 91/91/91 105/105/105 104/104/104
f 92/92/92 93/93/93 106/106/106
f 92/92/92 106/106/106 105/105/105
f 107/107/107 56/56/56 55/55/55
f 107/107/107 57/57/57 56/56/56
f 107/107/107 58/58/58 57/57/57
f 107/107/107 59/59/59 58/58/58
f 107/107/107 60/60/60 59/59/59
f 107/107/107 61/61/61 60/60/60
f 107/107/107 62/62/62 61/61/61
f 107/107/107 63/63/63 62/62/62
f 107/107/107 64/64/64 63/63/63
f 107/107/107 65/65/65 64/64/64
f 107/107/107 66/66/66 65/65/65
f 107/107/107 67/67/67 66/66/66
f 108/108/108 94/94/94 95/95/95
f 108/108/108 95/95/95 96/96/96
f 108/108/108 96/96/96 97/97/97
f 108/108/108 97/97/97 98/98/98
f 108/108/108 98/98/98 99/99/99
f 108/108/108 99/99/99 100/100/100
f 108/108/108 100/100/100 101/101/101
f 108/108/108 101/101/101 102/102/102
f 108/108/108 102/102/102 103/103/103
f 108/108/108 103/103/103 104/104/104
f 108/108/108 104/104/104 105/105/105
f 108/108/108 105/105/105 106/106/106
o Leaf_spear_point
v 28.000000 0.736667 -0.000000
v 22.000000 0.736667 1.666667
v 18.666667 0.736667 0.666667
v 18.666667 0.736667 -0.666667
v 22.000000 0.736667 -1.666667
v 22.000000 1.170000 -1.666667
v 18.666667 1.170000 -0.666667
v 18.666667 1.170000 0.666667
v 22.000000 1.170000 1.666667
v 28.000000 1.170000 -0.000000
v 28.000000 1.170000 -0.000000
v 22.000000 1.170000 1.666667
v 22.000000 0.736667 1.666667
v 28.000000 0.736667 -0.000000
v 22.000000 1.170000 1.666667
v 18.666667 1.170000 0.666667
v 18.666667 0.736667 0.666667
v 22.000000 0.736667 1.666667
v 18.666667 1.170000 0.666667
v 18.666667 1.170000 -0.666667
v 18.666667 0.736667 -0.666667
v 18.666667 0.736667 0.666667
v 18.666667 1.170000 -0.666667
v 22.000000 1.170000 -1.666667
v 22.000000 0.736667 -1.666667
v 18.666667 0.736667 -0.666667
v 22.000000 1.170000 -1.666667
v 28.000000 1.170000 -0.000000
v 28.000000 0.736667 -0.000000
v 22.000000 0.736667 -1.666667
vt 0.2587500 0.9912500
vt 0.4912500 0.9912500
vt 0.4912500 0.7587500
vt 0.2587500 0.7587500
vt 0.2587500 0.7587500
vt 0.2587500 0.9912500
vt 0.4912500 0.9912500
vt 0.4912500 0.7587500
vt 0.2587500 0.7587500
vt 0.2587500 0.7587500
vt 0.2587500 0.9912500
vt 0.4912500 0.9912500
vt 0.4912500 0.7587500
vt 0.2587500 0.7587500
vt 0.2587500 0.9912500
vt 0.4912500 0.9912500
vt 0.4912500 0.7587500
vt 0.2587500 0.7587500
vt 0.2587500 0.9912500
vt 0.4912500 0.9912500
vt 0.4912500 0.7587500
vt 0.2587500 0.7587500
vt 0.2587500 0.9912500
vt 0.4912500 0.9912500
vt 0.4912500 0.7587500
vt 0.2587500 0.7587500
vt 0.2587500 0.9912500
vt 0.4912500 0.9912500
vt 0.4912500 0.7587500
vt 0.2587500 0.7587500
vn 0.0606633 -0.9955002 -0.0727960
vn 0.0756370 -0.8644230 0.4970432
vn -0.0596475 -0.9910655 0.1192949
vn -0.0659403 -0.9960213 -0.0599457
vn -0.0112902 -0.9032199 -0.4290295
vn 0.0279427 0.9825995 -0.1836233
vn -0.2629081 0.8089479 -0.5258161
vn -0.1011834 0.9906062 0.0919849
vn -0.0045722 0.9847803 0.1737434
vn 0.1068147 0.9859823 0.1281777
vn 0.1068147 0.9859823 0.1281777
vn -0.0045722 0.9847803 0.1737434
vn 0.0756370 -0.8644230 0.4970432
vn 0.0606633 -0.9955002 -0.0727960
vn -0.0045722 0.9847803 0.1737434
vn -0.1011834 0.9906062 0.0919849
vn -0.0596475 -0.9910655 0.1192949
vn 0.0756370 -0.8644230 0.4970432
vn -0.1011834 0.9906062 0.0919849
vn -0.2629081 0.8089479 -0.5258161
vn -0.0659403 -0.9960213 -0.0599457
vn -0.0596475 -0.9910655 0.1192949
vn -0.2629081 0.8089479 -0.5258161
vn 0.0279427 0.9825995 -0.1836233
vn -0.0112902 -0.9032199 -0.4290295
vn -0.0659403 -0.9960213 -0.0599457
vn 0.0279427 0.9825995 -0.1836233
vn 0.1068147 0.9859823 0.1281777
vn 0.0606633 -0.9955002 -0.0727960
vn -0.0112902 -0.9032199 -0.4290295
f 109/109/109 110/110/110 111/111/111
f 109/109/109 111/111/111 112/112/112
f 109/109/109 112/112/112 113/113/113
f 114/114/114 115/115/115 116/116/116
f 114/114/114 116/116/116 117/117/117
f 114/114/114 117/117/117 118/118/118
f 119/119/119 120/120/120 121/121/121
f 119/119/119 121/121/121 122/122/122
f 123/123/123 124/124/124 125/125/125
f 123/123/123 125/125/125 126/126/126
f 127/127/127 128/128/128 129/129/129
f 127/127/127 129/129/129 130/130/130
f 131/131/131 132/132/132 133/133/133
f 131/131/131 133/133/133 134/134/134
f 135/135/135 136/136/136 137/137/137
f 135/135/135 137/137/137 138/138/138
o Pole_grip_binding
v -12.666667 0.154018 -0.010442
v -12.735949 0.193676 -0.005221
v -12.735949 0.272991 0.005221
v -12.666667 0.312649 0.010442
v -12.597385 0.272991 0.005221
v -12.597385 0.193676 -0.005221
v -12.666667 0.154018 -0.010442
v -12.666667 0.180593 -0.207055
v -12.735949 0.219230 -0.196702
v -12.735949 0.296504 -0.175997
v -12.666667 0.335141 -0.165644
v -12.597385 0.296504 -0.175997
v -12.597385 0.219230 -0.196702
v -12.666667 0.180593 -0.207055
v -12.666667 0.260513 -0.400000
v -12.735949 0.295154 -0.380000
v -12.735949 0.364436 -0.340000
v -12.666667 0.399077 -0.320000
v -12.597385 0.364436 -0.340000
v -12.597385 0.295154 -0.380000
v -12.666667 0.260513 -0.400000
v -12.666667 0.387648 -0.565685
v -12.735949 0.415932 -0.537401
v -12.735949 0.472501 -0.480833
v -12.666667 0.500785 -0.452548
v -12.597385 0.472501 -0.480833
v -12.597385 0.415932 -0.537401
v -12.666667 0.387648 -0.565685
v -12.666667 0.553333 -0.692820
v -12.735949 0.573333 -0.658179
v -12.735949 0.613333 -0.588897
v -12.666667 0.633333 -0.554256
v -12.597385 0.613333 -0.588897
v -12.597385 0.573333 -0.658179
v -12.666667 0.553333 -0.692820
v -12.666667 0.746278 -0.772741
v -12.735949 0.756631 -0.734104
v -12.735949 0.777336 -0.656830
v -12.666667 0.787689 -0.618193
v -12.597385 0.777336 -0.656830
v -12.597385 0.756631 -0.734104
v -12.666667 0.746278 -0.772741
v -12.666667 0.953333 -0.800000
v -12.735949 0.953333 -0.760000
v -12.735949 0.953333 -0.680000
v -12.666667 0.953333 -0.640000
v -12.597385 0.953333 -0.680000
v -12.597385 0.953333 -0.760000
v -12.666667 0.953333 -0.800000
v -12.666667 1.160389 -0.772741
v -12.735949 1.150036 -0.734104
v -12.735949 1.129330 -0.656830
v -12.666667 1.118978 -0.618193
v -12.597385 1.129330 -0.656830
v -12.597385 1.150036 -0.734104
v -12.666667 1.160389 -0.772741
v -12.666667 1.353333 -0.692820
v -12.735949 1.333333 -0.658179
v -12.735949 1.293333 -0.588897
v -12.666667 1.273333 -0.554256
v -12.597385 1.293333 -0.588897
v -12.597385 1.333333 -0.658179
v -12.666667 1.353333 -0.692820
v -12.666667 1.519019 -0.565685
v -12.735949 1.490734 -0.537401
v -12.735949 1.434166 -0.480833
v -12.666667 1.405882 -0.452548
v -12.597385 1.434166 -0.480833
v -12.597385 1.490734 -0.537401
v -12.666667 1.519019 -0.565685
v -12.666667 1.646154 -0.400000
v -12.735949 1.611513 -0.380000
v -12.735949 1.542231 -0.340000
v -12.666667 1.507590 -0.320000
v -12.597385 1.542231 -0.340000
v -12.597385 1.611513 -0.380000
v -12.666667 1.646154 -0.400000
v -12.666667 1.726074 -0.207055
v -12.735949 1.687437 -0.196702
v -12.735949 1.610163 -0.175997
v -12.666667 1.571526 -0.165644
v -12.597385 1.610163 -0.175997
v -12.597385 1.687437 -0.196702
v -12.666667 1.726074 -0.207055
v -12.666667 1.753333 -0.000000
v -12.735949 1.713333 -0.000000
v -12.735949 1.633333 -0.000000
v -12.666667 1.593333 -0.000000
v -12.597385 1.633333 -0.000000
v -12.597385 1.713333 -0.000000
v -12.666667 1.753333 -0.000000
v -12.666667 1.726074 0.207055
v -12.735949 1.687437 0.196702
v -12.735949 1.610163 0.175997
v -12.666667 1.571526 0.165644
v -12.597385 1.610163 0.175997
v -12.597385 1.687437 0.196702
v -12.666667 1.726074 0.207055
v -12.666667 1.646154 0.400000
v -12.735949 1.611513 0.380000
v -12.735949 1.542231 0.340000
v -12.666667 1.507590 0.320000
v -12.597385 1.542231 0.340000
v -12.597385 1.611513 0.380000
v -12.666667 1.646154 0.400000
v -12.666667 1.519019 0.565685
v -12.735949 1.490734 0.537401
v -12.735949 1.434166 0.480833
v -12.666667 1.405882 0.452548
v -12.597385 1.434166 0.480833
v -12.597385 1.490734 0.537401
v -12.666667 1.519019 0.565685
v -12.666667 1.353333 0.692820
v -12.735949 1.333333 0.658179
v -12.735949 1.293333 0.588897
v -12.666667 1.273333 0.554256
v -12.597385 1.293333 0.588897
v -12.597385 1.333333 0.658179
v -12.666667 1.353333 0.692820
v -12.666667 1.160389 0.772741
v -12.735949 1.150036 0.734104
v -12.735949 1.129330 0.656830
v -12.666667 1.118978 0.618193
v -12.597385 1.129330 0.656830
v -12.597385 1.150036 0.734104
v -12.666667 1.160389 0.772741
v -12.666667 0.953333 0.800000
v -12.735949 0.953333 0.760000
v -12.735949 0.953333 0.680000
v -12.666667 0.953333 0.640000
v -12.597385 0.953333 0.680000
v -12.597385 0.953333 0.760000
v -12.666667 0.953333 0.800000
v -12.666667 0.746278 0.772741
v -12.735949 0.756631 0.734104
v -12.735949 0.777336 0.656830
v -12.666667 0.787689 0.618193
v -12.597385 0.777336 0.656830
v -12.597385 0.756631 0.734104
v -12.666667 0.746278 0.772741
v -12.666667 0.553333 0.692820
v -12.735949 0.573333 0.658179
v -12.735949 0.613333 0.588897
v -12.666667 0.633333 0.554256
v -12.597385 0.613333 0.588897
v -12.597385 0.573333 0.658179
v -12.666667 0.553333 0.692820
v -12.666667 0.387648 0.565685
v -12.735949 0.415932 0.537401
v -12.735949 0.472501 0.480833
v -12.666667 0.500785 0.452548
v -12.597385 0.472501 0.480833
v -12.597385 0.415932 0.537401
v -12.666667 0.387648 0.565685
v -12.666667 0.260513 0.400000
v -12.735949 0.295154 0.380000
v -12.735949 0.364436 0.340000
v -12.666667 0.399077 0.320000
v -12.597385 0.364436 0.340000
v -12.597385 0.295154 0.380000
v -12.666667 0.260513 0.400000
v -12.666667 0.180593 0.207055
v -12.735949 0.219230 0.196702
v -12.735949 0.296504 0.175997
v -12.666667 0.335141 0.165644
v -12.597385 0.296504 0.175997
v -12.597385 0.219230 0.196702
v -12.666667 0.180593 0.207055
v -12.666667 0.154018 0.010442
v -12.735949 0.193676 0.005221
v -12.735949 0.272991 -0.005221
v -12.666667 0.312649 -0.010442
v -12.597385 0.272991 -0.005221
v -12.597385 0.193676 0.005221
v -12.666667 0.154018 0.010442
v -12.666667 0.233333 -0.000000
v -12.666667 0.233333 0.000000
vt 0.0087500 0.7412500
vt 0.0475000 0.7412500
vt 0.0862500 0.7412500
vt 0.1250000 0.7412500
vt 0.1637500 0.7412500
vt 0.2025000 0.7412500
vt 0.2412500 0.7412500
vt 0.0087500 0.7315625
vt 0.0475000 0.7315625
vt 0.0862500 0.7315625
vt 0.1250000 0.7315625
vt 0.1637500 0.7315625
vt 0.2025000 0.7315625
vt 0.2412500 0.7315625
vt 0.0087500 0.7218750
vt 0.0475000 0.7218750
vt 0.0862500 0.7218750
vt 0.1250000 0.7218750
vt 0.1637500 0.7218750
vt 0.2025000 0.7218750
vt 0.2412500 0.7218750
vt 0.0087500 0.7121875
vt 0.0475000 0.7121875
vt 0.0862500 0.7121875
vt 0.1250000 0.7121875
vt 0.1637500 0.7121875
vt 0.2025000 0.7121875
vt 0.2412500 0.7121875
vt 0.0087500 0.7025000
vt 0.0475000 0.7025000
vt 0.0862500 0.7025000
vt 0.1250000 0.7025000
vt 0.1637500 0.7025000
vt 0.2025000 0.7025000
vt 0.2412500 0.7025000
vt 0.0087500 0.6928125
vt 0.0475000 0.6928125
vt 0.0862500 0.6928125
vt 0.1250000 0.6928125
vt 0.1637500 0.6928125
vt 0.2025000 0.6928125
vt 0.2412500 0.6928125
vt 0.0087500 0.6831250
vt 0.0475000 0.6831250
vt 0.0862500 0.6831250
vt 0.1250000 0.6831250
vt 0.1637500 0.6831250
vt 0.2025000 0.6831250
vt 0.2412500 0.6831250
vt 0.0087500 0.6734375
vt 0.0475000 0.6734375
vt 0.0862500 0.6734375
vt 0.1250000 0.6734375
vt 0.1637500 0.6734375
vt 0.2025000 0.6734375
vt 0.2412500 0.6734375
vt 0.0087500 0.6637500
vt 0.0475000 0.6637500
vt 0.0862500 0.6637500
vt 0.1250000 0.6637500
vt 0.1637500 0.6637500
vt 0.2025000 0.6637500
vt 0.2412500 0.6637500
vt 0.0087500 0.6540625
vt 0.0475000 0.6540625
vt 0.0862500 0.6540625
vt 0.1250000 0.6540625
vt 0.1637500 0.6540625
vt 0.2025000 0.6540625
vt 0.2412500 0.6540625
vt 0.0087500 0.6443750
vt 0.0475000 0.6443750
vt 0.0862500 0.6443750
vt 0.1250000 0.6443750
vt 0.1637500 0.6443750
vt 0.2025000 0.6443750
vt 0.2412500 0.6443750
vt 0.0087500 0.6346875
vt 0.0475000 0.6346875
vt 0.0862500 0.6346875
vt 0.1250000 0.6346875
vt 0.1637500 0.6346875
vt 0.2025000 0.6346875
vt 0.2412500 0.6346875
vt 0.0087500 0.6250000
vt 0.0475000 0.6250000
vt 0.0862500 0.6250000
vt 0.1250000 0.6250000
vt 0.1637500 0.6250000
vt 0.2025000 0.6250000
vt 0.2412500 0.6250000
vt 0.0087500 0.6153125
vt 0.0475000 0.6153125
vt 0.0862500 0.6153125
vt 0.1250000 0.6153125
vt 0.1637500 0.6153125
vt 0.2025000 0.6153125
vt 0.2412500 0.6153125
vt 0.0087500 0.6056250
vt 0.0475000 0.6056250
vt 0.0862500 0.6056250
vt 0.1250000 0.6056250
vt 0.1637500 0.6056250
vt 0.2025000 0.6056250
vt 0.2412500 0.6056250
vt 0.0087500 0.5959375
vt 0.0475000 0.5959375
vt 0.0862500 0.5959375
vt 0.1250000 0.5959375
vt 0.1637500 0.5959375
vt 0.2025000 0.5959375
vt 0.2412500 0.5959375
vt 0.0087500 0.5862500
vt 0.0475000 0.5862500
vt 0.0862500 0.5862500
vt 0.1250000 0.5862500
vt 0.1637500 0.5862500
vt 0.2025000 0.5862500
vt 0.2412500 0.5862500
vt 0.0087500 0.5765625
vt 0.0475000 0.5765625
vt 0.0862500 0.5765625
vt 0.1250000 0.5765625
vt 0.1637500 0.5765625
vt 0.2025000 0.5765625
vt 0.2412500 0.5765625
vt 0.0087500 0.5668750
vt 0.0475000 0.5668750
vt 0.0862500 0.5668750
vt 0.1250000 0.5668750
vt 0.1637500 0.5668750
vt 0.2025000 0.5668750
vt 0.2412500 0.5668750
vt 0.0087500 0.5571875
vt 0.0475000 0.5571875
vt 0.0862500 0.5571875
vt 0.1250000 0.5571875
vt 0.1637500 0.5571875
vt 0.2025000 0.5571875
vt 0.2412500 0.5571875
vt 0.0087500 0.5475000
vt 0.0475000 0.5475000
vt 0.0862500 0.5475000
vt 0.1250000 0.5475000
vt 0.1637500 0.5475000
vt 0.2025000 0.5475000
vt 0.2412500 0.5475000
vt 0.0087500 0.5378125
vt 0.0475000 0.5378125
vt 0.0862500 0.5378125
vt 0.1250000 0.5378125
vt 0.1637500 0.5378125
vt 0.2025000 0.5378125
vt 0.2412500 0.5378125
vt 0.0087500 0.5281250
vt 0.0475000 0.5281250
vt 0.0862500 0.5281250
vt 0.1250000 0.5281250
vt 0.1637500 0.5281250
vt 0.2025000 0.5281250
vt 0.2412500 0.5281250
vt 0.0087500 0.5184375
vt 0.0475000 0.5184375
vt 0.0862500 0.5184375
vt 0.1250000 0.5184375
vt 0.1637500 0.5184375
vt 0.2025000 0.5184375
vt 0.2412500 0.5184375
vt 0.0087500 0.5087500
vt 0.0475000 0.5087500
vt 0.0862500 0.5087500
vt 0.1250000 0.5087500
vt 0.1637500 0.5087500
vt 0.2025000 0.5087500
vt 0.2412500 0.5087500
vt 0.1250000 0.6250000
vt 0.1250000 0.6250000
vn -0.1781696 -0.9755399 0.1287536
vn -0.9081770 -0.3546987 0.2222688
vn -0.7279461 0.5857775 0.3563134
vn 0.1833838 0.8987391 0.3982944
vn 0.9114855 0.2717827 0.3087530
vn 0.7275753 -0.6638868 0.1728826
vn -0.1781696 -0.9755399 0.1287536
vn -0.0017010 -0.9648111 -0.2629384
vn -0.8607741 -0.4966676 -0.1113071
vn -0.8731731 0.4654183 0.1447570
vn -0.0037406 0.9671773 0.2540750
vn 0.8714729 0.4791335 0.1047193
vn 0.8596915 -0.4865790 -0.1554715
vn -0.0017010 -0.9648111 -0.2629384
vn -0.0000000 -0.8660254 -0.5000000
vn -0.8580278 -0.4559820 -0.2363657
vn -0.8741271 0.4100316 0.2603382
vn -0.0000000 0.8660254 0.5000000
vn 0.8741271 0.4304753 0.2249286
vn 0.8580278 -0.4326897 -0.2767091
vn -0.0000000 -0.8660254 -0.5000000
vn 0.0000000 -0.7071068 -0.7071068
vn -0.8580278 -0.3792688 -0.3463286
vn -0.8741271 0.3286796 0.3575914
vn -0.0000000 0.7071068 0.7071068
vn 0.8741271 0.3575914 0.3286796
vn 0.8580278 -0.3463286 -0.3792688
vn 0.0000000 -0.7071068 -0.7071068
vn 0.0000000 -0.5000000 -0.8660254
vn -0.8580278 -0.2767091 -0.4326897
vn -0.8741271 0.2249286 0.4304753
vn -0.0000000 0.5000000 0.8660254
vn 0.8741271 0.2603382 0.4100316
vn 0.8580278 -0.2363657 -0.4559820
vn 0.0000000 -0.5000000 -0.8660254
vn 0.0000000 -0.2588190 -0.9659258
vn -0.8580278 -0.1552921 -0.4895637
vn -0.8741271 0.1058492 0.4740230
vn -0.0000000 0.2588190 0.9659258
vn 0.8741271 0.1453434 0.4634405
vn 0.8580278 -0.1102949 -0.5016207
vn 0.0000000 -0.2588190 -0.9659258
vn -0.0000000 -0.0000000 -1.0000000
vn -0.8580278 -0.0232923 -0.5130748
vn -0.8741271 -0.0204437 0.4852668
vn 0.0000000 -0.0000000 1.0000000
vn 0.8741271 0.0204437 0.4852668
vn 0.8580278 0.0232923 -0.5130748
vn -0.0000000 -0.0000000 -1.0000000
vn 0.0000000 0.2588190 -0.9659258
vn -0.8580278 0.1102949 -0.5016207
vn -0.8741271 -0.1453434 0.4634405
vn -0.0000000 -0.2588190 0.9659258
vn 0.8741271 -0.1058492 0.4740230
vn 0.8580278 0.1552921 -0.4895637
vn 0.0000000 0.2588190 -0.9659258
vn -0.0000000 0.5000000 -0.8660254
vn -0.8580278 0.2363657 -0.4559820
vn -0.8741271 -0.2603382 0.4100316
vn -0.0000000 -0.5000000 0.8660254
vn 0.8741271 -0.2249286 0.4304753
vn 0.8580278 0.2767091 -0.4326897
vn -0.0000000 0.5000000 -0.8660254
vn 0.0000000 0.7071068 -0.7071068
vn -0.8580278 0.3463286 -0.3792688
vn -0.8741271 -0.3575914 0.3286796
vn -0.0000000 -0.7071068 0.7071068
vn 0.8741271 -0.3286796 0.3575914
vn 0.8580278 0.3792688 -0.3463286
vn 0.0000000 0.7071068 -0.7071068
vn 0.0000000 0.8660254 -0.5000000
vn -0.8580278 0.4326897 -0.2767091
vn -0.8741271 -0.4304753 0.2249286
vn -0.0000000 -0.8660254 0.5000000
vn 0.8741271 -0.4100316 0.2603382
vn 0.8580278 0.4559820 -0.2363657
vn 0.0000000 0.8660254 -0.5000000
vn -0.0000000 0.9659258 -0.2588190
vn -0.8580278 0.4895637 -0.1552921
vn -0.8741271 -0.4740230 0.1058492
vn -0.0000000 -0.9659258 0.2588190
vn 0.8741271 -0.4634405 0.1453434
vn 0.8580278 0.5016207 -0.1102949
vn -0.0000000 0.9659258 -0.2588190
vn -0.0000000 1.0000000 -0.0000000
vn -0.8580278 0.5130748 -0.0232923
vn -0.8741271 -0.4852668 -0.0204437
vn -0.0000000 -1.0000000 0.0000000
vn 0.8741271 -0.4852668 0.0204437
vn 0.8580278 0.5130748 0.0232923
vn -0.0000000 1.0000000 -0.0000000
vn 0.0000000 0.9659258 0.2588190
vn -0.8580278 0.5016207 0.1102949
vn -0.8741271 -0.4634405 -0.1453434
vn 0.0000000 -0.9659258 -0.2588190
vn 0.8741271 -0.4740230 -0.1058492
vn 0.8580278 0.4895637 0.1552921
vn 0.0000000 0.9659258 0.2588190
vn -0.0000000 0.8660254 0.5000000
vn -0.8580278 0.4559820 0.2363657
vn -0.8741271 -0.4100316 -0.2603382
vn -0.0000000 -0.8660254 -0.5000000
vn 0.8741271 -0.4304753 -0.2249286
vn 0.8580278 0.4326897 0.2767091
vn -0.0000000 0.8660254 0.5000000
vn -0.0000000 0.7071068 0.7071068
vn -0.8580278 0.3792688 0.3463286
vn -0.8741271 -0.3286796 -0.3575914
vn -0.0000000 -0.7071068 -0.7071068
vn 0.8741271 -0.3575914 -0.3286796
vn 0.8580278 0.3463286 0.3792688
vn -0.0000000 0.7071068 0.7071068
vn 0.0000000 0.5000000 0.8660254
vn -0.8580278 0.2767091 0.4326897
vn -0.8741271 -0.2249286 -0.4304753
vn -0.0000000 -0.5000000 -0.8660254
vn 0.8741271 -0.2603382 -0.4100316
vn 0.8580278 0.2363657 0.4559820
vn 0.0000000 0.5000000 0.8660254
vn 0.0000000 0.2588190 0.9659258
vn -0.8580278 0.1552921 0.4895637
vn -0.8741271 -0.1058492 -0.4740230
vn -0.0000000 -0.2588190 -0.9659258
vn 0.8741271 -0.1453434 -0.4634405
vn 0.8580278 0.1102949 0.5016207
vn 0.0000000 0.2588190 0.9659258
vn 0.0000000 0.0000000 1.0000000
vn -0.8580278 0.0232923 0.5130748
vn -0.8741271 0.0204437 -0.4852668
vn -0.0000000 0.0000000 -1.0000000
vn 0.8741271 -0.0204437 -0.4852668
vn 0.8580278 -0.0232923 0.5130748
vn 0.0000000 0.0000000 1.0000000
vn 0.0000000 -0.2588190 0.9659258
vn -0.8580278 -0.1102949 0.5016207
vn -0.8741271 0.1453434 -0.4634405
vn 0.0000000 0.2588190 -0.9659258
vn 0.8741271 0.1058492 -0.4740230
vn 0.8580278 -0.1552921 0.4895637
vn 0.0000000 -0.2588190 0.9659258
vn 0.0000000 -0.5000000 0.8660254
vn -0.8580278 -0.2363657 0.4559820
vn -0.8741271 0.2603382 -0.4100316
vn -0.0000000 0.5000000 -0.8660254
vn 0.8741271 0.2249286 -0.4304753
vn 0.8580278 -0.2767091 0.4326897
vn 0.0000000 -0.5000000 0.8660254
vn -0.0000000 -0.7071068 0.7071068
vn -0.8580278 -0.3463286 0.3792688
vn -0.8741271 0.3575914 -0.3286796
vn -0.0000000 0.7071068 -0.7071068
vn 0.8741271 0.3286796 -0.3575914
vn 0.8580278 -0.3792688 0.3463286
vn -0.0000000 -0.7071068 0.7071068
vn 0.0000000 -0.8660254 0.5000000
vn -0.8580278 -0.4326897 0.2767091
vn -0.8741271 0.4304753 -0.2249286
vn -0.0000000 0.8660254 -0.5000000
vn 0.8741271 0.4100316 -0.2603382
vn 0.8580278 -0.4559820 0.2363657
vn 0.0000000 -0.8660254 0.5000000
vn 0.0017010 -0.9648111 0.2629384
vn -0.8596915 -0.4865790 0.1554715
vn -0.8714729 0.4791335 -0.1047193
vn 0.0037406 0.9671773 -0.2540750
vn 0.8731731 0.4654183 -0.1447570
vn 0.8607741 -0.4966676 0.1113071
vn 0.0017010 -0.9648111 0.2629384
vn 0.1781696 -0.9755399 -0.1287536
vn -0.7275753 -0.6638868 -0.1728826
vn -0.9114855 0.2717827 -0.3087530
vn -0.1833838 0.8987391 -0.3982944
vn 0.7279461 0.5857775 -0.3563134
vn 0.9081770 -0.3546987 -0.2222688
vn 0.1781696 -0.9755399 -0.1287536
vn -0.0000000 -1.0000000 0.0000000
vn -0.0000000 -1.0000000 0.0000000
f 139/139/139 140/140/140 147/147/147
f 139/139/139 147/147/147 146/146/146
f 140/140/140 141/141/141 148/148/148
f 140/140/140 148/148/148 147/147/147
f 141/141/141 142/142/142 149/149/149
f 141/141/141 149/149/149 148/148/148
f 142/142/142 143/143/143 150/150/150
f 142/142/142 150/150/150 149/149/149
f 143/143/143 144/144/144 151/151/151
f 143/143/143 151/151/151 150/150/150
f 144/144/144 145/145/145 152/152/152
f 144/144/144 152/152/152 151/151/151
f 146/146/146 147/147/147 154/154/154
f 146/146/146 154/154/154 153/153/153
f 147/147/147 148/148/148 155/155/155
f 147/147/147 155/155/155 154/154/154
f 148/148/148 149/149/149 156/156/156
f 148/148/148 156/156/156 155/155/155
f 149/149/149 150/150/150 157/157/157
f 149/149/149 157/157/157 156/156/156
f 150/150/150 151/151/151 158/158/158
f 150/150/150 158/158/158 157/157/157
f 151/151/151 152/152/152 159/159/159
f 151/151/151 159/159/159 158/158/158
f 153/153/153 154/154/154 161/161/161
f 153/153/153 161/161/161 160/160/160
f 154/154/154 155/155/155 162/162/162
f 154/154/154 162/162/162 161/161/161
f 155/155/155 156/156/156 163/163/163
f 155/155/155 163/163/163 162/162/162
f 156/156/156 157/157/157 164/164/164
f 156/156/156 164/164/164 163/163/163
f 157/157/157 158/158/158 165/165/165
f 157/157/157 165/165/165 164/164/164
f 158/158/158 159/159/159 166/166/166
f 158/158/158 166/166/166 165/165/165
f 160/160/160 161/161/161 168/168/168
f 160/160/160 168/168/168 167/167/167
f 161/161/161 162/162/162 169/169/169
f 161/161/161 169/169/169 168/168/168
f 162/162/162 163/163/163 170/170/170
f 162/162/162 170/170/170 169/169/169
f 163/163/163 164/164/164 171/171/171
f 163/163/163 171/171/171 170/170/170
f 164/164/164 165/165/165 172/172/172
f 164/164/164 172/172/172 171/171/171
f 165/165/165 166/166/166 173/173/173
f 165/165/165 173/173/173 172/172/172
f 167/167/167 168/168/168 175/175/175
f 167/167/167 175/175/175 174/174/174
f 168/168/168 169/169/169 176/176/176
f 168/168/168 176/176/176 175/175/175
f 169/169/169 170/170/170 177/177/177
f 169/169/169 177/177/177 176/176/176
f 170/170/170 171/171/171 178/178/178
f 170/170/170 178/178/178 177/177/177
f 171/171/171 172/172/172 179/179/179
f 171/171/171 179/179/179 178/178/178
f 172/172/172 173/173/173 180/180/180
f 172/172/172 180/180/180 179/179/179
f 174/174/174 175/175/175 182/182/182
f 174/174/174 182/182/182 181/181/181
f 175/175/175 176/176/176 183/183/183
f 175/175/175 183/183/183 182/182/182
f 176/176/176 177/177/177 184/184/184
f 176/176/176 184/184/184 183/183/183
f 177/177/177 178/178/178 185/185/185
f 177/177/177 185/185/185 184/184/184
f 178/178/178 179/179/179 186/186/186
f 178/178/178 186/186/186 185/185/185
f 179/179/179 180/180/180 187/187/187
f 179/179/179 187/187/187 186/186/186
f 181/181/181 182/182/182 189/189/189
f 181/181/181 189/189/189 188/188/188
f 182/182/182 183/183/183 190/190/190
f 182/182/182 190/190/190 189/189/189
f 183/183/183 184/184/184 191/191/191
f 183/183/183 191/191/191 190/190/190
f 184/184/184 185/185/185 192/192/192
f 184/184/184 192/192/192 191/191/191
f 185/185/185 186/186/186 193/193/193
f 185/185/185 193/193/193 192/192/192
f 186/186/186 187/187/187 194/194/194
f 186/186/186 194/194/194 193/193/193
f 188/188/188 189/189/189 196/196/196
f 188/188/188 196/196/196 195/195/195
f 189/189/189 190/190/190 197/197/197
f 189/189/189 197/197/197 196/196/196
f 190/190/190 191/191/191 198/198/198
f 190/190/190 198/198/198 197/197/197
f 191/191/191 192/192/192 199/199/199
f 191/191/191 199/199/199 198/198/198
f 192/192/192 193/193/193 200/200/200
f 192/192/192 200/200/200 199/199/199
f 193/193/193 194/194/194 201/201/201
f 193/193/193 201/201/201 200/200/200
f 195/195/195 196/196/196 203/203/203
f 195/195/195 203/203/203 202/202/202
f 196/196/196 197/197/197 204/204/204
f 196/196/196 204/204/204 203/203/203
f 197/197/197 198/198/198 205/205/205
f 197/197/197 205/205/205 204/204/204
f 198/198/198 199/199/199 206/206/206
f 198/198/198 206/206/206 205/205/205
f 199/199/199 200/200/200 207/207/207
f 199/199/199 207/207/207 206/206/206
f 200/200/200 201/201/201 208/208/208
f 200/200/200 208/208/208 207/207/207
f 202/202/202 203/203/203 210/210/210
f 202/202/202 210/210/210 209/209/209
f 203/203/203 204/204/204 211/211/211
f 203/203/203 211/211/211 210/210/210
f 204/204/204 205/205/205 212/212/212
f 204/204/204 212/212/212 211/211/211
f 205/205/205 206/206/206 213/213/213
f 205/205/205 213/213/213 212/212/212
f 206/206/206 207/207/207 214/214/214
f 206/206/206 214/214/214 213/213/213
f 207/207/207 208/208/208 215/215/215
f 207/207/207 215/215/215 214/214/214
f 209/209/209 210/210/210 217/217/217
f 209/209/209 217/217/217 216/216/216
f 210/210/210 211/211/211 218/218/218
f 210/210/210 218/218/218 217/217/217
f 211/211/211 212/212/212 219/219/219
f 211/211/211 219/219/219 218/218/218
f 212/212/212 213/213/213 220/220/220
f 212/212/212 220/220/220 219/219/219
f 213/213/213 214/214/214 221/221/221
f 213/213/213 221/221/221 220/220/220
f 214/214/214 215/215/215 222/222/222
f 214/214/214 222/222/222 221/221/221
f 216/216/216 217/217/217 224/224/224
f 216/216/216 224/224/224 223/223/223
f 217/217/217 218/218/218 225/225/225
f 217/217/217 225/225/225 224/224/224
f 218/218/218 219/219/219 226/226/226
f 218/218/218 226/226/226 225/225/225
f 219/219/219 220/220/220 227/227/227
f 219/219/219 227/227/227 226/226/226
f 220/220/220 221/221/221 228/228/228
f 220/220/220 228/228/228 227/227/227
f 221/221/221 222/222/222 229/229/229
f 221/221/221 229/229/229 228/228/228
f 223/223/223 224/224/224 231/231/231
f 223/223/223 231/231/231 230/230/230
f 224/224/224 225/225/225 232/232/232
f 224/224/224 232/232/232 231/231/231
f 225/225/225 226/226/226 233/233/233
f 225/225/225 233/233/233 232/232/232
f 226/226/226 227/227/227 234/234/234
f 226/226/226 234/234/234 233/233/233
f 227/227/227 228/228/228 235/235/235
f 227/227/227 235/235/235 234/234/234
f 228/228/228 229/229/229 236/236/236
f 228/228/228 236/236/236 235/235/235
f 230/230/230 231/231/231 238/238/238
f 230/230/230 238/238/238 237/237/237
f 231/231/231 232/232/232 239/239/239
f 231/231/231 239/239/239 238/238/238
f 232/232/232 233/233/233 240/240/240
f 232/232/232 240/240/240 239/239/239
f 233/233/233 234/234/234 241/241/241
f 233/233/233 241/241/241 240/240/240
f 234/234/234 235/235/235 242/242/242
f 234/234/234 242/242/242 241/241/241
f 235/235/235 236/236/236 243/243/243
f 235/235/235 243/243/243 242/242/242
f 237/237/237 238/238/238 245/245/245
f 237/237/237 245/245/245 244/244/244
f 238/238/238 239/239/239 246/246/246
f 238/238/238 246/246/246 245/245/245
f 239/239/239 240/240/240 247/247/247
f 239/239/239 247/247/247 246/246/246
f 240/240/240 241/241/241 248/248/248
f 240/240/240 248/248/248 247/247/247
f 241/241/241 242/242/242 249/249/249
f 241/241/241 249/249/249 248/248/248
f 242/242/242 243/243/243 250/250/250
f 242/242/242 250/250/250 249/249/249
f 244/244/244 245/245/245 252/252/252
f 244/244/244 252/252/252 251/251/251
f 245/245/245 246/246/246 253/253/253
f 245/245/245 253/253/253 252/252/252
f 246/246/246 247/247/247 254/254/254
f 246/246/246 254/254/254 253/253/253
f 247/247/247 248/248/248 255/255/255
f 247/247/247 255/255/255 254/254/254
f 248/248/248 249/249/249 256/256/256
f 248/248/248 256/256/256 255/255/255
f 249/249/249 250/250/250 257/257/257
f 249/249/249 257/257/257 256/256/256
f 251/251/251 252/252/252 259/259/259
f 251/251/251 259/259/259 258/258/258
f 252/252/252 253/253/253 260/260/260
f 252/252/252 260/260/260 259/259/259
f 253/253/253 254/254/254 261/261/261
f 253/253/253 261/261/261 260/260/260
f 254/254/254 255/255/255 262/262/262
f 254/254/254 262/262/262 261/261/261
f 255/255/255 256/256/256 263/263/263
f 255/255/255 263/263/263 262/262/262
f 256/256/256 257/257/257 264/264/264
f 256/256/256 264/264/264 263/263/263
f 258/258/258 259/259/259 266/266/266
f 258/258/258 266/266/266 265/265/265
f 259/259/259 260/260/260 267/267/267
f 259/259/259 267/267/267 266/266/266
f 260/260/260 261/261/261 268/268/268
f 260/260/260 268/268/268 267/267/267
f 261/261/261 262/262/262 269/269/269
f 261/261/261 269/269/269 268/268/268
f 262/262/262 263/263/263 270/270/270
f 262/262/262 270/270/270 269/269/269
f 263/263/263 264/264/264 271/271/271
f 263/263/263 271/271/271 270/270/270
f 265/265/265 266/266/266 273/273/273
f 265/265/265 273/273/273 272/272/272
f 266/266/266 267/267/267 274/274/274
f 266/266/266 274/274/274 273/273/273
f 267/267/267 268/268/268 275/275/275
f 267/267/267 275/275/275 274/274/274
f 268/268/268 269/269/269 276/276/276
f 268/268/268 276/276/276 275/275/275
f 269/269/269 270/270/270 277/277/277
f 269/269/269 277/277/277 276/276/276
f 270/270/270 271/271/271 278/278/278
f 270/270/270 278/278/278 277/277/277
f 272/272/272 273/273/273 280/280/280
f 272/272/272 280/280/280 279/279/279
f 273/273/273 274/274/274 281/281/281
f 273/273/273 281/281/281 280/280/280
f 274/274/274 275/275/275 282/282/282
f 274/274/274 282/282/282 281/281/281
f 275/275/275 276/276/276 283/283/283
f 275/275/275 283/283/283 282/282/282
f 276/276/276 277/277/277 284/284/284
f 276/276/276 284/284/284 283/283/283
f 277/277/277 278/278/278 285/285/285
f 277/277/277 285/285/285 284/284/284
f 279/279/279 280/280/280 287/287/287
f 279/279/279 287/287/287 286/286/286
f 280/280/280 281/281/281 288/288/288
f 280/280/280 288/288/288 287/287/287
f 281/281/281 282/282/282 289/289/289
f 281/281/281 289/289/289 288/288/288
f 282/282/282 283/283/283 290/290/290
f 282/282/282 290/290/290 289/289/289
f 283/283/283 284/284/284 291/291/291
f 283/283/283 291/291/291 290/290/290
f 284/284/284 285/285/285 292/292/292
f 284/284/284 292/292/292 291/291/291
f 286/286/286 287/287/287 294/294/294
f 286/286/286 294/294/294 293/293/293
f 287/287/287 288/288/288 295/295/295
f 287/287/287 295/295/295 294/294/294
f 288/288/288 289/289/289 296/296/296
f 288/288/288 296/296/296 295/295/295
f 289/289/289 290/290/290 297/297/297
f 289/289/289 297/297/297 296/296/296
f 290/290/290 291/291/291 298/298/298
f 290/290/290 298/298/298 297/297/297
f 291/291/291 292/292/292 299/299/299
f 291/291/291 299/299/299 298/298/298
f 293/293/293 294/294/294 301/301/301
f 293/293/293 301/301/301 300/300/300
f 294/294/294 295/295/295 302/302/302
f 294/294/294 302/302/302 301/301/301
f 295/295/295 296/296/296 303/303/303
f 295/295/295 303/303/303 302/302/302
f 296/296/296 297/297/297 304/304/304
f 296/296/296 304/304/304 303/303/303
f 297/297/297 298/298/298 305/305/305
f 297/297/297 305/305/305 304/304/304
f 298/298/298 299/299/299 306/306/306
f 298/298/298 306/306/306 305/305/305
f 300/300/300 301/301/301 308/308/308
f 300/300/300 308/308/308 307/307/307
f 301/301/301 302/302/302 309/309/309
f 301/301/301 309/309/309 308/308/308
f 302/302/302 303/303/303 310/310/310
f 302/302/302 310/310/310 309/309/309
f 303/303/303 304/304/304 311/311/311
f 303/303/303 311/311/311 310/310/310
f 304/304/304 305/305/305 312/312/312
f 304/304/304 312/312/312 311/311/311
f 305/305/305 306/306/306 313/313/313
f 305/305/305 313/313/313 312/312/312
f 314/314/314 140/140/140 139/139/139
f 314/314/314 141/141/141 140/140/140
f 314/314/314 142/142/142 141/141/141
f 314/314/314 143/143/143 142/142/142
f 314/314/314 144/144/144 143/143/143
f 314/314/314 145/145/145 144/144/144
f 315/315/315 307/307/307 308/308/308
f 315/315/315 308/308/308 309/309/309
f 315/315/315 309/309/309 310/310/310
f 315/315/315 310/310/310 311/311/311
f 315/315/315 311/311/311 312/312/312
f 315/315/315 312/312/312 313/313/313
o Pole_grip_binding
v -11.333333 0.154018 -0.010442
v -11.402615 0.193676 -0.005221
v -11.402615 0.272991 0.005221
v -11.333333 0.312649 0.010442
v -11.264051 0.272991 0.005221
v -11.264051 0.193676 -0.005221
v -11.333333 0.154018 -0.010442
v -11.333333 0.180593 -0.207055
v -11.402615 0.219230 -0.196702
v -11.402615 0.296504 -0.175997
v -11.333333 0.335141 -0.165644
v -11.264051 0.296504 -0.175997
v -11.264051 0.219230 -0.196702
v -11.333333 0.180593 -0.207055
v -11.333333 0.260513 -0.400000
v -11.402615 0.295154 -0.380000
v -11.402615 0.364436 -0.340000
v -11.333333 0.399077 -0.320000
v -11.264051 0.364436 -0.340000
v -11.264051 0.295154 -0.380000
v -11.333333 0.260513 -0.400000
v -11.333333 0.387648 -0.565685
v -11.402615 0.415932 -0.537401
v -11.402615 0.472501 -0.480833
v -11.333333 0.500785 -0.452548
v -11.264051 0.472501 -0.480833
v -11.264051 0.415932 -0.537401
v -11.333333 0.387648 -0.565685
v -11.333333 0.553333 -0.692820
v -11.402615 0.573333 -0.658179
v -11.402615 0.613333 -0.588897
v -11.333333 0.633333 -0.554256
v -11.264051 0.613333 -0.588897
v -11.264051 0.573333 -0.658179
v -11.333333 0.553333 -0.692820
v -11.333333 0.746278 -0.772741
v -11.402615 0.756631 -0.734104
v -11.402615 0.777336 -0.656830
v -11.333333 0.787689 -0.618193
v -11.264051 0.777336 -0.656830
v -11.264051 0.756631 -0.734104
v -11.333333 0.746278 -0.772741
v -11.333333 0.953333 -0.800000
v -11.402615 0.953333 -0.760000
v -11.402615 0.953333 -0.680000
v -11.333333 0.953333 -0.640000
v -11.264051 0.953333 -0.680000
v -11.264051 0.953333 -0.760000
v -11.333333 0.953333 -0.800000
v -11.333333 1.160389 -0.772741
v -11.402615 1.150036 -0.734104
v -11.402615 1.129330 -0.656830
v -11.333333 1.118978 -0.618193
v -11.264051 1.129330 -0.656830
v -11.264051 1.150036 -0.734104
v -11.333333 1.160389 -0.772741
v -11.333333 1.353333 -0.692820
v -11.402615 1.333333 -0.658179
v -11.402615 1.293333 -0.588897
v -11.333333 1.273333 -0.554256
v -11.264051 1.293333 -0.588897
v -11.264051 1.333333 -0.658179
v -11.333333 1.353333 -0.692820
v -11.333333 1.519019 -0.565685
v -11.402615 1.490734 -0.537401
v -11.402615 1.434166 -0.480833
v -11.333333 1.405882 -0.452548
v -11.264051 1.434166 -0.480833
v -11.264051 1.490734 -0.537401
v -11.333333 1.519019 -0.565685
v -11.333333 1.646154 -0.400000
v -11.402615 1.611513 -0.380000
v -11.402615 1.542231 -0.340000
v -11.333333 1.507590 -0.320000
v -11.264051 1.542231 -0.340000
v -11.264051 1.611513 -0.380000
v -11.333333 1.646154 -0.400000
v -11.333333 1.726074 -0.207055
v -11.402615 1.687437 -0.196702
v -11.402615 1.610163 -0.175997
v -11.333333 1.571526 -0.165644
v -11.264051 1.610163 -0.175997
v -11.264051 1.687437 -0.196702
v -11.333333 1.726074 -0.207055
v -11.333333 1.753333 -0.000000
v -11.402615 1.713333 -0.000000
v -11.402615 1.633333 -0.000000
v -11.333333 1.593333 -0.000000
v -11.264051 1.633333 -0.000000
v -11.264051 1.713333 -0.000000
v -11.333333 1.753333 -0.000000
v -11.333333 1.726074 0.207055
v -11.402615 1.687437 0.196702
v -11.402615 1.610163 0.175997
v -11.333333 1.571526 0.165644
v -11.264051 1.610163 0.175997
v -11.264051 1.687437 0.196702
v -11.333333 1.726074 0.207055
v -11.333333 1.646154 0.400000
v -11.402615 1.611513 0.380000
v -11.402615 1.542231 0.340000
v -11.333333 1.507590 0.320000
v -11.264051 1.542231 0.340000
v -11.264051 1.611513 0.380000
v -11.333333 1.646154 0.400000
v -11.333333 1.519019 0.565685
v -11.402615 1.490734 0.537401
v -11.402615 1.434166 0.480833
v -11.333333 1.405882 0.452548
v -11.264051 1.434166 0.480833
v -11.264051 1.490734 0.537401
v -11.333333 1.519019 0.565685
v -11.333333 1.353333 0.692820
v -11.402615 1.333333 0.658179
v -11.402615 1.293333 0.588897
v -11.333333 1.273333 0.554256
v -11.264051 1.293333 0.588897
v -11.264051 1.333333 0.658179
v -11.333333 1.353333 0.692820
v -11.333333 1.160389 0.772741
v -11.402615 1.150036 0.734104
v -11.402615 1.129330 0.656830
v -11.333333 1.118978 0.618193
v -11.264051 1.129330 0.656830
v -11.264051 1.150036 0.734104
v -11.333333 1.160389 0.772741
v -11.333333 0.953333 0.800000
v -11.402615 0.953333 0.760000
v -11.402615 0.953333 0.680000
v -11.333333 0.953333 0.640000
v -11.264051 0.953333 0.680000
v -11.264051 0.953333 0.760000
v -11.333333 0.953333 0.800000
v -11.333333 0.746278 0.772741
v -11.402615 0.756631 0.734104
v -11.402615 0.777336 0.656830
v -11.333333 0.787689 0.618193
v -11.264051 0.777336 0.656830
v -11.264051 0.756631 0.734104
v -11.333333 0.746278 0.772741
v -11.333333 0.553333 0.692820
v -11.402615 0.573333 0.658179
v -11.402615 0.613333 0.588897
v -11.333333 0.633333 0.554256
v -11.264051 0.613333 0.588897
v -11.264051 0.573333 0.658179
v -11.333333 0.553333 0.692820
v -11.333333 0.387648 0.565685
v -11.402615 0.415932 0.537401
v -11.402615 0.472501 0.480833
v -11.333333 0.500785 0.452548
v -11.264051 0.472501 0.480833
v -11.264051 0.415932 0.537401
v -11.333333 0.387648 0.565685
v -11.333333 0.260513 0.400000
v -11.402615 0.295154 0.380000
v -11.402615 0.364436 0.340000
v -11.333333 0.399077 0.320000
v -11.264051 0.364436 0.340000
v -11.264051 0.295154 0.380000
v -11.333333 0.260513 0.400000
v -11.333333 0.180593 0.207055
v -11.402615 0.219230 0.196702
v -11.402615 0.296504 0.175997
v -11.333333 0.335141 0.165644
v -11.264051 0.296504 0.175997
v -11.264051 0.219230 0.196702
v -11.333333 0.180593 0.207055
v -11.333333 0.154018 0.010442
v -11.402615 0.193676 0.005221
v -11.402615 0.272991 -0.005221
v -11.333333 0.312649 -0.010442
v -11.264051 0.272991 -0.005221
v -11.264051 0.193676 0.005221
v -11.333333 0.154018 0.010442
v -11.333333 0.233333 -0.000000
v -11.333333 0.233333 0.000000
vt 0.0087500 0.7412500
vt 0.0475000 0.7412500
vt 0.0862500 0.7412500
vt 0.1250000 0.7412500
vt 0.1637500 0.7412500
vt 0.2025000 0.7412500
vt 0.2412500 0.7412500
vt 0.0087500 0.7315625
vt 0.0475000 0.7315625
vt 0.0862500 0.7315625
vt 0.1250000 0.7315625
vt 0.1637500 0.7315625
vt 0.2025000 0.7315625
vt 0.2412500 0.7315625
vt 0.0087500 0.7218750
vt 0.0475000 0.7218750
vt 0.0862500 0.7218750
vt 0.1250000 0.7218750
vt 0.1637500 0.7218750
vt 0.2025000 0.7218750
vt 0.2412500 0.7218750
vt 0.0087500 0.7121875
vt 0.0475000 0.7121875
vt 0.0862500 0.7121875
vt 0.1250000 0.7121875
vt 0.1637500 0.7121875
vt 0.2025000 0.7121875
vt 0.2412500 0.7121875
vt 0.0087500 0.7025000
vt 0.0475000 0.7025000
vt 0.0862500 0.7025000
vt 0.1250000 0.7025000
vt 0.1637500 0.7025000
vt 0.2025000 0.7025000
vt 0.2412500 0.7025000
vt 0.0087500 0.6928125
vt 0.0475000 0.6928125
vt 0.0862500 0.6928125
vt 0.1250000 0.6928125
vt 0.1637500 0.6928125
vt 0.2025000 0.6928125
vt 0.2412500 0.6928125
vt 0.0087500 0.6831250
vt 0.0475000 0.6831250
vt 0.0862500 0.6831250
vt 0.1250000 0.6831250
vt 0.1637500 0.6831250
vt 0.2025000 0.6831250
vt 0.2412500 0.6831250
vt 0.0087500 0.6734375
vt 0.0475000 0.6734375
vt 0.0862500 0.6734375
vt 0.1250000 0.6734375
vt 0.1637500 0.6734375
vt 0.2025000 0.6734375
vt 0.2412500 0.6734375
vt 0.0087500 0.6637500
vt 0.0475000 0.6637500
vt 0.0862500 0.6637500
vt 0.1250000 0.6637500
vt 0.1637500 0.6637500
vt 0.2025000 0.6637500
vt 0.2412500 0.6637500
vt 0.0087500 0.6540625
vt 0.0475000 0.6540625
vt 0.0862500 0.6540625
vt 0.1250000 0.6540625
vt 0.1637500 0.6540625
vt 0.2025000 0.6540625
vt 0.2412500 0.6540625
vt 0.0087500 0.6443750
vt 0.0475000 0.6443750
vt 0.0862500 0.6443750
vt 0.1250000 0.6443750
vt 0.1637500 0.6443750
vt 0.2025000 0.6443750
vt 0.2412500 0.6443750
vt 0.0087500 0.6346875
vt 0.0475000 0.6346875
vt 0.0862500 0.6346875
vt 0.1250000 0.6346875
vt 0.1637500 0.6346875
vt 0.2025000 0.6346875
vt 0.2412500 0.6346875
vt 0.0087500 0.6250000
vt 0.0475000 0.6250000
vt 0.0862500 0.6250000
vt 0.1250000 0.6250000
vt 0.1637500 0.6250000
vt 0.2025000 0.6250000
vt 0.2412500 0.6250000
vt 0.0087500 0.6153125
vt 0.0475000 0.6153125
vt 0.0862500 0.6153125
vt 0.1250000 0.6153125
vt 0.1637500 0.6153125
vt 0.2025000 0.6153125
vt 0.2412500 0.6153125
vt 0.0087500 0.6056250
vt 0.0475000 0.6056250
vt 0.0862500 0.6056250
vt 0.1250000 0.6056250
vt 0.1637500 0.6056250
vt 0.2025000 0.6056250
vt 0.2412500 0.6056250
vt 0.0087500 0.5959375
vt 0.0475000 0.5959375
vt 0.0862500 0.5959375
vt 0.1250000 0.5959375
vt 0.1637500 0.5959375
vt 0.2025000 0.5959375
vt 0.2412500 0.5959375
vt 0.0087500 0.5862500
vt 0.0475000 0.5862500
vt 0.0862500 0.5862500
vt 0.1250000 0.5862500
vt 0.1637500 0.5862500
vt 0.2025000 0.5862500
vt 0.2412500 0.5862500
vt 0.0087500 0.5765625
vt 0.0475000 0.5765625
vt 0.0862500 0.5765625
vt 0.1250000 0.5765625
vt 0.1637500 0.5765625
vt 0.2025000 0.5765625
vt 0.2412500 0.5765625
vt 0.0087500 0.5668750
vt 0.0475000 0.5668750
vt 0.0862500 0.5668750
vt 0.1250000 0.5668750
vt 0.1637500 0.5668750
vt 0.2025000 0.5668750
vt 0.2412500 0.5668750
vt 0.0087500 0.5571875
vt 0.0475000 0.5571875
vt 0.0862500 0.5571875
vt 0.1250000 0.5571875
vt 0.1637500 0.5571875
vt 0.2025000 0.5571875
vt 0.2412500 0.5571875
vt 0.0087500 0.5475000
vt 0.0475000 0.5475000
vt 0.0862500 0.5475000
vt 0.1250000 0.5475000
vt 0.1637500 0.5475000
vt 0.2025000 0.5475000
vt 0.2412500 0.5475000
vt 0.0087500 0.5378125
vt 0.0475000 0.5378125
vt 0.0862500 0.5378125
vt 0.1250000 0.5378125
vt 0.1637500 0.5378125
vt 0.2025000 0.5378125
vt 0.2412500 0.5378125
vt 0.0087500 0.5281250
vt 0.0475000 0.5281250
vt 0.0862500 0.5281250
vt 0.1250000 0.5281250
vt 0.1637500 0.5281250
vt 0.2025000 0.5281250
vt 0.2412500 0.5281250
vt 0.0087500 0.5184375
vt 0.0475000 0.5184375
vt 0.0862500 0.5184375
vt 0.1250000 0.5184375
vt 0.1637500 0.5184375
vt 0.2025000 0.5184375
vt 0.2412500 0.5184375
vt 0.0087500 0.5087500
vt 0.0475000 0.5087500
vt 0.0862500 0.5087500
vt 0.1250000 0.5087500
vt 0.1637500 0.5087500
vt 0.2025000 0.5087500
vt 0.2412500 0.5087500
vt 0.1250000 0.6250000
vt 0.1250000 0.6250000
vn -0.1781696 -0.9755399 0.1287536
vn -0.9081770 -0.3546987 0.2222688
vn -0.7279461 0.5857775 0.3563134
vn 0.1833838 0.8987391 0.3982944
vn 0.9114855 0.2717827 0.3087530
vn 0.7275753 -0.6638868 0.1728826
vn -0.1781696 -0.9755399 0.1287536
vn -0.0017010 -0.9648111 -0.2629384
vn -0.8607741 -0.4966676 -0.1113071
vn -0.8731731 0.4654183 0.1447570
vn -0.0037406 0.9671773 0.2540750
vn 0.8714729 0.4791335 0.1047193
vn 0.8596915 -0.4865790 -0.1554715
vn -0.0017010 -0.9648111 -0.2629384
vn -0.0000000 -0.8660254 -0.5000000
vn -0.8580278 -0.4559820 -0.2363657
vn -0.8741271 0.4100316 0.2603382
vn 0.0000000 0.8660254 0.5000000
vn 0.8741271 0.4304753 0.2249286
vn 0.8580278 -0.4326897 -0.2767091
vn -0.0000000 -0.8660254 -0.5000000
vn -0.0000000 -0.7071068 -0.7071068
vn -0.8580278 -0.3792688 -0.3463286
vn -0.8741271 0.3286796 0.3575914
vn -0.0000000 0.7071068 0.7071068
vn 0.8741271 0.3575914 0.3286796
vn 0.8580278 -0.3463286 -0.3792688
vn -0.0000000 -0.7071068 -0.7071068
vn 0.0000000 -0.5000000 -0.8660254
vn -0.8580278 -0.2767091 -0.4326897
vn -0.8741271 0.2249286 0.4304753
vn -0.0000000 0.5000000 0.8660254
vn 0.8741271 0.2603382 0.4100316
vn 0.8580278 -0.2363657 -0.4559820
vn 0.0000000 -0.5000000 -0.8660254
vn 0.0000000 -0.2588190 -0.9659258
vn -0.8580278 -0.1552921 -0.4895637
vn -0.8741271 0.1058492 0.4740230
vn -0.0000000 0.2588190 0.9659258
vn 0.8741271 0.1453434 0.4634405
vn 0.8580278 -0.1102949 -0.5016207
vn 0.0000000 -0.2588190 -0.9659258
vn 0.0000000 0.0000000 -1.0000000
vn -0.8580278 -0.0232923 -0.5130748
vn -0.8741271 -0.0204437 0.4852668
vn -0.0000000 0.0000000 1.0000000
vn 0.8741271 0.0204437 0.4852668
vn 0.8580278 0.0232923 -0.5130748
vn 0.0000000 0.0000000 -1.0000000
vn -0.0000000 0.2588190 -0.9659258
vn -0.8580278 0.1102949 -0.5016207
vn -0.8741271 -0.1453434 0.4634405
vn 0.0000000 -0.2588190 0.9659258
vn 0.8741271 -0.1058492 0.4740230
vn 0.8580278 0.1552921 -0.4895637
vn -0.0000000 0.2588190 -0.9659258
vn -0.0000000 0.5000000 -0.8660254
vn -0.8580278 0.2363657 -0.4559820
vn -0.8741271 -0.2603382 0.4100316
vn -0.0000000 -0.5000000 0.8660254
vn 0.8741271 -0.2249286 0.4304753
vn 0.8580278 0.2767091 -0.4326897
vn -0.0000000 0.5000000 -0.8660254
vn 0.0000000 0.7071068 -0.7071068
vn -0.8580278 0.3463286 -0.3792688
vn -0.8741271 -0.3575914 0.3286796
vn -0.0000000 -0.7071068 0.7071068
vn 0.8741271 -0.3286796 0.3575914
vn 0.8580278 0.3792688 -0.3463286
vn 0.0000000 0.7071068 -0.7071068
vn 0.0000000 0.8660254 -0.5000000
vn -0.8580278 0.4326897 -0.2767091
vn -0.8741271 -0.4304753 0.2249286
vn -0.0000000 -0.8660254 0.5000000
vn 0.8741271 -0.4100316 0.2603382
vn 0.8580278 0.4559820 -0.2363657
vn 0.0000000 0.8660254 -0.5000000
vn -0.0000000 0.9659258 -0.2588190
vn -0.8580278 0.4895637 -0.1552921
vn -0.8741271 -0.4740230 0.1058492
vn 0.0000000 -0.9659258 0.2588190
vn 0.8741271 -0.4634405 0.1453434
vn 0.8580278 0.5016207 -0.1102949
vn -0.0000000 0.9659258 -0.2588190
vn 0.0000000 1.0000000 0.0000000
vn -0.8580278 0.5130748 -0.0232923
vn -0.8741271 -0.4852668 -0.0204437
vn -0.0000000 -1.0000000 0.0000000
vn 0.8741271 -0.4852668 0.0204437
vn 0.8580278 0.5130748 0.0232923
vn 0.0000000 1.0000000 0.0000000
vn 0.0000000 0.9659258 0.2588190
vn -0.8580278 0.5016207 0.1102949
vn -0.8741271 -0.4634405 -0.1453434
vn -0.0000000 -0.9659258 -0.2588190
vn 0.8741271 -0.4740230 -0.1058492
vn 0.8580278 0.4895637 0.1552921
vn 0.0000000 0.9659258 0.2588190
vn -0.0000000 0.8660254 0.5000000
vn -0.8580278 0.4559820 0.2363657
vn -0.8741271 -0.4100316 -0.2603382
vn -0.0000000 -0.8660254 -0.5000000
vn 0.8741271 -0.4304753 -0.2249286
vn 0.8580278 0.4326897 0.2767091
vn -0.0000000 0.8660254 0.5000000
vn -0.0000000 0.7071068 0.7071068
vn -0.8580278 0.3792688 0.3463286
vn -0.8741271 -0.3286796 -0.3575914
vn 0.0000000 -0.7071068 -0.7071068
vn 0.8741271 -0.3575914 -0.3286796
vn 0.8580278 0.3463286 0.3792688
vn -0.0000000 0.7071068 0.7071068
vn 0.0000000 0.5000000 0.8660254
vn -0.8580278 0.2767091 0.4326897
vn -0.8741271 -0.2249286 -0.4304753
vn 0.0000000 -0.5000000 -0.8660254
vn 0.8741271 -0.2603382 -0.4100316
vn 0.8580278 0.2363657 0.4559820
vn 0.0000000 0.5000000 0.8660254
vn 0.0000000 0.2588190 0.9659258
vn -0.8580278 0.1552921 0.4895637
vn -0.8741271 -0.1058492 -0.4740230
vn -0.0000000 -0.2588190 -0.9659258
vn 0.8741271 -0.1453434 -0.4634405
vn 0.8580278 0.1102949 0.5016207
vn 0.0000000 0.2588190 0.9659258
vn -0.0000000 -0.0000000 1.0000000
vn -0.8580278 0.0232923 0.5130748
vn -0.8741271 0.0204437 -0.4852668
vn 0.0000000 -0.0000000 -1.0000000
vn 0.8741271 -0.0204437 -0.4852668
vn 0.8580278 -0.0232923 0.5130748
vn -0.0000000 -0.0000000 1.0000000
vn -0.0000000 -0.2588190 0.9659258
vn -0.8580278 -0.1102949 0.5016207
vn -0.8741271 0.1453434 -0.4634405
vn 0.0000000 0.2588190 -0.9659258
vn 0.8741271 0.1058492 -0.4740230
vn 0.8580278 -0.1552921 0.4895637
vn -0.0000000 -0.2588190 0.9659258
vn -0.0000000 -0.5000000 0.8660254
vn -0.8580278 -0.2363657 0.4559820
vn -0.8741271 0.2603382 -0.4100316
vn -0.0000000 0.5000000 -0.8660254
vn 0.8741271 0.2249286 -0.4304753
vn 0.8580278 -0.2767091 0.4326897
vn -0.0000000 -0.5000000 0.8660254
vn 0.0000000 -0.7071068 0.7071068
vn -0.8580278 -0.3463286 0.3792688
vn -0.8741271 0.3575914 -0.3286796
vn -0.0000000 0.7071068 -0.7071068
vn 0.8741271 0.3286796 -0.3575914
vn 0.8580278 -0.3792688 0.3463286
vn 0.0000000 -0.7071068 0.7071068
vn 0.0000000 -0.8660254 0.5000000
vn -0.8580278 -0.4326897 0.2767091
vn -0.8741271 0.4304753 -0.2249286
vn -0.0000000 0.8660254 -0.5000000
vn 0.8741271 0.4100316 -0.2603382
vn 0.8580278 -0.4559820 0.2363657
vn 0.0000000 -0.8660254 0.5000000
vn 0.0017010 -0.9648111 0.2629384
vn -0.8596915 -0.4865790 0.1554715
vn -0.8714729 0.4791335 -0.1047193
vn 0.0037406 0.9671773 -0.2540750
vn 0.8731731 0.4654183 -0.1447570
vn 0.8607741 -0.4966676 0.1113071
vn 0.0017010 -0.9648111 0.2629384
vn 0.1781696 -0.9755399 -0.1287536
vn -0.7275753 -0.6638868 -0.1728826
vn -0.9114855 0.2717827 -0.3087530
vn -0.1833838 0.8987391 -0.3982944
vn 0.7279461 0.5857775 -0.3563134
vn 0.9081770 -0.3546987 -0.2222688
vn 0.1781696 -0.9755399 -0.1287536
vn -0.0000000 -1.0000000 0.0000000
vn -0.0000000 -1.0000000 0.0000000
f 316/316/316 317/317/317 324/324/324
f 316/316/316 324/324/324 323/323/323
f 317/317/317 318/318/318 325/325/325
f 317/317/317 325/325/325 324/324/324
f 318/318/318 319/319/319 326/326/326
f 318/318/318 326/326/326 325/325/325
f 319/319/319 320/320/320 327/327/327
f 319/319/319 327/327/327 326/326/326
f 320/320/320 321/321/321 328/328/328
f 320/320/320 328/328/328 327/327/327
f 321/321/321 322/322/322 329/329/329
f 321/321/321 329/329/329 328/328/328
f 323/323/323 324/324/324 331/331/331
f 323/323/323 331/331/331 330/330/330
f 324/324/324 325/325/325 332/332/332
f 324/324/324 332/332/332 331/331/331
f 325/325/325 326/326/326 333/333/333
f 325/325/325 333/333/333 332/332/332
f 326/326/326 327/327/327 334/334/334
f 326/326/326 334/334/334 333/333/333
f 327/327/327 328/328/328 335/335/335
f 327/327/327 335/335/335 334/334/334
f 328/328/328 329/329/329 336/336/336
f 328/328/328 336/336/336 335/335/335
f 330/330/330 331/331/331 338/338/338
f 330/330/330 338/338/338 337/337/337
f 331/331/331 332/332/332 339/339/339
f 331/331/331 339/339/339 338/338/338
f 332/332/332 333/333/333 340/340/340
f 332/332/332 340/340/340 339/339/339
f 333/333/333 334/334/334 341/341/341
f 333/333/333 341/341/341 340/340/340
f 334/334/334 335/335/335 342/342/342
f 334/334/334 342/342/342 341/341/341
f 335/335/335 336/336/336 343/343/343
f 335/335/335 343/343/343 342/342/342
f 337/337/337 338/338/338 345/345/345
f 337/337/337 345/345/345 344/344/344
f 338/338/338 339/339/339 346/346/346
f 338/338/338 346/346/346 345/345/345
f 339/339/339 340/340/340 347/347/347
f 339/339/339 347/347/347 346/346/346
f 340/340/340 341/341/341 348/348/348
f 340/340/340 348/348/348 347/347/347
f 341/341/341 342/342/342 349/349/349
f 341/341/341 349/349/349 348/348/348
f 342/342/342 343/343/343 350/350/350
f 342/342/342 350/350/350 349/349/349
f 344/344/344 345/345/345 352/352/352
f 344/344/344 352/352/352 351/351/351
f 345/345/345 346/346/346 353/353/353
f 345/345/345 353/353/353 352/352/352
f 346/346/346 347/347/347 354/354/354
f 346/346/346 354/354/354 353/353/353
f 347/347/347 348/348/348 355/355/355
f 347/347/347 355/355/355 354/354/354
f 348/348/348 349/349/349 356/356/356
f 348/348/348 356/356/356 355/355/355
f 349/349/349 350/350/350 357/357/357
f 349/349/349 357/357/357 356/356/356
f 351/351/351 352/352/352 359/359/359
f 351/351/351 359/359/359 358/358/358
f 352/352/352 353/353/353 360/360/360
f 352/352/352 360/360/360 359/359/359
f 353/353/353 354/354/354 361/361/361
f 353/353/353 361/361/361 360/360/360
f 354/354/354 355/355/355 362/362/362
f 354/354/354 362/362/362 361/361/361
f 355/355/355 356/356/356 363/363/363
f 355/355/355 363/363/363 362/362/362
f 356/356/356 357/357/357 364/364/364
f 356/356/356 364/364/364 363/363/363
f 358/358/358 359/359/359 366/366/366
f 358/358/358 366/366/366 365/365/365
f 359/359/359 360/360/360 367/367/367
f 359/359/359 367/367/367 366/366/366
f 360/360/360 361/361/361 368/368/368
f 360/360/360 368/368/368 367/367/367
f 361/361/361 362/362/362 369/369/369
f 361/361/361 369/369/369 368/368/368
f 362/362/362 363/363/363 370/370/370
f 362/362/362 370/370/370 369/369/369
f 363/363/363 364/364/364 371/371/371
f 363/363/363 371/371/371 370/370/370
f 365/365/365 366/366/366 373/373/373
f 365/365/365 373/373/373 372/372/372
f 366/366/366 367/367/367 374/374/374
f 366/366/366 374/374/374 373/373/373
f 367/367/367 368/368/368 375/375/375
f 367/367/367 375/375/375 374/374/374
f 368/368/368 369/369/369 376/376/376
f 368/368/368 376/376/376 375/375/375
f 369/369/369 370/370/370 377/377/377
f 369/369/369 377/377/377 376/376/376
f 370/370/370 371/371/371 378/378/378
f 370/370/370 378/378/378 377/377/377
f 372/372/372 373/373/373 380/380/380
f 372/372/372 380/380/380 379/379/379
f 373/373/373 374/374/374 381/381/381
f 373/373/373 381/381/381 380/380/380
f 374/374/374 375/375/375 382/382/382
f 374/374/374 382/382/382 381/381/381
f 375/375/375 376/376/376 383/383/383
f 375/375/375 383/383/383 382/382/382
f 376/376/376 377/377/377 384/384/384
f 376/376/376 384/384/384 383/383/383
f 377/377/377 378/378/378 385/385/385
f 377/377/377 385/385/385 384/384/384
f 379/379/379 380/380/380 387/387/387
f 379/379/379 387/387/387 386/386/386
f 380/380/380 381/381/381 388/388/388
f 380/380/380 388/388/388 387/387/387
f 381/381/381 382/382/382 389/389/389
f 381/381/381 389/389/389 388/388/388
f 382/382/382 383/383/383 390/390/390
f 382/382/382 390/390/390 389/389/389
f 383/383/383 384/384/384 391/391/391
f 383/383/383 391/391/391 390/390/390
f 384/384/384 385/385/385 392/392/392
f 384/384/384 392/392/392 391/391/391
f 386/386/386 387/387/387 394/394/394
f 386/386/386 394/394/394 393/393/393
f 387/387/387 388/388/388 395/395/395
f 387/387/387 395/395/395 394/394/394
f 388/388/388 389/389/389 396/396/396
f 388/388/388 396/396/396 395/395/395
f 389/389/389 390/390/390 397/397/397
f 389/389/389 397/397/397 396/396/396
f 390/390/390 391/391/391 398/398/398
f 390/390/390 398/398/398 397/397/397
f 391/391/391 392/392/392 399/399/399
f 391/391/391 399/399/399 398/398/398
f 393/393/393 394/394/394 401/401/401
f 393/393/393 401/401/401 400/400/400
f 394/394/394 395/395/395 402/402/402
f 394/394/394 402/402/402 401/401/401
f 395/395/395 396/396/396 403/403/403
f 395/395/395 403/403/403 402/402/402
f 396/396/396 397/397/397 404/404/404
f 396/396/396 404/404/404 403/403/403
f 397/397/397 398/398/398 405/405/405
f 397/397/397 405/405/405 404/404/404
f 398/398/398 399/399/399 406/406/406
f 398/398/398 406/406/406 405/405/405
f 400/400/400 401/401/401 408/408/408
f 400/400/400 408/408/408 407/407/407
f 401/401/401 402/402/402 409/409/409
f 401/401/401 409/409/409 408/408/408
f 402/402/402 403/403/403 410/410/410
f 402/402/402 410/410/410 409/409/409
f 403/403/403 404/404/404 411/411/411
f 403/403/403 411/411/411 410/410/410
f 404/404/404 405/405/405 412/412/412
f 404/404/404 412/412/412 411/411/411
f 405/405/405 406/406/406 413/413/413
f 405/405/405 413/413/413 412/412/412
f 407/407/407 408/408/408 415/415/415
f 407/407/407 415/415/415 414/414/414
f 408/408/408 409/409/409 416/416/416
f 408/408/408 416/416/416 415/415/415
f 409/409/409 410/410/410 417/417/417
f 409/409/409 417/417/417 416/416/416
f 410/410/410 411/411/411 418/418/418
f 410/410/410 418/418/418 417/417/417
f 411/411/411 412/412/412 419/419/419
f 411/411/411 419/419/419 418/418/418
f 412/412/412 413/413/413 420/420/420
f 412/412/412 420/420/420 419/419/419
f 414/414/414 415/415/415 422/422/422
f 414/414/414 422/422/422 421/421/421
f 415/415/415 416/416/416 423/423/423
f 415/415/415 423/423/423 422/422/422
f 416/416/416 417/417/417 424/424/424
f 416/416/416 424/424/424 423/423/423
f 417/417/417 418/418/418 425/425/425
f 417/417/417 425/425/425 424/424/424
f 418/418/418 419/419/419 426/426/426
f 418/418/418 426/426/426 425/425/425
f 419/419/419 420/420/420 427/427/427
f 419/419/419 427/427/427 426/426/426
f 421/421/421 422/422/422 429/429/429
f 421/421/421 429/429/429 428/428/428
f 422/422/422 423/423/423 430/430/430
f 422/422/422 430/430/430 429/429/429
f 423/423/423 424/424/424 431/431/431
f 423/423/423 431/431/431 430/430/430
f 424/424/424 425/425/425 432/432/432
f 424/424/424 432/432/432 431/431/431
f 425/425/425 426/426/426 433/433/433
f 425/425/425 433/433/433 432/432/432
f 426/426/426 427/427/427 434/434/434
f 426/426/426 434/434/434 433/433/433
f 428/428/428 429/429/429 436/436/436
f 428/428/428 436/436/436 435/435/435
f 429/429/429 430/430/430 437/437/437
f 429/429/429 437/437/437 436/436/436
f 430/430/430 431/431/431 438/438/438
f 430/430/430 438/438/438 437/437/437
f 431/431/431 432/432/432 439/439/439
f 431/431/431 439/439/439 438/438/438
f 432/432/432 433/433/433 440/440/440
f 432/432/432 440/440/440 439/439/439
f 433/433/433 434/434/434 441/441/441
f 433/433/433 441/441/441 440/440/440
f 435/435/435 436/436/436 443/443/443
f 435/435/435 443/443/443 442/442/442
f 436/436/436 437/437/437 444/444/444
f 436/436/436 444/444/444 443/443/443
f 437/437/437 438/438/438 445/445/445
f 437/437/437 445/445/445 444/444/444
f 438/438/438 439/439/439 446/446/446
f 438/438/438 446/446/446 445/445/445
f 439/439/439 440/440/440 447/447/447
f 439/439/439 447/447/447 446/446/446
f 440/440/440 441/441/441 448/448/448
f 440/440/440 448/448/448 447/447/447
f 442/442/442 443/443/443 450/450/450
f 442/442/442 450/450/450 449/449/449
f 443/443/443 444/444/444 451/451/451
f 443/443/443 451/451/451 450/450/450
f 444/444/444 445/445/445 452/452/452
f 444/444/444 452/452/452 451/451/451
f 445/445/445 446/446/446 453/453/453
f 445/445/445 453/453/453 452/452/452
f 446/446/446 447/447/447 454/454/454
f 446/446/446 454/454/454 453/453/453
f 447/447/447 448/448/448 455/455/455
f 447/447/447 455/455/455 454/454/454
f 449/449/449 450/450/450 457/457/457
f 449/449/449 457/457/457 456/456/456
f 450/450/450 451/451/451 458/458/458
f 450/450/450 458/458/458 457/457/457
f 451/451/451 452/452/452 459/459/459
f 451/451/451 459/459/459 458/458/458
f 452/452/452 453/453/453 460/460/460
f 452/452/452 460/460/460 459/459/459
f 453/453/453 454/454/454 461/461/461
f 453/453/453 461/461/461 460/460/460
f 454/454/454 455/455/455 462/462/462
f 454/454/454 462/462/462 461/461/461
f 456/456/456 457/457/457 464/464/464
f 456/456/456 464/464/464 463/463/463
f 457/457/457 458/458/458 465/465/465
f 457/457/457 465/465/465 464/464/464
f 458/458/458 459/459/459 466/466/466
f 458/458/458 466/466/466 465/465/465
f 459/459/459 460/460/460 467/467/467
f 459/459/459 467/467/467 466/466/466
f 460/460/460 461/461/461 468/468/468
f 460/460/460 468/468/468 467/467/467
f 461/461/461 462/462/462 469/469/469
f 461/461/461 469/469/469 468/468/468
f 463/463/463 464/464/464 471/471/471
f 463/463/463 471/471/471 470/470/470
f 464/464/464 465/465/465 472/472/472
f 464/464/464 472/472/472 471/471/471
f 465/465/465 466/466/466 473/473/473
f 465/465/465 473/473/473 472/472/472
f 466/466/466 467/467/467 474/474/474
f 466/466/466 474/474/474 473/473/473
f 467/467/467 468/468/468 475/475/475
f 467/467/467 475/475/475 474/474/474
f 468/468/468 469/469/469 476/476/476
f 468/468/468 476/476/476 475/475/475
f 470/470/470 471/471/471 478/478/478
f 470/470/470 478/478/478 477/477/477
f 471/471/471 472/472/472 479/479/479
f 471/471/471 479/479/479 478/478/478
f 472/472/472 473/473/473 480/480/480
f 472/472/472 480/480/480 479/479/479
f 473/473/473 474/474/474 481/481/481
f 473/473/473 481/481/481 480/480/480
f 474/474/474 475/475/475 482/482/482
f 474/474/474 482/482/482 481/481/481
f 475/475/475 476/476/476 483/483/483
f 475/475/475 483/483/483 482/482/482
f 477/477/477 478/478/478 485/485/485
f 477/477/477 485/485/485 484/484/484
f 478/478/478 479/479/479 486/486/486
f 478/478/478 486/486/486 485/485/485
f 479/479/479 480/480/480 487/487/487
f 479/479/479 487/487/487 486/486/486
f 480/480/480 481/481/481 488/488/488
f 480/480/480 488/488/488 487/487/487
f 481/481/481 482/482/482 489/489/489
f 481/481/481 489/489/489 488/488/488
f 482/482/482 483/483/483 490/490/490
f 482/482/482 490/490/490 489/489/489
f 491/491/491 317/317/317 316/316/316
f 491/491/491 318/318/318 317/317/317
f 491/491/491 319/319/319 318/318/318
f 491/491/491 320/320/320 319/319/319
f 491/491/491 321/321/321 320/320/320
f 491/491/491 322/322/322 321/321/321
f 492/492/492 484/484/484 485/485/485
f 492/492/492 485/485/485 486/486/486
f 492/492/492 486/486/486 487/487/487
f 492/492/492 487/487/487 488/488/488
f 492/492/492 488/488/488 489/489/489
f 492/492/492 489/489/489 490/490/490
o Pole_grip_binding
v -10.000000 0.154018 -0.010442
v -10.069282 0.193676 -0.005221
v -10.069282 0.272991 0.005221
v -10.000000 0.312649 0.010442
v -9.930718 0.272991 0.005221
v -9.930718 0.193676 -0.005221
v -10.000000 0.154018 -0.010442
v -10.000000 0.180593 -0.207055
v -10.069282 0.219230 -0.196702
v -10.069282 0.296504 -0.175997
v -10.000000 0.335141 -0.165644
v -9.930718 0.296504 -0.175997
v -9.930718 0.219230 -0.196702
v -10.000000 0.180593 -0.207055
v -10.000000 0.260513 -0.400000
v -10.069282 0.295154 -0.380000
v -10.069282 0.364436 -0.340000
v -10.000000 0.399077 -0.320000
v -9.930718 0.364436 -0.340000
v -9.930718 0.295154 -0.380000
v -10.000000 0.260513 -0.400000
v -10.000000 0.387648 -0.565685
v -10.069282 0.415932 -0.537401
v -10.069282 0.472501 -0.480833
v -10.000000 0.500785 -0.452548
v -9.930718 0.472501 -0.480833
v -9.930718 0.415932 -0.537401
v -10.000000 0.387648 -0.565685
v -10.000000 0.553333 -0.692820
v -10.069282 0.573333 -0.658179
v -10.069282 0.613333 -0.588897
v -10.000000 0.633333 -0.554256
v -9.930718 0.613333 -0.588897
v -9.930718 0.573333 -0.658179
v -10.000000 0.553333 -0.692820
v -10.000000 0.746278 -0.772741
v -10.069282 0.756631 -0.734104
v -10.069282 0.777336 -0.656830
v -10.000000 0.787689 -0.618193
v -9.930718 0.777336 -0.656830
v -9.930718 0.756631 -0.734104
v -10.000000 0.746278 -0.772741
v -10.000000 0.953333 -0.800000
v -10.069282 0.953333 -0.760000
v -10.069282 0.953333 -0.680000
v -10.000000 0.953333 -0.640000
v -9.930718 0.953333 -0.680000
v -9.930718 0.953333 -0.760000
v -10.000000 0.953333 -0.800000
v -10.000000 1.160389 -0.772741
v -10.069282 1.150036 -0.734104
v -10.069282 1.129330 -0.656830
v -10.000000 1.118978 -0.618193
v -9.930718 1.129330 -0.656830
v -9.930718 1.150036 -0.734104
v -10.000000 1.160389 -0.772741
v -10.000000 1.353333 -0.692820
v -10.069282 1.333333 -0.658179
v -10.069282 1.293333 -0.588897
v -10.000000 1.273333 -0.554256
v -9.930718 1.293333 -0.588897
v -9.930718 1.333333 -0.658179
v -10.000000 1.353333 -0.692820
v -10.000000 1.519019 -0.565685
v -10.069282 1.490734 -0.537401
v -10.069282 1.434166 -0.480833
v -10.000000 1.405882 -0.452548
v -9.930718 1.434166 -0.480833
v -9.930718 1.490734 -0.537401
v -10.000000 1.519019 -0.565685
v -10.000000 1.646154 -0.400000
v -10.069282 1.611513 -0.380000
v -10.069282 1.542231 -0.340000
v -10.000000 1.507590 -0.320000
v -9.930718 1.542231 -0.340000
v -9.930718 1.611513 -0.380000
v -10.000000 1.646154 -0.400000
v -10.000000 1.726074 -0.207055
v -10.069282 1.687437 -0.196702
v -10.069282 1.610163 -0.175997
v -10.000000 1.571526 -0.165644
v -9.930718 1.610163 -0.175997
v -9.930718 1.687437 -0.196702
v -10.000000 1.726074 -0.207055
v -10.000000 1.753333 -0.000000
v -10.069282 1.713333 -0.000000
v -10.069282 1.633333 -0.000000
v -10.000000 1.593333 -0.000000
v -9.930718 1.633333 -0.000000
v -9.930718 1.713333 -0.000000
v -10.000000 1.753333 -0.000000
v -10.000000 1.726074 0.207055
v -10.069282 1.687437 0.196702
v -10.069282 1.610163 0.175997
v -10.000000 1.571526 0.165644
v -9.930718 1.610163 0.175997
v -9.930718 1.687437 0.196702
v -10.000000 1.726074 0.207055
v -10.000000 1.646154 0.400000
v -10.069282 1.611513 0.380000
v -10.069282 1.542231 0.340000
v -10.000000 1.507590 0.320000
v -9.930718 1.542231 0.340000
v -9.930718 1.611513 0.380000
v -10.000000 1.646154 0.400000
v -10.000000 1.519019 0.565685
v -10.069282 1.490734 0.537401
v -10.069282 1.434166 0.480833
v -10.000000 1.405882 0.452548
v -9.930718 1.434166 0.480833
v -9.930718 1.490734 0.537401
v -10.000000 1.519019 0.565685
v -10.000000 1.353333 0.692820
v -10.069282 1.333333 0.658179
v -10.069282 1.293333 0.588897
v -10.000000 1.273333 0.554256
v -9.930718 1.293333 0.588897
v -9.930718 1.333333 0.658179
v -10.000000 1.353333 0.692820
v -10.000000 1.160389 0.772741
v -10.069282 1.150036 0.734104
v -10.069282 1.129330 0.656830
v -10.000000 1.118978 0.618193
v -9.930718 1.129330 0.656830
v -9.930718 1.150036 0.734104
v -10.000000 1.160389 0.772741
v -10.000000 0.953333 0.800000
v -10.069282 0.953333 0.760000
v -10.069282 0.953333 0.680000
v -10.000000 0.953333 0.640000
v -9.930718 0.953333 0.680000
v -9.930718 0.953333 0.760000
v -10.000000 0.953333 0.800000
v -10.000000 0.746278 0.772741
v -10.069282 0.756631 0.734104
v -10.069282 0.777336 0.656830
v -10.000000 0.787689 0.618193
v -9.930718 0.777336 0.656830
v -9.930718 0.756631 0.734104
v -10.000000 0.746278 0.772741
v -10.000000 0.553333 0.692820
v -10.069282 0.573333 0.658179
v -10.069282 0.613333 0.588897
v -10.000000 0.633333 0.554256
v -9.930718 0.613333 0.588897
v -9.930718 0.573333 0.658179
v -10.000000 0.553333 0.692820
v -10.000000 0.387648 0.565685
v -10.069282 0.415932 0.537401
v -10.069282 0.472501 0.480833
v -10.000000 0.500785 0.452548
v -9.930718 0.472501 0.480833
v -9.930718 0.415932 0.537401
v -10.000000 0.387648 0.565685
v -10.000000 0.260513 0.400000
v -10.069282 0.295154 0.380000
v -10.069282 0.364436 0.340000
v -10.000000 0.399077 0.320000
v -9.930718 0.364436 0.340000
v -9.930718 0.295154 0.380000
v -10.000000 0.260513 0.400000
v -10.000000 0.180593 0.207055
v -10.069282 0.219230 0.196702
v -10.069282 0.296504 0.175997
v -10.000000 0.335141 0.165644
v -9.930718 0.296504 0.175997
v -9.930718 0.219230 0.196702
v -10.000000 0.180593 0.207055
v -10.000000 0.154018 0.010442
v -10.069282 0.193676 0.005221
v -10.069282 0.272991 -0.005221
v -10.000000 0.312649 -0.010442
v -9.930718 0.272991 -0.005221
v -9.930718 0.193676 0.005221
v -10.000000 0.154018 0.010442
v -10.000000 0.233333 -0.000000
v -10.000000 0.233333 0.000000
vt 0.0087500 0.7412500
vt 0.0475000 0.7412500
vt 0.0862500 0.7412500
vt 0.1250000 0.7412500
vt 0.1637500 0.7412500
vt 0.2025000 0.7412500
vt 0.2412500 0.7412500
vt 0.0087500 0.7315625
vt 0.0475000 0.7315625
vt 0.0862500 0.7315625
vt 0.1250000 0.7315625
vt 0.1637500 0.7315625
vt 0.2025000 0.7315625
vt 0.2412500 0.7315625
vt 0.0087500 0.7218750
vt 0.0475000 0.7218750
vt 0.0862500 0.7218750
vt 0.1250000 0.7218750
vt 0.1637500 0.7218750
vt 0.2025000 0.7218750
vt 0.2412500 0.7218750
vt 0.0087500 0.7121875
vt 0.0475000 0.7121875
vt 0.0862500 0.7121875
vt 0.1250000 0.7121875
vt 0.1637500 0.7121875
vt 0.2025000 0.7121875
vt 0.2412500 0.7121875
vt 0.0087500 0.7025000
vt 0.0475000 0.7025000
vt 0.0862500 0.7025000
vt 0.1250000 0.7025000
vt 0.1637500 0.7025000
vt 0.2025000 0.7025000
vt 0.2412500 0.7025000
vt 0.0087500 0.6928125
vt 0.0475000 0.6928125
vt 0.0862500 0.6928125
vt 0.1250000 0.6928125
vt 0.1637500 0.6928125
vt 0.2025000 0.6928125
vt 0.2412500 0.6928125
vt 0.0087500 0.6831250
vt 0.0475000 0.6831250
vt 0.0862500 0.6831250
vt 0.1250000 0.6831250
vt 0.1637500 0.6831250
vt 0.2025000 0.6831250
vt 0.2412500 0.6831250
vt 0.0087500 0.6734375
vt 0.0475000 0.6734375
vt 0.0862500 0.6734375
vt 0.1250000 0.6734375
vt 0.1637500 0.6734375
vt 0.2025000 0.6734375
vt 0.2412500 0.6734375
vt 0.0087500 0.6637500
vt 0.0475000 0.6637500
vt 0.0862500 0.6637500
vt 0.1250000 0.6637500
vt 0.1637500 0.6637500
vt 0.2025000 0.6637500
vt 0.2412500 0.6637500
vt 0.0087500 0.6540625
vt 0.0475000 0.6540625
vt 0.0862500 0.6540625
vt 0.1250000 0.6540625
vt 0.1637500 0.6540625
vt 0.2025000 0.6540625
vt 0.2412500 0.6540625
vt 0.0087500 0.6443750
vt 0.0475000 0.6443750
vt 0.0862500 0.6443750
vt 0.1250000 0.6443750
vt 0.1637500 0.6443750
vt 0.2025000 0.6443750
vt 0.2412500 0.6443750
vt 0.0087500 0.6346875
vt 0.0475000 0.6346875
vt 0.0862500 0.6346875
vt 0.1250000 0.6346875
vt 0.1637500 0.6346875
vt 0.2025000 0.6346875
vt 0.2412500 0.6346875
vt 0.0087500 0.6250000
vt 0.0475000 0.6250000
vt 0.0862500 0.6250000
vt 0.1250000 0.6250000
vt 0.1637500 0.6250000
vt 0.2025000 0.6250000
vt 0.2412500 0.6250000
vt 0.0087500 0.6153125
vt 0.0475000 0.6153125
vt 0.0862500 0.6153125
vt 0.1250000 0.6153125
vt 0.1637500 0.6153125
vt 0.2025000 0.6153125
vt 0.2412500 0.6153125
vt 0.0087500 0.6056250
vt 0.0475000 0.6056250
vt 0.0862500 0.6056250
vt 0.1250000 0.6056250
vt 0.1637500 0.6056250
vt 0.2025000 0.6056250
vt 0.2412500 0.6056250
vt 0.0087500 0.5959375
vt 0.0475000 0.5959375
vt 0.0862500 0.5959375
vt 0.1250000 0.5959375
vt 0.1637500 0.5959375
vt 0.2025000 0.5959375
vt 0.2412500 0.5959375
vt 0.0087500 0.5862500
vt 0.0475000 0.5862500
vt 0.0862500 0.5862500
vt 0.1250000 0.5862500
vt 0.1637500 0.5862500
vt 0.2025000 0.5862500
vt 0.2412500 0.5862500
vt 0.0087500 0.5765625
vt 0.0475000 0.5765625
vt 0.0862500 0.5765625
vt 0.1250000 0.5765625
vt 0.1637500 0.5765625
vt 0.2025000 0.5765625
vt 0.2412500 0.5765625
vt 0.0087500 0.5668750
vt 0.0475000 0.5668750
vt 0.0862500 0.5668750
vt 0.1250000 0.5668750
vt 0.1637500 0.5668750
vt 0.2025000 0.5668750
vt 0.2412500 0.5668750
vt 0.0087500 0.5571875
vt 0.0475000 0.5571875
vt 0.0862500 0.5571875
vt 0.1250000 0.5571875
vt 0.1637500 0.5571875
vt 0.2025000 0.5571875
vt 0.2412500 0.5571875
vt 0.0087500 0.5475000
vt 0.0475000 0.5475000
vt 0.0862500 0.5475000
vt 0.1250000 0.5475000
vt 0.1637500 0.5475000
vt 0.2025000 0.5475000
vt 0.2412500 0.5475000
vt 0.0087500 0.5378125
vt 0.0475000 0.5378125
vt 0.0862500 0.5378125
vt 0.1250000 0.5378125
vt 0.1637500 0.5378125
vt 0.2025000 0.5378125
vt 0.2412500 0.5378125
vt 0.0087500 0.5281250
vt 0.0475000 0.5281250
vt 0.0862500 0.5281250
vt 0.1250000 0.5281250
vt 0.1637500 0.5281250
vt 0.2025000 0.5281250
vt 0.2412500 0.5281250
vt 0.0087500 0.5184375
vt 0.0475000 0.5184375
vt 0.0862500 0.5184375
vt 0.1250000 0.5184375
vt 0.1637500 0.5184375
vt 0.2025000 0.5184375
vt 0.2412500 0.5184375
vt 0.0087500 0.5087500
vt 0.0475000 0.5087500
vt 0.0862500 0.5087500
vt 0.1250000 0.5087500
vt 0.1637500 0.5087500
vt 0.2025000 0.5087500
vt 0.2412500 0.5087500
vt 0.1250000 0.6250000
vt 0.1250000 0.6250000
vn -0.1781696 -0.9755399 0.1287536
vn -0.9081770 -0.3546987 0.2222688
vn -0.7279461 0.5857775 0.3563134
vn 0.1833838 0.8987391 0.3982944
vn 0.9114855 0.2717827 0.3087530
vn 0.7275753 -0.6638868 0.1728826
vn -0.1781696 -0.9755399 0.1287536
vn -0.0017010 -0.9648111 -0.2629384
vn -0.8607741 -0.4966676 -0.1113071
vn -0.8731731 0.4654183 0.1447570
vn -0.0037406 0.9671773 0.2540750
vn 0.8714729 0.4791335 0.1047193
vn 0.8596915 -0.4865790 -0.1554715
vn -0.0017010 -0.9648111 -0.2629384
vn -0.0000000 -0.8660254 -0.5000000
vn -0.8580278 -0.4559820 -0.2363657
vn -0.8741271 0.4100316 0.2603382
vn -0.0000000 0.8660254 0.5000000
vn 0.8741271 0.4304753 0.2249286
vn 0.8580278 -0.4326897 -0.2767091
vn -0.0000000 -0.8660254 -0.5000000
vn 0.0000000 -0.7071068 -0.7071068
vn -0.8580278 -0.3792688 -0.3463286
vn -0.8741271 0.3286796 0.3575914
vn -0.0000000 0.7071068 0.7071068
vn 0.8741271 0.3575914 0.3286796
vn 0.8580278 -0.3463286 -0.3792688
vn 0.0000000 -0.7071068 -0.7071068
vn 0.0000000 -0.5000000 -0.8660254
vn -0.8580278 -0.2767091 -0.4326897
vn -0.8741271 0.2249286 0.4304753
vn -0.0000000 0.5000000 0.8660254
vn 0.8741271 0.2603382 0.4100316
vn 0.8580278 -0.2363657 -0.4559820
vn 0.0000000 -0.5000000 -0.8660254
vn 0.0000000 -0.2588190 -0.9659258
vn -0.8580278 -0.1552921 -0.4895637
vn -0.8741271 0.1058492 0.4740230
vn -0.0000000 0.2588190 0.9659258
vn 0.8741271 0.1453434 0.4634405
vn 0.8580278 -0.1102949 -0.5016207
vn 0.0000000 -0.2588190 -0.9659258
vn 0.0000000 -0.0000000 -1.0000000
vn -0.8580278 -0.0232923 -0.5130748
vn -0.8741271 -0.0204437 0.4852668
vn 0.0000000 0.0000000 1.0000000
vn 0.8741271 0.0204437 0.4852668
vn 0.8580278 0.0232923 -0.5130748
vn 0.0000000 -0.0000000 -1.0000000
vn -0.0000000 0.2588190 -0.9659258
vn -0.8580278 0.1102949 -0.5016207
vn -0.8741271 -0.1453434 0.4634405
vn -0.0000000 -0.2588190 0.9659258
vn 0.8741271 -0.1058492 0.4740230
vn 0.8580278 0.1552921 -0.4895637
vn -0.0000000 0.2588190 -0.9659258
vn -0.0000000 0.5000000 -0.8660254
vn -0.8580278 0.2363657 -0.4559820
vn -0.8741271 -0.2603382 0.4100316
vn -0.0000000 -0.5000000 0.8660254
vn 0.8741271 -0.2249286 0.4304753
vn 0.8580278 0.2767091 -0.4326897
vn -0.0000000 0.5000000 -0.8660254
vn -0.0000000 0.7071068 -0.7071068
vn -0.8580278 0.3463286 -0.3792688
vn -0.8741271 -0.3575914 0.3286796
vn -0.0000000 -0.7071068 0.7071068
vn 0.8741271 -0.3286796 0.3575914
vn 0.8580278 0.3792688 -0.3463286
vn -0.0000000 0.7071068 -0.7071068
vn 0.0000000 0.8660254 -0.5000000
vn -0.8580278 0.4326897 -0.2767091
vn -0.8741271 -0.4304753 0.2249286
vn -0.0000000 -0.8660254 0.5000000
vn 0.8741271 -0.4100316 0.2603382
vn 0.8580278 0.4559820 -0.2363657
vn 0.0000000 0.8660254 -0.5000000
vn 0.0000000 0.9659258 -0.2588190
vn -0.8580278 0.4895637 -0.1552921
vn -0.8741271 -0.4740230 0.1058492
vn 0.0000000 -0.9659258 0.2588190
vn 0.8741271 -0.4634405 0.1453434
vn 0.8580278 0.5016207 -0.1102949
vn 0.0000000 0.9659258 -0.2588190
vn 0.0000000 1.0000000 -0.0000000
vn -0.8580278 0.5130748 -0.0232923
vn -0.8741271 -0.4852668 -0.0204437
vn -0.0000000 -1.0000000 0.0000000
vn 0.8741271 -0.4852668 0.0204437
vn 0.8580278 0.5130748 0.0232923
vn 0.0000000 1.0000000 -0.0000000
vn -0.0000000 0.9659258 0.2588190
vn -0.8580278 0.5016207 0.1102949
vn -0.8741271 -0.4634405 -0.1453434
vn -0.0000000 -0.9659258 -0.2588190
vn 0.8741271 -0.4740230 -0.1058492
vn 0.8580278 0.4895637 0.1552921
vn -0.0000000 0.9659258 0.2588190
vn -0.0000000 0.8660254 0.5000000
vn -0.8580278 0.4559820 0.2363657
vn -0.8741271 -0.4100316 -0.2603382
vn -0.0000000 -0.8660254 -0.5000000
vn 0.8741271 -0.4304753 -0.2249286
vn 0.8580278 0.4326897 0.2767091
vn -0.0000000 0.8660254 0.5000000
vn 0.0000000 0.7071068 0.7071068
vn -0.8580278 0.3792688 0.3463286
vn -0.8741271 -0.3286796 -0.3575914
vn -0.0000000 -0.7071068 -0.7071068
vn 0.8741271 -0.3575914 -0.3286796
vn 0.8580278 0.3463286 0.3792688
vn 0.0000000 0.7071068 0.7071068
vn 0.0000000 0.5000000 0.8660254
vn -0.8580278 0.2767091 0.4326897
vn -0.8741271 -0.2249286 -0.4304753
vn -0.0000000 -0.5000000 -0.8660254
vn 0.8741271 -0.2603382 -0.4100316
vn 0.8580278 0.2363657 0.4559820
vn 0.0000000 0.5000000 0.8660254
vn 0.0000000 0.2588190 0.9659258
vn -0.8580278 0.1552921 0.4895637
vn -0.8741271 -0.1058492 -0.4740230
vn -0.0000000 -0.2588190 -0.9659258
vn 0.8741271 -0.1453434 -0.4634405
vn 0.8580278 0.1102949 0.5016207
vn 0.0000000 0.2588190 0.9659258
vn -0.0000000 0.0000000 1.0000000
vn -0.8580278 0.0232923 0.5130748
vn -0.8741271 0.0204437 -0.4852668
vn 0.0000000 -0.0000000 -1.0000000
vn 0.8741271 -0.0204437 -0.4852668
vn 0.8580278 -0.0232923 0.5130748
vn -0.0000000 0.0000000 1.0000000
vn -0.0000000 -0.2588190 0.9659258
vn -0.8580278 -0.1102949 0.5016207
vn -0.8741271 0.1453434 -0.4634405
vn 0.0000000 0.2588190 -0.9659258
vn 0.8741271 0.1058492 -0.4740230
vn 0.8580278 -0.1552921 0.4895637
vn -0.0000000 -0.2588190 0.9659258
vn 0.0000000 -0.5000000 0.8660254
vn -0.8580278 -0.2363657 0.4559820
vn -0.8741271 0.2603382 -0.4100316
vn -0.0000000 0.5000000 -0.8660254
vn 0.8741271 0.2249286 -0.4304753
vn 0.8580278 -0.2767091 0.4326897
vn 0.0000000 -0.5000000 0.8660254
vn 0.0000000 -0.7071068 0.7071068
vn -0.8580278 -0.3463286 0.3792688
vn -0.8741271 0.3575914 -0.3286796
vn -0.0000000 0.7071068 -0.7071068
vn 0.8741271 0.3286796 -0.3575914
vn 0.8580278 -0.3792688 0.3463286
vn 0.0000000 -0.7071068 0.7071068
vn 0.0000000 -0.8660254 0.5000000
vn -0.8580278 -0.4326897 0.2767091
vn -0.8741271 0.4304753 -0.2249286
vn -0.0000000 0.8660254 -0.5000000
vn 0.8741271 0.4100316 -0.2603382
vn 0.8580278 -0.4559820 0.2363657
vn 0.0000000 -0.8660254 0.5000000
vn 0.0017010 -0.9648111 0.2629384
vn -0.8596915 -0.4865790 0.1554715
vn -0.8714729 0.4791335 -0.1047193
vn 0.0037406 0.9671773 -0.2540750
vn 0.8731731 0.4654183 -0.1447570
vn 0.8607741 -0.4966676 0.1113071
vn 0.0017010 -0.9648111 0.2629384
vn 0.1781696 -0.9755399 -0.1287536
vn -0.7275753 -0.6638868 -0.1728826
vn -0.9114855 0.2717827 -0.3087530
vn -0.1833838 0.8987391 -0.3982944
vn 0.7279461 0.5857775 -0.3563134
vn 0.9081770 -0.3546987 -0.2222688
vn 0.1781696 -0.9755399 -0.1287536
vn -0.0000000 -1.0000000 0.0000000
vn -0.0000000 -1.0000000 0.0000000
f 493/493/493 494/494/494 501/501/501
f 493/493/493 501/501/501 500/500/500
f 494/494/494 495/495/495 502/502/502
f 494/494/494 502/502/502 501/501/501
f 495/495/495 496/496/496 503/503/503
f 495/495/495 503/503/503 502/502/502
f 496/496/496 497/497/497 504/504/504
f 496/496/496 504/504/504 503/503/503
f 497/497/497 498/498/498 505/505/505
f 497/497/497 505/505/505 504/504/504
f 498/498/498 499/499/499 506/506/506
f 498/498/498 506/506/506 505/505/505
f 500/500/500 501/501/501 508/508/508
f 500/500/500 508/508/508 507/507/507
f 501/501/501 502/502/502 509/509/509
f 501/501/501 509/509/509 508/508/508
f 502/502/502 503/503/503 510/510/510
f 502/502/502 510/510/510 509/509/509
f 503/503/503 504/504/504 511/511/511
f 503/503/503 511/511/511 510/510/510
f 504/504/504 505/505/505 512/512/512
f 504/504/504 512/512/512 511/511/511
f 505/505/505 506/506/506 513/513/513
f 505/505/505 513/513/513 512/512/512
f 507/507/507 508/508/508 515/515/515
f 507/507/507 515/515/515 514/514/514
f 508/508/508 509/509/509 516/516/516
f 508/508/508 516/516/516 515/515/515
f 509/509/509 510/510/510 517/517/517
f 509/509/509 517/517/517 516/516/516
f 510/510/510 511/511/511 518/518/518
f 510/510/510 518/518/518 517/517/517
f 511/511/511 512/512/512 519/519/519
f 511/511/511 519/519/519 518/518/518
f 512/512/512 513/513/513 520/520/520
f 512/512/512 520/520/520 519/519/519
f 514/514/514 515/515/515 522/522/522
f 514/514/514 522/522/522 521/521/521
f 515/515/515 516/516/516 523/523/523
f 515/515/515 523/523/523 522/522/522
f 516/516/516 517/517/517 524/524/524
f 516/516/516 524/524/524 523/523/523
f 517/517/517 518/518/518 525/525/525
f 517/517/517 525/525/525 524/524/524
f 518/518/518 519/519/519 526/526/526
f 518/518/518 526/526/526 525/525/525
f 519/519/519 520/520/520 527/527/527
f 519/519/519 527/527/527 526/526/526
f 521/521/521 522/522/522 529/529/529
f 521/521/521 529/529/529 528/528/528
f 522/522/522 523/523/523 530/530/530
f 522/522/522 530/530/530 529/529/529
f 523/523/523 524/524/524 531/531/531
f 523/523/523 531/531/531 530/530/530
f 524/524/524 525/525/525 532/532/532
f 524/524/524 532/532/532 531/531/531
f 525/525/525 526/526/526 533/533/533
f 525/525/525 533/533/533 532/532/532
f 526/526/526 527/527/527 534/534/534
f 526/526/526 534/534/534 533/533/533
f 528/528/528 529/529/529 536/536/536
f 528/528/528 536/536/536 535/535/535
f 529/529/529 530/530/530 537/537/537
f 529/529/529 537/537/537 536/536/536
f 530/530/530 531/531/531 538/538/538
f 530/530/530 538/538/538 537/537/537
f 531/531/531 532/532/532 539/539/539
f 531/531/531 539/539/539 538/538/538
f 532/532/532 533/533/533 540/540/540
f 532/532/532 540/540/540 539/539/539
f 533/533/533 534/534/534 541/541/541
f 533/533/533 541/541/541 540/540/540
f 535/535/535 536/536/536 543/543/543
f 535/535/535 543/543/543 542/542/542
f 536/536/536 537/537/537 544/544/544
f 536/536/536 544/544/544 543/543/543
f 537/537/537 538/538/538 545/545/545
f 537/537/537 545/545/545 544/544/544
f 538/538/538 539/539/539 546/546/546
f 538/538/538 546/546/546 545/545/545
f 539/539/539 540/540/540 547/547/547
f 539/539/539 547/547/547 546/546/546
f 540/540/540 541/541/541 548/548/548
f 540/540/540 548/548/548 547/547/547
f 542/542/542 543/543/543 550/550/550
f 542/542/542 550/550/550 549/549/549
f 543/543/543 544/544/544 551/551/551
f 543/543/543 551/551/551 550/550/550
f 544/544/544 545/545/545 552/552/552
f 544/544/544 552/552/552 551/551/551
f 545/545/545 546/546/546 553/553/553
f 545/545/545 553/553/553 552/552/552
f 546/546/546 547/547/547 554/554/554
f 546/546/546 554/554/554 553/553/553
f 547/547/547 548/548/548 555/555/555
f 547/547/547 555/555/555 554/554/554
f 549/549/549 550/550/550 557/557/557
f 549/549/549 557/557/557 556/556/556
f 550/550/550 551/551/551 558/558/558
f 550/550/550 558/558/558 557/557/557
f 551/551/551 552/552/552 559/559/559
f 551/551/551 559/559/559 558/558/558
f 552/552/552 553/553/553 560/560/560
f 552/552/552 560/560/560 559/559/559
f 553/553/553 554/554/554 561/561/561
f 553/553/553 561/561/561 560/560/560
f 554/554/554 555/555/555 562/562/562
f 554/554/554 562/562/562 561/561/561
f 556/556/556 557/557/557 564/564/564
f 556/556/556 564/564/564 563/563/563
f 557/557/557 558/558/558 565/565/565
f 557/557/557 565/565/565 564/564/564
f 558/558/558 559/559/559 566/566/566
f 558/558/558 566/566/566 565/565/565
f 559/559/559 560/560/560 567/567/567
f 559/559/559 567/567/567 566/566/566
f 560/560/560 561/561/561 568/568/568
f 560/560/560 568/568/568 567/567/567
f 561/561/561 562/562/562 569/569/569
f 561/561/561 569/569/569 568/568/568
f 563/563/563 564/564/564 571/571/571
f 563/563/563 571/571/571 570/570/570
f 564/564/564 565/565/565 572/572/572
f 564/564/564 572/572/572 571/571/571
f 565/565/565 566/566/566 573/573/573
f 565/565/565 573/573/573 572/572/572
f 566/566/566 567/567/567 574/574/574
f 566/566/566 574/574/574 573/573/573
f 567/567/567 568/568/568 575/575/575
f 567/567/567 575/575/575 574/574/574
f 568/568/568 569/569/569 576/576/576
f 568/568/568 576/576/576 575/575/575
f 570/570/570 571/571/571 578/578/578
f 570/570/570 578/578/578 577/577/577
f 571/571/571 572/572/572 579/579/579
f 571/571/571 579/579/579 578/578/578
f 572/572/572 573/573/573 580/580/580
f 572/572/572 580/580/580 579/579/579
f 573/573/573 574/574/574 581/581/581
f 573/573/573 581/581/581 580/580/580
f 574/574/574 575/575/575 582/582/582
f 574/574/574 582/582/582 581/581/581
f 575/575/575 576/576/576 583/583/583
f 575/575/575 583/583/583 582/582/582
f 577/577/577 578/578/578 585/585/585
f 577/577/577 585/585/585 584/584/584
f 578/578/578 579/579/579 586/586/586
f 578/578/578 586/586/586 585/585/585
f 579/579/579 580/580/580 587/587/587
f 579/579/579 587/587/587 586/586/586
f 580/580/580 581/581/581 588/588/588
f 580/580/580 588/588/588 587/587/587
f 581/581/581 582/582/582 589/589/589
f 581/581/581 589/589/589 588/588/588
f 582/582/582 583/583/583 590/590/590
f 582/582/582 590/590/590 589/589/589
f 584/584/584 585/585/585 592/592/592
f 584/584/584 592/592/592 591/591/591
f 585/585/585 586/586/586 593/593/593
f 585/585/585 593/593/593 592/592/592
f 586/586/586 587/587/587 594/594/594
f 586/586/586 594/594/594 593/593/593
f 587/587/587 588/588/588 595/595/595
f 587/587/587 595/595/595 594/594/594
f 588/588/588 589/589/589 596/596/596
f 588/588/588 596/596/596 595/595/595
f 589/589/589 590/590/590 597/597/597
f 589/589/589 597/597/597 596/596/596
f 591/591/591 592/592/592 599/599/599
f 591/591/591 599/599/599 598/598/598
f 592/592/592 593/593/593 600/600/600
f 592/592/592 600/600/600 599/599/599
f 593/593/593 594/594/594 601/601/601
f 593/593/593 601/601/601 600/600/600
f 594/594/594 595/595/595 602/602/602
f 594/594/594 602/602/602 601/601/601
f 595/595/595 596/596/596 603/603/603
f 595/595/595 603/603/603 602/602/602
f 596/596/596 597/597/597 604/604/604
f 596/596/596 604/604/604 603/603/603
f 598/598/598 599/599/599 606/606/606
f 598/598/598 606/606/606 605/605/605
f 599/599/599 600/600/600 607/607/607
f 599/599/599 607/607/607 606/606/606
f 600/600/600 601/601/601 608/608/608
f 600/600/600 608/608/608 607/607/607
f 601/601/601 602/602/602 609/609/609
f 601/601/601 609/609/609 608/608/608
f 602/602/602 603/603/603 610/610/610
f 602/602/602 610/610/610 609/609/609
f 603/603/603 604/604/604 611/611/611
f 603/603/603 611/611/611 610/610/610
f 605/605/605 606/606/606 613/613/613
f 605/605/605 613/613/613 612/612/612
f 606/606/606 607/607/607 614/614/614
f 606/606/606 614/614/614 613/613/613
f 607/607/607 608/608/608 615/615/615
f 607/607/607 615/615/615 614/614/614
f 608/608/608 609/609/609 616/616/616
f 608/608/608 616/616/616 615/615/615
f 609/609/609 610/610/610 617/617/617
f 609/609/609 617/617/617 616/616/616
f 610/610/610 611/611/611 618/618/618
f 610/610/610 618/618/618 617/617/617
f 612/612/612 613/613/613 620/620/620
f 612/612/612 620/620/620 619/619/619
f 613/613/613 614/614/614 621/621/621
f 613/613/613 621/621/621 620/620/620
f 614/614/614 615/615/615 622/622/622
f 614/614/614 622/622/622 621/621/621
f 615/615/615 616/616/616 623/623/623
f 615/615/615 623/623/623 622/622/622
f 616/616/616 617/617/617 624/624/624
f 616/616/616 624/624/624 623/623/623
f 617/617/617 618/618/618 625/625/625
f 617/617/617 625/625/625 624/624/624
f 619/619/619 620/620/620 627/627/627
f 619/619/619 627/627/627 626/626/626
f 620/620/620 621/621/621 628/628/628
f 620/620/620 628/628/628 627/627/627
f 621/621/621 622/622/622 629/629/629
f 621/621/621 629/629/629 628/628/628
f 622/622/622 623/623/623 630/630/630
f 622/622/622 630/630/630 629/629/629
f 623/623/623 624/624/624 631/631/631
f 623/623/623 631/631/631 630/630/630
f 624/624/624 625/625/625 632/632/632
f 624/624/624 632/632/632 631/631/631
f 626/626/626 627/627/627 634/634/634
f 626/626/626 634/634/634 633/633/633
f 627/627/627 628/628/628 635/635/635
f 627/627/627 635/635/635 634/634/634
f 628/628/628 629/629/629 636/636/636
f 628/628/628 636/636/636 635/635/635
f 629/629/629 630/630/630 637/637/637
f 629/629/629 637/637/637 636/636/636
f 630/630/630 631/631/631 638/638/638
f 630/630/630 638/638/638 637/637/637
f 631/631/631 632/632/632 639/639/639
f 631/631/631 639/639/639 638/638/638
f 633/633/633 634/634/634 641/641/641
f 633/633/633 641/641/641 640/640/640
f 634/634/634 635/635/635 642/642/642
f 634/634/634 642/642/642 641/641/641
f 635/635/635 636/636/636 643/643/643
f 635/635/635 643/643/643 642/642/642
f 636/636/636 637/637/637 644/644/644
f 636/636/636 644/644/644 643/643/643
f 637/637/637 638/638/638 645/645/645
f 637/637/637 645/645/645 644/644/644
f 638/638/638 639/639/639 646/646/646
f 638/638/638 646/646/646 645/645/645
f 640/640/640 641/641/641 648/648/648
f 640/640/640 648/648/648 647/647/647
f 641/641/641 642/642/642 649/649/649
f 641/641/641 649/649/649 648/648/648
f 642/642/642 643/643/643 650/650/650
f 642/642/642 650/650/650 649/649/649
f 643/643/643 644/644/644 651/651/651
f 643/643/643 651/651/651 650/650/650
f 644/644/644 645/645/645 652/652/652
f 644/644/644 652/652/652 651/651/651
f 645/645/645 646/646/646 653/653/653
f 645/645/645 653/653/653 652/652/652
f 647/647/647 648/648/648 655/655/655
f 647/647/647 655/655/655 654/654/654
f 648/648/648 649/649/649 656/656/656
f 648/648/648 656/656/656 655/655/655
f 649/649/649 650/650/650 657/657/657
f 649/649/649 657/657/657 656/656/656
f 650/650/650 651/651/651 658/658/658
f 650/650/650 658/658/658 657/657/657
f 651/651/651 652/652/652 659/659/659
f 651/651/651 659/659/659 658/658/658
f 652/652/652 653/653/653 660/660/660
f 652/652/652 660/660/660 659/659/659
f 654/654/654 655/655/655 662/662/662
f 654/654/654 662/662/662 661/661/661
f 655/655/655 656/656/656 663/663/663
f 655/655/655 663/663/663 662/662/662
f 656/656/656 657/657/657 664/664/664
f 656/656/656 664/664/664 663/663/663
f 657/657/657 658/658/658 665/665/665
f 657/657/657 665/665/665 664/664/664
f 658/658/658 659/659/659 666/666/666
f 658/658/658 666/666/666 665/665/665
f 659/659/659 660/660/660 667/667/667
f 659/659/659 667/667/667 666/666/666
f 668/668/668 494/494/494 493/493/493
f 668/668/668 495/495/495 494/494/494
f 668/668/668 496/496/496 495/495/495
f 668/668/668 497/497/497 496/496/496
f 668/668/668 498/498/498 497/497/497
f 668/668/668 499/499/499 498/498/498
f 669/669/669 661/661/661 662/662/662
f 669/669/669 662/662/662 663/663/663
f 669/669/669 663/663/663 664/664/664
f 669/669/669 664/664/664 665/665/665
f 669/669/669 665/665/665 666/666/666
f 669/669/669 666/666/666 667/667/667
o Pole_grip_binding
v -8.666667 0.154018 -0.010442
v -8.735949 0.193676 -0.005221
v -8.735949 0.272991 0.005221
v -8.666667 0.312649 0.010442
v -8.597385 0.272991 0.005221
v -8.597385 0.193676 -0.005221
v -8.666667 0.154018 -0.010442
v -8.666667 0.180593 -0.207055
v -8.735949 0.219230 -0.196702
v -8.735949 0.296504 -0.175997
v -8.666667 0.335141 -0.165644
v -8.597385 0.296504 -0.175997
v -8.597385 0.219230 -0.196702
v -8.666667 0.180593 -0.207055
v -8.666667 0.260513 -0.400000
v -8.735949 0.295154 -0.380000
v -8.735949 0.364436 -0.340000
v -8.666667 0.399077 -0.320000
v -8.597385 0.364436 -0.340000
v -8.597385 0.295154 -0.380000
v -8.666667 0.260513 -0.400000
v -8.666667 0.387648 -0.565685
v -8.735949 0.415932 -0.537401
v -8.735949 0.472501 -0.480833
v -8.666667 0.500785 -0.452548
v -8.597385 0.472501 -0.480833
v -8.597385 0.415932 -0.537401
v -8.666667 0.387648 -0.565685
v -8.666667 0.553333 -0.692820
v -8.735949 0.573333 -0.658179
v -8.735949 0.613333 -0.588897
v -8.666667 0.633333 -0.554256
v -8.597385 0.613333 -0.588897
v -8.597385 0.573333 -0.658179
v -8.666667 0.553333 -0.692820
v -8.666667 0.746278 -0.772741
v -8.735949 0.756631 -0.734104
v -8.735949 0.777336 -0.656830
v -8.666667 0.787689 -0.618193
v -8.597385 0.777336 -0.656830
v -8.597385 0.756631 -0.734104
v -8.666667 0.746278 -0.772741
v -8.666667 0.953333 -0.800000
v -8.735949 0.953333 -0.760000
v -8.735949 0.953333 -0.680000
v -8.666667 0.953333 -0.640000
v -8.597385 0.953333 -0.680000
v -8.597385 0.953333 -0.760000
v -8.666667 0.953333 -0.800000
v -8.666667 1.160389 -0.772741
v -8.735949 1.150036 -0.734104
v -8.735949 1.129330 -0.656830
v -8.666667 1.118978 -0.618193
v -8.597385 1.129330 -0.656830
v -8.597385 1.150036 -0.734104
v -8.666667 1.160389 -0.772741
v -8.666667 1.353333 -0.692820
v -8.735949 1.333333 -0.658179
v -8.735949 1.293333 -0.588897
v -8.666667 1.273333 -0.554256
v -8.597385 1.293333 -0.588897
v -8.597385 1.333333 -0.658179
v -8.666667 1.353333 -0.692820
v -8.666667 1.519019 -0.565685
v -8.735949 1.490734 -0.537401
v -8.735949 1.434166 -0.480833
v -8.666667 1.405882 -0.452548
v -8.597385 1.434166 -0.480833
v -8.597385 1.490734 -0.537401
v -8.666667 1.519019 -0.565685
v -8.666667 1.646154 -0.400000
v -8.735949 1.611513 -0.380000
v -8.735949 1.542231 -0.340000
v -8.666667 1.507590 -0.320000
v -8.597385 1.542231 -0.340000
v -8.597385 1.611513 -0.380000
v -8.666667 1.646154 -0.400000
v -8.666667 1.726074 -0.207055
v -8.735949 1.687437 -0.196702
v -8.735949 1.610163 -0.175997
v -8.666667 1.571526 -0.165644
v -8.597385 1.610163 -0.175997
v -8.597385 1.687437 -0.196702
v -8.666667 1.726074 -0.207055
v -8.666667 1.753333 -0.000000
v -8.735949 1.713333 -0.000000
v -8.735949 1.633333 -0.000000
v -8.666667 1.593333 -0.000000
v -8.597385 1.633333 -0.000000
v -8.597385 1.713333 -0.000000
v -8.666667 1.753333 -0.000000
v -8.666667 1.726074 0.207055
v -8.735949 1.687437 0.196702
v -8.735949 1.610163 0.175997
v -8.666667 1.571526 0.165644
v -8.597385 1.610163 0.175997
v -8.597385 1.687437 0.196702
v -8.666667 1.726074 0.207055
v -8.666667 1.646154 0.400000
v -8.735949 1.611513 0.380000
v -8.735949 1.542231 0.340000
v -8.666667 1.507590 0.320000
v -8.597385 1.542231 0.340000
v -8.597385 1.611513 0.380000
v -8.666667 1.646154 0.400000
v -8.666667 1.519019 0.565685
v -8.735949 1.490734 0.537401
v -8.735949 1.434166 0.480833
v -8.666667 1.405882 0.452548
v -8.597385 1.434166 0.480833
v -8.597385 1.490734 0.537401
v -8.666667 1.519019 0.565685
v -8.666667 1.353333 0.692820
v -8.735949 1.333333 0.658179
v -8.735949 1.293333 0.588897
v -8.666667 1.273333 0.554256
v -8.597385 1.293333 0.588897
v -8.597385 1.333333 0.658179
v -8.666667 1.353333 0.692820
v -8.666667 1.160389 0.772741
v -8.735949 1.150036 0.734104
v -8.735949 1.129330 0.656830
v -8.666667 1.118978 0.618193
v -8.597385 1.129330 0.656830
v -8.597385 1.150036 0.734104
v -8.666667 1.160389 0.772741
v -8.666667 0.953333 0.800000
v -8.735949 0.953333 0.760000
v -8.735949 0.953333 0.680000
v -8.666667 0.953333 0.640000
v -8.597385 0.953333 0.680000
v -8.597385 0.953333 0.760000
v -8.666667 0.953333 0.800000
v -8.666667 0.746278 0.772741
v -8.735949 0.756631 0.734104
v -8.735949 0.777336 0.656830
v -8.666667 0.787689 0.618193
v -8.597385 0.777336 0.656830
v -8.597385 0.756631 0.734104
v -8.666667 0.746278 0.772741
v -8.666667 0.553333 0.692820
v -8.735949 0.573333 0.658179
v -8.735949 0.613333 0.588897
v -8.666667 0.633333 0.554256
v -8.597385 0.613333 0.588897
v -8.597385 0.573333 0.658179
v -8.666667 0.553333 0.692820
v -8.666667 0.387648 0.565685
v -8.735949 0.415932 0.537401
v -8.735949 0.472501 0.480833
v -8.666667 0.500785 0.452548
v -8.597385 0.472501 0.480833
v -8.597385 0.415932 0.537401
v -8.666667 0.387648 0.565685
v -8.666667 0.260513 0.400000
v -8.735949 0.295154 0.380000
v -8.735949 0.364436 0.340000
v -8.666667 0.399077 0.320000
v -8.597385 0.364436 0.340000
v -8.597385 0.295154 0.380000
v -8.666667 0.260513 0.400000
v -8.666667 0.180593 0.207055
v -8.735949 0.219230 0.196702
v -8.735949 0.296504 0.175997
v -8.666667 0.335141 0.165644
v -8.597385 0.296504 0.175997
v -8.597385 0.219230 0.196702
v -8.666667 0.180593 0.207055
v -8.666667 0.154018 0.010442
v -8.735949 0.193676 0.005221
v -8.735949 0.272991 -0.005221
v -8.666667 0.312649 -0.010442
v -8.597385 0.272991 -0.005221
v -8.597385 0.193676 0.005221
v -8.666667 0.154018 0.010442
v -8.666667 0.233333 -0.000000
v -8.666667 0.233333 0.000000
vt 0.0087500 0.7412500
vt 0.0475000 0.7412500
vt 0.0862500 0.7412500
vt 0.1250000 0.7412500
vt 0.1637500 0.7412500
vt 0.2025000 0.7412500
vt 0.2412500 0.7412500
vt 0.0087500 0.7315625
vt 0.0475000 0.7315625
vt 0.0862500 0.7315625
vt 0.1250000 0.7315625
vt 0.1637500 0.7315625
vt 0.2025000 0.7315625
vt 0.2412500 0.7315625
vt 0.0087500 0.7218750
vt 0.0475000 0.7218750
vt 0.0862500 0.7218750
vt 0.1250000 0.7218750
vt 0.1637500 0.7218750
vt 0.2025000 0.7218750
vt 0.2412500 0.7218750
vt 0.0087500 0.7121875
vt 0.0475000 0.7121875
vt 0.0862500 0.7121875
vt 0.1250000 0.7121875
vt 0.1637500 0.7121875
vt 0.2025000 0.7121875
vt 0.2412500 0.7121875
vt 0.0087500 0.7025000
vt 0.0475000 0.7025000
vt 0.0862500 0.7025000
vt 0.1250000 0.7025000
vt 0.1637500 0.7025000
vt 0.2025000 0.7025000
vt 0.2412500 0.7025000
vt 0.0087500 0.6928125
vt 0.0475000 0.6928125
vt 0.0862500 0.6928125
vt 0.1250000 0.6928125
vt 0.1637500 0.6928125
vt 0.2025000 0.6928125
vt 0.2412500 0.6928125
vt 0.0087500 0.6831250
vt 0.0475000 0.6831250
vt 0.0862500 0.6831250
vt 0.1250000 0.6831250
vt 0.1637500 0.6831250
vt 0.2025000 0.6831250
vt 0.2412500 0.6831250
vt 0.0087500 0.6734375
vt 0.0475000 0.6734375
vt 0.0862500 0.6734375
vt 0.1250000 0.6734375
vt 0.1637500 0.6734375
vt 0.2025000 0.6734375
vt 0.2412500 0.6734375
vt 0.0087500 0.6637500
vt 0.0475000 0.6637500
vt 0.0862500 0.6637500
vt 0.1250000 0.6637500
vt 0.1637500 0.6637500
vt 0.2025000 0.6637500
vt 0.2412500 0.6637500
vt 0.0087500 0.6540625
vt 0.0475000 0.6540625
vt 0.0862500 0.6540625
vt 0.1250000 0.6540625
vt 0.1637500 0.6540625
vt 0.2025000 0.6540625
vt 0.2412500 0.6540625
vt 0.0087500 0.6443750
vt 0.0475000 0.6443750
vt 0.0862500 0.6443750
vt 0.1250000 0.6443750
vt 0.1637500 0.6443750
vt 0.2025000 0.6443750
vt 0.2412500 0.6443750
vt 0.0087500 0.6346875
vt 0.0475000 0.6346875
vt 0.0862500 0.6346875
vt 0.1250000 0.6346875
vt 0.1637500 0.6346875
vt 0.2025000 0.6346875
vt 0.2412500 0.6346875
vt 0.0087500 0.6250000
vt 0.0475000 0.6250000
vt 0.0862500 0.6250000
vt 0.1250000 0.6250000
vt 0.1637500 0.6250000
vt 0.2025000 0.6250000
vt 0.2412500 0.6250000
vt 0.0087500 0.6153125
vt 0.0475000 0.6153125
vt 0.0862500 0.6153125
vt 0.1250000 0.6153125
vt 0.1637500 0.6153125
vt 0.2025000 0.6153125
vt 0.2412500 0.6153125
vt 0.0087500 0.6056250
vt 0.0475000 0.6056250
vt 0.0862500 0.6056250
vt 0.1250000 0.6056250
vt 0.1637500 0.6056250
vt 0.2025000 0.6056250
vt 0.2412500 0.6056250
vt 0.0087500 0.5959375
vt 0.0475000 0.5959375
vt 0.0862500 0.5959375
vt 0.1250000 0.5959375
vt 0.1637500 0.5959375
vt 0.2025000 0.5959375
vt 0.2412500 0.5959375
vt 0.0087500 0.5862500
vt 0.0475000 0.5862500
vt 0.0862500 0.5862500
vt 0.1250000 0.5862500
vt 0.1637500 0.5862500
vt 0.2025000 0.5862500
vt 0.2412500 0.5862500
vt 0.0087500 0.5765625
vt 0.0475000 0.5765625
vt 0.0862500 0.5765625
vt 0.1250000 0.5765625
vt 0.1637500 0.5765625
vt 0.2025000 0.5765625
vt 0.2412500 0.5765625
vt 0.0087500 0.5668750
vt 0.0475000 0.5668750
vt 0.0862500 0.5668750
vt 0.1250000 0.5668750
vt 0.1637500 0.5668750
vt 0.2025000 0.5668750
vt 0.2412500 0.5668750
vt 0.0087500 0.5571875
vt 0.0475000 0.5571875
vt 0.0862500 0.5571875
vt 0.1250000 0.5571875
vt 0.1637500 0.5571875
vt 0.2025000 0.5571875
vt 0.2412500 0.5571875
vt 0.0087500 0.5475000
vt 0.0475000 0.5475000
vt 0.0862500 0.5475000
vt 0.1250000 0.5475000
vt 0.1637500 0.5475000
vt 0.2025000 0.5475000
vt 0.2412500 0.5475000
vt 0.0087500 0.5378125
vt 0.0475000 0.5378125
vt 0.0862500 0.5378125
vt 0.1250000 0.5378125
vt 0.1637500 0.5378125
vt 0.2025000 0.5378125
vt 0.2412500 0.5378125
vt 0.0087500 0.5281250
vt 0.0475000 0.5281250
vt 0.0862500 0.5281250
vt 0.1250000 0.5281250
vt 0.1637500 0.5281250
vt 0.2025000 0.5281250
vt 0.2412500 0.5281250
vt 0.0087500 0.5184375
vt 0.0475000 0.5184375
vt 0.0862500 0.5184375
vt 0.1250000 0.5184375
vt 0.1637500 0.5184375
vt 0.2025000 0.5184375
vt 0.2412500 0.5184375
vt 0.0087500 0.5087500
vt 0.0475000 0.5087500
vt 0.0862500 0.5087500
vt 0.1250000 0.5087500
vt 0.1637500 0.5087500
vt 0.2025000 0.5087500
vt 0.2412500 0.5087500
vt 0.1250000 0.6250000
vt 0.1250000 0.6250000
vn -0.1781696 -0.9755399 0.1287536
vn -0.9081770 -0.3546987 0.2222688
vn -0.7279461 0.5857775 0.3563134
vn 0.1833838 0.8987391 0.3982944
vn 0.9114855 0.2717827 0.3087530
vn 0.7275753 -0.6638868 0.1728826
vn -0.1781696 -0.9755399 0.1287536
vn -0.0017010 -0.9648111 -0.2629384
vn -0.8607741 -0.4966676 -0.1113071
vn -0.8731731 0.4654183 0.1447570
vn -0.0037406 0.9671773 0.2540750
vn 0.8714729 0.4791335 0.1047193
vn 0.8596915 -0.4865790 -0.1554715
vn -0.0017010 -0.9648111 -0.2629384
vn -0.0000000 -0.8660254 -0.5000000
vn -0.8580278 -0.4559820 -0.2363657
vn -0.8741271 0.4100316 0.2603382
vn -0.0000000 0.8660254 0.5000000
vn 0.8741271 0.4304753 0.2249286
vn 0.8580278 -0.4326897 -0.2767091
vn -0.0000000 -0.8660254 -0.5000000
vn 0.0000000 -0.7071068 -0.7071068
vn -0.8580278 -0.3792688 -0.3463286
vn -0.8741271 0.3286796 0.3575914
vn -0.0000000 0.7071068 0.7071068
vn 0.8741271 0.3575914 0.3286796
vn 0.8580278 -0.3463286 -0.3792688
vn 0.0000000 -0.7071068 -0.7071068
vn 0.0000000 -0.5000000 -0.8660254
vn -0.8580278 -0.2767091 -0.4326897
vn -0.8741271 0.2249286 0.4304753
vn -0.0000000 0.5000000 0.8660254
vn 0.8741271 0.2603382 0.4100316
vn 0.8580278 -0.2363657 -0.4559820
vn 0.0000000 -0.5000000 -0.8660254
vn 0.0000000 -0.2588190 -0.9659258
vn -0.8580278 -0.1552921 -0.4895637
vn -0.8741271 0.1058492 0.4740230
vn -0.0000000 0.2588190 0.9659258
vn 0.8741271 0.1453434 0.4634405
vn 0.8580278 -0.1102949 -0.5016207
vn 0.0000000 -0.2588190 -0.9659258
vn 0.0000000 0.0000000 -1.0000000
vn -0.8580278 -0.0232923 -0.5130748
vn -0.8741271 -0.0204437 0.4852668
vn 0.0000000 0.0000000 1.0000000
vn 0.8741271 0.0204437 0.4852668
vn 0.8580278 0.0232923 -0.5130748
vn 0.0000000 0.0000000 -1.0000000
vn -0.0000000 0.2588190 -0.9659258
vn -0.8580278 0.1102949 -0.5016207
vn -0.8741271 -0.1453434 0.4634405
vn 0.0000000 -0.2588190 0.9659258
vn 0.8741271 -0.1058492 0.4740230
vn 0.8580278 0.1552921 -0.4895637
vn -0.0000000 0.2588190 -0.9659258
vn -0.0000000 0.5000000 -0.8660254
vn -0.8580278 0.2363657 -0.4559820
vn -0.8741271 -0.2603382 0.4100316
vn -0.0000000 -0.5000000 0.8660254
vn 0.8741271 -0.2249286 0.4304753
vn 0.8580278 0.2767091 -0.4326897
vn -0.0000000 0.5000000 -0.8660254
vn -0.0000000 0.7071068 -0.7071068
vn -0.8580278 0.3463286 -0.3792688
vn -0.8741271 -0.3575914 0.3286796
vn -0.0000000 -0.7071068 0.7071068
vn 0.8741271 -0.3286796 0.3575914
vn 0.8580278 0.3792688 -0.3463286
vn -0.0000000 0.7071068 -0.7071068
vn -0.0000000 0.8660254 -0.5000000
vn -0.8580278 0.4326897 -0.2767091
vn -0.8741271 -0.4304753 0.2249286
vn -0.0000000 -0.8660254 0.5000000
vn 0.8741271 -0.4100316 0.2603382
vn 0.8580278 0.4559820 -0.2363657
vn -0.0000000 0.8660254 -0.5000000
vn 0.0000000 0.9659258 -0.2588190
vn -0.8580278 0.4895637 -0.1552921
vn -0.8741271 -0.4740230 0.1058492
vn -0.0000000 -0.9659258 0.2588190
vn 0.8741271 -0.4634405 0.1453434
vn 0.8580278 0.5016207 -0.1102949
vn 0.0000000 0.9659258 -0.2588190
vn 0.0000000 1.0000000 0.0000000
vn -0.8580278 0.5130748 -0.0232923
vn -0.8741271 -0.4852668 -0.0204437
vn -0.0000000 -1.0000000 0.0000000
vn 0.8741271 -0.4852668 0.0204437
vn 0.8580278 0.5130748 0.0232923
vn 0.0000000 1.0000000 0.0000000
vn -0.0000000 0.9659258 0.2588190
vn -0.8580278 0.5016207 0.1102949
vn -0.8741271 -0.4634405 -0.1453434
vn -0.0000000 -0.9659258 -0.2588190
vn 0.8741271 -0.4740230 -0.1058492
vn 0.8580278 0.4895637 0.1552921
vn -0.0000000 0.9659258 0.2588190
vn -0.0000000 0.8660254 0.5000000
vn -0.8580278 0.4559820 0.2363657
vn -0.8741271 -0.4100316 -0.2603382
vn -0.0000000 -0.8660254 -0.5000000
vn 0.8741271 -0.4304753 -0.2249286
vn 0.8580278 0.4326897 0.2767091
vn -0.0000000 0.8660254 0.5000000
vn 0.0000000 0.7071068 0.7071068
vn -0.8580278 0.3792688 0.3463286
vn -0.8741271 -0.3286796 -0.3575914
vn -0.0000000 -0.7071068 -0.7071068
vn 0.8741271 -0.3575914 -0.3286796
vn 0.8580278 0.3463286 0.3792688
vn 0.0000000 0.7071068 0.7071068
vn -0.0000000 0.5000000 0.8660254
vn -0.8580278 0.2767091 0.4326897
vn -0.8741271 -0.2249286 -0.4304753
vn -0.0000000 -0.5000000 -0.8660254
vn 0.8741271 -0.2603382 -0.4100316
vn 0.8580278 0.2363657 0.4559820
vn -0.0000000 0.5000000 0.8660254
vn -0.0000000 0.2588190 0.9659258
vn -0.8580278 0.1552921 0.4895637
vn -0.8741271 -0.1058492 -0.4740230
vn -0.0000000 -0.2588190 -0.9659258
vn 0.8741271 -0.1453434 -0.4634405
vn 0.8580278 0.1102949 0.5016207
vn -0.0000000 0.2588190 0.9659258
vn 0.0000000 -0.0000000 1.0000000
vn -0.8580278 0.0232923 0.5130748
vn -0.8741271 0.0204437 -0.4852668
vn 0.0000000 -0.0000000 -1.0000000
vn 0.8741271 -0.0204437 -0.4852668
vn 0.8580278 -0.0232923 0.5130748
vn 0.0000000 -0.0000000 1.0000000
vn 0.0000000 -0.2588190 0.9659258
vn -0.8580278 -0.1102949 0.5016207
vn -0.8741271 0.1453434 -0.4634405
vn 0.0000000 0.2588190 -0.9659258
vn 0.8741271 0.1058492 -0.4740230
vn 0.8580278 -0.1552921 0.4895637
vn 0.0000000 -0.2588190 0.9659258
vn 0.0000000 -0.5000000 0.8660254
vn -0.8580278 -0.2363657 0.4559820
vn -0.8741271 0.2603382 -0.4100316
vn -0.0000000 0.5000000 -0.8660254
vn 0.8741271 0.2249286 -0.4304753
vn 0.8580278 -0.2767091 0.4326897
vn 0.0000000 -0.5000000 0.8660254
vn -0.0000000 -0.7071068 0.7071068
vn -0.8580278 -0.3463286 0.3792688
vn -0.8741271 0.3575914 -0.3286796
vn -0.0000000 0.7071068 -0.7071068
vn 0.8741271 0.3286796 -0.3575914
vn 0.8580278 -0.3792688 0.3463286
vn -0.0000000 -0.7071068 0.7071068
vn 0.0000000 -0.8660254 0.5000000
vn -0.8580278 -0.4326897 0.2767091
vn -0.8741271 0.4304753 -0.2249286
vn -0.0000000 0.8660254 -0.5000000
vn 0.8741271 0.4100316 -0.2603382
vn 0.8580278 -0.4559820 0.2363657
vn 0.0000000 -0.8660254 0.5000000
vn 0.0017010 -0.9648111 0.2629384
vn -0.8596915 -0.4865790 0.1554715
vn -0.8714729 0.4791335 -0.1047193
vn 0.0037406 0.9671773 -0.2540750
vn 0.8731731 0.4654183 -0.1447570
vn 0.8607741 -0.4966676 0.1113071
vn 0.0017010 -0.9648111 0.2629384
vn 0.1781696 -0.9755399 -0.1287536
vn -0.7275753 -0.6638868 -0.1728826
vn -0.9114855 0.2717827 -0.3087530
vn -0.1833838 0.8987391 -0.3982944
vn 0.7279461 0.5857775 -0.3563134
vn 0.9081770 -0.3546987 -0.2222688
vn 0.1781696 -0.9755399 -0.1287536
vn -0.0000000 -1.0000000 0.0000000
vn -0.0000000 -1.0000000 0.0000000
f 670/670/670 671/671/671 678/678/678
f 670/670/670 678/678/678 677/677/677
f 671/671/671 672/672/672 679/679/679
f 671/671/671 679/679/679 678/678/678
f 672/672/672 673/673/673 680/680/680
f 672/672/672 680/680/680 679/679/679
f 673/673/673 674/674/674 681/681/681
f 673/673/673 681/681/681 680/680/680
f 674/674/674 675/675/675 682/682/682
f 674/674/674 682/682/682 681/681/681
f 675/675/675 676/676/676 683/683/683
f 675/675/675 683/683/683 682/682/682
f 677/677/677 678/678/678 685/685/685
f 677/677/677 685/685/685 684/684/684
f 678/678/678 679/679/679 686/686/686
f 678/678/678 686/686/686 685/685/685
f 679/679/679 680/680/680 687/687/687
f 679/679/679 687/687/687 686/686/686
f 680/680/680 681/681/681 688/688/688
f 680/680/680 688/688/688 687/687/687
f 681/681/681 682/682/682 689/689/689
f 681/681/681 689/689/689 688/688/688
f 682/682/682 683/683/683 690/690/690
f 682/682/682 690/690/690 689/689/689
f 684/684/684 685/685/685 692/692/692
f 684/684/684 692/692/692 691/691/691
f 685/685/685 686/686/686 693/693/693
f 685/685/685 693/693/693 692/692/692
f 686/686/686 687/687/687 694/694/694
f 686/686/686 694/694/694 693/693/693
f 687/687/687 688/688/688 695/695/695
f 687/687/687 695/695/695 694/694/694
f 688/688/688 689/689/689 696/696/696
f 688/688/688 696/696/696 695/695/695
f 689/689/689 690/690/690 697/697/697
f 689/689/689 697/697/697 696/696/696
f 691/691/691 692/692/692 699/699/699
f 691/691/691 699/699/699 698/698/698
f 692/692/692 693/693/693 700/700/700
f 692/692/692 700/700/700 699/699/699
f 693/693/693 694/694/694 701/701/701
f 693/693/693 701/701/701 700/700/700
f 694/694/694 695/695/695 702/702/702
f 694/694/694 702/702/702 701/701/701
f 695/695/695 696/696/696 703/703/703
f 695/695/695 703/703/703 702/702/702
f 696/696/696 697/697/697 704/704/704
f 696/696/696 704/704/704 703/703/703
f 698/698/698 699/699/699 706/706/706
f 698/698/698 706/706/706 705/705/705
f 699/699/699 700/700/700 707/707/707
f 699/699/699 707/707/707 706/706/706
f 700/700/700 701/701/701 708/708/708
f 700/700/700 708/708/708 707/707/707
f 701/701/701 702/702/702 709/709/709
f 701/701/701 709/709/709 708/708/708
f 702/702/702 703/703/703 710/710/710
f 702/702/702 710/710/710 709/709/709
f 703/703/703 704/704/704 711/711/711
f 703/703/703 711/711/711 710/710/710
f 705/705/705 706/706/706 713/713/713
f 705/705/705 713/713/713 712/712/712
f 706/706/706 707/707/707 714/714/714
f 706/706/706 714/714/714 713/713/713
f 707/707/707 708/708/708 715/715/715
f 707/707/707 715/715/715 714/714/714
f 708/708/708 709/709/709 716/716/716
f 708/708/708 716/716/716 715/715/715
f 709/709/709 710/710/710 717/717/717
f 709/709/709 717/717/717 716/716/716
f 710/710/710 711/711/711 718/718/718
f 710/710/710 718/718/718 717/717/717
f 712/712/712 713/713/713 720/720/720
f 712/712/712 720/720/720 719/719/719
f 713/713/713 714/714/714 721/721/721
f 713/713/713 721/721/721 720/720/720
f 714/714/714 715/715/715 722/722/722
f 714/714/714 722/722/722 721/721/721
f 715/715/715 716/716/716 723/723/723
f 715/715/715 723/723/723 722/722/722
f 716/716/716 717/717/717 724/724/724
f 716/716/716 724/724/724 723/723/723
f 717/717/717 718/718/718 725/725/725
f 717/717/717 725/725/725 724/724/724
f 719/719/719 720/720/720 727/727/727
f 719/719/719 727/727/727 726/726/726
f 720/720/720 721/721/721 728/728/728
f 720/720/720 728/728/728 727/727/727
f 721/721/721 722/722/722 729/729/729
f 721/721/721 729/729/729 728/728/728
f 722/722/722 723/723/723 730/730/730
f 722/722/722 730/730/730 729/729/729
f 723/723/723 724/724/724 731/731/731
f 723/723/723 731/731/731 730/730/730
f 724/724/724 725/725/725 732/732/732
f 724/724/724 732/732/732 731/731/731
f 726/726/726 727/727/727 734/734/734
f 726/726/726 734/734/734 733/733/733
f 727/727/727 728/728/728 735/735/735
f 727/727/727 735/735/735 734/734/734
f 728/728/728 729/729/729 736/736/736
f 728/728/728 736/736/736 735/735/735
f 729/729/729 730/730/730 737/737/737
f 729/729/729 737/737/737 736/736/736
f 730/730/730 731/731/731 738/738/738
f 730/730/730 738/738/738 737/737/737
f 731/731/731 732/732/732 739/739/739
f 731/731/731 739/739/739 738/738/738
f 733/733/733 734/734/734 741/741/741
f 733/733/733 741/741/741 740/740/740
f 734/734/734 735/735/735 742/742/742
f 734/734/734 742/742/742 741/741/741
f 735/735/735 736/736/736 743/743/743
f 735/735/735 743/743/743 742/742/742
f 736/736/736 737/737/737 744/744/744
f 736/736/736 744/744/744 743/743/743
f 737/737/737 738/738/738 745/745/745
f 737/737/737 745/745/745 744/744/744
f 738/738/738 739/739/739 746/746/746
f 738/738/738 746/746/746 745/745/745
f 740/740/740 741/741/741 748/748/748
f 740/740/740 748/748/748 747/747/747
f 741/741/741 742/742/742 749/749/749
f 741/741/741 749/749/749 748/748/748
f 742/742/742 743/743/743 750/750/750
f 742/742/742 750/750/750 749/749/749
f 743/743/743 744/744/744 751/751/751
f 743/743/743 751/751/751 750/750/750
f 744/744/744 745/745/745 752/752/752
f 744/744/744 752/752/752 751/751/751
f 745/745/745 746/746/746 753/753/753
f 745/745/745 753/753/753 752/752/752
f 747/747/747 748/748/748 755/755/755
f 747/747/747 755/755/755 754/754/754
f 748/748/748 749/749/749 756/756/756
f 748/748/748 756/756/756 755/755/755
f 749/749/749 750/750/750 757/757/757
f 749/749/749 757/757/757 756/756/756
f 750/750/750 751/751/751 758/758/758
f 750/750/750 758/758/758 757/757/757
f 751/751/751 752/752/752 759/759/759
f 751/751/751 759/759/759 758/758/758
f 752/752/752 753/753/753 760/760/760
f 752/752/752 760/760/760 759/759/759
f 754/754/754 755/755/755 762/762/762
f 754/754/754 762/762/762 761/761/761
f 755/755/755 756/756/756 763/763/763
f 755/755/755 763/763/763 762/762/762
f 756/756/756 757/757/757 764/764/764
f 756/756/756 764/764/764 763/763/763
f 757/757/757 758/758/758 765/765/765
f 757/757/757 765/765/765 764/764/764
f 758/758/758 759/759/759 766/766/766
f 758/758/758 766/766/766 765/765/765
f 759/759/759 760/760/760 767/767/767
f 759/759/759 767/767/767 766/766/766
f 761/761/761 762/762/762 769/769/769
f 761/761/761 769/769/769 768/768/768
f 762/762/762 763/763/763 770/770/770
f 762/762/762 770/770/770 769/769/769
f 763/763/763 764/764/764 771/771/771
f 763/763/763 771/771/771 770/770/770
f 764/764/764 765/765/765 772/772/772
f 764/764/764 772/772/772 771/771/771
f 765/765/765 766/766/766 773/773/773
f 765/765/765 773/773/773 772/772/772
f 766/766/766 767/767/767 774/774/774
f 766/766/766 774/774/774 773/773/773
f 768/768/768 769/769/769 776/776/776
f 768/768/768 776/776/776 775/775/775
f 769/769/769 770/770/770 777/777/777
f 769/769/769 777/777/777 776/776/776
f 770/770/770 771/771/771 778/778/778
f 770/770/770 778/778/778 777/777/777
f 771/771/771 772/772/772 779/779/779
f 771/771/771 779/779/779 778/778/778
f 772/772/772 773/773/773 780/780/780
f 772/772/772 780/780/780 779/779/779
f 773/773/773 774/774/774 781/781/781
f 773/773/773 781/781/781 780/780/780
f 775/775/775 776/776/776 783/783/783
f 775/775/775 783/783/783 782/782/782
f 776/776/776 777/777/777 784/784/784
f 776/776/776 784/784/784 783/783/783
f 777/777/777 778/778/778 785/785/785
f 777/777/777 785/785/785 784/784/784
f 778/778/778 779/779/779 786/786/786
f 778/778/778 786/786/786 785/785/785
f 779/779/779 780/780/780 787/787/787
f 779/779/779 787/787/787 786/786/786
f 780/780/780 781/781/781 788/788/788
f 780/780/780 788/788/788 787/787/787
f 782/782/782 783/783/783 790/790/790
f 782/782/782 790/790/790 789/789/789
f 783/783/783 784/784/784 791/791/791
f 783/783/783 791/791/791 790/790/790
f 784/784/784 785/785/785 792/792/792
f 784/784/784 792/792/792 791/791/791
f 785/785/785 786/786/786 793/793/793
f 785/785/785 793/793/793 792/792/792
f 786/786/786 787/787/787 794/794/794
f 786/786/786 794/794/794 793/793/793
f 787/787/787 788/788/788 795/795/795
f 787/787/787 795/795/795 794/794/794
f 789/789/789 790/790/790 797/797/797
f 789/789/789 797/797/797 796/796/796
f 790/790/790 791/791/791 798/798/798
f 790/790/790 798/798/798 797/797/797
f 791/791/791 792/792/792 799/799/799
f 791/791/791 799/799/799 798/798/798
f 792/792/792 793/793/793 800/800/800
f 792/792/792 800/800/800 799/799/799
f 793/793/793 794/794/794 801/801/801
f 793/793/793 801/801/801 800/800/800
f 794/794/794 795/795/795 802/802/802
f 794/794/794 802/802/802 801/801/801
f 796/796/796 797/797/797 804/804/804
f 796/796/796 804/804/804 803/803/803
f 797/797/797 798/798/798 805/805/805
f 797/797/797 805/805/805 804/804/804
f 798/798/798 799/799/799 806/806/806
f 798/798/798 806/806/806 805/805/805
f 799/799/799 800/800/800 807/807/807
f 799/799/799 807/807/807 806/806/806
f 800/800/800 801/801/801 808/808/808
f 800/800/800 808/808/808 807/807/807
f 801/801/801 802/802/802 809/809/809
f 801/801/801 809/809/809 808/808/808
f 803/803/803 804/804/804 811/811/811
f 803/803/803 811/811/811 810/810/810
f 804/804/804 805/805/805 812/812/812
f 804/804/804 812/812/812 811/811/811
f 805/805/805 806/806/806 813/813/813
f 805/805/805 813/813/813 812/812/812
f 806/806/806 807/807/807 814/814/814
f 806/806/806 814/814/814 813/813/813
f 807/807/807 808/808/808 815/815/815
f 807/807/807 815/815/815 814/814/814
f 808/808/808 809/809/809 816/816/816
f 808/808/808 816/816/816 815/815/815
f 810/810/810 811/811/811 818/818/818
f 810/810/810 818/818/818 817/817/817
f 811/811/811 812/812/812 819/819/819
f 811/811/811 819/819/819 818/818/818
f 812/812/812 813/813/813 820/820/820
f 812/812/812 820/820/820 819/819/819
f 813/813/813 814/814/814 821/821/821
f 813/813/813 821/821/821 820/820/820
f 814/814/814 815/815/815 822/822/822
f 814/814/814 822/822/822 821/821/821
f 815/815/815 816/816/816 823/823/823
f 815/815/815 823/823/823 822/822/822
f 817/817/817 818/818/818 825/825/825
f 817/817/817 825/825/825 824/824/824
f 818/818/818 819/819/819 826/826/826
f 818/818/818 826/826/826 825/825/825
f 819/819/819 820/820/820 827/827/827
f 819/819/819 827/827/827 826/826/826
f 820/820/820 821/821/821 828/828/828
f 820/820/820 828/828/828 827/827/827
f 821/821/821 822/822/822 829/829/829
f 821/821/821 829/829/829 828/828/828
f 822/822/822 823/823/823 830/830/830
f 822/822/822 830/830/830 829/829/829
f 824/824/824 825/825/825 832/832/832
f 824/824/824 832/832/832 831/831/831
f 825/825/825 826/826/826 833/833/833
f 825/825/825 833/833/833 832/832/832
f 826/826/826 827/827/827 834/834/834
f 826/826/826 834/834/834 833/833/833
f 827/827/827 828/828/828 835/835/835
f 827/827/827 835/835/835 834/834/834
f 828/828/828 829/829/829 836/836/836
f 828/828/828 836/836/836 835/835/835
f 829/829/829 830/830/830 837/837/837
f 829/829/829 837/837/837 836/836/836
f 831/831/831 832/832/832 839/839/839
f 831/831/831 839/839/839 838/838/838
f 832/832/832 833/833/833 840/840/840
f 832/832/832 840/840/840 839/839/839
f 833/833/833 834/834/834 841/841/841
f 833/833/833 841/841/841 840/840/840
f 834/834/834 835/835/835 842/842/842
f 834/834/834 842/842/842 841/841/841
f 835/835/835 836/836/836 843/843/843
f 835/835/835 843/843/843 842/842/842
f 836/836/836 837/837/837 844/844/844
f 836/836/836 844/844/844 843/843/843
f 845/845/845 671/671/671 670/670/670
f 845/845/845 672/672/672 671/671/671
f 845/845/845 673/673/673 672/672/672
f 845/845/845 674/674/674 673/673/673
f 845/845/845 675/675/675 674/674/674
f 845/845/845 676/676/676 675/675/675
f 846/846/846 838/838/838 839/839/839
f 846/846/846 839/839/839 840/840/840
f 846/846/846 840/840/840 841/841/841
f 846/846/846 841/841/841 842/842/842
f 846/846/846 842/842/842 843/843/843
f 846/846/846 843/843/843 844/844/844
o Pole_grip_binding
v -7.333333 0.154018 -0.010442
v -7.402615 0.193676 -0.005221
v -7.402615 0.272991 0.005221
v -7.333333 0.312649 0.010442
v -7.264051 0.272991 0.005221
v -7.264051 0.193676 -0.005221
v -7.333333 0.154018 -0.010442
v -7.333333 0.180593 -0.207055
v -7.402615 0.219230 -0.196702
v -7.402615 0.296504 -0.175997
v -7.333333 0.335141 -0.165644
v -7.264051 0.296504 -0.175997
v -7.264051 0.219230 -0.196702
v -7.333333 0.180593 -0.207055
v -7.333333 0.260513 -0.400000
v -7.402615 0.295154 -0.380000
v -7.402615 0.364436 -0.340000
v -7.333333 0.399077 -0.320000
v -7.264051 0.364436 -0.340000
v -7.264051 0.295154 -0.380000
v -7.333333 0.260513 -0.400000
v -7.333333 0.387648 -0.565685
v -7.402615 0.415932 -0.537401
v -7.402615 0.472501 -0.480833
v -7.333333 0.500785 -0.452548
v -7.264051 0.472501 -0.480833
v -7.264051 0.415932 -0.537401
v -7.333333 0.387648 -0.565685
v -7.333333 0.553333 -0.692820
v -7.402615 0.573333 -0.658179
v -7.402615 0.613333 -0.588897
v -7.333333 0.633333 -0.554256
v -7.264051 0.613333 -0.588897
v -7.264051 0.573333 -0.658179
v -7.333333 0.553333 -0.692820
v -7.333333 0.746278 -0.772741
v -7.402615 0.756631 -0.734104
v -7.402615 0.777336 -0.656830
v -7.333333 0.787689 -0.618193
v -7.264051 0.777336 -0.656830
v -7.264051 0.756631 -0.734104
v -7.333333 0.746278 -0.772741
v -7.333333 0.953333 -0.800000
v -7.402615 0.953333 -0.760000
v -7.402615 0.953333 -0.680000
v -7.333333 0.953333 -0.640000
v -7.264051 0.953333 -0.680000
v -7.264051 0.953333 -0.760000
v -7.333333 0.953333 -0.800000
v -7.333333 1.160389 -0.772741
v -7.402615 1.150036 -0.734104
v -7.402615 1.129330 -0.656830
v -7.333333 1.118978 -0.618193
v -7.264051 1.129330 -0.656830
v -7.264051 1.150036 -0.734104
v -7.333333 1.160389 -0.772741
v -7.333333 1.353333 -0.692820
v -7.402615 1.333333 -0.658179
v -7.402615 1.293333 -0.588897
v -7.333333 1.273333 -0.554256
v -7.264051 1.293333 -0.588897
v -7.264051 1.333333 -0.658179
v -7.333333 1.353333 -0.692820
v -7.333333 1.519019 -0.565685
v -7.402615 1.490734 -0.537401
v -7.402615 1.434166 -0.480833
v -7.333333 1.405882 -0.452548
v -7.264051 1.434166 -0.480833
v -7.264051 1.490734 -0.537401
v -7.333333 1.519019 -0.565685
v -7.333333 1.646154 -0.400000
v -7.402615 1.611513 -0.380000
v -7.402615 1.542231 -0.340000
v -7.333333 1.507590 -0.320000
v -7.264051 1.542231 -0.340000
v -7.264051 1.611513 -0.380000
v -7.333333 1.646154 -0.400000
v -7.333333 1.726074 -0.207055
v -7.402615 1.687437 -0.196702
v -7.402615 1.610163 -0.175997
v -7.333333 1.571526 -0.165644
v -7.264051 1.610163 -0.175997
v -7.264051 1.687437 -0.196702
v -7.333333 1.726074 -0.207055
v -7.333333 1.753333 -0.000000
v -7.402615 1.713333 -0.000000
v -7.402615 1.633333 -0.000000
v -7.333333 1.593333 -0.000000
v -7.264051 1.633333 -0.000000
v -7.264051 1.713333 -0.000000
v -7.333333 1.753333 -0.000000
v -7.333333 1.726074 0.207055
v -7.402615 1.687437 0.196702
v -7.402615 1.610163 0.175997
v -7.333333 1.571526 0.165644
v -7.264051 1.610163 0.175997
v -7.264051 1.687437 0.196702
v -7.333333 1.726074 0.207055
v -7.333333 1.646154 0.400000
v -7.402615 1.611513 0.380000
v -7.402615 1.542231 0.340000
v -7.333333 1.507590 0.320000
v -7.264051 1.542231 0.340000
v -7.264051 1.611513 0.380000
v -7.333333 1.646154 0.400000
v -7.333333 1.519019 0.565685
v -7.402615 1.490734 0.537401
v -7.402615 1.434166 0.480833
v -7.333333 1.405882 0.452548
v -7.264051 1.434166 0.480833
v -7.264051 1.490734 0.537401
v -7.333333 1.519019 0.565685
v -7.333333 1.353333 0.692820
v -7.402615 1.333333 0.658179
v -7.402615 1.293333 0.588897
v -7.333333 1.273333 0.554256
v -7.264051 1.293333 0.588897
v -7.264051 1.333333 0.658179
v -7.333333 1.353333 0.692820
v -7.333333 1.160389 0.772741
v -7.402615 1.150036 0.734104
v -7.402615 1.129330 0.656830
v -7.333333 1.118978 0.618193
v -7.264051 1.129330 0.656830
v -7.264051 1.150036 0.734104
v -7.333333 1.160389 0.772741
v -7.333333 0.953333 0.800000
v -7.402615 0.953333 0.760000
v -7.402615 0.953333 0.680000
v -7.333333 0.953333 0.640000
v -7.264051 0.953333 0.680000
v -7.264051 0.953333 0.760000
v -7.333333 0.953333 0.800000
v -7.333333 0.746278 0.772741
v -7.402615 0.756631 0.734104
v -7.402615 0.777336 0.656830
v -7.333333 0.787689 0.618193
v -7.264051 0.777336 0.656830
v -7.264051 0.756631 0.734104
v -7.333333 0.746278 0.772741
v -7.333333 0.553333 0.692820
v -7.402615 0.573333 0.658179
v -7.402615 0.613333 0.588897
v -7.333333 0.633333 0.554256
v -7.264051 0.613333 0.588897
v -7.264051 0.573333 0.658179
v -7.333333 0.553333 0.692820
v -7.333333 0.387648 0.565685
v -7.402615 0.415932 0.537401
v -7.402615 0.472501 0.480833
v -7.333333 0.500785 0.452548
v -7.264051 0.472501 0.480833
v -7.264051 0.415932 0.537401
v -7.333333 0.387648 0.565685
v -7.333333 0.260513 0.400000
v -7.402615 0.295154 0.380000
v -7.402615 0.364436 0.340000
v -7.333333 0.399077 0.320000
v -7.264051 0.364436 0.340000
v -7.264051 0.295154 0.380000
v -7.333333 0.260513 0.400000
v -7.333333 0.180593 0.207055
v -7.402615 0.219230 0.196702
v -7.402615 0.296504 0.175997
v -7.333333 0.335141 0.165644
v -7.264051 0.296504 0.175997
v -7.264051 0.219230 0.196702
v -7.333333 0.180593 0.207055
v -7.333333 0.154018 0.010442
v -7.402615 0.193676 0.005221
v -7.402615 0.272991 -0.005221
v -7.333333 0.312649 -0.010442
v -7.264051 0.272991 -0.005221
v -7.264051 0.193676 0.005221
v -7.333333 0.154018 0.010442
v -7.333333 0.233333 -0.000000
v -7.333333 0.233333 0.000000
vt 0.0087500 0.7412500
vt 0.0475000 0.7412500
vt 0.0862500 0.7412500
vt 0.1250000 0.7412500
vt 0.1637500 0.7412500
vt 0.2025000 0.7412500
vt 0.2412500 0.7412500
vt 0.0087500 0.7315625
vt 0.0475000 0.7315625
vt 0.0862500 0.7315625
vt 0.1250000 0.7315625
vt 0.1637500 0.7315625
vt 0.2025000 0.7315625
vt 0.2412500 0.7315625
vt 0.0087500 0.7218750
vt 0.0475000 0.7218750
vt 0.0862500 0.7218750
vt 0.1250000 0.7218750
vt 0.1637500 0.7218750
vt 0.2025000 0.7218750
vt 0.2412500 0.7218750
vt 0.0087500 0.7121875
vt 0.0475000 0.7121875
vt 0.0862500 0.7121875
vt 0.1250000 0.7121875
vt 0.1637500 0.7121875
vt 0.2025000 0.7121875
vt 0.2412500 0.7121875
vt 0.0087500 0.7025000
vt 0.0475000 0.7025000
vt 0.0862500 0.7025000
vt 0.1250000 0.7025000
vt 0.1637500 0.7025000
vt 0.2025000 0.7025000
vt 0.2412500 0.7025000
vt 0.0087500 0.6928125
vt 0.0475000 0.6928125
vt 0.0862500 0.6928125
vt 0.1250000 0.6928125
vt 0.1637500 0.6928125
vt 0.2025000 0.6928125
vt 0.2412500 0.6928125
vt 0.0087500 0.6831250
vt 0.0475000 0.6831250
vt 0.0862500 0.6831250
vt 0.1250000 0.6831250
vt 0.1637500 0.6831250
vt 0.2025000 0.6831250
vt 0.2412500 0.6831250
vt 0.0087500 0.6734375
vt 0.0475000 0.6734375
vt 0.0862500 0.6734375
vt 0.1250000 0.6734375
vt 0.1637500 0.6734375
vt 0.2025000 0.6734375
vt 0.2412500 0.6734375
vt 0.0087500 0.6637500
vt 0.0475000 0.6637500
vt 0.0862500 0.6637500
vt 0.1250000 0.6637500
vt 0.1637500 0.6637500
vt 0.2025000 0.6637500
vt 0.2412500 0.6637500
vt 0.0087500 0.6540625
vt 0.0475000 0.6540625
vt 0.0862500 0.6540625
vt 0.1250000 0.6540625
vt 0.1637500 0.6540625
vt 0.2025000 0.6540625
vt 0.2412500 0.6540625
vt 0.0087500 0.6443750
vt 0.0475000 0.6443750
vt 0.0862500 0.6443750
vt 0.1250000 0.6443750
vt 0.1637500 0.6443750
vt 0.2025000 0.6443750
vt 0.2412500 0.6443750
vt 0.0087500 0.6346875
vt 0.0475000 0.6346875
vt 0.0862500 0.6346875
vt 0.1250000 0.6346875
vt 0.1637500 0.6346875
vt 0.2025000 0.6346875
vt 0.2412500 0.6346875
vt 0.0087500 0.6250000
vt 0.0475000 0.6250000
vt 0.0862500 0.6250000
vt 0.1250000 0.6250000
vt 0.1637500 0.6250000
vt 0.2025000 0.6250000
vt 0.2412500 0.6250000
vt 0.0087500 0.6153125
vt 0.0475000 0.6153125
vt 0.0862500 0.6153125
vt 0.1250000 0.6153125
vt 0.1637500 0.6153125
vt 0.2025000 0.6153125
vt 0.2412500 0.6153125
vt 0.0087500 0.6056250
vt 0.0475000 0.6056250
vt 0.0862500 0.6056250
vt 0.1250000 0.6056250
vt 0.1637500 0.6056250
vt 0.2025000 0.6056250
vt 0.2412500 0.6056250
vt 0.0087500 0.5959375
vt 0.0475000 0.5959375
vt 0.0862500 0.5959375
vt 0.1250000 0.5959375
vt 0.1637500 0.5959375
vt 0.2025000 0.5959375
vt 0.2412500 0.5959375
vt 0.0087500 0.5862500
vt 0.0475000 0.5862500
vt 0.0862500 0.5862500
vt 0.1250000 0.5862500
vt 0.1637500 0.5862500
vt 0.2025000 0.5862500
vt 0.2412500 0.5862500
vt 0.0087500 0.5765625
vt 0.0475000 0.5765625
vt 0.0862500 0.5765625
vt 0.1250000 0.5765625
vt 0.1637500 0.5765625
vt 0.2025000 0.5765625
vt 0.2412500 0.5765625
vt 0.0087500 0.5668750
vt 0.0475000 0.5668750
vt 0.0862500 0.5668750
vt 0.1250000 0.5668750
vt 0.1637500 0.5668750
vt 0.2025000 0.5668750
vt 0.2412500 0.5668750
vt 0.0087500 0.5571875
vt 0.0475000 0.5571875
vt 0.0862500 0.5571875
vt 0.1250000 0.5571875
vt 0.1637500 0.5571875
vt 0.2025000 0.5571875
vt 0.2412500 0.5571875
vt 0.0087500 0.5475000
vt 0.0475000 0.5475000
vt 0.0862500 0.5475000
vt 0.1250000 0.5475000
vt 0.1637500 0.5475000
vt 0.2025000 0.5475000
vt 0.2412500 0.5475000
vt 0.0087500 0.5378125
vt 0.0475000 0.5378125
vt 0.0862500 0.5378125
vt 0.1250000 0.5378125
vt 0.1637500 0.5378125
vt 0.2025000 0.5378125
vt 0.2412500 0.5378125
vt 0.0087500 0.5281250
vt 0.0475000 0.5281250
vt 0.0862500 0.5281250
vt 0.1250000 0.5281250
vt 0.1637500 0.5281250
vt 0.2025000 0.5281250
vt 0.2412500 0.5281250
vt 0.0087500 0.5184375
vt 0.0475000 0.5184375
vt 0.0862500 0.5184375
vt 0.1250000 0.5184375
vt 0.1637500 0.5184375
vt 0.2025000 0.5184375
vt 0.2412500 0.5184375
vt 0.0087500 0.5087500
vt 0.0475000 0.5087500
vt 0.0862500 0.5087500
vt 0.1250000 0.5087500
vt 0.1637500 0.5087500
vt 0.2025000 0.5087500
vt 0.2412500 0.5087500
vt 0.1250000 0.6250000
vt 0.1250000 0.6250000
vn -0.1781696 -0.9755399 0.1287536
vn -0.9081770 -0.3546987 0.2222688
vn -0.7279461 0.5857775 0.3563134
vn 0.1833838 0.8987391 0.3982944
vn 0.9114855 0.2717827 0.3087530
vn 0.7275753 -0.6638868 0.1728826
vn -0.1781696 -0.9755399 0.1287536
vn -0.0017010 -0.9648111 -0.2629384
vn -0.8607741 -0.4966676 -0.1113071
vn -0.8731731 0.4654183 0.1447570
vn -0.0037406 0.9671773 0.2540750
vn 0.8714729 0.4791335 0.1047193
vn 0.8596915 -0.4865790 -0.1554715
vn -0.0017010 -0.9648111 -0.2629384
vn -0.0000000 -0.8660254 -0.5000000
vn -0.8580278 -0.4559820 -0.2363657
vn -0.8741271 0.4100316 0.2603382
vn 0.0000000 0.8660254 0.5000000
vn 0.8741271 0.4304753 0.2249286
vn 0.8580278 -0.4326897 -0.2767091
vn -0.0000000 -0.8660254 -0.5000000
vn -0.0000000 -0.7071068 -0.7071068
vn -0.8580278 -0.3792688 -0.3463286
vn -0.8741271 0.3286796 0.3575914
vn -0.0000000 0.7071068 0.7071068
vn 0.8741271 0.3575914 0.3286796
vn 0.8580278 -0.3463286 -0.3792688
vn -0.0000000 -0.7071068 -0.7071068
vn 0.0000000 -0.5000000 -0.8660254
vn -0.8580278 -0.2767091 -0.4326897
vn -0.8741271 0.2249286 0.4304753
vn -0.0000000 0.5000000 0.8660254
vn 0.8741271 0.2603382 0.4100316
vn 0.8580278 -0.2363657 -0.4559820
vn 0.0000000 -0.5000000 -0.8660254
vn 0.0000000 -0.2588190 -0.9659258
vn -0.8580278 -0.1552921 -0.4895637
vn -0.8741271 0.1058492 0.4740230
vn -0.0000000 0.2588190 0.9659258
vn 0.8741271 0.1453434 0.4634405
vn 0.8580278 -0.1102949 -0.5016207
vn 0.0000000 -0.2588190 -0.9659258
vn -0.0000000 0.0000000 -1.0000000
vn -0.8580278 -0.0232923 -0.5130748
vn -0.8741271 -0.0204437 0.4852668
vn 0.0000000 0.0000000 1.0000000
vn 0.8741271 0.0204437 0.4852668
vn 0.8580278 0.0232923 -0.5130748
vn -0.0000000 0.0000000 -1.0000000
vn 0.0000000 0.2588190 -0.9659258
vn -0.8580278 0.1102949 -0.5016207
vn -0.8741271 -0.1453434 0.4634405
vn -0.0000000 -0.2588190 0.9659258
vn 0.8741271 -0.1058492 0.4740230
vn 0.8580278 0.1552921 -0.4895637
vn 0.0000000 0.2588190 -0.9659258
vn 0.0000000 0.5000000 -0.8660254
vn -0.8580278 0.2363657 -0.4559820
vn -0.8741271 -0.2603382 0.4100316
vn -0.0000000 -0.5000000 0.8660254
vn 0.8741271 -0.2249286 0.4304753
vn 0.8580278 0.2767091 -0.4326897
vn 0.0000000 0.5000000 -0.8660254
vn -0.0000000 0.7071068 -0.7071068
vn -0.8580278 0.3463286 -0.3792688
vn -0.8741271 -0.3575914 0.3286796
vn -0.0000000 -0.7071068 0.7071068
vn 0.8741271 -0.3286796 0.3575914
vn 0.8580278 0.3792688 -0.3463286
vn -0.0000000 0.7071068 -0.7071068
vn 0.0000000 0.8660254 -0.5000000
vn -0.8580278 0.4326897 -0.2767091
vn -0.8741271 -0.4304753 0.2249286
vn -0.0000000 -0.8660254 0.5000000
vn 0.8741271 -0.4100316 0.2603382
vn 0.8580278 0.4559820 -0.2363657
vn 0.0000000 0.8660254 -0.5000000
vn 0.0000000 0.9659258 -0.2588190
vn -0.8580278 0.4895637 -0.1552921
vn -0.8741271 -0.4740230 0.1058492
vn -0.0000000 -0.9659258 0.2588190
vn 0.8741271 -0.4634405 0.1453434
vn 0.8580278 0.5016207 -0.1102949
vn 0.0000000 0.9659258 -0.2588190
vn -0.0000000 1.0000000 -0.0000000
vn -0.8580278 0.5130748 -0.0232923
vn -0.8741271 -0.4852668 -0.0204437
vn -0.0000000 -1.0000000 0.0000000
vn 0.8741271 -0.4852668 0.0204437
vn 0.8580278 0.5130748 0.0232923
vn -0.0000000 1.0000000 -0.0000000
vn -0.0000000 0.9659258 0.2588190
vn -0.8580278 0.5016207 0.1102949
vn -0.8741271 -0.4634405 -0.1453434
vn -0.0000000 -0.9659258 -0.2588190
vn 0.8741271 -0.4740230 -0.1058492
vn 0.8580278 0.4895637 0.1552921
vn -0.0000000 0.9659258 0.2588190
vn -0.0000000 0.8660254 0.5000000
vn -0.8580278 0.4559820 0.2363657
vn -0.8741271 -0.4100316 -0.2603382
vn -0.0000000 -0.8660254 -0.5000000
vn 0.8741271 -0.4304753 -0.2249286
vn 0.8580278 0.4326897 0.2767091
vn -0.0000000 0.8660254 0.5000000
vn 0.0000000 0.7071068 0.7071068
vn -0.8580278 0.3792688 0.3463286
vn -0.8741271 -0.3286796 -0.3575914
vn -0.0000000 -0.7071068 -0.7071068
vn 0.8741271 -0.3575914 -0.3286796
vn 0.8580278 0.3463286 0.3792688
vn 0.0000000 0.7071068 0.7071068
vn 0.0000000 0.5000000 0.8660254
vn -0.8580278 0.2767091 0.4326897
vn -0.8741271 -0.2249286 -0.4304753
vn -0.0000000 -0.5000000 -0.8660254
vn 0.8741271 -0.2603382 -0.4100316
vn 0.8580278 0.2363657 0.4559820
vn 0.0000000 0.5000000 0.8660254
vn 0.0000000 0.2588190 0.9659258
vn -0.8580278 0.1552921 0.4895637
vn -0.8741271 -0.1058492 -0.4740230
vn -0.0000000 -0.2588190 -0.9659258
vn 0.8741271 -0.1453434 -0.4634405
vn 0.8580278 0.1102949 0.5016207
vn 0.0000000 0.2588190 0.9659258
vn 0.0000000 0.0000000 1.0000000
vn -0.8580278 0.0232923 0.5130748
vn -0.8741271 0.0204437 -0.4852668
vn -0.0000000 -0.0000000 -1.0000000
vn 0.8741271 -0.0204437 -0.4852668
vn 0.8580278 -0.0232923 0.5130748
vn 0.0000000 0.0000000 1.0000000
vn -0.0000000 -0.2588190 0.9659258
vn -0.8580278 -0.1102949 0.5016207
vn -0.8741271 0.1453434 -0.4634405
vn 0.0000000 0.2588190 -0.9659258
vn 0.8741271 0.1058492 -0.4740230
vn 0.8580278 -0.1552921 0.4895637
vn -0.0000000 -0.2588190 0.9659258
vn -0.0000000 -0.5000000 0.8660254
vn -0.8580278 -0.2363657 0.4559820
vn -0.8741271 0.2603382 -0.4100316
vn -0.0000000 0.5000000 -0.8660254
vn 0.8741271 0.2249286 -0.4304753
vn 0.8580278 -0.2767091 0.4326897
vn -0.0000000 -0.5000000 0.8660254
vn 0.0000000 -0.7071068 0.7071068
vn -0.8580278 -0.3463286 0.3792688
vn -0.8741271 0.3575914 -0.3286796
vn -0.0000000 0.7071068 -0.7071068
vn 0.8741271 0.3286796 -0.3575914
vn 0.8580278 -0.3792688 0.3463286
vn 0.0000000 -0.7071068 0.7071068
vn 0.0000000 -0.8660254 0.5000000
vn -0.8580278 -0.4326897 0.2767091
vn -0.8741271 0.4304753 -0.2249286
vn -0.0000000 0.8660254 -0.5000000
vn 0.8741271 0.4100316 -0.2603382
vn 0.8580278 -0.4559820 0.2363657
vn 0.0000000 -0.8660254 0.5000000
vn 0.0017010 -0.9648111 0.2629384
vn -0.8596915 -0.4865790 0.1554715
vn -0.8714729 0.4791335 -0.1047193
vn 0.0037406 0.9671773 -0.2540750
vn 0.8731731 0.4654183 -0.1447570
vn 0.8607741 -0.4966676 0.1113071
vn 0.0017010 -0.9648111 0.2629384
vn 0.1781696 -0.9755399 -0.1287536
vn -0.7275753 -0.6638868 -0.1728826
vn -0.9114855 0.2717827 -0.3087530
vn -0.1833838 0.8987391 -0.3982944
vn 0.7279461 0.5857775 -0.3563134
vn 0.9081770 -0.3546987 -0.2222688
vn 0.1781696 -0.9755399 -0.1287536
vn -0.0000000 -1.0000000 0.0000000
vn -0.0000000 -1.0000000 0.0000000
f 847/847/847 848/848/848 855/855/855
f 847/847/847 855/855/855 854/854/854
f 848/848/848 849/849/849 856/856/856
f 848/848/848 856/856/856 855/855/855
f 849/849/849 850/850/850 857/857/857
f 849/849/849 857/857/857 856/856/856
f 850/850/850 851/851/851 858/858/858
f 850/850/850 858/858/858 857/857/857
f 851/851/851 852/852/852 859/859/859
f 851/851/851 859/859/859 858/858/858
f 852/852/852 853/853/853 860/860/860
f 852/852/852 860/860/860 859/859/859
f 854/854/854 855/855/855 862/862/862
f 854/854/854 862/862/862 861/861/861
f 855/855/855 856/856/856 863/863/863
f 855/855/855 863/863/863 862/862/862
f 856/856/856 857/857/857 864/864/864
f 856/856/856 864/864/864 863/863/863
f 857/857/857 858/858/858 865/865/865
f 857/857/857 865/865/865 864/864/864
f 858/858/858 859/859/859 866/866/866
f 858/858/858 866/866/866 865/865/865
f 859/859/859 860/860/860 867/867/867
f 859/859/859 867/867/867 866/866/866
f 861/861/861 862/862/862 869/869/869
f 861/861/861 869/869/869 868/868/868
f 862/862/862 863/863/863 870/870/870
f 862/862/862 870/870/870 869/869/869
f 863/863/863 864/864/864 871/871/871
f 863/863/863 871/871/871 870/870/870
f 864/864/864 865/865/865 872/872/872
f 864/864/864 872/872/872 871/871/871
f 865/865/865 866/866/866 873/873/873
f 865/865/865 873/873/873 872/872/872
f 866/866/866 867/867/867 874/874/874
f 866/866/866 874/874/874 873/873/873
f 868/868/868 869/869/869 876/876/876
f 868/868/868 876/876/876 875/875/875
f 869/869/869 870/870/870 877/877/877
f 869/869/869 877/877/877 876/876/876
f 870/870/870 871/871/871 878/878/878
f 870/870/870 878/878/878 877/877/877
f 871/871/871 872/872/872 879/879/879
f 871/871/871 879/879/879 878/878/878
f 872/872/872 873/873/873 880/880/880
f 872/872/872 880/880/880 879/879/879
f 873/873/873 874/874/874 881/881/881
f 873/873/873 881/881/881 880/880/880
f 875/875/875 876/876/876 883/883/883
f 875/875/875 883/883/883 882/882/882
f 876/876/876 877/877/877 884/884/884
f 876/876/876 884/884/884 883/883/883
f 877/877/877 878/878/878 885/885/885
f 877/877/877 885/885/885 884/884/884
f 878/878/878 879/879/879 886/886/886
f 878/878/878 886/886/886 885/885/885
f 879/879/879 880/880/880 887/887/887
f 879/879/879 887/887/887 886/886/886
f 880/880/880 881/881/881 888/888/888
f 880/880/880 888/888/888 887/887/887
f 882/882/882 883/883/883 890/890/890
f 882/882/882 890/890/890 889/889/889
f 883/883/883 884/884/884 891/891/891
f 883/883/883 891/891/891 890/890/890
f 884/884/884 885/885/885 892/892/892
f 884/884/884 892/892/892 891/891/891
f 885/885/885 886/886/886 893/893/893
f 885/885/885 893/893/893 892/892/892
f 886/886/886 887/887/887 894/894/894
f 886/886/886 894/894/894 893/893/893
f 887/887/887 888/888/888 895/895/895
f 887/887/887 895/895/895 894/894/894
f 889/889/889 890/890/890 897/897/897
f 889/889/889 897/897/897 896/896/896
f 890/890/890 891/891/891 898/898/898
f 890/890/890 898/898/898 897/897/897
f 891/891/891 892/892/892 899/899/899
f 891/891/891 899/899/899 898/898/898
f 892/892/892 893/893/893 900/900/900
f 892/892/892 900/900/900 899/899/899
f 893/893/893 894/894/894 901/901/901
f 893/893/893 901/901/901 900/900/900
f 894/894/894 895/895/895 902/902/902
f 894/894/894 902/902/902 901/901/901
f 896/896/896 897/897/897 904/904/904
f 896/896/896 904/904/904 903/903/903
f 897/897/897 898/898/898 905/905/905
f 897/897/897 905/905/905 904/904/904
f 898/898/898 899/899/899 906/906/906
f 898/898/898 906/906/906 905/905/905
f 899/899/899 900/900/900 907/907/907
f 899/899/899 907/907/907 906/906/906
f 900/900/900 901/901/901 908/908/908
f 900/900/900 908/908/908 907/907/907
f 901/901/901 902/902/902 909/909/909
f 901/901/901 909/909/909 908/908/908
f 903/903/903 904/904/904 911/911/911
f 903/903/903 911/911/911 910/910/910
f 904/904/904 905/905/905 912/912/912
f 904/904/904 912/912/912 911/911/911
f 905/905/905 906/906/906 913/913/913
f 905/905/905 913/913/913 912/912/912
f 906/906/906 907/907/907 914/914/914
f 906/906/906 914/914/914 913/913/913
f 907/907/907 908/908/908 915/915/915
f 907/907/907 915/915/915 914/914/914
f 908/908/908 909/909/909 916/916/916
f 908/908/908 916/916/916 915/915/915
f 910/910/910 911/911/911 918/918/918
f 910/910/910 918/918/918 917/917/917
f 911/911/911 912/912/912 919/919/919
f 911/911/911 919/919/919 918/918/918
f 912/912/912 913/913/913 920/920/920
f 912/912/912 920/920/920 919/919/919
f 913/913/913 914/914/914 921/921/921
f 913/913/913 921/921/921 920/920/920
f 914/914/914 915/915/915 922/922/922
f 914/914/914 922/922/922 921/921/921
f 915/915/915 916/916/916 923/923/923
f 915/915/915 923/923/923 922/922/922
f 917/917/917 918/918/918 925/925/925
f 917/917/917 925/925/925 924/924/924
f 918/918/918 919/919/919 926/926/926
f 918/918/918 926/926/926 925/925/925
f 919/919/919 920/920/920 927/927/927
f 919/919/919 927/927/927 926/926/926
f 920/920/920 921/921/921 928/928/928
f 920/920/920 928/928/928 927/927/927
f 921/921/921 922/922/922 929/929/929
f 921/921/921 929/929/929 928/928/928
f 922/922/922 923/923/923 930/930/930
f 922/922/922 930/930/930 929/929/929
f 924/924/924 925/925/925 932/932/932
f 924/924/924 932/932/932 931/931/931
f 925/925/925 926/926/926 933/933/933
f 925/925/925 933/933/933 932/932/932
f 926/926/926 927/927/927 934/934/934
f 926/926/926 934/934/934 933/933/933
f 927/927/927 928/928/928 935/935/935
f 927/927/927 935/935/935 934/934/934
f 928/928/928 929/929/929 936/936/936
f 928/928/928 936/936/936 935/935/935
f 929/929/929 930/930/930 937/937/937
f 929/929/929 937/937/937 936/936/936
f 931/931/931 932/932/932 939/939/939
f 931/931/931 939/939/939 938/938/938
f 932/932/932 933/933/933 940/940/940
f 932/932/932 940/940/940 939/939/939
f 933/933/933 934/934/934 941/941/941
f 933/933/933 941/941/941 940/940/940
f 934/934/934 935/935/935 942/942/942
f 934/934/934 942/942/942 941/941/941
f 935/935/935 936/936/936 943/943/943
f 935/935/935 943/943/943 942/942/942
f 936/936/936 937/937/937 944/944/944
f 936/936/936 944/944/944 943/943/943
f 938/938/938 939/939/939 946/946/946
f 938/938/938 946/946/946 945/945/945
f 939/939/939 940/940/940 947/947/947
f 939/939/939 947/947/947 946/946/946
f 940/940/940 941/941/941 948/948/948
f 940/940/940 948/948/948 947/947/947
f 941/941/941 942/942/942 949/949/949
f 941/941/941 949/949/949 948/948/948
f 942/942/942 943/943/943 950/950/950
f 942/942/942 950/950/950 949/949/949
f 943/943/943 944/944/944 951/951/951
f 943/943/943 951/951/951 950/950/950
f 945/945/945 946/946/946 953/953/953
f 945/945/945 953/953/953 952/952/952
f 946/946/946 947/947/947 954/954/954
f 946/946/946 954/954/954 953/953/953
f 947/947/947 948/948/948 955/955/955
f 947/947/947 955/955/955 954/954/954
f 948/948/948 949/949/949 956/956/956
f 948/948/948 956/956/956 955/955/955
f 949/949/949 950/950/950 957/957/957
f 949/949/949 957/957/957 956/956/956
f 950/950/950 951/951/951 958/958/958
f 950/950/950 958/958/958 957/957/957
f 952/952/952 953/953/953 960/960/960
f 952/952/952 960/960/960 959/959/959
f 953/953/953 954/954/954 961/961/961
f 953/953/953 961/961/961 960/960/960
f 954/954/954 955/955/955 962/962/962
f 954/954/954 962/962/962 961/961/961
f 955/955/955 956/956/956 963/963/963
f 955/955/955 963/963/963 962/962/962
f 956/956/956 957/957/957 964/964/964
f 956/956/956 964/964/964 963/963/963
f 957/957/957 958/958/958 965/965/965
f 957/957/957 965/965/965 964/964/964
f 959/959/959 960/960/960 967/967/967
f 959/959/959 967/967/967 966/966/966
f 960/960/960 961/961/961 968/968/968
f 960/960/960 968/968/968 967/967/967
f 961/961/961 962/962/962 969/969/969
f 961/961/961 969/969/969 968/968/968
f 962/962/962 963/963/963 970/970/970
f 962/962/962 970/970/970 969/969/969
f 963/963/963 964/964/964 971/971/971
f 963/963/963 971/971/971 970/970/970
f 964/964/964 965/965/965 972/972/972
f 964/964/964 972/972/972 971/971/971
f 966/966/966 967/967/967 974/974/974
f 966/966/966 974/974/974 973/973/973
f 967/967/967 968/968/968 975/975/975
f 967/967/967 975/975/975 974/974/974
f 968/968/968 969/969/969 976/976/976
f 968/968/968 976/976/976 975/975/975
f 969/969/969 970/970/970 977/977/977
f 969/969/969 977/977/977 976/976/976
f 970/970/970 971/971/971 978/978/978
f 970/970/970 978/978/978 977/977/977
f 971/971/971 972/972/972 979/979/979
f 971/971/971 979/979/979 978/978/978
f 973/973/973 974/974/974 981/981/981
f 973/973/973 981/981/981 980/980/980
f 974/974/974 975/975/975 982/982/982
f 974/974/974 982/982/982 981/981/981
f 975/975/975 976/976/976 983/983/983
f 975/975/975 983/983/983 982/982/982
f 976/976/976 977/977/977 984/984/984
f 976/976/976 984/984/984 983/983/983
f 977/977/977 978/978/978 985/985/985
f 977/977/977 985/985/985 984/984/984
f 978/978/978 979/979/979 986/986/986
f 978/978/978 986/986/986 985/985/985
f 980/980/980 981/981/981 988/988/988
f 980/980/980 988/988/988 987/987/987
f 981/981/981 982/982/982 989/989/989
f 981/981/981 989/989/989 988/988/988
f 982/982/982 983/983/983 990/990/990
f 982/982/982 990/990/990 989/989/989
f 983/983/983 984/984/984 991/991/991
f 983/983/983 991/991/991 990/990/990
f 984/984/984 985/985/985 992/992/992
f 984/984/984 992/992/992 991/991/991
f 985/985/985 986/986/986 993/993/993
f 985/985/985 993/993/993 992/992/992
f 987/987/987 988/988/988 995/995/995
f 987/987/987 995/995/995 994/994/994
f 988/988/988 989/989/989 996/996/996
f 988/988/988 996/996/996 995/995/995
f 989/989/989 990/990/990 997/997/997
f 989/989/989 997/997/997 996/996/996
f 990/990/990 991/991/991 998/998/998
f 990/990/990 998/998/998 997/997/997
f 991/991/991 992/992/992 999/999/999
f 991/991/991 999/999/999 998/998/998
f 992/992/992 993/993/993 1000/1000/1000
f 992/992/992 1000/1000/1000 999/999/999
f 994/994/994 995/995/995 1002/1002/1002
f 994/994/994 1002/1002/1002 1001/1001/1001
f 995/995/995 996/996/996 1003/1003/1003
f 995/995/995 1003/1003/1003 1002/1002/1002
f 996/996/996 997/997/997 1004/1004/1004
f 996/996/996 1004/1004/1004 1003/1003/1003
f 997/997/997 998/998/998 1005/1005/1005
f 997/997/997 1005/1005/1005 1004/1004/1004
f 998/998/998 999/999/999 1006/1006/1006
f 998/998/998 1006/1006/1006 1005/1005/1005
f 999/999/999 1000/1000/1000 1007/1007/1007
f 999/999/999 1007/1007/1007 1006/1006/1006
f 1001/1001/1001 1002/1002/1002 1009/1009/1009
f 1001/1001/1001 1009/1009/1009 1008/1008/1008
f 1002/1002/1002 1003/1003/1003 1010/1010/1010
f 1002/1002/1002 1010/1010/1010 1009/1009/1009
f 1003/1003/1003 1004/1004/1004 1011/1011/1011
f 1003/1003/1003 1011/1011/1011 1010/1010/1010
f 1004/1004/1004 1005/1005/1005 1012/1012/1012
f 1004/1004/1004 1012/1012/1012 1011/1011/1011
f 1005/1005/1005 1006/1006/1006 1013/1013/1013
f 1005/1005/1005 1013/1013/1013 1012/1012/1012
f 1006/1006/1006 1007/1007/1007 1014/1014/1014
f 1006/1006/1006 1014/1014/1014 1013/1013/1013
f 1008/1008/1008 1009/1009/1009 1016/1016/1016
f 1008/1008/1008 1016/1016/1016 1015/1015/1015
f 1009/1009/1009 1010/1010/1010 1017/1017/1017
f 1009/1009/1009 1017/1017/1017 1016/1016/1016
f 1010/1010/1010 1011/1011/1011 1018/1018/1018
f 1010/1010/1010 1018/1018/1018 1017/1017/1017
f 1011/1011/1011 1012/1012/1012 1019/1019/1019
f 1011/1011/1011 1019/1019/1019 1018/1018/1018
f 1012/1012/1012 1013/1013/1013 1020/1020/1020
f 1012/1012/1012 1020/1020/1020 1019/1019/1019
f 1013/1013/1013 1014/1014/1014 1021/1021/1021
f 1013/1013/1013 1021/1021/1021 1020/1020/1020
f 1022/1022/1022 848/848/848 847/847/847
f 1022/1022/1022 849/849/849 848/848/848
f 1022/1022/1022 850/850/850 849/849/849
f 1022/1022/1022 851/851/851 850/850/850
f 1022/1022/1022 852/852/852 851/851/851
f 1022/1022/1022 853/853/853 852/852/852
f 1023/1023/1023 1015/1015/1015 1016/1016/1016
f 1023/1023/1023 1016/1016/1016 1017/1017/1017
f 1023/1023/1023 1017/1017/1017 1018/1018/1018
f 1023/1023/1023 1018/1018/1018 1019/1019/1019
f 1023/1023/1023 1019/1019/1019 1020/1020/1020
f 1023/1023/1023 1020/1020/1020 1021/1021/1021
o Pole_grip_binding
v -6.000000 0.154018 -0.010442
v -6.069282 0.193676 -0.005221
v -6.069282 0.272991 0.005221
v -6.000000 0.312649 0.010442
v -5.930718 0.272991 0.005221
v -5.930718 0.193676 -0.005221
v -6.000000 0.154018 -0.010442
v -6.000000 0.180593 -0.207055
v -6.069282 0.219230 -0.196702
v -6.069282 0.296504 -0.175997
v -6.000000 0.335141 -0.165644
v -5.930718 0.296504 -0.175997
v -5.930718 0.219230 -0.196702
v -6.000000 0.180593 -0.207055
v -6.000000 0.260513 -0.400000
v -6.069282 0.295154 -0.380000
v -6.069282 0.364436 -0.340000
v -6.000000 0.399077 -0.320000
v -5.930718 0.364436 -0.340000
v -5.930718 0.295154 -0.380000
v -6.000000 0.260513 -0.400000
v -6.000000 0.387648 -0.565685
v -6.069282 0.415932 -0.537401
v -6.069282 0.472501 -0.480833
v -6.000000 0.500785 -0.452548
v -5.930718 0.472501 -0.480833
v -5.930718 0.415932 -0.537401
v -6.000000 0.387648 -0.565685
v -6.000000 0.553333 -0.692820
v -6.069282 0.573333 -0.658179
v -6.069282 0.613333 -0.588897
v -6.000000 0.633333 -0.554256
v -5.930718 0.613333 -0.588897
v -5.930718 0.573333 -0.658179
v -6.000000 0.553333 -0.692820
v -6.000000 0.746278 -0.772741
v -6.069282 0.756631 -0.734104
v -6.069282 0.777336 -0.656830
v -6.000000 0.787689 -0.618193
v -5.930718 0.777336 -0.656830
v -5.930718 0.756631 -0.734104
v -6.000000 0.746278 -0.772741
v -6.000000 0.953333 -0.800000
v -6.069282 0.953333 -0.760000
v -6.069282 0.953333 -0.680000
v -6.000000 0.953333 -0.640000
v -5.930718 0.953333 -0.680000
v -5.930718 0.953333 -0.760000
v -6.000000 0.953333 -0.800000
v -6.000000 1.160389 -0.772741
v -6.069282 1.150036 -0.734104
v -6.069282 1.129330 -0.656830
v -6.000000 1.118978 -0.618193
v -5.930718 1.129330 -0.656830
v -5.930718 1.150036 -0.734104
v -6.000000 1.160389 -0.772741
v -6.000000 1.353333 -0.692820
v -6.069282 1.333333 -0.658179
v -6.069282 1.293333 -0.588897
v -6.000000 1.273333 -0.554256
v -5.930718 1.293333 -0.588897
v -5.930718 1.333333 -0.658179
v -6.000000 1.353333 -0.692820
v -6.000000 1.519019 -0.565685
v -6.069282 1.490734 -0.537401
v -6.069282 1.434166 -0.480833
v -6.000000 1.405882 -0.452548
v -5.930718 1.434166 -0.480833
v -5.930718 1.490734 -0.537401
v -6.000000 1.519019 -0.565685
v -6.000000 1.646154 -0.400000
v -6.069282 1.611513 -0.380000
v -6.069282 1.542231 -0.340000
v -6.000000 1.507590 -0.320000
v -5.930718 1.542231 -0.340000
v -5.930718 1.611513 -0.380000
v -6.000000 1.646154 -0.400000
v -6.000000 1.726074 -0.207055
v -6.069282 1.687437 -0.196702
v -6.069282 1.610163 -0.175997
v -6.000000 1.571526 -0.165644
v -5.930718 1.610163 -0.175997
v -5.930718 1.687437 -0.196702
v -6.000000 1.726074 -0.207055
v -6.000000 1.753333 -0.000000
v -6.069282 1.713333 -0.000000
v -6.069282 1.633333 -0.000000
v -6.000000 1.593333 -0.000000
v -5.930718 1.633333 -0.000000
v -5.930718 1.713333 -0.000000
v -6.000000 1.753333 -0.000000
v -6.000000 1.726074 0.207055
v -6.069282 1.687437 0.196702
v -6.069282 1.610163 0.175997
v -6.000000 1.571526 0.165644
v -5.930718 1.610163 0.175997
v -5.930718 1.687437 0.196702
v -6.000000 1.726074 0.207055
v -6.000000 1.646154 0.400000
v -6.069282 1.611513 0.380000
v -6.069282 1.542231 0.340000
v -6.000000 1.507590 0.320000
v -5.930718 1.542231 0.340000
v -5.930718 1.611513 0.380000
v -6.000000 1.646154 0.400000
v -6.000000 1.519019 0.565685
v -6.069282 1.490734 0.537401
v -6.069282 1.434166 0.480833
v -6.000000 1.405882 0.452548
v -5.930718 1.434166 0.480833
v -5.930718 1.490734 0.537401
v -6.000000 1.519019 0.565685
v -6.000000 1.353333 0.692820
v -6.069282 1.333333 0.658179
v -6.069282 1.293333 0.588897
v -6.000000 1.273333 0.554256
v -5.930718 1.293333 0.588897
v -5.930718 1.333333 0.658179
v -6.000000 1.353333 0.692820
v -6.000000 1.160389 0.772741
v -6.069282 1.150036 0.734104
v -6.069282 1.129330 0.656830
v -6.000000 1.118978 0.618193
v -5.930718 1.129330 0.656830
v -5.930718 1.150036 0.734104
v -6.000000 1.160389 0.772741
v -6.000000 0.953333 0.800000
v -6.069282 0.953333 0.760000
v -6.069282 0.953333 0.680000
v -6.000000 0.953333 0.640000
v -5.930718 0.953333 0.680000
v -5.930718 0.953333 0.760000
v -6.000000 0.953333 0.800000
v -6.000000 0.746278 0.772741
v -6.069282 0.756631 0.734104
v -6.069282 0.777336 0.656830
v -6.000000 0.787689 0.618193
v -5.930718 0.777336 0.656830
v -5.930718 0.756631 0.734104
v -6.000000 0.746278 0.772741
v -6.000000 0.553333 0.692820
v -6.069282 0.573333 0.658179
v -6.069282 0.613333 0.588897
v -6.000000 0.633333 0.554256
v -5.930718 0.613333 0.588897
v -5.930718 0.573333 0.658179
v -6.000000 0.553333 0.692820
v -6.000000 0.387648 0.565685
v -6.069282 0.415932 0.537401
v -6.069282 0.472501 0.480833
v -6.000000 0.500785 0.452548
v -5.930718 0.472501 0.480833
v -5.930718 0.415932 0.537401
v -6.000000 0.387648 0.565685
v -6.000000 0.260513 0.400000
v -6.069282 0.295154 0.380000
v -6.069282 0.364436 0.340000
v -6.000000 0.399077 0.320000
v -5.930718 0.364436 0.340000
v -5.930718 0.295154 0.380000
v -6.000000 0.260513 0.400000
v -6.000000 0.180593 0.207055
v -6.069282 0.219230 0.196702
v -6.069282 0.296504 0.175997
v -6.000000 0.335141 0.165644
v -5.930718 0.296504 0.175997
v -5.930718 0.219230 0.196702
v -6.000000 0.180593 0.207055
v -6.000000 0.154018 0.010442
v -6.069282 0.193676 0.005221
v -6.069282 0.272991 -0.005221
v -6.000000 0.312649 -0.010442
v -5.930718 0.272991 -0.005221
v -5.930718 0.193676 0.005221
v -6.000000 0.154018 0.010442
v -6.000000 0.233333 -0.000000
v -6.000000 0.233333 0.000000
vt 0.0087500 0.7412500
vt 0.0475000 0.7412500
vt 0.0862500 0.7412500
vt 0.1250000 0.7412500
vt 0.1637500 0.7412500
vt 0.2025000 0.7412500
vt 0.2412500 0.7412500
vt 0.0087500 0.7315625
vt 0.0475000 0.7315625
vt 0.0862500 0.7315625
vt 0.1250000 0.7315625
vt 0.1637500 0.7315625
vt 0.2025000 0.7315625
vt 0.2412500 0.7315625
vt 0.0087500 0.7218750
vt 0.0475000 0.7218750
vt 0.0862500 0.7218750
vt 0.1250000 0.7218750
vt 0.1637500 0.7218750
vt 0.2025000 0.7218750
vt 0.2412500 0.7218750
vt 0.0087500 0.7121875
vt 0.0475000 0.7121875
vt 0.0862500 0.7121875
vt 0.1250000 0.7121875
vt 0.1637500 0.7121875
vt 0.2025000 0.7121875
vt 0.2412500 0.7121875
vt 0.0087500 0.7025000
vt 0.0475000 0.7025000
vt 0.0862500 0.7025000
vt 0.1250000 0.7025000
vt 0.1637500 0.7025000
vt 0.2025000 0.7025000
vt 0.2412500 0.7025000
vt 0.0087500 0.6928125
vt 0.0475000 0.6928125
vt 0.0862500 0.6928125
vt 0.1250000 0.6928125
vt 0.1637500 0.6928125
vt 0.2025000 0.6928125
vt 0.2412500 0.6928125
vt 0.0087500 0.6831250
vt 0.0475000 0.6831250
vt 0.0862500 0.6831250
vt 0.1250000 0.6831250
vt 0.1637500 0.6831250
vt 0.2025000 0.6831250
vt 0.2412500 0.6831250
vt 0.0087500 0.6734375
vt 0.0475000 0.6734375
vt 0.0862500 0.6734375
vt 0.1250000 0.6734375
vt 0.1637500 0.6734375
vt 0.2025000 0.6734375
vt 0.2412500 0.6734375
vt 0.0087500 0.6637500
vt 0.0475000 0.6637500
vt 0.0862500 0.6637500
vt 0.1250000 0.6637500
vt 0.1637500 0.6637500
vt 0.2025000 0.6637500
vt 0.2412500 0.6637500
vt 0.0087500 0.6540625
vt 0.0475000 0.6540625
vt 0.0862500 0.6540625
vt 0.1250000 0.6540625
vt 0.1637500 0.6540625
vt 0.2025000 0.6540625
vt 0.2412500 0.6540625
vt 0.0087500 0.6443750
vt 0.0475000 0.6443750
vt 0.0862500 0.6443750
vt 0.1250000 0.6443750
vt 0.1637500 0.6443750
vt 0.2025000 0.6443750
vt 0.2412500 0.6443750
vt 0.0087500 0.6346875
vt 0.0475000 0.6346875
vt 0.0862500 0.6346875
vt 0.1250000 0.6346875
vt 0.1637500 0.6346875
vt 0.2025000 0.6346875
vt 0.2412500 0.6346875
vt 0.0087500 0.6250000
vt 0.0475000 0.6250000
vt 0.0862500 0.6250000
vt 0.1250000 0.6250000
vt 0.1637500 0.6250000
vt 0.2025000 0.6250000
vt 0.2412500 0.6250000
vt 0.0087500 0.6153125
vt 0.0475000 0.6153125
vt 0.0862500 0.6153125
vt 0.1250000 0.6153125
vt 0.1637500 0.6153125
vt 0.2025000 0.6153125
vt 0.2412500 0.6153125
vt 0.0087500 0.6056250
vt 0.0475000 0.6056250
vt 0.0862500 0.6056250
vt 0.1250000 0.6056250
vt 0.1637500 0.6056250
vt 0.2025000 0.6056250
vt 0.2412500 0.6056250
vt 0.0087500 0.5959375
vt 0.0475000 0.5959375
vt 0.0862500 0.5959375
vt 0.1250000 0.5959375
vt 0.1637500 0.5959375
vt 0.2025000 0.5959375
vt 0.2412500 0.5959375
vt 0.0087500 0.5862500
vt 0.0475000 0.5862500
vt 0.0862500 0.5862500
vt 0.1250000 0.5862500
vt 0.1637500 0.5862500
vt 0.2025000 0.5862500
vt 0.2412500 0.5862500
vt 0.0087500 0.5765625
vt 0.0475000 0.5765625
vt 0.0862500 0.5765625
vt 0.1250000 0.5765625
vt 0.1637500 0.5765625
vt 0.2025000 0.5765625
vt 0.2412500 0.5765625
vt 0.0087500 0.5668750
vt 0.0475000 0.5668750
vt 0.0862500 0.5668750
vt 0.1250000 0.5668750
vt 0.1637500 0.5668750
vt 0.2025000 0.5668750
vt 0.2412500 0.5668750
vt 0.0087500 0.5571875
vt 0.0475000 0.5571875
vt 0.0862500 0.5571875
vt 0.1250000 0.5571875
vt 0.1637500 0.5571875
vt 0.2025000 0.5571875
vt 0.2412500 0.5571875
vt 0.0087500 0.5475000
vt 0.0475000 0.5475000
vt 0.0862500 0.5475000
vt 0.1250000 0.5475000
vt 0.1637500 0.5475000
vt 0.2025000 0.5475000
vt 0.2412500 0.5475000
vt 0.0087500 0.5378125
vt 0.0475000 0.5378125
vt 0.0862500 0.5378125
vt 0.1250000 0.5378125
vt 0.1637500 0.5378125
vt 0.2025000 0.5378125
vt 0.2412500 0.5378125
vt 0.0087500 0.5281250
vt 0.0475000 0.5281250
vt 0.0862500 0.5281250
vt 0.1250000 0.5281250
vt 0.1637500 0.5281250
vt 0.2025000 0.5281250
vt 0.2412500 0.5281250
vt 0.0087500 0.5184375
vt 0.0475000 0.5184375
vt 0.0862500 0.5184375
vt 0.1250000 0.5184375
vt 0.1637500 0.5184375
vt 0.2025000 0.5184375
vt 0.2412500 0.5184375
vt 0.0087500 0.5087500
vt 0.0475000 0.5087500
vt 0.0862500 0.5087500
vt 0.1250000 0.5087500
vt 0.1637500 0.5087500
vt 0.2025000 0.5087500
vt 0.2412500 0.5087500
vt 0.1250000 0.6250000
vt 0.1250000 0.6250000
vn -0.1781696 -0.9755399 0.1287536
vn -0.9081770 -0.3546987 0.2222688
vn -0.7279461 0.5857775 0.3563134
vn 0.1833838 0.8987391 0.3982944
vn 0.9114855 0.2717827 0.3087530
vn 0.7275753 -0.6638868 0.1728826
vn -0.1781696 -0.9755399 0.1287536
vn -0.0017010 -0.9648111 -0.2629384
vn -0.8607741 -0.4966676 -0.1113071
vn -0.8731731 0.4654183 0.1447570
vn -0.0037406 0.9671773 0.2540750
vn 0.8714729 0.4791335 0.1047193
vn 0.8596915 -0.4865790 -0.1554715
vn -0.0017010 -0.9648111 -0.2629384
vn -0.0000000 -0.8660254 -0.5000000
vn -0.8580278 -0.4559820 -0.2363657
vn -0.8741271 0.4100316 0.2603382
vn -0.0000000 0.8660254 0.5000000
vn 0.8741271 0.4304753 0.2249286
vn 0.8580278 -0.4326897 -0.2767091
vn -0.0000000 -0.8660254 -0.5000000
vn 0.0000000 -0.7071068 -0.7071068
vn -0.8580278 -0.3792688 -0.3463286
vn -0.8741271 0.3286796 0.3575914
vn -0.0000000 0.7071068 0.7071068
vn 0.8741271 0.3575914 0.3286796
vn 0.8580278 -0.3463286 -0.3792688
vn 0.0000000 -0.7071068 -0.7071068
vn 0.0000000 -0.5000000 -0.8660254
vn -0.8580278 -0.2767091 -0.4326897
vn -0.8741271 0.2249286 0.4304753
vn -0.0000000 0.5000000 0.8660254
vn 0.8741271 0.2603382 0.4100316
vn 0.8580278 -0.2363657 -0.4559820
vn 0.0000000 -0.5000000 -0.8660254
vn 0.0000000 -0.2588190 -0.9659258
vn -0.8580278 -0.1552921 -0.4895637
vn -0.8741271 0.1058492 0.4740230
vn -0.0000000 0.2588190 0.9659258
vn 0.8741271 0.1453434 0.4634405
vn 0.8580278 -0.1102949 -0.5016207
vn 0.0000000 -0.2588190 -0.9659258
vn 0.0000000 -0.0000000 -1.0000000
vn -0.8580278 -0.0232923 -0.5130748
vn -0.8741271 -0.0204437 0.4852668
vn -0.0000000 -0.0000000 1.0000000
vn 0.8741271 0.0204437 0.4852668
vn 0.8580278 0.0232923 -0.5130748
vn 0.0000000 -0.0000000 -1.0000000
vn 0.0000000 0.2588190 -0.9659258
vn -0.8580278 0.1102949 -0.5016207
vn -0.8741271 -0.1453434 0.4634405
vn -0.0000000 -0.2588190 0.9659258
vn 0.8741271 -0.1058492 0.4740230
vn 0.8580278 0.1552921 -0.4895637
vn 0.0000000 0.2588190 -0.9659258
vn -0.0000000 0.5000000 -0.8660254
vn -0.8580278 0.2363657 -0.4559820
vn -0.8741271 -0.2603382 0.4100316
vn -0.0000000 -0.5000000 0.8660254
vn 0.8741271 -0.2249286 0.4304753
vn 0.8580278 0.2767091 -0.4326897
vn -0.0000000 0.5000000 -0.8660254
vn -0.0000000 0.7071068 -0.7071068
vn -0.8580278 0.3463286 -0.3792688
vn -0.8741271 -0.3575914 0.3286796
vn -0.0000000 -0.7071068 0.7071068
vn 0.8741271 -0.3286796 0.3575914
vn 0.8580278 0.3792688 -0.3463286
vn -0.0000000 0.7071068 -0.7071068
vn 0.0000000 0.8660254 -0.5000000
vn -0.8580278 0.4326897 -0.2767091
vn -0.8741271 -0.4304753 0.2249286
vn -0.0000000 -0.8660254 0.5000000
vn 0.8741271 -0.4100316 0.2603382
vn 0.8580278 0.4559820 -0.2363657
vn 0.0000000 0.8660254 -0.5000000
vn 0.0000000 0.9659258 -0.2588190
vn -0.8580278 0.4895637 -0.1552921
vn -0.8741271 -0.4740230 0.1058492
vn -0.0000000 -0.9659258 0.2588190
vn 0.8741271 -0.4634405 0.1453434
vn 0.8580278 0.5016207 -0.1102949
vn 0.0000000 0.9659258 -0.2588190
vn -0.0000000 1.0000000 -0.0000000
vn -0.8580278 0.5130748 -0.0232923
vn -0.8741271 -0.4852668 -0.0204437
vn -0.0000000 -1.0000000 0.0000000
vn 0.8741271 -0.4852668 0.0204437
vn 0.8580278 0.5130748 0.0232923
vn -0.0000000 1.0000000 -0.0000000
vn -0.0000000 0.9659258 0.2588190
vn -0.8580278 0.5016207 0.1102949
vn -0.8741271 -0.4634405 -0.1453434
vn -0.0000000 -0.9659258 -0.2588190
vn 0.8741271 -0.4740230 -0.1058492
vn 0.8580278 0.4895637 0.1552921
vn -0.0000000 0.9659258 0.2588190
vn 0.0000000 0.8660254 0.5000000
vn -0.8580278 0.4559820 0.2363657
vn -0.8741271 -0.4100316 -0.2603382
vn 0.0000000 -0.8660254 -0.5000000
vn 0.8741271 -0.4304753 -0.2249286
vn 0.8580278 0.4326897 0.2767091
vn 0.0000000 0.8660254 0.5000000
vn -0.0000000 0.7071068 0.7071068
vn -0.8580278 0.3792688 0.3463286
vn -0.8741271 -0.3286796 -0.3575914
vn -0.0000000 -0.7071068 -0.7071068
vn 0.8741271 -0.3575914 -0.3286796
vn 0.8580278 0.3463286 0.3792688
vn -0.0000000 0.7071068 0.7071068
vn -0.0000000 0.5000000 0.8660254
vn -0.8580278 0.2767091 0.4326897
vn -0.8741271 -0.2249286 -0.4304753
vn -0.0000000 -0.5000000 -0.8660254
vn 0.8741271 -0.2603382 -0.4100316
vn 0.8580278 0.2363657 0.4559820
vn -0.0000000 0.5000000 0.8660254
vn 0.0000000 0.2588190 0.9659258
vn -0.8580278 0.1552921 0.4895637
vn -0.8741271 -0.1058492 -0.4740230
vn -0.0000000 -0.2588190 -0.9659258
vn 0.8741271 -0.1453434 -0.4634405
vn 0.8580278 0.1102949 0.5016207
vn 0.0000000 0.2588190 0.9659258
vn 0.0000000 0.0000000 1.0000000
vn -0.8580278 0.0232923 0.5130748
vn -0.8741271 0.0204437 -0.4852668
vn -0.0000000 0.0000000 -1.0000000
vn 0.8741271 -0.0204437 -0.4852668
vn 0.8580278 -0.0232923 0.5130748
vn 0.0000000 0.0000000 1.0000000
vn -0.0000000 -0.2588190 0.9659258
vn -0.8580278 -0.1102949 0.5016207
vn -0.8741271 0.1453434 -0.4634405
vn 0.0000000 0.2588190 -0.9659258
vn 0.8741271 0.1058492 -0.4740230
vn 0.8580278 -0.1552921 0.4895637
vn -0.0000000 -0.2588190 0.9659258
vn 0.0000000 -0.5000000 0.8660254
vn -0.8580278 -0.2363657 0.4559820
vn -0.8741271 0.2603382 -0.4100316
vn -0.0000000 0.5000000 -0.8660254
vn 0.8741271 0.2249286 -0.4304753
vn 0.8580278 -0.2767091 0.4326897
vn 0.0000000 -0.5000000 0.8660254
vn -0.0000000 -0.7071068 0.7071068
vn -0.8580278 -0.3463286 0.3792688
vn -0.8741271 0.3575914 -0.3286796
vn -0.0000000 0.7071068 -0.7071068
vn 0.8741271 0.3286796 -0.3575914
vn 0.8580278 -0.3792688 0.3463286
vn -0.0000000 -0.7071068 0.7071068
vn 0.0000000 -0.8660254 0.5000000
vn -0.8580278 -0.4326897 0.2767091
vn -0.8741271 0.4304753 -0.2249286
vn -0.0000000 0.8660254 -0.5000000
vn 0.8741271 0.4100316 -0.2603382
vn 0.8580278 -0.4559820 0.2363657
vn 0.0000000 -0.8660254 0.5000000
vn 0.0017010 -0.9648111 0.2629384
vn -0.8596915 -0.4865790 0.1554715
vn -0.8714729 0.4791335 -0.1047193
vn 0.0037406 0.9671773 -0.2540750
vn 0.8731731 0.4654183 -0.1447570
vn 0.8607741 -0.4966676 0.1113071
vn 0.0017010 -0.9648111 0.2629384
vn 0.1781696 -0.9755399 -0.1287536
vn -0.7275753 -0.6638868 -0.1728826
vn -0.9114855 0.2717827 -0.3087530
vn -0.1833838 0.8987391 -0.3982944
vn 0.7279461 0.5857775 -0.3563134
vn 0.9081770 -0.3546987 -0.2222688
vn 0.1781696 -0.9755399 -0.1287536
vn -0.0000000 -1.0000000 0.0000000
vn -0.0000000 -1.0000000 0.0000000
f 1024/1024/1024 1025/1025/1025 1032/1032/1032
f 1024/1024/1024 1032/1032/1032 1031/1031/1031
f 1025/1025/1025 1026/1026/1026 1033/1033/1033
f 1025/1025/1025 1033/1033/1033 1032/1032/1032
f 1026/1026/1026 1027/1027/1027 1034/1034/1034
f 1026/1026/1026 1034/1034/1034 1033/1033/1033
f 1027/1027/1027 1028/1028/1028 1035/1035/1035
f 1027/1027/1027 1035/1035/1035 1034/1034/1034
f 1028/1028/1028 1029/1029/1029 1036/1036/1036
f 1028/1028/1028 1036/1036/1036 1035/1035/1035
f 1029/1029/1029 1030/1030/1030 1037/1037/1037
f 1029/1029/1029 1037/1037/1037 1036/1036/1036
f 1031/1031/1031 1032/1032/1032 1039/1039/1039
f 1031/1031/1031 1039/1039/1039 1038/1038/1038
f 1032/1032/1032 1033/1033/1033 1040/1040/1040
f 1032/1032/1032 1040/1040/1040 1039/1039/1039
f 1033/1033/1033 1034/1034/1034 1041/1041/1041
f 1033/1033/1033 1041/1041/1041 1040/1040/1040
f 1034/1034/1034 1035/1035/1035 1042/1042/1042
f 1034/1034/1034 1042/1042/1042 1041/1041/1041
f 1035/1035/1035 1036/1036/1036 1043/1043/1043
f 1035/1035/1035 1043/1043/1043 1042/1042/1042
f 1036/1036/1036 1037/1037/1037 1044/1044/1044
f 1036/1036/1036 1044/1044/1044 1043/1043/1043
f 1038/1038/1038 1039/1039/1039 1046/1046/1046
f 1038/1038/1038 1046/1046/1046 1045/1045/1045
f 1039/1039/1039 1040/1040/1040 1047/1047/1047
f 1039/1039/1039 1047/1047/1047 1046/1046/1046
f 1040/1040/1040 1041/1041/1041 1048/1048/1048
f 1040/1040/1040 1048/1048/1048 1047/1047/1047
f 1041/1041/1041 1042/1042/1042 1049/1049/1049
f 1041/1041/1041 1049/1049/1049 1048/1048/1048
f 1042/1042/1042 1043/1043/1043 1050/1050/1050
f 1042/1042/1042 1050/1050/1050 1049/1049/1049
f 1043/1043/1043 1044/1044/1044 1051/1051/1051
f 1043/1043/1043 1051/1051/1051 1050/1050/1050
f 1045/1045/1045 1046/1046/1046 1053/1053/1053
f 1045/1045/1045 1053/1053/1053 1052/1052/1052
f 1046/1046/1046 1047/1047/1047 1054/1054/1054
f 1046/1046/1046 1054/1054/1054 1053/1053/1053
f 1047/1047/1047 1048/1048/1048 1055/1055/1055
f 1047/1047/1047 1055/1055/1055 1054/1054/1054
f 1048/1048/1048 1049/1049/1049 1056/1056/1056
f 1048/1048/1048 1056/1056/1056 1055/1055/1055
f 1049/1049/1049 1050/1050/1050 1057/1057/1057
f 1049/1049/1049 1057/1057/1057 1056/1056/1056
f 1050/1050/1050 1051/1051/1051 1058/1058/1058
f 1050/1050/1050 1058/1058/1058 1057/1057/1057
f 1052/1052/1052 1053/1053/1053 1060/1060/1060
f 1052/1052/1052 1060/1060/1060 1059/1059/1059
f 1053/1053/1053 1054/1054/1054 1061/1061/1061
f 1053/1053/1053 1061/1061/1061 1060/1060/1060
f 1054/1054/1054 1055/1055/1055 1062/1062/1062
f 1054/1054/1054 1062/1062/1062 1061/1061/1061
f 1055/1055/1055 1056/1056/1056 1063/1063/1063
f 1055/1055/1055 1063/1063/1063 1062/1062/1062
f 1056/1056/1056 1057/1057/1057 1064/1064/1064
f 1056/1056/1056 1064/1064/1064 1063/1063/1063
f 1057/1057/1057 1058/1058/1058 1065/1065/1065
f 1057/1057/1057 1065/1065/1065 1064/1064/1064
f 1059/1059/1059 1060/1060/1060 1067/1067/1067
f 1059/1059/1059 1067/1067/1067 1066/1066/1066
f 1060/1060/1060 1061/1061/1061 1068/1068/1068
f 1060/1060/1060 1068/1068/1068 1067/1067/1067
f 1061/1061/1061 1062/1062/1062 1069/1069/1069
f 1061/1061/1061 1069/1069/1069 1068/1068/1068
f 1062/1062/1062 1063/1063/1063 1070/1070/1070
f 1062/1062/1062 1070/1070/1070 1069/1069/1069
f 1063/1063/1063 1064/1064/1064 1071/1071/1071
f 1063/1063/1063 1071/1071/1071 1070/1070/1070
f 1064/1064/1064 1065/1065/1065 1072/1072/1072
f 1064/1064/1064 1072/1072/1072 1071/1071/1071
f 1066/1066/1066 1067/1067/1067 1074/1074/1074
f 1066/1066/1066 1074/1074/1074 1073/1073/1073
f 1067/1067/1067 1068/1068/1068 1075/1075/1075
f 1067/1067/1067 1075/1075/1075 1074/1074/1074
f 1068/1068/1068 1069/1069/1069 1076/1076/1076
f 1068/1068/1068 1076/1076/1076 1075/1075/1075
f 1069/1069/1069 1070/1070/1070 1077/1077/1077
f 1069/1069/1069 1077/1077/1077 1076/1076/1076
f 1070/1070/1070 1071/1071/1071 1078/1078/1078
f 1070/1070/1070 1078/1078/1078 1077/1077/1077
f 1071/1071/1071 1072/1072/1072 1079/1079/1079
f 1071/1071/1071 1079/1079/1079 1078/1078/1078
f 1073/1073/1073 1074/1074/1074 1081/1081/1081
f 1073/1073/1073 1081/1081/1081 1080/1080/1080
f 1074/1074/1074 1075/1075/1075 1082/1082/1082
f 1074/1074/1074 1082/1082/1082 1081/1081/1081
f 1075/1075/1075 1076/1076/1076 1083/1083/1083
f 1075/1075/1075 1083/1083/1083 1082/1082/1082
f 1076/1076/1076 1077/1077/1077 1084/1084/1084
f 1076/1076/1076 1084/1084/1084 1083/1083/1083
f 1077/1077/1077 1078/1078/1078 1085/1085/1085
f 1077/1077/1077 1085/1085/1085 1084/1084/1084
f 1078/1078/1078 1079/1079/1079 1086/1086/1086
f 1078/1078/1078 1086/1086/1086 1085/1085/1085
f 1080/1080/1080 1081/1081/1081 1088/1088/1088
f 1080/1080/1080 1088/1088/1088 1087/1087/1087
f 1081/1081/1081 1082/1082/1082 1089/1089/1089
f 1081/1081/1081 1089/1089/1089 1088/1088/1088
f 1082/1082/1082 1083/1083/1083 1090/1090/1090
f 1082/1082/1082 1090/1090/1090 1089/1089/1089
f 1083/1083/1083 1084/1084/1084 1091/1091/1091
f 1083/1083/1083 1091/1091/1091 1090/1090/1090
f 1084/1084/1084 1085/1085/1085 1092/1092/1092
f 1084/1084/1084 1092/1092/1092 1091/1091/1091
f 1085/1085/1085 1086/1086/1086 1093/1093/1093
f 1085/1085/1085 1093/1093/1093 1092/1092/1092
f 1087/1087/1087 1088/1088/1088 1095/1095/1095
f 1087/1087/1087 1095/1095/1095 1094/1094/1094
f 1088/1088/1088 1089/1089/1089 1096/1096/1096
f 1088/1088/1088 1096/1096/1096 1095/1095/1095
f 1089/1089/1089 1090/1090/1090 1097/1097/1097
f 1089/1089/1089 1097/1097/1097 1096/1096/1096
f 1090/1090/1090 1091/1091/1091 1098/1098/1098
f 1090/1090/1090 1098/1098/1098 1097/1097/1097
f 1091/1091/1091 1092/1092/1092 1099/1099/1099
f 1091/1091/1091 1099/1099/1099 1098/1098/1098
f 1092/1092/1092 1093/1093/1093 1100/1100/1100
f 1092/1092/1092 1100/1100/1100 1099/1099/1099
f 1094/1094/1094 1095/1095/1095 1102/1102/1102
f 1094/1094/1094 1102/1102/1102 1101/1101/1101
f 1095/1095/1095 1096/1096/1096 1103/1103/1103
f 1095/1095/1095 1103/1103/1103 1102/1102/1102
f 1096/1096/1096 1097/1097/1097 1104/1104/1104
f 1096/1096/1096 1104/1104/1104 1103/1103/1103
f 1097/1097/1097 1098/1098/1098 1105/1105/1105
f 1097/1097/1097 1105/1105/1105 1104/1104/1104
f 1098/1098/1098 1099/1099/1099 1106/1106/1106
f 1098/1098/1098 1106/1106/1106 1105/1105/1105
f 1099/1099/1099 1100/1100/1100 1107/1107/1107
f 1099/1099/1099 1107/1107/1107 1106/1106/1106
f 1101/1101/1101 1102/1102/1102 1109/1109/1109
f 1101/1101/1101 1109/1109/1109 1108/1108/1108
f 1102/1102/1102 1103/1103/1103 1110/1110/1110
f 1102/1102/1102 1110/1110/1110 1109/1109/1109
f 1103/1103/1103 1104/1104/1104 1111/1111/1111
f 1103/1103/1103 1111/1111/1111 1110/1110/1110
f 1104/1104/1104 1105/1105/1105 1112/1112/1112
f 1104/1104/1104 1112/1112/1112 1111/1111/1111
f 1105/1105/1105 1106/1106/1106 1113/1113/1113
f 1105/1105/1105 1113/1113/1113 1112/1112/1112
f 1106/1106/1106 1107/1107/1107 1114/1114/1114
f 1106/1106/1106 1114/1114/1114 1113/1113/1113
f 1108/1108/1108 1109/1109/1109 1116/1116/1116
f 1108/1108/1108 1116/1116/1116 1115/1115/1115
f 1109/1109/1109 1110/1110/1110 1117/1117/1117
f 1109/1109/1109 1117/1117/1117 1116/1116/1116
f 1110/1110/1110 1111/1111/1111 1118/1118/1118
f 1110/1110/1110 1118/1118/1118 1117/1117/1117
f 1111/1111/1111 1112/1112/1112 1119/1119/1119
f 1111/1111/1111 1119/1119/1119 1118/1118/1118
f 1112/1112/1112 1113/1113/1113 1120/1120/1120
f 1112/1112/1112 1120/1120/1120 1119/1119/1119
f 1113/1113/1113 1114/1114/1114 1121/1121/1121
f 1113/1113/1113 1121/1121/1121 1120/1120/1120
f 1115/1115/1115 1116/1116/1116 1123/1123/1123
f 1115/1115/1115 1123/1123/1123 1122/1122/1122
f 1116/1116/1116 1117/1117/1117 1124/1124/1124
f 1116/1116/1116 1124/1124/1124 1123/1123/1123
f 1117/1117/1117 1118/1118/1118 1125/1125/1125
f 1117/1117/1117 1125/1125/1125 1124/1124/1124
f 1118/1118/1118 1119/1119/1119 1126/1126/1126
f 1118/1118/1118 1126/1126/1126 1125/1125/1125
f 1119/1119/1119 1120/1120/1120 1127/1127/1127
f 1119/1119/1119 1127/1127/1127 1126/1126/1126
f 1120/1120/1120 1121/1121/1121 1128/1128/1128
f 1120/1120/1120 1128/1128/1128 1127/1127/1127
f 1122/1122/1122 1123/1123/1123 1130/1130/1130
f 1122/1122/1122 1130/1130/1130 1129/1129/1129
f 1123/1123/1123 1124/1124/1124 1131/1131/1131
f 1123/1123/1123 1131/1131/1131 1130/1130/1130
f 1124/1124/1124 1125/1125/1125 1132/1132/1132
f 1124/1124/1124 1132/1132/1132 1131/1131/1131
f 1125/1125/1125 1126/1126/1126 1133/1133/1133
f 1125/1125/1125 1133/1133/1133 1132/1132/1132
f 1126/1126/1126 1127/1127/1127 1134/1134/1134
f 1126/1126/1126 1134/1134/1134 1133/1133/1133
f 1127/1127/1127 1128/1128/1128 1135/1135/1135
f 1127/1127/1127 1135/1135/1135 1134/1134/1134
f 1129/1129/1129 1130/1130/1130 1137/1137/1137
f 1129/1129/1129 1137/1137/1137 1136/1136/1136
f 1130/1130/1130 1131/1131/1131 1138/1138/1138
f 1130/1130/1130 1138/1138/1138 1137/1137/1137
f 1131/1131/1131 1132/1132/1132 1139/1139/1139
f 1131/1131/1131 1139/1139/1139 1138/1138/1138
f 1132/1132/1132 1133/1133/1133 1140/1140/1140
f 1132/1132/1132 1140/1140/1140 1139/1139/1139
f 1133/1133/1133 1134/1134/1134 1141/1141/1141
f 1133/1133/1133 1141/1141/1141 1140/1140/1140
f 1134/1134/1134 1135/1135/1135 1142/1142/1142
f 1134/1134/1134 1142/1142/1142 1141/1141/1141
f 1136/1136/1136 1137/1137/1137 1144/1144/1144
f 1136/1136/1136 1144/1144/1144 1143/1143/1143
f 1137/1137/1137 1138/1138/1138 1145/1145/1145
f 1137/1137/1137 1145/1145/1145 1144/1144/1144
f 1138/1138/1138 1139/1139/1139 1146/1146/1146
f 1138/1138/1138 1146/1146/1146 1145/1145/1145
f 1139/1139/1139 1140/1140/1140 1147/1147/1147
f 1139/1139/1139 1147/1147/1147 1146/1146/1146
f 1140/1140/1140 1141/1141/1141 1148/1148/1148
f 1140/1140/1140 1148/1148/1148 1147/1147/1147
f 1141/1141/1141 1142/1142/1142 1149/1149/1149
f 1141/1141/1141 1149/1149/1149 1148/1148/1148
f 1143/1143/1143 1144/1144/1144 1151/1151/1151
f 1143/1143/1143 1151/1151/1151 1150/1150/1150
f 1144/1144/1144 1145/1145/1145 1152/1152/1152
f 1144/1144/1144 1152/1152/1152 1151/1151/1151
f 1145/1145/1145 1146/1146/1146 1153/1153/1153
f 1145/1145/1145 1153/1153/1153 1152/1152/1152
f 1146/1146/1146 1147/1147/1147 1154/1154/1154
f 1146/1146/1146 1154/1154/1154 1153/1153/1153
f 1147/1147/1147 1148/1148/1148 1155/1155/1155
f 1147/1147/1147 1155/1155/1155 1154/1154/1154
f 1148/1148/1148 1149/1149/1149 1156/1156/1156
f 1148/1148/1148 1156/1156/1156 1155/1155/1155
f 1150/1150/1150 1151/1151/1151 1158/1158/1158
f 1150/1150/1150 1158/1158/1158 1157/1157/1157
f 1151/1151/1151 1152/1152/1152 1159/1159/1159
f 1151/1151/1151 1159/1159/1159 1158/1158/1158
f 1152/1152/1152 1153/1153/1153 1160/1160/1160
f 1152/1152/1152 1160/1160/1160 1159/1159/1159
f 1153/1153/1153 1154/1154/1154 1161/1161/1161
f 1153/1153/1153 1161/1161/1161 1160/1160/1160
f 1154/1154/1154 1155/1155/1155 1162/1162/1162
f 1154/1154/1154 1162/1162/1162 1161/1161/1161
f 1155/1155/1155 1156/1156/1156 1163/1163/1163
f 1155/1155/1155 1163/1163/1163 1162/1162/1162
f 1157/1157/1157 1158/1158/1158 1165/1165/1165
f 1157/1157/1157 1165/1165/1165 1164/1164/1164
f 1158/1158/1158 1159/1159/1159 1166/1166/1166
f 1158/1158/1158 1166/1166/1166 1165/1165/1165
f 1159/1159/1159 1160/1160/1160 1167/1167/1167
f 1159/1159/1159 1167/1167/1167 1166/1166/1166
f 1160/1160/1160 1161/1161/1161 1168/1168/1168
f 1160/1160/1160 1168/1168/1168 1167/1167/1167
f 1161/1161/1161 1162/1162/1162 1169/1169/1169
f 1161/1161/1161 1169/1169/1169 1168/1168/1168
f 1162/1162/1162 1163/1163/1163 1170/1170/1170
f 1162/1162/1162 1170/1170/1170 1169/1169/1169
f 1164/1164/1164 1165/1165/1165 1172/1172/1172
f 1164/1164/1164 1172/1172/1172 1171/1171/1171
f 1165/1165/1165 1166/1166/1166 1173/1173/1173
f 1165/1165/1165 1173/1173/1173 1172/1172/1172
f 1166/1166/1166 1167/1167/1167 1174/1174/1174
f 1166/1166/1166 1174/1174/1174 1173/1173/1173
f 1167/1167/1167 1168/1168/1168 1175/1175/1175
f 1167/1167/1167 1175/1175/1175 1174/1174/1174
f 1168/1168/1168 1169/1169/1169 1176/1176/1176
f 1168/1168/1168 1176/1176/1176 1175/1175/1175
f 1169/1169/1169 1170/1170/1170 1177/1177/1177
f 1169/1169/1169 1177/1177/1177 1176/1176/1176
f 1171/1171/1171 1172/1172/1172 1179/1179/1179
f 1171/1171/1171 1179/1179/1179 1178/1178/1178
f 1172/1172/1172 1173/1173/1173 1180/1180/1180
f 1172/1172/1172 1180/1180/1180 1179/1179/1179
f 1173/1173/1173 1174/1174/1174 1181/1181/1181
f 1173/1173/1173 1181/1181/1181 1180/1180/1180
f 1174/1174/1174 1175/1175/1175 1182/1182/1182
f 1174/1174/1174 1182/1182/1182 1181/1181/1181
f 1175/1175/1175 1176/1176/1176 1183/1183/1183
f 1175/1175/1175 1183/1183/1183 1182/1182/1182
f 1176/1176/1176 1177/1177/1177 1184/1184/1184
f 1176/1176/1176 1184/1184/1184 1183/1183/1183
f 1178/1178/1178 1179/1179/1179 1186/1186/1186
f 1178/1178/1178 1186/1186/1186 1185/1185/1185
f 1179/1179/1179 1180/1180/1180 1187/1187/1187
f 1179/1179/1179 1187/1187/1187 1186/1186/1186
f 1180/1180/1180 1181/1181/1181 1188/1188/1188
f 1180/1180/1180 1188/1188/1188 1187/1187/1187
f 1181/1181/1181 1182/1182/1182 1189/1189/1189
f 1181/1181/1181 1189/1189/1189 1188/1188/1188
f 1182/1182/1182 1183/1183/1183 1190/1190/1190
f 1182/1182/1182 1190/1190/1190 1189/1189/1189
f 1183/1183/1183 1184/1184/1184 1191/1191/1191
f 1183/1183/1183 1191/1191/1191 1190/1190/1190
f 1185/1185/1185 1186/1186/1186 1193/1193/1193
f 1185/1185/1185 1193/1193/1193 1192/1192/1192
f 1186/1186/1186 1187/1187/1187 1194/1194/1194
f 1186/1186/1186 1194/1194/1194 1193/1193/1193
f 1187/1187/1187 1188/1188/1188 1195/1195/1195
f 1187/1187/1187 1195/1195/1195 1194/1194/1194
f 1188/1188/1188 1189/1189/1189 1196/1196/1196
f 1188/1188/1188 1196/1196/1196 1195/1195/1195
f 1189/1189/1189 1190/1190/1190 1197/1197/1197
f 1189/1189/1189 1197/1197/1197 1196/1196/1196
f 1190/1190/1190 1191/1191/1191 1198/1198/1198
f 1190/1190/1190 1198/1198/1198 1197/1197/1197
f 1199/1199/1199 1025/1025/1025 1024/1024/1024
f 1199/1199/1199 1026/1026/1026 1025/1025/1025
f 1199/1199/1199 1027/1027/1027 1026/1026/1026
f 1199/1199/1199 1028/1028/1028 1027/1027/1027
f 1199/1199/1199 1029/1029/1029 1028/1028/1028
f 1199/1199/1199 1030/1030/1030 1029/1029/1029
f 1200/1200/1200 1192/1192/1192 1193/1193/1193
f 1200/1200/1200 1193/1193/1193 1194/1194/1194
f 1200/1200/1200 1194/1194/1194 1195/1195/1195
f 1200/1200/1200 1195/1195/1195 1196/1196/1196
f 1200/1200/1200 1196/1196/1196 1197/1197/1197
f 1200/1200/1200 1197/1197/1197 1198/1198/1198
