# Project Broom original creature MK_EEL; CC-BY-SA-4.0
# OBJ axes X=forward Y=up Z=-BlenderY; one diffuse skin via MODELDEF
o Continuous_serpentine_body
v -26.908309 1.696280 -7.971670
v -26.910270 1.678533 -7.973832
v -26.915221 1.661995 -7.980444
v -26.922826 1.647794 -7.991055
v -26.932565 1.636897 -8.004943
v -26.943776 1.630047 -8.021161
v -26.955694 1.627711 -8.038604
v -26.967508 1.630047 -8.056083
v -26.978411 1.636897 -8.072407
v -26.987661 1.647794 -8.086464
v -26.994628 1.661995 -8.097295
v -26.998836 1.678533 -8.104162
v -27.000000 1.696280 -8.106598
v -26.998039 1.714027 -8.104437
v -26.993088 1.730564 -8.097825
v -26.985483 1.744765 -8.087214
v -26.975744 1.755662 -8.073326
v -26.964533 1.762512 -8.057108
v -26.952615 1.764849 -8.039665
v -26.940802 1.762512 -8.022186
v -26.929899 1.755662 -8.005862
v -26.920648 1.744765 -7.991805
v -26.913682 1.730564 -7.980974
v -26.909473 1.714027 -7.974106
v -26.908309 1.696280 -7.971670
v -25.982466 1.686199 -8.160033
v -25.988179 1.640610 -8.165348
v -26.002219 1.598137 -8.181864
v -26.023628 1.561677 -8.208456
v -26.050948 1.533714 -8.243311
v -26.082317 1.516153 -8.284055
v -26.115596 1.510192 -8.327910
v -26.148519 1.516235 -8.371888
v -26.178841 1.533873 -8.412991
v -26.204497 1.561902 -8.448420
v -26.223737 1.598412 -8.475759
v -26.235250 1.640916 -8.493145
v -26.238253 1.686517 -8.499393
v -26.232540 1.732107 -8.494078
v -26.218500 1.774579 -8.477562
v -26.197091 1.811039 -8.450970
v -26.169771 1.839002 -8.416115
v -26.138402 1.856563 -8.375371
v -26.105123 1.862525 -8.331516
v -26.072200 1.856481 -8.287538
v -26.041878 1.838843 -8.246435
v -26.016222 1.810814 -8.211006
v -25.996982 1.774304 -8.183667
v -25.985469 1.731800 -8.166281
v -25.982466 1.686199 -8.160033
v -24.712043 1.664132 -8.489260
v -24.723067 1.579367 -8.498989
v -24.749954 1.500405 -8.529398
v -24.790873 1.432628 -8.578415
v -24.843035 1.380654 -8.642699
v -24.902886 1.348027 -8.717869
v -24.966346 1.336969 -8.798803
v -25.029091 1.348233 -8.879986
v -25.086845 1.381053 -8.955884
v -25.135672 1.433191 -9.021325
v -25.172244 1.501095 -9.071851
v -25.194070 1.580136 -9.104016
v -25.199662 1.664929 -9.115631
v -25.188639 1.749695 -9.105902
v -25.161751 1.828657 -9.075493
v -25.120832 1.896434 -9.026476
v -25.068670 1.948407 -8.962192
v -25.008820 1.981034 -8.887022
v -24.945359 1.992093 -8.806087
v -24.882614 1.980828 -8.724905
v -24.824861 1.948008 -8.649007
v -24.776034 1.895870 -8.583565
v -24.739461 1.827967 -8.533040
v -24.717635 1.748925 -8.500874
v -24.712043 1.664132 -8.489260
v -23.249140 1.642575 -8.827891
v -23.263284 1.511694 -8.843999
v -23.299149 1.389741 -8.893038
v -23.354292 1.285026 -8.971666
v -23.424953 1.204687 -9.074524
v -23.506319 1.154198 -9.194603
v -23.592844 1.137000 -9.323720
v -23.678631 1.154265 -9.453076
v -23.757834 1.204815 -9.573854
v -23.825055 1.285208 -9.677825
v -23.875715 1.389962 -9.757904
v -23.906359 1.511941 -9.808631
v -23.914900 1.642831 -9.826552
v -23.900756 1.773712 -9.810444
v -23.864891 1.895666 -9.761405
v -23.809748 2.000380 -9.682778
v -23.739087 2.080719 -9.579919
v -23.657721 2.131208 -9.459840
v -23.571196 2.148406 -9.330723
v -23.485409 2.131142 -9.201368
v -23.406206 2.080591 -9.080589
v -23.338985 2.000199 -8.976618
v -23.288325 1.895444 -8.896540
v -23.257681 1.773465 -8.845812
v -23.249140 1.642575 -8.827891
v -21.758925 1.632422 -9.051521
v -21.769415 1.452970 -9.076347
v -21.801088 1.285772 -9.148712
v -21.851785 1.142221 -9.263684
v -21.918051 1.032102 -9.413429
v -21.995371 0.962918 -9.587742
v -22.078475 0.939384 -9.774743
v -22.161700 0.963103 -9.961689
v -22.239373 1.032461 -10.135840
v -22.306203 1.142729 -10.285327
v -22.357634 1.286394 -10.399964
v -22.390162 1.453664 -10.471937
v -22.401569 1.633141 -10.496343
v -22.391079 1.812593 -10.471517
v -22.359407 1.979792 -10.399153
v -22.308710 2.123342 -10.284180
v -22.242443 2.233461 -10.134435
v -22.165124 2.302646 -9.960122
v -22.082020 2.326180 -9.773121
v -21.998795 2.302460 -9.586175
v -21.921121 2.233102 -9.412024
v -21.854291 2.122834 -9.262537
v -21.802860 1.979170 -9.147900
v -21.770333 1.811899 -9.075927
v -21.758925 1.632422 -9.051521
v -20.455234 1.639267 -9.060012
v -20.447235 1.413588 -9.095069
v -20.445689 1.203793 -9.192645
v -20.450701 1.024179 -9.346091
v -20.461930 0.886987 -9.544949
v -20.478609 0.801567 -9.775667
v -20.499604 0.773739 -10.022523
v -20.523482 0.805400 -10.268694
v -20.548616 0.894392 -10.497403
v -20.573295 1.034651 -10.693065
v -20.595835 1.216618 -10.842345
v -20.614701 1.427893 -10.935070
v -20.628607 1.654077 -10.964921
v -20.636605 1.879756 -10.929864
v -20.638151 2.089551 -10.832288
v -20.633139 2.269165 -10.678843
v -20.621911 2.406356 -10.479985
v -20.605231 2.491777 -10.249266
v -20.584237 2.519605 -10.002410
v -20.560359 2.487944 -9.756240
v -20.535224 2.398952 -9.527530
v -20.510546 2.258693 -9.331869
v -20.488006 2.076726 -9.182589
v -20.469140 1.865451 -9.089864
v -20.455234 1.639267 -9.060012
v -19.455897 1.661269 -8.825432
v -19.408904 1.397141 -8.866486
v -19.338026 1.153399 -8.978840
v -19.248094 0.946654 -9.154835
v -19.145236 0.790994 -9.382479
v -19.036462 0.697028 -9.646257
v -18.929185 0.671159 -9.928195
v -18.830715 0.715151 -10.209077
v -18.747763 0.826004 -10.469763
v -18.685983 0.996166 -10.692487
v -18.649583 1.214039 -10.862071
v -18.641046 1.464776 -10.966958
v -18.660952 1.731290 -11.000000
v -18.707946 1.995418 -10.958946
v -18.778824 2.239160 -10.846592
v -18.868756 2.445906 -10.670597
v -18.971614 2.601566 -10.442953
v -19.080388 2.695532 -10.179175
v -19.187665 2.721400 -9.897237
v -19.286135 2.677409 -9.616355
v -19.369086 2.566555 -9.355669
v -19.430867 2.396393 -9.132945
v -19.467266 2.178520 -8.963361
v -19.475803 1.927783 -8.858474
v -19.455897 1.661269 -8.825432
v -18.374787 1.729544 -8.334638
v -18.289237 1.434868 -8.373504
v -18.153555 1.165039 -8.485935
v -17.976987 0.938446 -8.664269
v -17.771567 0.770529 -8.896354
v -17.551293 0.672732 -9.166373
v -17.331176 0.651721 -9.455925
v -17.126218 0.708926 -9.745277
v -16.950386 0.840449 -10.014710
v -16.815662 1.037328 -10.245864
v -16.731227 1.286145 -10.422985
v -16.702837 1.569944 -10.534002
v -16.732425 1.869385 -10.571351
v -16.817975 2.164060 -10.532485
v -16.953657 2.433889 -10.420054
v -17.130224 2.660483 -10.241720
v -17.335645 2.828399 -10.009635
v -17.555919 2.926196 -9.739616
v -17.776035 2.947208 -9.450064
v -17.980994 2.890003 -9.160712
v -18.156826 2.758479 -8.891279
v -18.291550 2.561600 -8.660125
v -18.375984 2.312783 -8.483005
v -18.404375 2.028984 -8.371987
v -18.374787 1.729544 -8.334638
v -17.049193 1.852845 -7.595444
v -16.937930 1.530654 -7.631185
v -16.758601 1.237059 -7.742017
v -16.523425 0.992068 -7.920386
v -16.248431 0.812378 -8.154137
v -15.952358 0.710232 -8.427341
v -15.655383 0.692594 -8.721378
v -15.377744 0.760664 -9.016211
v -15.138362 0.909804 -9.291747
v -14.953552 1.129850 -9.529209
v -14.835906 1.405807 -9.712415
v -14.793442 1.718868 -9.828878
v -14.829055 2.047699 -9.870663
v -14.940318 2.369890 -9.834922
v -15.119647 2.663485 -9.724090
v -15.354822 2.908476 -9.545721
v -15.629817 3.088167 -9.311970
v -15.925890 3.190312 -9.038766
v -16.222865 3.207950 -8.744729
v -16.500504 3.139880 -8.449896
v -16.739886 2.990740 -8.174360
v -16.924696 2.770694 -7.936898
v -17.042342 2.494737 -7.753692
v -17.084806 2.181676 -7.637229
v -17.049193 1.852845 -7.595444
v -15.649425 2.002487 -6.660093
v -15.520176 1.654145 -6.694182
v -15.306962 1.337884 -6.803967
v -15.024314 1.075256 -6.981967
v -14.691493 0.884159 -7.216050
v -14.331181 0.777616 -7.490265
v -13.967932 0.762888 -7.785925
v -13.626501 0.840978 -8.082880
v -13.330156 1.006564 -8.360893
v -13.099093 1.248363 -8.601020
v -12.949058 1.549896 -8.786894
v -12.890275 1.890613 -8.905850
v -12.926751 2.247297 -8.949780
v -13.056000 2.595639 -8.915691
v -13.269214 2.911900 -8.805906
v -13.551862 3.174528 -8.627907
v -13.884683 3.365625 -8.393823
v -14.244995 3.472168 -8.119608
v -14.608244 3.486896 -7.823949
v -14.949675 3.408806 -7.526994
v -15.246019 3.243220 -7.248980
v -15.477083 3.001421 -7.008854
v -15.627118 2.699888 -6.822979
v -15.685901 2.359170 -6.704024
v -15.649425 2.002487 -6.660093
v -14.276739 2.153455 -5.580621
v -14.134758 1.778781 -5.615304
v -13.893201 1.439594 -5.725318
v -13.568531 1.159009 -5.903164
v -13.182874 0.956148 -6.136724
v -12.762510 0.844834 -6.410079
v -12.336088 0.832655 -6.704602
v -11.932668 0.920439 -7.000222
v -11.579740 1.102205 -7.276791
v -11.301359 1.365565 -7.515463
v -11.116493 1.692572 -7.699973
v -11.037742 2.060942 -7.817746
v -11.070473 2.445569 -7.860756
v -11.212454 2.820243 -7.826072
v -11.454011 3.159430 -7.716058
v -11.778681 3.440014 -7.538212
v -12.164338 3.642876 -7.304652
v -12.584702 3.754189 -7.031297
v -13.011124 3.766369 -6.736774
v -13.414545 3.678585 -6.441154
v -13.767472 3.496819 -6.164585
v -14.045854 3.233458 -5.925913
v -14.230719 2.906451 -5.741403
v -14.309470 2.538082 -5.623631
v -14.276739 2.153455 -5.580621
v -13.027029 2.281184 -4.415169
v -12.876556 1.878470 -4.453627
v -12.609702 1.514727 -4.565598
v -12.244652 1.214743 -4.743452
v -11.806283 0.998961 -4.975068
v -11.324470 0.882087 -5.244662
v -10.832048 0.872085 -5.533861
v -10.362574 0.969638 -5.822958
v -9.948042 1.168097 -6.092250
v -9.616701 1.453937 -6.323386
v -9.391133 1.807678 -6.500615
v -9.286709 2.205215 -6.611858
v -9.310546 2.619455 -6.649534
v -9.461018 3.022169 -6.611076
v -9.727872 3.385913 -6.499105
v -10.092923 3.685897 -6.321251
v -10.531291 3.901679 -6.089635
v -11.013104 4.018553 -5.820041
v -11.505526 4.028554 -5.530842
v -11.975000 3.931001 -5.241745
v -12.389533 3.732543 -4.972453
v -12.720873 3.446703 -4.741317
v -12.946441 3.092961 -4.564089
v -13.050865 2.695424 -4.452846
v -13.027029 2.281184 -4.415169
v -12.047963 2.358812 -3.287188
v -11.889596 1.925132 -3.330769
v -11.592011 1.534275 -3.439854
v -11.175490 1.212876 -3.607009
v -10.668416 0.982839 -3.820844
v -10.105346 0.859841 -4.066785
v -9.524653 0.852262 -4.328072
v -8.965909 0.960621 -4.586899
v -8.467193 1.177532 -4.825627
v -8.062490 1.488213 -5.027987
v -7.779381 1.871492 -5.180189
v -7.637159 2.301249 -5.271860
v -7.645517 2.748197 -5.296754
v -7.803884 3.181877 -5.253173
v -8.101468 3.572734 -5.144089
v -8.517990 3.894132 -4.976933
v -9.025064 4.124169 -4.763099
v -9.588133 4.247168 -4.517158
v -10.168827 4.254746 -4.255871
v -10.727570 4.146387 -3.997044
v -11.226287 3.929477 -3.758316
v -11.630989 3.618795 -3.555956
v -11.914098 3.235516 -3.403754
v -12.056320 2.805759 -3.312082
v -12.047963 2.358812 -3.287188
v -11.402027 2.376441 -2.078647
v -11.231253 1.906945 -2.124788
v -10.894922 1.484215 -2.221824
v -10.415955 1.137059 -2.363141
v -9.826992 0.889137 -2.539109
v -9.168171 0.757343 -2.737736
v -8.484389 0.750659 -2.945486
v -7.822245 0.869541 -3.148201
v -7.226862 1.105886 -3.332067
v -6.738815 1.443589 -3.484553
v -6.391363 1.859635 -3.595268
v -6.208186 2.325672 -3.656666
v -6.201765 2.809940 -3.664564
v -6.372539 3.279436 -3.618423
v -6.708870 3.702167 -3.521388
v -7.187837 4.049322 -3.380071
v -7.776799 4.297244 -3.204103
v -8.435620 4.429038 -3.005475
v -9.119403 4.435722 -2.797725
v -9.781547 4.316840 -2.595010
v -10.376930 4.080495 -2.411144
v -10.864977 3.742792 -2.258658
v -11.212429 3.326746 -2.147943
v -11.395606 2.860709 -2.086545
v -11.402027 2.376441 -2.078647
v -10.926208 2.351350 -0.557240
v -10.740425 1.841913 -0.605454
v -10.367522 1.383133 -0.694461
v -9.832912 1.006276 -0.818193
v -9.173028 0.737024 -0.968220
v -8.432840 0.593726 -1.134317
v -7.662790 0.586146 -1.305165
v -6.915356 0.714803 -1.469121
v -6.241475 0.970928 -1.615012
v -5.687070 1.337066 -1.732894
v -5.289923 1.788266 -1.814736
v -5.077099 2.293780 -1.854959
v -5.063102 2.819157 -1.850823
v -5.248885 3.328594 -1.802608
v -5.621788 3.787373 -1.713602
v -6.156398 4.164230 -1.589869
v -6.816282 4.433482 -1.439842
v -7.556470 4.576781 -1.273745
v -8.326520 4.584360 -1.102897
v -9.073954 4.455704 -0.938942
v -9.747835 4.199579 -0.793051
v -10.302240 3.833441 -0.675168
v -10.699387 3.382240 -0.593327
v -10.912211 2.876727 -0.553104
v -10.926208 2.351350 -0.557240
v -10.487063 2.301624 1.214209
v -10.286667 1.751112 1.161335
v -9.882535 1.255281 1.068002
v -9.302209 0.847922 0.940568
v -8.585236 0.556795 0.787720
v -7.780477 0.401741 0.619873
v -6.942776 0.393326 0.448466
v -6.129219 0.532124 0.285180
v -5.395250 0.808675 0.141142
v -4.790887 1.204134 0.026169
v -4.357317 1.691549 -0.051905
v -4.124087 2.237706 -0.087758
v -4.107091 2.805384 -0.078948
v -4.307487 3.355897 -0.026074
v -4.711619 3.851728 0.067260
v -5.291945 4.259087 0.194693
v -6.008918 4.550213 0.347541
v -6.813677 4.705267 0.515389
v -7.651378 4.713682 0.686796
v -8.464935 4.574885 0.850082
v -9.198904 4.298333 0.994120
v -9.803267 3.902875 1.109093
v -10.236837 3.415459 1.187167
v -10.470067 2.869302 1.223020
v -10.487063 2.301624 1.214209
v -9.944644 2.250092 3.115532
v -9.731625 1.660361 3.055136
v -9.303911 1.129334 2.943296
v -8.690650 0.693197 2.787634
v -7.933636 0.381673 2.598759
v -7.084456 0.215993 2.389541
v -6.200982 0.207446 2.174239
v -5.343421 0.356616 1.967525
v -4.570213 0.653337 1.783487
v -3.934053 1.077387 1.634665
v -3.478293 1.599868 1.531203
v -3.233992 2.185174 1.480151
v -3.217800 2.793418 1.484988
v -3.430819 3.383149 1.545384
v -3.858533 3.914177 1.657224
v -4.471793 4.350313 1.812886
v -5.228808 4.661837 2.001761
v -6.077987 4.827517 2.210979
v -6.961462 4.836064 2.426281
v -7.819023 4.686894 2.632995
v -8.592230 4.390174 2.817033
v -9.228391 3.966124 2.965855
v -9.684151 3.443642 3.069317
v -9.928452 2.858336 3.120369
v -9.944644 2.250092 3.115532
v -9.063750 2.227233 5.074875
v -8.843507 1.602983 5.003050
v -8.410345 1.040805 4.852697
v -7.793782 0.579011 4.634062
v -7.035836 0.249070 4.362045
v -6.188160 0.073469 4.055182
v -5.308522 0.064173 3.734387
v -4.456868 0.221816 3.421521
v -3.691236 0.535655 3.137906
v -3.063803 0.984303 2.902868
v -2.617327 1.537185 2.732426
v -2.382236 2.156623 2.638195
v -2.374549 2.800403 2.626596
v -2.594792 3.424653 2.698421
v -3.027954 3.986831 2.848774
v -3.644517 4.448625 3.067409
v -4.402463 4.778565 3.339426
v -5.250139 4.954167 3.646289
v -6.129777 4.963463 3.967084
v -6.981431 4.805820 4.279950
v -7.747063 4.491980 4.563565
v -8.374496 4.043332 4.798603
v -8.820972 3.490450 4.969045
v -9.056063 2.871013 5.063276
v -9.063750 2.227233 5.074875
v -7.553875 2.277463 6.901924
v -7.335759 1.625973 6.816759
v -6.930042 1.037693 6.612960
v -6.364373 0.552713 6.304415
v -5.677300 0.204084 5.912152
v -4.915647 0.015564 5.462902
v -4.131320 0.000000 4.987281
v -3.377768 0.158453 4.517701
v -2.706345 0.480126 4.086165
v -2.162808 0.943095 3.722079
v -1.784197 1.515811 3.450257
v -1.596315 2.159244 3.289222
v -1.611965 2.829546 3.249949
v -1.830080 3.481035 3.335114
v -2.235797 4.069315 3.538913
v -2.801467 4.554295 3.847458
v -3.488539 4.902925 4.239721
v -4.250192 5.091445 4.688971
v -5.034520 5.107008 5.164592
v -5.788072 4.948555 5.634172
v -6.459494 4.626883 6.065708
v -7.003032 4.163913 6.429793
v -7.381642 3.591197 6.701616
v -7.569525 2.947764 6.862650
v -7.553875 2.277463 6.901924
v -5.543249 2.403931 8.317224
v -5.331817 1.734755 8.222815
v -4.968458 1.127731 7.979123
v -4.477935 0.624227 7.602754
v -3.893676 0.258555 7.119358
v -3.255499 0.055636 6.561876
v -2.606892 0.029299 5.968301
v -1.992059 0.181337 5.379083
v -1.452898 0.501391 4.834377
v -1.026153 0.967648 4.371304
v -0.740905 1.548335 4.021421
v -0.616594 2.203878 3.808573
v -0.661692 2.889603 3.747263
v -0.873124 3.558779 3.841672
v -1.236483 4.165803 4.085364
v -1.727006 4.669307 4.461733
v -2.311264 5.034979 4.945130
v -2.949442 5.237898 5.502611
v -3.598049 5.264235 6.096186
v -4.212882 5.112197 6.685404
v -4.752043 4.792143 7.230110
v -5.178788 4.325886 7.693183
v -5.464036 3.745199 8.043066
v -5.588347 3.089656 8.255915
v -5.543249 2.403931 8.317224
v -3.337826 2.568142 9.397497
v -3.134303 1.889154 9.297266
v -2.810283 1.270586 9.029946
v -2.387848 0.754592 8.613754
v -1.895784 0.376336 8.077055
v -1.367626 0.161597 7.456422
v -0.839367 0.125007 6.794151
v -0.347007 0.269061 6.135375
v 0.075901 0.583942 5.524987
v 0.400536 1.048190 5.004586
v 0.604775 1.630169 4.609635
v 0.674700 2.290217 4.367050
v 0.605544 2.983353 4.293363
v 0.402022 3.662341 4.393594
v 0.078002 4.280909 4.660915
v -0.344434 4.796903 5.077106
v -0.836498 5.175159 5.613805
v -1.364656 5.389898 6.234438
v -1.892915 5.426488 6.896709
v -2.385275 5.282434 7.555485
v -2.808183 4.967554 8.165873
v -3.132818 4.503305 8.686274
v -3.337057 3.921326 9.081225
v -3.406982 3.261278 9.323810
v -3.337826 2.568142 9.397497
v -0.934663 2.763703 10.222241
v -0.743265 2.079463 10.117239
v -0.466022 1.453087 9.832272
v -0.121829 0.927261 9.386761
v 0.265859 0.537818 8.811066
v 0.670622 0.311299 8.144420
v 1.064874 0.263141 7.432253
v 1.421750 0.396625 6.723100
v 1.716928 0.702655 6.065287
v 1.930292 1.160376 5.503643
v 2.047302 1.738593 5.076444
v 2.059984 2.397904 4.812802
v 1.967474 3.093377 4.730684
v 1.776076 3.777616 4.835686
v 1.498834 4.403993 5.120653
v 1.154640 4.929819 5.566165
v 0.766952 5.319262 6.141860
v 0.362190 5.545781 6.808506
v -0.032063 5.593939 7.520672
v -0.388938 5.460455 8.229825
v -0.684116 5.154425 8.887638
v -0.897480 4.696704 9.449282
v -1.014491 4.118486 9.876481
v -1.027173 3.459176 10.140123
v -0.934663 2.763703 10.222241
v 1.611562 2.982643 10.774021
v 1.785393 2.294495 10.665053
v 2.003528 1.660780 10.366718
v 2.251102 1.124685 9.899347
v 2.511243 0.722744 9.294791
v 2.766222 0.482348 8.594249
v 2.998664 0.419880 7.845462
v 3.192727 0.539596 7.099459
v 3.335187 0.833340 6.407079
v 3.416336 1.281091 5.815505
v 3.430642 1.852337 5.365053
v 3.377132 2.508149 5.086421
v 3.259452 3.203834 4.998596
v 3.085621 3.891981 5.107565
v 2.867485 4.525696 5.405900
v 2.619912 5.061791 5.873270
v 2.359771 5.463732 6.477827
v 2.104792 5.704128 7.178368
v 1.872350 5.766597 7.927155
v 1.678286 5.646880 8.673158
v 1.535826 5.353137 9.365539
v 1.454678 4.905385 9.957112
v 1.440371 4.334139 10.407564
v 1.493882 3.678327 10.686196
v 1.611562 2.982643 10.774021
v 4.289240 3.221633 11.000000
v 4.437228 2.527546 10.888635
v 4.574604 1.883235 10.582864
v 4.692005 1.332606 10.103523
v 4.781431 0.913186 9.483280
v 4.836787 0.653557 8.764402
v 4.854302 0.571412 7.995881
v 4.832780 0.672349 7.230090
v 4.773690 0.949490 6.519215
v 4.681058 1.383947 5.911702
v 4.561197 1.946114 5.448953
v 4.422275 2.597679 5.162501
v 4.273759 3.294240 5.071870
v 4.125770 3.988326 5.183235
v 3.988395 4.632638 5.489006
v 3.870994 5.183266 5.968347
v 3.781568 5.602686 6.588590
v 3.726211 5.862316 7.307468
v 3.708697 5.944461 8.075989
v 3.730218 5.843524 8.841781
v 3.789308 5.566383 9.552655
v 3.881940 5.131926 10.160168
v 4.001801 4.569759 10.622918
v 4.140724 3.918194 10.909369
v 4.289240 3.221633 11.000000
v 7.210663 3.485339 10.744210
v 7.311960 2.779153 10.636346
v 7.320082 2.116007 10.341071
v 7.234474 1.541095 9.878509
v 7.060973 1.093594 9.280181
v 6.811400 0.804003 8.586864
v 6.502765 0.692056 7.845804
v 6.156100 0.765382 7.107505
v 5.795030 1.018984 6.422280
v 5.444161 1.435579 5.836826
v 5.127404 1.986777 5.391041
v 4.866346 2.635016 5.115305
v 4.678777 3.336118 5.028408
v 4.577480 4.042304 5.136272
v 4.569359 4.705450 5.431546
v 4.654966 5.280363 5.894108
v 4.828467 5.727863 6.492436
v 5.078040 6.017454 7.185754
v 5.386675 6.129401 7.926813
v 5.733340 6.056076 8.665112
v 6.094411 5.802474 9.350337
v 6.445280 5.385878 9.935791
v 6.762037 4.834680 10.381576
v 7.023095 4.186441 10.657313
v 7.210663 3.485339 10.744210
v 9.974798 3.722603 9.776596
v 10.025011 2.999284 9.684524
v 9.900331 2.313063 9.430893
v 9.609257 1.710707 9.032987
v 9.171625 1.233266 8.517923
v 8.617258 0.913274 7.920802
v 7.983936 0.772541 7.282316
v 7.314818 0.820656 6.645978
v 6.655504 1.054340 6.055152
v 6.050925 1.457669 5.550103
v 5.542282 2.003155 5.165249
v 5.164238 2.653626 4.926816
v 4.942557 3.364752 4.851055
v 4.892345 4.088072 4.943127
v 5.017024 4.774292 5.196758
v 5.308098 5.376648 5.594664
v 5.745730 5.854090 6.109728
v 6.300097 6.174081 6.706849
v 6.933419 6.314815 7.345334
v 7.602537 6.266700 7.981673
v 8.261851 6.033016 8.572498
v 8.866430 5.629687 9.077548
v 9.375073 5.084200 9.462402
v 9.753117 4.433730 9.700835
v 9.974798 3.722603 9.776596
v 12.130226 3.901427 8.425242
v 12.156903 3.160827 8.346752
v 11.962842 2.454567 8.130482
v 11.561266 1.830777 7.791171
v 10.979543 1.331967 7.351942
v 10.257315 0.992130 6.842728
v 9.443802 0.834426 6.298231
v 8.594443 0.869602 5.755558
v 7.767121 1.095260 5.251691
v 7.018216 1.496024 4.820967
v 6.398764 2.044580 4.492740
v 5.950981 2.703546 4.289378
v 5.705382 3.428015 4.224740
v 5.678704 4.168615 4.303230
v 5.872765 4.874875 4.519500
v 6.274341 5.498666 4.858811
v 6.856065 5.997476 5.298040
v 7.578292 6.337312 5.807253
v 8.391805 6.495016 6.351750
v 9.241164 6.459840 6.894423
v 10.068486 6.234182 7.398291
v 10.817392 5.833419 7.829014
v 11.436843 5.284862 8.157241
v 11.884626 4.625896 8.360603
v 12.130226 3.901427 8.425242
v 13.875382 4.054629 6.971772
v 13.898584 3.297127 6.895584
v 13.676808 2.572925 6.695390
v 13.225168 1.931375 6.384833
v 12.574444 1.416200 5.985077
v 11.768981 1.062506 5.523364
v 10.863669 0.894398 5.031160
v 9.920204 0.923331 4.542007
v 9.002883 1.147335 4.089241
v 8.174218 1.551143 3.703717
v 7.490682 2.107237 3.411707
v 6.998857 2.777720 3.233111
v 6.732260 3.516900 3.180101
v 6.709059 4.274402 3.256289
v 6.930834 4.998604 3.456483
v 7.382474 5.640153 3.767040
v 8.033198 6.155329 4.166796
v 8.838661 6.509023 4.628509
v 9.743973 6.677131 5.120713
v 10.687438 6.648198 5.609865
v 11.604759 6.424194 6.062632
v 12.433424 6.020386 6.448156
v 13.116960 5.464291 6.740166
v 13.608785 4.793809 6.918762
v 13.875382 4.054629 6.971772
v 15.362887 4.206731 5.542488
v 15.394828 3.433543 5.456822
v 15.168052 2.693419 5.252986
v 14.698015 2.036796 4.944869
v 14.016747 1.508423 4.553470
v 13.170676 1.144307 4.105462
v 12.217461 0.969263 3.631375
v 11.222062 0.995219 3.163519
v 10.252313 1.220406 2.733776
v 9.374301 1.629478 2.371434
v 8.647862 2.194558 2.101184
v 8.122500 2.877136 1.941444
v 7.834019 3.630696 1.903100
v 7.802078 4.403884 1.988766
v 8.028853 5.144009 2.192603
v 8.498891 5.800631 2.500719
v 9.180159 6.329004 2.892118
v 10.026229 6.693120 3.340126
v 10.979444 6.868164 3.814213
v 11.974844 6.842209 4.282069
v 12.944593 6.617021 4.711812
v 13.822604 6.207949 5.074155
v 14.549044 5.642869 5.344404
v 15.074405 4.960291 5.504144
v 15.362887 4.206731 5.542488
v 16.611083 4.367453 4.289099
v 16.665623 3.582022 4.178147
v 16.455598 2.830218 3.947495
v 15.995319 2.163276 3.612863
v 15.316155 1.626648 3.197055
v 14.464390 1.256903 2.728407
v 13.498069 1.079239 2.238858
v 12.483046 1.105763 1.761768
v 11.488494 1.334669 1.329652
v 10.582188 1.750356 0.971956
v 9.825893 2.324496 0.713058
v 9.271149 3.017962 0.570601
v 8.955760 3.783496 0.554293
v 8.901220 4.568928 0.665245
v 9.111245 5.320731 0.895896
v 9.571524 5.987673 1.230529
v 10.250687 6.524301 1.646337
v 11.102453 6.894046 2.114985
v 12.068774 7.071710 2.604534
v 13.083796 7.045186 3.081624
v 14.078349 6.816280 3.513740
v 14.984655 6.400593 3.871435
v 15.740950 5.826453 4.130334
v 16.295694 5.132987 4.272791
v 16.611083 4.367453 4.289099
v 17.664210 4.549614 3.295809
v 17.762689 3.759848 3.136835
v 17.593873 3.004709 2.854645
v 17.169267 2.335658 2.468470
v 16.517809 1.798289 2.004626
v 15.683892 1.429224 1.494723
v 14.724348 1.253614 0.973512
v 13.704568 1.283425 0.476511
v 12.694048 1.516628 0.037590
v 11.761654 1.937329 -0.313339
v 10.970926 2.516858 -0.552360
v 10.375751 3.215721 -0.663186
v 10.016690 3.986292 -0.638262
v 9.918212 4.776058 -0.479289
v 10.087027 5.531198 -0.197099
v 10.511633 6.200249 0.189077
v 11.163092 6.737617 0.652921
v 11.997008 7.106682 1.162823
v 12.956552 7.282293 1.684035
v 13.976332 7.252481 2.181036
v 14.986852 7.019278 2.619957
v 15.919247 6.598578 2.970885
v 16.709975 6.019049 3.209907
v 17.305149 5.320185 3.320732
v 17.664210 4.549614 3.295809
v 18.677120 4.819189 2.346050
v 18.828644 4.033123 2.131618
v 18.703755 3.280504 1.798189
v 18.310962 2.612623 1.368486
v 17.677035 2.074993 0.871793
v 16.845175 1.704255 0.341958
v 15.872071 1.525674 -0.184911
v 14.824039 1.551418 -0.672909
v 13.772500 1.779734 -1.088780
v 12.789116 2.195063 -1.404183
v 11.940901 2.769100 -1.597623
v 11.285661 3.462725 -1.655918
v 10.868050 4.228670 -1.575096
v 10.716526 5.014737 -1.360664
v 10.841415 5.767356 -1.027235
v 11.234207 6.435237 -0.597532
v 11.868134 6.972866 -0.100839
v 12.699995 7.343604 0.428996
v 13.673099 7.522186 0.955865
v 14.721131 7.496442 1.443863
v 15.772670 7.268126 1.859734
v 16.756054 6.852797 2.175137
v 17.604269 6.278760 2.368577
v 18.259508 5.585135 2.426873
v 18.677120 4.819189 2.346050
v 19.633297 5.175155 1.337593
v 19.823350 4.393406 1.081317
v 19.725252 3.642054 0.714224
v 19.345689 2.972301 0.261329
v 18.710525 2.429790 -0.246502
v 17.863048 2.051493 -0.774663
v 16.861011 1.863189 -1.287159
v 15.772701 1.877712 -1.749066
v 14.672285 2.094072 -2.128904
v 13.634755 2.497523 -2.400789
v 12.730816 3.060572 -2.546191
v 12.022070 3.744848 -2.555203
v 11.556817 4.503718 -2.427210
v 11.366763 5.285466 -2.170934
v 11.464861 6.036819 -1.803840
v 11.844425 6.706572 -1.350946
v 12.479588 7.249082 -0.843114
v 13.327065 7.627379 -0.314953
v 14.329102 7.815683 0.197543
v 15.417412 7.801160 0.659449
v 16.517828 7.584801 1.039288
v 17.555359 7.181349 1.311172
v 18.459298 6.618300 1.456575
v 19.168044 5.934025 1.465587
v 19.633297 5.175155 1.337593
v 20.442394 5.545988 0.408107
v 20.657545 4.767131 0.121882
v 20.576272 4.016326 -0.269628
v 20.204114 3.344738 -0.739742
v 19.566434 2.798135 -1.256422
v 18.706687 2.413768 -1.784457
v 17.683465 2.217830 -2.287863
v 16.566498 2.223674 -2.732334
v 15.431906 2.430902 -3.087579
v 14.357008 2.825391 -3.329389
v 13.415059 3.380259 -3.441285
v 12.670249 4.057690 -3.415642
v 12.173337 4.811521 -3.254206
v 11.958187 5.590378 -2.967981
v 12.039459 6.341183 -2.576471
v 12.411617 7.012771 -2.106357
v 13.049297 7.559373 -1.589677
v 13.909044 7.943740 -1.061642
v 14.932266 8.139678 -0.558236
v 16.049233 8.133834 -0.113765
v 17.183826 7.926607 0.241479
v 18.258723 7.532117 0.483289
v 19.200672 6.977250 0.595186
v 19.945482 6.299818 0.569542
v 20.442394 5.545988 0.408107
v 21.108238 5.892185 -0.401319
v 21.336766 5.113005 -0.704613
v 21.263687 4.360619 -1.110511
v 20.893979 3.686301 -1.591352
v 20.252839 3.136003 -2.114367
v 19.383959 2.747227 -2.643914
v 18.346552 2.546469 -3.143906
v 17.211315 2.547410 -3.580268
v 16.055613 2.749985 -3.923262
v 14.958205 3.140389 -4.149516
v 13.993877 3.692016 -4.243609
v 13.228347 4.367275 -4.199130
v 12.713785 5.120148 -4.019109
v 12.485257 5.899327 -3.715816
v 12.558337 6.651713 -3.309917
v 12.928044 7.326032 -2.829076
v 13.569184 7.876330 -2.306061
v 14.438064 8.265105 -1.776514
v 15.475472 8.465863 -1.276522
v 16.610709 8.464923 -0.840160
v 17.766411 8.262348 -0.497166
v 18.863819 7.871944 -0.270912
v 19.828146 7.320316 -0.176819
v 20.593676 6.645057 -0.221298
v 21.108238 5.892185 -0.401319
v 21.623213 6.171034 -1.037885
v 21.850726 5.385273 -1.339859
v 21.775236 4.626818 -1.745923
v 21.401887 3.947356 -2.228405
v 20.756122 3.393191 -2.754425
v 19.881949 3.002090 -3.288134
v 18.838942 2.800704 -3.793163
v 17.698180 2.802758 -4.235093
v 16.537403 3.008112 -4.583808
v 15.435718 3.402771 -4.815544
v 14.468201 3.959841 -4.914508
v 13.700788 4.641357 -4.873957
v 13.185776 5.400876 -4.696652
v 12.958264 6.186637 -4.394679
v 13.033754 6.945092 -3.988614
v 13.407103 7.624554 -3.506132
v 14.052868 8.178718 -2.980113
v 14.927041 8.569820 -2.446403
v 15.970048 8.771206 -1.941375
v 17.110810 8.769152 -1.499444
v 18.271586 8.563798 -1.150729
v 19.373272 8.169138 -0.918993
v 20.340789 7.612069 -0.820029
v 21.108202 6.930553 -0.860581
v 21.623213 6.171034 -1.037885
v 22.009184 6.359390 -1.491269
v 22.230245 5.565533 -1.784861
v 22.148597 4.800085 -2.185468
v 21.769803 4.115209 -2.665790
v 21.119677 3.557580 -3.193092
v 20.242524 3.165198 -3.731440
v 19.198121 2.964804 -4.244146
v 18.057642 2.970055 -4.696271
v 16.898808 3.180592 -5.057003
v 15.800594 3.582067 -5.301759
v 14.837839 4.147122 -5.413858
v 14.076154 4.837248 -5.385662
v 13.567447 5.605414 -5.219092
v 13.346385 6.399271 -4.925500
v 13.428033 7.164720 -4.524893
v 13.806827 7.849595 -4.044571
v 14.456953 8.407224 -3.517269
v 15.334106 8.799606 -2.978921
v 16.378509 9.000000 -2.466215
v 17.518988 8.994750 -2.014090
v 18.677822 8.784213 -1.653358
v 19.776037 8.382737 -1.408602
v 20.738791 7.817683 -1.296503
v 21.500476 7.127557 -1.324699
v 22.009184 6.359390 -1.491269
v -26.954155 1.696280 -8.039134
v 17.788315 5.982402 -3.355181
vt 0.0078125 0.9921875
vt 0.0078125 0.9667969
vt 0.0078125 0.9414062
vt 0.0078125 0.9160156
vt 0.0078125 0.8906250
vt 0.0078125 0.8652344
vt 0.0078125 0.8398438
vt 0.0078125 0.8144531
vt 0.0078125 0.7890625
vt 0.0078125 0.7636719
vt 0.0078125 0.7382812
vt 0.0078125 0.7128906
vt 0.0078125 0.6875000
vt 0.0078125 0.6621094
vt 0.0078125 0.6367188
vt 0.0078125 0.6113281
vt 0.0078125 0.5859375
vt 0.0078125 0.5605469
vt 0.0078125 0.5351562
vt 0.0078125 0.5097656
vt 0.0078125 0.4843750
vt 0.0078125 0.4589844
vt 0.0078125 0.4335938
vt 0.0078125 0.4082031
vt 0.0078125 0.3828125
vt 0.0351562 0.9921875
vt 0.0351562 0.9667969
vt 0.0351562 0.9414062
vt 0.0351562 0.9160156
vt 0.0351562 0.8906250
vt 0.0351562 0.8652344
vt 0.0351562 0.8398438
vt 0.0351562 0.8144531
vt 0.0351562 0.7890625
vt 0.0351562 0.7636719
vt 0.0351562 0.7382812
vt 0.0351562 0.7128906
vt 0.0351562 0.6875000
vt 0.0351562 0.6621094
vt 0.0351562 0.6367188
vt 0.0351562 0.6113281
vt 0.0351562 0.5859375
vt 0.0351562 0.5605469
vt 0.0351562 0.5351562
vt 0.0351562 0.5097656
vt 0.0351562 0.4843750
vt 0.0351562 0.4589844
vt 0.0351562 0.4335938
vt 0.0351562 0.4082031
vt 0.0351562 0.3828125
vt 0.0625000 0.9921875
vt 0.0625000 0.9667969
vt 0.0625000 0.9414062
vt 0.0625000 0.9160156
vt 0.0625000 0.8906250
vt 0.0625000 0.8652344
vt 0.0625000 0.8398438
vt 0.0625000 0.8144531
vt 0.0625000 0.7890625
vt 0.0625000 0.7636719
vt 0.0625000 0.7382812
vt 0.0625000 0.7128906
vt 0.0625000 0.6875000
vt 0.0625000 0.6621094
vt 0.0625000 0.6367188
vt 0.0625000 0.6113281
vt 0.0625000 0.5859375
vt 0.0625000 0.5605469
vt 0.0625000 0.5351562
vt 0.0625000 0.5097656
vt 0.0625000 0.4843750
vt 0.0625000 0.4589844
vt 0.0625000 0.4335938
vt 0.0625000 0.4082031
vt 0.0625000 0.3828125
vt 0.0898438 0.9921875
vt 0.0898438 0.9667969
vt 0.0898438 0.9414062
vt 0.0898438 0.9160156
vt 0.0898438 0.8906250
vt 0.0898438 0.8652344
vt 0.0898438 0.8398438
vt 0.0898438 0.8144531
vt 0.0898438 0.7890625
vt 0.0898438 0.7636719
vt 0.0898438 0.7382812
vt 0.0898438 0.7128906
vt 0.0898438 0.6875000
vt 0.0898438 0.6621094
vt 0.0898438 0.6367188
vt 0.0898438 0.6113281
vt 0.0898438 0.5859375
vt 0.0898438 0.5605469
vt 0.0898438 0.5351562
vt 0.0898438 0.5097656
vt 0.0898438 0.4843750
vt 0.0898438 0.4589844
vt 0.0898438 0.4335938
vt 0.0898438 0.4082031
vt 0.0898438 0.3828125
vt 0.1171875 0.9921875
vt 0.1171875 0.9667969
vt 0.1171875 0.9414062
vt 0.1171875 0.9160156
vt 0.1171875 0.8906250
vt 0.1171875 0.8652344
vt 0.1171875 0.8398438
vt 0.1171875 0.8144531
vt 0.1171875 0.7890625
vt 0.1171875 0.7636719
vt 0.1171875 0.7382812
vt 0.1171875 0.7128906
vt 0.1171875 0.6875000
vt 0.1171875 0.6621094
vt 0.1171875 0.6367188
vt 0.1171875 0.6113281
vt 0.1171875 0.5859375
vt 0.1171875 0.5605469
vt 0.1171875 0.5351562
vt 0.1171875 0.5097656
vt 0.1171875 0.4843750
vt 0.1171875 0.4589844
vt 0.1171875 0.4335938
vt 0.1171875 0.4082031
vt 0.1171875 0.3828125
vt 0.1445312 0.9921875
vt 0.1445312 0.9667969
vt 0.1445312 0.9414062
vt 0.1445312 0.9160156
vt 0.1445312 0.8906250
vt 0.1445312 0.8652344
vt 0.1445312 0.8398438
vt 0.1445312 0.8144531
vt 0.1445312 0.7890625
vt 0.1445312 0.7636719
vt 0.1445312 0.7382812
vt 0.1445312 0.7128906
vt 0.1445312 0.6875000
vt 0.1445312 0.6621094
vt 0.1445312 0.6367188
vt 0.1445312 0.6113281
vt 0.1445312 0.5859375
vt 0.1445312 0.5605469
vt 0.1445312 0.5351562
vt 0.1445312 0.5097656
vt 0.1445312 0.4843750
vt 0.1445312 0.4589844
vt 0.1445312 0.4335938
vt 0.1445312 0.4082031
vt 0.1445312 0.3828125
vt 0.1718750 0.9921875
vt 0.1718750 0.9667969
vt 0.1718750 0.9414062
vt 0.1718750 0.9160156
vt 0.1718750 0.8906250
vt 0.1718750 0.8652344
vt 0.1718750 0.8398438
vt 0.1718750 0.8144531
vt 0.1718750 0.7890625
vt 0.1718750 0.7636719
vt 0.1718750 0.7382812
vt 0.1718750 0.7128906
vt 0.1718750 0.6875000
vt 0.1718750 0.6621094
vt 0.1718750 0.6367188
vt 0.1718750 0.6113281
vt 0.1718750 0.5859375
vt 0.1718750 0.5605469
vt 0.1718750 0.5351562
vt 0.1718750 0.5097656
vt 0.1718750 0.4843750
vt 0.1718750 0.4589844
vt 0.1718750 0.4335938
vt 0.1718750 0.4082031
vt 0.1718750 0.3828125
vt 0.1992188 0.9921875
vt 0.1992188 0.9667969
vt 0.1992188 0.9414062
vt 0.1992188 0.9160156
vt 0.1992188 0.8906250
vt 0.1992188 0.8652344
vt 0.1992188 0.8398438
vt 0.1992188 0.8144531
vt 0.1992188 0.7890625
vt 0.1992188 0.7636719
vt 0.1992188 0.7382812
vt 0.1992188 0.7128906
vt 0.1992188 0.6875000
vt 0.1992188 0.6621094
vt 0.1992188 0.6367188
vt 0.1992188 0.6113281
vt 0.1992188 0.5859375
vt 0.1992188 0.5605469
vt 0.1992188 0.5351562
vt 0.1992188 0.5097656
vt 0.1992188 0.4843750
vt 0.1992188 0.4589844
vt 0.1992188 0.4335938
vt 0.1992188 0.4082031
vt 0.1992188 0.3828125
vt 0.2265625 0.9921875
vt 0.2265625 0.9667969
vt 0.2265625 0.9414062
vt 0.2265625 0.9160156
vt 0.2265625 0.8906250
vt 0.2265625 0.8652344
vt 0.2265625 0.8398438
vt 0.2265625 0.8144531
vt 0.2265625 0.7890625
vt 0.2265625 0.7636719
vt 0.2265625 0.7382812
vt 0.2265625 0.7128906
vt 0.2265625 0.6875000
vt 0.2265625 0.6621094
vt 0.2265625 0.6367188
vt 0.2265625 0.6113281
vt 0.2265625 0.5859375
vt 0.2265625 0.5605469
vt 0.2265625 0.5351562
vt 0.2265625 0.5097656
vt 0.2265625 0.4843750
vt 0.2265625 0.4589844
vt 0.2265625 0.4335938
vt 0.2265625 0.4082031
vt 0.2265625 0.3828125
vt 0.2539062 0.9921875
vt 0.2539062 0.9667969
vt 0.2539062 0.9414062
vt 0.2539062 0.9160156
vt 0.2539062 0.8906250
vt 0.2539062 0.8652344
vt 0.2539062 0.8398438
vt 0.2539062 0.8144531
vt 0.2539062 0.7890625
vt 0.2539062 0.7636719
vt 0.2539062 0.7382812
vt 0.2539062 0.7128906
vt 0.2539062 0.6875000
vt 0.2539062 0.6621094
vt 0.2539062 0.6367188
vt 0.2539062 0.6113281
vt 0.2539062 0.5859375
vt 0.2539062 0.5605469
vt 0.2539062 0.5351562
vt 0.2539062 0.5097656
vt 0.2539062 0.4843750
vt 0.2539062 0.4589844
vt 0.2539062 0.4335938
vt 0.2539062 0.4082031
vt 0.2539062 0.3828125
vt 0.2812500 0.9921875
vt 0.2812500 0.9667969
vt 0.2812500 0.9414062
vt 0.2812500 0.9160156
vt 0.2812500 0.8906250
vt 0.2812500 0.8652344
vt 0.2812500 0.8398438
vt 0.2812500 0.8144531
vt 0.2812500 0.7890625
vt 0.2812500 0.7636719
vt 0.2812500 0.7382812
vt 0.2812500 0.7128906
vt 0.2812500 0.6875000
vt 0.2812500 0.6621094
vt 0.2812500 0.6367188
vt 0.2812500 0.6113281
vt 0.2812500 0.5859375
vt 0.2812500 0.5605469
vt 0.2812500 0.5351562
vt 0.2812500 0.5097656
vt 0.2812500 0.4843750
vt 0.2812500 0.4589844
vt 0.2812500 0.4335938
vt 0.2812500 0.4082031
vt 0.2812500 0.3828125
vt 0.3085938 0.9921875
vt 0.3085938 0.9667969
vt 0.3085938 0.9414062
vt 0.3085938 0.9160156
vt 0.3085938 0.8906250
vt 0.3085938 0.8652344
vt 0.3085938 0.8398438
vt 0.3085938 0.8144531
vt 0.3085938 0.7890625
vt 0.3085938 0.7636719
vt 0.3085938 0.7382812
vt 0.3085938 0.7128906
vt 0.3085938 0.6875000
vt 0.3085938 0.6621094
vt 0.3085938 0.6367188
vt 0.3085938 0.6113281
vt 0.3085938 0.5859375
vt 0.3085938 0.5605469
vt 0.3085938 0.5351562
vt 0.3085938 0.5097656
vt 0.3085938 0.4843750
vt 0.3085938 0.4589844
vt 0.3085938 0.4335938
vt 0.3085938 0.4082031
vt 0.3085938 0.3828125
vt 0.3359375 0.9921875
vt 0.3359375 0.9667969
vt 0.3359375 0.9414062
vt 0.3359375 0.9160156
vt 0.3359375 0.8906250
vt 0.3359375 0.8652344
vt 0.3359375 0.8398438
vt 0.3359375 0.8144531
vt 0.3359375 0.7890625
vt 0.3359375 0.7636719
vt 0.3359375 0.7382812
vt 0.3359375 0.7128906
vt 0.3359375 0.6875000
vt 0.3359375 0.6621094
vt 0.3359375 0.6367188
vt 0.3359375 0.6113281
vt 0.3359375 0.5859375
vt 0.3359375 0.5605469
vt 0.3359375 0.5351562
vt 0.3359375 0.5097656
vt 0.3359375 0.4843750
vt 0.3359375 0.4589844
vt 0.3359375 0.4335938
vt 0.3359375 0.4082031
vt 0.3359375 0.3828125
vt 0.3632812 0.9921875
vt 0.3632812 0.9667969
vt 0.3632812 0.9414062
vt 0.3632812 0.9160156
vt 0.3632812 0.8906250
vt 0.3632812 0.8652344
vt 0.3632812 0.8398438
vt 0.3632812 0.8144531
vt 0.3632812 0.7890625
vt 0.3632812 0.7636719
vt 0.3632812 0.7382812
vt 0.3632812 0.7128906
vt 0.3632812 0.6875000
vt 0.3632812 0.6621094
vt 0.3632812 0.6367188
vt 0.3632812 0.6113281
vt 0.3632812 0.5859375
vt 0.3632812 0.5605469
vt 0.3632812 0.5351562
vt 0.3632812 0.5097656
vt 0.3632812 0.4843750
vt 0.3632812 0.4589844
vt 0.3632812 0.4335938
vt 0.3632812 0.4082031
vt 0.3632812 0.3828125
vt 0.3906250 0.9921875
vt 0.3906250 0.9667969
vt 0.3906250 0.9414062
vt 0.3906250 0.9160156
vt 0.3906250 0.8906250
vt 0.3906250 0.8652344
vt 0.3906250 0.8398438
vt 0.3906250 0.8144531
vt 0.3906250 0.7890625
vt 0.3906250 0.7636719
vt 0.3906250 0.7382812
vt 0.3906250 0.7128906
vt 0.3906250 0.6875000
vt 0.3906250 0.6621094
vt 0.3906250 0.6367188
vt 0.3906250 0.6113281
vt 0.3906250 0.5859375
vt 0.3906250 0.5605469
vt 0.3906250 0.5351562
vt 0.3906250 0.5097656
vt 0.3906250 0.4843750
vt 0.3906250 0.4589844
vt 0.3906250 0.4335938
vt 0.3906250 0.4082031
vt 0.3906250 0.3828125
vt 0.4179688 0.9921875
vt 0.4179688 0.9667969
vt 0.4179688 0.9414062
vt 0.4179688 0.9160156
vt 0.4179688 0.8906250
vt 0.4179688 0.8652344
vt 0.4179688 0.8398438
vt 0.4179688 0.8144531
vt 0.4179688 0.7890625
vt 0.4179688 0.7636719
vt 0.4179688 0.7382812
vt 0.4179688 0.7128906
vt 0.4179688 0.6875000
vt 0.4179688 0.6621094
vt 0.4179688 0.6367188
vt 0.4179688 0.6113281
vt 0.4179688 0.5859375
vt 0.4179688 0.5605469
vt 0.4179688 0.5351562
vt 0.4179688 0.5097656
vt 0.4179688 0.4843750
vt 0.4179688 0.4589844
vt 0.4179688 0.4335938
vt 0.4179688 0.4082031
vt 0.4179688 0.3828125
vt 0.4453125 0.9921875
vt 0.4453125 0.9667969
vt 0.4453125 0.9414062
vt 0.4453125 0.9160156
vt 0.4453125 0.8906250
vt 0.4453125 0.8652344
vt 0.4453125 0.8398438
vt 0.4453125 0.8144531
vt 0.4453125 0.7890625
vt 0.4453125 0.7636719
vt 0.4453125 0.7382812
vt 0.4453125 0.7128906
vt 0.4453125 0.6875000
vt 0.4453125 0.6621094
vt 0.4453125 0.6367188
vt 0.4453125 0.6113281
vt 0.4453125 0.5859375
vt 0.4453125 0.5605469
vt 0.4453125 0.5351562
vt 0.4453125 0.5097656
vt 0.4453125 0.4843750
vt 0.4453125 0.4589844
vt 0.4453125 0.4335938
vt 0.4453125 0.4082031
vt 0.4453125 0.3828125
vt 0.4726562 0.9921875
vt 0.4726562 0.9667969
vt 0.4726562 0.9414062
vt 0.4726562 0.9160156
vt 0.4726562 0.8906250
vt 0.4726562 0.8652344
vt 0.4726562 0.8398438
vt 0.4726562 0.8144531
vt 0.4726562 0.7890625
vt 0.4726562 0.7636719
vt 0.4726562 0.7382812
vt 0.4726562 0.7128906
vt 0.4726562 0.6875000
vt 0.4726562 0.6621094
vt 0.4726562 0.6367188
vt 0.4726562 0.6113281
vt 0.4726562 0.5859375
vt 0.4726562 0.5605469
vt 0.4726562 0.5351562
vt 0.4726562 0.5097656
vt 0.4726562 0.4843750
vt 0.4726562 0.4589844
vt 0.4726562 0.4335938
vt 0.4726562 0.4082031
vt 0.4726562 0.3828125
vt 0.5000000 0.9921875
vt 0.5000000 0.9667969
vt 0.5000000 0.9414062
vt 0.5000000 0.9160156
vt 0.5000000 0.8906250
vt 0.5000000 0.8652344
vt 0.5000000 0.8398438
vt 0.5000000 0.8144531
vt 0.5000000 0.7890625
vt 0.5000000 0.7636719
vt 0.5000000 0.7382812
vt 0.5000000 0.7128906
vt 0.5000000 0.6875000
vt 0.5000000 0.6621094
vt 0.5000000 0.6367188
vt 0.5000000 0.6113281
vt 0.5000000 0.5859375
vt 0.5000000 0.5605469
vt 0.5000000 0.5351562
vt 0.5000000 0.5097656
vt 0.5000000 0.4843750
vt 0.5000000 0.4589844
vt 0.5000000 0.4335938
vt 0.5000000 0.4082031
vt 0.5000000 0.3828125
vt 0.5273438 0.9921875
vt 0.5273438 0.9667969
vt 0.5273438 0.9414062
vt 0.5273438 0.9160156
vt 0.5273438 0.8906250
vt 0.5273438 0.8652344
vt 0.5273438 0.8398438
vt 0.5273438 0.8144531
vt 0.5273438 0.7890625
vt 0.5273438 0.7636719
vt 0.5273438 0.7382812
vt 0.5273438 0.7128906
vt 0.5273438 0.6875000
vt 0.5273438 0.6621094
vt 0.5273438 0.6367188
vt 0.5273438 0.6113281
vt 0.5273438 0.5859375
vt 0.5273438 0.5605469
vt 0.5273438 0.5351562
vt 0.5273438 0.5097656
vt 0.5273438 0.4843750
vt 0.5273438 0.4589844
vt 0.5273438 0.4335938
vt 0.5273438 0.4082031
vt 0.5273438 0.3828125
vt 0.5546875 0.9921875
vt 0.5546875 0.9667969
vt 0.5546875 0.9414062
vt 0.5546875 0.9160156
vt 0.5546875 0.8906250
vt 0.5546875 0.8652344
vt 0.5546875 0.8398438
vt 0.5546875 0.8144531
vt 0.5546875 0.7890625
vt 0.5546875 0.7636719
vt 0.5546875 0.7382812
vt 0.5546875 0.7128906
vt 0.5546875 0.6875000
vt 0.5546875 0.6621094
vt 0.5546875 0.6367188
vt 0.5546875 0.6113281
vt 0.5546875 0.5859375
vt 0.5546875 0.5605469
vt 0.5546875 0.5351562
vt 0.5546875 0.5097656
vt 0.5546875 0.4843750
vt 0.5546875 0.4589844
vt 0.5546875 0.4335938
vt 0.5546875 0.4082031
vt 0.5546875 0.3828125
vt 0.5820312 0.9921875
vt 0.5820312 0.9667969
vt 0.5820312 0.9414062
vt 0.5820312 0.9160156
vt 0.5820312 0.8906250
vt 0.5820312 0.8652344
vt 0.5820312 0.8398438
vt 0.5820312 0.8144531
vt 0.5820312 0.7890625
vt 0.5820312 0.7636719
vt 0.5820312 0.7382812
vt 0.5820312 0.7128906
vt 0.5820312 0.6875000
vt 0.5820312 0.6621094
vt 0.5820312 0.6367188
vt 0.5820312 0.6113281
vt 0.5820312 0.5859375
vt 0.5820312 0.5605469
vt 0.5820312 0.5351562
vt 0.5820312 0.5097656
vt 0.5820312 0.4843750
vt 0.5820312 0.4589844
vt 0.5820312 0.4335938
vt 0.5820312 0.4082031
vt 0.5820312 0.3828125
vt 0.6093750 0.9921875
vt 0.6093750 0.9667969
vt 0.6093750 0.9414062
vt 0.6093750 0.9160156
vt 0.6093750 0.8906250
vt 0.6093750 0.8652344
vt 0.6093750 0.8398438
vt 0.6093750 0.8144531
vt 0.6093750 0.7890625
vt 0.6093750 0.7636719
vt 0.6093750 0.7382812
vt 0.6093750 0.7128906
vt 0.6093750 0.6875000
vt 0.6093750 0.6621094
vt 0.6093750 0.6367188
vt 0.6093750 0.6113281
vt 0.6093750 0.5859375
vt 0.6093750 0.5605469
vt 0.6093750 0.5351562
vt 0.6093750 0.5097656
vt 0.6093750 0.4843750
vt 0.6093750 0.4589844
vt 0.6093750 0.4335938
vt 0.6093750 0.4082031
vt 0.6093750 0.3828125
vt 0.6367188 0.9921875
vt 0.6367188 0.9667969
vt 0.6367188 0.9414062
vt 0.6367188 0.9160156
vt 0.6367188 0.8906250
vt 0.6367188 0.8652344
vt 0.6367188 0.8398438
vt 0.6367188 0.8144531
vt 0.6367188 0.7890625
vt 0.6367188 0.7636719
vt 0.6367188 0.7382812
vt 0.6367188 0.7128906
vt 0.6367188 0.6875000
vt 0.6367188 0.6621094
vt 0.6367188 0.6367188
vt 0.6367188 0.6113281
vt 0.6367188 0.5859375
vt 0.6367188 0.5605469
vt 0.6367188 0.5351562
vt 0.6367188 0.5097656
vt 0.6367188 0.4843750
vt 0.6367188 0.4589844
vt 0.6367188 0.4335938
vt 0.6367188 0.4082031
vt 0.6367188 0.3828125
vt 0.6640625 0.9921875
vt 0.6640625 0.9667969
vt 0.6640625 0.9414062
vt 0.6640625 0.9160156
vt 0.6640625 0.8906250
vt 0.6640625 0.8652344
vt 0.6640625 0.8398438
vt 0.6640625 0.8144531
vt 0.6640625 0.7890625
vt 0.6640625 0.7636719
vt 0.6640625 0.7382812
vt 0.6640625 0.7128906
vt 0.6640625 0.6875000
vt 0.6640625 0.6621094
vt 0.6640625 0.6367188
vt 0.6640625 0.6113281
vt 0.6640625 0.5859375
vt 0.6640625 0.5605469
vt 0.6640625 0.5351562
vt 0.6640625 0.5097656
vt 0.6640625 0.4843750
vt 0.6640625 0.4589844
vt 0.6640625 0.4335938
vt 0.6640625 0.4082031
vt 0.6640625 0.3828125
vt 0.6914062 0.9921875
vt 0.6914062 0.9667969
vt 0.6914062 0.9414062
vt 0.6914062 0.9160156
vt 0.6914062 0.8906250
vt 0.6914062 0.8652344
vt 0.6914062 0.8398438
vt 0.6914062 0.8144531
vt 0.6914062 0.7890625
vt 0.6914062 0.7636719
vt 0.6914062 0.7382812
vt 0.6914062 0.7128906
vt 0.6914062 0.6875000
vt 0.6914062 0.6621094
vt 0.6914062 0.6367188
vt 0.6914062 0.6113281
vt 0.6914062 0.5859375
vt 0.6914062 0.5605469
vt 0.6914062 0.5351562
vt 0.6914062 0.5097656
vt 0.6914062 0.4843750
vt 0.6914062 0.4589844
vt 0.6914062 0.4335938
vt 0.6914062 0.4082031
vt 0.6914062 0.3828125
vt 0.7187500 0.9921875
vt 0.7187500 0.9667969
vt 0.7187500 0.9414062
vt 0.7187500 0.9160156
vt 0.7187500 0.8906250
vt 0.7187500 0.8652344
vt 0.7187500 0.8398438
vt 0.7187500 0.8144531
vt 0.7187500 0.7890625
vt 0.7187500 0.7636719
vt 0.7187500 0.7382812
vt 0.7187500 0.7128906
vt 0.7187500 0.6875000
vt 0.7187500 0.6621094
vt 0.7187500 0.6367188
vt 0.7187500 0.6113281
vt 0.7187500 0.5859375
vt 0.7187500 0.5605469
vt 0.7187500 0.5351562
vt 0.7187500 0.5097656
vt 0.7187500 0.4843750
vt 0.7187500 0.4589844
vt 0.7187500 0.4335938
vt 0.7187500 0.4082031
vt 0.7187500 0.3828125
vt 0.7460938 0.9921875
vt 0.7460938 0.9667969
vt 0.7460938 0.9414062
vt 0.7460938 0.9160156
vt 0.7460938 0.8906250
vt 0.7460938 0.8652344
vt 0.7460938 0.8398438
vt 0.7460938 0.8144531
vt 0.7460938 0.7890625
vt 0.7460938 0.7636719
vt 0.7460938 0.7382812
vt 0.7460938 0.7128906
vt 0.7460938 0.6875000
vt 0.7460938 0.6621094
vt 0.7460938 0.6367188
vt 0.7460938 0.6113281
vt 0.7460938 0.5859375
vt 0.7460938 0.5605469
vt 0.7460938 0.5351562
vt 0.7460938 0.5097656
vt 0.7460938 0.4843750
vt 0.7460938 0.4589844
vt 0.7460938 0.4335938
vt 0.7460938 0.4082031
vt 0.7460938 0.3828125
vt 0.7734375 0.9921875
vt 0.7734375 0.9667969
vt 0.7734375 0.9414062
vt 0.7734375 0.9160156
vt 0.7734375 0.8906250
vt 0.7734375 0.8652344
vt 0.7734375 0.8398438
vt 0.7734375 0.8144531
vt 0.7734375 0.7890625
vt 0.7734375 0.7636719
vt 0.7734375 0.7382812
vt 0.7734375 0.7128906
vt 0.7734375 0.6875000
vt 0.7734375 0.6621094
vt 0.7734375 0.6367188
vt 0.7734375 0.6113281
vt 0.7734375 0.5859375
vt 0.7734375 0.5605469
vt 0.7734375 0.5351562
vt 0.7734375 0.5097656
vt 0.7734375 0.4843750
vt 0.7734375 0.4589844
vt 0.7734375 0.4335938
vt 0.7734375 0.4082031
vt 0.7734375 0.3828125
vt 0.8007812 0.9921875
vt 0.8007812 0.9667969
vt 0.8007812 0.9414062
vt 0.8007812 0.9160156
vt 0.8007812 0.8906250
vt 0.8007812 0.8652344
vt 0.8007812 0.8398438
vt 0.8007812 0.8144531
vt 0.8007812 0.7890625
vt 0.8007812 0.7636719
vt 0.8007812 0.7382812
vt 0.8007812 0.7128906
vt 0.8007812 0.6875000
vt 0.8007812 0.6621094
vt 0.8007812 0.6367188
vt 0.8007812 0.6113281
vt 0.8007812 0.5859375
vt 0.8007812 0.5605469
vt 0.8007812 0.5351562
vt 0.8007812 0.5097656
vt 0.8007812 0.4843750
vt 0.8007812 0.4589844
vt 0.8007812 0.4335938
vt 0.8007812 0.4082031
vt 0.8007812 0.3828125
vt 0.8281250 0.9921875
vt 0.8281250 0.9667969
vt 0.8281250 0.9414062
vt 0.8281250 0.9160156
vt 0.8281250 0.8906250
vt 0.8281250 0.8652344
vt 0.8281250 0.8398438
vt 0.8281250 0.8144531
vt 0.8281250 0.7890625
vt 0.8281250 0.7636719
vt 0.8281250 0.7382812
vt 0.8281250 0.7128906
vt 0.8281250 0.6875000
vt 0.8281250 0.6621094
vt 0.8281250 0.6367188
vt 0.8281250 0.6113281
vt 0.8281250 0.5859375
vt 0.8281250 0.5605469
vt 0.8281250 0.5351562
vt 0.8281250 0.5097656
vt 0.8281250 0.4843750
vt 0.8281250 0.4589844
vt 0.8281250 0.4335938
vt 0.8281250 0.4082031
vt 0.8281250 0.3828125
vt 0.8554688 0.9921875
vt 0.8554688 0.9667969
vt 0.8554688 0.9414062
vt 0.8554688 0.9160156
vt 0.8554688 0.8906250
vt 0.8554688 0.8652344
vt 0.8554688 0.8398438
vt 0.8554688 0.8144531
vt 0.8554688 0.7890625
vt 0.8554688 0.7636719
vt 0.8554688 0.7382812
vt 0.8554688 0.7128906
vt 0.8554688 0.6875000
vt 0.8554688 0.6621094
vt 0.8554688 0.6367188
vt 0.8554688 0.6113281
vt 0.8554688 0.5859375
vt 0.8554688 0.5605469
vt 0.8554688 0.5351562
vt 0.8554688 0.5097656
vt 0.8554688 0.4843750
vt 0.8554688 0.4589844
vt 0.8554688 0.4335938
vt 0.8554688 0.4082031
vt 0.8554688 0.3828125
vt 0.8828125 0.9921875
vt 0.8828125 0.9667969
vt 0.8828125 0.9414062
vt 0.8828125 0.9160156
vt 0.8828125 0.8906250
vt 0.8828125 0.8652344
vt 0.8828125 0.8398438
vt 0.8828125 0.8144531
vt 0.8828125 0.7890625
vt 0.8828125 0.7636719
vt 0.8828125 0.7382812
vt 0.8828125 0.7128906
vt 0.8828125 0.6875000
vt 0.8828125 0.6621094
vt 0.8828125 0.6367188
vt 0.8828125 0.6113281
vt 0.8828125 0.5859375
vt 0.8828125 0.5605469
vt 0.8828125 0.5351562
vt 0.8828125 0.5097656
vt 0.8828125 0.4843750
vt 0.8828125 0.4589844
vt 0.8828125 0.4335938
vt 0.8828125 0.4082031
vt 0.8828125 0.3828125
vt 0.9101562 0.9921875
vt 0.9101562 0.9667969
vt 0.9101562 0.9414062
vt 0.9101562 0.9160156
vt 0.9101562 0.8906250
vt 0.9101562 0.8652344
vt 0.9101562 0.8398438
vt 0.9101562 0.8144531
vt 0.9101562 0.7890625
vt 0.9101562 0.7636719
vt 0.9101562 0.7382812
vt 0.9101562 0.7128906
vt 0.9101562 0.6875000
vt 0.9101562 0.6621094
vt 0.9101562 0.6367188
vt 0.9101562 0.6113281
vt 0.9101562 0.5859375
vt 0.9101562 0.5605469
vt 0.9101562 0.5351562
vt 0.9101562 0.5097656
vt 0.9101562 0.4843750
vt 0.9101562 0.4589844
vt 0.9101562 0.4335938
vt 0.9101562 0.4082031
vt 0.9101562 0.3828125
vt 0.9375000 0.9921875
vt 0.9375000 0.9667969
vt 0.9375000 0.9414062
vt 0.9375000 0.9160156
vt 0.9375000 0.8906250
vt 0.9375000 0.8652344
vt 0.9375000 0.8398438
vt 0.9375000 0.8144531
vt 0.9375000 0.7890625
vt 0.9375000 0.7636719
vt 0.9375000 0.7382812
vt 0.9375000 0.7128906
vt 0.9375000 0.6875000
vt 0.9375000 0.6621094
vt 0.9375000 0.6367188
vt 0.9375000 0.6113281
vt 0.9375000 0.5859375
vt 0.9375000 0.5605469
vt 0.9375000 0.5351562
vt 0.9375000 0.5097656
vt 0.9375000 0.4843750
vt 0.9375000 0.4589844
vt 0.9375000 0.4335938
vt 0.9375000 0.4082031
vt 0.9375000 0.3828125
vt 0.9648438 0.9921875
vt 0.9648438 0.9667969
vt 0.9648438 0.9414062
vt 0.9648438 0.9160156
vt 0.9648438 0.8906250
vt 0.9648438 0.8652344
vt 0.9648438 0.8398438
vt 0.9648438 0.8144531
vt 0.9648438 0.7890625
vt 0.9648438 0.7636719
vt 0.9648438 0.7382812
vt 0.9648438 0.7128906
vt 0.9648438 0.6875000
vt 0.9648438 0.6621094
vt 0.9648438 0.6367188
vt 0.9648438 0.6113281
vt 0.9648438 0.5859375
vt 0.9648438 0.5605469
vt 0.9648438 0.5351562
vt 0.9648438 0.5097656
vt 0.9648438 0.4843750
vt 0.9648438 0.4589844
vt 0.9648438 0.4335938
vt 0.9648438 0.4082031
vt 0.9648438 0.3828125
vt 0.9921875 0.9921875
vt 0.9921875 0.9667969
vt 0.9921875 0.9414062
vt 0.9921875 0.9160156
vt 0.9921875 0.8906250
vt 0.9921875 0.8652344
vt 0.9921875 0.8398438
vt 0.9921875 0.8144531
vt 0.9921875 0.7890625
vt 0.9921875 0.7636719
vt 0.9921875 0.7382812
vt 0.9921875 0.7128906
vt 0.9921875 0.6875000
vt 0.9921875 0.6621094
vt 0.9921875 0.6367188
vt 0.9921875 0.6113281
vt 0.9921875 0.5859375
vt 0.9921875 0.5605469
vt 0.9921875 0.5351562
vt 0.9921875 0.5097656
vt 0.9921875 0.4843750
vt 0.9921875 0.4589844
vt 0.9921875 0.4335938
vt 0.9921875 0.4082031
vt 0.9921875 0.3828125
vt 0.0078125 0.6875000
vt 0.9921875 0.6875000
vn 0.1643343 -0.0746439 0.9835764
vn 0.1437001 -0.3454030 0.9273872
vn 0.1033936 -0.5800732 0.8079758
vn 0.0487327 -0.7632324 0.6442837
vn -0.0154137 -0.8908262 0.4540827
vn -0.0857290 -0.9645205 0.2497014
vn -0.1602520 -0.9863292 0.0383925
vn -0.2375033 -0.9554792 -0.1750761
vn -0.3152423 -0.8674160 -0.3849829
vn -0.3889069 -0.7152370 -0.5806785
vn -0.4502184 -0.4950530 -0.7431191
vn -0.4877553 -0.2158027 -0.8458865
vn -0.4917241 0.0929571 -0.8657750
vn -0.4607030 0.3880566 -0.7982261
vn -0.4028685 0.6333545 -0.6607261
vn -0.3300497 0.8129287 -0.4798063
vn -0.2517677 0.9271727 -0.2774234
vn -0.1735900 0.9825452 -0.0668692
vn -0.0982442 0.9845633 0.1448556
vn -0.0272501 0.9351774 0.3531299
vn 0.0377398 0.8329190 0.5521066
vn 0.0939652 0.6751208 0.7316983
vn 0.1371118 0.4624381 0.8759860
vn 0.1619383 0.2049072 0.9652922
vn 0.1643343 -0.0746439 0.9835764
vn 0.2342027 -0.0384874 0.9714257
vn 0.2124162 -0.3189453 0.9236630
vn 0.1671969 -0.5630166 0.8093562
vn 0.1055087 -0.7533640 0.6490844
vn 0.0337132 -0.8861082 0.4622507
vn -0.0440117 -0.9640894 0.2619055
vn -0.1254100 -0.9905694 0.0551778
vn -0.2090682 -0.9657185 -0.1538775
vn -0.2930153 -0.8854427 -0.3607398
vn -0.3730197 -0.7424846 -0.5563928
vn -0.4409155 -0.5312716 -0.7234252
vn -0.4846995 -0.2577571 -0.8358395
vn -0.4931207 0.0510590 -0.8684613
vn -0.4633291 0.3517466 -0.8133883
vn -0.4033265 0.6055038 -0.6860706
vn -0.3258866 0.7940719 -0.5130768
vn -0.2415810 0.9170961 -0.3171330
vn -0.1565796 0.9813015 -0.1119381
vn -0.0737893 0.9926707 0.0957077
vn 0.0053083 0.9533237 0.3019034
vn 0.0790956 0.8613189 0.5018701
vn 0.1445801 0.7125611 0.6865517
vn 0.1966313 0.5053475 0.8402143
vn 0.2284636 0.2474525 0.9415793
vn 0.2342027 -0.0384874 0.9714257
vn 0.2349523 -0.0244322 0.9716998
vn 0.2147217 -0.3063469 0.9273868
vn 0.1706143 -0.5530430 0.8154963
vn 0.1095799 -0.7463219 0.6565028
vn 0.0381213 -0.8817650 0.4701459
vn -0.0394261 -0.9620870 0.2698783
vn -0.1207046 -0.9906807 0.0631043
vn -0.2042735 -0.9679635 -0.1460103
vn -0.2882225 -0.8901181 -0.3530121
vn -0.3684917 -0.7500827 -0.5491719
vn -0.4371905 -0.5421606 -0.7175837
vn -0.4825462 -0.2715608 -0.8327088
vn -0.4931825 0.0359236 -0.8691839
vn -0.4656704 0.3375483 -0.8180539
vn -0.4074159 0.5939821 -0.6936840
vn -0.3310043 0.7858663 -0.5223507
vn -0.2471484 0.9120905 -0.3271217
vn -0.1622270 0.9791645 -0.1221443
vn -0.0792873 0.9931784 0.0854992
vn 0.0001399 0.9564664 0.2918423
vn 0.0744649 0.8672660 0.4922445
vn 0.1407803 0.7214889 0.6779637
vn 0.1940457 0.5171044 0.8336362
vn 0.2274655 0.2611724 0.9381090
vn 0.2349523 -0.0244322 0.9716998
vn 0.1825114 -0.0155457 0.9830808
vn 0.1675020 -0.2957957 0.9404509
vn 0.1319759 -0.5435502 0.8289364
vn 0.0813129 -0.7399395 0.6677408
vn 0.0208807 -0.8789744 0.4764116
vn -0.0454717 -0.9620274 0.2691385
vn -0.1154280 -0.9918216 0.0544642
vn -0.1874230 -0.9687907 -0.1622258
vn -0.2595359 -0.8898190 -0.3753176
vn -0.3281799 -0.7492712 -0.5752309
vn -0.3868906 -0.5432837 -0.7450896
vn -0.4264043 -0.2779591 -0.8607660
vn -0.4377921 0.0227789 -0.8987876
vn -0.4178730 0.3201448 -0.8502291
vn -0.3716379 0.5771003 -0.7272142
vn -0.3086581 0.7731601 -0.5540340
vn -0.2378108 0.9046432 -0.3536478
vn -0.1649020 0.9761246 -0.1413796
vn -0.0930501 0.9928898 0.0742398
vn -0.0239992 0.9573298 0.2879996
vn 0.0406054 0.8683188 0.4943417
vn 0.0981808 0.7227987 0.6840487
vn 0.1445646 0.5198132 0.8419592
vn 0.1743086 0.2667751 0.9478647
vn 0.1825114 -0.0155457 0.9830808
vn 0.0770356 -0.0123577 0.9969518
vn 0.0704965 -0.2900570 0.9544093
vn 0.0505410 -0.5381658 0.8413223
vn 0.0201242 -0.7374043 0.6751518
vn -0.0175326 -0.8798376 0.4749509
vn -0.0598877 -0.9648584 0.2558551
vn -0.1052170 -0.9940491 0.0282105
vn -0.1522253 -0.9678039 -0.2004569
vn -0.1994163 -0.8841908 -0.4224214
vn -0.2443715 -0.7400539 -0.6265802
vn -0.2831720 -0.5347579 -0.7961455
vn -0.3105467 -0.2763233 -0.9095088
vn -0.3214413 0.0135242 -0.9468329
vn -0.3135814 0.3019094 -0.9002874
vn -0.2888563 0.5563766 -0.7791066
vn -0.2520391 0.7561489 -0.6039165
vn -0.2082684 0.8941312 -0.3964261
vn -0.1614597 0.9715720 -0.1731431
vn -0.1141112 0.9919335 0.0551952
vn -0.0678475 0.9572593 0.2811608
vn -0.0241237 0.8671849 0.4974016
vn 0.0151570 0.7201906 0.6936107
vn 0.0472786 0.5171061 0.8546145
vn 0.0688977 0.2663183 0.9614196
vn 0.0770356 -0.0123577 0.9969518
vn -0.1039064 -0.0246472 0.9942816
vn -0.0961390 -0.3023942 0.9483222
vn -0.0888334 -0.5499889 0.8304341
vn -0.0827347 -0.7485085 0.6579437
vn -0.0784853 -0.8896364 0.4498746
vn -0.0765520 -0.9720636 0.2218834
vn -0.0772365 -0.9969058 -0.0146054
vn -0.0806954 -0.9647130 -0.2506335
vn -0.0869128 -0.8745979 -0.4769954
vn -0.0956038 -0.7254509 -0.6816017
vn -0.1060732 -0.5192475 -0.8480156
vn -0.1171446 -0.2656846 -0.9569163
vn -0.1273357 0.0147800 -0.9917496
vn -0.1353280 0.2935836 -0.9463060
vn -0.1404445 0.5425860 -0.8281762
vn -0.1427503 0.7422918 -0.6546947
vn -0.1427645 0.8839390 -0.4452754
vn -0.1410940 0.9661284 -0.2160751
vn -0.1382164 0.9901767 0.0211274
vn -0.1344235 0.9569479 0.2572568
vn -0.1298482 0.8658316 0.4831926
vn -0.1245128 0.7158799 0.6870316
vn -0.1183854 0.5091401 0.8525030
vn -0.1114642 0.2554128 0.9603854
vn -0.1039064 -0.0246472 0.9942816
vn -0.3285985 -0.0702434 0.9418540
vn -0.2952519 -0.3524659 0.8880282
vn -0.2458621 -0.5947777 0.7653701
vn -0.1885517 -0.7818109 0.5943231
vn -0.1298287 -0.9100890 0.3935513
vn -0.0736696 -0.9815816 0.1762679
vn -0.0221695 -0.9985604 -0.0488428
vn 0.0234269 -0.9611857 -0.2749058
vn 0.0618636 -0.8673654 -0.4938119
vn 0.0913302 -0.7146691 -0.6934745
vn 0.1093847 -0.5044469 -0.8564860
vn 0.1135687 -0.2471886 -0.9622889
vn 0.1026518 0.0346723 -0.9941129
vn 0.0776667 0.3110907 -0.9472014
vn 0.0416709 0.5545358 -0.8311159
vn -0.0016419 0.7478331 -0.6638848
vn -0.0492505 0.8845458 -0.4638460
vn -0.0992349 0.9644105 -0.2450813
vn -0.1504421 0.9884695 -0.0171818
vn -0.2017578 0.9560952 0.2125458
vn -0.2511775 0.8642316 0.4359055
vn -0.2948432 0.7091455 0.6404531
vn -0.3266302 0.4913422 0.8074005
vn -0.3394295 0.2226417 0.9139028
vn -0.3285985 -0.0702434 0.9418540
vn -0.4469852 -0.1018397 0.8887254
vn -0.3949963 -0.3904044 0.8316022
vn -0.3191193 -0.6290213 0.7088689
vn -0.2320629 -0.8059810 0.5445562
vn -0.1425617 -0.9230969 0.3571671
vn -0.0551224 -0.9860032 0.1573508
vn 0.0282345 -0.9983762 -0.0494756
vn 0.1061695 -0.9598826 -0.2595254
vn 0.1765658 -0.8663975 -0.4670973
vn 0.2354024 -0.7124015 -0.6611125
vn 0.2763752 -0.4964899 -0.8228697
vn 0.2923252 -0.2292799 -0.9284270
vn 0.2788678 0.0623646 -0.9583024
vn 0.2376731 0.3426640 -0.9088965
vn 0.1757054 0.5821295 -0.7938847
vn 0.1011579 0.7664018 -0.6343464
vn 0.0202045 0.8935352 -0.4485383
vn -0.0636595 0.9666323 -0.2481319
vn -0.1486745 0.9881006 -0.0394083
vn -0.2333743 0.9567497 0.1736851
vn -0.3149537 0.8671517 0.3858136
vn -0.3875093 0.7116808 0.5859582
vn -0.4410088 0.4870214 0.7538710
vn -0.4633539 0.2049074 0.8621578
vn -0.4469852 -0.1018397 0.8887254
vn -0.5122662 -0.1160199 0.8509540
vn -0.4494113 -0.4097004 0.7938357
vn -0.3583160 -0.6467697 0.6732745
vn -0.2549858 -0.8180222 0.5155792
vn -0.1493083 -0.9288136 0.3391348
vn -0.0455937 -0.9871650 0.1530572
vn 0.0547621 -0.9977281 -0.0392385
vn 0.1509260 -0.9599367 -0.2360993
vn 0.2407177 -0.8682106 -0.4338955
vn 0.3188470 -0.7143450 -0.6229348
vn 0.3759017 -0.4939978 -0.7840052
vn 0.4002703 -0.2173899 -0.8902389
vn 0.3844882 0.0842442 -0.9192778
vn 0.3313017 0.3690793 -0.8683431
vn 0.2518894 0.6056889 -0.7547799
vn 0.1583964 0.7825378 -0.6021172
vn 0.0590022 0.9017113 -0.4282936
vn -0.0423704 0.9690950 -0.2430217
vn -0.1442967 0.9882600 -0.0502061
vn -0.2458467 0.9578596 0.1485410
vn -0.3445127 0.8710689 0.3500714
vn -0.4338033 0.7175089 0.5449731
vn -0.5013458 0.4904413 0.7128252
vn -0.5310162 0.2003573 0.8233339
vn -0.5122662 -0.1160199 0.8509540
vn -0.5744385 -0.1296958 0.8082075
vn -0.5028042 -0.4279796 0.7510136
vn -0.3987589 -0.6633944 0.6331660
vn -0.2819556 -0.8293171 0.4824254
vn -0.1635215 -0.9343538 0.3166127
vn -0.0475483 -0.9885192 0.1434189
vn 0.0652834 -0.9972436 -0.0352611
vn 0.1748796 -0.9598566 -0.2193000
vn 0.2794750 -0.8697723 -0.4066816
vn 0.3732722 -0.7166523 -0.5891327
vn 0.4445614 -0.4933650 -0.7476337
vn 0.4776152 -0.2091235 -0.8533177
vn 0.4616182 0.1013466 -0.8812704
vn 0.4000426 0.3906666 -0.8290630
vn 0.3079718 0.6254980 -0.7168721
vn 0.2009949 0.7966451 -0.5700506
vn 0.0887339 0.9094450 -0.4062463
vn -0.0248775 0.9719629 -0.2338144
vn -0.1390328 0.9887530 -0.0551118
vn -0.2536011 0.9585580 0.1298192
vn -0.3667203 0.8737262 0.3195602
vn -0.4717401 0.7217747 0.5064609
vn -0.5541557 0.4927866 0.6708747
vn -0.5932648 0.1955791 0.7808877
vn -0.5744385 -0.1296958 0.8082075
vn -0.6358761 -0.1419776 0.7586197
vn -0.5570481 -0.4457176 0.7007376
vn -0.4414161 -0.6802006 0.5852171
vn -0.3127005 -0.8412766 0.4409900
vn -0.1833700 -0.9407534 0.2852340
vn -0.0572735 -0.9905810 0.1243748
vn 0.0656794 -0.9970021 -0.0409033
vn 0.1862582 -0.9594351 -0.2116416
vn 0.3034046 -0.8706578 -0.3871702
vn 0.4113465 -0.7186154 -0.5607013
vn 0.4966774 -0.4934427 -0.7140209
vn 0.5396518 -0.2027136 -0.8171188
vn 0.5254611 0.1160739 -0.8428627
vn 0.4577255 0.4100509 -0.7888889
vn 0.3553553 0.6437219 -0.6777497
vn 0.2373803 0.8099725 -0.5362790
vn 0.1147749 0.9170993 -0.3817796
vn -0.0085978 0.9751287 -0.2214724
vn -0.1326062 0.9895554 -0.0565306
vn -0.2580228 0.9593676 0.1141840
vn -0.3838942 0.8764255 0.2906951
vn -0.5039174 0.7265097 0.4671733
vn -0.6019862 0.4964636 0.6254091
vn -0.6526037 0.1926297 0.7328043
vn -0.6358761 -0.1419776 0.7586197
vn -0.7032060 -0.1514899 0.6946598
vn -0.6181152 -0.4627904 0.6354201
vn -0.4906856 -0.6976781 0.5219894
vn -0.3497700 -0.8543572 0.3843627
vn -0.2095577 -0.9481289 0.2390336
vn -0.0736568 -0.9931000 0.0912522
vn 0.0588961 -0.9965004 -0.0593150
vn 0.1898952 -0.9580531 -0.2146487
vn 0.3192750 -0.8701977 -0.3752592
vn 0.4417596 -0.7194455 -0.5359539
vn 0.5426996 -0.4930972 -0.6799502
vn 0.5980650 -0.1963606 -0.7770204
vn 0.5878346 0.1309718 -0.7983087
vn 0.5150220 0.4300119 -0.7415134
vn 0.4027915 0.6626403 -0.6314007
vn 0.2741935 0.8239206 -0.4959564
vn 0.1417617 0.9252667 -0.3518312
vn 0.0092902 0.9787167 -0.2050055
vn -0.1238255 0.9907479 -0.0555500
vn -0.2593912 0.9607196 0.0986615
vn -0.3976661 0.8802436 0.2589071
vn -0.5332964 0.7335806 0.4212535
vn -0.6492632 0.5039801 0.5696151
vn -0.7149478 0.1939443 0.6717405
vn -0.7032060 -0.1514899 0.6946598
vn -0.8078089 -0.1683521 0.5648914
vn -0.7098127 -0.4911846 0.5048798
vn -0.5610030 -0.7248711 0.3997970
vn -0.3998811 -0.8730941 0.2789297
vn -0.2430446 -0.9574023 0.1559172
vn -0.0931364 -0.9950892 0.0335135
vn 0.0525252 -0.9945412 -0.0901606
vn 0.1975378 -0.9557092 -0.2181713
vn 0.3436511 -0.8704815 -0.3523717
vn 0.4869115 -0.7232410 -0.4897343
vn 0.6114461 -0.4966192 -0.6160382
vn 0.6863575 -0.1910834 -0.7017126
vn 0.6818438 0.1504332 -0.7158623
vn 0.5994542 0.4583743 -0.6561613
vn 0.4704459 0.6899094 -0.5501869
vn 0.3250446 0.8439336 -0.4267577
vn 0.1780700 0.9368719 -0.3009352
vn 0.0328308 0.9836926 -0.1768363
vn -0.1126882 0.9922001 -0.0532939
vn -0.2620956 0.9623023 0.0726645
vn -0.4178478 0.8854352 0.2034890
vn -0.5767411 0.7438813 0.3376541
vn -0.7212246 0.5153014 0.4629250
vn -0.8121061 0.1951769 0.5498996
vn -0.8078089 -0.1683521 0.5648914
vn -0.9103108 -0.1832778 0.3711381
vn -0.7955841 -0.5155755 0.3181632
vn -0.6227316 -0.7459733 0.2360704
vn -0.4408903 -0.8854394 0.1470127
vn -0.2680817 -0.9615889 0.0589835
vn -0.1052087 -0.9940572 -0.0279530
vn 0.0524720 -0.9918061 -0.1164787
vn 0.2105679 -0.9548032 -0.2097905
vn 0.3729947 -0.8744534 -0.3101713
vn 0.5378490 -0.7331190 -0.4162392
vn 0.6888500 -0.5081551 -0.5169760
vn 0.7871485 -0.1933509 -0.5856728
vn 0.7890815 0.1656198 -0.5915408
vn 0.6935031 0.4852502 -0.5325277
vn 0.5433322 0.7165491 -0.4374327
vn 0.3783049 0.8634650 -0.3336369
vn 0.2155196 0.9482105 -0.2333411
vn 0.0572299 0.9886742 -0.1387372
vn -0.1003923 0.9937881 -0.0480272
vn -0.2629821 0.9639007 0.0416634
vn -0.4354113 0.8903848 0.1327853
vn -0.6171211 0.7539594 0.2251816
vn -0.7908512 0.5270720 0.3110458
vn -0.9083424 0.1976175 0.3685939
vn -0.9103108 -0.1832778 0.3711381
vn -0.9488575 -0.1808290 0.2587863
vn -0.8283716 -0.5180987 0.2130123
vn -0.6462364 -0.7489478 0.1464777
vn -0.4562839 -0.8865632 0.0762286
vn -0.2771636 -0.9607915 0.0077479
vn -0.1090220 -0.9922590 -0.0594670
vn 0.0538062 -0.9903330 -0.1278490
vn 0.2179079 -0.9552202 -0.2001762
vn 0.3884162 -0.8783668 -0.2785760
vn 0.5648699 -0.7413659 -0.3623513
vn 0.7313998 -0.5186868 -0.4427395
vn 0.8447455 -0.1994283 -0.4966219
vn 0.8514875 0.1701445 -0.4960039
vn 0.7477252 0.4975378 -0.4397307
vn 0.5844483 0.7294185 -0.3554841
vn 0.4078484 0.8729139 -0.2677330
vn 0.2363366 0.9536912 -0.1860596
vn 0.0714343 0.9912094 -0.1113605
vn -0.0916892 0.9949204 -0.0415521
vn -0.2596207 0.9653602 0.0260159
vn -0.4382820 0.8939624 0.0934883
vn -0.6283995 0.7610555 0.1609618
vn -0.8135329 0.5371781 0.2227194
vn -0.9426917 0.2063758 0.2621857
vn -0.9488575 -0.1808290 0.2587863
vn -0.9519254 -0.1771635 0.2499023
vn -0.8321171 -0.5157901 0.2038177
vn -0.6496291 -0.7476951 0.1376010
vn -0.4590344 -0.8858012 0.0681445
vn -0.2793145 -0.9601992 0.0009063
vn -0.1106409 -0.9917621 -0.0645487
vn 0.0527355 -0.9900390 -0.1305437
vn 0.2175458 -0.9553926 -0.1997468
vn 0.3891591 -0.8794053 -0.2742289
vn 0.5674909 -0.7436757 -0.3534128
vn 0.7370394 -0.5221931 -0.4290540
vn 0.8540441 -0.2028150 -0.4790352
vn 0.8629273 0.1687898 -0.4763051
vn 0.7584331 0.4983727 -0.4200046
vn 0.5929439 0.7311043 -0.3374966
vn 0.4142145 0.8744402 -0.2525483
vn 0.2411294 0.9547494 -0.1740984
vn 0.0751607 0.9918721 -0.1026678
vn -0.0886652 0.9954103 -0.0360103
vn -0.2570649 0.9659719 0.0285635
vn -0.4360989 0.8950623 0.0931728
vn -0.6267219 0.7630807 0.1578842
vn -0.8128899 0.5404556 0.2170663
vn -0.9438875 0.2105204 0.2544751
vn -0.9519254 -0.1771635 0.2499023
vn -0.9242471 -0.1758609 0.3388809
vn -0.8105883 -0.5115232 0.2851150
vn -0.6359778 -0.7441009 0.2045633
vn -0.4516981 -0.8842352 0.1187306
vn -0.2766302 -0.9603243 0.0353982
vn -0.1116817 -0.9927140 -0.0452337
vn 0.0482017 -0.9909159 -0.1255479
vn 0.2091420 -0.9554101 -0.2084494
vn 0.3758950 -0.8780591 -0.2961674
vn 0.5478485 -0.7411841 -0.3879538
vn 0.7098427 -0.5203426 -0.4747283
vn 0.8210739 -0.2049885 -0.5327451
vn 0.8306001 0.1611464 -0.5330435
vn 0.7327425 0.4885977 -0.4736673
vn 0.5748462 0.7230962 -0.3829931
vn 0.4019883 0.8694896 -0.2870422
vn 0.2330959 0.9524359 -0.1962963
vn 0.0703526 0.9912413 -0.1117640
vn -0.0905671 0.9954049 -0.0310917
vn -0.2557962 0.9655012 0.0487419
vn -0.4307226 0.8930518 0.1301406
vn -0.6154859 0.7588343 0.2129496
vn -0.7937356 0.5347739 0.2898286
vn -0.9173007 0.2068190 0.3402724
vn -0.9242471 -0.1758609 0.3388809
vn -0.8317821 -0.1679105 0.5290980
vn -0.7353352 -0.4940009 0.4639453
vn -0.5841950 -0.7285244 0.3577266
vn -0.4196826 -0.8755844 0.2392040
vn -0.2596504 -0.9580691 0.1211827
vn -0.1068786 -0.9942544 0.0059204
vn 0.0416459 -0.9932183 -0.1085492
vn 0.1901629 -0.9555735 -0.2252054
vn 0.3415135 -0.8738466 -0.3460645
vn 0.4934117 -0.7324071 -0.4691745
vn 0.6314225 -0.5115334 -0.5827857
vn 0.7225997 -0.2060970 -0.6598285
vn 0.7292830 0.1439330 -0.6689018
vn 0.6472772 0.4625206 -0.6058935
vn 0.5113710 0.6996144 -0.4990385
vn 0.3576924 0.8539297 -0.3779684
vn 0.2037376 0.9446452 -0.2571700
vn 0.0530880 0.9887454 -0.1398719
vn -0.0968013 0.9950040 -0.0244253
vn -0.2502432 0.9637822 0.0922074
vn -0.4105109 0.8867830 0.2123601
vn -0.5754064 0.7463032 0.3345728
vn -0.7282403 0.5191736 0.4473532
vn -0.8289057 0.1987508 0.5228896
vn -0.8317821 -0.1679105 0.5290980
vn -0.6651371 -0.1436204 0.7327795
vn -0.5932340 -0.4534890 0.6651475
vn -0.4780282 -0.6908655 0.5423964
vn -0.3463954 -0.8508917 0.3949602
vn -0.2130820 -0.9470581 0.2401603
vn -0.0828427 -0.9930458 0.0836485
vn 0.0442582 -0.9962076 -0.0749107
vn 0.1691404 -0.9565216 -0.2376089
vn 0.2910027 -0.8668366 -0.4048603
vn 0.4043207 -0.7145827 -0.5708734
vn 0.4957901 -0.4887877 -0.7178292
vn 0.5455328 -0.1959176 -0.8148683
vn 0.5383950 0.1266030 -0.8331281
vn 0.4773440 0.4246342 -0.7693039
vn 0.3803877 0.6608232 -0.6470069
vn 0.2659869 0.8268414 -0.4955646
vn 0.1451422 0.9311133 -0.3346069
vn 0.0220078 0.9847538 -0.1725563
vn -0.1031135 0.9946111 -0.0107870
vn -0.2311774 0.9609355 0.1521841
vn -0.3619322 0.8766133 0.3171030
vn -0.4903201 0.7277919 0.4794842
vn -0.6012984 0.4999427 0.6232957
vn -0.6679743 0.1958492 0.7179508
vn -0.6651371 -0.1436204 0.7327795
vn -0.4993706 -0.1155389 0.8586500
vn -0.4448180 -0.4103806 0.7960683
vn -0.3587636 -0.6488166 0.6710631
vn -0.2573687 -0.8204683 0.5104832
vn -0.1512829 -0.9306666 0.3331263
vn -0.0454402 -0.9879473 0.1479709
vn 0.0584070 -0.9974025 -0.0421533
vn 0.1592176 -0.9585200 -0.2364089
vn 0.2545650 -0.8652351 -0.4319315
vn 0.3386667 -0.7083901 -0.6192643
vn 0.4012907 -0.4828681 -0.7783342
vn 0.4300481 -0.1994826 -0.8804915
vn 0.4174382 0.1083190 -0.9022263
vn 0.3668617 0.3965914 -0.8415033
vn 0.2899319 0.6332444 -0.7175939
vn 0.1986814 0.8071329 -0.5559336
vn 0.1010316 0.9211546 -0.3758549
vn 0.0007761 0.9822009 -0.1878318
vn -0.1007057 0.9949081 0.0040283
vn -0.2026105 0.9589716 0.1982987
vn -0.3028134 0.8685448 0.3923443
vn -0.3955636 0.7139538 0.5777538
vn -0.4693479 0.4882612 0.7357401
vn -0.5080697 0.2002473 0.8377149
vn -0.4993706 -0.1155389 0.8586500
vn -0.3738639 -0.0927114 0.9228382
vn -0.3292994 -0.3787170 0.8649482
vn -0.2619582 -0.6179463 0.7412963
vn -0.1822648 -0.7973460 0.5753425
vn -0.0978177 -0.9173122 0.3859663
vn -0.0127997 -0.9827771 0.1843514
vn 0.0707293 -0.9972088 -0.0239140
vn 0.1512317 -0.9600840 -0.2353034
vn 0.2261952 -0.8667111 -0.4445758
vn 0.2907849 -0.7105039 -0.6408029
vn 0.3372338 -0.4890235 -0.8044435
vn 0.3565103 -0.2132968 -0.9096180
vn 0.3430323 0.0869800 -0.9352878
vn 0.2989809 0.3724124 -0.8785895
vn 0.2330796 0.6120059 -0.7557266
vn 0.1551845 0.7924398 -0.5898787
vn 0.0723968 0.9136592 -0.3999820
vn -0.0114219 0.9802419 -0.1974726
vn -0.0943949 0.9954651 0.0117837
vn -0.1750859 0.9587239 0.2240390
vn -0.2510127 0.8652865 0.4339031
vn -0.3172420 0.7085256 0.6303563
vn -0.3656658 0.4859865 0.7937919
vn -0.3866250 0.2088511 0.8982774
vn -0.3738639 -0.0927114 0.9228382
vn -0.2616791 -0.0700548 0.9626092
vn -0.2247326 -0.3503043 0.9092756
vn -0.1725345 -0.5909975 0.7880062
vn -0.1118054 -0.7771701 0.6192787
vn -0.0477981 -0.9055243 0.4215934
vn 0.0162186 -0.9780605 0.2076887
vn 0.0782874 -0.9968245 -0.0145604
vn 0.1367603 -0.9612716 -0.2392773
vn 0.1893231 -0.8679440 -0.4591623
vn 0.2322178 -0.7125506 -0.6620774
vn 0.2601084 -0.4950817 -0.8289980
vn 0.2673990 -0.2269684 -0.9364738
vn 0.2511207 0.0653242 -0.9657490
vn 0.2132952 0.3470678 -0.9132629
vn 0.1601026 0.5890855 -0.7920514
vn 0.0986087 0.7761350 -0.6228088
vn 0.0342229 0.9049028 -0.4242401
vn -0.0297854 0.9774153 -0.2092182
vn -0.0915222 0.9957012 0.0142398
vn -0.1494093 0.9591976 0.2400352
vn -0.2012075 0.8645299 0.4605470
vn -0.2432786 0.7077127 0.6632935
vn -0.2705019 0.4892842 0.8291138
vn -0.2775662 0.2211983 0.9348948
vn -0.2616791 -0.0700548 0.9626092
vn -0.1430846 -0.0457084 0.9886544
vn -0.1130980 -0.3224838 0.9397941
vn -0.0760178 -0.5657046 0.8210966
vn -0.0356845 -0.7586063 0.6505713
vn 0.0049094 -0.8947826 0.4464751
vn 0.0438530 -0.9738204 0.2230489
vn 0.0799492 -0.9967522 -0.0096542
vn 0.1121547 -0.9633533 -0.2436630
vn 0.1390365 -0.8715508 -0.4701786
vn 0.1583684 -0.7190174 -0.6767077
vn 0.1671266 -0.5071992 -0.8454689
vn 0.1623264 -0.2468784 -0.9553540
vn 0.1427452 0.0387361 -0.9890012
vn 0.1103406 0.3185300 -0.9414688
vn 0.0697234 0.5642536 -0.8226522
vn 0.0260005 0.7585963 -0.6510419
vn -0.0169838 0.8952056 -0.4453296
vn -0.0569802 0.9738352 -0.2199960
vn -0.0927578 0.9955802 0.0146963
vn -0.1233640 0.9602415 0.2504348
vn -0.1475601 0.8659341 0.4778956
vn -0.1635429 0.7109019 0.6840118
vn -0.1691033 0.4975738 0.8507787
vn -0.1623909 0.2376402 0.9576828
vn -0.1430846 -0.0457084 0.9886544
vn 0.0068164 -0.0156443 0.9998544
vn 0.0289278 -0.2922457 0.9559057
vn 0.0471881 -0.5403385 0.8401235
vn 0.0605951 -0.7407594 0.6690320
vn 0.0691197 -0.8844656 0.4614576
vn 0.0733800 -0.9696137 0.2333768
vn 0.0742852 -0.9972313 -0.0033821
vn 0.0727962 -0.9681062 -0.2397311
vn 0.0697066 -0.8816139 -0.4667955
vn 0.0651758 -0.7365255 -0.6732625
vn 0.0577887 -0.5339418 -0.8435441
vn 0.0438710 -0.2820490 -0.9583964
vn 0.0196762 -0.0001962 -0.9998064
vn -0.0132351 0.2825800 -0.9591524
vn -0.0470691 0.5364420 -0.8426236
vn -0.0741639 0.7405089 -0.6679418
vn -0.0913747 0.8854792 -0.4556064
vn -0.0990442 0.9698402 -0.2227110
vn -0.0986887 0.9949509 0.0182534
vn -0.0917379 0.9618792 0.2576288
vn -0.0792252 0.8704469 0.4858452
vn -0.0619443 0.7203636 0.6908250
vn -0.0408043 0.5143414 0.8566142
vn -0.0172058 0.2623579 0.9648172
vn 0.0068164 -0.0156443 0.9998544
vn 0.2083006 0.0265866 0.9777034
vn 0.2220467 -0.2592515 0.9399383
vn 0.2161748 -0.5185626 0.8272613
vn 0.1931105 -0.7278455 0.6579888
vn 0.1570940 -0.8770100 0.4540649
vn 0.1121359 -0.9658887 0.2334194
vn 0.0610320 -0.9981040 0.0079731
vn 0.0053224 -0.9766995 -0.2145455
vn -0.0543904 -0.9023419 -0.4275755
vn -0.1181254 -0.7734305 -0.6227774
vn -0.1858634 -0.5873349 -0.7877135
vn -0.2539474 -0.3427420 -0.9044549
vn -0.3064511 -0.0490481 -0.9506219
vn -0.3222780 0.2568960 -0.9111209
vn -0.3026623 0.5277253 -0.7936634
vn -0.2627948 0.7384265 -0.6210195
vn -0.2130866 0.8840489 -0.4159948
vn -0.1584316 0.9678172 -0.1955229
vn -0.1010976 0.9944393 0.0294910
vn -0.0422574 0.9668398 0.2518632
vn 0.0171189 0.8851206 0.4650467
vn 0.0754888 0.7474159 0.6600537
vn 0.1300027 0.5528804 0.8230569
vn 0.1761233 0.3069197 0.9352972
vn 0.2083006 0.0265866 0.9777034
vn 0.4208683 0.0705083 0.9043774
vn 0.4288597 -0.2345502 0.8723907
vn 0.3965574 -0.5106342 0.7628859
vn 0.3328350 -0.7276348 0.5998071
vn 0.2495375 -0.8771272 0.4103401
vn 0.1553242 -0.9645117 0.2135217
vn 0.0542071 -0.9983443 0.0192407
vn -0.0533377 -0.9843308 -0.1680714
vn -0.1687195 -0.9231050 -0.3455589
vn -0.2929659 -0.8095221 -0.5087682
vn -0.4220118 -0.6333025 -0.6487171
vn -0.5383386 -0.3852236 -0.7495294
vn -0.6080064 -0.0752166 -0.7903611
vn -0.6031851 0.2514696 -0.7569219
vn -0.5322201 0.5365050 -0.6549077
vn -0.4274852 0.7489939 -0.5062258
vn -0.3143420 0.8889925 -0.3329887
vn -0.2033177 0.9676584 -0.1493290
vn -0.0964349 0.9946273 0.0376407
vn 0.0071834 0.9744487 0.2244953
vn 0.1084915 0.9063593 0.4083410
vn 0.2068172 0.7852062 0.5836761
vn 0.2981647 0.6041939 0.7389503
vn 0.3737397 0.3614802 0.8541959
vn 0.4208683 0.0705083 0.9043774
vn 0.5757180 0.0998977 0.8115228
vn 0.5801480 -0.2253588 0.7827143
vn 0.5242375 -0.5160826 0.6773727
vn 0.4268132 -0.7362249 0.5251699
vn 0.3093192 -0.8818011 0.3560174
vn 0.1847346 -0.9648750 0.1867871
vn 0.0577428 -0.9980611 0.0232331
vn -0.0716242 -0.9883283 -0.1344509
vn -0.2049040 -0.9355956 -0.2875330
vn -0.3424434 -0.8324590 -0.4355967
vn -0.4793779 -0.6651603 -0.5725020
vn -0.5996688 -0.4204547 -0.6808929
vn -0.6738248 -0.1050346 -0.7313876
vn -0.6744660 0.2346329 -0.7000308
vn -0.6030703 0.5324073 -0.5940107
vn -0.4878365 0.7507338 -0.4454372
vn -0.3566445 0.8903892 -0.2828635
vn -0.2240163 0.9671686 -0.1200065
vn -0.0941633 0.9947662 0.0396680
vn 0.0334299 0.9798617 0.1968590
vn 0.1603668 0.9219269 0.3526092
vn 0.2867585 0.8138860 0.5053307
vn 0.4081563 0.6440619 0.6469874
vn 0.5117338 0.4031593 0.7586772
vn 0.5757180 0.0998977 0.8115228
vn 0.6554244 0.1157032 0.7463455
vn 0.6596953 -0.2217872 0.7180616
vn 0.5910804 -0.5210788 0.6157117
vn 0.4757278 -0.7424598 0.4716318
vn 0.3413279 -0.8852170 0.3160477
vn 0.2028684 -0.9654087 0.1638000
vn 0.0647033 -0.9977351 0.0183916
vn -0.0740943 -0.9898039 -0.1216483
vn -0.2160836 -0.9414479 -0.2588123
vn -0.3626614 -0.8446309 -0.3937960
vn -0.5099511 -0.6839952 -0.5216325
vn -0.6419357 -0.4430256 -0.6258170
vn -0.7261239 -0.1245795 -0.6761835
vn -0.7294928 0.2240818 -0.6462411
vn -0.6516710 0.5300734 -0.5425377
vn -0.5250055 0.7515890 -0.3993536
vn -0.3816490 0.8908057 -0.2465952
vn -0.2376679 0.9664426 -0.0974813
vn -0.0971253 0.9942192 0.0457703
vn 0.0412506 0.9818354 0.1851961
vn 0.1800385 0.9290276 0.3232552
vn 0.3203659 0.8280530 0.4601021
vn 0.4582662 0.6649038 0.5898263
vn 0.5791885 0.4258224 0.6951374
vn 0.6554244 0.1157032 0.7463455
vn 0.6879631 0.1242152 0.7150366
vn 0.6955177 -0.2187215 0.6844093
vn 0.6237174 -0.5227303 0.5811451
vn 0.5018065 -0.7454533 0.4387365
vn 0.3607265 -0.8872108 0.2876341
vn 0.2166836 -0.9658791 0.1418653
vn 0.0740034 -0.9972497 0.0040577
vn -0.0686643 -0.9894179 -0.1278180
vn -0.2144138 -0.9424407 -0.2565781
vn -0.3652949 -0.8483489 -0.3832282
vn -0.5182118 -0.6914365 -0.5033608
vn -0.6576063 -0.4537552 -0.6013818
vn -0.7496670 -0.1355736 -0.6477802
vn -0.7576329 0.2167277 -0.6156472
vn -0.6788668 0.5270793 -0.5112019
vn -0.5476637 0.7507331 -0.3694107
vn -0.3989393 0.8900693 -0.2205085
vn -0.2499659 0.9651638 -0.0773040
vn -0.1048874 0.9927585 0.0585594
vn 0.0379173 0.9811302 0.1895938
vn 0.1815479 0.9303076 0.3186976
vn 0.3277820 0.8325247 0.4466113
vn 0.4732851 0.6730566 0.5683273
vn 0.6033755 0.4361693 0.6676035
vn 0.6879631 0.1242152 0.7150366
vn 0.6846962 0.1221441 0.7185206
vn 0.6989197 -0.2199828 0.6805284
vn 0.6326260 -0.5245586 0.5697567
vn 0.5138291 -0.7477344 0.4205626
vn 0.3740817 -0.8889530 0.2642452
vn 0.2305488 -0.9662318 0.1150800
vn 0.0881546 -0.9958071 -0.0244325
vn -0.0541729 -0.9861950 -0.1564762
vn -0.1994528 -0.9378807 -0.2838984
vn -0.3498788 -0.8434652 -0.4076166
vn -0.5029341 -0.6879978 -0.5231790
vn -0.6443951 -0.4539908 -0.6153432
vn -0.7420544 -0.1404345 -0.6554643
vn -0.7585073 0.2095602 -0.6170505
vn -0.6873908 0.5211065 -0.5059070
vn -0.5605589 0.7470194 -0.3574013
vn -0.4135025 0.8876130 -0.2028763
vn -0.2648330 0.9626816 -0.0557464
vn -0.1195428 0.9894126 0.0822934
vn 0.0236278 0.9765770 0.2138670
vn 0.1677112 0.9246402 0.3419260
vn 0.3146537 0.8262885 0.4671620
vn 0.4616076 0.6672760 0.5845179
vn 0.5947570 0.4320553 0.6779324
vn 0.6846962 0.1221441 0.7185206
vn 0.6700010 0.1070923 0.7345950
vn 0.6951846 -0.2289960 0.6813804
vn 0.6402621 -0.5300994 0.5559308
vn 0.5295096 -0.7514577 0.3936127
vn 0.3941927 -0.8905898 0.2268521
vn 0.2528798 -0.9649340 0.0703864
vn 0.1117448 -0.9910190 -0.0734463
vn -0.0295462 -0.9778680 -0.2071259
vn -0.1736619 -0.9265702 -0.3336303
vn -0.3228134 -0.8305853 -0.4537836
vn -0.4751573 -0.6762105 -0.5629964
vn -0.6183813 -0.4470600 -0.6463295
vn -0.7231336 -0.1409575 -0.6761721
vn -0.7522521 0.2037324 -0.6265860
vn -0.6942586 0.5150813 -0.5026890
vn -0.5762507 0.7430091 -0.3404008
vn -0.4336246 0.8843163 -0.1730734
vn -0.2868524 0.9578488 -0.0155389
vn -0.1423746 0.9812397 0.1299929
vn 0.0003211 0.9639949 0.2659204
vn 0.1439701 0.9073869 0.3948691
vn 0.2905625 0.8051413 0.5170309
vn 0.4378164 0.6444646 0.6268829
vn 0.5733990 0.4113225 0.7085389
vn 0.6700010 0.1070923 0.7345950
vn 0.6844696 0.1097619 0.7207313
vn 0.7230387 -0.2235254 0.6536447
vn 0.6765926 -0.5258565 0.5154583
vn 0.5676899 -0.7483832 0.3430025
vn 0.4302205 -0.8865287 0.1702270
vn 0.2854933 -0.9583063 0.0119442
vn 0.1409944 -0.9814124 -0.1301934
vn -0.0032822 -0.9658014 -0.2592621
vn -0.1501863 -0.9133386 -0.3784925
vn -0.3025238 -0.8183162 -0.4887105
vn -0.4596645 -0.6678611 -0.5853803
vn -0.6112593 -0.4455496 -0.6541006
vn -0.7293511 -0.1465191 -0.6682657
vn -0.7738804 0.1954257 -0.6024267
vn -0.7264646 0.5084541 -0.4623026
vn -0.6113298 0.7376811 -0.2865352
vn -0.4666204 0.8774471 -0.1111391
vn -0.3159966 0.9475152 0.0485920
vn -0.1674545 0.9671451 0.1912832
vn -0.0208989 0.9470756 0.3203296
vn 0.1265540 0.8894636 0.4391339
vn 0.2774519 0.7887850 0.5484876
vn 0.4305856 0.6327862 0.6435664
vn 0.5751507 0.4069452 0.7096459
vn 0.6844696 0.1097619 0.7207313
vn 0.7095853 0.1289197 0.6927254
vn 0.7608168 -0.2042062 0.6160013
vn 0.7202116 -0.5112338 0.4689725
vn 0.6094026 -0.7377915 0.2903310
vn 0.4662009 -0.8770719 0.1157658
vn 0.3151729 -0.9481882 -0.0400643
vn 0.1650005 -0.9703811 -0.1764519
vn 0.0157213 -0.9546808 -0.2972163
vn -0.1359498 -0.9037256 -0.4059528
vn -0.2935780 -0.8124856 -0.5036657
vn -0.4577209 -0.6685186 -0.5861522
vn -0.6195332 -0.4546858 -0.6398745
vn -0.7513231 -0.1628540 -0.6395250
vn -0.8088568 0.1774365 -0.5605952
vn -0.7670591 0.4934182 -0.4100717
vn -0.6493512 0.7251652 -0.2290819
vn -0.4983344 0.8652624 -0.0546234
vn -0.3411237 0.9347526 0.0993587
vn -0.1868558 0.9542793 0.2333149
vn -0.0353937 0.9353751 0.3518816
vn 0.1166429 0.8806995 0.4590892
vn 0.2726048 0.7851613 0.5560651
vn 0.4324945 0.6366627 0.6384427
vn 0.5869828 0.4196027 0.6923762
vn 0.7095853 0.1289197 0.6927254
vn 0.7255700 0.1428079 0.6731672
vn 0.7858804 -0.1890188 0.5887817
vn 0.7497478 -0.4986465 0.4350057
vn 0.6376939 -0.7279016 0.2520033
vn 0.4903562 -0.8681493 0.0766005
vn 0.3348055 -0.9391439 -0.0769025
vn 0.1806634 -0.9611497 -0.2086913
vn 0.0280372 -0.9458956 -0.3232574
vn -0.1266185 -0.8965057 -0.4245529
vn -0.2873213 -0.8083818 -0.5137757
vn -0.4553546 -0.6694032 -0.5869852
vn -0.6229140 -0.4620998 -0.6312225
vn -0.7628912 -0.1762869 -0.6220290
vn -0.8289639 0.1617822 -0.5353928
vn -0.7915969 0.4795633 -0.3786732
vn -0.6729880 0.7137040 -0.1942004
vn -0.5183921 0.8549176 -0.0196342
vn -0.3572520 0.9246783 0.1316857
vn -0.1995211 0.9444727 0.2610799
vn -0.0450701 0.9264447 0.3737229
vn 0.1097803 0.8737244 0.4738712
vn 0.2688809 0.7816606 0.5627697
vn 0.4330260 0.6384382 0.6363059
vn 0.5939522 0.4279483 0.6812349
vn 0.7255700 0.1428079 0.6731672
vn 0.7322681 0.1525681 0.6637065
vn 0.7979353 -0.1779063 0.5758894
vn 0.7650615 -0.4890498 0.4189405
vn 0.6529547 -0.7204652 0.2336240
vn 0.5036242 -0.8620051 0.0575313
vn 0.3456564 -0.9335349 -0.0950482
vn 0.1893199 -0.9558573 -0.2247106
vn 0.0348254 -0.9411088 -0.3363057
vn -0.1214824 -0.8926874 -0.4339945
vn -0.2838360 -0.8062137 -0.5190922
vn -0.4538594 -0.6697182 -0.5877833
vn -0.6242266 -0.4655861 -0.6273521
vn -0.7681002 -0.1827197 -0.6137065
vn -0.8382076 0.1541244 -0.5231192
vn -0.8029474 0.4725546 -0.3632735
vn -0.6839603 0.7076859 -0.1771411
vn -0.5277724 0.8493818 -0.0026195
vn -0.3649203 0.9193076 0.1473322
vn -0.2057297 0.9393272 0.2744806
vn -0.0500710 0.9218722 0.3842454
vn 0.1058723 0.8703241 0.4809646
vn 0.2661889 0.7803070 0.5659192
vn 0.4320904 0.6402447 0.6351257
vn 0.5959767 0.4338778 0.6756936
vn 0.7322681 0.1525681 0.6637065
vn 0.7278089 0.1535807 0.6683616
vn 0.7932005 -0.1771903 0.5826118
vn 0.7607791 -0.4887620 0.4269975
vn 0.6495361 -0.7207926 0.2419936
vn 0.5010589 -0.8629383 0.0654027
vn 0.3437833 -0.9349057 -0.0881151
vn 0.1880048 -0.9574591 -0.2189209
vn 0.0340078 -0.9427433 -0.3317809
vn -0.1217798 -0.8941636 -0.4308609
vn -0.2834927 -0.8073427 -0.5175225
vn -0.4526350 -0.6703449 -0.5880130
vn -0.6217899 -0.4657034 -0.6296806
vn -0.7642898 -0.1826270 -0.6184727
vn -0.8335731 0.1540005 -0.5305089
vn -0.7987031 0.4723118 -0.3728202
vn -0.6809416 0.7078916 -0.1876380
vn -0.5260455 0.8503596 -0.0128292
vn -0.3642339 0.9209945 0.1382126
vn -0.2058497 0.9414902 0.2668746
vn -0.0508612 0.9242547 0.3783733
vn 0.1044552 0.8726933 0.4769648
vn 0.2641099 0.7824644 0.5639108
vn 0.4292536 0.6420408 0.6352361
vn 0.5922864 0.4352521 0.6780504
vn 0.7278089 0.1535807 0.6683616
vn 0.5006059 0.4629277 -0.7314996
vn 0.5118341 0.3980654 -0.7612948
vn 0.5093780 0.3341063 -0.7930366
vn 0.4941879 0.2756008 -0.8245135
vn 0.4681890 0.2262729 -0.8541660
vn 0.4337766 0.1888798 -0.8810008
vn 0.3934486 0.1653274 -0.9043589
vn 0.3496484 0.1568504 -0.9236579
vn 0.3047632 0.1640992 -0.9381849
vn 0.2611888 0.1870735 -0.9469868
vn 0.2213763 0.2249255 -0.9488947
vn 0.1878060 0.2757153 -0.9427141
vn 0.1628486 0.3362533 -0.9275851
vn 0.1485178 0.4021792 -0.9034347
vn 0.1461705 0.4683738 -0.8713554
vn 0.1562661 0.5296361 -0.8337065
vn 0.1782841 0.5813962 -0.7938471
vn 0.2108162 0.6201926 -0.7555909
vn 0.2517523 0.6437938 -0.7225997
vn 0.2984469 0.6510521 -0.6978973
vn 0.3478102 0.6416975 -0.6835587
vn 0.3963622 0.6162506 -0.6805381
vn 0.4403638 0.5761212 -0.6885957
vn 0.4761397 0.5237987 -0.7063469
vn 0.5006059 0.4629277 -0.7314996
vn -0.8268812 0.0229129 0.5619097
vn 0.3381133 0.4078246 -0.8481500
s 1
f 1/1/1 2/2/2 27/27/27
f 1/1/1 27/27/27 26/26/26
f 2/2/2 3/3/3 28/28/28
f 2/2/2 28/28/28 27/27/27
f 3/3/3 4/4/4 29/29/29
f 3/3/3 29/29/29 28/28/28
f 4/4/4 5/5/5 30/30/30
f 4/4/4 30/30/30 29/29/29
f 5/5/5 6/6/6 31/31/31
f 5/5/5 31/31/31 30/30/30
f 6/6/6 7/7/7 32/32/32
f 6/6/6 32/32/32 31/31/31
f 7/7/7 8/8/8 33/33/33
f 7/7/7 33/33/33 32/32/32
f 8/8/8 9/9/9 34/34/34
f 8/8/8 34/34/34 33/33/33
f 9/9/9 10/10/10 35/35/35
f 9/9/9 35/35/35 34/34/34
f 10/10/10 11/11/11 36/36/36
f 10/10/10 36/36/36 35/35/35
f 11/11/11 12/12/12 37/37/37
f 11/11/11 37/37/37 36/36/36
f 12/12/12 13/13/13 38/38/38
f 12/12/12 38/38/38 37/37/37
f 13/13/13 14/14/14 39/39/39
f 13/13/13 39/39/39 38/38/38
f 14/14/14 15/15/15 40/40/40
f 14/14/14 40/40/40 39/39/39
f 15/15/15 16/16/16 41/41/41
f 15/15/15 41/41/41 40/40/40
f 16/16/16 17/17/17 42/42/42
f 16/16/16 42/42/42 41/41/41
f 17/17/17 18/18/18 43/43/43
f 17/17/17 43/43/43 42/42/42
f 18/18/18 19/19/19 44/44/44
f 18/18/18 44/44/44 43/43/43
f 19/19/19 20/20/20 45/45/45
f 19/19/19 45/45/45 44/44/44
f 20/20/20 21/21/21 46/46/46
f 20/20/20 46/46/46 45/45/45
f 21/21/21 22/22/22 47/47/47
f 21/21/21 47/47/47 46/46/46
f 22/22/22 23/23/23 48/48/48
f 22/22/22 48/48/48 47/47/47
f 23/23/23 24/24/24 49/49/49
f 23/23/23 49/49/49 48/48/48
f 24/24/24 25/25/25 50/50/50
f 24/24/24 50/50/50 49/49/49
f 26/26/26 27/27/27 52/52/52
f 26/26/26 52/52/52 51/51/51
f 27/27/27 28/28/28 53/53/53
f 27/27/27 53/53/53 52/52/52
f 28/28/28 29/29/29 54/54/54
f 28/28/28 54/54/54 53/53/53
f 29/29/29 30/30/30 55/55/55
f 29/29/29 55/55/55 54/54/54
f 30/30/30 31/31/31 56/56/56
f 30/30/30 56/56/56 55/55/55
f 31/31/31 32/32/32 57/57/57
f 31/31/31 57/57/57 56/56/56
f 32/32/32 33/33/33 58/58/58
f 32/32/32 58/58/58 57/57/57
f 33/33/33 34/34/34 59/59/59
f 33/33/33 59/59/59 58/58/58
f 34/34/34 35/35/35 60/60/60
f 34/34/34 60/60/60 59/59/59
f 35/35/35 36/36/36 61/61/61
f 35/35/35 61/61/61 60/60/60
f 36/36/36 37/37/37 62/62/62
f 36/36/36 62/62/62 61/61/61
f 37/37/37 38/38/38 63/63/63
f 37/37/37 63/63/63 62/62/62
f 38/38/38 39/39/39 64/64/64
f 38/38/38 64/64/64 63/63/63
f 39/39/39 40/40/40 65/65/65
f 39/39/39 65/65/65 64/64/64
f 40/40/40 41/41/41 66/66/66
f 40/40/40 66/66/66 65/65/65
f 41/41/41 42/42/42 67/67/67
f 41/41/41 67/67/67 66/66/66
f 42/42/42 43/43/43 68/68/68
f 42/42/42 68/68/68 67/67/67
f 43/43/43 44/44/44 69/69/69
f 43/43/43 69/69/69 68/68/68
f 44/44/44 45/45/45 70/70/70
f 44/44/44 70/70/70 69/69/69
f 45/45/45 46/46/46 71/71/71
f 45/45/45 71/71/71 70/70/70
f 46/46/46 47/47/47 72/72/72
f 46/46/46 72/72/72 71/71/71
f 47/47/47 48/48/48 73/73/73
f 47/47/47 73/73/73 72/72/72
f 48/48/48 49/49/49 74/74/74
f 48/48/48 74/74/74 73/73/73
f 49/49/49 50/50/50 75/75/75
f 49/49/49 75/75/75 74/74/74
f 51/51/51 52/52/52 77/77/77
f 51/51/51 77/77/77 76/76/76
f 52/52/52 53/53/53 78/78/78
f 52/52/52 78/78/78 77/77/77
f 53/53/53 54/54/54 79/79/79
f 53/53/53 79/79/79 78/78/78
f 54/54/54 55/55/55 80/80/80
f 54/54/54 80/80/80 79/79/79
f 55/55/55 56/56/56 81/81/81
f 55/55/55 81/81/81 80/80/80
f 56/56/56 57/57/57 82/82/82
f 56/56/56 82/82/82 81/81/81
f 57/57/57 58/58/58 83/83/83
f 57/57/57 83/83/83 82/82/82
f 58/58/58 59/59/59 84/84/84
f 58/58/58 84/84/84 83/83/83
f 59/59/59 60/60/60 85/85/85
f 59/59/59 85/85/85 84/84/84
f 60/60/60 61/61/61 86/86/86
f 60/60/60 86/86/86 85/85/85
f 61/61/61 62/62/62 87/87/87
f 61/61/61 87/87/87 86/86/86
f 62/62/62 63/63/63 88/88/88
f 62/62/62 88/88/88 87/87/87
f 63/63/63 64/64/64 89/89/89
f 63/63/63 89/89/89 88/88/88
f 64/64/64 65/65/65 90/90/90
f 64/64/64 90/90/90 89/89/89
f 65/65/65 66/66/66 91/91/91
f 65/65/65 91/91/91 90/90/90
f 66/66/66 67/67/67 92/92/92
f 66/66/66 92/92/92 91/91/91
f 67/67/67 68/68/68 93/93/93
f 67/67/67 93/93/93 92/92/92
f 68/68/68 69/69/69 94/94/94
f 68/68/68 94/94/94 93/93/93
f 69/69/69 70/70/70 95/95/95
f 69/69/69 95/95/95 94/94/94
f 70/70/70 71/71/71 96/96/96
f 70/70/70 96/96/96 95/95/95
f 71/71/71 72/72/72 97/97/97
f 71/71/71 97/97/97 96/96/96
f 72/72/72 73/73/73 98/98/98
f 72/72/72 98/98/98 97/97/97
f 73/73/73 74/74/74 99/99/99
f 73/73/73 99/99/99 98/98/98
f 74/74/74 75/75/75 100/100/100
f 74/74/74 100/100/100 99/99/99
f 76/76/76 77/77/77 102/102/102
f 76/76/76 102/102/102 101/101/101
f 77/77/77 78/78/78 103/103/103
f 77/77/77 103/103/103 102/102/102
f 78/78/78 79/79/79 104/104/104
f 78/78/78 104/104/104 103/103/103
f 79/79/79 80/80/80 105/105/105
f 79/79/79 105/105/105 104/104/104
f 80/80/80 81/81/81 106/106/106
f 80/80/80 106/106/106 105/105/105
f 81/81/81 82/82/82 107/107/107
f 81/81/81 107/107/107 106/106/106
f 82/82/82 83/83/83 108/108/108
f 82/82/82 108/108/108 107/107/107
f 83/83/83 84/84/84 109/109/109
f 83/83/83 109/109/109 108/108/108
f 84/84/84 85/85/85 110/110/110
f 84/84/84 110/110/110 109/109/109
f 85/85/85 86/86/86 111/111/111
f 85/85/85 111/111/111 110/110/110
f 86/86/86 87/87/87 112/112/112
f 86/86/86 112/112/112 111/111/111
f 87/87/87 88/88/88 113/113/113
f 87/87/87 113/113/113 112/112/112
f 88/88/88 89/89/89 114/114/114
f 88/88/88 114/114/114 113/113/113
f 89/89/89 90/90/90 115/115/115
f 89/89/89 115/115/115 114/114/114
f 90/90/90 91/91/91 116/116/116
f 90/90/90 116/116/116 115/115/115
f 91/91/91 92/92/92 117/117/117
f 91/91/91 117/117/117 116/116/116
f 92/92/92 93/93/93 118/118/118
f 92/92/92 118/118/118 117/117/117
f 93/93/93 94/94/94 119/119/119
f 93/93/93 119/119/119 118/118/118
f 94/94/94 95/95/95 120/120/120
f 94/94/94 120/120/120 119/119/119
f 95/95/95 96/96/96 121/121/121
f 95/95/95 121/121/121 120/120/120
f 96/96/96 97/97/97 122/122/122
f 96/96/96 122/122/122 121/121/121
f 97/97/97 98/98/98 123/123/123
f 97/97/97 123/123/123 122/122/122
f 98/98/98 99/99/99 124/124/124
f 98/98/98 124/124/124 123/123/123
f 99/99/99 100/100/100 125/125/125
f 99/99/99 125/125/125 124/124/124
f 101/101/101 102/102/102 127/127/127
f 101/101/101 127/127/127 126/126/126
f 102/102/102 103/103/103 128/128/128
f 102/102/102 128/128/128 127/127/127
f 103/103/103 104/104/104 129/129/129
f 103/103/103 129/129/129 128/128/128
f 104/104/104 105/105/105 130/130/130
f 104/104/104 130/130/130 129/129/129
f 105/105/105 106/106/106 131/131/131
f 105/105/105 131/131/131 130/130/130
f 106/106/106 107/107/107 132/132/132
f 106/106/106 132/132/132 131/131/131
f 107/107/107 108/108/108 133/133/133
f 107/107/107 133/133/133 132/132/132
f 108/108/108 109/109/109 134/134/134
f 108/108/108 134/134/134 133/133/133
f 109/109/109 110/110/110 135/135/135
f 109/109/109 135/135/135 134/134/134
f 110/110/110 111/111/111 136/136/136
f 110/110/110 136/136/136 135/135/135
f 111/111/111 112/112/112 137/137/137
f 111/111/111 137/137/137 136/136/136
f 112/112/112 113/113/113 138/138/138
f 112/112/112 138/138/138 137/137/137
f 113/113/113 114/114/114 139/139/139
f 113/113/113 139/139/139 138/138/138
f 114/114/114 115/115/115 140/140/140
f 114/114/114 140/140/140 139/139/139
f 115/115/115 116/116/116 141/141/141
f 115/115/115 141/141/141 140/140/140
f 116/116/116 117/117/117 142/142/142
f 116/116/116 142/142/142 141/141/141
f 117/117/117 118/118/118 143/143/143
f 117/117/117 143/143/143 142/142/142
f 118/118/118 119/119/119 144/144/144
f 118/118/118 144/144/144 143/143/143
f 119/119/119 120/120/120 145/145/145
f 119/119/119 145/145/145 144/144/144
f 120/120/120 121/121/121 146/146/146
f 120/120/120 146/146/146 145/145/145
f 121/121/121 122/122/122 147/147/147
f 121/121/121 147/147/147 146/146/146
f 122/122/122 123/123/123 148/148/148
f 122/122/122 148/148/148 147/147/147
f 123/123/123 124/124/124 149/149/149
f 123/123/123 149/149/149 148/148/148
f 124/124/124 125/125/125 150/150/150
f 124/124/124 150/150/150 149/149/149
f 126/126/126 127/127/127 152/152/152
f 126/126/126 152/152/152 151/151/151
f 127/127/127 128/128/128 153/153/153
f 127/127/127 153/153/153 152/152/152
f 128/128/128 129/129/129 154/154/154
f 128/128/128 154/154/154 153/153/153
f 129/129/129 130/130/130 155/155/155
f 129/129/129 155/155/155 154/154/154
f 130/130/130 131/131/131 156/156/156
f 130/130/130 156/156/156 155/155/155
f 131/131/131 132/132/132 157/157/157
f 131/131/131 157/157/157 156/156/156
f 132/132/132 133/133/133 158/158/158
f 132/132/132 158/158/158 157/157/157
f 133/133/133 134/134/134 159/159/159
f 133/133/133 159/159/159 158/158/158
f 134/134/134 135/135/135 160/160/160
f 134/134/134 160/160/160 159/159/159
f 135/135/135 136/136/136 161/161/161
f 135/135/135 161/161/161 160/160/160
f 136/136/136 137/137/137 162/162/162
f 136/136/136 162/162/162 161/161/161
f 137/137/137 138/138/138 163/163/163
f 137/137/137 163/163/163 162/162/162
f 138/138/138 139/139/139 164/164/164
f 138/138/138 164/164/164 163/163/163
f 139/139/139 140/140/140 165/165/165
f 139/139/139 165/165/165 164/164/164
f 140/140/140 141/141/141 166/166/166
f 140/140/140 166/166/166 165/165/165
f 141/141/141 142/142/142 167/167/167
f 141/141/141 167/167/167 166/166/166
f 142/142/142 143/143/143 168/168/168
f 142/142/142 168/168/168 167/167/167
f 143/143/143 144/144/144 169/169/169
f 143/143/143 169/169/169 168/168/168
f 144/144/144 145/145/145 170/170/170
f 144/144/144 170/170/170 169/169/169
f 145/145/145 146/146/146 171/171/171
f 145/145/145 171/171/171 170/170/170
f 146/146/146 147/147/147 172/172/172
f 146/146/146 172/172/172 171/171/171
f 147/147/147 148/148/148 173/173/173
f 147/147/147 173/173/173 172/172/172
f 148/148/148 149/149/149 174/174/174
f 148/148/148 174/174/174 173/173/173
f 149/149/149 150/150/150 175/175/175
f 149/149/149 175/175/175 174/174/174
f 151/151/151 152/152/152 177/177/177
f 151/151/151 177/177/177 176/176/176
f 152/152/152 153/153/153 178/178/178
f 152/152/152 178/178/178 177/177/177
f 153/153/153 154/154/154 179/179/179
f 153/153/153 179/179/179 178/178/178
f 154/154/154 155/155/155 180/180/180
f 154/154/154 180/180/180 179/179/179
f 155/155/155 156/156/156 181/181/181
f 155/155/155 181/181/181 180/180/180
f 156/156/156 157/157/157 182/182/182
f 156/156/156 182/182/182 181/181/181
f 157/157/157 158/158/158 183/183/183
f 157/157/157 183/183/183 182/182/182
f 158/158/158 159/159/159 184/184/184
f 158/158/158 184/184/184 183/183/183
f 159/159/159 160/160/160 185/185/185
f 159/159/159 185/185/185 184/184/184
f 160/160/160 161/161/161 186/186/186
f 160/160/160 186/186/186 185/185/185
f 161/161/161 162/162/162 187/187/187
f 161/161/161 187/187/187 186/186/186
f 162/162/162 163/163/163 188/188/188
f 162/162/162 188/188/188 187/187/187
f 163/163/163 164/164/164 189/189/189
f 163/163/163 189/189/189 188/188/188
f 164/164/164 165/165/165 190/190/190
f 164/164/164 190/190/190 189/189/189
f 165/165/165 166/166/166 191/191/191
f 165/165/165 191/191/191 190/190/190
f 166/166/166 167/167/167 192/192/192
f 166/166/166 192/192/192 191/191/191
f 167/167/167 168/168/168 193/193/193
f 167/167/167 193/193/193 192/192/192
f 168/168/168 169/169/169 194/194/194
f 168/168/168 194/194/194 193/193/193
f 169/169/169 170/170/170 195/195/195
f 169/169/169 195/195/195 194/194/194
f 170/170/170 171/171/171 196/196/196
f 170/170/170 196/196/196 195/195/195
f 171/171/171 172/172/172 197/197/197
f 171/171/171 197/197/197 196/196/196
f 172/172/172 173/173/173 198/198/198
f 172/172/172 198/198/198 197/197/197
f 173/173/173 174/174/174 199/199/199
f 173/173/173 199/199/199 198/198/198
f 174/174/174 175/175/175 200/200/200
f 174/174/174 200/200/200 199/199/199
f 176/176/176 177/177/177 202/202/202
f 176/176/176 202/202/202 201/201/201
f 177/177/177 178/178/178 203/203/203
f 177/177/177 203/203/203 202/202/202
f 178/178/178 179/179/179 204/204/204
f 178/178/178 204/204/204 203/203/203
f 179/179/179 180/180/180 205/205/205
f 179/179/179 205/205/205 204/204/204
f 180/180/180 181/181/181 206/206/206
f 180/180/180 206/206/206 205/205/205
f 181/181/181 182/182/182 207/207/207
f 181/181/181 207/207/207 206/206/206
f 182/182/182 183/183/183 208/208/208
f 182/182/182 208/208/208 207/207/207
f 183/183/183 184/184/184 209/209/209
f 183/183/183 209/209/209 208/208/208
f 184/184/184 185/185/185 210/210/210
f 184/184/184 210/210/210 209/209/209
f 185/185/185 186/186/186 211/211/211
f 185/185/185 211/211/211 210/210/210
f 186/186/186 187/187/187 212/212/212
f 186/186/186 212/212/212 211/211/211
f 187/187/187 188/188/188 213/213/213
f 187/187/187 213/213/213 212/212/212
f 188/188/188 189/189/189 214/214/214
f 188/188/188 214/214/214 213/213/213
f 189/189/189 190/190/190 215/215/215
f 189/189/189 215/215/215 214/214/214
f 190/190/190 191/191/191 216/216/216
f 190/190/190 216/216/216 215/215/215
f 191/191/191 192/192/192 217/217/217
f 191/191/191 217/217/217 216/216/216
f 192/192/192 193/193/193 218/218/218
f 192/192/192 218/218/218 217/217/217
f 193/193/193 194/194/194 219/219/219
f 193/193/193 219/219/219 218/218/218
f 194/194/194 195/195/195 220/220/220
f 194/194/194 220/220/220 219/219/219
f 195/195/195 196/196/196 221/221/221
f 195/195/195 221/221/221 220/220/220
f 196/196/196 197/197/197 222/222/222
f 196/196/196 222/222/222 221/221/221
f 197/197/197 198/198/198 223/223/223
f 197/197/197 223/223/223 222/222/222
f 198/198/198 199/199/199 224/224/224
f 198/198/198 224/224/224 223/223/223
f 199/199/199 200/200/200 225/225/225
f 199/199/199 225/225/225 224/224/224
f 201/201/201 202/202/202 227/227/227
f 201/201/201 227/227/227 226/226/226
f 202/202/202 203/203/203 228/228/228
f 202/202/202 228/228/228 227/227/227
f 203/203/203 204/204/204 229/229/229
f 203/203/203 229/229/229 228/228/228
f 204/204/204 205/205/205 230/230/230
f 204/204/204 230/230/230 229/229/229
f 205/205/205 206/206/206 231/231/231
f 205/205/205 231/231/231 230/230/230
f 206/206/206 207/207/207 232/232/232
f 206/206/206 232/232/232 231/231/231
f 207/207/207 208/208/208 233/233/233
f 207/207/207 233/233/233 232/232/232
f 208/208/208 209/209/209 234/234/234
f 208/208/208 234/234/234 233/233/233
f 209/209/209 210/210/210 235/235/235
f 209/209/209 235/235/235 234/234/234
f 210/210/210 211/211/211 236/236/236
f 210/210/210 236/236/236 235/235/235
f 211/211/211 212/212/212 237/237/237
f 211/211/211 237/237/237 236/236/236
f 212/212/212 213/213/213 238/238/238
f 212/212/212 238/238/238 237/237/237
f 213/213/213 214/214/214 239/239/239
f 213/213/213 239/239/239 238/238/238
f 214/214/214 215/215/215 240/240/240
f 214/214/214 240/240/240 239/239/239
f 215/215/215 216/216/216 241/241/241
f 215/215/215 241/241/241 240/240/240
f 216/216/216 217/217/217 242/242/242
f 216/216/216 242/242/242 241/241/241
f 217/217/217 218/218/218 243/243/243
f 217/217/217 243/243/243 242/242/242
f 218/218/218 219/219/219 244/244/244
f 218/218/218 244/244/244 243/243/243
f 219/219/219 220/220/220 245/245/245
f 219/219/219 245/245/245 244/244/244
f 220/220/220 221/221/221 246/246/246
f 220/220/220 246/246/246 245/245/245
f 221/221/221 222/222/222 247/247/247
f 221/221/221 247/247/247 246/246/246
f 222/222/222 223/223/223 248/248/248
f 222/222/222 248/248/248 247/247/247
f 223/223/223 224/224/224 249/249/249
f 223/223/223 249/249/249 248/248/248
f 224/224/224 225/225/225 250/250/250
f 224/224/224 250/250/250 249/249/249
f 226/226/226 227/227/227 252/252/252
f 226/226/226 252/252/252 251/251/251
f 227/227/227 228/228/228 253/253/253
f 227/227/227 253/253/253 252/252/252
f 228/228/228 229/229/229 254/254/254
f 228/228/228 254/254/254 253/253/253
f 229/229/229 230/230/230 255/255/255
f 229/229/229 255/255/255 254/254/254
f 230/230/230 231/231/231 256/256/256
f 230/230/230 256/256/256 255/255/255
f 231/231/231 232/232/232 257/257/257
f 231/231/231 257/257/257 256/256/256
f 232/232/232 233/233/233 258/258/258
f 232/232/232 258/258/258 257/257/257
f 233/233/233 234/234/234 259/259/259
f 233/233/233 259/259/259 258/258/258
f 234/234/234 235/235/235 260/260/260
f 234/234/234 260/260/260 259/259/259
f 235/235/235 236/236/236 261/261/261
f 235/235/235 261/261/261 260/260/260
f 236/236/236 237/237/237 262/262/262
f 236/236/236 262/262/262 261/261/261
f 237/237/237 238/238/238 263/263/263
f 237/237/237 263/263/263 262/262/262
f 238/238/238 239/239/239 264/264/264
f 238/238/238 264/264/264 263/263/263
f 239/239/239 240/240/240 265/265/265
f 239/239/239 265/265/265 264/264/264
f 240/240/240 241/241/241 266/266/266
f 240/240/240 266/266/266 265/265/265
f 241/241/241 242/242/242 267/267/267
f 241/241/241 267/267/267 266/266/266
f 242/242/242 243/243/243 268/268/268
f 242/242/242 268/268/268 267/267/267
f 243/243/243 244/244/244 269/269/269
f 243/243/243 269/269/269 268/268/268
f 244/244/244 245/245/245 270/270/270
f 244/244/244 270/270/270 269/269/269
f 245/245/245 246/246/246 271/271/271
f 245/245/245 271/271/271 270/270/270
f 246/246/246 247/247/247 272/272/272
f 246/246/246 272/272/272 271/271/271
f 247/247/247 248/248/248 273/273/273
f 247/247/247 273/273/273 272/272/272
f 248/248/248 249/249/249 274/274/274
f 248/248/248 274/274/274 273/273/273
f 249/249/249 250/250/250 275/275/275
f 249/249/249 275/275/275 274/274/274
f 251/251/251 252/252/252 277/277/277
f 251/251/251 277/277/277 276/276/276
f 252/252/252 253/253/253 278/278/278
f 252/252/252 278/278/278 277/277/277
f 253/253/253 254/254/254 279/279/279
f 253/253/253 279/279/279 278/278/278
f 254/254/254 255/255/255 280/280/280
f 254/254/254 280/280/280 279/279/279
f 255/255/255 256/256/256 281/281/281
f 255/255/255 281/281/281 280/280/280
f 256/256/256 257/257/257 282/282/282
f 256/256/256 282/282/282 281/281/281
f 257/257/257 258/258/258 283/283/283
f 257/257/257 283/283/283 282/282/282
f 258/258/258 259/259/259 284/284/284
f 258/258/258 284/284/284 283/283/283
f 259/259/259 260/260/260 285/285/285
f 259/259/259 285/285/285 284/284/284
f 260/260/260 261/261/261 286/286/286
f 260/260/260 286/286/286 285/285/285
f 261/261/261 262/262/262 287/287/287
f 261/261/261 287/287/287 286/286/286
f 262/262/262 263/263/263 288/288/288
f 262/262/262 288/288/288 287/287/287
f 263/263/263 264/264/264 289/289/289
f 263/263/263 289/289/289 288/288/288
f 264/264/264 265/265/265 290/290/290
f 264/264/264 290/290/290 289/289/289
f 265/265/265 266/266/266 291/291/291
f 265/265/265 291/291/291 290/290/290
f 266/266/266 267/267/267 292/292/292
f 266/266/266 292/292/292 291/291/291
f 267/267/267 268/268/268 293/293/293
f 267/267/267 293/293/293 292/292/292
f 268/268/268 269/269/269 294/294/294
f 268/268/268 294/294/294 293/293/293
f 269/269/269 270/270/270 295/295/295
f 269/269/269 295/295/295 294/294/294
f 270/270/270 271/271/271 296/296/296
f 270/270/270 296/296/296 295/295/295
f 271/271/271 272/272/272 297/297/297
f 271/271/271 297/297/297 296/296/296
f 272/272/272 273/273/273 298/298/298
f 272/272/272 298/298/298 297/297/297
f 273/273/273 274/274/274 299/299/299
f 273/273/273 299/299/299 298/298/298
f 274/274/274 275/275/275 300/300/300
f 274/274/274 300/300/300 299/299/299
f 276/276/276 277/277/277 302/302/302
f 276/276/276 302/302/302 301/301/301
f 277/277/277 278/278/278 303/303/303
f 277/277/277 303/303/303 302/302/302
f 278/278/278 279/279/279 304/304/304
f 278/278/278 304/304/304 303/303/303
f 279/279/279 280/280/280 305/305/305
f 279/279/279 305/305/305 304/304/304
f 280/280/280 281/281/281 306/306/306
f 280/280/280 306/306/306 305/305/305
f 281/281/281 282/282/282 307/307/307
f 281/281/281 307/307/307 306/306/306
f 282/282/282 283/283/283 308/308/308
f 282/282/282 308/308/308 307/307/307
f 283/283/283 284/284/284 309/309/309
f 283/283/283 309/309/309 308/308/308
f 284/284/284 285/285/285 310/310/310
f 284/284/284 310/310/310 309/309/309
f 285/285/285 286/286/286 311/311/311
f 285/285/285 311/311/311 310/310/310
f 286/286/286 287/287/287 312/312/312
f 286/286/286 312/312/312 311/311/311
f 287/287/287 288/288/288 313/313/313
f 287/287/287 313/313/313 312/312/312
f 288/288/288 289/289/289 314/314/314
f 288/288/288 314/314/314 313/313/313
f 289/289/289 290/290/290 315/315/315
f 289/289/289 315/315/315 314/314/314
f 290/290/290 291/291/291 316/316/316
f 290/290/290 316/316/316 315/315/315
f 291/291/291 292/292/292 317/317/317
f 291/291/291 317/317/317 316/316/316
f 292/292/292 293/293/293 318/318/318
f 292/292/292 318/318/318 317/317/317
f 293/293/293 294/294/294 319/319/319
f 293/293/293 319/319/319 318/318/318
f 294/294/294 295/295/295 320/320/320
f 294/294/294 320/320/320 319/319/319
f 295/295/295 296/296/296 321/321/321
f 295/295/295 321/321/321 320/320/320
f 296/296/296 297/297/297 322/322/322
f 296/296/296 322/322/322 321/321/321
f 297/297/297 298/298/298 323/323/323
f 297/297/297 323/323/323 322/322/322
f 298/298/298 299/299/299 324/324/324
f 298/298/298 324/324/324 323/323/323
f 299/299/299 300/300/300 325/325/325
f 299/299/299 325/325/325 324/324/324
f 301/301/301 302/302/302 327/327/327
f 301/301/301 327/327/327 326/326/326
f 302/302/302 303/303/303 328/328/328
f 302/302/302 328/328/328 327/327/327
f 303/303/303 304/304/304 329/329/329
f 303/303/303 329/329/329 328/328/328
f 304/304/304 305/305/305 330/330/330
f 304/304/304 330/330/330 329/329/329
f 305/305/305 306/306/306 331/331/331
f 305/305/305 331/331/331 330/330/330
f 306/306/306 307/307/307 332/332/332
f 306/306/306 332/332/332 331/331/331
f 307/307/307 308/308/308 333/333/333
f 307/307/307 333/333/333 332/332/332
f 308/308/308 309/309/309 334/334/334
f 308/308/308 334/334/334 333/333/333
f 309/309/309 310/310/310 335/335/335
f 309/309/309 335/335/335 334/334/334
f 310/310/310 311/311/311 336/336/336
f 310/310/310 336/336/336 335/335/335
f 311/311/311 312/312/312 337/337/337
f 311/311/311 337/337/337 336/336/336
f 312/312/312 313/313/313 338/338/338
f 312/312/312 338/338/338 337/337/337
f 313/313/313 314/314/314 339/339/339
f 313/313/313 339/339/339 338/338/338
f 314/314/314 315/315/315 340/340/340
f 314/314/314 340/340/340 339/339/339
f 315/315/315 316/316/316 341/341/341
f 315/315/315 341/341/341 340/340/340
f 316/316/316 317/317/317 342/342/342
f 316/316/316 342/342/342 341/341/341
f 317/317/317 318/318/318 343/343/343
f 317/317/317 343/343/343 342/342/342
f 318/318/318 319/319/319 344/344/344
f 318/318/318 344/344/344 343/343/343
f 319/319/319 320/320/320 345/345/345
f 319/319/319 345/345/345 344/344/344
f 320/320/320 321/321/321 346/346/346
f 320/320/320 346/346/346 345/345/345
f 321/321/321 322/322/322 347/347/347
f 321/321/321 347/347/347 346/346/346
f 322/322/322 323/323/323 348/348/348
f 322/322/322 348/348/348 347/347/347
f 323/323/323 324/324/324 349/349/349
f 323/323/323 349/349/349 348/348/348
f 324/324/324 325/325/325 350/350/350
f 324/324/324 350/350/350 349/349/349
f 326/326/326 327/327/327 352/352/352
f 326/326/326 352/352/352 351/351/351
f 327/327/327 328/328/328 353/353/353
f 327/327/327 353/353/353 352/352/352
f 328/328/328 329/329/329 354/354/354
f 328/328/328 354/354/354 353/353/353
f 329/329/329 330/330/330 355/355/355
f 329/329/329 355/355/355 354/354/354
f 330/330/330 331/331/331 356/356/356
f 330/330/330 356/356/356 355/355/355
f 331/331/331 332/332/332 357/357/357
f 331/331/331 357/357/357 356/356/356
f 332/332/332 333/333/333 358/358/358
f 332/332/332 358/358/358 357/357/357
f 333/333/333 334/334/334 359/359/359
f 333/333/333 359/359/359 358/358/358
f 334/334/334 335/335/335 360/360/360
f 334/334/334 360/360/360 359/359/359
f 335/335/335 336/336/336 361/361/361
f 335/335/335 361/361/361 360/360/360
f 336/336/336 337/337/337 362/362/362
f 336/336/336 362/362/362 361/361/361
f 337/337/337 338/338/338 363/363/363
f 337/337/337 363/363/363 362/362/362
f 338/338/338 339/339/339 364/364/364
f 338/338/338 364/364/364 363/363/363
f 339/339/339 340/340/340 365/365/365
f 339/339/339 365/365/365 364/364/364
f 340/340/340 341/341/341 366/366/366
f 340/340/340 366/366/366 365/365/365
f 341/341/341 342/342/342 367/367/367
f 341/341/341 367/367/367 366/366/366
f 342/342/342 343/343/343 368/368/368
f 342/342/342 368/368/368 367/367/367
f 343/343/343 344/344/344 369/369/369
f 343/343/343 369/369/369 368/368/368
f 344/344/344 345/345/345 370/370/370
f 344/344/344 370/370/370 369/369/369
f 345/345/345 346/346/346 371/371/371
f 345/345/345 371/371/371 370/370/370
f 346/346/346 347/347/347 372/372/372
f 346/346/346 372/372/372 371/371/371
f 347/347/347 348/348/348 373/373/373
f 347/347/347 373/373/373 372/372/372
f 348/348/348 349/349/349 374/374/374
f 348/348/348 374/374/374 373/373/373
f 349/349/349 350/350/350 375/375/375
f 349/349/349 375/375/375 374/374/374
f 351/351/351 352/352/352 377/377/377
f 351/351/351 377/377/377 376/376/376
f 352/352/352 353/353/353 378/378/378
f 352/352/352 378/378/378 377/377/377
f 353/353/353 354/354/354 379/379/379
f 353/353/353 379/379/379 378/378/378
f 354/354/354 355/355/355 380/380/380
f 354/354/354 380/380/380 379/379/379
f 355/355/355 356/356/356 381/381/381
f 355/355/355 381/381/381 380/380/380
f 356/356/356 357/357/357 382/382/382
f 356/356/356 382/382/382 381/381/381
f 357/357/357 358/358/358 383/383/383
f 357/357/357 383/383/383 382/382/382
f 358/358/358 359/359/359 384/384/384
f 358/358/358 384/384/384 383/383/383
f 359/359/359 360/360/360 385/385/385
f 359/359/359 385/385/385 384/384/384
f 360/360/360 361/361/361 386/386/386
f 360/360/360 386/386/386 385/385/385
f 361/361/361 362/362/362 387/387/387
f 361/361/361 387/387/387 386/386/386
f 362/362/362 363/363/363 388/388/388
f 362/362/362 388/388/388 387/387/387
f 363/363/363 364/364/364 389/389/389
f 363/363/363 389/389/389 388/388/388
f 364/364/364 365/365/365 390/390/390
f 364/364/364 390/390/390 389/389/389
f 365/365/365 366/366/366 391/391/391
f 365/365/365 391/391/391 390/390/390
f 366/366/366 367/367/367 392/392/392
f 366/366/366 392/392/392 391/391/391
f 367/367/367 368/368/368 393/393/393
f 367/367/367 393/393/393 392/392/392
f 368/368/368 369/369/369 394/394/394
f 368/368/368 394/394/394 393/393/393
f 369/369/369 370/370/370 395/395/395
f 369/369/369 395/395/395 394/394/394
f 370/370/370 371/371/371 396/396/396
f 370/370/370 396/396/396 395/395/395
f 371/371/371 372/372/372 397/397/397
f 371/371/371 397/397/397 396/396/396
f 372/372/372 373/373/373 398/398/398
f 372/372/372 398/398/398 397/397/397
f 373/373/373 374/374/374 399/399/399
f 373/373/373 399/399/399 398/398/398
f 374/374/374 375/375/375 400/400/400
f 374/374/374 400/400/400 399/399/399
f 376/376/376 377/377/377 402/402/402
f 376/376/376 402/402/402 401/401/401
f 377/377/377 378/378/378 403/403/403
f 377/377/377 403/403/403 402/402/402
f 378/378/378 379/379/379 404/404/404
f 378/378/378 404/404/404 403/403/403
f 379/379/379 380/380/380 405/405/405
f 379/379/379 405/405/405 404/404/404
f 380/380/380 381/381/381 406/406/406
f 380/380/380 406/406/406 405/405/405
f 381/381/381 382/382/382 407/407/407
f 381/381/381 407/407/407 406/406/406
f 382/382/382 383/383/383 408/408/408
f 382/382/382 408/408/408 407/407/407
f 383/383/383 384/384/384 409/409/409
f 383/383/383 409/409/409 408/408/408
f 384/384/384 385/385/385 410/410/410
f 384/384/384 410/410/410 409/409/409
f 385/385/385 386/386/386 411/411/411
f 385/385/385 411/411/411 410/410/410
f 386/386/386 387/387/387 412/412/412
f 386/386/386 412/412/412 411/411/411
f 387/387/387 388/388/388 413/413/413
f 387/387/387 413/413/413 412/412/412
f 388/388/388 389/389/389 414/414/414
f 388/388/388 414/414/414 413/413/413
f 389/389/389 390/390/390 415/415/415
f 389/389/389 415/415/415 414/414/414
f 390/390/390 391/391/391 416/416/416
f 390/390/390 416/416/416 415/415/415
f 391/391/391 392/392/392 417/417/417
f 391/391/391 417/417/417 416/416/416
f 392/392/392 393/393/393 418/418/418
f 392/392/392 418/418/418 417/417/417
f 393/393/393 394/394/394 419/419/419
f 393/393/393 419/419/419 418/418/418
f 394/394/394 395/395/395 420/420/420
f 394/394/394 420/420/420 419/419/419
f 395/395/395 396/396/396 421/421/421
f 395/395/395 421/421/421 420/420/420
f 396/396/396 397/397/397 422/422/422
f 396/396/396 422/422/422 421/421/421
f 397/397/397 398/398/398 423/423/423
f 397/397/397 423/423/423 422/422/422
f 398/398/398 399/399/399 424/424/424
f 398/398/398 424/424/424 423/423/423
f 399/399/399 400/400/400 425/425/425
f 399/399/399 425/425/425 424/424/424
f 401/401/401 402/402/402 427/427/427
f 401/401/401 427/427/427 426/426/426
f 402/402/402 403/403/403 428/428/428
f 402/402/402 428/428/428 427/427/427
f 403/403/403 404/404/404 429/429/429
f 403/403/403 429/429/429 428/428/428
f 404/404/404 405/405/405 430/430/430
f 404/404/404 430/430/430 429/429/429
f 405/405/405 406/406/406 431/431/431
f 405/405/405 431/431/431 430/430/430
f 406/406/406 407/407/407 432/432/432
f 406/406/406 432/432/432 431/431/431
f 407/407/407 408/408/408 433/433/433
f 407/407/407 433/433/433 432/432/432
f 408/408/408 409/409/409 434/434/434
f 408/408/408 434/434/434 433/433/433
f 409/409/409 410/410/410 435/435/435
f 409/409/409 435/435/435 434/434/434
f 410/410/410 411/411/411 436/436/436
f 410/410/410 436/436/436 435/435/435
f 411/411/411 412/412/412 437/437/437
f 411/411/411 437/437/437 436/436/436
f 412/412/412 413/413/413 438/438/438
f 412/412/412 438/438/438 437/437/437
f 413/413/413 414/414/414 439/439/439
f 413/413/413 439/439/439 438/438/438
f 414/414/414 415/415/415 440/440/440
f 414/414/414 440/440/440 439/439/439
f 415/415/415 416/416/416 441/441/441
f 415/415/415 441/441/441 440/440/440
f 416/416/416 417/417/417 442/442/442
f 416/416/416 442/442/442 441/441/441
f 417/417/417 418/418/418 443/443/443
f 417/417/417 443/443/443 442/442/442
f 418/418/418 419/419/419 444/444/444
f 418/418/418 444/444/444 443/443/443
f 419/419/419 420/420/420 445/445/445
f 419/419/419 445/445/445 444/444/444
f 420/420/420 421/421/421 446/446/446
f 420/420/420 446/446/446 445/445/445
f 421/421/421 422/422/422 447/447/447
f 421/421/421 447/447/447 446/446/446
f 422/422/422 423/423/423 448/448/448
f 422/422/422 448/448/448 447/447/447
f 423/423/423 424/424/424 449/449/449
f 423/423/423 449/449/449 448/448/448
f 424/424/424 425/425/425 450/450/450
f 424/424/424 450/450/450 449/449/449
f 426/426/426 427/427/427 452/452/452
f 426/426/426 452/452/452 451/451/451
f 427/427/427 428/428/428 453/453/453
f 427/427/427 453/453/453 452/452/452
f 428/428/428 429/429/429 454/454/454
f 428/428/428 454/454/454 453/453/453
f 429/429/429 430/430/430 455/455/455
f 429/429/429 455/455/455 454/454/454
f 430/430/430 431/431/431 456/456/456
f 430/430/430 456/456/456 455/455/455
f 431/431/431 432/432/432 457/457/457
f 431/431/431 457/457/457 456/456/456
f 432/432/432 433/433/433 458/458/458
f 432/432/432 458/458/458 457/457/457
f 433/433/433 434/434/434 459/459/459
f 433/433/433 459/459/459 458/458/458
f 434/434/434 435/435/435 460/460/460
f 434/434/434 460/460/460 459/459/459
f 435/435/435 436/436/436 461/461/461
f 435/435/435 461/461/461 460/460/460
f 436/436/436 437/437/437 462/462/462
f 436/436/436 462/462/462 461/461/461
f 437/437/437 438/438/438 463/463/463
f 437/437/437 463/463/463 462/462/462
f 438/438/438 439/439/439 464/464/464
f 438/438/438 464/464/464 463/463/463
f 439/439/439 440/440/440 465/465/465
f 439/439/439 465/465/465 464/464/464
f 440/440/440 441/441/441 466/466/466
f 440/440/440 466/466/466 465/465/465
f 441/441/441 442/442/442 467/467/467
f 441/441/441 467/467/467 466/466/466
f 442/442/442 443/443/443 468/468/468
f 442/442/442 468/468/468 467/467/467
f 443/443/443 444/444/444 469/469/469
f 443/443/443 469/469/469 468/468/468
f 444/444/444 445/445/445 470/470/470
f 444/444/444 470/470/470 469/469/469
f 445/445/445 446/446/446 471/471/471
f 445/445/445 471/471/471 470/470/470
f 446/446/446 447/447/447 472/472/472
f 446/446/446 472/472/472 471/471/471
f 447/447/447 448/448/448 473/473/473
f 447/447/447 473/473/473 472/472/472
f 448/448/448 449/449/449 474/474/474
f 448/448/448 474/474/474 473/473/473
f 449/449/449 450/450/450 475/475/475
f 449/449/449 475/475/475 474/474/474
f 451/451/451 452/452/452 477/477/477
f 451/451/451 477/477/477 476/476/476
f 452/452/452 453/453/453 478/478/478
f 452/452/452 478/478/478 477/477/477
f 453/453/453 454/454/454 479/479/479
f 453/453/453 479/479/479 478/478/478
f 454/454/454 455/455/455 480/480/480
f 454/454/454 480/480/480 479/479/479
f 455/455/455 456/456/456 481/481/481
f 455/455/455 481/481/481 480/480/480
f 456/456/456 457/457/457 482/482/482
f 456/456/456 482/482/482 481/481/481
f 457/457/457 458/458/458 483/483/483
f 457/457/457 483/483/483 482/482/482
f 458/458/458 459/459/459 484/484/484
f 458/458/458 484/484/484 483/483/483
f 459/459/459 460/460/460 485/485/485
f 459/459/459 485/485/485 484/484/484
f 460/460/460 461/461/461 486/486/486
f 460/460/460 486/486/486 485/485/485
f 461/461/461 462/462/462 487/487/487
f 461/461/461 487/487/487 486/486/486
f 462/462/462 463/463/463 488/488/488
f 462/462/462 488/488/488 487/487/487
f 463/463/463 464/464/464 489/489/489
f 463/463/463 489/489/489 488/488/488
f 464/464/464 465/465/465 490/490/490
f 464/464/464 490/490/490 489/489/489
f 465/465/465 466/466/466 491/491/491
f 465/465/465 491/491/491 490/490/490
f 466/466/466 467/467/467 492/492/492
f 466/466/466 492/492/492 491/491/491
f 467/467/467 468/468/468 493/493/493
f 467/467/467 493/493/493 492/492/492
f 468/468/468 469/469/469 494/494/494
f 468/468/468 494/494/494 493/493/493
f 469/469/469 470/470/470 495/495/495
f 469/469/469 495/495/495 494/494/494
f 470/470/470 471/471/471 496/496/496
f 470/470/470 496/496/496 495/495/495
f 471/471/471 472/472/472 497/497/497
f 471/471/471 497/497/497 496/496/496
f 472/472/472 473/473/473 498/498/498
f 472/472/472 498/498/498 497/497/497
f 473/473/473 474/474/474 499/499/499
f 473/473/473 499/499/499 498/498/498
f 474/474/474 475/475/475 500/500/500
f 474/474/474 500/500/500 499/499/499
f 476/476/476 477/477/477 502/502/502
f 476/476/476 502/502/502 501/501/501
f 477/477/477 478/478/478 503/503/503
f 477/477/477 503/503/503 502/502/502
f 478/478/478 479/479/479 504/504/504
f 478/478/478 504/504/504 503/503/503
f 479/479/479 480/480/480 505/505/505
f 479/479/479 505/505/505 504/504/504
f 480/480/480 481/481/481 506/506/506
f 480/480/480 506/506/506 505/505/505
f 481/481/481 482/482/482 507/507/507
f 481/481/481 507/507/507 506/506/506
f 482/482/482 483/483/483 508/508/508
f 482/482/482 508/508/508 507/507/507
f 483/483/483 484/484/484 509/509/509
f 483/483/483 509/509/509 508/508/508
f 484/484/484 485/485/485 510/510/510
f 484/484/484 510/510/510 509/509/509
f 485/485/485 486/486/486 511/511/511
f 485/485/485 511/511/511 510/510/510
f 486/486/486 487/487/487 512/512/512
f 486/486/486 512/512/512 511/511/511
f 487/487/487 488/488/488 513/513/513
f 487/487/487 513/513/513 512/512/512
f 488/488/488 489/489/489 514/514/514
f 488/488/488 514/514/514 513/513/513
f 489/489/489 490/490/490 515/515/515
f 489/489/489 515/515/515 514/514/514
f 490/490/490 491/491/491 516/516/516
f 490/490/490 516/516/516 515/515/515
f 491/491/491 492/492/492 517/517/517
f 491/491/491 517/517/517 516/516/516
f 492/492/492 493/493/493 518/518/518
f 492/492/492 518/518/518 517/517/517
f 493/493/493 494/494/494 519/519/519
f 493/493/493 519/519/519 518/518/518
f 494/494/494 495/495/495 520/520/520
f 494/494/494 520/520/520 519/519/519
f 495/495/495 496/496/496 521/521/521
f 495/495/495 521/521/521 520/520/520
f 496/496/496 497/497/497 522/522/522
f 496/496/496 522/522/522 521/521/521
f 497/497/497 498/498/498 523/523/523
f 497/497/497 523/523/523 522/522/522
f 498/498/498 499/499/499 524/524/524
f 498/498/498 524/524/524 523/523/523
f 499/499/499 500/500/500 525/525/525
f 499/499/499 525/525/525 524/524/524
f 501/501/501 502/502/502 527/527/527
f 501/501/501 527/527/527 526/526/526
f 502/502/502 503/503/503 528/528/528
f 502/502/502 528/528/528 527/527/527
f 503/503/503 504/504/504 529/529/529
f 503/503/503 529/529/529 528/528/528
f 504/504/504 505/505/505 530/530/530
f 504/504/504 530/530/530 529/529/529
f 505/505/505 506/506/506 531/531/531
f 505/505/505 531/531/531 530/530/530
f 506/506/506 507/507/507 532/532/532
f 506/506/506 532/532/532 531/531/531
f 507/507/507 508/508/508 533/533/533
f 507/507/507 533/533/533 532/532/532
f 508/508/508 509/509/509 534/534/534
f 508/508/508 534/534/534 533/533/533
f 509/509/509 510/510/510 535/535/535
f 509/509/509 535/535/535 534/534/534
f 510/510/510 511/511/511 536/536/536
f 510/510/510 536/536/536 535/535/535
f 511/511/511 512/512/512 537/537/537
f 511/511/511 537/537/537 536/536/536
f 512/512/512 513/513/513 538/538/538
f 512/512/512 538/538/538 537/537/537
f 513/513/513 514/514/514 539/539/539
f 513/513/513 539/539/539 538/538/538
f 514/514/514 515/515/515 540/540/540
f 514/514/514 540/540/540 539/539/539
f 515/515/515 516/516/516 541/541/541
f 515/515/515 541/541/541 540/540/540
f 516/516/516 517/517/517 542/542/542
f 516/516/516 542/542/542 541/541/541
f 517/517/517 518/518/518 543/543/543
f 517/517/517 543/543/543 542/542/542
f 518/518/518 519/519/519 544/544/544
f 518/518/518 544/544/544 543/543/543
f 519/519/519 520/520/520 545/545/545
f 519/519/519 545/545/545 544/544/544
f 520/520/520 521/521/521 546/546/546
f 520/520/520 546/546/546 545/545/545
f 521/521/521 522/522/522 547/547/547
f 521/521/521 547/547/547 546/546/546
f 522/522/522 523/523/523 548/548/548
f 522/522/522 548/548/548 547/547/547
f 523/523/523 524/524/524 549/549/549
f 523/523/523 549/549/549 548/548/548
f 524/524/524 525/525/525 550/550/550
f 524/524/524 550/550/550 549/549/549
f 526/526/526 527/527/527 552/552/552
f 526/526/526 552/552/552 551/551/551
f 527/527/527 528/528/528 553/553/553
f 527/527/527 553/553/553 552/552/552
f 528/528/528 529/529/529 554/554/554
f 528/528/528 554/554/554 553/553/553
f 529/529/529 530/530/530 555/555/555
f 529/529/529 555/555/555 554/554/554
f 530/530/530 531/531/531 556/556/556
f 530/530/530 556/556/556 555/555/555
f 531/531/531 532/532/532 557/557/557
f 531/531/531 557/557/557 556/556/556
f 532/532/532 533/533/533 558/558/558
f 532/532/532 558/558/558 557/557/557
f 533/533/533 534/534/534 559/559/559
f 533/533/533 559/559/559 558/558/558
f 534/534/534 535/535/535 560/560/560
f 534/534/534 560/560/560 559/559/559
f 535/535/535 536/536/536 561/561/561
f 535/535/535 561/561/561 560/560/560
f 536/536/536 537/537/537 562/562/562
f 536/536/536 562/562/562 561/561/561
f 537/537/537 538/538/538 563/563/563
f 537/537/537 563/563/563 562/562/562
f 538/538/538 539/539/539 564/564/564
f 538/538/538 564/564/564 563/563/563
f 539/539/539 540/540/540 565/565/565
f 539/539/539 565/565/565 564/564/564
f 540/540/540 541/541/541 566/566/566
f 540/540/540 566/566/566 565/565/565
f 541/541/541 542/542/542 567/567/567
f 541/541/541 567/567/567 566/566/566
f 542/542/542 543/543/543 568/568/568
f 542/542/542 568/568/568 567/567/567
f 543/543/543 544/544/544 569/569/569
f 543/543/543 569/569/569 568/568/568
f 544/544/544 545/545/545 570/570/570
f 544/544/544 570/570/570 569/569/569
f 545/545/545 546/546/546 571/571/571
f 545/545/545 571/571/571 570/570/570
f 546/546/546 547/547/547 572/572/572
f 546/546/546 572/572/572 571/571/571
f 547/547/547 548/548/548 573/573/573
f 547/547/547 573/573/573 572/572/572
f 548/548/548 549/549/549 574/574/574
f 548/548/548 574/574/574 573/573/573
f 549/549/549 550/550/550 575/575/575
f 549/549/549 575/575/575 574/574/574
f 551/551/551 552/552/552 577/577/577
f 551/551/551 577/577/577 576/576/576
f 552/552/552 553/553/553 578/578/578
f 552/552/552 578/578/578 577/577/577
f 553/553/553 554/554/554 579/579/579
f 553/553/553 579/579/579 578/578/578
f 554/554/554 555/555/555 580/580/580
f 554/554/554 580/580/580 579/579/579
f 555/555/555 556/556/556 581/581/581
f 555/555/555 581/581/581 580/580/580
f 556/556/556 557/557/557 582/582/582
f 556/556/556 582/582/582 581/581/581
f 557/557/557 558/558/558 583/583/583
f 557/557/557 583/583/583 582/582/582
f 558/558/558 559/559/559 584/584/584
f 558/558/558 584/584/584 583/583/583
f 559/559/559 560/560/560 585/585/585
f 559/559/559 585/585/585 584/584/584
f 560/560/560 561/561/561 586/586/586
f 560/560/560 586/586/586 585/585/585
f 561/561/561 562/562/562 587/587/587
f 561/561/561 587/587/587 586/586/586
f 562/562/562 563/563/563 588/588/588
f 562/562/562 588/588/588 587/587/587
f 563/563/563 564/564/564 589/589/589
f 563/563/563 589/589/589 588/588/588
f 564/564/564 565/565/565 590/590/590
f 564/564/564 590/590/590 589/589/589
f 565/565/565 566/566/566 591/591/591
f 565/565/565 591/591/591 590/590/590
f 566/566/566 567/567/567 592/592/592
f 566/566/566 592/592/592 591/591/591
f 567/567/567 568/568/568 593/593/593
f 567/567/567 593/593/593 592/592/592
f 568/568/568 569/569/569 594/594/594
f 568/568/568 594/594/594 593/593/593
f 569/569/569 570/570/570 595/595/595
f 569/569/569 595/595/595 594/594/594
f 570/570/570 571/571/571 596/596/596
f 570/570/570 596/596/596 595/595/595
f 571/571/571 572/572/572 597/597/597
f 571/571/571 597/597/597 596/596/596
f 572/572/572 573/573/573 598/598/598
f 572/572/572 598/598/598 597/597/597
f 573/573/573 574/574/574 599/599/599
f 573/573/573 599/599/599 598/598/598
f 574/574/574 575/575/575 600/600/600
f 574/574/574 600/600/600 599/599/599
f 576/576/576 577/577/577 602/602/602
f 576/576/576 602/602/602 601/601/601
f 577/577/577 578/578/578 603/603/603
f 577/577/577 603/603/603 602/602/602
f 578/578/578 579/579/579 604/604/604
f 578/578/578 604/604/604 603/603/603
f 579/579/579 580/580/580 605/605/605
f 579/579/579 605/605/605 604/604/604
f 580/580/580 581/581/581 606/606/606
f 580/580/580 606/606/606 605/605/605
f 581/581/581 582/582/582 607/607/607
f 581/581/581 607/607/607 606/606/606
f 582/582/582 583/583/583 608/608/608
f 582/582/582 608/608/608 607/607/607
f 583/583/583 584/584/584 609/609/609
f 583/583/583 609/609/609 608/608/608
f 584/584/584 585/585/585 610/610/610
f 584/584/584 610/610/610 609/609/609
f 585/585/585 586/586/586 611/611/611
f 585/585/585 611/611/611 610/610/610
f 586/586/586 587/587/587 612/612/612
f 586/586/586 612/612/612 611/611/611
f 587/587/587 588/588/588 613/613/613
f 587/587/587 613/613/613 612/612/612
f 588/588/588 589/589/589 614/614/614
f 588/588/588 614/614/614 613/613/613
f 589/589/589 590/590/590 615/615/615
f 589/589/589 615/615/615 614/614/614
f 590/590/590 591/591/591 616/616/616
f 590/590/590 616/616/616 615/615/615
f 591/591/591 592/592/592 617/617/617
f 591/591/591 617/617/617 616/616/616
f 592/592/592 593/593/593 618/618/618
f 592/592/592 618/618/618 617/617/617
f 593/593/593 594/594/594 619/619/619
f 593/593/593 619/619/619 618/618/618
f 594/594/594 595/595/595 620/620/620
f 594/594/594 620/620/620 619/619/619
f 595/595/595 596/596/596 621/621/621
f 595/595/595 621/621/621 620/620/620
f 596/596/596 597/597/597 622/622/622
f 596/596/596 622/622/622 621/621/621
f 597/597/597 598/598/598 623/623/623
f 597/597/597 623/623/623 622/622/622
f 598/598/598 599/599/599 624/624/624
f 598/598/598 624/624/624 623/623/623
f 599/599/599 600/600/600 625/625/625
f 599/599/599 625/625/625 624/624/624
f 601/601/601 602/602/602 627/627/627
f 601/601/601 627/627/627 626/626/626
f 602/602/602 603/603/603 628/628/628
f 602/602/602 628/628/628 627/627/627
f 603/603/603 604/604/604 629/629/629
f 603/603/603 629/629/629 628/628/628
f 604/604/604 605/605/605 630/630/630
f 604/604/604 630/630/630 629/629/629
f 605/605/605 606/606/606 631/631/631
f 605/605/605 631/631/631 630/630/630
f 606/606/606 607/607/607 632/632/632
f 606/606/606 632/632/632 631/631/631
f 607/607/607 608/608/608 633/633/633
f 607/607/607 633/633/633 632/632/632
f 608/608/608 609/609/609 634/634/634
f 608/608/608 634/634/634 633/633/633
f 609/609/609 610/610/610 635/635/635
f 609/609/609 635/635/635 634/634/634
f 610/610/610 611/611/611 636/636/636
f 610/610/610 636/636/636 635/635/635
f 611/611/611 612/612/612 637/637/637
f 611/611/611 637/637/637 636/636/636
f 612/612/612 613/613/613 638/638/638
f 612/612/612 638/638/638 637/637/637
f 613/613/613 614/614/614 639/639/639
f 613/613/613 639/639/639 638/638/638
f 614/614/614 615/615/615 640/640/640
f 614/614/614 640/640/640 639/639/639
f 615/615/615 616/616/616 641/641/641
f 615/615/615 641/641/641 640/640/640
f 616/616/616 617/617/617 642/642/642
f 616/616/616 642/642/642 641/641/641
f 617/617/617 618/618/618 643/643/643
f 617/617/617 643/643/643 642/642/642
f 618/618/618 619/619/619 644/644/644
f 618/618/618 644/644/644 643/643/643
f 619/619/619 620/620/620 645/645/645
f 619/619/619 645/645/645 644/644/644
f 620/620/620 621/621/621 646/646/646
f 620/620/620 646/646/646 645/645/645
f 621/621/621 622/622/622 647/647/647
f 621/621/621 647/647/647 646/646/646
f 622/622/622 623/623/623 648/648/648
f 622/622/622 648/648/648 647/647/647
f 623/623/623 624/624/624 649/649/649
f 623/623/623 649/649/649 648/648/648
f 624/624/624 625/625/625 650/650/650
f 624/624/624 650/650/650 649/649/649
f 626/626/626 627/627/627 652/652/652
f 626/626/626 652/652/652 651/651/651
f 627/627/627 628/628/628 653/653/653
f 627/627/627 653/653/653 652/652/652
f 628/628/628 629/629/629 654/654/654
f 628/628/628 654/654/654 653/653/653
f 629/629/629 630/630/630 655/655/655
f 629/629/629 655/655/655 654/654/654
f 630/630/630 631/631/631 656/656/656
f 630/630/630 656/656/656 655/655/655
f 631/631/631 632/632/632 657/657/657
f 631/631/631 657/657/657 656/656/656
f 632/632/632 633/633/633 658/658/658
f 632/632/632 658/658/658 657/657/657
f 633/633/633 634/634/634 659/659/659
f 633/633/633 659/659/659 658/658/658
f 634/634/634 635/635/635 660/660/660
f 634/634/634 660/660/660 659/659/659
f 635/635/635 636/636/636 661/661/661
f 635/635/635 661/661/661 660/660/660
f 636/636/636 637/637/637 662/662/662
f 636/636/636 662/662/662 661/661/661
f 637/637/637 638/638/638 663/663/663
f 637/637/637 663/663/663 662/662/662
f 638/638/638 639/639/639 664/664/664
f 638/638/638 664/664/664 663/663/663
f 639/639/639 640/640/640 665/665/665
f 639/639/639 665/665/665 664/664/664
f 640/640/640 641/641/641 666/666/666
f 640/640/640 666/666/666 665/665/665
f 641/641/641 642/642/642 667/667/667
f 641/641/641 667/667/667 666/666/666
f 642/642/642 643/643/643 668/668/668
f 642/642/642 668/668/668 667/667/667
f 643/643/643 644/644/644 669/669/669
f 643/643/643 669/669/669 668/668/668
f 644/644/644 645/645/645 670/670/670
f 644/644/644 670/670/670 669/669/669
f 645/645/645 646/646/646 671/671/671
f 645/645/645 671/671/671 670/670/670
f 646/646/646 647/647/647 672/672/672
f 646/646/646 672/672/672 671/671/671
f 647/647/647 648/648/648 673/673/673
f 647/647/647 673/673/673 672/672/672
f 648/648/648 649/649/649 674/674/674
f 648/648/648 674/674/674 673/673/673
f 649/649/649 650/650/650 675/675/675
f 649/649/649 675/675/675 674/674/674
f 651/651/651 652/652/652 677/677/677
f 651/651/651 677/677/677 676/676/676
f 652/652/652 653/653/653 678/678/678
f 652/652/652 678/678/678 677/677/677
f 653/653/653 654/654/654 679/679/679
f 653/653/653 679/679/679 678/678/678
f 654/654/654 655/655/655 680/680/680
f 654/654/654 680/680/680 679/679/679
f 655/655/655 656/656/656 681/681/681
f 655/655/655 681/681/681 680/680/680
f 656/656/656 657/657/657 682/682/682
f 656/656/656 682/682/682 681/681/681
f 657/657/657 658/658/658 683/683/683
f 657/657/657 683/683/683 682/682/682
f 658/658/658 659/659/659 684/684/684
f 658/658/658 684/684/684 683/683/683
f 659/659/659 660/660/660 685/685/685
f 659/659/659 685/685/685 684/684/684
f 660/660/660 661/661/661 686/686/686
f 660/660/660 686/686/686 685/685/685
f 661/661/661 662/662/662 687/687/687
f 661/661/661 687/687/687 686/686/686
f 662/662/662 663/663/663 688/688/688
f 662/662/662 688/688/688 687/687/687
f 663/663/663 664/664/664 689/689/689
f 663/663/663 689/689/689 688/688/688
f 664/664/664 665/665/665 690/690/690
f 664/664/664 690/690/690 689/689/689
f 665/665/665 666/666/666 691/691/691
f 665/665/665 691/691/691 690/690/690
f 666/666/666 667/667/667 692/692/692
f 666/666/666 692/692/692 691/691/691
f 667/667/667 668/668/668 693/693/693
f 667/667/667 693/693/693 692/692/692
f 668/668/668 669/669/669 694/694/694
f 668/668/668 694/694/694 693/693/693
f 669/669/669 670/670/670 695/695/695
f 669/669/669 695/695/695 694/694/694
f 670/670/670 671/671/671 696/696/696
f 670/670/670 696/696/696 695/695/695
f 671/671/671 672/672/672 697/697/697
f 671/671/671 697/697/697 696/696/696
f 672/672/672 673/673/673 698/698/698
f 672/672/672 698/698/698 697/697/697
f 673/673/673 674/674/674 699/699/699
f 673/673/673 699/699/699 698/698/698
f 674/674/674 675/675/675 700/700/700
f 674/674/674 700/700/700 699/699/699
f 676/676/676 677/677/677 702/702/702
f 676/676/676 702/702/702 701/701/701
f 677/677/677 678/678/678 703/703/703
f 677/677/677 703/703/703 702/702/702
f 678/678/678 679/679/679 704/704/704
f 678/678/678 704/704/704 703/703/703
f 679/679/679 680/680/680 705/705/705
f 679/679/679 705/705/705 704/704/704
f 680/680/680 681/681/681 706/706/706
f 680/680/680 706/706/706 705/705/705
f 681/681/681 682/682/682 707/707/707
f 681/681/681 707/707/707 706/706/706
f 682/682/682 683/683/683 708/708/708
f 682/682/682 708/708/708 707/707/707
f 683/683/683 684/684/684 709/709/709
f 683/683/683 709/709/709 708/708/708
f 684/684/684 685/685/685 710/710/710
f 684/684/684 710/710/710 709/709/709
f 685/685/685 686/686/686 711/711/711
f 685/685/685 711/711/711 710/710/710
f 686/686/686 687/687/687 712/712/712
f 686/686/686 712/712/712 711/711/711
f 687/687/687 688/688/688 713/713/713
f 687/687/687 713/713/713 712/712/712
f 688/688/688 689/689/689 714/714/714
f 688/688/688 714/714/714 713/713/713
f 689/689/689 690/690/690 715/715/715
f 689/689/689 715/715/715 714/714/714
f 690/690/690 691/691/691 716/716/716
f 690/690/690 716/716/716 715/715/715
f 691/691/691 692/692/692 717/717/717
f 691/691/691 717/717/717 716/716/716
f 692/692/692 693/693/693 718/718/718
f 692/692/692 718/718/718 717/717/717
f 693/693/693 694/694/694 719/719/719
f 693/693/693 719/719/719 718/718/718
f 694/694/694 695/695/695 720/720/720
f 694/694/694 720/720/720 719/719/719
f 695/695/695 696/696/696 721/721/721
f 695/695/695 721/721/721 720/720/720
f 696/696/696 697/697/697 722/722/722
f 696/696/696 722/722/722 721/721/721
f 697/697/697 698/698/698 723/723/723
f 697/697/697 723/723/723 722/722/722
f 698/698/698 699/699/699 724/724/724
f 698/698/698 724/724/724 723/723/723
f 699/699/699 700/700/700 725/725/725
f 699/699/699 725/725/725 724/724/724
f 701/701/701 702/702/702 727/727/727
f 701/701/701 727/727/727 726/726/726
f 702/702/702 703/703/703 728/728/728
f 702/702/702 728/728/728 727/727/727
f 703/703/703 704/704/704 729/729/729
f 703/703/703 729/729/729 728/728/728
f 704/704/704 705/705/705 730/730/730
f 704/704/704 730/730/730 729/729/729
f 705/705/705 706/706/706 731/731/731
f 705/705/705 731/731/731 730/730/730
f 706/706/706 707/707/707 732/732/732
f 706/706/706 732/732/732 731/731/731
f 707/707/707 708/708/708 733/733/733
f 707/707/707 733/733/733 732/732/732
f 708/708/708 709/709/709 734/734/734
f 708/708/708 734/734/734 733/733/733
f 709/709/709 710/710/710 735/735/735
f 709/709/709 735/735/735 734/734/734
f 710/710/710 711/711/711 736/736/736
f 710/710/710 736/736/736 735/735/735
f 711/711/711 712/712/712 737/737/737
f 711/711/711 737/737/737 736/736/736
f 712/712/712 713/713/713 738/738/738
f 712/712/712 738/738/738 737/737/737
f 713/713/713 714/714/714 739/739/739
f 713/713/713 739/739/739 738/738/738
f 714/714/714 715/715/715 740/740/740
f 714/714/714 740/740/740 739/739/739
f 715/715/715 716/716/716 741/741/741
f 715/715/715 741/741/741 740/740/740
f 716/716/716 717/717/717 742/742/742
f 716/716/716 742/742/742 741/741/741
f 717/717/717 718/718/718 743/743/743
f 717/717/717 743/743/743 742/742/742
f 718/718/718 719/719/719 744/744/744
f 718/718/718 744/744/744 743/743/743
f 719/719/719 720/720/720 745/745/745
f 719/719/719 745/745/745 744/744/744
f 720/720/720 721/721/721 746/746/746
f 720/720/720 746/746/746 745/745/745
f 721/721/721 722/722/722 747/747/747
f 721/721/721 747/747/747 746/746/746
f 722/722/722 723/723/723 748/748/748
f 722/722/722 748/748/748 747/747/747
f 723/723/723 724/724/724 749/749/749
f 723/723/723 749/749/749 748/748/748
f 724/724/724 725/725/725 750/750/750
f 724/724/724 750/750/750 749/749/749
f 726/726/726 727/727/727 752/752/752
f 726/726/726 752/752/752 751/751/751
f 727/727/727 728/728/728 753/753/753
f 727/727/727 753/753/753 752/752/752
f 728/728/728 729/729/729 754/754/754
f 728/728/728 754/754/754 753/753/753
f 729/729/729 730/730/730 755/755/755
f 729/729/729 755/755/755 754/754/754
f 730/730/730 731/731/731 756/756/756
f 730/730/730 756/756/756 755/755/755
f 731/731/731 732/732/732 757/757/757
f 731/731/731 757/757/757 756/756/756
f 732/732/732 733/733/733 758/758/758
f 732/732/732 758/758/758 757/757/757
f 733/733/733 734/734/734 759/759/759
f 733/733/733 759/759/759 758/758/758
f 734/734/734 735/735/735 760/760/760
f 734/734/734 760/760/760 759/759/759
f 735/735/735 736/736/736 761/761/761
f 735/735/735 761/761/761 760/760/760
f 736/736/736 737/737/737 762/762/762
f 736/736/736 762/762/762 761/761/761
f 737/737/737 738/738/738 763/763/763
f 737/737/737 763/763/763 762/762/762
f 738/738/738 739/739/739 764/764/764
f 738/738/738 764/764/764 763/763/763
f 739/739/739 740/740/740 765/765/765
f 739/739/739 765/765/765 764/764/764
f 740/740/740 741/741/741 766/766/766
f 740/740/740 766/766/766 765/765/765
f 741/741/741 742/742/742 767/767/767
f 741/741/741 767/767/767 766/766/766
f 742/742/742 743/743/743 768/768/768
f 742/742/742 768/768/768 767/767/767
f 743/743/743 744/744/744 769/769/769
f 743/743/743 769/769/769 768/768/768
f 744/744/744 745/745/745 770/770/770
f 744/744/744 770/770/770 769/769/769
f 745/745/745 746/746/746 771/771/771
f 745/745/745 771/771/771 770/770/770
f 746/746/746 747/747/747 772/772/772
f 746/746/746 772/772/772 771/771/771
f 747/747/747 748/748/748 773/773/773
f 747/747/747 773/773/773 772/772/772
f 748/748/748 749/749/749 774/774/774
f 748/748/748 774/774/774 773/773/773
f 749/749/749 750/750/750 775/775/775
f 749/749/749 775/775/775 774/774/774
f 751/751/751 752/752/752 777/777/777
f 751/751/751 777/777/777 776/776/776
f 752/752/752 753/753/753 778/778/778
f 752/752/752 778/778/778 777/777/777
f 753/753/753 754/754/754 779/779/779
f 753/753/753 779/779/779 778/778/778
f 754/754/754 755/755/755 780/780/780
f 754/754/754 780/780/780 779/779/779
f 755/755/755 756/756/756 781/781/781
f 755/755/755 781/781/781 780/780/780
f 756/756/756 757/757/757 782/782/782
f 756/756/756 782/782/782 781/781/781
f 757/757/757 758/758/758 783/783/783
f 757/757/757 783/783/783 782/782/782
f 758/758/758 759/759/759 784/784/784
f 758/758/758 784/784/784 783/783/783
f 759/759/759 760/760/760 785/785/785
f 759/759/759 785/785/785 784/784/784
f 760/760/760 761/761/761 786/786/786
f 760/760/760 786/786/786 785/785/785
f 761/761/761 762/762/762 787/787/787
f 761/761/761 787/787/787 786/786/786
f 762/762/762 763/763/763 788/788/788
f 762/762/762 788/788/788 787/787/787
f 763/763/763 764/764/764 789/789/789
f 763/763/763 789/789/789 788/788/788
f 764/764/764 765/765/765 790/790/790
f 764/764/764 790/790/790 789/789/789
f 765/765/765 766/766/766 791/791/791
f 765/765/765 791/791/791 790/790/790
f 766/766/766 767/767/767 792/792/792
f 766/766/766 792/792/792 791/791/791
f 767/767/767 768/768/768 793/793/793
f 767/767/767 793/793/793 792/792/792
f 768/768/768 769/769/769 794/794/794
f 768/768/768 794/794/794 793/793/793
f 769/769/769 770/770/770 795/795/795
f 769/769/769 795/795/795 794/794/794
f 770/770/770 771/771/771 796/796/796
f 770/770/770 796/796/796 795/795/795
f 771/771/771 772/772/772 797/797/797
f 771/771/771 797/797/797 796/796/796
f 772/772/772 773/773/773 798/798/798
f 772/772/772 798/798/798 797/797/797
f 773/773/773 774/774/774 799/799/799
f 773/773/773 799/799/799 798/798/798
f 774/774/774 775/775/775 800/800/800
f 774/774/774 800/800/800 799/799/799
f 776/776/776 777/777/777 802/802/802
f 776/776/776 802/802/802 801/801/801
f 777/777/777 778/778/778 803/803/803
f 777/777/777 803/803/803 802/802/802
f 778/778/778 779/779/779 804/804/804
f 778/778/778 804/804/804 803/803/803
f 779/779/779 780/780/780 805/805/805
f 779/779/779 805/805/805 804/804/804
f 780/780/780 781/781/781 806/806/806
f 780/780/780 806/806/806 805/805/805
f 781/781/781 782/782/782 807/807/807
f 781/781/781 807/807/807 806/806/806
f 782/782/782 783/783/783 808/808/808
f 782/782/782 808/808/808 807/807/807
f 783/783/783 784/784/784 809/809/809
f 783/783/783 809/809/809 808/808/808
f 784/784/784 785/785/785 810/810/810
f 784/784/784 810/810/810 809/809/809
f 785/785/785 786/786/786 811/811/811
f 785/785/785 811/811/811 810/810/810
f 786/786/786 787/787/787 812/812/812
f 786/786/786 812/812/812 811/811/811
f 787/787/787 788/788/788 813/813/813
f 787/787/787 813/813/813 812/812/812
f 788/788/788 789/789/789 814/814/814
f 788/788/788 814/814/814 813/813/813
f 789/789/789 790/790/790 815/815/815
f 789/789/789 815/815/815 814/814/814
f 790/790/790 791/791/791 816/816/816
f 790/790/790 816/816/816 815/815/815
f 791/791/791 792/792/792 817/817/817
f 791/791/791 817/817/817 816/816/816
f 792/792/792 793/793/793 818/818/818
f 792/792/792 818/818/818 817/817/817
f 793/793/793 794/794/794 819/819/819
f 793/793/793 819/819/819 818/818/818
f 794/794/794 795/795/795 820/820/820
f 794/794/794 820/820/820 819/819/819
f 795/795/795 796/796/796 821/821/821
f 795/795/795 821/821/821 820/820/820
f 796/796/796 797/797/797 822/822/822
f 796/796/796 822/822/822 821/821/821
f 797/797/797 798/798/798 823/823/823
f 797/797/797 823/823/823 822/822/822
f 798/798/798 799/799/799 824/824/824
f 798/798/798 824/824/824 823/823/823
f 799/799/799 800/800/800 825/825/825
f 799/799/799 825/825/825 824/824/824
f 801/801/801 802/802/802 827/827/827
f 801/801/801 827/827/827 826/826/826
f 802/802/802 803/803/803 828/828/828
f 802/802/802 828/828/828 827/827/827
f 803/803/803 804/804/804 829/829/829
f 803/803/803 829/829/829 828/828/828
f 804/804/804 805/805/805 830/830/830
f 804/804/804 830/830/830 829/829/829
f 805/805/805 806/806/806 831/831/831
f 805/805/805 831/831/831 830/830/830
f 806/806/806 807/807/807 832/832/832
f 806/806/806 832/832/832 831/831/831
f 807/807/807 808/808/808 833/833/833
f 807/807/807 833/833/833 832/832/832
f 808/808/808 809/809/809 834/834/834
f 808/808/808 834/834/834 833/833/833
f 809/809/809 810/810/810 835/835/835
f 809/809/809 835/835/835 834/834/834
f 810/810/810 811/811/811 836/836/836
f 810/810/810 836/836/836 835/835/835
f 811/811/811 812/812/812 837/837/837
f 811/811/811 837/837/837 836/836/836
f 812/812/812 813/813/813 838/838/838
f 812/812/812 838/838/838 837/837/837
f 813/813/813 814/814/814 839/839/839
f 813/813/813 839/839/839 838/838/838
f 814/814/814 815/815/815 840/840/840
f 814/814/814 840/840/840 839/839/839
f 815/815/815 816/816/816 841/841/841
f 815/815/815 841/841/841 840/840/840
f 816/816/816 817/817/817 842/842/842
f 816/816/816 842/842/842 841/841/841
f 817/817/817 818/818/818 843/843/843
f 817/817/817 843/843/843 842/842/842
f 818/818/818 819/819/819 844/844/844
f 818/818/818 844/844/844 843/843/843
f 819/819/819 820/820/820 845/845/845
f 819/819/819 845/845/845 844/844/844
f 820/820/820 821/821/821 846/846/846
f 820/820/820 846/846/846 845/845/845
f 821/821/821 822/822/822 847/847/847
f 821/821/821 847/847/847 846/846/846
f 822/822/822 823/823/823 848/848/848
f 822/822/822 848/848/848 847/847/847
f 823/823/823 824/824/824 849/849/849
f 823/823/823 849/849/849 848/848/848
f 824/824/824 825/825/825 850/850/850
f 824/824/824 850/850/850 849/849/849
f 826/826/826 827/827/827 852/852/852
f 826/826/826 852/852/852 851/851/851
f 827/827/827 828/828/828 853/853/853
f 827/827/827 853/853/853 852/852/852
f 828/828/828 829/829/829 854/854/854
f 828/828/828 854/854/854 853/853/853
f 829/829/829 830/830/830 855/855/855
f 829/829/829 855/855/855 854/854/854
f 830/830/830 831/831/831 856/856/856
f 830/830/830 856/856/856 855/855/855
f 831/831/831 832/832/832 857/857/857
f 831/831/831 857/857/857 856/856/856
f 832/832/832 833/833/833 858/858/858
f 832/832/832 858/858/858 857/857/857
f 833/833/833 834/834/834 859/859/859
f 833/833/833 859/859/859 858/858/858
f 834/834/834 835/835/835 860/860/860
f 834/834/834 860/860/860 859/859/859
f 835/835/835 836/836/836 861/861/861
f 835/835/835 861/861/861 860/860/860
f 836/836/836 837/837/837 862/862/862
f 836/836/836 862/862/862 861/861/861
f 837/837/837 838/838/838 863/863/863
f 837/837/837 863/863/863 862/862/862
f 838/838/838 839/839/839 864/864/864
f 838/838/838 864/864/864 863/863/863
f 839/839/839 840/840/840 865/865/865
f 839/839/839 865/865/865 864/864/864
f 840/840/840 841/841/841 866/866/866
f 840/840/840 866/866/866 865/865/865
f 841/841/841 842/842/842 867/867/867
f 841/841/841 867/867/867 866/866/866
f 842/842/842 843/843/843 868/868/868
f 842/842/842 868/868/868 867/867/867
f 843/843/843 844/844/844 869/869/869
f 843/843/843 869/869/869 868/868/868
f 844/844/844 845/845/845 870/870/870
f 844/844/844 870/870/870 869/869/869
f 845/845/845 846/846/846 871/871/871
f 845/845/845 871/871/871 870/870/870
f 846/846/846 847/847/847 872/872/872
f 846/846/846 872/872/872 871/871/871
f 847/847/847 848/848/848 873/873/873
f 847/847/847 873/873/873 872/872/872
f 848/848/848 849/849/849 874/874/874
f 848/848/848 874/874/874 873/873/873
f 849/849/849 850/850/850 875/875/875
f 849/849/849 875/875/875 874/874/874
f 851/851/851 852/852/852 877/877/877
f 851/851/851 877/877/877 876/876/876
f 852/852/852 853/853/853 878/878/878
f 852/852/852 878/878/878 877/877/877
f 853/853/853 854/854/854 879/879/879
f 853/853/853 879/879/879 878/878/878
f 854/854/854 855/855/855 880/880/880
f 854/854/854 880/880/880 879/879/879
f 855/855/855 856/856/856 881/881/881
f 855/855/855 881/881/881 880/880/880
f 856/856/856 857/857/857 882/882/882
f 856/856/856 882/882/882 881/881/881
f 857/857/857 858/858/858 883/883/883
f 857/857/857 883/883/883 882/882/882
f 858/858/858 859/859/859 884/884/884
f 858/858/858 884/884/884 883/883/883
f 859/859/859 860/860/860 885/885/885
f 859/859/859 885/885/885 884/884/884
f 860/860/860 861/861/861 886/886/886
f 860/860/860 886/886/886 885/885/885
f 861/861/861 862/862/862 887/887/887
f 861/861/861 887/887/887 886/886/886
f 862/862/862 863/863/863 888/888/888
f 862/862/862 888/888/888 887/887/887
f 863/863/863 864/864/864 889/889/889
f 863/863/863 889/889/889 888/888/888
f 864/864/864 865/865/865 890/890/890
f 864/864/864 890/890/890 889/889/889
f 865/865/865 866/866/866 891/891/891
f 865/865/865 891/891/891 890/890/890
f 866/866/866 867/867/867 892/892/892
f 866/866/866 892/892/892 891/891/891
f 867/867/867 868/868/868 893/893/893
f 867/867/867 893/893/893 892/892/892
f 868/868/868 869/869/869 894/894/894
f 868/868/868 894/894/894 893/893/893
f 869/869/869 870/870/870 895/895/895
f 869/869/869 895/895/895 894/894/894
f 870/870/870 871/871/871 896/896/896
f 870/870/870 896/896/896 895/895/895
f 871/871/871 872/872/872 897/897/897
f 871/871/871 897/897/897 896/896/896
f 872/872/872 873/873/873 898/898/898
f 872/872/872 898/898/898 897/897/897
f 873/873/873 874/874/874 899/899/899
f 873/873/873 899/899/899 898/898/898
f 874/874/874 875/875/875 900/900/900
f 874/874/874 900/900/900 899/899/899
f 876/876/876 877/877/877 902/902/902
f 876/876/876 902/902/902 901/901/901
f 877/877/877 878/878/878 903/903/903
f 877/877/877 903/903/903 902/902/902
f 878/878/878 879/879/879 904/904/904
f 878/878/878 904/904/904 903/903/903
f 879/879/879 880/880/880 905/905/905
f 879/879/879 905/905/905 904/904/904
f 880/880/880 881/881/881 906/906/906
f 880/880/880 906/906/906 905/905/905
f 881/881/881 882/882/882 907/907/907
f 881/881/881 907/907/907 906/906/906
f 882/882/882 883/883/883 908/908/908
f 882/882/882 908/908/908 907/907/907
f 883/883/883 884/884/884 909/909/909
f 883/883/883 909/909/909 908/908/908
f 884/884/884 885/885/885 910/910/910
f 884/884/884 910/910/910 909/909/909
f 885/885/885 886/886/886 911/911/911
f 885/885/885 911/911/911 910/910/910
f 886/886/886 887/887/887 912/912/912
f 886/886/886 912/912/912 911/911/911
f 887/887/887 888/888/888 913/913/913
f 887/887/887 913/913/913 912/912/912
f 888/888/888 889/889/889 914/914/914
f 888/888/888 914/914/914 913/913/913
f 889/889/889 890/890/890 915/915/915
f 889/889/889 915/915/915 914/914/914
f 890/890/890 891/891/891 916/916/916
f 890/890/890 916/916/916 915/915/915
f 891/891/891 892/892/892 917/917/917
f 891/891/891 917/917/917 916/916/916
f 892/892/892 893/893/893 918/918/918
f 892/892/892 918/918/918 917/917/917
f 893/893/893 894/894/894 919/919/919
f 893/893/893 919/919/919 918/918/918
f 894/894/894 895/895/895 920/920/920
f 894/894/894 920/920/920 919/919/919
f 895/895/895 896/896/896 921/921/921
f 895/895/895 921/921/921 920/920/920
f 896/896/896 897/897/897 922/922/922
f 896/896/896 922/922/922 921/921/921
f 897/897/897 898/898/898 923/923/923
f 897/897/897 923/923/923 922/922/922
f 898/898/898 899/899/899 924/924/924
f 898/898/898 924/924/924 923/923/923
f 899/899/899 900/900/900 925/925/925
f 899/899/899 925/925/925 924/924/924
f 926/926/926 2/2/2 1/1/1
f 926/926/926 3/3/3 2/2/2
f 926/926/926 4/4/4 3/3/3
f 926/926/926 5/5/5 4/4/4
f 926/926/926 6/6/6 5/5/5
f 926/926/926 7/7/7 6/6/6
f 926/926/926 8/8/8 7/7/7
f 926/926/926 9/9/9 8/8/8
f 926/926/926 10/10/10 9/9/9
f 926/926/926 11/11/11 10/10/10
f 926/926/926 12/12/12 11/11/11
f 926/926/926 13/13/13 12/12/12
f 926/926/926 14/14/14 13/13/13
f 926/926/926 15/15/15 14/14/14
f 926/926/926 16/16/16 15/15/15
f 926/926/926 17/17/17 16/16/16
f 926/926/926 18/18/18 17/17/17
f 926/926/926 19/19/19 18/18/18
f 926/926/926 20/20/20 19/19/19
f 926/926/926 21/21/21 20/20/20
f 926/926/926 22/22/22 21/21/21
f 926/926/926 23/23/23 22/22/22
f 926/926/926 24/24/24 23/23/23
f 926/926/926 25/25/25 24/24/24
f 927/927/927 901/901/901 902/902/902
f 927/927/927 902/902/902 903/903/903
f 927/927/927 903/903/903 904/904/904
f 927/927/927 904/904/904 905/905/905
f 927/927/927 905/905/905 906/906/906
f 927/927/927 906/906/906 907/907/907
f 927/927/927 907/907/907 908/908/908
f 927/927/927 908/908/908 909/909/909
f 927/927/927 909/909/909 910/910/910
f 927/927/927 910/910/910 911/911/911
f 927/927/927 911/911/911 912/912/912
f 927/927/927 912/912/912 913/913/913
f 927/927/927 913/913/913 914/914/914
f 927/927/927 914/914/914 915/915/915
f 927/927/927 915/915/915 916/916/916
f 927/927/927 916/916/916 917/917/917
f 927/927/927 917/917/917 918/918/918
f 927/927/927 918/918/918 919/919/919
f 927/927/927 919/919/919 920/920/920
f 927/927/927 920/920/920 921/921/921
f 927/927/927 921/921/921 922/922/922
f 927/927/927 922/922/922 923/923/923
f 927/927/927 923/923/923 924/924/924
f 927/927/927 924/924/924 925/925/925
o Eel_head
v 20.420225 3.839341 -4.291971
v 22.123196 3.912364 -4.291971
v 22.039847 3.912364 -4.516743
v 21.797958 3.912364 -4.719513
v 21.421206 3.912364 -4.880432
v 20.946472 3.912364 -4.983749
v 20.420225 3.912364 -5.019349
v 19.893978 3.912364 -4.983749
v 19.419244 3.912364 -4.880432
v 19.042493 3.912364 -4.719513
v 18.800603 3.912364 -4.516743
v 18.717254 3.912364 -4.291971
v 18.800603 3.912364 -4.067199
v 19.042493 3.912364 -3.864429
v 19.419244 3.912364 -3.703510
v 19.893978 3.912364 -3.600194
v 20.420225 3.912364 -3.564593
v 20.946472 3.912364 -3.600194
v 21.421206 3.912364 -3.703510
v 21.797958 3.912364 -3.864429
v 22.039847 3.912364 -4.067199
v 22.123196 3.912364 -4.291971
v 23.710113 4.126457 -4.291971
v 23.549094 4.126457 -4.726198
v 23.081800 4.126457 -5.117919
v 22.353972 4.126457 -5.428791
v 21.436856 4.126457 -5.628383
v 20.420225 4.126457 -5.697157
v 19.403594 4.126457 -5.628383
v 18.486478 4.126457 -5.428791
v 17.758650 4.126457 -5.117919
v 17.291356 4.126457 -4.726198
v 17.130338 4.126457 -4.291971
v 17.291356 4.126457 -3.857745
v 17.758650 4.126457 -3.466024
v 18.486478 4.126457 -3.155152
v 19.403594 4.126457 -2.955560
v 20.420225 4.126457 -2.886785
v 21.436856 4.126457 -2.955560
v 22.353972 4.126457 -3.155152
v 23.081800 4.126457 -3.466024
v 23.549094 4.126457 -3.857745
v 23.710113 4.126457 -4.291971
v 25.072829 4.467029 -4.291971
v 24.845114 4.467029 -4.906060
v 24.184260 4.467029 -5.460038
v 23.154957 4.467029 -5.899677
v 21.857959 4.467029 -6.181943
v 20.420225 4.467029 -6.279205
v 18.982491 4.467029 -6.181943
v 17.685493 4.467029 -5.899677
v 16.656190 4.467029 -5.460038
v 15.995336 4.467029 -4.906060
v 15.767622 4.467029 -4.291971
v 15.995336 4.467029 -3.677882
v 16.656190 4.467029 -3.123905
v 17.685493 4.467029 -2.684266
v 18.982491 4.467029 -2.402000
v 20.420225 4.467029 -2.304738
v 21.857959 4.467029 -2.402000
v 23.154957 4.467029 -2.684266
v 24.184260 4.467029 -3.123905
v 24.845114 4.467029 -3.677882
v 25.072829 4.467029 -4.291971
v 26.118477 4.910872 -4.291971
v 25.839585 4.910872 -5.044073
v 25.030208 4.910872 -5.722555
v 23.769574 4.910872 -6.261000
v 22.181082 4.910872 -6.606704
v 20.420225 4.910872 -6.725825
v 18.659368 4.910872 -6.606704
v 17.070876 4.910872 -6.261000
v 15.810242 4.910872 -5.722555
v 15.000865 4.910872 -5.044073
v 14.721973 4.910872 -4.291971
v 15.000865 4.910872 -3.539869
v 15.810242 4.910872 -2.861388
v 17.070876 4.910872 -2.322942
v 18.659368 4.910872 -1.977239
v 20.420225 4.910872 -1.858117
v 22.181082 4.910872 -1.977239
v 23.769574 4.910872 -2.322942
v 25.030208 4.910872 -2.861388
v 25.839585 4.910872 -3.539869
v 26.118477 4.910872 -4.291971
v 26.775800 5.427737 -4.291971
v 26.464736 5.427737 -5.130832
v 25.561993 5.427737 -5.887580
v 24.155938 5.427737 -6.488138
v 22.384206 5.427737 -6.873720
v 20.420225 5.427737 -7.006583
v 18.456244 5.427737 -6.873720
v 16.684512 5.427737 -6.488138
v 15.278457 5.427737 -5.887580
v 14.375714 5.427737 -5.130832
v 14.064650 5.427737 -4.291971
v 14.375714 5.427737 -3.453110
v 15.278457 5.427737 -2.696363
v 16.684512 5.427737 -2.095805
v 18.456244 5.427737 -1.710223
v 20.420225 5.427737 -1.577360
v 22.384206 5.427737 -1.710223
v 24.155938 5.427737 -2.095805
v 25.561993 5.427737 -2.696363
v 26.464736 5.427737 -3.453110
v 26.775800 5.427737 -4.291971
v 27.000000 5.982402 -4.291971
v 26.677963 5.982402 -5.160424
v 25.743375 5.982402 -5.943867
v 24.287720 5.982402 -6.565610
v 22.453487 5.982402 -6.964794
v 20.420225 5.982402 -7.102344
v 18.386963 5.982402 -6.964794
v 16.552730 5.982402 -6.565610
v 15.097075 5.982402 -5.943867
v 14.162487 5.982402 -5.160424
v 13.840450 5.982402 -4.291971
v 14.162487 5.982402 -3.423519
v 15.097075 5.982402 -2.640076
v 16.552730 5.982402 -2.018332
v 18.386963 5.982402 -1.619148
v 20.420225 5.982402 -1.481599
v 22.453487 5.982402 -1.619148
v 24.287720 5.982402 -2.018332
v 25.743375 5.982402 -2.640076
v 26.677963 5.982402 -3.423519
v 27.000000 5.982402 -4.291971
v 26.775800 6.537067 -4.291971
v 26.464736 6.537067 -5.130832
v 25.561993 6.537067 -5.887580
v 24.155938 6.537067 -6.488138
v 22.384206 6.537067 -6.873720
v 20.420225 6.537067 -7.006583
v 18.456244 6.537067 -6.873720
v 16.684512 6.537067 -6.488138
v 15.278457 6.537067 -5.887580
v 14.375714 6.537067 -5.130832
v 14.064650 6.537067 -4.291971
v 14.375714 6.537067 -3.453110
v 15.278457 6.537067 -2.696363
v 16.684512 6.537067 -2.095805
v 18.456244 6.537067 -1.710223
v 20.420225 6.537067 -1.577360
v 22.384206 6.537067 -1.710223
v 24.155938 6.537067 -2.095805
v 25.561993 6.537067 -2.696363
v 26.464736 6.537067 -3.453110
v 26.775800 6.537067 -4.291971
v 26.118477 7.053933 -4.291971
v 25.839585 7.053933 -5.044073
v 25.030208 7.053933 -5.722555
v 23.769574 7.053933 -6.261000
v 22.181082 7.053933 -6.606704
v 20.420225 7.053933 -6.725825
v 18.659368 7.053933 -6.606704
v 17.070876 7.053933 -6.261000
v 15.810242 7.053933 -5.722555
v 15.000865 7.053933 -5.044073
v 14.721973 7.053933 -4.291971
v 15.000865 7.053933 -3.539869
v 15.810242 7.053933 -2.861388
v 17.070876 7.053933 -2.322942
v 18.659368 7.053933 -1.977239
v 20.420225 7.053933 -1.858117
v 22.181082 7.053933 -1.977239
v 23.769574 7.053933 -2.322942
v 25.030208 7.053933 -2.861388
v 25.839585 7.053933 -3.539869
v 26.118477 7.053933 -4.291971
v 25.072829 7.497775 -4.291971
v 24.845114 7.497775 -4.906060
v 24.184260 7.497775 -5.460038
v 23.154957 7.497775 -5.899677
v 21.857959 7.497775 -6.181943
v 20.420225 7.497775 -6.279205
v 18.982491 7.497775 -6.181943
v 17.685493 7.497775 -5.899677
v 16.656190 7.497775 -5.460038
v 15.995336 7.497775 -4.906060
v 15.767622 7.497775 -4.291971
v 15.995336 7.497775 -3.677882
v 16.656190 7.497775 -3.123905
v 17.685493 7.497775 -2.684266
v 18.982491 7.497775 -2.402000
v 20.420225 7.497775 -2.304738
v 21.857959 7.497775 -2.402000
v 23.154957 7.497775 -2.684266
v 24.184260 7.497775 -3.123905
v 24.845114 7.497775 -3.677882
v 25.072829 7.497775 -4.291971
v 23.710113 7.838348 -4.291971
v 23.549094 7.838348 -4.726198
v 23.081800 7.838348 -5.117919
v 22.353972 7.838348 -5.428791
v 21.436856 7.838348 -5.628383
v 20.420225 7.838348 -5.697157
v 19.403594 7.838348 -5.628383
v 18.486478 7.838348 -5.428791
v 17.758650 7.838348 -5.117919
v 17.291356 7.838348 -4.726198
v 17.130338 7.838348 -4.291971
v 17.291356 7.838348 -3.857745
v 17.758650 7.838348 -3.466024
v 18.486478 7.838348 -3.155152
v 19.403594 7.838348 -2.955560
v 20.420225 7.838348 -2.886785
v 21.436856 7.838348 -2.955560
v 22.353972 7.838348 -3.155152
v 23.081800 7.838348 -3.466024
v 23.549094 7.838348 -3.857745
v 23.710113 7.838348 -4.291971
v 22.123196 8.052440 -4.291971
v 22.039847 8.052440 -4.516743
v 21.797958 8.052440 -4.719513
v 21.421206 8.052440 -4.880432
v 20.946472 8.052440 -4.983749
v 20.420225 8.052440 -5.019349
v 19.893978 8.052440 -4.983749
v 19.419244 8.052440 -4.880432
v 19.042493 8.052440 -4.719513
v 18.800603 8.052440 -4.516743
v 18.717254 8.052440 -4.291971
v 18.800603 8.052440 -4.067199
v 19.042493 8.052440 -3.864429
v 19.419244 8.052440 -3.703510
v 19.893978 8.052440 -3.600194
v 20.420225 8.052440 -3.564593
v 20.946472 8.052440 -3.600194
v 21.421206 8.052440 -3.703510
v 21.797958 8.052440 -3.864429
v 22.039847 8.052440 -4.067199
v 22.123196 8.052440 -4.291971
v 20.420225 8.125463 -4.291971
vt 0.5000000 0.6996875
vt 0.0865625 0.8056375
vt 0.1279062 0.8056375
vt 0.1692500 0.8056375
vt 0.2105938 0.8056375
vt 0.2519375 0.8056375
vt 0.2932813 0.8056375
vt 0.3346250 0.8056375
vt 0.3759688 0.8056375
vt 0.4173125 0.8056375
vt 0.4586563 0.8056375
vt 0.5000000 0.8056375
vt 0.5413438 0.8056375
vt 0.5826875 0.8056375
vt 0.6240313 0.8056375
vt 0.6653750 0.8056375
vt 0.7067187 0.8056375
vt 0.7480625 0.8056375
vt 0.7894062 0.8056375
vt 0.8307500 0.8056375
vt 0.8720937 0.8056375
vt 0.9134375 0.8056375
vt 0.0865625 0.7946797
vt 0.1279062 0.7946797
vt 0.1692500 0.7946797
vt 0.2105938 0.7946797
vt 0.2519375 0.7946797
vt 0.2932813 0.7946797
vt 0.3346250 0.7946797
vt 0.3759688 0.7946797
vt 0.4173125 0.7946797
vt 0.4586563 0.7946797
vt 0.5000000 0.7946797
vt 0.5413438 0.7946797
vt 0.5826875 0.7946797
vt 0.6240313 0.7946797
vt 0.6653750 0.7946797
vt 0.7067187 0.7946797
vt 0.7480625 0.7946797
vt 0.7894062 0.7946797
vt 0.8307500 0.7946797
vt 0.8720937 0.7946797
vt 0.9134375 0.7946797
vt 0.0865625 0.7772483
vt 0.1279062 0.7772483
vt 0.1692500 0.7772483
vt 0.2105938 0.7772483
vt 0.2519375 0.7772483
vt 0.2932813 0.7772483
vt 0.3346250 0.7772483
vt 0.3759688 0.7772483
vt 0.4173125 0.7772483
vt 0.4586563 0.7772483
vt 0.5000000 0.7772483
vt 0.5413438 0.7772483
vt 0.5826875 0.7772483
vt 0.6240313 0.7772483
vt 0.6653750 0.7772483
vt 0.7067187 0.7772483
vt 0.7480625 0.7772483
vt 0.7894062 0.7772483
vt 0.8307500 0.7772483
vt 0.8720937 0.7772483
vt 0.9134375 0.7772483
vt 0.0865625 0.7545312
vt 0.1279062 0.7545312
vt 0.1692500 0.7545312
vt 0.2105938 0.7545312
vt 0.2519375 0.7545312
vt 0.2932813 0.7545312
vt 0.3346250 0.7545312
vt 0.3759688 0.7545312
vt 0.4173125 0.7545312
vt 0.4586563 0.7545312
vt 0.5000000 0.7545312
vt 0.5413438 0.7545312
vt 0.5826875 0.7545312
vt 0.6240313 0.7545312
vt 0.6653750 0.7545312
vt 0.7067187 0.7545312
vt 0.7480625 0.7545312
vt 0.7894062 0.7545312
vt 0.8307500 0.7545312
vt 0.8720937 0.7545312
vt 0.9134375 0.7545312
vt 0.0865625 0.7280767
vt 0.1279062 0.7280767
vt 0.1692500 0.7280767
vt 0.2105938 0.7280767
vt 0.2519375 0.7280767
vt 0.2932813 0.7280767
vt 0.3346250 0.7280767
vt 0.3759688 0.7280767
vt 0.4173125 0.7280767
vt 0.4586563 0.7280767
vt 0.5000000 0.7280767
vt 0.5413438 0.7280767
vt 0.5826875 0.7280767
vt 0.6240313 0.7280767
vt 0.6653750 0.7280767
vt 0.7067187 0.7280767
vt 0.7480625 0.7280767
vt 0.7894062 0.7280767
vt 0.8307500 0.7280767
vt 0.8720937 0.7280767
vt 0.9134375 0.7280767
vt 0.0865625 0.6996875
vt 0.1279062 0.6996875
vt 0.1692500 0.6996875
vt 0.2105938 0.6996875
vt 0.2519375 0.6996875
vt 0.2932813 0.6996875
vt 0.3346250 0.6996875
vt 0.3759688 0.6996875
vt 0.4173125 0.6996875
vt 0.4586563 0.6996875
vt 0.5000000 0.6996875
vt 0.5413438 0.6996875
vt 0.5826875 0.6996875
vt 0.6240313 0.6996875
vt 0.6653750 0.6996875
vt 0.7067187 0.6996875
vt 0.7480625 0.6996875
vt 0.7894062 0.6996875
vt 0.8307500 0.6996875
vt 0.8720937 0.6996875
vt 0.9134375 0.6996875
vt 0.0865625 0.6712983
vt 0.1279062 0.6712983
vt 0.1692500 0.6712983
vt 0.2105938 0.6712983
vt 0.2519375 0.6712983
vt 0.2932813 0.6712983
vt 0.3346250 0.6712983
vt 0.3759688 0.6712983
vt 0.4173125 0.6712983
vt 0.4586563 0.6712983
vt 0.5000000 0.6712983
vt 0.5413438 0.6712983
vt 0.5826875 0.6712983
vt 0.6240313 0.6712983
vt 0.6653750 0.6712983
vt 0.7067187 0.6712983
vt 0.7480625 0.6712983
vt 0.7894062 0.6712983
vt 0.8307500 0.6712983
vt 0.8720937 0.6712983
vt 0.9134375 0.6712983
vt 0.0865625 0.6448438
vt 0.1279062 0.6448438
vt 0.1692500 0.6448438
vt 0.2105938 0.6448438
vt 0.2519375 0.6448438
vt 0.2932813 0.6448438
vt 0.3346250 0.6448438
vt 0.3759688 0.6448438
vt 0.4173125 0.6448438
vt 0.4586563 0.6448438
vt 0.5000000 0.6448438
vt 0.5413438 0.6448438
vt 0.5826875 0.6448438
vt 0.6240313 0.6448438
vt 0.6653750 0.6448438
vt 0.7067187 0.6448438
vt 0.7480625 0.6448438
vt 0.7894062 0.6448438
vt 0.8307500 0.6448438
vt 0.8720937 0.6448438
vt 0.9134375 0.6448438
vt 0.0865625 0.6221267
vt 0.1279062 0.6221267
vt 0.1692500 0.6221267
vt 0.2105938 0.6221267
vt 0.2519375 0.6221267
vt 0.2932813 0.6221267
vt 0.3346250 0.6221267
vt 0.3759688 0.6221267
vt 0.4173125 0.6221267
vt 0.4586563 0.6221267
vt 0.5000000 0.6221267
vt 0.5413438 0.6221267
vt 0.5826875 0.6221267
vt 0.6240313 0.6221267
vt 0.6653750 0.6221267
vt 0.7067187 0.6221267
vt 0.7480625 0.6221267
vt 0.7894062 0.6221267
vt 0.8307500 0.6221267
vt 0.8720937 0.6221267
vt 0.9134375 0.6221267
vt 0.0865625 0.6046953
vt 0.1279062 0.6046953
vt 0.1692500 0.6046953
vt 0.2105938 0.6046953
vt 0.2519375 0.6046953
vt 0.2932813 0.6046953
vt 0.3346250 0.6046953
vt 0.3759688 0.6046953
vt 0.4173125 0.6046953
vt 0.4586563 0.6046953
vt 0.5000000 0.6046953
vt 0.5413438 0.6046953
vt 0.5826875 0.6046953
vt 0.6240313 0.6046953
vt 0.6653750 0.6046953
vt 0.7067187 0.6046953
vt 0.7480625 0.6046953
vt 0.7894062 0.6046953
vt 0.8307500 0.6046953
vt 0.8720937 0.6046953
vt 0.9134375 0.6046953
vt 0.0865625 0.5937375
vt 0.1279062 0.5937375
vt 0.1692500 0.5937375
vt 0.2105938 0.5937375
vt 0.2519375 0.5937375
vt 0.2932813 0.5937375
vt 0.3346250 0.5937375
vt 0.3759688 0.5937375
vt 0.4173125 0.5937375
vt 0.4586563 0.5937375
vt 0.5000000 0.5937375
vt 0.5413438 0.5937375
vt 0.5826875 0.5937375
vt 0.6240313 0.5937375
vt 0.6653750 0.5937375
vt 0.7067187 0.5937375
vt 0.7480625 0.5937375
vt 0.7894062 0.5937375
vt 0.8307500 0.5937375
vt 0.8720937 0.5937375
vt 0.9134375 0.5937375
vt 0.5000000 0.6996875
vn 0.0000000 -1.0000000 0.0000000
vn 0.1018680 -0.9946722 -0.0158158
vn 0.0945006 -0.9915863 -0.0884664
vn 0.0777102 -0.9853896 -0.1515533
vn 0.0535291 -0.9785434 -0.1989659
vn 0.0245242 -0.9736300 -0.2268107
vn -0.0066042 -0.9724156 -0.2331615
vn -0.0371664 -0.9753254 -0.2176211
vn -0.0644654 -0.9813330 -0.1811898
vn -0.0858249 -0.9882384 -0.1265664
vn -0.0988409 -0.9933774 -0.0585819
vn -0.1018680 -0.9946722 0.0158158
vn -0.0945006 -0.9915863 0.0884664
vn -0.0777102 -0.9853896 0.1515533
vn -0.0535291 -0.9785434 0.1989659
vn -0.0245242 -0.9736300 0.2268107
vn 0.0066042 -0.9724156 0.2331615
vn 0.0371664 -0.9753254 0.2176211
vn 0.0644654 -0.9813330 0.1811898
vn 0.0858249 -0.9882384 0.1265664
vn 0.0988409 -0.9933774 0.0585819
vn 0.1018680 -0.9946722 -0.0158158
vn 0.1930608 -0.9810628 -0.0155994
vn 0.1798240 -0.9717210 -0.1530413
vn 0.1476834 -0.9514919 -0.2699124
vn 0.1023770 -0.9292277 -0.3550419
vn 0.0496308 -0.9131432 -0.4046062
vn -0.0061682 -0.9082220 -0.4184432
vn -0.0616080 -0.9158356 -0.3967992
vn -0.1131461 -0.9338321 -0.3393458
vn -0.1560870 -0.9564371 -0.2467084
vn -0.1845171 -0.9749673 -0.1240650
vn -0.1930608 -0.9810628 0.0155994
vn -0.1798240 -0.9717210 0.1530413
vn -0.1476834 -0.9514919 0.2699124
vn -0.1023770 -0.9292277 0.3550419
vn -0.0496308 -0.9131432 0.4046062
vn 0.0061682 -0.9082220 0.4184432
vn 0.0616080 -0.9158356 0.3967992
vn 0.1131461 -0.9338321 0.3393458
vn 0.1560870 -0.9564371 0.2467084
vn 0.1845171 -0.9749673 0.1240650
vn 0.1930608 -0.9810628 -0.0155994
vn 0.3161420 -0.9485920 -0.0150831
vn 0.2917416 -0.9265618 -0.2374239
vn 0.2336170 -0.8794719 -0.4146713
vn 0.1583026 -0.8314224 -0.5326135
vn 0.0771037 -0.7987660 -0.5966807
vn -0.0053543 -0.7883843 -0.6151598
vn -0.0877568 -0.8018220 -0.5910839
vn -0.1685669 -0.8370229 -0.5205554
vn -0.2424545 -0.8861086 -0.3950031
vn -0.2971557 -0.9313412 -0.2104805
vn -0.3161420 -0.9485920 0.0150831
vn -0.2917416 -0.9265618 0.2374239
vn -0.2336170 -0.8794719 0.4146713
vn -0.1583026 -0.8314224 0.5326135
vn -0.0771037 -0.7987660 0.5966807
vn 0.0053543 -0.7883843 0.6151598
vn 0.0877568 -0.8018220 0.5910839
vn 0.1685669 -0.8370229 0.5205554
vn 0.2424545 -0.8861086 0.3950031
vn 0.2971557 -0.9313412 0.2104805
vn 0.3161420 -0.9485920 -0.0150831
vn 0.4970397 -0.8676181 -0.0137956
vn 0.4462636 -0.8222404 -0.3532273
vn 0.3375321 -0.7346016 -0.5885852
vn 0.2180540 -0.6583058 -0.7204761
vn 0.1044103 -0.6121254 -0.7838374
vn -0.0040594 -0.5977214 -0.8016936
vn -0.1127516 -0.6144896 -0.7808262
vn -0.2269246 -0.6630883 -0.7133156
vn -0.3465119 -0.7412648 -0.5748530
vn -0.4528636 -0.8279975 -0.3306580
vn -0.4970397 -0.8676181 0.0137956
vn -0.4462636 -0.8222404 0.3532273
vn -0.3375321 -0.7346016 0.5885852
vn -0.2180540 -0.6583058 0.7204761
vn -0.1044103 -0.6121254 0.7838374
vn 0.0040594 -0.5977214 0.8016936
vn 0.1127516 -0.6144896 0.7808262
vn 0.2269246 -0.6630883 0.7133156
vn 0.3465119 -0.7412648 0.5748530
vn 0.4528636 -0.8279975 0.3306580
vn 0.4970397 -0.8676181 -0.0137956
vn 0.7760543 -0.6305864 -0.0100267
vn 0.6546667 -0.5603326 -0.5073843
vn 0.4481928 -0.4519647 -0.7712659
vn 0.2714741 -0.3781582 -0.8850414
vn 0.1269198 -0.3394993 -0.9320041
vn -0.0022268 -0.3278746 -0.9447186
vn -0.1316399 -0.3403641 -0.9310334
vn -0.2770446 -0.3800995 -0.8824799
vn -0.4551253 -0.4552900 -0.7652268
vn -0.6616080 -0.5642466 -0.4938630
vn -0.7760543 -0.6305864 0.0100267
vn -0.6546667 -0.5603326 0.5073843
vn -0.4481928 -0.4519647 0.7712659
vn -0.2714741 -0.3781582 0.8850414
vn -0.1269198 -0.3394993 0.9320041
vn 0.0022268 -0.3278746 0.9447186
vn 0.1316399 -0.3403641 0.9310334
vn 0.2770446 -0.3800995 0.8824799
vn 0.4551253 -0.4552900 0.7652268
vn 0.6616080 -0.5642466 0.4938630
vn 0.7760543 -0.6305864 -0.0100267
vn 1.0000000 -0.0000000 0.0000000
vn 0.7958871 -0.0000000 -0.6054450
vn 0.5067952 -0.0000000 -0.8620665
vn 0.2963801 -0.0000000 -0.9550701
vn 0.1374632 -0.0000000 -0.9905069
vn 0.0000000 -0.0000000 -1.0000000
vn -0.1374632 0.0000000 -0.9905069
vn -0.2963801 0.0000000 -0.9550701
vn -0.5067952 0.0000000 -0.8620665
vn -0.7958871 0.0000000 -0.6054450
vn -1.0000000 -0.0000000 -0.0000000
vn -0.7958871 -0.0000000 0.6054450
vn -0.5067952 0.0000000 0.8620665
vn -0.2963801 -0.0000000 0.9550701
vn -0.1374632 -0.0000000 0.9905069
vn -0.0000000 0.0000000 1.0000000
vn 0.1374632 -0.0000000 0.9905069
vn 0.2963801 0.0000000 0.9550701
vn 0.5067952 -0.0000000 0.8620665
vn 0.7958871 0.0000000 0.6054450
vn 1.0000000 -0.0000000 0.0000000
vn 0.7760543 0.6305864 0.0100267
vn 0.6616080 0.5642466 -0.4938630
vn 0.4551253 0.4552900 -0.7652268
vn 0.2770446 0.3800995 -0.8824799
vn 0.1316399 0.3403641 -0.9310334
vn 0.0022268 0.3278746 -0.9447186
vn -0.1269198 0.3394993 -0.9320041
vn -0.2714741 0.3781582 -0.8850414
vn -0.4481928 0.4519647 -0.7712659
vn -0.6546667 0.5603326 -0.5073843
vn -0.7760543 0.6305864 -0.0100267
vn -0.6616080 0.5642466 0.4938630
vn -0.4551253 0.4552900 0.7652268
vn -0.2770446 0.3800995 0.8824799
vn -0.1316399 0.3403641 0.9310334
vn -0.0022268 0.3278746 0.9447186
vn 0.1269198 0.3394993 0.9320041
vn 0.2714741 0.3781582 0.8850414
vn 0.4481928 0.4519647 0.7712659
vn 0.6546667 0.5603326 0.5073843
vn 0.7760543 0.6305864 0.0100267
vn 0.4970397 0.8676181 0.0137956
vn 0.4528636 0.8279975 -0.3306580
vn 0.3465119 0.7412648 -0.5748530
vn 0.2269246 0.6630883 -0.7133156
vn 0.1127516 0.6144896 -0.7808262
vn 0.0040594 0.5977214 -0.8016936
vn -0.1044103 0.6121254 -0.7838374
vn -0.2180540 0.6583058 -0.7204761
vn -0.3375321 0.7346016 -0.5885852
vn -0.4462636 0.8222404 -0.3532273
vn -0.4970397 0.8676181 -0.0137956
vn -0.4528636 0.8279975 0.3306580
vn -0.3465119 0.7412648 0.5748530
vn -0.2269246 0.6630883 0.7133156
vn -0.1127516 0.6144896 0.7808262
vn -0.0040594 0.5977214 0.8016936
vn 0.1044103 0.6121254 0.7838374
vn 0.2180540 0.6583058 0.7204761
vn 0.3375321 0.7346016 0.5885852
vn 0.4462636 0.8222404 0.3532273
vn 0.4970397 0.8676181 0.0137956
vn 0.3161420 0.9485920 0.0150831
vn 0.2971557 0.9313412 -0.2104805
vn 0.2424545 0.8861086 -0.3950031
vn 0.1685669 0.8370229 -0.5205554
vn 0.0877568 0.8018220 -0.5910839
vn 0.0053543 0.7883843 -0.6151598
vn -0.0771037 0.7987660 -0.5966807
vn -0.1583026 0.8314224 -0.5326135
vn -0.2336170 0.8794719 -0.4146713
vn -0.2917416 0.9265618 -0.2374239
vn -0.3161420 0.9485920 -0.0150831
vn -0.2971557 0.9313412 0.2104805
vn -0.2424545 0.8861086 0.3950031
vn -0.1685669 0.8370229 0.5205554
vn -0.0877568 0.8018220 0.5910839
vn -0.0053543 0.7883843 0.6151598
vn 0.0771037 0.7987660 0.5966807
vn 0.1583026 0.8314224 0.5326135
vn 0.2336170 0.8794719 0.4146713
vn 0.2917416 0.9265618 0.2374239
vn 0.3161420 0.9485920 0.0150831
vn 0.1930608 0.9810628 0.0155994
vn 0.1845171 0.9749673 -0.1240650
vn 0.1560870 0.9564371 -0.2467084
vn 0.1131461 0.9338321 -0.3393458
vn 0.0616080 0.9158356 -0.3967992
vn 0.0061682 0.9082220 -0.4184432
vn -0.0496308 0.9131432 -0.4046062
vn -0.1023770 0.9292277 -0.3550419
vn -0.1476834 0.9514919 -0.2699124
vn -0.1798240 0.9717210 -0.1530413
vn -0.1930608 0.9810628 -0.0155994
vn -0.1845171 0.9749673 0.1240650
vn -0.1560870 0.9564371 0.2467084
vn -0.1131461 0.9338321 0.3393458
vn -0.0616080 0.9158356 0.3967992
vn -0.0061682 0.9082220 0.4184432
vn 0.0496308 0.9131432 0.4046062
vn 0.1023770 0.9292277 0.3550419
vn 0.1476834 0.9514919 0.2699124
vn 0.1798240 0.9717210 0.1530413
vn 0.1930608 0.9810628 0.0155994
vn 0.1018680 0.9946722 0.0158158
vn 0.0988409 0.9933774 -0.0585819
vn 0.0858249 0.9882384 -0.1265664
vn 0.0644654 0.9813330 -0.1811898
vn 0.0371664 0.9753254 -0.2176211
vn 0.0066042 0.9724156 -0.2331615
vn -0.0245242 0.9736300 -0.2268107
vn -0.0535291 0.9785434 -0.1989659
vn -0.0777102 0.9853896 -0.1515533
vn -0.0945006 0.9915863 -0.0884664
vn -0.1018680 0.9946722 -0.0158158
vn -0.0988409 0.9933774 0.0585819
vn -0.0858249 0.9882384 0.1265664
vn -0.0644654 0.9813330 0.1811898
vn -0.0371664 0.9753254 0.2176211
vn -0.0066042 0.9724156 0.2331615
vn 0.0245242 0.9736300 0.2268107
vn 0.0535291 0.9785434 0.1989659
vn 0.0777102 0.9853896 0.1515533
vn 0.0945006 0.9915863 0.0884664
vn 0.1018680 0.9946722 0.0158158
vn -0.0000000 1.0000000 0.0000000
s 1
f 928/928/928 930/930/930 929/929/929
f 928/928/928 931/931/931 930/930/930
f 928/928/928 932/932/932 931/931/931
f 928/928/928 933/933/933 932/932/932
f 928/928/928 934/934/934 933/933/933
f 928/928/928 935/935/935 934/934/934
f 928/928/928 936/936/936 935/935/935
f 928/928/928 937/937/937 936/936/936
f 928/928/928 938/938/938 937/937/937
f 928/928/928 939/939/939 938/938/938
f 928/928/928 940/940/940 939/939/939
f 928/928/928 941/941/941 940/940/940
f 928/928/928 942/942/942 941/941/941
f 928/928/928 943/943/943 942/942/942
f 928/928/928 944/944/944 943/943/943
f 928/928/928 945/945/945 944/944/944
f 928/928/928 946/946/946 945/945/945
f 928/928/928 947/947/947 946/946/946
f 928/928/928 948/948/948 947/947/947
f 928/928/928 949/949/949 948/948/948
f 929/929/929 930/930/930 951/951/951
f 929/929/929 951/951/951 950/950/950
f 930/930/930 931/931/931 952/952/952
f 930/930/930 952/952/952 951/951/951
f 931/931/931 932/932/932 953/953/953
f 931/931/931 953/953/953 952/952/952
f 932/932/932 933/933/933 954/954/954
f 932/932/932 954/954/954 953/953/953
f 933/933/933 934/934/934 955/955/955
f 933/933/933 955/955/955 954/954/954
f 934/934/934 935/935/935 956/956/956
f 934/934/934 956/956/956 955/955/955
f 935/935/935 936/936/936 957/957/957
f 935/935/935 957/957/957 956/956/956
f 936/936/936 937/937/937 958/958/958
f 936/936/936 958/958/958 957/957/957
f 937/937/937 938/938/938 959/959/959
f 937/937/937 959/959/959 958/958/958
f 938/938/938 939/939/939 960/960/960
f 938/938/938 960/960/960 959/959/959
f 939/939/939 940/940/940 961/961/961
f 939/939/939 961/961/961 960/960/960
f 940/940/940 941/941/941 962/962/962
f 940/940/940 962/962/962 961/961/961
f 941/941/941 942/942/942 963/963/963
f 941/941/941 963/963/963 962/962/962
f 942/942/942 943/943/943 964/964/964
f 942/942/942 964/964/964 963/963/963
f 943/943/943 944/944/944 965/965/965
f 943/943/943 965/965/965 964/964/964
f 944/944/944 945/945/945 966/966/966
f 944/944/944 966/966/966 965/965/965
f 945/945/945 946/946/946 967/967/967
f 945/945/945 967/967/967 966/966/966
f 946/946/946 947/947/947 968/968/968
f 946/946/946 968/968/968 967/967/967
f 947/947/947 948/948/948 969/969/969
f 947/947/947 969/969/969 968/968/968
f 948/948/948 949/949/949 970/970/970
f 948/948/948 970/970/970 969/969/969
f 950/950/950 951/951/951 972/972/972
f 950/950/950 972/972/972 971/971/971
f 951/951/951 952/952/952 973/973/973
f 951/951/951 973/973/973 972/972/972
f 952/952/952 953/953/953 974/974/974
f 952/952/952 974/974/974 973/973/973
f 953/953/953 954/954/954 975/975/975
f 953/953/953 975/975/975 974/974/974
f 954/954/954 955/955/955 976/976/976
f 954/954/954 976/976/976 975/975/975
f 955/955/955 956/956/956 977/977/977
f 955/955/955 977/977/977 976/976/976
f 956/956/956 957/957/957 978/978/978
f 956/956/956 978/978/978 977/977/977
f 957/957/957 958/958/958 979/979/979
f 957/957/957 979/979/979 978/978/978
f 958/958/958 959/959/959 980/980/980
f 958/958/958 980/980/980 979/979/979
f 959/959/959 960/960/960 981/981/981
f 959/959/959 981/981/981 980/980/980
f 960/960/960 961/961/961 982/982/982
f 960/960/960 982/982/982 981/981/981
f 961/961/961 962/962/962 983/983/983
f 961/961/961 983/983/983 982/982/982
f 962/962/962 963/963/963 984/984/984
f 962/962/962 984/984/984 983/983/983
f 963/963/963 964/964/964 985/985/985
f 963/963/963 985/985/985 984/984/984
f 964/964/964 965/965/965 986/986/986
f 964/964/964 986/986/986 985/985/985
f 965/965/965 966/966/966 987/987/987
f 965/965/965 987/987/987 986/986/986
f 966/966/966 967/967/967 988/988/988
f 966/966/966 988/988/988 987/987/987
f 967/967/967 968/968/968 989/989/989
f 967/967/967 989/989/989 988/988/988
f 968/968/968 969/969/969 990/990/990
f 968/968/968 990/990/990 989/989/989
f 969/969/969 970/970/970 991/991/991
f 969/969/969 991/991/991 990/990/990
f 971/971/971 972/972/972 993/993/993
f 971/971/971 993/993/993 992/992/992
f 972/972/972 973/973/973 994/994/994
f 972/972/972 994/994/994 993/993/993
f 973/973/973 974/974/974 995/995/995
f 973/973/973 995/995/995 994/994/994
f 974/974/974 975/975/975 996/996/996
f 974/974/974 996/996/996 995/995/995
f 975/975/975 976/976/976 997/997/997
f 975/975/975 997/997/997 996/996/996
f 976/976/976 977/977/977 998/998/998
f 976/976/976 998/998/998 997/997/997
f 977/977/977 978/978/978 999/999/999
f 977/977/977 999/999/999 998/998/998
f 978/978/978 979/979/979 1000/1000/1000
f 978/978/978 1000/1000/1000 999/999/999
f 979/979/979 980/980/980 1001/1001/1001
f 979/979/979 1001/1001/1001 1000/1000/1000
f 980/980/980 981/981/981 1002/1002/1002
f 980/980/980 1002/1002/1002 1001/1001/1001
f 981/981/981 982/982/982 1003/1003/1003
f 981/981/981 1003/1003/1003 1002/1002/1002
f 982/982/982 983/983/983 1004/1004/1004
f 982/982/982 1004/1004/1004 1003/1003/1003
f 983/983/983 984/984/984 1005/1005/1005
f 983/983/983 1005/1005/1005 1004/1004/1004
f 984/984/984 985/985/985 1006/1006/1006
f 984/984/984 1006/1006/1006 1005/1005/1005
f 985/985/985 986/986/986 1007/1007/1007
f 985/985/985 1007/1007/1007 1006/1006/1006
f 986/986/986 987/987/987 1008/1008/1008
f 986/986/986 1008/1008/1008 1007/1007/1007
f 987/987/987 988/988/988 1009/1009/1009
f 987/987/987 1009/1009/1009 1008/1008/1008
f 988/988/988 989/989/989 1010/1010/1010
f 988/988/988 1010/1010/1010 1009/1009/1009
f 989/989/989 990/990/990 1011/1011/1011
f 989/989/989 1011/1011/1011 1010/1010/1010
f 990/990/990 991/991/991 1012/1012/1012
f 990/990/990 1012/1012/1012 1011/1011/1011
f 992/992/992 993/993/993 1014/1014/1014
f 992/992/992 1014/1014/1014 1013/1013/1013
f 993/993/993 994/994/994 1015/1015/1015
f 993/993/993 1015/1015/1015 1014/1014/1014
f 994/994/994 995/995/995 1016/1016/1016
f 994/994/994 1016/1016/1016 1015/1015/1015
f 995/995/995 996/996/996 1017/1017/1017
f 995/995/995 1017/1017/1017 1016/1016/1016
f 996/996/996 997/997/997 1018/1018/1018
f 996/996/996 1018/1018/1018 1017/1017/1017
f 997/997/997 998/998/998 1019/1019/1019
f 997/997/997 1019/1019/1019 1018/1018/1018
f 998/998/998 999/999/999 1020/1020/1020
f 998/998/998 1020/1020/1020 1019/1019/1019
f 999/999/999 1000/1000/1000 1021/1021/1021
f 999/999/999 1021/1021/1021 1020/1020/1020
f 1000/1000/1000 1001/1001/1001 1022/1022/1022
f 1000/1000/1000 1022/1022/1022 1021/1021/1021
f 1001/1001/1001 1002/1002/1002 1023/1023/1023
f 1001/1001/1001 1023/1023/1023 1022/1022/1022
f 1002/1002/1002 1003/1003/1003 1024/1024/1024
f 1002/1002/1002 1024/1024/1024 1023/1023/1023
f 1003/1003/1003 1004/1004/1004 1025/1025/1025
f 1003/1003/1003 1025/1025/1025 1024/1024/1024
f 1004/1004/1004 1005/1005/1005 1026/1026/1026
f 1004/1004/1004 1026/1026/1026 1025/1025/1025
f 1005/1005/1005 1006/1006/1006 1027/1027/1027
f 1005/1005/1005 1027/1027/1027 1026/1026/1026
f 1006/1006/1006 1007/1007/1007 1028/1028/1028
f 1006/1006/1006 1028/1028/1028 1027/1027/1027
f 1007/1007/1007 1008/1008/1008 1029/1029/1029
f 1007/1007/1007 1029/1029/1029 1028/1028/1028
f 1008/1008/1008 1009/1009/1009 1030/1030/1030
f 1008/1008/1008 1030/1030/1030 1029/1029/1029
f 1009/1009/1009 1010/1010/1010 1031/1031/1031
f 1009/1009/1009 1031/1031/1031 1030/1030/1030
f 1010/1010/1010 1011/1011/1011 1032/1032/1032
f 1010/1010/1010 1032/1032/1032 1031/1031/1031
f 1011/1011/1011 1012/1012/1012 1033/1033/1033
f 1011/1011/1011 1033/1033/1033 1032/1032/1032
f 1013/1013/1013 1014/1014/1014 1035/1035/1035
f 1013/1013/1013 1035/1035/1035 1034/1034/1034
f 1014/1014/1014 1015/1015/1015 1036/1036/1036
f 1014/1014/1014 1036/1036/1036 1035/1035/1035
f 1015/1015/1015 1016/1016/1016 1037/1037/1037
f 1015/1015/1015 1037/1037/1037 1036/1036/1036
f 1016/1016/1016 1017/1017/1017 1038/1038/1038
f 1016/1016/1016 1038/1038/1038 1037/1037/1037
f 1017/1017/1017 1018/1018/1018 1039/1039/1039
f 1017/1017/1017 1039/1039/1039 1038/1038/1038
f 1018/1018/1018 1019/1019/1019 1040/1040/1040
f 1018/1018/1018 1040/1040/1040 1039/1039/1039
f 1019/1019/1019 1020/1020/1020 1041/1041/1041
f 1019/1019/1019 1041/1041/1041 1040/1040/1040
f 1020/1020/1020 1021/1021/1021 1042/1042/1042
f 1020/1020/1020 1042/1042/1042 1041/1041/1041
f 1021/1021/1021 1022/1022/1022 1043/1043/1043
f 1021/1021/1021 1043/1043/1043 1042/1042/1042
f 1022/1022/1022 1023/1023/1023 1044/1044/1044
f 1022/1022/1022 1044/1044/1044 1043/1043/1043
f 1023/1023/1023 1024/1024/1024 1045/1045/1045
f 1023/1023/1023 1045/1045/1045 1044/1044/1044
f 1024/1024/1024 1025/1025/1025 1046/1046/1046
f 1024/1024/1024 1046/1046/1046 1045/1045/1045
f 1025/1025/1025 1026/1026/1026 1047/1047/1047
f 1025/1025/1025 1047/1047/1047 1046/1046/1046
f 1026/1026/1026 1027/1027/1027 1048/1048/1048
f 1026/1026/1026 1048/1048/1048 1047/1047/1047
f 1027/1027/1027 1028/1028/1028 1049/1049/1049
f 1027/1027/1027 1049/1049/1049 1048/1048/1048
f 1028/1028/1028 1029/1029/1029 1050/1050/1050
f 1028/1028/1028 1050/1050/1050 1049/1049/1049
f 1029/1029/1029 1030/1030/1030 1051/1051/1051
f 1029/1029/1029 1051/1051/1051 1050/1050/1050
f 1030/1030/1030 1031/1031/1031 1052/1052/1052
f 1030/1030/1030 1052/1052/1052 1051/1051/1051
f 1031/1031/1031 1032/1032/1032 1053/1053/1053
f 1031/1031/1031 1053/1053/1053 1052/1052/1052
f 1032/1032/1032 1033/1033/1033 1054/1054/1054
f 1032/1032/1032 1054/1054/1054 1053/1053/1053
f 1034/1034/1034 1035/1035/1035 1056/1056/1056
f 1034/1034/1034 1056/1056/1056 1055/1055/1055
f 1035/1035/1035 1036/1036/1036 1057/1057/1057
f 1035/1035/1035 1057/1057/1057 1056/1056/1056
f 1036/1036/1036 1037/1037/1037 1058/1058/1058
f 1036/1036/1036 1058/1058/1058 1057/1057/1057
f 1037/1037/1037 1038/1038/1038 1059/1059/1059
f 1037/1037/1037 1059/1059/1059 1058/1058/1058
f 1038/1038/1038 1039/1039/1039 1060/1060/1060
f 1038/1038/1038 1060/1060/1060 1059/1059/1059
f 1039/1039/1039 1040/1040/1040 1061/1061/1061
f 1039/1039/1039 1061/1061/1061 1060/1060/1060
f 1040/1040/1040 1041/1041/1041 1062/1062/1062
f 1040/1040/1040 1062/1062/1062 1061/1061/1061
f 1041/1041/1041 1042/1042/1042 1063/1063/1063
f 1041/1041/1041 1063/1063/1063 1062/1062/1062
f 1042/1042/1042 1043/1043/1043 1064/1064/1064
f 1042/1042/1042 1064/1064/1064 1063/1063/1063
f 1043/1043/1043 1044/1044/1044 1065/1065/1065
f 1043/1043/1043 1065/1065/1065 1064/1064/1064
f 1044/1044/1044 1045/1045/1045 1066/1066/1066
f 1044/1044/1044 1066/1066/1066 1065/1065/1065
f 1045/1045/1045 1046/1046/1046 1067/1067/1067
f 1045/1045/1045 1067/1067/1067 1066/1066/1066
f 1046/1046/1046 1047/1047/1047 1068/1068/1068
f 1046/1046/1046 1068/1068/1068 1067/1067/1067
f 1047/1047/1047 1048/1048/1048 1069/1069/1069
f 1047/1047/1047 1069/1069/1069 1068/1068/1068
f 1048/1048/1048 1049/1049/1049 1070/1070/1070
f 1048/1048/1048 1070/1070/1070 1069/1069/1069
f 1049/1049/1049 1050/1050/1050 1071/1071/1071
f 1049/1049/1049 1071/1071/1071 1070/1070/1070
f 1050/1050/1050 1051/1051/1051 1072/1072/1072
f 1050/1050/1050 1072/1072/1072 1071/1071/1071
f 1051/1051/1051 1052/1052/1052 1073/1073/1073
f 1051/1051/1051 1073/1073/1073 1072/1072/1072
f 1052/1052/1052 1053/1053/1053 1074/1074/1074
f 1052/1052/1052 1074/1074/1074 1073/1073/1073
f 1053/1053/1053 1054/1054/1054 1075/1075/1075
f 1053/1053/1053 1075/1075/1075 1074/1074/1074
f 1055/1055/1055 1056/1056/1056 1077/1077/1077
f 1055/1055/1055 1077/1077/1077 1076/1076/1076
f 1056/1056/1056 1057/1057/1057 1078/1078/1078
f 1056/1056/1056 1078/1078/1078 1077/1077/1077
f 1057/1057/1057 1058/1058/1058 1079/1079/1079
f 1057/1057/1057 1079/1079/1079 1078/1078/1078
f 1058/1058/1058 1059/1059/1059 1080/1080/1080
f 1058/1058/1058 1080/1080/1080 1079/1079/1079
f 1059/1059/1059 1060/1060/1060 1081/1081/1081
f 1059/1059/1059 1081/1081/1081 1080/1080/1080
f 1060/1060/1060 1061/1061/1061 1082/1082/1082
f 1060/1060/1060 1082/1082/1082 1081/1081/1081
f 1061/1061/1061 1062/1062/1062 1083/1083/1083
f 1061/1061/1061 1083/1083/1083 1082/1082/1082
f 1062/1062/1062 1063/1063/1063 1084/1084/1084
f 1062/1062/1062 1084/1084/1084 1083/1083/1083
f 1063/1063/1063 1064/1064/1064 1085/1085/1085
f 1063/1063/1063 1085/1085/1085 1084/1084/1084
f 1064/1064/1064 1065/1065/1065 1086/1086/1086
f 1064/1064/1064 1086/1086/1086 1085/1085/1085
f 1065/1065/1065 1066/1066/1066 1087/1087/1087
f 1065/1065/1065 1087/1087/1087 1086/1086/1086
f 1066/1066/1066 1067/1067/1067 1088/1088/1088
f 1066/1066/1066 1088/1088/1088 1087/1087/1087
f 1067/1067/1067 1068/1068/1068 1089/1089/1089
f 1067/1067/1067 1089/1089/1089 1088/1088/1088
f 1068/1068/1068 1069/1069/1069 1090/1090/1090
f 1068/1068/1068 1090/1090/1090 1089/1089/1089
f 1069/1069/1069 1070/1070/1070 1091/1091/1091
f 1069/1069/1069 1091/1091/1091 1090/1090/1090
f 1070/1070/1070 1071/1071/1071 1092/1092/1092
f 1070/1070/1070 1092/1092/1092 1091/1091/1091
f 1071/1071/1071 1072/1072/1072 1093/1093/1093
f 1071/1071/1071 1093/1093/1093 1092/1092/1092
f 1072/1072/1072 1073/1073/1073 1094/1094/1094
f 1072/1072/1072 1094/1094/1094 1093/1093/1093
f 1073/1073/1073 1074/1074/1074 1095/1095/1095
f 1073/1073/1073 1095/1095/1095 1094/1094/1094
f 1074/1074/1074 1075/1075/1075 1096/1096/1096
f 1074/1074/1074 1096/1096/1096 1095/1095/1095
f 1076/1076/1076 1077/1077/1077 1098/1098/1098
f 1076/1076/1076 1098/1098/1098 1097/1097/1097
f 1077/1077/1077 1078/1078/1078 1099/1099/1099
f 1077/1077/1077 1099/1099/1099 1098/1098/1098
f 1078/1078/1078 1079/1079/1079 1100/1100/1100
f 1078/1078/1078 1100/1100/1100 1099/1099/1099
f 1079/1079/1079 1080/1080/1080 1101/1101/1101
f 1079/1079/1079 1101/1101/1101 1100/1100/1100
f 1080/1080/1080 1081/1081/1081 1102/1102/1102
f 1080/1080/1080 1102/1102/1102 1101/1101/1101
f 1081/1081/1081 1082/1082/1082 1103/1103/1103
f 1081/1081/1081 1103/1103/1103 1102/1102/1102
f 1082/1082/1082 1083/1083/1083 1104/1104/1104
f 1082/1082/1082 1104/1104/1104 1103/1103/1103
f 1083/1083/1083 1084/1084/1084 1105/1105/1105
f 1083/1083/1083 1105/1105/1105 1104/1104/1104
f 1084/1084/1084 1085/1085/1085 1106/1106/1106
f 1084/1084/1084 1106/1106/1106 1105/1105/1105
f 1085/1085/1085 1086/1086/1086 1107/1107/1107
f 1085/1085/1085 1107/1107/1107 1106/1106/1106
f 1086/1086/1086 1087/1087/1087 1108/1108/1108
f 1086/1086/1086 1108/1108/1108 1107/1107/1107
f 1087/1087/1087 1088/1088/1088 1109/1109/1109
f 1087/1087/1087 1109/1109/1109 1108/1108/1108
f 1088/1088/1088 1089/1089/1089 1110/1110/1110
f 1088/1088/1088 1110/1110/1110 1109/1109/1109
f 1089/1089/1089 1090/1090/1090 1111/1111/1111
f 1089/1089/1089 1111/1111/1111 1110/1110/1110
f 1090/1090/1090 1091/1091/1091 1112/1112/1112
f 1090/1090/1090 1112/1112/1112 1111/1111/1111
f 1091/1091/1091 1092/1092/1092 1113/1113/1113
f 1091/1091/1091 1113/1113/1113 1112/1112/1112
f 1092/1092/1092 1093/1093/1093 1114/1114/1114
f 1092/1092/1092 1114/1114/1114 1113/1113/1113
f 1093/1093/1093 1094/1094/1094 1115/1115/1115
f 1093/1093/1093 1115/1115/1115 1114/1114/1114
f 1094/1094/1094 1095/1095/1095 1116/1116/1116
f 1094/1094/1094 1116/1116/1116 1115/1115/1115
f 1095/1095/1095 1096/1096/1096 1117/1117/1117
f 1095/1095/1095 1117/1117/1117 1116/1116/1116
f 1097/1097/1097 1098/1098/1098 1119/1119/1119
f 1097/1097/1097 1119/1119/1119 1118/1118/1118
f 1098/1098/1098 1099/1099/1099 1120/1120/1120
f 1098/1098/1098 1120/1120/1120 1119/1119/1119
f 1099/1099/1099 1100/1100/1100 1121/1121/1121
f 1099/1099/1099 1121/1121/1121 1120/1120/1120
f 1100/1100/1100 1101/1101/1101 1122/1122/1122
f 1100/1100/1100 1122/1122/1122 1121/1121/1121
f 1101/1101/1101 1102/1102/1102 1123/1123/1123
f 1101/1101/1101 1123/1123/1123 1122/1122/1122
f 1102/1102/1102 1103/1103/1103 1124/1124/1124
f 1102/1102/1102 1124/1124/1124 1123/1123/1123
f 1103/1103/1103 1104/1104/1104 1125/1125/1125
f 1103/1103/1103 1125/1125/1125 1124/1124/1124
f 1104/1104/1104 1105/1105/1105 1126/1126/1126
f 1104/1104/1104 1126/1126/1126 1125/1125/1125
f 1105/1105/1105 1106/1106/1106 1127/1127/1127
f 1105/1105/1105 1127/1127/1127 1126/1126/1126
f 1106/1106/1106 1107/1107/1107 1128/1128/1128
f 1106/1106/1106 1128/1128/1128 1127/1127/1127
f 1107/1107/1107 1108/1108/1108 1129/1129/1129
f 1107/1107/1107 1129/1129/1129 1128/1128/1128
f 1108/1108/1108 1109/1109/1109 1130/1130/1130
f 1108/1108/1108 1130/1130/1130 1129/1129/1129
f 1109/1109/1109 1110/1110/1110 1131/1131/1131
f 1109/1109/1109 1131/1131/1131 1130/1130/1130
f 1110/1110/1110 1111/1111/1111 1132/1132/1132
f 1110/1110/1110 1132/1132/1132 1131/1131/1131
f 1111/1111/1111 1112/1112/1112 1133/1133/1133
f 1111/1111/1111 1133/1133/1133 1132/1132/1132
f 1112/1112/1112 1113/1113/1113 1134/1134/1134
f 1112/1112/1112 1134/1134/1134 1133/1133/1133
f 1113/1113/1113 1114/1114/1114 1135/1135/1135
f 1113/1113/1113 1135/1135/1135 1134/1134/1134
f 1114/1114/1114 1115/1115/1115 1136/1136/1136
f 1114/1114/1114 1136/1136/1136 1135/1135/1135
f 1115/1115/1115 1116/1116/1116 1137/1137/1137
f 1115/1115/1115 1137/1137/1137 1136/1136/1136
f 1116/1116/1116 1117/1117/1117 1138/1138/1138
f 1116/1116/1116 1138/1138/1138 1137/1137/1137
f 1118/1118/1118 1119/1119/1119 1140/1140/1140
f 1118/1118/1118 1140/1140/1140 1139/1139/1139
f 1119/1119/1119 1120/1120/1120 1141/1141/1141
f 1119/1119/1119 1141/1141/1141 1140/1140/1140
f 1120/1120/1120 1121/1121/1121 1142/1142/1142
f 1120/1120/1120 1142/1142/1142 1141/1141/1141
f 1121/1121/1121 1122/1122/1122 1143/1143/1143
f 1121/1121/1121 1143/1143/1143 1142/1142/1142
f 1122/1122/1122 1123/1123/1123 1144/1144/1144
f 1122/1122/1122 1144/1144/1144 1143/1143/1143
f 1123/1123/1123 1124/1124/1124 1145/1145/1145
f 1123/1123/1123 1145/1145/1145 1144/1144/1144
f 1124/1124/1124 1125/1125/1125 1146/1146/1146
f 1124/1124/1124 1146/1146/1146 1145/1145/1145
f 1125/1125/1125 1126/1126/1126 1147/1147/1147
f 1125/1125/1125 1147/1147/1147 1146/1146/1146
f 1126/1126/1126 1127/1127/1127 1148/1148/1148
f 1126/1126/1126 1148/1148/1148 1147/1147/1147
f 1127/1127/1127 1128/1128/1128 1149/1149/1149
f 1127/1127/1127 1149/1149/1149 1148/1148/1148
f 1128/1128/1128 1129/1129/1129 1150/1150/1150
f 1128/1128/1128 1150/1150/1150 1149/1149/1149
f 1129/1129/1129 1130/1130/1130 1151/1151/1151
f 1129/1129/1129 1151/1151/1151 1150/1150/1150
f 1130/1130/1130 1131/1131/1131 1152/1152/1152
f 1130/1130/1130 1152/1152/1152 1151/1151/1151
f 1131/1131/1131 1132/1132/1132 1153/1153/1153
f 1131/1131/1131 1153/1153/1153 1152/1152/1152
f 1132/1132/1132 1133/1133/1133 1154/1154/1154
f 1132/1132/1132 1154/1154/1154 1153/1153/1153
f 1133/1133/1133 1134/1134/1134 1155/1155/1155
f 1133/1133/1133 1155/1155/1155 1154/1154/1154
f 1134/1134/1134 1135/1135/1135 1156/1156/1156
f 1134/1134/1134 1156/1156/1156 1155/1155/1155
f 1135/1135/1135 1136/1136/1136 1157/1157/1157
f 1135/1135/1135 1157/1157/1157 1156/1156/1156
f 1136/1136/1136 1137/1137/1137 1158/1158/1158
f 1136/1136/1136 1158/1158/1158 1157/1157/1157
f 1137/1137/1137 1138/1138/1138 1159/1159/1159
f 1137/1137/1137 1159/1159/1159 1158/1158/1158
f 1139/1139/1139 1140/1140/1140 1160/1160/1160
f 1140/1140/1140 1141/1141/1141 1160/1160/1160
f 1141/1141/1141 1142/1142/1142 1160/1160/1160
f 1142/1142/1142 1143/1143/1143 1160/1160/1160
f 1143/1143/1143 1144/1144/1144 1160/1160/1160
f 1144/1144/1144 1145/1145/1145 1160/1160/1160
f 1145/1145/1145 1146/1146/1146 1160/1160/1160
f 1146/1146/1146 1147/1147/1147 1160/1160/1160
f 1147/1147/1147 1148/1148/1148 1160/1160/1160
f 1148/1148/1148 1149/1149/1149 1160/1160/1160
f 1149/1149/1149 1150/1150/1150 1160/1160/1160
f 1150/1150/1150 1151/1151/1151 1160/1160/1160
f 1151/1151/1151 1152/1152/1152 1160/1160/1160
f 1152/1152/1152 1153/1153/1153 1160/1160/1160
f 1153/1153/1153 1154/1154/1154 1160/1160/1160
f 1154/1154/1154 1155/1155/1155 1160/1160/1160
f 1155/1155/1155 1156/1156/1156 1160/1160/1160
f 1156/1156/1156 1157/1157/1157 1160/1160/1160
f 1157/1157/1157 1158/1158/1158 1160/1160/1160
f 1158/1158/1158 1159/1159/1159 1160/1160/1160
o Eye_-1
v 24.368090 6.282431 1.328773
v 24.531758 6.324845 1.328773
v 24.509831 6.324845 1.235565
v 24.449924 6.324845 1.167331
v 24.368090 6.324845 1.142356
v 24.286256 6.324845 1.167331
v 24.226349 6.324845 1.235565
v 24.204422 6.324845 1.328773
v 24.226349 6.324845 1.421982
v 24.286256 6.324845 1.490215
v 24.368090 6.324845 1.515190
v 24.449924 6.324845 1.490215
v 24.509831 6.324845 1.421982
v 24.531758 6.324845 1.328773
v 24.670509 6.445630 1.328773
v 24.629993 6.445630 1.156546
v 24.519300 6.445630 1.030468
v 24.368090 6.445630 0.984320
v 24.216880 6.445630 1.030468
v 24.106187 6.445630 1.156546
v 24.065671 6.445630 1.328773
v 24.106187 6.445630 1.501000
v 24.216880 6.445630 1.627079
v 24.368090 6.445630 1.673227
v 24.519300 6.445630 1.627079
v 24.629993 6.445630 1.501000
v 24.670509 6.445630 1.328773
v 24.763220 6.626397 1.328773
v 24.710282 6.626397 1.103748
v 24.565655 6.626397 0.939018
v 24.368090 6.626397 0.878723
v 24.170525 6.626397 0.939018
v 24.025898 6.626397 1.103748
v 23.972960 6.626397 1.328773
v 24.025898 6.626397 1.553799
v 24.170525 6.626397 1.718529
v 24.368090 6.626397 1.778824
v 24.565655 6.626397 1.718529
v 24.710282 6.626397 1.553799
v 24.763220 6.626397 1.328773
v 24.795775 6.839627 1.328773
v 24.738476 6.839627 1.085208
v 24.581933 6.839627 0.906905
v 24.368090 6.839627 0.841642
v 24.154247 6.839627 0.906905
v 23.997704 6.839627 1.085208
v 23.940405 6.839627 1.328773
v 23.997704 6.839627 1.572339
v 24.154247 6.839627 1.750641
v 24.368090 6.839627 1.815905
v 24.581933 6.839627 1.750641
v 24.738476 6.839627 1.572339
v 24.795775 6.839627 1.328773
v 24.763220 7.052856 1.328773
v 24.710282 7.052856 1.103748
v 24.565655 7.052856 0.939018
v 24.368090 7.052856 0.878723
v 24.170525 7.052856 0.939018
v 24.025898 7.052856 1.103748
v 23.972960 7.052856 1.328773
v 24.025898 7.052856 1.553799
v 24.170525 7.052856 1.718529
v 24.368090 7.052856 1.778824
v 24.565655 7.052856 1.718529
v 24.710282 7.052856 1.553799
v 24.763220 7.052856 1.328773
v 24.670509 7.233624 1.328773
v 24.629993 7.233624 1.156546
v 24.519300 7.233624 1.030468
v 24.368090 7.233624 0.984320
v 24.216880 7.233624 1.030468
v 24.106187 7.233624 1.156546
v 24.065671 7.233624 1.328773
v 24.106187 7.233624 1.501000
v 24.216880 7.233624 1.627079
v 24.368090 7.233624 1.673227
v 24.519300 7.233624 1.627079
v 24.629993 7.233624 1.501000
v 24.670509 7.233624 1.328773
v 24.531758 7.354409 1.328773
v 24.509831 7.354409 1.235565
v 24.449924 7.354409 1.167331
v 24.368090 7.354409 1.142356
v 24.286256 7.354409 1.167331
v 24.226349 7.354409 1.235565
v 24.204422 7.354409 1.328773
v 24.226349 7.354409 1.421982
v 24.286256 7.354409 1.490215
v 24.368090 7.354409 1.515190
v 24.449924 7.354409 1.490215
v 24.509831 7.354409 1.421982
v 24.531758 7.354409 1.328773
v 24.368090 7.396823 1.328773
vt 0.4980469 0.0910937
vt 0.4242187 0.1383398
vt 0.4365234 0.1383398
vt 0.4488281 0.1383398
vt 0.4611328 0.1383398
vt 0.4734375 0.1383398
vt 0.4857422 0.1383398
vt 0.4980469 0.1383398
vt 0.5103516 0.1383398
vt 0.5226563 0.1383398
vt 0.5349609 0.1383398
vt 0.5472656 0.1383398
vt 0.5595703 0.1383398
vt 0.5718750 0.1383398
vt 0.4242187 0.1215234
vt 0.4365234 0.1215234
vt 0.4488281 0.1215234
vt 0.4611328 0.1215234
vt 0.4734375 0.1215234
vt 0.4857422 0.1215234
vt 0.4980469 0.1215234
vt 0.5103516 0.1215234
vt 0.5226563 0.1215234
vt 0.5349609 0.1215234
vt 0.5472656 0.1215234
vt 0.5595703 0.1215234
vt 0.5718750 0.1215234
vt 0.4242187 0.1047070
vt 0.4365234 0.1047070
vt 0.4488281 0.1047070
vt 0.4611328 0.1047070
vt 0.4734375 0.1047070
vt 0.4857422 0.1047070
vt 0.4980469 0.1047070
vt 0.5103516 0.1047070
vt 0.5226563 0.1047070
vt 0.5349609 0.1047070
vt 0.5472656 0.1047070
vt 0.5595703 0.1047070
vt 0.5718750 0.1047070
vt 0.4242187 0.0878906
vt 0.4365234 0.0878906
vt 0.4488281 0.0878906
vt 0.4611328 0.0878906
vt 0.4734375 0.0878906
vt 0.4857422 0.0878906
vt 0.4980469 0.0878906
vt 0.5103516 0.0878906
vt 0.5226563 0.0878906
vt 0.5349609 0.0878906
vt 0.5472656 0.0878906
vt 0.5595703 0.0878906
vt 0.5718750 0.0878906
vt 0.4242187 0.0710742
vt 0.4365234 0.0710742
vt 0.4488281 0.0710742
vt 0.4611328 0.0710742
vt 0.4734375 0.0710742
vt 0.4857422 0.0710742
vt 0.4980469 0.0710742
vt 0.5103516 0.0710742
vt 0.5226563 0.0710742
vt 0.5349609 0.0710742
vt 0.5472656 0.0710742
vt 0.5595703 0.0710742
vt 0.5718750 0.0710742
vt 0.4242187 0.0542578
vt 0.4365234 0.0542578
vt 0.4488281 0.0542578
vt 0.4611328 0.0542578
vt 0.4734375 0.0542578
vt 0.4857422 0.0542578
vt 0.4980469 0.0542578
vt 0.5103516 0.0542578
vt 0.5226563 0.0542578
vt 0.5349609 0.0542578
vt 0.5472656 0.0542578
vt 0.5595703 0.0542578
vt 0.5718750 0.0542578
vt 0.4242187 0.0374414
vt 0.4365234 0.0374414
vt 0.4488281 0.0374414
vt 0.4611328 0.0374414
vt 0.4734375 0.0374414
vt 0.4857422 0.0374414
vt 0.4980469 0.0374414
vt 0.5103516 0.0374414
vt 0.5226563 0.0374414
vt 0.5349609 0.0374414
vt 0.5472656 0.0374414
vt 0.5595703 0.0374414
vt 0.5718750 0.0374414
vt 0.4980469 0.0910937
vn 0.0000000 -1.0000000 0.0000000
vn 0.5372334 -0.8418706 -0.0513241
vn 0.4410350 -0.8515364 -0.2835028
vn 0.2242747 -0.8661392 -0.4466583
vn -0.0604674 -0.8708098 -0.4878872
vn -0.3262998 -0.8604808 -0.3912816
vn -0.4970047 -0.8461576 -0.1923633
vn -0.5372334 -0.8418706 0.0513241
vn -0.4410350 -0.8515364 0.2835028
vn -0.2242747 -0.8661392 0.4466583
vn 0.0604674 -0.8708098 0.4878872
vn 0.3262998 -0.8604808 0.3912816
vn 0.4970047 -0.8461576 0.1923633
vn 0.5372334 -0.8418706 -0.0513241
vn 0.8076992 -0.5885022 -0.0358777
vn 0.6944457 -0.6018399 -0.3943778
vn 0.3924217 -0.6267739 -0.6731714
vn -0.0443009 -0.6379919 -0.7687677
vn -0.4643663 -0.6221679 -0.6302944
vn -0.7312436 -0.5977586 -0.3285840
vn -0.8076992 -0.5885022 0.0358777
vn -0.6944457 -0.6018399 0.3943778
vn -0.3924217 -0.6267739 0.6731714
vn 0.0443009 -0.6379919 0.7687677
vn 0.4643663 -0.6221679 0.6302944
vn 0.7312436 -0.5977586 0.3285840
vn 0.8076992 -0.5885022 -0.0358777
vn 0.9554662 -0.2945536 -0.0179573
vn 0.8411927 -0.3031899 -0.4477395
vn 0.5021378 -0.3215218 -0.8027959
vn -0.0229989 -0.3312142 -0.9432752
vn -0.5383253 -0.3200462 -0.7796001
vn -0.8587241 -0.3019517 -0.4140267
vn -0.9554662 -0.2945536 0.0179573
vn -0.8411927 -0.3031899 0.4477395
vn -0.5021378 -0.3215218 0.8027959
vn 0.0229989 -0.3312142 0.9432752
vn 0.5383253 -0.3200462 0.7796001
vn 0.8587241 -0.3019517 0.4140267
vn 0.9554662 -0.2945536 -0.0179573
vn 1.0000000 -0.0000000 0.0000000
vn 0.8919537 0.0000000 -0.4521267
vn 0.5494438 -0.0000000 -0.8355307
vn 0.0000000 0.0000000 -1.0000000
vn -0.5494438 0.0000000 -0.8355307
vn -0.8919537 -0.0000000 -0.4521267
vn -1.0000000 -0.0000000 -0.0000000
vn -0.8919537 0.0000000 0.4521267
vn -0.5494438 -0.0000000 0.8355307
vn 0.0000000 0.0000000 1.0000000
vn 0.5494438 0.0000000 0.8355307
vn 0.8919537 -0.0000000 0.4521267
vn 1.0000000 -0.0000000 0.0000000
vn 0.9554662 0.2945536 0.0179573
vn 0.8587241 0.3019517 -0.4140267
vn 0.5383253 0.3200462 -0.7796001
vn 0.0229989 0.3312142 -0.9432752
vn -0.5021378 0.3215218 -0.8027959
vn -0.8411927 0.3031899 -0.4477395
vn -0.9554662 0.2945536 -0.0179573
vn -0.8587241 0.3019517 0.4140267
vn -0.5383253 0.3200462 0.7796001
vn -0.0229989 0.3312142 0.9432752
vn 0.5021378 0.3215218 0.8027959
vn 0.8411927 0.3031899 0.4477395
vn 0.9554662 0.2945536 0.0179573
vn 0.8076992 0.5885022 0.0358777
vn 0.7312436 0.5977586 -0.3285840
vn 0.4643663 0.6221679 -0.6302944
vn 0.0443009 0.6379919 -0.7687677
vn -0.3924217 0.6267739 -0.6731714
vn -0.6944457 0.6018399 -0.3943778
vn -0.8076992 0.5885022 -0.0358777
vn -0.7312436 0.5977586 0.3285840
vn -0.4643663 0.6221679 0.6302944
vn -0.0443009 0.6379919 0.7687677
vn 0.3924217 0.6267739 0.6731714
vn 0.6944457 0.6018399 0.3943778
vn 0.8076992 0.5885022 0.0358777
vn 0.5372334 0.8418706 0.0513241
vn 0.4970047 0.8461576 -0.1923633
vn 0.3262998 0.8604808 -0.3912816
vn 0.0604674 0.8708098 -0.4878872
vn -0.2242747 0.8661392 -0.4466583
vn -0.4410350 0.8515364 -0.2835028
vn -0.5372334 0.8418706 -0.0513241
vn -0.4970047 0.8461576 0.1923633
vn -0.3262998 0.8604808 0.3912816
vn -0.0604674 0.8708098 0.4878872
vn 0.2242747 0.8661392 0.4466583
vn 0.4410350 0.8515364 0.2835028
vn 0.5372334 0.8418706 0.0513241
vn -0.0000000 1.0000000 0.0000000
s 1
f 1161/1161/1161 1163/1163/1163 1162/1162/1162
f 1161/1161/1161 1164/1164/1164 1163/1163/1163
f 1161/1161/1161 1165/1165/1165 1164/1164/1164
f 1161/1161/1161 1166/1166/1166 1165/1165/1165
f 1161/1161/1161 1167/1167/1167 1166/1166/1166
f 1161/1161/1161 1168/1168/1168 1167/1167/1167
f 1161/1161/1161 1169/1169/1169 1168/1168/1168
f 1161/1161/1161 1170/1170/1170 1169/1169/1169
f 1161/1161/1161 1171/1171/1171 1170/1170/1170
f 1161/1161/1161 1172/1172/1172 1171/1171/1171
f 1161/1161/1161 1173/1173/1173 1172/1172/1172
f 1161/1161/1161 1174/1174/1174 1173/1173/1173
f 1162/1162/1162 1163/1163/1163 1176/1176/1176
f 1162/1162/1162 1176/1176/1176 1175/1175/1175
f 1163/1163/1163 1164/1164/1164 1177/1177/1177
f 1163/1163/1163 1177/1177/1177 1176/1176/1176
f 1164/1164/1164 1165/1165/1165 1178/1178/1178
f 1164/1164/1164 1178/1178/1178 1177/1177/1177
f 1165/1165/1165 1166/1166/1166 1179/1179/1179
f 1165/1165/1165 1179/1179/1179 1178/1178/1178
f 1166/1166/1166 1167/1167/1167 1180/1180/1180
f 1166/1166/1166 1180/1180/1180 1179/1179/1179
f 1167/1167/1167 1168/1168/1168 1181/1181/1181
f 1167/1167/1167 1181/1181/1181 1180/1180/1180
f 1168/1168/1168 1169/1169/1169 1182/1182/1182
f 1168/1168/1168 1182/1182/1182 1181/1181/1181
f 1169/1169/1169 1170/1170/1170 1183/1183/1183
f 1169/1169/1169 1183/1183/1183 1182/1182/1182
f 1170/1170/1170 1171/1171/1171 1184/1184/1184
f 1170/1170/1170 1184/1184/1184 1183/1183/1183
f 1171/1171/1171 1172/1172/1172 1185/1185/1185
f 1171/1171/1171 1185/1185/1185 1184/1184/1184
f 1172/1172/1172 1173/1173/1173 1186/1186/1186
f 1172/1172/1172 1186/1186/1186 1185/1185/1185
f 1173/1173/1173 1174/1174/1174 1187/1187/1187
f 1173/1173/1173 1187/1187/1187 1186/1186/1186
f 1175/1175/1175 1176/1176/1176 1189/1189/1189
f 1175/1175/1175 1189/1189/1189 1188/1188/1188
f 1176/1176/1176 1177/1177/1177 1190/1190/1190
f 1176/1176/1176 1190/1190/1190 1189/1189/1189
f 1177/1177/1177 1178/1178/1178 1191/1191/1191
f 1177/1177/1177 1191/1191/1191 1190/1190/1190
f 1178/1178/1178 1179/1179/1179 1192/1192/1192
f 1178/1178/1178 1192/1192/1192 1191/1191/1191
f 1179/1179/1179 1180/1180/1180 1193/1193/1193
f 1179/1179/1179 1193/1193/1193 1192/1192/1192
f 1180/1180/1180 1181/1181/1181 1194/1194/1194
f 1180/1180/1180 1194/1194/1194 1193/1193/1193
f 1181/1181/1181 1182/1182/1182 1195/1195/1195
f 1181/1181/1181 1195/1195/1195 1194/1194/1194
f 1182/1182/1182 1183/1183/1183 1196/1196/1196
f 1182/1182/1182 1196/1196/1196 1195/1195/1195
f 1183/1183/1183 1184/1184/1184 1197/1197/1197
f 1183/1183/1183 1197/1197/1197 1196/1196/1196
f 1184/1184/1184 1185/1185/1185 1198/1198/1198
f 1184/1184/1184 1198/1198/1198 1197/1197/1197
f 1185/1185/1185 1186/1186/1186 1199/1199/1199
f 1185/1185/1185 1199/1199/1199 1198/1198/1198
f 1186/1186/1186 1187/1187/1187 1200/1200/1200
f 1186/1186/1186 1200/1200/1200 1199/1199/1199
f 1188/1188/1188 1189/1189/1189 1202/1202/1202
f 1188/1188/1188 1202/1202/1202 1201/1201/1201
f 1189/1189/1189 1190/1190/1190 1203/1203/1203
f 1189/1189/1189 1203/1203/1203 1202/1202/1202
f 1190/1190/1190 1191/1191/1191 1204/1204/1204
f 1190/1190/1190 1204/1204/1204 1203/1203/1203
f 1191/1191/1191 1192/1192/1192 1205/1205/1205
f 1191/1191/1191 1205/1205/1205 1204/1204/1204
f 1192/1192/1192 1193/1193/1193 1206/1206/1206
f 1192/1192/1192 1206/1206/1206 1205/1205/1205
f 1193/1193/1193 1194/1194/1194 1207/1207/1207
f 1193/1193/1193 1207/1207/1207 1206/1206/1206
f 1194/1194/1194 1195/1195/1195 1208/1208/1208
f 1194/1194/1194 1208/1208/1208 1207/1207/1207
f 1195/1195/1195 1196/1196/1196 1209/1209/1209
f 1195/1195/1195 1209/1209/1209 1208/1208/1208
f 1196/1196/1196 1197/1197/1197 1210/1210/1210
f 1196/1196/1196 1210/1210/1210 1209/1209/1209
f 1197/1197/1197 1198/1198/1198 1211/1211/1211
f 1197/1197/1197 1211/1211/1211 1210/1210/1210
f 1198/1198/1198 1199/1199/1199 1212/1212/1212
f 1198/1198/1198 1212/1212/1212 1211/1211/1211
f 1199/1199/1199 1200/1200/1200 1213/1213/1213
f 1199/1199/1199 1213/1213/1213 1212/1212/1212
f 1201/1201/1201 1202/1202/1202 1215/1215/1215
f 1201/1201/1201 1215/1215/1215 1214/1214/1214
f 1202/1202/1202 1203/1203/1203 1216/1216/1216
f 1202/1202/1202 1216/1216/1216 1215/1215/1215
f 1203/1203/1203 1204/1204/1204 1217/1217/1217
f 1203/1203/1203 1217/1217/1217 1216/1216/1216
f 1204/1204/1204 1205/1205/1205 1218/1218/1218
f 1204/1204/1204 1218/1218/1218 1217/1217/1217
f 1205/1205/1205 1206/1206/1206 1219/1219/1219
f 1205/1205/1205 1219/1219/1219 1218/1218/1218
f 1206/1206/1206 1207/1207/1207 1220/1220/1220
f 1206/1206/1206 1220/1220/1220 1219/1219/1219
f 1207/1207/1207 1208/1208/1208 1221/1221/1221
f 1207/1207/1207 1221/1221/1221 1220/1220/1220
f 1208/1208/1208 1209/1209/1209 1222/1222/1222
f 1208/1208/1208 1222/1222/1222 1221/1221/1221
f 1209/1209/1209 1210/1210/1210 1223/1223/1223
f 1209/1209/1209 1223/1223/1223 1222/1222/1222
f 1210/1210/1210 1211/1211/1211 1224/1224/1224
f 1210/1210/1210 1224/1224/1224 1223/1223/1223
f 1211/1211/1211 1212/1212/1212 1225/1225/1225
f 1211/1211/1211 1225/1225/1225 1224/1224/1224
f 1212/1212/1212 1213/1213/1213 1226/1226/1226
f 1212/1212/1212 1226/1226/1226 1225/1225/1225
f 1214/1214/1214 1215/1215/1215 1228/1228/1228
f 1214/1214/1214 1228/1228/1228 1227/1227/1227
f 1215/1215/1215 1216/1216/1216 1229/1229/1229
f 1215/1215/1215 1229/1229/1229 1228/1228/1228
f 1216/1216/1216 1217/1217/1217 1230/1230/1230
f 1216/1216/1216 1230/1230/1230 1229/1229/1229
f 1217/1217/1217 1218/1218/1218 1231/1231/1231
f 1217/1217/1217 1231/1231/1231 1230/1230/1230
f 1218/1218/1218 1219/1219/1219 1232/1232/1232
f 1218/1218/1218 1232/1232/1232 1231/1231/1231
f 1219/1219/1219 1220/1220/1220 1233/1233/1233
f 1219/1219/1219 1233/1233/1233 1232/1232/1232
f 1220/1220/1220 1221/1221/1221 1234/1234/1234
f 1220/1220/1220 1234/1234/1234 1233/1233/1233
f 1221/1221/1221 1222/1222/1222 1235/1235/1235
f 1221/1221/1221 1235/1235/1235 1234/1234/1234
f 1222/1222/1222 1223/1223/1223 1236/1236/1236
f 1222/1222/1222 1236/1236/1236 1235/1235/1235
f 1223/1223/1223 1224/1224/1224 1237/1237/1237
f 1223/1223/1223 1237/1237/1237 1236/1236/1236
f 1224/1224/1224 1225/1225/1225 1238/1238/1238
f 1224/1224/1224 1238/1238/1238 1237/1237/1237
f 1225/1225/1225 1226/1226/1226 1239/1239/1239
f 1225/1225/1225 1239/1239/1239 1238/1238/1238
f 1227/1227/1227 1228/1228/1228 1241/1241/1241
f 1227/1227/1227 1241/1241/1241 1240/1240/1240
f 1228/1228/1228 1229/1229/1229 1242/1242/1242
f 1228/1228/1228 1242/1242/1242 1241/1241/1241
f 1229/1229/1229 1230/1230/1230 1243/1243/1243
f 1229/1229/1229 1243/1243/1243 1242/1242/1242
f 1230/1230/1230 1231/1231/1231 1244/1244/1244
f 1230/1230/1230 1244/1244/1244 1243/1243/1243
f 1231/1231/1231 1232/1232/1232 1245/1245/1245
f 1231/1231/1231 1245/1245/1245 1244/1244/1244
f 1232/1232/1232 1233/1233/1233 1246/1246/1246
f 1232/1232/1232 1246/1246/1246 1245/1245/1245
f 1233/1233/1233 1234/1234/1234 1247/1247/1247
f 1233/1233/1233 1247/1247/1247 1246/1246/1246
f 1234/1234/1234 1235/1235/1235 1248/1248/1248
f 1234/1234/1234 1248/1248/1248 1247/1247/1247
f 1235/1235/1235 1236/1236/1236 1249/1249/1249
f 1235/1235/1235 1249/1249/1249 1248/1248/1248
f 1236/1236/1236 1237/1237/1237 1250/1250/1250
f 1236/1236/1236 1250/1250/1250 1249/1249/1249
f 1237/1237/1237 1238/1238/1238 1251/1251/1251
f 1237/1237/1237 1251/1251/1251 1250/1250/1250
f 1238/1238/1238 1239/1239/1239 1252/1252/1252
f 1238/1238/1238 1252/1252/1252 1251/1251/1251
f 1240/1240/1240 1241/1241/1241 1253/1253/1253
f 1241/1241/1241 1242/1242/1242 1253/1253/1253
f 1242/1242/1242 1243/1243/1243 1253/1253/1253
f 1243/1243/1243 1244/1244/1244 1253/1253/1253
f 1244/1244/1244 1245/1245/1245 1253/1253/1253
f 1245/1245/1245 1246/1246/1246 1253/1253/1253
f 1246/1246/1246 1247/1247/1247 1253/1253/1253
f 1247/1247/1247 1248/1248/1248 1253/1253/1253
f 1248/1248/1248 1249/1249/1249 1253/1253/1253
f 1249/1249/1249 1250/1250/1250 1253/1253/1253
f 1250/1250/1250 1251/1251/1251 1253/1253/1253
f 1251/1251/1251 1252/1252/1252 1253/1253/1253
o Eye_glint_-1
v 24.727346 6.867487 1.328773
v 24.778668 6.882417 1.328773
v 24.763636 6.882417 1.285717
v 24.727346 6.882417 1.267882
v 24.691055 6.882417 1.285717
v 24.676023 6.882417 1.328773
v 24.691055 6.882417 1.371830
v 24.727346 6.882417 1.389665
v 24.763636 6.882417 1.371830
v 24.778668 6.882417 1.328773
v 24.816238 6.923206 1.328773
v 24.790202 6.923206 1.254197
v 24.727346 6.923206 1.223306
v 24.664489 6.923206 1.254197
v 24.638453 6.923206 1.328773
v 24.664489 6.923206 1.403350
v 24.727346 6.923206 1.434240
v 24.790202 6.923206 1.403350
v 24.816238 6.923206 1.328773
v 24.829990 6.978926 1.328773
v 24.799926 6.978926 1.242660
v 24.727346 6.978926 1.206991
v 24.654765 6.978926 1.242660
v 24.624701 6.978926 1.328773
v 24.654765 6.978926 1.414887
v 24.727346 6.978926 1.450556
v 24.799926 6.978926 1.414887
v 24.829990 6.978926 1.328773
v 24.816238 7.034645 1.328773
v 24.790202 7.034645 1.254197
v 24.727346 7.034645 1.223306
v 24.664489 7.034645 1.254197
v 24.638453 7.034645 1.328773
v 24.664489 7.034645 1.403350
v 24.727346 7.034645 1.434240
v 24.790202 7.034645 1.403350
v 24.816238 7.034645 1.328773
v 24.778668 7.075435 1.328773
v 24.763636 7.075435 1.285717
v 24.727346 7.075435 1.267882
v 24.691055 7.075435 1.285717
v 24.676023 7.075435 1.328773
v 24.691055 7.075435 1.371830
v 24.727346 7.075435 1.389665
v 24.763636 7.075435 1.371830
v 24.778668 7.075435 1.328773
v 24.727346 7.090365 1.328773
vt 0.9042969 0.0910937
vt 0.8304687 0.1327344
vt 0.8489258 0.1327344
vt 0.8673828 0.1327344
vt 0.8858398 0.1327344
vt 0.9042969 0.1327344
vt 0.9227539 0.1327344
vt 0.9412109 0.1327344
vt 0.9596680 0.1327344
vt 0.9781250 0.1327344
vt 0.8304687 0.1103125
vt 0.8489258 0.1103125
vt 0.8673828 0.1103125
vt 0.8858398 0.1103125
vt 0.9042969 0.1103125
vt 0.9227539 0.1103125
vt 0.9412109 0.1103125
vt 0.9596680 0.1103125
vt 0.9781250 0.1103125
vt 0.8304687 0.0878906
vt 0.8489258 0.0878906
vt 0.8673828 0.0878906
vt 0.8858398 0.0878906
vt 0.9042969 0.0878906
vt 0.9227539 0.0878906
vt 0.9412109 0.0878906
vt 0.9596680 0.0878906
vt 0.9781250 0.0878906
vt 0.8304687 0.0654687
vt 0.8489258 0.0654687
vt 0.8673828 0.0654687
vt 0.8858398 0.0654687
vt 0.9042969 0.0654687
vt 0.9227539 0.0654687
vt 0.9412109 0.0654687
vt 0.9596680 0.0654687
vt 0.9781250 0.0654687
vt 0.8304687 0.0430469
vt 0.8489258 0.0430469
vt 0.8673828 0.0430469
vt 0.8858398 0.0430469
vt 0.9042969 0.0430469
vt 0.9227539 0.0430469
vt 0.9412109 0.0430469
vt 0.9596680 0.0430469
vt 0.9781250 0.0430469
vt 0.9042969 0.0910937
vn 0.0000000 -1.0000000 0.0000000
vn 0.5979116 -0.7974598 -0.0809911
vn 0.3673734 -0.8256273 -0.4282247
vn -0.1013384 -0.8409981 -0.5314628
vn -0.4992421 -0.8112845 -0.3042612
vn -0.5979116 -0.7974598 0.0809911
vn -0.3673734 -0.8256273 0.4282247
vn 0.1013384 -0.8409981 0.5314628
vn 0.4992421 -0.8112845 0.3042612
vn 0.5979116 -0.7974598 -0.0809911
vn 0.8938123 -0.4461462 -0.0453112
vn 0.6365426 -0.4780938 -0.6051775
vn -0.0612858 -0.5086056 -0.8588157
vn -0.7068083 -0.4706322 -0.5281358
vn -0.8938123 -0.4461462 0.0453112
vn -0.6365426 -0.4780938 0.6051775
vn 0.0612858 -0.5086056 0.8588157
vn 0.7068083 -0.4706322 0.5281358
vn 0.8938123 -0.4461462 -0.0453112
vn 1.0000000 -0.0000000 0.0000000
vn 0.7646310 0.0000000 -0.6444683
vn 0.0000000 -0.0000000 -1.0000000
vn -0.7646310 -0.0000000 -0.6444683
vn -1.0000000 0.0000000 -0.0000000
vn -0.7646310 0.0000000 0.6444683
vn -0.0000000 0.0000000 1.0000000
vn 0.7646310 -0.0000000 0.6444683
vn 1.0000000 -0.0000000 0.0000000
vn 0.8938123 0.4461462 0.0453112
vn 0.7068083 0.4706322 -0.5281358
vn 0.0612858 0.5086056 -0.8588157
vn -0.6365426 0.4780938 -0.6051775
vn -0.8938123 0.4461462 -0.0453112
vn -0.7068083 0.4706322 0.5281358
vn -0.0612858 0.5086056 0.8588157
vn 0.6365426 0.4780938 0.6051775
vn 0.8938123 0.4461462 0.0453112
vn 0.5979116 0.7974598 0.0809911
vn 0.4992421 0.8112845 -0.3042612
vn 0.1013384 0.8409981 -0.5314628
vn -0.3673734 0.8256273 -0.4282247
vn -0.5979116 0.7974598 -0.0809911
vn -0.4992421 0.8112845 0.3042612
vn -0.1013384 0.8409981 0.5314628
vn 0.3673734 0.8256273 0.4282247
vn 0.5979116 0.7974598 0.0809911
vn 0.0000000 1.0000000 -0.0000000
s 1
f 1254/1254/1254 1256/1256/1256 1255/1255/1255
f 1254/1254/1254 1257/1257/1257 1256/1256/1256
f 1254/1254/1254 1258/1258/1258 1257/1257/1257
f 1254/1254/1254 1259/1259/1259 1258/1258/1258
f 1254/1254/1254 1260/1260/1260 1259/1259/1259
f 1254/1254/1254 1261/1261/1261 1260/1260/1260
f 1254/1254/1254 1262/1262/1262 1261/1261/1261
f 1254/1254/1254 1263/1263/1263 1262/1262/1262
f 1255/1255/1255 1256/1256/1256 1265/1265/1265
f 1255/1255/1255 1265/1265/1265 1264/1264/1264
f 1256/1256/1256 1257/1257/1257 1266/1266/1266
f 1256/1256/1256 1266/1266/1266 1265/1265/1265
f 1257/1257/1257 1258/1258/1258 1267/1267/1267
f 1257/1257/1257 1267/1267/1267 1266/1266/1266
f 1258/1258/1258 1259/1259/1259 1268/1268/1268
f 1258/1258/1258 1268/1268/1268 1267/1267/1267
f 1259/1259/1259 1260/1260/1260 1269/1269/1269
f 1259/1259/1259 1269/1269/1269 1268/1268/1268
f 1260/1260/1260 1261/1261/1261 1270/1270/1270
f 1260/1260/1260 1270/1270/1270 1269/1269/1269
f 1261/1261/1261 1262/1262/1262 1271/1271/1271
f 1261/1261/1261 1271/1271/1271 1270/1270/1270
f 1262/1262/1262 1263/1263/1263 1272/1272/1272
f 1262/1262/1262 1272/1272/1272 1271/1271/1271
f 1264/1264/1264 1265/1265/1265 1274/1274/1274
f 1264/1264/1264 1274/1274/1274 1273/1273/1273
f 1265/1265/1265 1266/1266/1266 1275/1275/1275
f 1265/1265/1265 1275/1275/1275 1274/1274/1274
f 1266/1266/1266 1267/1267/1267 1276/1276/1276
f 1266/1266/1266 1276/1276/1276 1275/1275/1275
f 1267/1267/1267 1268/1268/1268 1277/1277/1277
f 1267/1267/1267 1277/1277/1277 1276/1276/1276
f 1268/1268/1268 1269/1269/1269 1278/1278/1278
f 1268/1268/1268 1278/1278/1278 1277/1277/1277
f 1269/1269/1269 1270/1270/1270 1279/1279/1279
f 1269/1269/1269 1279/1279/1279 1278/1278/1278
f 1270/1270/1270 1271/1271/1271 1280/1280/1280
f 1270/1270/1270 1280/1280/1280 1279/1279/1279
f 1271/1271/1271 1272/1272/1272 1281/1281/1281
f 1271/1271/1271 1281/1281/1281 1280/1280/1280
f 1273/1273/1273 1274/1274/1274 1283/1283/1283
f 1273/1273/1273 1283/1283/1283 1282/1282/1282
f 1274/1274/1274 1275/1275/1275 1284/1284/1284
f 1274/1274/1274 1284/1284/1284 1283/1283/1283
f 1275/1275/1275 1276/1276/1276 1285/1285/1285
f 1275/1275/1275 1285/1285/1285 1284/1284/1284
f 1276/1276/1276 1277/1277/1277 1286/1286/1286
f 1276/1276/1276 1286/1286/1286 1285/1285/1285
f 1277/1277/1277 1278/1278/1278 1287/1287/1287
f 1277/1277/1277 1287/1287/1287 1286/1286/1286
f 1278/1278/1278 1279/1279/1279 1288/1288/1288
f 1278/1278/1278 1288/1288/1288 1287/1287/1287
f 1279/1279/1279 1280/1280/1280 1289/1289/1289
f 1279/1279/1279 1289/1289/1289 1288/1288/1288
f 1280/1280/1280 1281/1281/1281 1290/1290/1290
f 1280/1280/1280 1290/1290/1290 1289/1289/1289
f 1282/1282/1282 1283/1283/1283 1292/1292/1292
f 1282/1282/1282 1292/1292/1292 1291/1291/1291
f 1283/1283/1283 1284/1284/1284 1293/1293/1293
f 1283/1283/1283 1293/1293/1293 1292/1292/1292
f 1284/1284/1284 1285/1285/1285 1294/1294/1294
f 1284/1284/1284 1294/1294/1294 1293/1293/1293
f 1285/1285/1285 1286/1286/1286 1295/1295/1295
f 1285/1285/1285 1295/1295/1295 1294/1294/1294
f 1286/1286/1286 1287/1287/1287 1296/1296/1296
f 1286/1286/1286 1296/1296/1296 1295/1295/1295
f 1287/1287/1287 1288/1288/1288 1297/1297/1297
f 1287/1287/1287 1297/1297/1297 1296/1296/1296
f 1288/1288/1288 1289/1289/1289 1298/1298/1298
f 1288/1288/1288 1298/1298/1298 1297/1297/1297
f 1289/1289/1289 1290/1290/1290 1299/1299/1299
f 1289/1289/1289 1299/1299/1299 1298/1298/1298
f 1291/1291/1291 1292/1292/1292 1300/1300/1300
f 1292/1292/1292 1293/1293/1293 1300/1300/1300
f 1293/1293/1293 1294/1294/1294 1300/1300/1300
f 1294/1294/1294 1295/1295/1295 1300/1300/1300
f 1295/1295/1295 1296/1296/1296 1300/1300/1300
f 1296/1296/1296 1297/1297/1297 1300/1300/1300
f 1297/1297/1297 1298/1298/1298 1300/1300/1300
f 1298/1298/1298 1299/1299/1299 1300/1300/1300
o Eye_1
v 24.368090 6.282431 -2.418390
v 24.531758 6.324845 -2.418390
v 24.509831 6.324845 -2.511598
v 24.449924 6.324845 -2.579832
v 24.368090 6.324845 -2.604807
v 24.286256 6.324845 -2.579832
v 24.226349 6.324845 -2.511598
v 24.204422 6.324845 -2.418390
v 24.226349 6.324845 -2.325181
v 24.286256 6.324845 -2.256948
v 24.368090 6.324845 -2.231973
v 24.449924 6.324845 -2.256948
v 24.509831 6.324845 -2.325181
v 24.531758 6.324845 -2.418390
v 24.670509 6.445630 -2.418390
v 24.629993 6.445630 -2.590617
v 24.519300 6.445630 -2.716695
v 24.368090 6.445630 -2.762844
v 24.216880 6.445630 -2.716695
v 24.106187 6.445630 -2.590617
v 24.065671 6.445630 -2.418390
v 24.106187 6.445630 -2.246163
v 24.216880 6.445630 -2.120084
v 24.368090 6.445630 -2.073936
v 24.519300 6.445630 -2.120084
v 24.629993 6.445630 -2.246163
v 24.670509 6.445630 -2.418390
v 24.763220 6.626397 -2.418390
v 24.710282 6.626397 -2.643415
v 24.565655 6.626397 -2.808145
v 24.368090 6.626397 -2.868440
v 24.170525 6.626397 -2.808145
v 24.025898 6.626397 -2.643415
v 23.972960 6.626397 -2.418390
v 24.025898 6.626397 -2.193364
v 24.170525 6.626397 -2.028635
v 24.368090 6.626397 -1.968339
v 24.565655 6.626397 -2.028635
v 24.710282 6.626397 -2.193364
v 24.763220 6.626397 -2.418390
v 24.795775 6.839627 -2.418390
v 24.738476 6.839627 -2.661955
v 24.581933 6.839627 -2.840258
v 24.368090 6.839627 -2.905521
v 24.154247 6.839627 -2.840258
v 23.997704 6.839627 -2.661955
v 23.940405 6.839627 -2.418390
v 23.997704 6.839627 -2.174824
v 24.154247 6.839627 -1.996522
v 24.368090 6.839627 -1.931259
v 24.581933 6.839627 -1.996522
v 24.738476 6.839627 -2.174824
v 24.795775 6.839627 -2.418390
v 24.763220 7.052856 -2.418390
v 24.710282 7.052856 -2.643415
v 24.565655 7.052856 -2.808145
v 24.368090 7.052856 -2.868440
v 24.170525 7.052856 -2.808145
v 24.025898 7.052856 -2.643415
v 23.972960 7.052856 -2.418390
v 24.025898 7.052856 -2.193364
v 24.170525 7.052856 -2.028635
v 24.368090 7.052856 -1.968339
v 24.565655 7.052856 -2.028635
v 24.710282 7.052856 -2.193364
v 24.763220 7.052856 -2.418390
v 24.670509 7.233624 -2.418390
v 24.629993 7.233624 -2.590617
v 24.519300 7.233624 -2.716695
v 24.368090 7.233624 -2.762844
v 24.216880 7.233624 -2.716695
v 24.106187 7.233624 -2.590617
v 24.065671 7.233624 -2.418390
v 24.106187 7.233624 -2.246163
v 24.216880 7.233624 -2.120084
v 24.368090 7.233624 -2.073936
v 24.519300 7.233624 -2.120084
v 24.629993 7.233624 -2.246163
v 24.670509 7.233624 -2.418390
v 24.531758 7.354409 -2.418390
v 24.509831 7.354409 -2.511598
v 24.449924 7.354409 -2.579832
v 24.368090 7.354409 -2.604807
v 24.286256 7.354409 -2.579832
v 24.226349 7.354409 -2.511598
v 24.204422 7.354409 -2.418390
v 24.226349 7.354409 -2.325181
v 24.286256 7.354409 -2.256948
v 24.368090 7.354409 -2.231973
v 24.449924 7.354409 -2.256948
v 24.509831 7.354409 -2.325181
v 24.531758 7.354409 -2.418390
v 24.368090 7.396823 -2.418390
vt 0.4980469 0.0910937
vt 0.4242187 0.1383398
vt 0.4365234 0.1383398
vt 0.4488281 0.1383398
vt 0.4611328 0.1383398
vt 0.4734375 0.1383398
vt 0.4857422 0.1383398
vt 0.4980469 0.1383398
vt 0.5103516 0.1383398
vt 0.5226563 0.1383398
vt 0.5349609 0.1383398
vt 0.5472656 0.1383398
vt 0.5595703 0.1383398
vt 0.5718750 0.1383398
vt 0.4242187 0.1215234
vt 0.4365234 0.1215234
vt 0.4488281 0.1215234
vt 0.4611328 0.1215234
vt 0.4734375 0.1215234
vt 0.4857422 0.1215234
vt 0.4980469 0.1215234
vt 0.5103516 0.1215234
vt 0.5226563 0.1215234
vt 0.5349609 0.1215234
vt 0.5472656 0.1215234
vt 0.5595703 0.1215234
vt 0.5718750 0.1215234
vt 0.4242187 0.1047070
vt 0.4365234 0.1047070
vt 0.4488281 0.1047070
vt 0.4611328 0.1047070
vt 0.4734375 0.1047070
vt 0.4857422 0.1047070
vt 0.4980469 0.1047070
vt 0.5103516 0.1047070
vt 0.5226563 0.1047070
vt 0.5349609 0.1047070
vt 0.5472656 0.1047070
vt 0.5595703 0.1047070
vt 0.5718750 0.1047070
vt 0.4242187 0.0878906
vt 0.4365234 0.0878906
vt 0.4488281 0.0878906
vt 0.4611328 0.0878906
vt 0.4734375 0.0878906
vt 0.4857422 0.0878906
vt 0.4980469 0.0878906
vt 0.5103516 0.0878906
vt 0.5226563 0.0878906
vt 0.5349609 0.0878906
vt 0.5472656 0.0878906
vt 0.5595703 0.0878906
vt 0.5718750 0.0878906
vt 0.4242187 0.0710742
vt 0.4365234 0.0710742
vt 0.4488281 0.0710742
vt 0.4611328 0.0710742
vt 0.4734375 0.0710742
vt 0.4857422 0.0710742
vt 0.4980469 0.0710742
vt 0.5103516 0.0710742
vt 0.5226563 0.0710742
vt 0.5349609 0.0710742
vt 0.5472656 0.0710742
vt 0.5595703 0.0710742
vt 0.5718750 0.0710742
vt 0.4242187 0.0542578
vt 0.4365234 0.0542578
vt 0.4488281 0.0542578
vt 0.4611328 0.0542578
vt 0.4734375 0.0542578
vt 0.4857422 0.0542578
vt 0.4980469 0.0542578
vt 0.5103516 0.0542578
vt 0.5226563 0.0542578
vt 0.5349609 0.0542578
vt 0.5472656 0.0542578
vt 0.5595703 0.0542578
vt 0.5718750 0.0542578
vt 0.4242187 0.0374414
vt 0.4365234 0.0374414
vt 0.4488281 0.0374414
vt 0.4611328 0.0374414
vt 0.4734375 0.0374414
vt 0.4857422 0.0374414
vt 0.4980469 0.0374414
vt 0.5103516 0.0374414
vt 0.5226563 0.0374414
vt 0.5349609 0.0374414
vt 0.5472656 0.0374414
vt 0.5595703 0.0374414
vt 0.5718750 0.0374414
vt 0.4980469 0.0910937
vn 0.0000000 -1.0000000 0.0000000
vn 0.5372334 -0.8418706 -0.0513241
vn 0.4410350 -0.8515364 -0.2835028
vn 0.2242747 -0.8661392 -0.4466583
vn -0.0604674 -0.8708098 -0.4878872
vn -0.3262998 -0.8604808 -0.3912816
vn -0.4970047 -0.8461576 -0.1923633
vn -0.5372334 -0.8418706 0.0513241
vn -0.4410350 -0.8515364 0.2835028
vn -0.2242747 -0.8661392 0.4466583
vn 0.0604674 -0.8708098 0.4878872
vn 0.3262998 -0.8604808 0.3912816
vn 0.4970047 -0.8461576 0.1923633
vn 0.5372334 -0.8418706 -0.0513241
vn 0.8076992 -0.5885022 -0.0358777
vn 0.6944457 -0.6018399 -0.3943778
vn 0.3924217 -0.6267739 -0.6731714
vn -0.0443009 -0.6379919 -0.7687677
vn -0.4643663 -0.6221679 -0.6302944
vn -0.7312436 -0.5977586 -0.3285840
vn -0.8076992 -0.5885022 0.0358777
vn -0.6944457 -0.6018399 0.3943778
vn -0.3924217 -0.6267739 0.6731714
vn 0.0443009 -0.6379919 0.7687677
vn 0.4643663 -0.6221679 0.6302944
vn 0.7312436 -0.5977586 0.3285840
vn 0.8076992 -0.5885022 -0.0358777
vn 0.9554662 -0.2945536 -0.0179573
vn 0.8411927 -0.3031899 -0.4477395
vn 0.5021378 -0.3215218 -0.8027959
vn -0.0229989 -0.3312142 -0.9432752
vn -0.5383253 -0.3200462 -0.7796001
vn -0.8587241 -0.3019517 -0.4140267
vn -0.9554662 -0.2945536 0.0179573
vn -0.8411927 -0.3031899 0.4477395
vn -0.5021378 -0.3215218 0.8027959
vn 0.0229989 -0.3312142 0.9432752
vn 0.5383253 -0.3200462 0.7796001
vn 0.8587241 -0.3019517 0.4140267
vn 0.9554662 -0.2945536 -0.0179573
vn 1.0000000 -0.0000000 0.0000000
vn 0.8919537 0.0000000 -0.4521267
vn 0.5494438 -0.0000000 -0.8355307
vn 0.0000000 0.0000000 -1.0000000
vn -0.5494438 0.0000000 -0.8355307
vn -0.8919537 -0.0000000 -0.4521267
vn -1.0000000 -0.0000000 -0.0000000
vn -0.8919537 0.0000000 0.4521267
vn -0.5494438 -0.0000000 0.8355307
vn 0.0000000 0.0000000 1.0000000
vn 0.5494438 0.0000000 0.8355307
vn 0.8919537 -0.0000000 0.4521267
vn 1.0000000 -0.0000000 0.0000000
vn 0.9554662 0.2945536 0.0179573
vn 0.8587241 0.3019517 -0.4140267
vn 0.5383253 0.3200462 -0.7796001
vn 0.0229989 0.3312142 -0.9432752
vn -0.5021378 0.3215218 -0.8027959
vn -0.8411927 0.3031899 -0.4477395
vn -0.9554662 0.2945536 -0.0179573
vn -0.8587241 0.3019517 0.4140267
vn -0.5383253 0.3200462 0.7796001
vn -0.0229989 0.3312142 0.9432752
vn 0.5021378 0.3215218 0.8027959
vn 0.8411927 0.3031899 0.4477395
vn 0.9554662 0.2945536 0.0179573
vn 0.8076992 0.5885022 0.0358777
vn 0.7312436 0.5977586 -0.3285840
vn 0.4643663 0.6221679 -0.6302944
vn 0.0443009 0.6379919 -0.7687677
vn -0.3924217 0.6267739 -0.6731714
vn -0.6944457 0.6018399 -0.3943778
vn -0.8076992 0.5885022 -0.0358777
vn -0.7312436 0.5977586 0.3285840
vn -0.4643663 0.6221679 0.6302944
vn -0.0443009 0.6379919 0.7687677
vn 0.3924217 0.6267739 0.6731714
vn 0.6944457 0.6018399 0.3943778
vn 0.8076992 0.5885022 0.0358777
vn 0.5372334 0.8418706 0.0513241
vn 0.4970047 0.8461576 -0.1923633
vn 0.3262998 0.8604808 -0.3912816
vn 0.0604674 0.8708098 -0.4878872
vn -0.2242747 0.8661392 -0.4466583
vn -0.4410350 0.8515364 -0.2835028
vn -0.5372334 0.8418706 -0.0513241
vn -0.4970047 0.8461576 0.1923633
vn -0.3262998 0.8604808 0.3912816
vn -0.0604674 0.8708098 0.4878872
vn 0.2242747 0.8661392 0.4466583
vn 0.4410350 0.8515364 0.2835028
vn 0.5372334 0.8418706 0.0513241
vn 0.0000000 1.0000000 0.0000000
s 1
f 1301/1301/1301 1303/1303/1303 1302/1302/1302
f 1301/1301/1301 1304/1304/1304 1303/1303/1303
f 1301/1301/1301 1305/1305/1305 1304/1304/1304
f 1301/1301/1301 1306/1306/1306 1305/1305/1305
f 1301/1301/1301 1307/1307/1307 1306/1306/1306
f 1301/1301/1301 1308/1308/1308 1307/1307/1307
f 1301/1301/1301 1309/1309/1309 1308/1308/1308
f 1301/1301/1301 1310/1310/1310 1309/1309/1309
f 1301/1301/1301 1311/1311/1311 1310/1310/1310
f 1301/1301/1301 1312/1312/1312 1311/1311/1311
f 1301/1301/1301 1313/1313/1313 1312/1312/1312
f 1301/1301/1301 1314/1314/1314 1313/1313/1313
f 1302/1302/1302 1303/1303/1303 1316/1316/1316
f 1302/1302/1302 1316/1316/1316 1315/1315/1315
f 1303/1303/1303 1304/1304/1304 1317/1317/1317
f 1303/1303/1303 1317/1317/1317 1316/1316/1316
f 1304/1304/1304 1305/1305/1305 1318/1318/1318
f 1304/1304/1304 1318/1318/1318 1317/1317/1317
f 1305/1305/1305 1306/1306/1306 1319/1319/1319
f 1305/1305/1305 1319/1319/1319 1318/1318/1318
f 1306/1306/1306 1307/1307/1307 1320/1320/1320
f 1306/1306/1306 1320/1320/1320 1319/1319/1319
f 1307/1307/1307 1308/1308/1308 1321/1321/1321
f 1307/1307/1307 1321/1321/1321 1320/1320/1320
f 1308/1308/1308 1309/1309/1309 1322/1322/1322
f 1308/1308/1308 1322/1322/1322 1321/1321/1321
f 1309/1309/1309 1310/1310/1310 1323/1323/1323
f 1309/1309/1309 1323/1323/1323 1322/1322/1322
f 1310/1310/1310 1311/1311/1311 1324/1324/1324
f 1310/1310/1310 1324/1324/1324 1323/1323/1323
f 1311/1311/1311 1312/1312/1312 1325/1325/1325
f 1311/1311/1311 1325/1325/1325 1324/1324/1324
f 1312/1312/1312 1313/1313/1313 1326/1326/1326
f 1312/1312/1312 1326/1326/1326 1325/1325/1325
f 1313/1313/1313 1314/1314/1314 1327/1327/1327
f 1313/1313/1313 1327/1327/1327 1326/1326/1326
f 1315/1315/1315 1316/1316/1316 1329/1329/1329
f 1315/1315/1315 1329/1329/1329 1328/1328/1328
f 1316/1316/1316 1317/1317/1317 1330/1330/1330
f 1316/1316/1316 1330/1330/1330 1329/1329/1329
f 1317/1317/1317 1318/1318/1318 1331/1331/1331
f 1317/1317/1317 1331/1331/1331 1330/1330/1330
f 1318/1318/1318 1319/1319/1319 1332/1332/1332
f 1318/1318/1318 1332/1332/1332 1331/1331/1331
f 1319/1319/1319 1320/1320/1320 1333/1333/1333
f 1319/1319/1319 1333/1333/1333 1332/1332/1332
f 1320/1320/1320 1321/1321/1321 1334/1334/1334
f 1320/1320/1320 1334/1334/1334 1333/1333/1333
f 1321/1321/1321 1322/1322/1322 1335/1335/1335
f 1321/1321/1321 1335/1335/1335 1334/1334/1334
f 1322/1322/1322 1323/1323/1323 1336/1336/1336
f 1322/1322/1322 1336/1336/1336 1335/1335/1335
f 1323/1323/1323 1324/1324/1324 1337/1337/1337
f 1323/1323/1323 1337/1337/1337 1336/1336/1336
f 1324/1324/1324 1325/1325/1325 1338/1338/1338
f 1324/1324/1324 1338/1338/1338 1337/1337/1337
f 1325/1325/1325 1326/1326/1326 1339/1339/1339
f 1325/1325/1325 1339/1339/1339 1338/1338/1338
f 1326/1326/1326 1327/1327/1327 1340/1340/1340
f 1326/1326/1326 1340/1340/1340 1339/1339/1339
f 1328/1328/1328 1329/1329/1329 1342/1342/1342
f 1328/1328/1328 1342/1342/1342 1341/1341/1341
f 1329/1329/1329 1330/1330/1330 1343/1343/1343
f 1329/1329/1329 1343/1343/1343 1342/1342/1342
f 1330/1330/1330 1331/1331/1331 1344/1344/1344
f 1330/1330/1330 1344/1344/1344 1343/1343/1343
f 1331/1331/1331 1332/1332/1332 1345/1345/1345
f 1331/1331/1331 1345/1345/1345 1344/1344/1344
f 1332/1332/1332 1333/1333/1333 1346/1346/1346
f 1332/1332/1332 1346/1346/1346 1345/1345/1345
f 1333/1333/1333 1334/1334/1334 1347/1347/1347
f 1333/1333/1333 1347/1347/1347 1346/1346/1346
f 1334/1334/1334 1335/1335/1335 1348/1348/1348
f 1334/1334/1334 1348/1348/1348 1347/1347/1347
f 1335/1335/1335 1336/1336/1336 1349/1349/1349
f 1335/1335/1335 1349/1349/1349 1348/1348/1348
f 1336/1336/1336 1337/1337/1337 1350/1350/1350
f 1336/1336/1336 1350/1350/1350 1349/1349/1349
f 1337/1337/1337 1338/1338/1338 1351/1351/1351
f 1337/1337/1337 1351/1351/1351 1350/1350/1350
f 1338/1338/1338 1339/1339/1339 1352/1352/1352
f 1338/1338/1338 1352/1352/1352 1351/1351/1351
f 1339/1339/1339 1340/1340/1340 1353/1353/1353
f 1339/1339/1339 1353/1353/1353 1352/1352/1352
f 1341/1341/1341 1342/1342/1342 1355/1355/1355
f 1341/1341/1341 1355/1355/1355 1354/1354/1354
f 1342/1342/1342 1343/1343/1343 1356/1356/1356
f 1342/1342/1342 1356/1356/1356 1355/1355/1355
f 1343/1343/1343 1344/1344/1344 1357/1357/1357
f 1343/1343/1343 1357/1357/1357 1356/1356/1356
f 1344/1344/1344 1345/1345/1345 1358/1358/1358
f 1344/1344/1344 1358/1358/1358 1357/1357/1357
f 1345/1345/1345 1346/1346/1346 1359/1359/1359
f 1345/1345/1345 1359/1359/1359 1358/1358/1358
f 1346/1346/1346 1347/1347/1347 1360/1360/1360
f 1346/1346/1346 1360/1360/1360 1359/1359/1359
f 1347/1347/1347 1348/1348/1348 1361/1361/1361
f 1347/1347/1347 1361/1361/1361 1360/1360/1360
f 1348/1348/1348 1349/1349/1349 1362/1362/1362
f 1348/1348/1348 1362/1362/1362 1361/1361/1361
f 1349/1349/1349 1350/1350/1350 1363/1363/1363
f 1349/1349/1349 1363/1363/1363 1362/1362/1362
f 1350/1350/1350 1351/1351/1351 1364/1364/1364
f 1350/1350/1350 1364/1364/1364 1363/1363/1363
f 1351/1351/1351 1352/1352/1352 1365/1365/1365
f 1351/1351/1351 1365/1365/1365 1364/1364/1364
f 1352/1352/1352 1353/1353/1353 1366/1366/1366
f 1352/1352/1352 1366/1366/1366 1365/1365/1365
f 1354/1354/1354 1355/1355/1355 1368/1368/1368
f 1354/1354/1354 1368/1368/1368 1367/1367/1367
f 1355/1355/1355 1356/1356/1356 1369/1369/1369
f 1355/1355/1355 1369/1369/1369 1368/1368/1368
f 1356/1356/1356 1357/1357/1357 1370/1370/1370
f 1356/1356/1356 1370/1370/1370 1369/1369/1369
f 1357/1357/1357 1358/1358/1358 1371/1371/1371
f 1357/1357/1357 1371/1371/1371 1370/1370/1370
f 1358/1358/1358 1359/1359/1359 1372/1372/1372
f 1358/1358/1358 1372/1372/1372 1371/1371/1371
f 1359/1359/1359 1360/1360/1360 1373/1373/1373
f 1359/1359/1359 1373/1373/1373 1372/1372/1372
f 1360/1360/1360 1361/1361/1361 1374/1374/1374
f 1360/1360/1360 1374/1374/1374 1373/1373/1373
f 1361/1361/1361 1362/1362/1362 1375/1375/1375
f 1361/1361/1361 1375/1375/1375 1374/1374/1374
f 1362/1362/1362 1363/1363/1363 1376/1376/1376
f 1362/1362/1362 1376/1376/1376 1375/1375/1375
f 1363/1363/1363 1364/1364/1364 1377/1377/1377
f 1363/1363/1363 1377/1377/1377 1376/1376/1376
f 1364/1364/1364 1365/1365/1365 1378/1378/1378
f 1364/1364/1364 1378/1378/1378 1377/1377/1377
f 1365/1365/1365 1366/1366/1366 1379/1379/1379
f 1365/1365/1365 1379/1379/1379 1378/1378/1378
f 1367/1367/1367 1368/1368/1368 1381/1381/1381
f 1367/1367/1367 1381/1381/1381 1380/1380/1380
f 1368/1368/1368 1369/1369/1369 1382/1382/1382
f 1368/1368/1368 1382/1382/1382 1381/1381/1381
f 1369/1369/1369 1370/1370/1370 1383/1383/1383
f 1369/1369/1369 1383/1383/1383 1382/1382/1382
f 1370/1370/1370 1371/1371/1371 1384/1384/1384
f 1370/1370/1370 1384/1384/1384 1383/1383/1383
f 1371/1371/1371 1372/1372/1372 1385/1385/1385
f 1371/1371/1371 1385/1385/1385 1384/1384/1384
f 1372/1372/1372 1373/1373/1373 1386/1386/1386
f 1372/1372/1372 1386/1386/1386 1385/1385/1385
f 1373/1373/1373 1374/1374/1374 1387/1387/1387
f 1373/1373/1373 1387/1387/1387 1386/1386/1386
f 1374/1374/1374 1375/1375/1375 1388/1388/1388
f 1374/1374/1374 1388/1388/1388 1387/1387/1387
f 1375/1375/1375 1376/1376/1376 1389/1389/1389
f 1375/1375/1375 1389/1389/1389 1388/1388/1388
f 1376/1376/1376 1377/1377/1377 1390/1390/1390
f 1376/1376/1376 1390/1390/1390 1389/1389/1389
f 1377/1377/1377 1378/1378/1378 1391/1391/1391
f 1377/1377/1377 1391/1391/1391 1390/1390/1390
f 1378/1378/1378 1379/1379/1379 1392/1392/1392
f 1378/1378/1378 1392/1392/1392 1391/1391/1391
f 1380/1380/1380 1381/1381/1381 1393/1393/1393
f 1381/1381/1381 1382/1382/1382 1393/1393/1393
f 1382/1382/1382 1383/1383/1383 1393/1393/1393
f 1383/1383/1383 1384/1384/1384 1393/1393/1393
f 1384/1384/1384 1385/1385/1385 1393/1393/1393
f 1385/1385/1385 1386/1386/1386 1393/1393/1393
f 1386/1386/1386 1387/1387/1387 1393/1393/1393
f 1387/1387/1387 1388/1388/1388 1393/1393/1393
f 1388/1388/1388 1389/1389/1389 1393/1393/1393
f 1389/1389/1389 1390/1390/1390 1393/1393/1393
f 1390/1390/1390 1391/1391/1391 1393/1393/1393
f 1391/1391/1391 1392/1392/1392 1393/1393/1393
o Eye_glint_1
v 24.727346 6.867487 -2.418390
v 24.778668 6.882417 -2.418390
v 24.763636 6.882417 -2.461446
v 24.727346 6.882417 -2.479281
v 24.691055 6.882417 -2.461446
v 24.676023 6.882417 -2.418390
v 24.691055 6.882417 -2.375333
v 24.727346 6.882417 -2.357498
v 24.763636 6.882417 -2.375333
v 24.778668 6.882417 -2.418390
v 24.816238 6.923206 -2.418390
v 24.790202 6.923206 -2.492966
v 24.727346 6.923206 -2.523857
v 24.664489 6.923206 -2.492966
v 24.638453 6.923206 -2.418390
v 24.664489 6.923206 -2.343813
v 24.727346 6.923206 -2.312923
v 24.790202 6.923206 -2.343813
v 24.816238 6.923206 -2.418390
v 24.829990 6.978926 -2.418390
v 24.799926 6.978926 -2.504503
v 24.727346 6.978926 -2.540173
v 24.654765 6.978926 -2.504503
v 24.624701 6.978926 -2.418390
v 24.654765 6.978926 -2.332276
v 24.727346 6.978926 -2.296607
v 24.799926 6.978926 -2.332276
v 24.829990 6.978926 -2.418390
v 24.816238 7.034645 -2.418390
v 24.790202 7.034645 -2.492966
v 24.727346 7.034645 -2.523857
v 24.664489 7.034645 -2.492966
v 24.638453 7.034645 -2.418390
v 24.664489 7.034645 -2.343813
v 24.727346 7.034645 -2.312923
v 24.790202 7.034645 -2.343813
v 24.816238 7.034645 -2.418390
v 24.778668 7.075435 -2.418390
v 24.763636 7.075435 -2.461446
v 24.727346 7.075435 -2.479281
v 24.691055 7.075435 -2.461446
v 24.676023 7.075435 -2.418390
v 24.691055 7.075435 -2.375333
v 24.727346 7.075435 -2.357498
v 24.763636 7.075435 -2.375333
v 24.778668 7.075435 -2.418390
v 24.727346 7.090365 -2.418390
vt 0.9042969 0.0910937
vt 0.8304687 0.1327344
vt 0.8489258 0.1327344
vt 0.8673828 0.1327344
vt 0.8858398 0.1327344
vt 0.9042969 0.1327344
vt 0.9227539 0.1327344
vt 0.9412109 0.1327344
vt 0.9596680 0.1327344
vt 0.9781250 0.1327344
vt 0.8304687 0.1103125
vt 0.8489258 0.1103125
vt 0.8673828 0.1103125
vt 0.8858398 0.1103125
vt 0.9042969 0.1103125
vt 0.9227539 0.1103125
vt 0.9412109 0.1103125
vt 0.9596680 0.1103125
vt 0.9781250 0.1103125
vt 0.8304687 0.0878906
vt 0.8489258 0.0878906
vt 0.8673828 0.0878906
vt 0.8858398 0.0878906
vt 0.9042969 0.0878906
vt 0.9227539 0.0878906
vt 0.9412109 0.0878906
vt 0.9596680 0.0878906
vt 0.9781250 0.0878906
vt 0.8304687 0.0654687
vt 0.8489258 0.0654687
vt 0.8673828 0.0654687
vt 0.8858398 0.0654687
vt 0.9042969 0.0654687
vt 0.9227539 0.0654687
vt 0.9412109 0.0654687
vt 0.9596680 0.0654687
vt 0.9781250 0.0654687
vt 0.8304687 0.0430469
vt 0.8489258 0.0430469
vt 0.8673828 0.0430469
vt 0.8858398 0.0430469
vt 0.9042969 0.0430469
vt 0.9227539 0.0430469
vt 0.9412109 0.0430469
vt 0.9596680 0.0430469
vt 0.9781250 0.0430469
vt 0.9042969 0.0910937
vn 0.0000000 -1.0000000 0.0000000
vn 0.5979116 -0.7974598 -0.0809911
vn 0.3673734 -0.8256273 -0.4282247
vn -0.1013384 -0.8409981 -0.5314628
vn -0.4992421 -0.8112845 -0.3042612
vn -0.5979116 -0.7974598 0.0809911
vn -0.3673734 -0.8256273 0.4282247
vn 0.1013384 -0.8409981 0.5314628
vn 0.4992421 -0.8112845 0.3042612
vn 0.5979116 -0.7974598 -0.0809911
vn 0.8938123 -0.4461462 -0.0453112
vn 0.6365426 -0.4780938 -0.6051775
vn -0.0612858 -0.5086056 -0.8588157
vn -0.7068083 -0.4706322 -0.5281358
vn -0.8938123 -0.4461462 0.0453112
vn -0.6365426 -0.4780938 0.6051775
vn 0.0612858 -0.5086056 0.8588157
vn 0.7068083 -0.4706322 0.5281358
vn 0.8938123 -0.4461462 -0.0453112
vn 1.0000000 0.0000000 0.0000000
vn 0.7646310 0.0000000 -0.6444683
vn 0.0000000 -0.0000000 -1.0000000
vn -0.7646310 -0.0000000 -0.6444683
vn -1.0000000 0.0000000 -0.0000000
vn -0.7646310 0.0000000 0.6444683
vn -0.0000000 0.0000000 1.0000000
vn 0.7646310 -0.0000000 0.6444683
vn 1.0000000 0.0000000 0.0000000
vn 0.8938123 0.4461462 0.0453112
vn 0.7068083 0.4706322 -0.5281358
vn 0.0612858 0.5086056 -0.8588157
vn -0.6365426 0.4780938 -0.6051775
vn -0.8938123 0.4461462 -0.0453112
vn -0.7068083 0.4706322 0.5281358
vn -0.0612858 0.5086056 0.8588157
vn 0.6365426 0.4780938 0.6051775
vn 0.8938123 0.4461462 0.0453112
vn 0.5979116 0.7974598 0.0809911
vn 0.4992421 0.8112845 -0.3042612
vn 0.1013384 0.8409981 -0.5314628
vn -0.3673734 0.8256273 -0.4282247
vn -0.5979116 0.7974598 -0.0809911
vn -0.4992421 0.8112845 0.3042612
vn -0.1013384 0.8409981 0.5314628
vn 0.3673734 0.8256273 0.4282247
vn 0.5979116 0.7974598 0.0809911
vn 0.0000000 1.0000000 -0.0000000
s 1
f 1394/1394/1394 1396/1396/1396 1395/1395/1395
f 1394/1394/1394 1397/1397/1397 1396/1396/1396
f 1394/1394/1394 1398/1398/1398 1397/1397/1397
f 1394/1394/1394 1399/1399/1399 1398/1398/1398
f 1394/1394/1394 1400/1400/1400 1399/1399/1399
f 1394/1394/1394 1401/1401/1401 1400/1400/1400
f 1394/1394/1394 1402/1402/1402 1401/1401/1401
f 1394/1394/1394 1403/1403/1403 1402/1402/1402
f 1395/1395/1395 1396/1396/1396 1405/1405/1405
f 1395/1395/1395 1405/1405/1405 1404/1404/1404
f 1396/1396/1396 1397/1397/1397 1406/1406/1406
f 1396/1396/1396 1406/1406/1406 1405/1405/1405
f 1397/1397/1397 1398/1398/1398 1407/1407/1407
f 1397/1397/1397 1407/1407/1407 1406/1406/1406
f 1398/1398/1398 1399/1399/1399 1408/1408/1408
f 1398/1398/1398 1408/1408/1408 1407/1407/1407
f 1399/1399/1399 1400/1400/1400 1409/1409/1409
f 1399/1399/1399 1409/1409/1409 1408/1408/1408
f 1400/1400/1400 1401/1401/1401 1410/1410/1410
f 1400/1400/1400 1410/1410/1410 1409/1409/1409
f 1401/1401/1401 1402/1402/1402 1411/1411/1411
f 1401/1401/1401 1411/1411/1411 1410/1410/1410
f 1402/1402/1402 1403/1403/1403 1412/1412/1412
f 1402/1402/1402 1412/1412/1412 1411/1411/1411
f 1404/1404/1404 1405/1405/1405 1414/1414/1414
f 1404/1404/1404 1414/1414/1414 1413/1413/1413
f 1405/1405/1405 1406/1406/1406 1415/1415/1415
f 1405/1405/1405 1415/1415/1415 1414/1414/1414
f 1406/1406/1406 1407/1407/1407 1416/1416/1416
f 1406/1406/1406 1416/1416/1416 1415/1415/1415
f 1407/1407/1407 1408/1408/1408 1417/1417/1417
f 1407/1407/1407 1417/1417/1417 1416/1416/1416
f 1408/1408/1408 1409/1409/1409 1418/1418/1418
f 1408/1408/1408 1418/1418/1418 1417/1417/1417
f 1409/1409/1409 1410/1410/1410 1419/1419/1419
f 1409/1409/1409 1419/1419/1419 1418/1418/1418
f 1410/1410/1410 1411/1411/1411 1420/1420/1420
f 1410/1410/1410 1420/1420/1420 1419/1419/1419
f 1411/1411/1411 1412/1412/1412 1421/1421/1421
f 1411/1411/1411 1421/1421/1421 1420/1420/1420
f 1413/1413/1413 1414/1414/1414 1423/1423/1423
f 1413/1413/1413 1423/1423/1423 1422/1422/1422
f 1414/1414/1414 1415/1415/1415 1424/1424/1424
f 1414/1414/1414 1424/1424/1424 1423/1423/1423
f 1415/1415/1415 1416/1416/1416 1425/1425/1425
f 1415/1415/1415 1425/1425/1425 1424/1424/1424
f 1416/1416/1416 1417/1417/1417 1426/1426/1426
f 1416/1416/1416 1426/1426/1426 1425/1425/1425
f 1417/1417/1417 1418/1418/1418 1427/1427/1427
f 1417/1417/1417 1427/1427/1427 1426/1426/1426
f 1418/1418/1418 1419/1419/1419 1428/1428/1428
f 1418/1418/1418 1428/1428/1428 1427/1427/1427
f 1419/1419/1419 1420/1420/1420 1429/1429/1429
f 1419/1419/1419 1429/1429/1429 1428/1428/1428
f 1420/1420/1420 1421/1421/1421 1430/1430/1430
f 1420/1420/1420 1430/1430/1430 1429/1429/1429
f 1422/1422/1422 1423/1423/1423 1432/1432/1432
f 1422/1422/1422 1432/1432/1432 1431/1431/1431
f 1423/1423/1423 1424/1424/1424 1433/1433/1433
f 1423/1423/1423 1433/1433/1433 1432/1432/1432
f 1424/1424/1424 1425/1425/1425 1434/1434/1434
f 1424/1424/1424 1434/1434/1434 1433/1433/1433
f 1425/1425/1425 1426/1426/1426 1435/1435/1435
f 1425/1425/1425 1435/1435/1435 1434/1434/1434
f 1426/1426/1426 1427/1427/1427 1436/1436/1436
f 1426/1426/1426 1436/1436/1436 1435/1435/1435
f 1427/1427/1427 1428/1428/1428 1437/1437/1437
f 1427/1427/1427 1437/1437/1437 1436/1436/1436
f 1428/1428/1428 1429/1429/1429 1438/1438/1438
f 1428/1428/1428 1438/1438/1438 1437/1437/1437
f 1429/1429/1429 1430/1430/1430 1439/1439/1439
f 1429/1429/1429 1439/1439/1439 1438/1438/1438
f 1431/1431/1431 1432/1432/1432 1440/1440/1440
f 1432/1432/1432 1433/1433/1433 1440/1440/1440
f 1433/1433/1433 1434/1434/1434 1440/1440/1440
f 1434/1434/1434 1435/1435/1435 1440/1440/1440
f 1435/1435/1435 1436/1436/1436 1440/1440/1440
f 1436/1436/1436 1437/1437/1437 1440/1440/1440
f 1437/1437/1437 1438/1438/1438 1440/1440/1440
f 1438/1438/1438 1439/1439/1439 1440/1440/1440
o Tooth_0
v 25.938051 5.196090 1.328773
v 25.811048 5.160634 1.499143
v 25.557042 5.089722 1.499143
v 25.430039 5.054265 1.328773
v 25.557042 5.089722 1.158404
v 25.811048 5.160634 1.158404
v 25.938051 5.196090 1.328773
v 26.112699 4.534576 1.328773
v 26.095765 4.529848 1.351489
v 26.061898 4.520393 1.351489
v 26.044964 4.515666 1.328773
v 26.061898 4.520393 1.306057
v 26.095765 4.529848 1.306057
v 26.112699 4.534576 1.328773
v 25.684045 5.125178 1.328773
v 26.078832 4.525121 1.328773
vt 0.6132812 0.1679688
vt 0.6132812 0.1412760
vt 0.6132812 0.1145833
vt 0.6132812 0.0878906
vt 0.6132812 0.0611979
vt 0.6132812 0.0345052
vt 0.6132812 0.0078125
vt 0.7851562 0.1679688
vt 0.7851562 0.1412760
vt 0.7851562 0.1145833
vt 0.7851562 0.0878906
vt 0.7851562 0.0611979
vt 0.7851562 0.0345052
vt 0.7851562 0.0078125
vt 0.6132812 0.0878906
vt 0.7851562 0.0878906
vn 0.8207978 0.5693921 0.0456479
vn 0.3138282 0.2306656 0.9210349
vn -0.3748015 -0.2219365 0.9001489
vn -0.8479544 -0.5280366 -0.0463752
vn -0.3268615 -0.1907330 -0.9256255
vn 0.3610777 0.2620671 -0.8949546
vn 0.8207978 0.5693921 0.0456479
vn 0.8274240 0.2089031 -0.5212763
vn 0.7081252 0.1485762 0.6902781
vn 0.0002733 -0.2588314 0.9659225
vn -0.5821604 -0.6748595 0.4534908
vn -0.4980600 -0.6106790 -0.6156357
vn 0.1231525 -0.1806384 -0.9758090
vn 0.8274240 0.2089031 -0.5212763
vn -0.2688931 0.9631700 -0.0000000
vn 0.2688931 -0.9631700 -0.0000000
s 1
f 1441/1441/1441 1442/1442/1442 1449/1449/1449
f 1441/1441/1441 1449/1449/1449 1448/1448/1448
f 1442/1442/1442 1443/1443/1443 1450/1450/1450
f 1442/1442/1442 1450/1450/1450 1449/1449/1449
f 1443/1443/1443 1444/1444/1444 1451/1451/1451
f 1443/1443/1443 1451/1451/1451 1450/1450/1450
f 1444/1444/1444 1445/1445/1445 1452/1452/1452
f 1444/1444/1444 1452/1452/1452 1451/1451/1451
f 1445/1445/1445 1446/1446/1446 1453/1453/1453
f 1445/1445/1445 1453/1453/1453 1452/1452/1452
f 1446/1446/1446 1447/1447/1447 1454/1454/1454
f 1446/1446/1446 1454/1454/1454 1453/1453/1453
f 1455/1455/1455 1442/1442/1442 1441/1441/1441
f 1455/1455/1455 1443/1443/1443 1442/1442/1442
f 1455/1455/1455 1444/1444/1444 1443/1443/1443
f 1455/1455/1455 1445/1445/1445 1444/1444/1444
f 1455/1455/1455 1446/1446/1446 1445/1445/1445
f 1455/1455/1455 1447/1447/1447 1446/1446/1446
f 1456/1456/1456 1448/1448/1448 1449/1449/1449
f 1456/1456/1456 1449/1449/1449 1450/1450/1450
f 1456/1456/1456 1450/1450/1450 1451/1451/1451
f 1456/1456/1456 1451/1451/1451 1452/1452/1452
f 1456/1456/1456 1452/1452/1452 1453/1453/1453
f 1456/1456/1456 1453/1453/1453 1454/1454/1454
o Tooth_1
v 25.938051 5.196090 0.793464
v 25.811048 5.160634 0.963834
v 25.557042 5.089722 0.963834
v 25.430039 5.054265 0.793464
v 25.557042 5.089722 0.623095
v 25.811048 5.160634 0.623095
v 25.938051 5.196090 0.793464
v 26.112699 4.534576 0.793464
v 26.095765 4.529848 0.816180
v 26.061898 4.520393 0.816180
v 26.044964 4.515666 0.793464
v 26.061898 4.520393 0.770748
v 26.095765 4.529848 0.770748
v 26.112699 4.534576 0.793464
v 25.684045 5.125178 0.793464
v 26.078832 4.525121 0.793464
vt 0.6132812 0.1679688
vt 0.6132812 0.1412760
vt 0.6132812 0.1145833
vt 0.6132812 0.0878906
vt 0.6132812 0.0611979
vt 0.6132812 0.0345052
vt 0.6132812 0.0078125
vt 0.7851562 0.1679688
vt 0.7851562 0.1412760
vt 0.7851562 0.1145833
vt 0.7851562 0.0878906
vt 0.7851562 0.0611979
vt 0.7851562 0.0345052
vt 0.7851562 0.0078125
vt 0.6132812 0.0878906
vt 0.7851562 0.0878906
vn 0.8207978 0.5693921 0.0456479
vn 0.3138282 0.2306656 0.9210349
vn -0.3748015 -0.2219365 0.9001489
vn -0.8479544 -0.5280366 -0.0463752
vn -0.3268615 -0.1907330 -0.9256255
vn 0.3610777 0.2620671 -0.8949546
vn 0.8207978 0.5693921 0.0456479
vn 0.8274240 0.2089031 -0.5212763
vn 0.7081252 0.1485762 0.6902781
vn 0.0002733 -0.2588314 0.9659225
vn -0.5821604 -0.6748595 0.4534908
vn -0.4980600 -0.6106790 -0.6156357
vn 0.1231525 -0.1806384 -0.9758090
vn 0.8274240 0.2089031 -0.5212763
vn -0.2688931 0.9631700 -0.0000000
vn 0.2688931 -0.9631700 -0.0000000
s 1
f 1457/1457/1457 1458/1458/1458 1465/1465/1465
f 1457/1457/1457 1465/1465/1465 1464/1464/1464
f 1458/1458/1458 1459/1459/1459 1466/1466/1466
f 1458/1458/1458 1466/1466/1466 1465/1465/1465
f 1459/1459/1459 1460/1460/1460 1467/1467/1467
f 1459/1459/1459 1467/1467/1467 1466/1466/1466
f 1460/1460/1460 1461/1461/1461 1468/1468/1468
f 1460/1460/1460 1468/1468/1468 1467/1467/1467
f 1461/1461/1461 1462/1462/1462 1469/1469/1469
f 1461/1461/1461 1469/1469/1469 1468/1468/1468
f 1462/1462/1462 1463/1463/1463 1470/1470/1470
f 1462/1462/1462 1470/1470/1470 1469/1469/1469
f 1471/1471/1471 1458/1458/1458 1457/1457/1457
f 1471/1471/1471 1459/1459/1459 1458/1458/1458
f 1471/1471/1471 1460/1460/1460 1459/1459/1459
f 1471/1471/1471 1461/1461/1461 1460/1460/1460
f 1471/1471/1471 1462/1462/1462 1461/1461/1461
f 1471/1471/1471 1463/1463/1463 1462/1462/1462
f 1472/1472/1472 1464/1464/1464 1465/1465/1465
f 1472/1472/1472 1465/1465/1465 1466/1466/1466
f 1472/1472/1472 1466/1466/1466 1467/1467/1467
f 1472/1472/1472 1467/1467/1467 1468/1468/1468
f 1472/1472/1472 1468/1468/1468 1469/1469/1469
f 1472/1472/1472 1469/1469/1469 1470/1470/1470
o Tooth_2
v 25.938051 5.196090 0.258155
v 25.811048 5.160634 0.428525
v 25.557042 5.089722 0.428525
v 25.430039 5.054265 0.258155
v 25.557042 5.089722 0.087786
v 25.811048 5.160634 0.087786
v 25.938051 5.196090 0.258155
v 26.112699 4.534576 0.258155
v 26.095765 4.529848 0.280871
v 26.061898 4.520393 0.280871
v 26.044964 4.515666 0.258155
v 26.061898 4.520393 0.235439
v 26.095765 4.529848 0.235439
v 26.112699 4.534576 0.258155
v 25.684045 5.125178 0.258155
v 26.078832 4.525121 0.258155
vt 0.6132812 0.1679688
vt 0.6132812 0.1412760
vt 0.6132812 0.1145833
vt 0.6132812 0.0878906
vt 0.6132812 0.0611979
vt 0.6132812 0.0345052
vt 0.6132812 0.0078125
vt 0.7851562 0.1679688
vt 0.7851562 0.1412760
vt 0.7851562 0.1145833
vt 0.7851562 0.0878906
vt 0.7851562 0.0611979
vt 0.7851562 0.0345052
vt 0.7851562 0.0078125
vt 0.6132812 0.0878906
vt 0.7851562 0.0878906
vn 0.8207978 0.5693921 0.0456479
vn 0.3138282 0.2306656 0.9210349
vn -0.3748015 -0.2219365 0.9001489
vn -0.8479544 -0.5280366 -0.0463752
vn -0.3268615 -0.1907330 -0.9256255
vn 0.3610777 0.2620671 -0.8949546
vn 0.8207978 0.5693921 0.0456479
vn 0.8274240 0.2089031 -0.5212763
vn 0.7081252 0.1485762 0.6902781
vn 0.0002733 -0.2588314 0.9659225
vn -0.5821604 -0.6748595 0.4534908
vn -0.4980600 -0.6106790 -0.6156357
vn 0.1231525 -0.1806384 -0.9758090
vn 0.8274240 0.2089031 -0.5212763
vn -0.2688931 0.9631700 -0.0000000
vn 0.2688931 -0.9631700 -0.0000000
s 1
f 1473/1473/1473 1474/1474/1474 1481/1481/1481
f 1473/1473/1473 1481/1481/1481 1480/1480/1480
f 1474/1474/1474 1475/1475/1475 1482/1482/1482
f 1474/1474/1474 1482/1482/1482 1481/1481/1481
f 1475/1475/1475 1476/1476/1476 1483/1483/1483
f 1475/1475/1475 1483/1483/1483 1482/1482/1482
f 1476/1476/1476 1477/1477/1477 1484/1484/1484
f 1476/1476/1476 1484/1484/1484 1483/1483/1483
f 1477/1477/1477 1478/1478/1478 1485/1485/1485
f 1477/1477/1477 1485/1485/1485 1484/1484/1484
f 1478/1478/1478 1479/1479/1479 1486/1486/1486
f 1478/1478/1478 1486/1486/1486 1485/1485/1485
f 1487/1487/1487 1474/1474/1474 1473/1473/1473
f 1487/1487/1487 1475/1475/1475 1474/1474/1474
f 1487/1487/1487 1476/1476/1476 1475/1475/1475
f 1487/1487/1487 1477/1477/1477 1476/1476/1476
f 1487/1487/1487 1478/1478/1478 1477/1477/1477
f 1487/1487/1487 1479/1479/1479 1478/1478/1478
f 1488/1488/1488 1480/1480/1480 1481/1481/1481
f 1488/1488/1488 1481/1481/1481 1482/1482/1482
f 1488/1488/1488 1482/1482/1482 1483/1483/1483
f 1488/1488/1488 1483/1483/1483 1484/1484/1484
f 1488/1488/1488 1484/1484/1484 1485/1485/1485
f 1488/1488/1488 1485/1485/1485 1486/1486/1486
o Tooth_3
v 25.938051 5.196090 -0.277154
v 25.811048 5.160634 -0.106784
v 25.557042 5.089722 -0.106784
v 25.430039 5.054265 -0.277154
v 25.557042 5.089722 -0.447523
v 25.811048 5.160634 -0.447523
v 25.938051 5.196090 -0.277154
v 26.112699 4.534576 -0.277154
v 26.095765 4.529848 -0.254438
v 26.061898 4.520393 -0.254438
v 26.044964 4.515666 -0.277154
v 26.061898 4.520393 -0.299870
v 26.095765 4.529848 -0.299870
v 26.112699 4.534576 -0.277154
v 25.684045 5.125178 -0.277154
v 26.078832 4.525121 -0.277154
vt 0.6132812 0.1679688
vt 0.6132812 0.1412760
vt 0.6132812 0.1145833
vt 0.6132812 0.0878906
vt 0.6132812 0.0611979
vt 0.6132812 0.0345052
vt 0.6132812 0.0078125
vt 0.7851562 0.1679688
vt 0.7851562 0.1412760
vt 0.7851562 0.1145833
vt 0.7851562 0.0878906
vt 0.7851562 0.0611979
vt 0.7851562 0.0345052
vt 0.7851562 0.0078125
vt 0.6132812 0.0878906
vt 0.7851562 0.0878906
vn 0.8207978 0.5693921 0.0456479
vn 0.3138282 0.2306656 0.9210349
vn -0.3748015 -0.2219365 0.9001489
vn -0.8479544 -0.5280366 -0.0463752
vn -0.3268615 -0.1907330 -0.9256255
vn 0.3610777 0.2620671 -0.8949546
vn 0.8207978 0.5693921 0.0456479
vn 0.8274240 0.2089031 -0.5212763
vn 0.7081252 0.1485762 0.6902781
vn 0.0002733 -0.2588314 0.9659225
vn -0.5821604 -0.6748595 0.4534908
vn -0.4980600 -0.6106790 -0.6156357
vn 0.1231525 -0.1806384 -0.9758090
vn 0.8274240 0.2089031 -0.5212763
vn -0.2688931 0.9631700 -0.0000000
vn 0.2688931 -0.9631700 -0.0000000
s 1
f 1489/1489/1489 1490/1490/1490 1497/1497/1497
f 1489/1489/1489 1497/1497/1497 1496/1496/1496
f 1490/1490/1490 1491/1491/1491 1498/1498/1498
f 1490/1490/1490 1498/1498/1498 1497/1497/1497
f 1491/1491/1491 1492/1492/1492 1499/1499/1499
f 1491/1491/1491 1499/1499/1499 1498/1498/1498
f 1492/1492/1492 1493/1493/1493 1500/1500/1500
f 1492/1492/1492 1500/1500/1500 1499/1499/1499
f 1493/1493/1493 1494/1494/1494 1501/1501/1501
f 1493/1493/1493 1501/1501/1501 1500/1500/1500
f 1494/1494/1494 1495/1495/1495 1502/1502/1502
f 1494/1494/1494 1502/1502/1502 1501/1501/1501
f 1503/1503/1503 1490/1490/1490 1489/1489/1489
f 1503/1503/1503 1491/1491/1491 1490/1490/1490
f 1503/1503/1503 1492/1492/1492 1491/1491/1491
f 1503/1503/1503 1493/1493/1493 1492/1492/1492
f 1503/1503/1503 1494/1494/1494 1493/1493/1493
f 1503/1503/1503 1495/1495/1495 1494/1494/1494
f 1504/1504/1504 1496/1496/1496 1497/1497/1497
f 1504/1504/1504 1497/1497/1497 1498/1498/1498
f 1504/1504/1504 1498/1498/1498 1499/1499/1499
f 1504/1504/1504 1499/1499/1499 1500/1500/1500
f 1504/1504/1504 1500/1500/1500 1501/1501/1501
f 1504/1504/1504 1501/1501/1501 1502/1502/1502
o Tooth_4
v 25.938051 5.196090 -0.812463
v 25.811048 5.160634 -0.642093
v 25.557042 5.089722 -0.642093
v 25.430039 5.054265 -0.812463
v 25.557042 5.089722 -0.982832
v 25.811048 5.160634 -0.982832
v 25.938051 5.196090 -0.812463
v 26.112699 4.534576 -0.812463
v 26.095765 4.529848 -0.789747
v 26.061898 4.520393 -0.789747
v 26.044964 4.515666 -0.812463
v 26.061898 4.520393 -0.835179
v 26.095765 4.529848 -0.835179
v 26.112699 4.534576 -0.812463
v 25.684045 5.125178 -0.812463
v 26.078832 4.525121 -0.812463
vt 0.6132812 0.1679688
vt 0.6132812 0.1412760
vt 0.6132812 0.1145833
vt 0.6132812 0.0878906
vt 0.6132812 0.0611979
vt 0.6132812 0.0345052
vt 0.6132812 0.0078125
vt 0.7851562 0.1679688
vt 0.7851562 0.1412760
vt 0.7851562 0.1145833
vt 0.7851562 0.0878906
vt 0.7851562 0.0611979
vt 0.7851562 0.0345052
vt 0.7851562 0.0078125
vt 0.6132812 0.0878906
vt 0.7851562 0.0878906
vn 0.8207978 0.5693921 0.0456479
vn 0.3138282 0.2306656 0.9210349
vn -0.3748015 -0.2219365 0.9001489
vn -0.8479544 -0.5280366 -0.0463752
vn -0.3268615 -0.1907330 -0.9256255
vn 0.3610777 0.2620671 -0.8949546
vn 0.8207978 0.5693921 0.0456479
vn 0.8274240 0.2089031 -0.5212763
vn 0.7081252 0.1485762 0.6902781
vn 0.0002733 -0.2588314 0.9659225
vn -0.5821604 -0.6748595 0.4534908
vn -0.4980600 -0.6106790 -0.6156357
vn 0.1231525 -0.1806384 -0.9758090
vn 0.8274240 0.2089031 -0.5212763
vn -0.2688931 0.9631700 -0.0000000
vn 0.2688931 -0.9631700 -0.0000000
s 1
f 1505/1505/1505 1506/1506/1506 1513/1513/1513
f 1505/1505/1505 1513/1513/1513 1512/1512/1512
f 1506/1506/1506 1507/1507/1507 1514/1514/1514
f 1506/1506/1506 1514/1514/1514 1513/1513/1513
f 1507/1507/1507 1508/1508/1508 1515/1515/1515
f 1507/1507/1507 1515/1515/1515 1514/1514/1514
f 1508/1508/1508 1509/1509/1509 1516/1516/1516
f 1508/1508/1508 1516/1516/1516 1515/1515/1515
f 1509/1509/1509 1510/1510/1510 1517/1517/1517
f 1509/1509/1509 1517/1517/1517 1516/1516/1516
f 1510/1510/1510 1511/1511/1511 1518/1518/1518
f 1510/1510/1510 1518/1518/1518 1517/1517/1517
f 1519/1519/1519 1506/1506/1506 1505/1505/1505
f 1519/1519/1519 1507/1507/1507 1506/1506/1506
f 1519/1519/1519 1508/1508/1508 1507/1507/1507
f 1519/1519/1519 1509/1509/1509 1508/1508/1508
f 1519/1519/1519 1510/1510/1510 1509/1509/1509
f 1519/1519/1519 1511/1511/1511 1510/1510/1510
f 1520/1520/1520 1512/1512/1512 1513/1513/1513
f 1520/1520/1520 1513/1513/1513 1514/1514/1514
f 1520/1520/1520 1514/1514/1514 1515/1515/1515
f 1520/1520/1520 1515/1515/1515 1516/1516/1516
f 1520/1520/1520 1516/1516/1516 1517/1517/1517
f 1520/1520/1520 1517/1517/1517 1518/1518/1518
o Tooth_5
v 25.938051 5.196090 -1.347772
v 25.811048 5.160634 -1.177402
v 25.557042 5.089722 -1.177402
v 25.430039 5.054265 -1.347772
v 25.557042 5.089722 -1.518142
v 25.811048 5.160634 -1.518142
v 25.938051 5.196090 -1.347772
v 26.112699 4.534576 -1.347772
v 26.095765 4.529848 -1.325056
v 26.061898 4.520393 -1.325056
v 26.044964 4.515666 -1.347772
v 26.061898 4.520393 -1.370488
v 26.095765 4.529848 -1.370488
v 26.112699 4.534576 -1.347772
v 25.684045 5.125178 -1.347772
v 26.078832 4.525121 -1.347772
vt 0.6132812 0.1679688
vt 0.6132812 0.1412760
vt 0.6132812 0.1145833
vt 0.6132812 0.0878906
vt 0.6132812 0.0611979
vt 0.6132812 0.0345052
vt 0.6132812 0.0078125
vt 0.7851562 0.1679688
vt 0.7851562 0.1412760
vt 0.7851562 0.1145833
vt 0.7851562 0.0878906
vt 0.7851562 0.0611979
vt 0.7851562 0.0345052
vt 0.7851562 0.0078125
vt 0.6132812 0.0878906
vt 0.7851562 0.0878906
vn 0.8207978 0.5693921 0.0456479
vn 0.3138282 0.2306656 0.9210349
vn -0.3748015 -0.2219365 0.9001489
vn -0.8479544 -0.5280366 -0.0463752
vn -0.3268615 -0.1907330 -0.9256255
vn 0.3610777 0.2620671 -0.8949546
vn 0.8207978 0.5693921 0.0456479
vn 0.8274240 0.2089031 -0.5212763
vn 0.7081252 0.1485762 0.6902781
vn 0.0002733 -0.2588314 0.9659225
vn -0.5821604 -0.6748595 0.4534908
vn -0.4980600 -0.6106790 -0.6156357
vn 0.1231525 -0.1806384 -0.9758090
vn 0.8274240 0.2089031 -0.5212763
vn -0.2688931 0.9631700 -0.0000000
vn 0.2688931 -0.9631700 -0.0000000
s 1
f 1521/1521/1521 1522/1522/1522 1529/1529/1529
f 1521/1521/1521 1529/1529/1529 1528/1528/1528
f 1522/1522/1522 1523/1523/1523 1530/1530/1530
f 1522/1522/1522 1530/1530/1530 1529/1529/1529
f 1523/1523/1523 1524/1524/1524 1531/1531/1531
f 1523/1523/1523 1531/1531/1531 1530/1530/1530
f 1524/1524/1524 1525/1525/1525 1532/1532/1532
f 1524/1524/1524 1532/1532/1532 1531/1531/1531
f 1525/1525/1525 1526/1526/1526 1533/1533/1533
f 1525/1525/1525 1533/1533/1533 1532/1532/1532
f 1526/1526/1526 1527/1527/1527 1534/1534/1534
f 1526/1526/1526 1534/1534/1534 1533/1533/1533
f 1535/1535/1535 1522/1522/1522 1521/1521/1521
f 1535/1535/1535 1523/1523/1523 1522/1522/1522
f 1535/1535/1535 1524/1524/1524 1523/1523/1523
f 1535/1535/1535 1525/1525/1525 1524/1524/1524
f 1535/1535/1535 1526/1526/1526 1525/1525/1525
f 1535/1535/1535 1527/1527/1527 1526/1526/1526
f 1536/1536/1536 1528/1528/1528 1529/1529/1529
f 1536/1536/1536 1529/1529/1529 1530/1530/1530
f 1536/1536/1536 1530/1530/1530 1531/1531/1531
f 1536/1536/1536 1531/1531/1531 1532/1532/1532
f 1536/1536/1536 1532/1532/1532 1533/1533/1533
f 1536/1536/1536 1533/1533/1533 1534/1534/1534
o Tooth_6
v 25.938051 5.196090 -1.883081
v 25.811048 5.160634 -1.712711
v 25.557042 5.089722 -1.712711
v 25.430039 5.054265 -1.883081
v 25.557042 5.089722 -2.053451
v 25.811048 5.160634 -2.053451
v 25.938051 5.196090 -1.883081
v 26.112699 4.534576 -1.883081
v 26.095765 4.529848 -1.860365
v 26.061898 4.520393 -1.860365
v 26.044964 4.515666 -1.883081
v 26.061898 4.520393 -1.905797
v 26.095765 4.529848 -1.905797
v 26.112699 4.534576 -1.883081
v 25.684045 5.125178 -1.883081
v 26.078832 4.525121 -1.883081
vt 0.6132812 0.1679688
vt 0.6132812 0.1412760
vt 0.6132812 0.1145833
vt 0.6132812 0.0878906
vt 0.6132812 0.0611979
vt 0.6132812 0.0345052
vt 0.6132812 0.0078125
vt 0.7851562 0.1679688
vt 0.7851562 0.1412760
vt 0.7851562 0.1145833
vt 0.7851562 0.0878906
vt 0.7851562 0.0611979
vt 0.7851562 0.0345052
vt 0.7851562 0.0078125
vt 0.6132812 0.0878906
vt 0.7851562 0.0878906
vn 0.8207978 0.5693921 0.0456479
vn 0.3138282 0.2306656 0.9210349
vn -0.3748015 -0.2219365 0.9001489
vn -0.8479544 -0.5280366 -0.0463752
vn -0.3268615 -0.1907330 -0.9256255
vn 0.3610777 0.2620671 -0.8949546
vn 0.8207978 0.5693921 0.0456479
vn 0.8274240 0.2089031 -0.5212763
vn 0.7081252 0.1485762 0.6902781
vn 0.0002733 -0.2588314 0.9659225
vn -0.5821604 -0.6748595 0.4534908
vn -0.4980600 -0.6106790 -0.6156357
vn 0.1231525 -0.1806384 -0.9758090
vn 0.8274240 0.2089031 -0.5212763
vn -0.2688931 0.9631700 -0.0000000
vn 0.2688931 -0.9631700 -0.0000000
s 1
f 1537/1537/1537 1538/1538/1538 1545/1545/1545
f 1537/1537/1537 1545/1545/1545 1544/1544/1544
f 1538/1538/1538 1539/1539/1539 1546/1546/1546
f 1538/1538/1538 1546/1546/1546 1545/1545/1545
f 1539/1539/1539 1540/1540/1540 1547/1547/1547
f 1539/1539/1539 1547/1547/1547 1546/1546/1546
f 1540/1540/1540 1541/1541/1541 1548/1548/1548
f 1540/1540/1540 1548/1548/1548 1547/1547/1547
f 1541/1541/1541 1542/1542/1542 1549/1549/1549
f 1541/1541/1541 1549/1549/1549 1548/1548/1548
f 1542/1542/1542 1543/1543/1543 1550/1550/1550
f 1542/1542/1542 1550/1550/1550 1549/1549/1549
f 1551/1551/1551 1538/1538/1538 1537/1537/1537
f 1551/1551/1551 1539/1539/1539 1538/1538/1538
f 1551/1551/1551 1540/1540/1540 1539/1539/1539
f 1551/1551/1551 1541/1541/1541 1540/1540/1540
f 1551/1551/1551 1542/1542/1542 1541/1541/1541
f 1551/1551/1551 1543/1543/1543 1542/1542/1542
f 1552/1552/1552 1544/1544/1544 1545/1545/1545
f 1552/1552/1552 1545/1545/1545 1546/1546/1546
f 1552/1552/1552 1546/1546/1546 1547/1547/1547
f 1552/1552/1552 1547/1547/1547 1548/1548/1548
f 1552/1552/1552 1548/1548/1548 1549/1549/1549
f 1552/1552/1552 1549/1549/1549 1550/1550/1550
o Tooth_7
v 25.938051 5.196090 -2.418390
v 25.811048 5.160634 -2.248020
v 25.557042 5.089722 -2.248020
v 25.430039 5.054265 -2.418390
v 25.557042 5.089722 -2.588760
v 25.811048 5.160634 -2.588760
v 25.938051 5.196090 -2.418390
v 26.112699 4.534576 -2.418390
v 26.095765 4.529848 -2.395674
v 26.061898 4.520393 -2.395674
v 26.044964 4.515666 -2.418390
v 26.061898 4.520393 -2.441106
v 26.095765 4.529848 -2.441106
v 26.112699 4.534576 -2.418390
v 25.684045 5.125178 -2.418390
v 26.078832 4.525121 -2.418390
vt 0.6132812 0.1679688
vt 0.6132812 0.1412760
vt 0.6132812 0.1145833
vt 0.6132812 0.0878906
vt 0.6132812 0.0611979
vt 0.6132812 0.0345052
vt 0.6132812 0.0078125
vt 0.7851562 0.1679688
vt 0.7851562 0.1412760
vt 0.7851562 0.1145833
vt 0.7851562 0.0878906
vt 0.7851562 0.0611979
vt 0.7851562 0.0345052
vt 0.7851562 0.0078125
vt 0.6132812 0.0878906
vt 0.7851562 0.0878906
vn 0.8207978 0.5693921 0.0456479
vn 0.3138282 0.2306656 0.9210349
vn -0.3748015 -0.2219365 0.9001489
vn -0.8479544 -0.5280366 -0.0463752
vn -0.3268615 -0.1907330 -0.9256255
vn 0.3610777 0.2620671 -0.8949546
vn 0.8207978 0.5693921 0.0456479
vn 0.8274240 0.2089031 -0.5212763
vn 0.7081252 0.1485762 0.6902781
vn 0.0002733 -0.2588314 0.9659225
vn -0.5821604 -0.6748595 0.4534908
vn -0.4980600 -0.6106790 -0.6156357
vn 0.1231525 -0.1806384 -0.9758090
vn 0.8274240 0.2089031 -0.5212763
vn -0.2688931 0.9631700 -0.0000000
vn 0.2688931 -0.9631700 -0.0000000
s 1
f 1553/1553/1553 1554/1554/1554 1561/1561/1561
f 1553/1553/1553 1561/1561/1561 1560/1560/1560
f 1554/1554/1554 1555/1555/1555 1562/1562/1562
f 1554/1554/1554 1562/1562/1562 1561/1561/1561
f 1555/1555/1555 1556/1556/1556 1563/1563/1563
f 1555/1555/1555 1563/1563/1563 1562/1562/1562
f 1556/1556/1556 1557/1557/1557 1564/1564/1564
f 1556/1556/1556 1564/1564/1564 1563/1563/1563
f 1557/1557/1557 1558/1558/1558 1565/1565/1565
f 1557/1557/1557 1565/1565/1565 1564/1564/1564
f 1558/1558/1558 1559/1559/1559 1566/1566/1566
f 1558/1558/1558 1566/1566/1566 1565/1565/1565
f 1567/1567/1567 1554/1554/1554 1553/1553/1553
f 1567/1567/1567 1555/1555/1555 1554/1554/1554
f 1567/1567/1567 1556/1556/1556 1555/1555/1555
f 1567/1567/1567 1557/1557/1557 1556/1556/1556
f 1567/1567/1567 1558/1558/1558 1557/1557/1557
f 1567/1567/1567 1559/1559/1559 1558/1558/1558
f 1568/1568/1568 1560/1560/1560 1561/1561/1561
f 1568/1568/1568 1561/1561/1561 1562/1562/1562
f 1568/1568/1568 1562/1562/1562 1563/1563/1563
f 1568/1568/1568 1563/1563/1563 1564/1564/1564
f 1568/1568/1568 1564/1564/1564 1565/1565/1565
f 1568/1568/1568 1565/1565/1565 1566/1566/1566
o Dorsal_fin_0
v -19.058425 3.410729 -3.261501
v -17.742470 6.839627 -3.261501
v -15.110560 4.267953 -3.261501
v -19.058425 3.410729 -3.448860
v -17.742470 6.839627 -3.448860
v -15.110560 4.267953 -3.448860
vt 0.0433594 0.3289062
vt 0.1855469 0.3289062
vt 0.3277344 0.3289062
vt 0.0433594 0.2257813
vt 0.1855469 0.2257813
vt 0.3277344 0.2257813
vn -0.0257509 -0.0988277 0.9947713
vn -0.0643783 0.0790635 0.9947886
vn 0.0902146 0.0197845 0.9957258
vn -0.0902146 -0.0197845 -0.9957258
vn 0.0257509 0.0988277 -0.9947713
vn 0.0643783 -0.0790635 -0.9947886
s 1
f 1571/1571/1571 1570/1570/1570 1569/1569/1569
f 1572/1572/1572 1573/1573/1573 1574/1574/1574
f 1571/1571/1571 1574/1574/1574 1573/1573/1573
f 1571/1571/1571 1573/1573/1573 1570/1570/1570
f 1570/1570/1570 1573/1573/1573 1572/1572/1572
f 1570/1570/1570 1572/1572/1572 1569/1569/1569
f 1569/1569/1569 1572/1572/1572 1574/1574/1574
f 1569/1569/1569 1574/1574/1574 1571/1571/1571
o Dorsal_fin_1
v -16.426515 3.410729 -3.261501
v -15.110560 6.839627 -3.261501
v -12.478650 4.267953 -3.261501
v -16.426515 3.410729 -3.448860
v -15.110560 6.839627 -3.448860
v -12.478650 4.267953 -3.448860
vt 0.0433594 0.3289062
vt 0.1855469 0.3289062
vt 0.3277344 0.3289062
vt 0.0433594 0.2257813
vt 0.1855469 0.2257813
vt 0.3277344 0.2257813
vn -0.0257509 -0.0988277 0.9947713
vn -0.0643783 0.0790635 0.9947886
vn 0.0902146 0.0197845 0.9957258
vn -0.0902146 -0.0197845 -0.9957258
vn 0.0257509 0.0988277 -0.9947713
vn 0.0643783 -0.0790635 -0.9947886
s 1
f 1577/1577/1577 1576/1576/1576 1575/1575/1575
f 1578/1578/1578 1579/1579/1579 1580/1580/1580
f 1577/1577/1577 1580/1580/1580 1579/1579/1579
f 1577/1577/1577 1579/1579/1579 1576/1576/1576
f 1576/1576/1576 1579/1579/1579 1578/1578/1578
f 1576/1576/1576 1578/1578/1578 1575/1575/1575
f 1575/1575/1575 1578/1578/1578 1580/1580/1580
f 1575/1575/1575 1580/1580/1580 1577/1577/1577
o Dorsal_fin_2
v -13.794605 3.410729 -3.261501
v -12.478650 6.839627 -3.261501
v -9.846740 4.267953 -3.261501
v -13.794605 3.410729 -3.448860
v -12.478650 6.839627 -3.448860
v -9.846740 4.267953 -3.448860
vt 0.0433594 0.3289062
vt 0.1855469 0.3289062
vt 0.3277344 0.3289062
vt 0.0433594 0.2257813
vt 0.1855469 0.2257813
vt 0.3277344 0.2257813
vn -0.0257509 -0.0988277 0.9947713
vn -0.0643783 0.0790635 0.9947886
vn 0.0902146 0.0197845 0.9957258
vn -0.0902146 -0.0197845 -0.9957258
vn 0.0257509 0.0988277 -0.9947713
vn 0.0643783 -0.0790635 -0.9947886
s 1
f 1583/1583/1583 1582/1582/1582 1581/1581/1581
f 1584/1584/1584 1585/1585/1585 1586/1586/1586
f 1583/1583/1583 1586/1586/1586 1585/1585/1585
f 1583/1583/1583 1585/1585/1585 1582/1582/1582
f 1582/1582/1582 1585/1585/1585 1584/1584/1584
f 1582/1582/1582 1584/1584/1584 1581/1581/1581
f 1581/1581/1581 1584/1584/1584 1586/1586/1586
f 1581/1581/1581 1586/1586/1586 1583/1583/1583
o Dorsal_fin_3
v -11.162695 3.410729 -3.261501
v -9.846740 6.839627 -3.261501
v -7.214830 4.267953 -3.261501
v -11.162695 3.410729 -3.448860
v -9.846740 6.839627 -3.448860
v -7.214830 4.267953 -3.448860
vt 0.0433594 0.3289062
vt 0.1855469 0.3289062
vt 0.3277344 0.3289062
vt 0.0433594 0.2257813
vt 0.1855469 0.2257813
vt 0.3277344 0.2257813
vn -0.0257509 -0.0988277 0.9947713
vn -0.0643783 0.0790635 0.9947886
vn 0.0902146 0.0197845 0.9957258
vn -0.0902146 -0.0197845 -0.9957258
vn 0.0257509 0.0988277 -0.9947713
vn 0.0643783 -0.0790635 -0.9947886
s 1
f 1589/1589/1589 1588/1588/1588 1587/1587/1587
f 1590/1590/1590 1591/1591/1591 1592/1592/1592
f 1589/1589/1589 1592/1592/1592 1591/1591/1591
f 1589/1589/1589 1591/1591/1591 1588/1588/1588
f 1588/1588/1588 1591/1591/1591 1590/1590/1590
f 1588/1588/1588 1590/1590/1590 1587/1587/1587
f 1587/1587/1587 1590/1590/1590 1592/1592/1592
f 1587/1587/1587 1592/1592/1592 1589/1589/1589
o Dorsal_fin_4
v -8.530785 3.410729 -3.261501
v -7.214830 6.839627 -3.261501
v -4.582920 4.267953 -3.261501
v -8.530785 3.410729 -3.448860
v -7.214830 6.839627 -3.448860
v -4.582920 4.267953 -3.448860
vt 0.0433594 0.3289062
vt 0.1855469 0.3289062
vt 0.3277344 0.3289062
vt 0.0433594 0.2257813
vt 0.1855469 0.2257813
vt 0.3277344 0.2257813
vn -0.0257509 -0.0988277 0.9947713
vn -0.0643783 0.0790635 0.9947886
vn 0.0902146 0.0197845 0.9957258
vn -0.0902146 -0.0197845 -0.9957258
vn 0.0257509 0.0988277 -0.9947713
vn 0.0643783 -0.0790635 -0.9947886
s 1
f 1595/1595/1595 1594/1594/1594 1593/1593/1593
f 1596/1596/1596 1597/1597/1597 1598/1598/1598
f 1595/1595/1595 1598/1598/1598 1597/1597/1597
f 1595/1595/1595 1597/1597/1597 1594/1594/1594
f 1594/1594/1594 1597/1597/1597 1596/1596/1596
f 1594/1594/1594 1596/1596/1596 1593/1593/1593
f 1593/1593/1593 1596/1596/1596 1598/1598/1598
f 1593/1593/1593 1598/1598/1598 1595/1595/1595
o Dorsal_fin_5
v -5.898875 3.410729 -3.261501
v -4.582920 6.839627 -3.261501
v -1.951010 4.267953 -3.261501
v -5.898875 3.410729 -3.448860
v -4.582920 6.839627 -3.448860
v -1.951010 4.267953 -3.448860
vt 0.0433594 0.3289062
vt 0.1855469 0.3289062
vt 0.3277344 0.3289062
vt 0.0433594 0.2257813
vt 0.1855469 0.2257813
vt 0.3277344 0.2257813
vn -0.0257509 -0.0988277 0.9947713
vn -0.0643783 0.0790635 0.9947886
vn 0.0902146 0.0197845 0.9957258
vn -0.0902146 -0.0197845 -0.9957258
vn 0.0257509 0.0988277 -0.9947713
vn 0.0643783 -0.0790635 -0.9947886
s 1
f 1601/1601/1601 1600/1600/1600 1599/1599/1599
f 1602/1602/1602 1603/1603/1603 1604/1604/1604
f 1601/1601/1601 1604/1604/1604 1603/1603/1603
f 1601/1601/1601 1603/1603/1603 1600/1600/1600
f 1600/1600/1600 1603/1603/1603 1602/1602/1602
f 1600/1600/1600 1602/1602/1602 1599/1599/1599
f 1599/1599/1599 1602/1602/1602 1604/1604/1604
f 1599/1599/1599 1604/1604/1604 1601/1601/1601
o Dorsal_fin_6
v -3.266965 3.410729 -3.261501
v -1.951010 6.839627 -3.261501
v 0.680900 4.267953 -3.261501
v -3.266965 3.410729 -3.448860
v -1.951010 6.839627 -3.448860
v 0.680900 4.267953 -3.448860
vt 0.0433594 0.3289062
vt 0.1855469 0.3289062
vt 0.3277344 0.3289062
vt 0.0433594 0.2257813
vt 0.1855469 0.2257813
vt 0.3277344 0.2257813
vn -0.0257509 -0.0988277 0.9947713
vn -0.0643783 0.0790635 0.9947886
vn 0.0902146 0.0197845 0.9957258
vn -0.0902146 -0.0197845 -0.9957258
vn 0.0257509 0.0988277 -0.9947713
vn 0.0643783 -0.0790635 -0.9947886
s 1
f 1607/1607/1607 1606/1606/1606 1605/1605/1605
f 1608/1608/1608 1609/1609/1609 1610/1610/1610
f 1607/1607/1607 1610/1610/1610 1609/1609/1609
f 1607/1607/1607 1609/1609/1609 1606/1606/1606
f 1606/1606/1606 1609/1609/1609 1608/1608/1608
f 1606/1606/1606 1608/1608/1608 1605/1605/1605
f 1605/1605/1605 1608/1608/1608 1610/1610/1610
f 1605/1605/1605 1610/1610/1610 1607/1607/1607
o Dorsal_fin_7
v -0.635055 3.410729 -3.261501
v 0.680900 6.839627 -3.261501
v 3.312810 4.267953 -3.261501
v -0.635055 3.410729 -3.448860
v 0.680900 6.839627 -3.448860
v 3.312810 4.267953 -3.448860
vt 0.0433594 0.3289062
vt 0.1855469 0.3289062
vt 0.3277344 0.3289062
vt 0.0433594 0.2257813
vt 0.1855469 0.2257813
vt 0.3277344 0.2257813
vn -0.0257509 -0.0988277 0.9947713
vn -0.0643783 0.0790635 0.9947886
vn 0.0902146 0.0197845 0.9957258
vn -0.0902146 -0.0197845 -0.9957258
vn 0.0257509 0.0988277 -0.9947713
vn 0.0643783 -0.0790635 -0.9947886
s 1
f 1613/1613/1613 1612/1612/1612 1611/1611/1611
f 1614/1614/1614 1615/1615/1615 1616/1616/1616
f 1613/1613/1613 1616/1616/1616 1615/1615/1615
f 1613/1613/1613 1615/1615/1615 1612/1612/1612
f 1612/1612/1612 1615/1615/1615 1614/1614/1614
f 1612/1612/1612 1614/1614/1614 1611/1611/1611
f 1611/1611/1611 1614/1614/1614 1616/1616/1616
f 1611/1611/1611 1616/1616/1616 1613/1613/1613
o Dorsal_fin_8
v 1.996855 3.410729 -3.261501
v 3.312810 6.839627 -3.261501
v 5.944720 4.267953 -3.261501
v 1.996855 3.410729 -3.448860
v 3.312810 6.839627 -3.448860
v 5.944720 4.267953 -3.448860
vt 0.0433594 0.3289062
vt 0.1855469 0.3289062
vt 0.3277344 0.3289062
vt 0.0433594 0.2257813
vt 0.1855469 0.2257813
vt 0.3277344 0.2257813
vn -0.0257509 -0.0988277 0.9947713
vn -0.0643783 0.0790635 0.9947886
vn 0.0902146 0.0197845 0.9957258
vn -0.0902146 -0.0197845 -0.9957258
vn 0.0257509 0.0988277 -0.9947713
vn 0.0643783 -0.0790635 -0.9947886
s 1
f 1619/1619/1619 1618/1618/1618 1617/1617/1617
f 1620/1620/1620 1621/1621/1621 1622/1622/1622
f 1619/1619/1619 1622/1622/1622 1621/1621/1621
f 1619/1619/1619 1621/1621/1621 1618/1618/1618
f 1618/1618/1618 1621/1621/1621 1620/1620/1620
f 1618/1618/1618 1620/1620/1620 1617/1617/1617
f 1617/1617/1617 1620/1620/1620 1622/1622/1622
f 1617/1617/1617 1622/1622/1622 1619/1619/1619
o Dorsal_fin_9
v 4.628765 3.410729 -3.261501
v 5.944720 6.839627 -3.261501
v 8.576630 4.267953 -3.261501
v 4.628765 3.410729 -3.448860
v 5.944720 6.839627 -3.448860
v 8.576630 4.267953 -3.448860
vt 0.0433594 0.3289062
vt 0.1855469 0.3289062
vt 0.3277344 0.3289062
vt 0.0433594 0.2257813
vt 0.1855469 0.2257813
vt 0.3277344 0.2257813
vn -0.0257509 -0.0988277 0.9947713
vn -0.0643783 0.0790635 0.9947886
vn 0.0902146 0.0197845 0.9957258
vn -0.0902146 -0.0197845 -0.9957258
vn 0.0257509 0.0988277 -0.9947713
vn 0.0643783 -0.0790635 -0.9947886
s 1
f 1625/1625/1625 1624/1624/1624 1623/1623/1623
f 1626/1626/1626 1627/1627/1627 1628/1628/1628
f 1625/1625/1625 1628/1628/1628 1627/1627/1627
f 1625/1625/1625 1627/1627/1627 1624/1624/1624
f 1624/1624/1624 1627/1627/1627 1626/1626/1626
f 1624/1624/1624 1626/1626/1626 1623/1623/1623
f 1623/1623/1623 1626/1626/1626 1628/1628/1628
f 1623/1623/1623 1628/1628/1628 1625/1625/1625
o Dorsal_fin_10
v 7.260675 3.410729 -3.261501
v 8.576630 6.839627 -3.261501
v 11.208540 4.267953 -3.261501
v 7.260675 3.410729 -3.448860
v 8.576630 6.839627 -3.448860
v 11.208540 4.267953 -3.448860
vt 0.0433594 0.3289062
vt 0.1855469 0.3289062
vt 0.3277344 0.3289062
vt 0.0433594 0.2257813
vt 0.1855469 0.2257813
vt 0.3277344 0.2257813
vn -0.0257509 -0.0988277 0.9947713
vn -0.0643783 0.0790635 0.9947886
vn 0.0902146 0.0197845 0.9957258
vn -0.0902146 -0.0197845 -0.9957258
vn 0.0257509 0.0988277 -0.9947713
vn 0.0643783 -0.0790635 -0.9947886
s 1
f 1631/1631/1631 1630/1630/1630 1629/1629/1629
f 1632/1632/1632 1633/1633/1633 1634/1634/1634
f 1631/1631/1631 1634/1634/1634 1633/1633/1633
f 1631/1631/1631 1633/1633/1633 1630/1630/1630
f 1630/1630/1630 1633/1633/1633 1632/1632/1632
f 1630/1630/1630 1632/1632/1632 1629/1629/1629
f 1629/1629/1629 1632/1632/1632 1634/1634/1634
f 1629/1629/1629 1634/1634/1634 1631/1631/1631
o Dorsal_fin_11
v 9.892585 3.410729 -3.261501
v 11.208540 6.839627 -3.261501
v 13.840450 4.267953 -3.261501
v 9.892585 3.410729 -3.448860
v 11.208540 6.839627 -3.448860
v 13.840450 4.267953 -3.448860
vt 0.0433594 0.3289062
vt 0.1855469 0.3289062
vt 0.3277344 0.3289062
vt 0.0433594 0.2257813
vt 0.1855469 0.2257813
vt 0.3277344 0.2257813
vn -0.0257509 -0.0988277 0.9947713
vn -0.0643783 0.0790635 0.9947886
vn 0.0902146 0.0197845 0.9957258
vn -0.0902146 -0.0197845 -0.9957258
vn 0.0257509 0.0988277 -0.9947713
vn 0.0643783 -0.0790635 -0.9947886
s 1
f 1637/1637/1637 1636/1636/1636 1635/1635/1635
f 1638/1638/1638 1639/1639/1639 1640/1640/1640
f 1637/1637/1637 1640/1640/1640 1639/1639/1639
f 1637/1637/1637 1639/1639/1639 1636/1636/1636
f 1636/1636/1636 1639/1639/1639 1638/1638/1638
f 1636/1636/1636 1638/1638/1638 1635/1635/1635
f 1635/1635/1635 1638/1638/1638 1640/1640/1640
f 1635/1635/1635 1640/1640/1640 1637/1637/1637
