# Project Broom original creature MK_TROLL; CC-BY-SA-4.0
# OBJ axes X=forward Y=up Z=-BlenderY; one diffuse skin via MODELDEF
o Leg_-1
v 5.116723 41.156984 4.966968
v 4.295613 41.186758 7.117163
v 2.097575 41.015747 8.841485
v -1.042041 40.677822 9.798411
v -4.501397 40.239913 9.798411
v -7.595325 39.788753 8.841485
v -9.711034 39.413700 7.117163
v -10.429483 39.189037 4.966968
v -9.608373 39.159263 2.816774
v -7.410335 39.330273 1.092452
v -4.270719 39.668198 0.135526
v -0.811363 40.106108 0.135526
v 2.282565 40.557268 1.092452
v 4.398274 40.932321 2.816774
v 5.116723 41.156984 4.966968
v 5.845281 38.212168 5.189456
v 5.070697 38.239444 7.218766
v 2.997907 38.074111 8.846401
v 0.037453 37.748915 9.749987
v -3.224312 37.328265 9.750559
v -6.141354 36.895477 8.848003
v -8.135918 36.536268 7.221081
v -8.812956 36.321786 5.192026
v -8.038372 36.294510 3.162716
v -5.965582 36.459843 1.535081
v -3.005128 36.785039 0.631494
v 0.256637 37.205688 0.630922
v 3.173679 37.638477 1.533479
v 5.168243 37.997685 3.160400
v 5.845281 38.212168 5.189456
v 6.974612 33.899639 5.519460
v 6.265406 33.928042 7.373805
v 4.364584 33.793537 8.860072
v 1.648627 33.522766 9.683885
v -1.344535 33.169357 9.682080
v -4.022072 32.803307 8.855014
v -5.853664 32.497118 7.366497
v -6.476540 32.311434 5.511349
v -5.767335 32.283031 3.657004
v -3.866513 32.417536 2.170738
v -1.150556 32.688307 1.346924
v 1.842607 33.041716 1.348729
v 4.520143 33.407765 2.175795
v 6.351735 33.713954 3.664312
v 6.974612 33.899639 5.519460
v 7.969247 28.883477 5.873531
v 7.329187 28.919804 7.539088
v 5.605372 28.850431 8.871209
v 3.139222 28.689100 9.606048
v 0.419190 28.467763 9.598064
v -2.015988 28.230259 8.848837
v -3.683997 28.023629 7.506760
v -4.254465 27.888798 5.837649
v -3.614406 27.852471 4.172092
v -1.890590 27.921844 2.839972
v 0.575559 28.083176 2.105132
v 3.295591 28.304512 2.113116
v 5.730770 28.542016 2.862343
v 7.398778 28.748646 4.204420
v 7.969247 28.883477 5.873531
v 8.233127 23.875496 6.160799
v 7.654278 23.927198 7.664407
v 6.085535 23.954940 8.863301
v 3.837605 23.953228 9.520024
v 1.355720 23.922401 9.504505
v -0.868554 23.868564 8.819817
v -2.394672 23.802382 7.601571
v -2.920366 23.736961 6.091056
v -2.341518 23.685259 4.587448
v -0.772775 23.657517 3.388554
v 1.475155 23.659229 2.731831
v 3.957040 23.690056 2.747351
v 6.181314 23.743892 3.432038
v 7.707432 23.810075 4.650284
v 8.233127 23.875496 6.160799
v 7.284777 18.764718 6.350877
v 6.759667 18.827893 7.721517
v 5.335532 18.930841 8.812254
v 3.294440 19.053174 9.407053
v 1.040655 19.170661 9.388108
v -0.979434 19.260033 8.759171
v -2.365724 19.303588 7.644811
v -2.843642 19.292700 6.265740
v -2.318531 19.229525 4.895100
v -0.894396 19.126576 3.804363
v 1.146696 19.004244 3.209564
v 3.400481 18.886757 3.228509
v 5.420570 18.797385 3.857446
v 6.806859 18.753830 4.971806
v 7.284777 18.764718 6.350877
v 5.577396 13.474627 6.488974
v 5.101039 13.539024 7.737002
v 3.811657 13.666196 8.729473
v 1.964627 13.830955 9.269814
v -0.074222 14.000668 9.251006
v -1.901073 14.141722 8.676772
v -3.154095 14.226179 7.660848
v -3.585111 14.237311 6.404448
v -3.108754 14.172914 5.156420
v -1.819372 14.045742 4.163949
v 0.027658 13.880983 3.623608
v 2.066507 13.711270 3.642416
v 3.893358 13.570216 4.216650
v 5.146380 13.485759 5.232574
v 5.577396 13.474627 6.488974
v 3.801182 8.808348 6.588504
v 3.364401 8.869235 7.734171
v 2.183163 8.994582 8.645079
v 0.491425 9.159563 9.140812
v -1.375742 9.331502 9.123185
v -3.048525 9.476343 8.595688
v -4.195607 9.565400 7.662799
v -4.589794 9.581033 6.509288
v -4.153014 9.520147 5.363622
v -2.971776 9.394799 4.452714
v -1.280038 9.229818 3.956980
v 0.587130 9.057880 3.974608
v 2.259912 8.913038 4.502104
v 3.406994 8.823981 5.434993
v 3.801182 8.808348 6.588504
v 2.605296 5.596877 6.659573
v 2.195912 5.653572 7.733119
v 1.088535 5.769286 8.586718
v -0.497503 5.921102 9.051304
v -2.248069 6.078949 9.034861
v -3.816442 6.211565 8.540644
v -4.891986 6.292683 7.666541
v -5.261676 6.306237 6.585677
v -4.852292 6.249542 5.512131
v -3.744915 6.133828 4.658531
v -2.158877 5.982012 4.193945
v -0.408311 5.824165 4.210389
v 1.160062 5.691549 4.704605
v 2.235606 5.610431 5.578709
v 2.605296 5.596877 6.659573
v -2.656380 40.173010 4.966968
v -1.328190 5.951557 6.622625
vt 0.0078125 0.9921875
vt 0.0078125 0.9486607
vt 0.0078125 0.9051339
vt 0.0078125 0.8616071
vt 0.0078125 0.8180804
vt 0.0078125 0.7745536
vt 0.0078125 0.7310268
vt 0.0078125 0.6875000
vt 0.0078125 0.6439732
vt 0.0078125 0.6004464
vt 0.0078125 0.5569196
vt 0.0078125 0.5133929
vt 0.0078125 0.4698661
vt 0.0078125 0.4263393
vt 0.0078125 0.3828125
vt 0.1308594 0.9921875
vt 0.1308594 0.9486607
vt 0.1308594 0.9051339
vt 0.1308594 0.8616071
vt 0.1308594 0.8180804
vt 0.1308594 0.7745536
vt 0.1308594 0.7310268
vt 0.1308594 0.6875000
vt 0.1308594 0.6439732
vt 0.1308594 0.6004464
vt 0.1308594 0.5569196
vt 0.1308594 0.5133929
vt 0.1308594 0.4698661
vt 0.1308594 0.4263393
vt 0.1308594 0.3828125
vt 0.2539062 0.9921875
vt 0.2539062 0.9486607
vt 0.2539062 0.9051339
vt 0.2539062 0.8616071
vt 0.2539062 0.8180804
vt 0.2539062 0.7745536
vt 0.2539062 0.7310268
vt 0.2539062 0.6875000
vt 0.2539062 0.6439732
vt 0.2539062 0.6004464
vt 0.2539062 0.5569196
vt 0.2539062 0.5133929
vt 0.2539062 0.4698661
vt 0.2539062 0.4263393
vt 0.2539062 0.3828125
vt 0.3769531 0.9921875
vt 0.3769531 0.9486607
vt 0.3769531 0.9051339
vt 0.3769531 0.8616071
vt 0.3769531 0.8180804
vt 0.3769531 0.7745536
vt 0.3769531 0.7310268
vt 0.3769531 0.6875000
vt 0.3769531 0.6439732
vt 0.3769531 0.6004464
vt 0.3769531 0.5569196
vt 0.3769531 0.5133929
vt 0.3769531 0.4698661
vt 0.3769531 0.4263393
vt 0.3769531 0.3828125
vt 0.5000000 0.9921875
vt 0.5000000 0.9486607
vt 0.5000000 0.9051339
vt 0.5000000 0.8616071
vt 0.5000000 0.8180804
vt 0.5000000 0.7745536
vt 0.5000000 0.7310268
vt 0.5000000 0.6875000
vt 0.5000000 0.6439732
vt 0.5000000 0.6004464
vt 0.5000000 0.5569196
vt 0.5000000 0.5133929
vt 0.5000000 0.4698661
vt 0.5000000 0.4263393
vt 0.5000000 0.3828125
vt 0.6230469 0.9921875
vt 0.6230469 0.9486607
vt 0.6230469 0.9051339
vt 0.6230469 0.8616071
vt 0.6230469 0.8180804
vt 0.6230469 0.7745536
vt 0.6230469 0.7310268
vt 0.6230469 0.6875000
vt 0.6230469 0.6439732
vt 0.6230469 0.6004464
vt 0.6230469 0.5569196
vt 0.6230469 0.5133929
vt 0.6230469 0.4698661
vt 0.6230469 0.4263393
vt 0.6230469 0.3828125
vt 0.7460938 0.9921875
vt 0.7460938 0.9486607
vt 0.7460938 0.9051339
vt 0.7460938 0.8616071
vt 0.7460938 0.8180804
vt 0.7460938 0.7745536
vt 0.7460938 0.7310268
vt 0.7460938 0.6875000
vt 0.7460938 0.6439732
vt 0.7460938 0.6004464
vt 0.7460938 0.5569196
vt 0.7460938 0.5133929
vt 0.7460938 0.4698661
vt 0.7460938 0.4263393
vt 0.7460938 0.3828125
vt 0.8691406 0.9921875
vt 0.8691406 0.9486607
vt 0.8691406 0.9051339
vt 0.8691406 0.8616071
vt 0.8691406 0.8180804
vt 0.8691406 0.7745536
vt 0.8691406 0.7310268
vt 0.8691406 0.6875000
vt 0.8691406 0.6439732
vt 0.8691406 0.6004464
vt 0.8691406 0.5569196
vt 0.8691406 0.5133929
vt 0.8691406 0.4698661
vt 0.8691406 0.4263393
vt 0.8691406 0.3828125
vt 0.9921875 0.9921875
vt 0.9921875 0.9486607
vt 0.9921875 0.9051339
vt 0.9921875 0.8616071
vt 0.9921875 0.8180804
vt 0.9921875 0.7745536
vt 0.9921875 0.7310268
vt 0.9921875 0.6875000
vt 0.9921875 0.6439732
vt 0.9921875 0.6004464
vt 0.9921875 0.5569196
vt 0.9921875 0.5133929
vt 0.9921875 0.4698661
vt 0.9921875 0.4263393
vt 0.9921875 0.3828125
vt 0.0078125 0.6875000
vt 0.9921875 0.6875000
vn 0.3540009 0.9352163 0.0073371
vn 0.2837457 0.9065288 0.3125603
vn 0.1441138 0.8374443 0.5271796
vn -0.0310283 0.7700798 0.6371925
vn -0.2280320 0.7276237 0.6469661
vn -0.4404530 0.7170197 0.5402628
vn -0.6309552 0.7252020 0.2756405
vn -0.6926726 0.7098537 -0.1277199
vn -0.5693312 0.6595360 -0.4907893
vn -0.3607521 0.6267998 -0.6906373
vn -0.1503457 0.6420593 -0.7517686
vn 0.0414735 0.7040327 -0.7089555
vn 0.2074020 0.7982115 -0.5655464
vn 0.3242630 0.8917930 -0.3155295
vn 0.3540009 0.9352163 0.0073371
vn 0.9681481 0.2494061 0.0220419
vn 0.7577547 0.2269055 0.6118184
vn 0.4281985 0.1362561 0.8933534
vn 0.1343469 0.0341971 0.9903441
vn -0.1385491 -0.0785508 0.9872355
vn -0.4249548 -0.2160387 0.8790567
vn -0.7220594 -0.3820699 0.5767606
vn -0.8670102 -0.4982880 -0.0015494
vn -0.6896223 -0.4537680 -0.5643720
vn -0.3920285 -0.3341635 -0.8571163
vn -0.1099966 -0.2170059 -0.9699532
vn 0.1632027 -0.1066717 -0.9808089
vn 0.4626726 0.0108373 -0.8864630
vn 0.7942071 0.1458458 -0.5898848
vn 0.9681481 0.2494061 0.0220419
vn 0.9747822 0.2230538 0.0068267
vn 0.7690969 0.2086566 0.6041129
vn 0.4368062 0.1276299 0.8904555
vn 0.1408461 0.0341634 0.9894419
vn -0.1331098 -0.0703489 0.9886015
vn -0.4208992 -0.1993274 0.8849364
vn -0.7234035 -0.3582488 0.5902077
vn -0.8797575 -0.4752350 0.0133604
vn -0.7047273 -0.4374947 -0.5585319
vn -0.4028595 -0.3247146 -0.8557246
vn -0.1180867 -0.2144625 -0.9695676
vn 0.1560424 -0.1117108 -0.9814130
vn 0.4557214 -0.0031817 -0.8901168
vn 0.7900635 0.1221641 -0.6007292
vn 0.9747822 0.2230538 0.0068267
vn 0.9919995 0.1262347 0.0013422
vn 0.7845754 0.1304852 0.6061478
vn 0.4445546 0.0825421 0.8919406
vn 0.1443275 0.0202603 0.9893225
vn -0.1328157 -0.0543536 0.9896493
vn -0.4267226 -0.1518571 0.8915421
vn -0.7457645 -0.2798652 0.6045748
vn -0.9233208 -0.3835967 0.0182277
vn -0.7386464 -0.3595186 -0.5702174
vn -0.4204482 -0.2727679 -0.8653444
vn -0.1278528 -0.1904817 -0.9733295
vn 0.1495813 -0.1167837 -0.9818284
vn 0.4518372 -0.0412324 -0.8911470
vn 0.7934530 0.0468275 -0.6068274
vn 0.9919995 0.1262347 0.0013422
vn 0.9978469 -0.0647023 0.0107359
vn 0.7874919 -0.0270974 0.6157291
vn 0.4429563 -0.0099898 0.8964876
vn 0.1399597 -0.0110565 0.9900955
vn -0.1408332 -0.0256628 0.9897007
vn -0.4438216 -0.0559814 0.8943649
vn -0.7861588 -0.1081697 0.6084847
vn -0.9862211 -0.1654279 -0.0012105
vn -0.7767065 -0.1739390 -0.6053695
vn -0.4350885 -0.1536429 -0.8871820
vn -0.1337932 -0.1347531 -0.9818050
vn 0.1464203 -0.1210025 -0.9817940
vn 0.4498505 -0.1100061 -0.8863031
vn 0.7942654 -0.0956257 -0.5999985
vn 0.9978469 -0.0647023 0.0107359
vn 0.9691699 -0.2458635 0.0161501
vn 0.7691733 -0.1814120 0.6127496
vn 0.4341738 -0.1034924 0.8948645
vn 0.1343168 -0.0453184 0.9899016
vn -0.1461604 -0.0007726 0.9892606
vn -0.4505113 0.0371091 0.8919992
vn -0.7959021 0.0674719 0.6016539
vn -0.9976122 0.0674164 -0.0149958
vn -0.7841636 0.0226059 -0.6201423
vn -0.4394740 -0.0285039 -0.8978030
vn -0.1371923 -0.0736533 -0.9878023
vn 0.1422981 -0.1187244 -0.9826779
vn 0.4420058 -0.1703397 -0.8806902
vn 0.7760445 -0.2272602 -0.5883093
vn 0.9691699 -0.2458635 0.0161501
vn 0.9440605 -0.3296959 0.0071062
vn 0.7571564 -0.2560231 0.6009712
vn 0.4314185 -0.1501741 0.8895650
vn 0.1349629 -0.0632034 0.9888328
vn -0.1434289 0.0100244 0.9896099
vn -0.4444768 0.0801523 0.8921973
vn -0.7835804 0.1487105 0.6032305
vn -0.9843526 0.1761188 -0.0056666
vn -0.7824926 0.1168250 -0.6116022
vn -0.4432824 0.0332288 -0.8957659
vn -0.1424889 -0.0419349 -0.9889077
vn 0.1354252 -0.1150184 -0.9840888
vn 0.4310970 -0.1965444 -0.8806394
vn 0.7560664 -0.2869418 -0.5882414
vn 0.9440605 -0.3296959 0.0071062
vn 0.9355422 -0.3531640 -0.0060016
vn 0.7571425 -0.2794082 0.5904797
vn 0.4346903 -0.1660998 0.8851301
vn 0.1390072 -0.0707551 0.9877605
vn -0.1385394 0.0108197 0.9902978
vn -0.4376782 0.0902221 0.8945936
vn -0.7740112 0.1699446 0.6099390
vn -0.9782895 0.2070852 0.0080836
vn -0.7855221 0.1460642 -0.6013487
vn -0.4487997 0.0536995 -0.8920175
vn -0.1481936 -0.0301274 -0.9884994
vn 0.1291531 -0.1112894 -0.9853599
vn 0.4230142 -0.2013261 -0.8834743
vn 0.7450994 -0.3014849 -0.5949233
vn 0.9355422 -0.3531640 -0.0060016
vn 0.6195483 -0.7826841 -0.0597113
vn 0.5508971 -0.7294102 0.4055528
vn 0.3490126 -0.6076563 0.7134031
vn 0.1140794 -0.5005133 0.8581796
vn -0.1292385 -0.4337223 0.8917300
vn -0.3947191 -0.4108475 0.8218279
vn -0.6842511 -0.4324811 0.5871632
vn -0.8768307 -0.4706871 0.0980891
vn -0.7626154 -0.4650634 -0.4495929
vn -0.4796863 -0.4461371 -0.7555546
vn -0.2053350 -0.4599762 -0.8638631
vn 0.0418381 -0.5131530 -0.8572768
vn 0.2782578 -0.6037318 -0.7470479
vn 0.4967356 -0.7156387 -0.4910347
vn 0.6195483 -0.7826841 -0.0597113
vn -0.1253464 0.9902002 -0.0615786
vn -0.0899603 -0.9957775 0.0182824
s 1
f 1/1/1 2/2/2 17/17/17
f 1/1/1 17/17/17 16/16/16
f 2/2/2 3/3/3 18/18/18
f 2/2/2 18/18/18 17/17/17
f 3/3/3 4/4/4 19/19/19
f 3/3/3 19/19/19 18/18/18
f 4/4/4 5/5/5 20/20/20
f 4/4/4 20/20/20 19/19/19
f 5/5/5 6/6/6 21/21/21
f 5/5/5 21/21/21 20/20/20
f 6/6/6 7/7/7 22/22/22
f 6/6/6 22/22/22 21/21/21
f 7/7/7 8/8/8 23/23/23
f 7/7/7 23/23/23 22/22/22
f 8/8/8 9/9/9 24/24/24
f 8/8/8 24/24/24 23/23/23
f 9/9/9 10/10/10 25/25/25
f 9/9/9 25/25/25 24/24/24
f 10/10/10 11/11/11 26/26/26
f 10/10/10 26/26/26 25/25/25
f 11/11/11 12/12/12 27/27/27
f 11/11/11 27/27/27 26/26/26
f 12/12/12 13/13/13 28/28/28
f 12/12/12 28/28/28 27/27/27
f 13/13/13 14/14/14 29/29/29
f 13/13/13 29/29/29 28/28/28
f 14/14/14 15/15/15 30/30/30
f 14/14/14 30/30/30 29/29/29
f 16/16/16 17/17/17 32/32/32
f 16/16/16 32/32/32 31/31/31
f 17/17/17 18/18/18 33/33/33
f 17/17/17 33/33/33 32/32/32
f 18/18/18 19/19/19 34/34/34
f 18/18/18 34/34/34 33/33/33
f 19/19/19 20/20/20 35/35/35
f 19/19/19 35/35/35 34/34/34
f 20/20/20 21/21/21 36/36/36
f 20/20/20 36/36/36 35/35/35
f 21/21/21 22/22/22 37/37/37
f 21/21/21 37/37/37 36/36/36
f 22/22/22 23/23/23 38/38/38
f 22/22/22 38/38/38 37/37/37
f 23/23/23 24/24/24 39/39/39
f 23/23/23 39/39/39 38/38/38
f 24/24/24 25/25/25 40/40/40
f 24/24/24 40/40/40 39/39/39
f 25/25/25 26/26/26 41/41/41
f 25/25/25 41/41/41 40/40/40
f 26/26/26 27/27/27 42/42/42
f 26/26/26 42/42/42 41/41/41
f 27/27/27 28/28/28 43/43/43
f 27/27/27 43/43/43 42/42/42
f 28/28/28 29/29/29 44/44/44
f 28/28/28 44/44/44 43/43/43
f 29/29/29 30/30/30 45/45/45
f 29/29/29 45/45/45 44/44/44
f 31/31/31 32/32/32 47/47/47
f 31/31/31 47/47/47 46/46/46
f 32/32/32 33/33/33 48/48/48
f 32/32/32 48/48/48 47/47/47
f 33/33/33 34/34/34 49/49/49
f 33/33/33 49/49/49 48/48/48
f 34/34/34 35/35/35 50/50/50
f 34/34/34 50/50/50 49/49/49
f 35/35/35 36/36/36 51/51/51
f 35/35/35 51/51/51 50/50/50
f 36/36/36 37/37/37 52/52/52
f 36/36/36 52/52/52 51/51/51
f 37/37/37 38/38/38 53/53/53
f 37/37/37 53/53/53 52/52/52
f 38/38/38 39/39/39 54/54/54
f 38/38/38 54/54/54 53/53/53
f 39/39/39 40/40/40 55/55/55
f 39/39/39 55/55/55 54/54/54
f 40/40/40 41/41/41 56/56/56
f 40/40/40 56/56/56 55/55/55
f 41/41/41 42/42/42 57/57/57
f 41/41/41 57/57/57 56/56/56
f 42/42/42 43/43/43 58/58/58
f 42/42/42 58/58/58 57/57/57
f 43/43/43 44/44/44 59/59/59
f 43/43/43 59/59/59 58/58/58
f 44/44/44 45/45/45 60/60/60
f 44/44/44 60/60/60 59/59/59
f 46/46/46 47/47/47 62/62/62
f 46/46/46 62/62/62 61/61/61
f 47/47/47 48/48/48 63/63/63
f 47/47/47 63/63/63 62/62/62
f 48/48/48 49/49/49 64/64/64
f 48/48/48 64/64/64 63/63/63
f 49/49/49 50/50/50 65/65/65
f 49/49/49 65/65/65 64/64/64
f 50/50/50 51/51/51 66/66/66
f 50/50/50 66/66/66 65/65/65
f 51/51/51 52/52/52 67/67/67
f 51/51/51 67/67/67 66/66/66
f 52/52/52 53/53/53 68/68/68
f 52/52/52 68/68/68 67/67/67
f 53/53/53 54/54/54 69/69/69
f 53/53/53 69/69/69 68/68/68
f 54/54/54 55/55/55 70/70/70
f 54/54/54 70/70/70 69/69/69
f 55/55/55 56/56/56 71/71/71
f 55/55/55 71/71/71 70/70/70
f 56/56/56 57/57/57 72/72/72
f 56/56/56 72/72/72 71/71/71
f 57/57/57 58/58/58 73/73/73
f 57/57/57 73/73/73 72/72/72
f 58/58/58 59/59/59 74/74/74
f 58/58/58 74/74/74 73/73/73
f 59/59/59 60/60/60 75/75/75
f 59/59/59 75/75/75 74/74/74
f 61/61/61 62/62/62 77/77/77
f 61/61/61 77/77/77 76/76/76
f 62/62/62 63/63/63 78/78/78
f 62/62/62 78/78/78 77/77/77
f 63/63/63 64/64/64 79/79/79
f 63/63/63 79/79/79 78/78/78
f 64/64/64 65/65/65 80/80/80
f 64/64/64 80/80/80 79/79/79
f 65/65/65 66/66/66 81/81/81
f 65/65/65 81/81/81 80/80/80
f 66/66/66 67/67/67 82/82/82
f 66/66/66 82/82/82 81/81/81
f 67/67/67 68/68/68 83/83/83
f 67/67/67 83/83/83 82/82/82
f 68/68/68 69/69/69 84/84/84
f 68/68/68 84/84/84 83/83/83
f 69/69/69 70/70/70 85/85/85
f 69/69/69 85/85/85 84/84/84
f 70/70/70 71/71/71 86/86/86
f 70/70/70 86/86/86 85/85/85
f 71/71/71 72/72/72 87/87/87
f 71/71/71 87/87/87 86/86/86
f 72/72/72 73/73/73 88/88/88
f 72/72/72 88/88/88 87/87/87
f 73/73/73 74/74/74 89/89/89
f 73/73/73 89/89/89 88/88/88
f 74/74/74 75/75/75 90/90/90
f 74/74/74 90/90/90 89/89/89
f 76/76/76 77/77/77 92/92/92
f 76/76/76 92/92/92 91/91/91
f 77/77/77 78/78/78 93/93/93
f 77/77/77 93/93/93 92/92/92
f 78/78/78 79/79/79 94/94/94
f 78/78/78 94/94/94 93/93/93
f 79/79/79 80/80/80 95/95/95
f 79/79/79 95/95/95 94/94/94
f 80/80/80 81/81/81 96/96/96
f 80/80/80 96/96/96 95/95/95
f 81/81/81 82/82/82 97/97/97
f 81/81/81 97/97/97 96/96/96
f 82/82/82 83/83/83 98/98/98
f 82/82/82 98/98/98 97/97/97
f 83/83/83 84/84/84 99/99/99
f 83/83/83 99/99/99 98/98/98
f 84/84/84 85/85/85 100/100/100
f 84/84/84 100/100/100 99/99/99
f 85/85/85 86/86/86 101/101/101
f 85/85/85 101/101/101 100/100/100
f 86/86/86 87/87/87 102/102/102
f 86/86/86 102/102/102 101/101/101
f 87/87/87 88/88/88 103/103/103
f 87/87/87 103/103/103 102/102/102
f 88/88/88 89/89/89 104/104/104
f 88/88/88 104/104/104 103/103/103
f 89/89/89 90/90/90 105/105/105
f 89/89/89 105/105/105 104/104/104
f 91/91/91 92/92/92 107/107/107
f 91/91/91 107/107/107 106/106/106
f 92/92/92 93/93/93 108/108/108
f 92/92/92 108/108/108 107/107/107
f 93/93/93 94/94/94 109/109/109
f 93/93/93 109/109/109 108/108/108
f 94/94/94 95/95/95 110/110/110
f 94/94/94 110/110/110 109/109/109
f 95/95/95 96/96/96 111/111/111
f 95/95/95 111/111/111 110/110/110
f 96/96/96 97/97/97 112/112/112
f 96/96/96 112/112/112 111/111/111
f 97/97/97 98/98/98 113/113/113
f 97/97/97 113/113/113 112/112/112
f 98/98/98 99/99/99 114/114/114
f 98/98/98 114/114/114 113/113/113
f 99/99/99 100/100/100 115/115/115
f 99/99/99 115/115/115 114/114/114
f 100/100/100 101/101/101 116/116/116
f 100/100/100 116/116/116 115/115/115
f 101/101/101 102/102/102 117/117/117
f 101/101/101 117/117/117 116/116/116
f 102/102/102 103/103/103 118/118/118
f 102/102/102 118/118/118 117/117/117
f 103/103/103 104/104/104 119/119/119
f 103/103/103 119/119/119 118/118/118
f 104/104/104 105/105/105 120/120/120
f 104/104/104 120/120/120 119/119/119
f 106/106/106 107/107/107 122/122/122
f 106/106/106 122/122/122 121/121/121
f 107/107/107 108/108/108 123/123/123
f 107/107/107 123/123/123 122/122/122
f 108/108/108 109/109/109 124/124/124
f 108/108/108 124/124/124 123/123/123
f 109/109/109 110/110/110 125/125/125
f 109/109/109 125/125/125 124/124/124
f 110/110/110 111/111/111 126/126/126
f 110/110/110 126/126/126 125/125/125
f 111/111/111 112/112/112 127/127/127
f 111/111/111 127/127/127 126/126/126
f 112/112/112 113/113/113 128/128/128
f 112/112/112 128/128/128 127/127/127
f 113/113/113 114/114/114 129/129/129
f 113/113/113 129/129/129 128/128/128
f 114/114/114 115/115/115 130/130/130
f 114/114/114 130/130/130 129/129/129
f 115/115/115 116/116/116 131/131/131
f 115/115/115 131/131/131 130/130/130
f 116/116/116 117/117/117 132/132/132
f 116/116/116 132/132/132 131/131/131
f 117/117/117 118/118/118 133/133/133
f 117/117/117 133/133/133 132/132/132
f 118/118/118 119/119/119 134/134/134
f 118/118/118 134/134/134 133/133/133
f 119/119/119 120/120/120 135/135/135
f 119/119/119 135/135/135 134/134/134
f 136/136/136 2/2/2 1/1/1
f 136/136/136 3/3/3 2/2/2
f 136/136/136 4/4/4 3/3/3
f 136/136/136 5/5/5 4/4/4
f 136/136/136 6/6/6 5/5/5
f 136/136/136 7/7/7 6/6/6
f 136/136/136 8/8/8 7/7/7
f 136/136/136 9/9/9 8/8/8
f 136/136/136 10/10/10 9/9/9
f 136/136/136 11/11/11 10/10/10
f 136/136/136 12/12/12 11/11/11
f 136/136/136 13/13/13 12/12/12
f 136/136/136 14/14/14 13/13/13
f 136/136/136 15/15/15 14/14/14
f 137/137/137 121/121/121 122/122/122
f 137/137/137 122/122/122 123/123/123
f 137/137/137 123/123/123 124/124/124
f 137/137/137 124/124/124 125/125/125
f 137/137/137 125/125/125 126/126/126
f 137/137/137 126/126/126 127/127/127
f 137/137/137 127/127/127 128/128/128
f 137/137/137 128/128/128 129/129/129
f 137/137/137 129/129/129 130/130/130
f 137/137/137 130/130/130 131/131/131
f 137/137/137 131/131/131 132/132/132
f 137/137/137 132/132/132 133/133/133
f 137/137/137 133/133/133 134/134/134
f 137/137/137 134/134/134 135/135/135
o Foot_-1
v 5.312760 0.000000 6.622625
v 8.062847 0.101397 6.622625
v 7.928248 0.101397 6.344546
v 7.537627 0.101397 6.093687
v 6.929221 0.101397 5.894605
v 6.162584 0.101397 5.766786
v 5.312760 0.101397 5.722742
v 4.462936 0.101397 5.766786
v 3.696300 0.101397 5.894605
v 3.087893 0.101397 6.093687
v 2.697272 0.101397 6.344546
v 2.562673 0.101397 6.622625
v 2.697272 0.101397 6.900703
v 3.087893 0.101397 7.151562
v 3.696300 0.101397 7.350645
v 4.462936 0.101397 7.478463
v 5.312760 0.101397 7.522507
v 6.162584 0.101397 7.478463
v 6.929221 0.101397 7.350645
v 7.537627 0.101397 7.151562
v 7.928248 0.101397 6.900703
v 8.062847 0.101397 6.622625
v 10.625520 0.398679 6.622625
v 10.365495 0.398679 6.085417
v 9.610873 0.398679 5.600796
v 8.435522 0.398679 5.216198
v 6.954493 0.398679 4.969271
v 5.312760 0.398679 4.884186
v 3.671027 0.398679 4.969271
v 2.189998 0.398679 5.216198
v 1.014647 0.398679 5.600796
v 0.260025 0.398679 6.085417
v 0.000000 0.398679 6.622625
v 0.260025 0.398679 7.159832
v 1.014647 0.398679 7.644453
v 2.189998 0.398679 8.029051
v 3.671027 0.398679 8.275978
v 5.312760 0.398679 8.361064
v 6.954493 0.398679 8.275978
v 8.435522 0.398679 8.029051
v 9.610873 0.398679 7.644453
v 10.365495 0.398679 7.159832
v 10.625520 0.398679 6.622625
v 12.826137 0.871585 6.622625
v 12.458407 0.871585 5.862899
v 11.391210 0.871585 5.177540
v 9.729013 0.871585 4.633637
v 7.634521 0.871585 4.284429
v 5.312760 0.871585 4.164101
v 2.990999 0.871585 4.284429
v 0.896508 0.871585 4.633637
v -0.765690 0.871585 5.177540
v -1.832886 0.871585 5.862899
v -2.200617 0.871585 6.622625
v -1.832886 0.871585 7.382350
v -0.765690 0.871585 8.067709
v 0.896508 0.871585 8.611612
v 2.990999 0.871585 8.960820
v 5.312760 0.871585 9.081148
v 7.634521 0.871585 8.960820
v 9.729013 0.871585 8.611612
v 11.391210 0.871585 8.067709
v 12.458407 0.871585 7.382350
v 12.826137 0.871585 6.622625
v 14.514731 1.487889 6.622625
v 14.064354 1.487889 5.692154
v 12.757311 1.487889 4.852765
v 10.721543 1.487889 4.186622
v 8.156325 1.487889 3.758932
v 5.312760 1.487889 3.611560
v 2.469195 1.487889 3.758932
v -0.096022 1.487889 4.186622
v -2.131790 1.487889 4.852765
v -3.438834 1.487889 5.692154
v -3.889210 1.487889 6.622625
v -3.438834 1.487889 7.553095
v -2.131790 1.487889 8.392484
v -0.096022 1.487889 9.058627
v 2.469195 1.487889 9.486317
v 5.312760 1.487889 9.633689
v 8.156325 1.487889 9.486317
v 10.721543 1.487889 9.058627
v 12.757311 1.487889 8.392484
v 14.064354 1.487889 7.553095
v 14.514731 1.487889 6.622625
v 15.576224 2.205590 6.622625
v 15.073895 2.205590 5.584820
v 13.616077 2.205590 4.648603
v 11.345473 2.205590 3.905617
v 8.484345 2.205590 3.428591
v 5.312760 2.205590 3.264218
v 2.141175 2.205590 3.428591
v -0.719953 2.205590 3.905617
v -2.990557 2.205590 4.648603
v -4.448375 2.205590 5.584820
v -4.950704 2.205590 6.622625
v -4.448375 2.205590 7.660429
v -2.990557 2.205590 8.596646
v -0.719953 2.205590 9.339632
v 2.141175 2.205590 9.816659
v 5.312760 2.205590 9.981031
v 8.484345 2.205590 9.816659
v 11.345473 2.205590 9.339632
v 13.616077 2.205590 8.596646
v 15.073895 2.205590 7.660429
v 15.576224 2.205590 6.622625
v 15.938280 2.975779 6.622625
v 15.418230 2.975779 5.548210
v 13.908987 2.975779 4.578967
v 11.558284 2.975779 3.809771
v 8.596226 2.975779 3.315917
v 5.312760 2.975779 3.145747
v 2.029294 2.975779 3.315917
v -0.932764 2.975779 3.809771
v -3.283466 2.975779 4.578967
v -4.792710 2.975779 5.548210
v -5.312760 2.975779 6.622625
v -4.792710 2.975779 7.697039
v -3.283466 2.975779 8.666282
v -0.932764 2.975779 9.435478
v 2.029294 2.975779 9.929332
v 5.312760 2.975779 10.099502
v 8.596226 2.975779 9.929332
v 11.558284 2.975779 9.435478
v 13.908987 2.975779 8.666282
v 15.418230 2.975779 7.697039
v 15.938280 2.975779 6.622625
v 15.576224 3.745967 6.622625
v 15.073895 3.745967 5.584820
v 13.616077 3.745967 4.648603
v 11.345473 3.745967 3.905617
v 8.484345 3.745967 3.428591
v 5.312760 3.745967 3.264218
v 2.141175 3.745967 3.428591
v -0.719953 3.745967 3.905617
v -2.990557 3.745967 4.648603
v -4.448375 3.745967 5.584820
v -4.950704 3.745967 6.622625
v -4.448375 3.745967 7.660429
v -2.990557 3.745967 8.596646
v -0.719953 3.745967 9.339632
v 2.141175 3.745967 9.816659
v 5.312760 3.745967 9.981031
v 8.484345 3.745967 9.816659
v 11.345473 3.745967 9.339632
v 13.616077 3.745967 8.596646
v 15.073895 3.745967 7.660429
v 15.576224 3.745967 6.622625
v 14.514731 4.463668 6.622625
v 14.064354 4.463668 5.692154
v 12.757311 4.463668 4.852765
v 10.721543 4.463668 4.186622
v 8.156325 4.463668 3.758932
v 5.312760 4.463668 3.611560
v 2.469195 4.463668 3.758932
v -0.096022 4.463668 4.186622
v -2.131790 4.463668 4.852765
v -3.438834 4.463668 5.692154
v -3.889210 4.463668 6.622625
v -3.438834 4.463668 7.553095
v -2.131790 4.463668 8.392484
v -0.096022 4.463668 9.058627
v 2.469195 4.463668 9.486317
v 5.312760 4.463668 9.633689
v 8.156325 4.463668 9.486317
v 10.721543 4.463668 9.058627
v 12.757311 4.463668 8.392484
v 14.064354 4.463668 7.553095
v 14.514731 4.463668 6.622625
v 12.826137 5.079972 6.622625
v 12.458407 5.079972 5.862899
v 11.391210 5.079972 5.177540
v 9.729013 5.079972 4.633637
v 7.634521 5.079972 4.284429
v 5.312760 5.079972 4.164101
v 2.990999 5.079972 4.284429
v 0.896508 5.079972 4.633637
v -0.765690 5.079972 5.177540
v -1.832886 5.079972 5.862899
v -2.200617 5.079972 6.622625
v -1.832886 5.079972 7.382350
v -0.765690 5.079972 8.067709
v 0.896508 5.079972 8.611612
v 2.990999 5.079972 8.960820
v 5.312760 5.079972 9.081148
v 7.634521 5.079972 8.960820
v 9.729013 5.079972 8.611612
v 11.391210 5.079972 8.067709
v 12.458407 5.079972 7.382350
v 12.826137 5.079972 6.622625
v 10.625520 5.552878 6.622625
v 10.365495 5.552878 6.085417
v 9.610873 5.552878 5.600796
v 8.435522 5.552878 5.216198
v 6.954493 5.552878 4.969271
v 5.312760 5.552878 4.884186
v 3.671027 5.552878 4.969271
v 2.189998 5.552878 5.216198
v 1.014647 5.552878 5.600796
v 0.260025 5.552878 6.085417
v 0.000000 5.552878 6.622625
v 0.260025 5.552878 7.159832
v 1.014647 5.552878 7.644453
v 2.189998 5.552878 8.029051
v 3.671027 5.552878 8.275978
v 5.312760 5.552878 8.361064
v 6.954493 5.552878 8.275978
v 8.435522 5.552878 8.029051
v 9.610873 5.552878 7.644453
v 10.365495 5.552878 7.159832
v 10.625520 5.552878 6.622625
v 8.062847 5.850160 6.622625
v 7.928248 5.850160 6.344546
v 7.537627 5.850160 6.093687
v 6.929221 5.850160 5.894605
v 6.162584 5.850160 5.766786
v 5.312760 5.850160 5.722742
v 4.462936 5.850160 5.766786
v 3.696300 5.850160 5.894605
v 3.087893 5.850160 6.093687
v 2.697272 5.850160 6.344546
v 2.562673 5.850160 6.622625
v 2.697272 5.850160 6.900703
v 3.087893 5.850160 7.151562
v 3.696300 5.850160 7.350645
v 4.462936 5.850160 7.478463
v 5.312760 5.850160 7.522507
v 6.162584 5.850160 7.478463
v 6.929221 5.850160 7.350645
v 7.537627 5.850160 7.151562
v 7.928248 5.850160 6.900703
v 8.062847 5.850160 6.622625
v 5.312760 5.951557 6.622625
vt 0.5000000 0.6996875
vt 0.0865625 0.8056375
vt 0.1279062 0.8056375
vt 0.1692500 0.8056375
vt 0.2105938 0.8056375
vt 0.2519375 0.8056375
vt 0.2932813 0.8056375
vt 0.3346250 0.8056375
vt 0.3759688 0.8056375
vt 0.4173125 0.8056375
vt 0.4586563 0.8056375
vt 0.5000000 0.8056375
vt 0.5413438 0.8056375
vt 0.5826875 0.8056375
vt 0.6240313 0.8056375
vt 0.6653750 0.8056375
vt 0.7067187 0.8056375
vt 0.7480625 0.8056375
vt 0.7894062 0.8056375
vt 0.8307500 0.8056375
vt 0.8720937 0.8056375
vt 0.9134375 0.8056375
vt 0.0865625 0.7946797
vt 0.1279062 0.7946797
vt 0.1692500 0.7946797
vt 0.2105938 0.7946797
vt 0.2519375 0.7946797
vt 0.2932813 0.7946797
vt 0.3346250 0.7946797
vt 0.3759688 0.7946797
vt 0.4173125 0.7946797
vt 0.4586563 0.7946797
vt 0.5000000 0.7946797
vt 0.5413438 0.7946797
vt 0.5826875 0.7946797
vt 0.6240313 0.7946797
vt 0.6653750 0.7946797
vt 0.7067187 0.7946797
vt 0.7480625 0.7946797
vt 0.7894062 0.7946797
vt 0.8307500 0.7946797
vt 0.8720937 0.7946797
vt 0.9134375 0.7946797
vt 0.0865625 0.7772483
vt 0.1279062 0.7772483
vt 0.1692500 0.7772483
vt 0.2105938 0.7772483
vt 0.2519375 0.7772483
vt 0.2932813 0.7772483
vt 0.3346250 0.7772483
vt 0.3759688 0.7772483
vt 0.4173125 0.7772483
vt 0.4586563 0.7772483
vt 0.5000000 0.7772483
vt 0.5413438 0.7772483
vt 0.5826875 0.7772483
vt 0.6240313 0.7772483
vt 0.6653750 0.7772483
vt 0.7067187 0.7772483
vt 0.7480625 0.7772483
vt 0.7894062 0.7772483
vt 0.8307500 0.7772483
vt 0.8720937 0.7772483
vt 0.9134375 0.7772483
vt 0.0865625 0.7545312
vt 0.1279062 0.7545312
vt 0.1692500 0.7545312
vt 0.2105938 0.7545312
vt 0.2519375 0.7545312
vt 0.2932813 0.7545312
vt 0.3346250 0.7545312
vt 0.3759688 0.7545312
vt 0.4173125 0.7545312
vt 0.4586563 0.7545312
vt 0.5000000 0.7545312
vt 0.5413438 0.7545312
vt 0.5826875 0.7545312
vt 0.6240313 0.7545312
vt 0.6653750 0.7545312
vt 0.7067187 0.7545312
vt 0.7480625 0.7545312
vt 0.7894062 0.7545312
vt 0.8307500 0.7545312
vt 0.8720937 0.7545312
vt 0.9134375 0.7545312
vt 0.0865625 0.7280767
vt 0.1279062 0.7280767
vt 0.1692500 0.7280767
vt 0.2105938 0.7280767
vt 0.2519375 0.7280767
vt 0.2932813 0.7280767
vt 0.3346250 0.7280767
vt 0.3759688 0.7280767
vt 0.4173125 0.7280767
vt 0.4586563 0.7280767
vt 0.5000000 0.7280767
vt 0.5413438 0.7280767
vt 0.5826875 0.7280767
vt 0.6240313 0.7280767
vt 0.6653750 0.7280767
vt 0.7067187 0.7280767
vt 0.7480625 0.7280767
vt 0.7894062 0.7280767
vt 0.8307500 0.7280767
vt 0.8720937 0.7280767
vt 0.9134375 0.7280767
vt 0.0865625 0.6996875
vt 0.1279062 0.6996875
vt 0.1692500 0.6996875
vt 0.2105938 0.6996875
vt 0.2519375 0.6996875
vt 0.2932813 0.6996875
vt 0.3346250 0.6996875
vt 0.3759688 0.6996875
vt 0.4173125 0.6996875
vt 0.4586563 0.6996875
vt 0.5000000 0.6996875
vt 0.5413438 0.6996875
vt 0.5826875 0.6996875
vt 0.6240313 0.6996875
vt 0.6653750 0.6996875
vt 0.7067187 0.6996875
vt 0.7480625 0.6996875
vt 0.7894062 0.6996875
vt 0.8307500 0.6996875
vt 0.8720937 0.6996875
vt 0.9134375 0.6996875
vt 0.0865625 0.6712983
vt 0.1279062 0.6712983
vt 0.1692500 0.6712983
vt 0.2105938 0.6712983
vt 0.2519375 0.6712983
vt 0.2932813 0.6712983
vt 0.3346250 0.6712983
vt 0.3759688 0.6712983
vt 0.4173125 0.6712983
vt 0.4586563 0.6712983
vt 0.5000000 0.6712983
vt 0.5413438 0.6712983
vt 0.5826875 0.6712983
vt 0.6240313 0.6712983
vt 0.6653750 0.6712983
vt 0.7067187 0.6712983
vt 0.7480625 0.6712983
vt 0.7894062 0.6712983
vt 0.8307500 0.6712983
vt 0.8720937 0.6712983
vt 0.9134375 0.6712983
vt 0.0865625 0.6448438
vt 0.1279062 0.6448438
vt 0.1692500 0.6448438
vt 0.2105938 0.6448438
vt 0.2519375 0.6448438
vt 0.2932813 0.6448438
vt 0.3346250 0.6448438
vt 0.3759688 0.6448438
vt 0.4173125 0.6448438
vt 0.4586563 0.6448438
vt 0.5000000 0.6448438
vt 0.5413438 0.6448438
vt 0.5826875 0.6448438
vt 0.6240313 0.6448438
vt 0.6653750 0.6448438
vt 0.7067187 0.6448438
vt 0.7480625 0.6448438
vt 0.7894062 0.6448438
vt 0.8307500 0.6448438
vt 0.8720937 0.6448438
vt 0.9134375 0.6448438
vt 0.0865625 0.6221267
vt 0.1279062 0.6221267
vt 0.1692500 0.6221267
vt 0.2105938 0.6221267
vt 0.2519375 0.6221267
vt 0.2932813 0.6221267
vt 0.3346250 0.6221267
vt 0.3759688 0.6221267
vt 0.4173125 0.6221267
vt 0.4586563 0.6221267
vt 0.5000000 0.6221267
vt 0.5413438 0.6221267
vt 0.5826875 0.6221267
vt 0.6240313 0.6221267
vt 0.6653750 0.6221267
vt 0.7067187 0.6221267
vt 0.7480625 0.6221267
vt 0.7894062 0.6221267
vt 0.8307500 0.6221267
vt 0.8720937 0.6221267
vt 0.9134375 0.6221267
vt 0.0865625 0.6046953
vt 0.1279062 0.6046953
vt 0.1692500 0.6046953
vt 0.2105938 0.6046953
vt 0.2519375 0.6046953
vt 0.2932813 0.6046953
vt 0.3346250 0.6046953
vt 0.3759688 0.6046953
vt 0.4173125 0.6046953
vt 0.4586563 0.6046953
vt 0.5000000 0.6046953
vt 0.5413438 0.6046953
vt 0.5826875 0.6046953
vt 0.6240313 0.6046953
vt 0.6653750 0.6046953
vt 0.7067187 0.6046953
vt 0.7480625 0.6046953
vt 0.7894062 0.6046953
vt 0.8307500 0.6046953
vt 0.8720937 0.6046953
vt 0.9134375 0.6046953
vt 0.0865625 0.5937375
vt 0.1279062 0.5937375
vt 0.1692500 0.5937375
vt 0.2105938 0.5937375
vt 0.2519375 0.5937375
vt 0.2932813 0.5937375
vt 0.3346250 0.5937375
vt 0.3759688 0.5937375
vt 0.4173125 0.5937375
vt 0.4586563 0.5937375
vt 0.5000000 0.5937375
vt 0.5413438 0.5937375
vt 0.5826875 0.5937375
vt 0.6240313 0.5937375
vt 0.6653750 0.5937375
vt 0.7067187 0.5937375
vt 0.7480625 0.5937375
vt 0.7894062 0.5937375
vt 0.8307500 0.5937375
vt 0.8720937 0.5937375
vt 0.9134375 0.5937375
vt 0.5000000 0.6996875
vn 0.0000000 -1.0000000 -0.0000000
vn 0.0877079 -0.9959876 -0.0177749
vn 0.0812691 -0.9917325 -0.0993077
vn 0.0666735 -0.9832329 -0.1697283
vn 0.0458095 -0.9739110 -0.2222585
vn 0.0209495 -0.9672646 -0.2529038
vn -0.0056390 -0.9656273 -0.2598693
vn -0.0317687 -0.9695539 -0.2428084
vn -0.0552259 -0.9777007 -0.2026114
vn -0.0737147 -0.9871329 -0.1418969
vn -0.0850596 -0.9942004 -0.0658057
vn -0.0877079 -0.9959876 0.0177749
vn -0.0812691 -0.9917325 0.0993077
vn -0.0666735 -0.9832329 0.1697283
vn -0.0458095 -0.9739110 0.2222585
vn -0.0209495 -0.9672646 0.2529038
vn 0.0056390 -0.9656273 0.2598693
vn 0.0317687 -0.9695539 0.2428084
vn 0.0552259 -0.9777007 0.2026114
vn 0.0737147 -0.9871329 0.1418969
vn 0.0850596 -0.9942004 0.0658057
vn 0.0877079 -0.9959876 -0.0177749
vn 0.1668119 -0.9858318 -0.0175936
vn 0.1548048 -0.9728623 -0.1719724
vn 0.1261545 -0.9452558 -0.3009592
vn 0.0867379 -0.9155910 -0.3926444
vn 0.0418089 -0.8946028 -0.4449020
vn -0.0051871 -0.8882525 -0.4593263
vn -0.0519478 -0.8980910 -0.4367310
vn -0.0960221 -0.9216664 -0.3759134
vn -0.1335824 -0.9519454 -0.2756005
vn -0.1590468 -0.9773531 -0.1395890
vn -0.1668119 -0.9858318 0.0175936
vn -0.1548048 -0.9728623 0.1719724
vn -0.1261545 -0.9452558 0.3009592
vn -0.0867379 -0.9155910 0.3926444
vn -0.0418089 -0.8946028 0.4449020
vn 0.0051871 -0.8882525 0.4593263
vn 0.0519478 -0.8980910 0.4367310
vn 0.0960221 -0.9216664 0.3759134
vn 0.1335824 -0.9519454 0.2756005
vn 0.1590468 -0.9773531 0.1395890
vn 0.1668119 -0.9858318 -0.0175936
vn 0.2754404 -0.9611651 -0.0171534
vn 0.2518079 -0.9300760 -0.2674909
vn 0.1978884 -0.8663853 -0.4584939
vn 0.1317656 -0.8048387 -0.5786817
vn 0.0634753 -0.7647546 -0.6411874
vn -0.0043931 -0.7522820 -0.6588266
vn -0.0723178 -0.7684502 -0.6358100
vn -0.1405844 -0.8118490 -0.5666897
vn -0.2058978 -0.8751482 -0.4378603
vn -0.2569948 -0.9367470 -0.2376106
vn -0.2754404 -0.9611651 0.0171534
vn -0.2518079 -0.9300760 0.2674909
vn -0.1978884 -0.8663853 0.4584939
vn -0.1317656 -0.8048387 0.5786817
vn -0.0634753 -0.7647546 0.6411874
vn 0.0043931 -0.7522820 0.6588266
vn 0.0723178 -0.7684502 0.6358100
vn 0.1405844 -0.8118490 0.5666897
vn 0.2058978 -0.8751482 0.4378603
vn 0.2569948 -0.9367470 0.2376106
vn 0.2754404 -0.9611651 -0.0171534
vn 0.4418343 -0.8969539 -0.0160075
vn 0.3875203 -0.8303764 -0.4003786
vn 0.2818578 -0.7134113 -0.6415610
vn 0.1769744 -0.6213656 -0.7632724
vn 0.0834741 -0.5691437 -0.8179899
vn -0.0032312 -0.5533191 -0.8329631
vn -0.0902090 -0.5717612 -0.8154456
vn -0.1844778 -0.6269126 -0.7569337
vn -0.2901443 -0.7218425 -0.6282990
vn -0.3943705 -0.8385696 -0.3758630
vn -0.4418343 -0.8969539 0.0160075
vn -0.3875203 -0.8303764 0.4003786
vn -0.2818578 -0.7134113 0.6415610
vn -0.1769744 -0.6213656 0.7632724
vn -0.0834741 -0.5691437 0.8179899
vn 0.0032312 -0.5533191 0.8329631
vn 0.0902090 -0.5717612 0.8154456
vn 0.1844778 -0.6269126 0.7569337
vn 0.2901443 -0.7218425 0.6282990
vn 0.3943705 -0.8385696 0.3758630
vn 0.4418343 -0.8969539 -0.0160075
vn 0.7267618 -0.6867802 -0.0122566
vn 0.5759827 -0.5733347 -0.5826930
vn 0.3670892 -0.4305111 -0.8245640
vn 0.2145036 -0.3474984 -0.9128160
vn 0.0987469 -0.3071895 -0.9465113
vn -0.0017252 -0.2954168 -0.9553669
vn -0.1024524 -0.3080714 -0.9458306
vn -0.2190876 -0.3495735 -0.9109330
vn -0.3734526 -0.4344760 -0.8196119
vn -0.5838952 -0.5791303 -0.5689240
vn -0.7267618 -0.6867802 0.0122566
vn -0.5759827 -0.5733347 0.5826930
vn -0.3670892 -0.4305111 0.8245640
vn -0.2145036 -0.3474984 0.9128160
vn -0.0987469 -0.3071895 0.9465113
vn 0.0017252 -0.2954168 0.9553669
vn 0.1024524 -0.3080714 0.9458306
vn 0.2190876 -0.3495735 0.9109330
vn 0.3734526 -0.4344760 0.8196119
vn 0.5838952 -0.5791303 0.5689240
vn 0.7267618 -0.6867802 -0.0122566
vn 1.0000000 0.0000000 -0.0000000
vn 0.7095961 -0.0000000 -0.7046087
vn 0.4106521 -0.0000000 -0.9117921
vn 0.2312925 -0.0000000 -0.9728843
vn 0.1057242 -0.0000000 -0.9943955
vn 0.0000000 0.0000000 -1.0000000
vn -0.1057242 0.0000000 -0.9943955
vn -0.2312925 -0.0000000 -0.9728843
vn -0.4106521 0.0000000 -0.9117921
vn -0.7095961 0.0000000 -0.7046087
vn -1.0000000 -0.0000000 -0.0000000
vn -0.7095961 0.0000000 0.7046087
vn -0.4106521 -0.0000000 0.9117921
vn -0.2312925 -0.0000000 0.9728843
vn -0.1057242 -0.0000000 0.9943955
vn 0.0000000 -0.0000000 1.0000000
vn 0.1057242 0.0000000 0.9943955
vn 0.2312925 0.0000000 0.9728843
vn 0.4106521 -0.0000000 0.9117921
vn 0.7095961 0.0000000 0.7046087
vn 1.0000000 0.0000000 -0.0000000
vn 0.7267618 0.6867802 0.0122566
vn 0.5838952 0.5791303 -0.5689240
vn 0.3734526 0.4344760 -0.8196119
vn 0.2190876 0.3495735 -0.9109330
vn 0.1024524 0.3080714 -0.9458306
vn 0.0017252 0.2954168 -0.9553669
vn -0.0987469 0.3071895 -0.9465113
vn -0.2145036 0.3474984 -0.9128160
vn -0.3670892 0.4305111 -0.8245640
vn -0.5759827 0.5733347 -0.5826930
vn -0.7267618 0.6867802 -0.0122566
vn -0.5838952 0.5791303 0.5689240
vn -0.3734526 0.4344760 0.8196119
vn -0.2190876 0.3495735 0.9109330
vn -0.1024524 0.3080714 0.9458306
vn -0.0017252 0.2954168 0.9553669
vn 0.0987469 0.3071895 0.9465113
vn 0.2145036 0.3474984 0.9128160
vn 0.3670892 0.4305111 0.8245640
vn 0.5759827 0.5733347 0.5826930
vn 0.7267618 0.6867802 0.0122566
vn 0.4418343 0.8969539 0.0160075
vn 0.3943705 0.8385696 -0.3758630
vn 0.2901443 0.7218425 -0.6282990
vn 0.1844778 0.6269126 -0.7569337
vn 0.0902090 0.5717612 -0.8154456
vn 0.0032312 0.5533191 -0.8329631
vn -0.0834741 0.5691437 -0.8179899
vn -0.1769744 0.6213656 -0.7632724
vn -0.2818578 0.7134113 -0.6415610
vn -0.3875203 0.8303764 -0.4003786
vn -0.4418343 0.8969539 -0.0160075
vn -0.3943705 0.8385696 0.3758630
vn -0.2901443 0.7218425 0.6282990
vn -0.1844778 0.6269126 0.7569337
vn -0.0902090 0.5717612 0.8154456
vn -0.0032312 0.5533191 0.8329631
vn 0.0834741 0.5691437 0.8179899
vn 0.1769744 0.6213656 0.7632724
vn 0.2818578 0.7134113 0.6415610
vn 0.3875203 0.8303764 0.4003786
vn 0.4418343 0.8969539 0.0160075
vn 0.2754404 0.9611651 0.0171534
vn 0.2569948 0.9367470 -0.2376106
vn 0.2058978 0.8751482 -0.4378603
vn 0.1405844 0.8118490 -0.5666897
vn 0.0723178 0.7684502 -0.6358100
vn 0.0043931 0.7522820 -0.6588266
vn -0.0634753 0.7647546 -0.6411874
vn -0.1317656 0.8048387 -0.5786817
vn -0.1978884 0.8663853 -0.4584939
vn -0.2518079 0.9300760 -0.2674909
vn -0.2754404 0.9611651 -0.0171534
vn -0.2569948 0.9367470 0.2376106
vn -0.2058978 0.8751482 0.4378603
vn -0.1405844 0.8118490 0.5666897
vn -0.0723178 0.7684502 0.6358100
vn -0.0043931 0.7522820 0.6588266
vn 0.0634753 0.7647546 0.6411874
vn 0.1317656 0.8048387 0.5786817
vn 0.1978884 0.8663853 0.4584939
vn 0.2518079 0.9300760 0.2674909
vn 0.2754404 0.9611651 0.0171534
vn 0.1668119 0.9858318 0.0175936
vn 0.1590468 0.9773531 -0.1395890
vn 0.1335824 0.9519454 -0.2756005
vn 0.0960221 0.9216664 -0.3759134
vn 0.0519478 0.8980910 -0.4367310
vn 0.0051871 0.8882525 -0.4593263
vn -0.0418089 0.8946028 -0.4449020
vn -0.0867379 0.9155910 -0.3926444
vn -0.1261545 0.9452558 -0.3009592
vn -0.1548048 0.9728623 -0.1719724
vn -0.1668119 0.9858318 -0.0175936
vn -0.1590468 0.9773531 0.1395890
vn -0.1335824 0.9519454 0.2756005
vn -0.0960221 0.9216664 0.3759134
vn -0.0519478 0.8980910 0.4367310
vn -0.0051871 0.8882525 0.4593263
vn 0.0418089 0.8946028 0.4449020
vn 0.0867379 0.9155910 0.3926444
vn 0.1261545 0.9452558 0.3009592
vn 0.1548048 0.9728623 0.1719724
vn 0.1668119 0.9858318 0.0175936
vn 0.0877079 0.9959876 0.0177749
vn 0.0850596 0.9942004 -0.0658057
vn 0.0737147 0.9871329 -0.1418969
vn 0.0552259 0.9777007 -0.2026114
vn 0.0317687 0.9695539 -0.2428084
vn 0.0056390 0.9656273 -0.2598693
vn -0.0209495 0.9672646 -0.2529038
vn -0.0458095 0.9739110 -0.2222585
vn -0.0666735 0.9832329 -0.1697283
vn -0.0812691 0.9917325 -0.0993077
vn -0.0877079 0.9959876 -0.0177749
vn -0.0850596 0.9942004 0.0658057
vn -0.0737147 0.9871329 0.1418969
vn -0.0552259 0.9777007 0.2026114
vn -0.0317687 0.9695539 0.2428084
vn -0.0056390 0.9656273 0.2598693
vn 0.0209495 0.9672646 0.2529038
vn 0.0458095 0.9739110 0.2222585
vn 0.0666735 0.9832329 0.1697283
vn 0.0812691 0.9917325 0.0993077
vn 0.0877079 0.9959876 0.0177749
vn -0.0000000 1.0000000 -0.0000000
s 1
f 138/138/138 140/140/140 139/139/139
f 138/138/138 141/141/141 140/140/140
f 138/138/138 142/142/142 141/141/141
f 138/138/138 143/143/143 142/142/142
f 138/138/138 144/144/144 143/143/143
f 138/138/138 145/145/145 144/144/144
f 138/138/138 146/146/146 145/145/145
f 138/138/138 147/147/147 146/146/146
f 138/138/138 148/148/148 147/147/147
f 138/138/138 149/149/149 148/148/148
f 138/138/138 150/150/150 149/149/149
f 138/138/138 151/151/151 150/150/150
f 138/138/138 152/152/152 151/151/151
f 138/138/138 153/153/153 152/152/152
f 138/138/138 154/154/154 153/153/153
f 138/138/138 155/155/155 154/154/154
f 138/138/138 156/156/156 155/155/155
f 138/138/138 157/157/157 156/156/156
f 138/138/138 158/158/158 157/157/157
f 138/138/138 159/159/159 158/158/158
f 139/139/139 140/140/140 161/161/161
f 139/139/139 161/161/161 160/160/160
f 140/140/140 141/141/141 162/162/162
f 140/140/140 162/162/162 161/161/161
f 141/141/141 142/142/142 163/163/163
f 141/141/141 163/163/163 162/162/162
f 142/142/142 143/143/143 164/164/164
f 142/142/142 164/164/164 163/163/163
f 143/143/143 144/144/144 165/165/165
f 143/143/143 165/165/165 164/164/164
f 144/144/144 145/145/145 166/166/166
f 144/144/144 166/166/166 165/165/165
f 145/145/145 146/146/146 167/167/167
f 145/145/145 167/167/167 166/166/166
f 146/146/146 147/147/147 168/168/168
f 146/146/146 168/168/168 167/167/167
f 147/147/147 148/148/148 169/169/169
f 147/147/147 169/169/169 168/168/168
f 148/148/148 149/149/149 170/170/170
f 148/148/148 170/170/170 169/169/169
f 149/149/149 150/150/150 171/171/171
f 149/149/149 171/171/171 170/170/170
f 150/150/150 151/151/151 172/172/172
f 150/150/150 172/172/172 171/171/171
f 151/151/151 152/152/152 173/173/173
f 151/151/151 173/173/173 172/172/172
f 152/152/152 153/153/153 174/174/174
f 152/152/152 174/174/174 173/173/173
f 153/153/153 154/154/154 175/175/175
f 153/153/153 175/175/175 174/174/174
f 154/154/154 155/155/155 176/176/176
f 154/154/154 176/176/176 175/175/175
f 155/155/155 156/156/156 177/177/177
f 155/155/155 177/177/177 176/176/176
f 156/156/156 157/157/157 178/178/178
f 156/156/156 178/178/178 177/177/177
f 157/157/157 158/158/158 179/179/179
f 157/157/157 179/179/179 178/178/178
f 158/158/158 159/159/159 180/180/180
f 158/158/158 180/180/180 179/179/179
f 160/160/160 161/161/161 182/182/182
f 160/160/160 182/182/182 181/181/181
f 161/161/161 162/162/162 183/183/183
f 161/161/161 183/183/183 182/182/182
f 162/162/162 163/163/163 184/184/184
f 162/162/162 184/184/184 183/183/183
f 163/163/163 164/164/164 185/185/185
f 163/163/163 185/185/185 184/184/184
f 164/164/164 165/165/165 186/186/186
f 164/164/164 186/186/186 185/185/185
f 165/165/165 166/166/166 187/187/187
f 165/165/165 187/187/187 186/186/186
f 166/166/166 167/167/167 188/188/188
f 166/166/166 188/188/188 187/187/187
f 167/167/167 168/168/168 189/189/189
f 167/167/167 189/189/189 188/188/188
f 168/168/168 169/169/169 190/190/190
f 168/168/168 190/190/190 189/189/189
f 169/169/169 170/170/170 191/191/191
f 169/169/169 191/191/191 190/190/190
f 170/170/170 171/171/171 192/192/192
f 170/170/170 192/192/192 191/191/191
f 171/171/171 172/172/172 193/193/193
f 171/171/171 193/193/193 192/192/192
f 172/172/172 173/173/173 194/194/194
f 172/172/172 194/194/194 193/193/193
f 173/173/173 174/174/174 195/195/195
f 173/173/173 195/195/195 194/194/194
f 174/174/174 175/175/175 196/196/196
f 174/174/174 196/196/196 195/195/195
f 175/175/175 176/176/176 197/197/197
f 175/175/175 197/197/197 196/196/196
f 176/176/176 177/177/177 198/198/198
f 176/176/176 198/198/198 197/197/197
f 177/177/177 178/178/178 199/199/199
f 177/177/177 199/199/199 198/198/198
f 178/178/178 179/179/179 200/200/200
f 178/178/178 200/200/200 199/199/199
f 179/179/179 180/180/180 201/201/201
f 179/179/179 201/201/201 200/200/200
f 181/181/181 182/182/182 203/203/203
f 181/181/181 203/203/203 202/202/202
f 182/182/182 183/183/183 204/204/204
f 182/182/182 204/204/204 203/203/203
f 183/183/183 184/184/184 205/205/205
f 183/183/183 205/205/205 204/204/204
f 184/184/184 185/185/185 206/206/206
f 184/184/184 206/206/206 205/205/205
f 185/185/185 186/186/186 207/207/207
f 185/185/185 207/207/207 206/206/206
f 186/186/186 187/187/187 208/208/208
f 186/186/186 208/208/208 207/207/207
f 187/187/187 188/188/188 209/209/209
f 187/187/187 209/209/209 208/208/208
f 188/188/188 189/189/189 210/210/210
f 188/188/188 210/210/210 209/209/209
f 189/189/189 190/190/190 211/211/211
f 189/189/189 211/211/211 210/210/210
f 190/190/190 191/191/191 212/212/212
f 190/190/190 212/212/212 211/211/211
f 191/191/191 192/192/192 213/213/213
f 191/191/191 213/213/213 212/212/212
f 192/192/192 193/193/193 214/214/214
f 192/192/192 214/214/214 213/213/213
f 193/193/193 194/194/194 215/215/215
f 193/193/193 215/215/215 214/214/214
f 194/194/194 195/195/195 216/216/216
f 194/194/194 216/216/216 215/215/215
f 195/195/195 196/196/196 217/217/217
f 195/195/195 217/217/217 216/216/216
f 196/196/196 197/197/197 218/218/218
f 196/196/196 218/218/218 217/217/217
f 197/197/197 198/198/198 219/219/219
f 197/197/197 219/219/219 218/218/218
f 198/198/198 199/199/199 220/220/220
f 198/198/198 220/220/220 219/219/219
f 199/199/199 200/200/200 221/221/221
f 199/199/199 221/221/221 220/220/220
f 200/200/200 201/201/201 222/222/222
f 200/200/200 222/222/222 221/221/221
f 202/202/202 203/203/203 224/224/224
f 202/202/202 224/224/224 223/223/223
f 203/203/203 204/204/204 225/225/225
f 203/203/203 225/225/225 224/224/224
f 204/204/204 205/205/205 226/226/226
f 204/204/204 226/226/226 225/225/225
f 205/205/205 206/206/206 227/227/227
f 205/205/205 227/227/227 226/226/226
f 206/206/206 207/207/207 228/228/228
f 206/206/206 228/228/228 227/227/227
f 207/207/207 208/208/208 229/229/229
f 207/207/207 229/229/229 228/228/228
f 208/208/208 209/209/209 230/230/230
f 208/208/208 230/230/230 229/229/229
f 209/209/209 210/210/210 231/231/231
f 209/209/209 231/231/231 230/230/230
f 210/210/210 211/211/211 232/232/232
f 210/210/210 232/232/232 231/231/231
f 211/211/211 212/212/212 233/233/233
f 211/211/211 233/233/233 232/232/232
f 212/212/212 213/213/213 234/234/234
f 212/212/212 234/234/234 233/233/233
f 213/213/213 214/214/214 235/235/235
f 213/213/213 235/235/235 234/234/234
f 214/214/214 215/215/215 236/236/236
f 214/214/214 236/236/236 235/235/235
f 215/215/215 216/216/216 237/237/237
f 215/215/215 237/237/237 236/236/236
f 216/216/216 217/217/217 238/238/238
f 216/216/216 238/238/238 237/237/237
f 217/217/217 218/218/218 239/239/239
f 217/217/217 239/239/239 238/238/238
f 218/218/218 219/219/219 240/240/240
f 218/218/218 240/240/240 239/239/239
f 219/219/219 220/220/220 241/241/241
f 219/219/219 241/241/241 240/240/240
f 220/220/220 221/221/221 242/242/242
f 220/220/220 242/242/242 241/241/241
f 221/221/221 222/222/222 243/243/243
f 221/221/221 243/243/243 242/242/242
f 223/223/223 224/224/224 245/245/245
f 223/223/223 245/245/245 244/244/244
f 224/224/224 225/225/225 246/246/246
f 224/224/224 246/246/246 245/245/245
f 225/225/225 226/226/226 247/247/247
f 225/225/225 247/247/247 246/246/246
f 226/226/226 227/227/227 248/248/248
f 226/226/226 248/248/248 247/247/247
f 227/227/227 228/228/228 249/249/249
f 227/227/227 249/249/249 248/248/248
f 228/228/228 229/229/229 250/250/250
f 228/228/228 250/250/250 249/249/249
f 229/229/229 230/230/230 251/251/251
f 229/229/229 251/251/251 250/250/250
f 230/230/230 231/231/231 252/252/252
f 230/230/230 252/252/252 251/251/251
f 231/231/231 232/232/232 253/253/253
f 231/231/231 253/253/253 252/252/252
f 232/232/232 233/233/233 254/254/254
f 232/232/232 254/254/254 253/253/253
f 233/233/233 234/234/234 255/255/255
f 233/233/233 255/255/255 254/254/254
f 234/234/234 235/235/235 256/256/256
f 234/234/234 256/256/256 255/255/255
f 235/235/235 236/236/236 257/257/257
f 235/235/235 257/257/257 256/256/256
f 236/236/236 237/237/237 258/258/258
f 236/236/236 258/258/258 257/257/257
f 237/237/237 238/238/238 259/259/259
f 237/237/237 259/259/259 258/258/258
f 238/238/238 239/239/239 260/260/260
f 238/238/238 260/260/260 259/259/259
f 239/239/239 240/240/240 261/261/261
f 239/239/239 261/261/261 260/260/260
f 240/240/240 241/241/241 262/262/262
f 240/240/240 262/262/262 261/261/261
f 241/241/241 242/242/242 263/263/263
f 241/241/241 263/263/263 262/262/262
f 242/242/242 243/243/243 264/264/264
f 242/242/242 264/264/264 263/263/263
f 244/244/244 245/245/245 266/266/266
f 244/244/244 266/266/266 265/265/265
f 245/245/245 246/246/246 267/267/267
f 245/245/245 267/267/267 266/266/266
f 246/246/246 247/247/247 268/268/268
f 246/246/246 268/268/268 267/267/267
f 247/247/247 248/248/248 269/269/269
f 247/247/247 269/269/269 268/268/268
f 248/248/248 249/249/249 270/270/270
f 248/248/248 270/270/270 269/269/269
f 249/249/249 250/250/250 271/271/271
f 249/249/249 271/271/271 270/270/270
f 250/250/250 251/251/251 272/272/272
f 250/250/250 272/272/272 271/271/271
f 251/251/251 252/252/252 273/273/273
f 251/251/251 273/273/273 272/272/272
f 252/252/252 253/253/253 274/274/274
f 252/252/252 274/274/274 273/273/273
f 253/253/253 254/254/254 275/275/275
f 253/253/253 275/275/275 274/274/274
f 254/254/254 255/255/255 276/276/276
f 254/254/254 276/276/276 275/275/275
f 255/255/255 256/256/256 277/277/277
f 255/255/255 277/277/277 276/276/276
f 256/256/256 257/257/257 278/278/278
f 256/256/256 278/278/278 277/277/277
f 257/257/257 258/258/258 279/279/279
f 257/257/257 279/279/279 278/278/278
f 258/258/258 259/259/259 280/280/280
f 258/258/258 280/280/280 279/279/279
f 259/259/259 260/260/260 281/281/281
f 259/259/259 281/281/281 280/280/280
f 260/260/260 261/261/261 282/282/282
f 260/260/260 282/282/282 281/281/281
f 261/261/261 262/262/262 283/283/283
f 261/261/261 283/283/283 282/282/282
f 262/262/262 263/263/263 284/284/284
f 262/262/262 284/284/284 283/283/283
f 263/263/263 264/264/264 285/285/285
f 263/263/263 285/285/285 284/284/284
f 265/265/265 266/266/266 287/287/287
f 265/265/265 287/287/287 286/286/286
f 266/266/266 267/267/267 288/288/288
f 266/266/266 288/288/288 287/287/287
f 267/267/267 268/268/268 289/289/289
f 267/267/267 289/289/289 288/288/288
f 268/268/268 269/269/269 290/290/290
f 268/268/268 290/290/290 289/289/289
f 269/269/269 270/270/270 291/291/291
f 269/269/269 291/291/291 290/290/290
f 270/270/270 271/271/271 292/292/292
f 270/270/270 292/292/292 291/291/291
f 271/271/271 272/272/272 293/293/293
f 271/271/271 293/293/293 292/292/292
f 272/272/272 273/273/273 294/294/294
f 272/272/272 294/294/294 293/293/293
f 273/273/273 274/274/274 295/295/295
f 273/273/273 295/295/295 294/294/294
f 274/274/274 275/275/275 296/296/296
f 274/274/274 296/296/296 295/295/295
f 275/275/275 276/276/276 297/297/297
f 275/275/275 297/297/297 296/296/296
f 276/276/276 277/277/277 298/298/298
f 276/276/276 298/298/298 297/297/297
f 277/277/277 278/278/278 299/299/299
f 277/277/277 299/299/299 298/298/298
f 278/278/278 279/279/279 300/300/300
f 278/278/278 300/300/300 299/299/299
f 279/279/279 280/280/280 301/301/301
f 279/279/279 301/301/301 300/300/300
f 280/280/280 281/281/281 302/302/302
f 280/280/280 302/302/302 301/301/301
f 281/281/281 282/282/282 303/303/303
f 281/281/281 303/303/303 302/302/302
f 282/282/282 283/283/283 304/304/304
f 282/282/282 304/304/304 303/303/303
f 283/283/283 284/284/284 305/305/305
f 283/283/283 305/305/305 304/304/304
f 284/284/284 285/285/285 306/306/306
f 284/284/284 306/306/306 305/305/305
f 286/286/286 287/287/287 308/308/308
f 286/286/286 308/308/308 307/307/307
f 287/287/287 288/288/288 309/309/309
f 287/287/287 309/309/309 308/308/308
f 288/288/288 289/289/289 310/310/310
f 288/288/288 310/310/310 309/309/309
f 289/289/289 290/290/290 311/311/311
f 289/289/289 311/311/311 310/310/310
f 290/290/290 291/291/291 312/312/312
f 290/290/290 312/312/312 311/311/311
f 291/291/291 292/292/292 313/313/313
f 291/291/291 313/313/313 312/312/312
f 292/292/292 293/293/293 314/314/314
f 292/292/292 314/314/314 313/313/313
f 293/293/293 294/294/294 315/315/315
f 293/293/293 315/315/315 314/314/314
f 294/294/294 295/295/295 316/316/316
f 294/294/294 316/316/316 315/315/315
f 295/295/295 296/296/296 317/317/317
f 295/295/295 317/317/317 316/316/316
f 296/296/296 297/297/297 318/318/318
f 296/296/296 318/318/318 317/317/317
f 297/297/297 298/298/298 319/319/319
f 297/297/297 319/319/319 318/318/318
f 298/298/298 299/299/299 320/320/320
f 298/298/298 320/320/320 319/319/319
f 299/299/299 300/300/300 321/321/321
f 299/299/299 321/321/321 320/320/320
f 300/300/300 301/301/301 322/322/322
f 300/300/300 322/322/322 321/321/321
f 301/301/301 302/302/302 323/323/323
f 301/301/301 323/323/323 322/322/322
f 302/302/302 303/303/303 324/324/324
f 302/302/302 324/324/324 323/323/323
f 303/303/303 304/304/304 325/325/325
f 303/303/303 325/325/325 324/324/324
f 304/304/304 305/305/305 326/326/326
f 304/304/304 326/326/326 325/325/325
f 305/305/305 306/306/306 327/327/327
f 305/305/305 327/327/327 326/326/326
f 307/307/307 308/308/308 329/329/329
f 307/307/307 329/329/329 328/328/328
f 308/308/308 309/309/309 330/330/330
f 308/308/308 330/330/330 329/329/329
f 309/309/309 310/310/310 331/331/331
f 309/309/309 331/331/331 330/330/330
f 310/310/310 311/311/311 332/332/332
f 310/310/310 332/332/332 331/331/331
f 311/311/311 312/312/312 333/333/333
f 311/311/311 333/333/333 332/332/332
f 312/312/312 313/313/313 334/334/334
f 312/312/312 334/334/334 333/333/333
f 313/313/313 314/314/314 335/335/335
f 313/313/313 335/335/335 334/334/334
f 314/314/314 315/315/315 336/336/336
f 314/314/314 336/336/336 335/335/335
f 315/315/315 316/316/316 337/337/337
f 315/315/315 337/337/337 336/336/336
f 316/316/316 317/317/317 338/338/338
f 316/316/316 338/338/338 337/337/337
f 317/317/317 318/318/318 339/339/339
f 317/317/317 339/339/339 338/338/338
f 318/318/318 319/319/319 340/340/340
f 318/318/318 340/340/340 339/339/339
f 319/319/319 320/320/320 341/341/341
f 319/319/319 341/341/341 340/340/340
f 320/320/320 321/321/321 342/342/342
f 320/320/320 342/342/342 341/341/341
f 321/321/321 322/322/322 343/343/343
f 321/321/321 343/343/343 342/342/342
f 322/322/322 323/323/323 344/344/344
f 322/322/322 344/344/344 343/343/343
f 323/323/323 324/324/324 345/345/345
f 323/323/323 345/345/345 344/344/344
f 324/324/324 325/325/325 346/346/346
f 324/324/324 346/346/346 345/345/345
f 325/325/325 326/326/326 347/347/347
f 325/325/325 347/347/347 346/346/346
f 326/326/326 327/327/327 348/348/348
f 326/326/326 348/348/348 347/347/347
f 328/328/328 329/329/329 350/350/350
f 328/328/328 350/350/350 349/349/349
f 329/329/329 330/330/330 351/351/351
f 329/329/329 351/351/351 350/350/350
f 330/330/330 331/331/331 352/352/352
f 330/330/330 352/352/352 351/351/351
f 331/331/331 332/332/332 353/353/353
f 331/331/331 353/353/353 352/352/352
f 332/332/332 333/333/333 354/354/354
f 332/332/332 354/354/354 353/353/353
f 333/333/333 334/334/334 355/355/355
f 333/333/333 355/355/355 354/354/354
f 334/334/334 335/335/335 356/356/356
f 334/334/334 356/356/356 355/355/355
f 335/335/335 336/336/336 357/357/357
f 335/335/335 357/357/357 356/356/356
f 336/336/336 337/337/337 358/358/358
f 336/336/336 358/358/358 357/357/357
f 337/337/337 338/338/338 359/359/359
f 337/337/337 359/359/359 358/358/358
f 338/338/338 339/339/339 360/360/360
f 338/338/338 360/360/360 359/359/359
f 339/339/339 340/340/340 361/361/361
f 339/339/339 361/361/361 360/360/360
f 340/340/340 341/341/341 362/362/362
f 340/340/340 362/362/362 361/361/361
f 341/341/341 342/342/342 363/363/363
f 341/341/341 363/363/363 362/362/362
f 342/342/342 343/343/343 364/364/364
f 342/342/342 364/364/364 363/363/363
f 343/343/343 344/344/344 365/365/365
f 343/343/343 365/365/365 364/364/364
f 344/344/344 345/345/345 366/366/366
f 344/344/344 366/366/366 365/365/365
f 345/345/345 346/346/346 367/367/367
f 345/345/345 367/367/367 366/366/366
f 346/346/346 347/347/347 368/368/368
f 346/346/346 368/368/368 367/367/367
f 347/347/347 348/348/348 369/369/369
f 347/347/347 369/369/369 368/368/368
f 349/349/349 350/350/350 370/370/370
f 350/350/350 351/351/351 370/370/370
f 351/351/351 352/352/352 370/370/370
f 352/352/352 353/353/353 370/370/370
f 353/353/353 354/354/354 370/370/370
f 354/354/354 355/355/355 370/370/370
f 355/355/355 356/356/356 370/370/370
f 356/356/356 357/357/357 370/370/370
f 357/357/357 358/358/358 370/370/370
f 358/358/358 359/359/359 370/370/370
f 359/359/359 360/360/360 370/370/370
f 360/360/360 361/361/361 370/370/370
f 361/361/361 362/362/362 370/370/370
f 362/362/362 363/363/363 370/370/370
f 363/363/363 364/364/364 370/370/370
f 364/364/364 365/365/365 370/370/370
f 365/365/365 366/366/366 370/370/370
f 366/366/366 367/367/367 370/370/370
f 367/367/367 368/368/368 370/370/370
f 368/368/368 369/369/369 370/370/370
o Leg_1
v 5.116723 41.156984 -4.966968
v 4.398274 40.932321 -2.816774
v 2.282565 40.557268 -1.092452
v -0.811363 40.106108 -0.135526
v -4.270719 39.668198 -0.135526
v -7.410335 39.330273 -1.092452
v -9.608373 39.159263 -2.816774
v -10.429483 39.189037 -4.966968
v -9.711034 39.413700 -7.117163
v -7.595325 39.788753 -8.841485
v -4.501397 40.239913 -9.798411
v -1.042041 40.677822 -9.798411
v 2.097575 41.015747 -8.841485
v 4.295613 41.186758 -7.117163
v 5.116723 41.156984 -4.966968
v 5.845281 38.212168 -5.189456
v 5.168243 37.997685 -3.160400
v 3.173679 37.638477 -1.533479
v 0.256637 37.205688 -0.630922
v -3.005128 36.785039 -0.631494
v -5.965582 36.459843 -1.535081
v -8.038372 36.294510 -3.162716
v -8.812956 36.321786 -5.192026
v -8.135918 36.536268 -7.221081
v -6.141354 36.895477 -8.848003
v -3.224312 37.328265 -9.750559
v 0.037453 37.748915 -9.749987
v 2.997907 38.074111 -8.846401
v 5.070697 38.239444 -7.218766
v 5.845281 38.212168 -5.189456
v 6.974612 33.899639 -5.519460
v 6.351735 33.713954 -3.664312
v 4.520143 33.407765 -2.175795
v 1.842607 33.041716 -1.348729
v -1.150556 32.688307 -1.346924
v -3.866513 32.417536 -2.170738
v -5.767335 32.283031 -3.657004
v -6.476540 32.311434 -5.511349
v -5.853664 32.497118 -7.366497
v -4.022072 32.803307 -8.855014
v -1.344535 33.169357 -9.682080
v 1.648627 33.522766 -9.683885
v 4.364584 33.793537 -8.860072
v 6.265406 33.928042 -7.373805
v 6.974612 33.899639 -5.519460
v 7.969247 28.883477 -5.873531
v 7.398778 28.748646 -4.204420
v 5.730770 28.542016 -2.862343
v 3.295591 28.304512 -2.113116
v 0.575559 28.083176 -2.105132
v -1.890590 27.921844 -2.839972
v -3.614406 27.852471 -4.172092
v -4.254465 27.888798 -5.837649
v -3.683997 28.023629 -7.506760
v -2.015988 28.230259 -8.848837
v 0.419190 28.467763 -9.598064
v 3.139222 28.689100 -9.606048
v 5.605372 28.850431 -8.871209
v 7.329187 28.919804 -7.539088
v 7.969247 28.883477 -5.873531
v 8.233127 23.875496 -6.160799
v 7.707432 23.810075 -4.650284
v 6.181314 23.743892 -3.432038
v 3.957040 23.690056 -2.747351
v 1.475155 23.659229 -2.731831
v -0.772775 23.657517 -3.388554
v -2.341518 23.685259 -4.587448
v -2.920366 23.736961 -6.091056
v -2.394672 23.802382 -7.601571
v -0.868554 23.868564 -8.819817
v 1.355720 23.922401 -9.504505
v 3.837605 23.953228 -9.520024
v 6.085535 23.954940 -8.863301
v 7.654278 23.927198 -7.664407
v 8.233127 23.875496 -6.160799
v 7.284777 18.764718 -6.350877
v 6.806859 18.753830 -4.971806
v 5.420570 18.797385 -3.857446
v 3.400481 18.886757 -3.228509
v 1.146696 19.004244 -3.209564
v -0.894396 19.126576 -3.804363
v -2.318531 19.229525 -4.895100
v -2.843642 19.292700 -6.265740
v -2.365724 19.303588 -7.644811
v -0.979434 19.260033 -8.759171
v 1.040655 19.170661 -9.388108
v 3.294440 19.053174 -9.407053
v 5.335532 18.930841 -8.812254
v 6.759667 18.827893 -7.721517
v 7.284777 18.764718 -6.350877
v 5.577396 13.474627 -6.488974
v 5.146380 13.485759 -5.232574
v 3.893358 13.570216 -4.216650
v 2.066507 13.711270 -3.642416
v 0.027658 13.880983 -3.623608
v -1.819372 14.045742 -4.163949
v -3.108754 14.172914 -5.156420
v -3.585111 14.237311 -6.404448
v -3.154095 14.226179 -7.660848
v -1.901073 14.141722 -8.676772
v -0.074222 14.000668 -9.251006
v 1.964627 13.830955 -9.269814
v 3.811657 13.666196 -8.729473
v 5.101039 13.539024 -7.737002
v 5.577396 13.474627 -6.488974
v 3.801182 8.808348 -6.588504
v 3.406994 8.823981 -5.434993
v 2.259912 8.913038 -4.502104
v 0.587130 9.057880 -3.974608
v -1.280038 9.229818 -3.956980
v -2.971776 9.394799 -4.452714
v -4.153014 9.520147 -5.363622
v -4.589794 9.581033 -6.509288
v -4.195607 9.565400 -7.662799
v -3.048525 9.476343 -8.595688
v -1.375742 9.331502 -9.123185
v 0.491425 9.159563 -9.140812
v 2.183163 8.994582 -8.645079
v 3.364401 8.869235 -7.734171
v 3.801182 8.808348 -6.588504
v 2.605296 5.596877 -6.659573
v 2.235606 5.610431 -5.578709
v 1.160062 5.691549 -4.704605
v -0.408311 5.824165 -4.210389
v -2.158877 5.982012 -4.193945
v -3.744915 6.133828 -4.658531
v -4.852292 6.249542 -5.512131
v -5.261676 6.306237 -6.585677
v -4.891986 6.292683 -7.666541
v -3.816442 6.211565 -8.540644
v -2.248069 6.078949 -9.034861
v -0.497503 5.921102 -9.051304
v 1.088535 5.769286 -8.586718
v 2.195912 5.653572 -7.733119
v 2.605296 5.596877 -6.659573
v -2.656380 40.173010 -4.966968
v -1.328190 5.951557 -6.622625
vt 0.0078125 0.9921875
vt 0.0078125 0.9486607
vt 0.0078125 0.9051339
vt 0.0078125 0.8616071
vt 0.0078125 0.8180804
vt 0.0078125 0.7745536
vt 0.0078125 0.7310268
vt 0.0078125 0.6875000
vt 0.0078125 0.6439732
vt 0.0078125 0.6004464
vt 0.0078125 0.5569196
vt 0.0078125 0.5133929
vt 0.0078125 0.4698661
vt 0.0078125 0.4263393
vt 0.0078125 0.3828125
vt 0.1308594 0.9921875
vt 0.1308594 0.9486607
vt 0.1308594 0.9051339
vt 0.1308594 0.8616071
vt 0.1308594 0.8180804
vt 0.1308594 0.7745536
vt 0.1308594 0.7310268
vt 0.1308594 0.6875000
vt 0.1308594 0.6439732
vt 0.1308594 0.6004464
vt 0.1308594 0.5569196
vt 0.1308594 0.5133929
vt 0.1308594 0.4698661
vt 0.1308594 0.4263393
vt 0.1308594 0.3828125
vt 0.2539062 0.9921875
vt 0.2539062 0.9486607
vt 0.2539062 0.9051339
vt 0.2539062 0.8616071
vt 0.2539062 0.8180804
vt 0.2539062 0.7745536
vt 0.2539062 0.7310268
vt 0.2539062 0.6875000
vt 0.2539062 0.6439732
vt 0.2539062 0.6004464
vt 0.2539062 0.5569196
vt 0.2539062 0.5133929
vt 0.2539062 0.4698661
vt 0.2539062 0.4263393
vt 0.2539062 0.3828125
vt 0.3769531 0.9921875
vt 0.3769531 0.9486607
vt 0.3769531 0.9051339
vt 0.3769531 0.8616071
vt 0.3769531 0.8180804
vt 0.3769531 0.7745536
vt 0.3769531 0.7310268
vt 0.3769531 0.6875000
vt 0.3769531 0.6439732
vt 0.3769531 0.6004464
vt 0.3769531 0.5569196
vt 0.3769531 0.5133929
vt 0.3769531 0.4698661
vt 0.3769531 0.4263393
vt 0.3769531 0.3828125
vt 0.5000000 0.9921875
vt 0.5000000 0.9486607
vt 0.5000000 0.9051339
vt 0.5000000 0.8616071
vt 0.5000000 0.8180804
vt 0.5000000 0.7745536
vt 0.5000000 0.7310268
vt 0.5000000 0.6875000
vt 0.5000000 0.6439732
vt 0.5000000 0.6004464
vt 0.5000000 0.5569196
vt 0.5000000 0.5133929
vt 0.5000000 0.4698661
vt 0.5000000 0.4263393
vt 0.5000000 0.3828125
vt 0.6230469 0.9921875
vt 0.6230469 0.9486607
vt 0.6230469 0.9051339
vt 0.6230469 0.8616071
vt 0.6230469 0.8180804
vt 0.6230469 0.7745536
vt 0.6230469 0.7310268
vt 0.6230469 0.6875000
vt 0.6230469 0.6439732
vt 0.6230469 0.6004464
vt 0.6230469 0.5569196
vt 0.6230469 0.5133929
vt 0.6230469 0.4698661
vt 0.6230469 0.4263393
vt 0.6230469 0.3828125
vt 0.7460938 0.9921875
vt 0.7460938 0.9486607
vt 0.7460938 0.9051339
vt 0.7460938 0.8616071
vt 0.7460938 0.8180804
vt 0.7460938 0.7745536
vt 0.7460938 0.7310268
vt 0.7460938 0.6875000
vt 0.7460938 0.6439732
vt 0.7460938 0.6004464
vt 0.7460938 0.5569196
vt 0.7460938 0.5133929
vt 0.7460938 0.4698661
vt 0.7460938 0.4263393
vt 0.7460938 0.3828125
vt 0.8691406 0.9921875
vt 0.8691406 0.9486607
vt 0.8691406 0.9051339
vt 0.8691406 0.8616071
vt 0.8691406 0.8180804
vt 0.8691406 0.7745536
vt 0.8691406 0.7310268
vt 0.8691406 0.6875000
vt 0.8691406 0.6439732
vt 0.8691406 0.6004464
vt 0.8691406 0.5569196
vt 0.8691406 0.5133929
vt 0.8691406 0.4698661
vt 0.8691406 0.4263393
vt 0.8691406 0.3828125
vt 0.9921875 0.9921875
vt 0.9921875 0.9486607
vt 0.9921875 0.9051339
vt 0.9921875 0.8616071
vt 0.9921875 0.8180804
vt 0.9921875 0.7745536
vt 0.9921875 0.7310268
vt 0.9921875 0.6875000
vt 0.9921875 0.6439732
vt 0.9921875 0.6004464
vt 0.9921875 0.5569196
vt 0.9921875 0.5133929
vt 0.9921875 0.4698661
vt 0.9921875 0.4263393
vt 0.9921875 0.3828125
vt 0.0078125 0.6875000
vt 0.9921875 0.6875000
vn 0.3557691 0.9291202 0.1008165
vn 0.2940915 0.8642942 0.4080511
vn 0.1573135 0.7653105 0.6241413
vn -0.0185588 0.6790512 0.7338563
vn -0.2171175 0.6312453 0.7445733
vn -0.4312340 0.6324767 0.6434365
vn -0.6252114 0.6767033 0.3888230
vn -0.6938763 0.7200247 -0.0100049
vn -0.5765313 0.7228577 -0.3809047
vn -0.3705711 0.7174719 -0.5898400
vn -0.1617634 0.7382968 -0.6547903
vn 0.0285930 0.7902343 -0.6121374
vn 0.1946000 0.8615871 -0.4688267
vn 0.3161851 0.9226263 -0.2208795
vn 0.3557691 0.9291202 0.1008165
vn 0.9689058 0.2473771 0.0051178
vn 0.7822764 0.1399547 0.6070061
vn 0.4508410 0.0053340 0.8925883
vn 0.1533199 -0.1115006 0.9818659
vn -0.1191609 -0.2216389 0.9678207
vn -0.4015301 -0.3388278 0.8508639
vn -0.6983587 -0.4573896 0.5505360
vn -0.8676281 -0.4968466 -0.0191039
vn -0.7135791 -0.3761275 -0.5910440
vn -0.4151344 -0.2100884 -0.8851702
vn -0.1290876 -0.0734188 -0.9889116
vn 0.1443842 0.0388565 -0.9887585
vn 0.4400529 0.1406600 -0.8868868
vn 0.7700962 0.2300472 -0.5950043
vn 0.9689058 0.2473771 0.0051178
vn 0.9745036 0.2240038 -0.0128490
vn 0.7926191 0.1257060 0.5966180
vn 0.4588548 0.0010716 0.8885106
vn 0.1593460 -0.1074341 0.9813597
vn -0.1142705 -0.2102990 0.9709359
vn -0.3981197 -0.3207783 0.8594196
vn -0.6997839 -0.4347033 0.5668646
vn -0.8792330 -0.4763912 -0.0008808
vn -0.7277684 -0.3628473 -0.5819751
vn -0.4253106 -0.2042312 -0.8817032
vn -0.1366016 -0.0748429 -0.9877948
vn 0.1378844 0.0301022 -0.9899908
vn 0.4339666 0.1241963 -0.8923274
vn 0.7664924 0.2066266 -0.6081076
vn 0.9745036 0.2240038 -0.0128490
vn 0.9912303 0.1292883 -0.0273324
vn 0.8052014 0.0563701 0.5903161
vn 0.4641895 -0.0304737 0.8852115
vn 0.1610033 -0.1064013 0.9812017
vn -0.1158523 -0.1807250 0.9766866
vn -0.4062743 -0.2638023 0.8748426
vn -0.7239711 -0.3532680 0.5925096
vn -0.9221168 -0.3865679 0.0163030
vn -0.7593310 -0.2906795 -0.5821700
vn -0.4404470 -0.1633417 -0.8827944
vn -0.1443766 -0.0651450 -0.9873761
vn 0.1334195 0.0102025 -0.9910071
vn 0.4327025 0.0738151 -0.8985098
vn 0.7726305 0.1253626 -0.6223554
vn 0.9912303 0.1292883 -0.0273324
vn 0.9976652 -0.0611775 -0.0303555
vn 0.8039584 -0.0847614 0.5886140
vn 0.4590385 -0.0966898 0.8831391
vn 0.1540077 -0.1076979 0.9821827
vn -0.1266665 -0.1226036 0.9843393
vn -0.4273227 -0.1436683 0.8926112
vn -0.7687846 -0.1683249 0.6169579
vn -0.9855494 -0.1682961 0.0192052
vn -0.7936239 -0.1183676 -0.5967833
vn -0.4516540 -0.0687405 -0.8895411
vn -0.1480523 -0.0390119 -0.9882098
vn 0.1323881 -0.0239261 -0.9909091
vn 0.4339335 -0.0208399 -0.9007038
vn 0.7779056 -0.0327987 -0.6275246
vn 0.9976652 -0.0611775 -0.0303555
vn 0.9692853 -0.2439079 -0.0315431
vn 0.7839515 -0.2227278 0.5794932
vn 0.4491423 -0.1642097 0.8782405
vn 0.1477054 -0.1122348 0.9826426
vn -0.1327044 -0.0676501 0.9888443
vn -0.4352496 -0.0237096 0.8999976
vn -0.7804007 0.0250518 0.6247777
vn -0.9975668 0.0660442 0.0223295
vn -0.7999801 0.0628482 -0.5967260
vn -0.4552416 0.0310057 -0.8898279
vn -0.1510861 -0.0072918 -0.9884937
vn 0.1286146 -0.0514691 -0.9903581
vn 0.4269649 -0.1081988 -0.8977717
vn 0.7614702 -0.1830693 -0.6218109
vn 0.9692853 -0.2439079 -0.0315431
vn 0.9437081 -0.3281596 -0.0415491
vn 0.7718865 -0.2889284 0.5663141
vn 0.4469421 -0.1979785 0.8723802
vn 0.1490857 -0.1156163 0.9820419
vn -0.1291973 -0.0424511 0.9907098
vn -0.4284809 0.0319945 0.9029842
vn -0.7675482 0.1144389 0.6306929
vn -0.9839142 0.1747309 0.0371744
vn -0.7985152 0.1492685 -0.5831744
vn -0.4596136 0.0805647 -0.8844573
vn -0.1569722 0.0103061 -0.9875492
vn 0.1211870 -0.0623474 -0.9906697
vn 0.4155961 -0.1478413 -0.8974535
vn 0.7412199 -0.2520155 -0.6221586
vn 0.9437081 -0.3281596 -0.0415491
vn 0.9345745 -0.3515499 -0.0546188
vn 0.7717704 -0.3098745 0.5552911
vn 0.4504916 -0.2102442 0.8676720
vn 0.1534831 -0.1189946 0.9809603
vn -0.1239312 -0.0374415 0.9915842
vn -0.4212740 0.0458198 0.9057752
vn -0.7574812 0.1380600 0.6380922
vn -0.9772448 0.2055584 0.0523300
vn -0.8016040 0.1762649 -0.5712808
vn -0.4654692 0.0975774 -0.8796687
vn -0.1629907 0.0180273 -0.9864629
vn 0.1146418 -0.0629078 -0.9914131
vn 0.4072506 -0.1566033 -0.8997902
vn 0.7298894 -0.2692185 -0.6283175
vn 0.9345745 -0.3515499 -0.0546188
vn 0.6179350 -0.7779665 -0.1136858
vn 0.5575328 -0.7497839 0.3563442
vn 0.3595041 -0.6428688 0.6763701
vn 0.1259735 -0.5412296 0.8313851
vn -0.1158350 -0.4744214 0.8726434
vn -0.3790080 -0.4466368 0.8104742
vn -0.6681422 -0.4563745 0.5876294
vn -0.8731337 -0.4746348 0.1111723
vn -0.7764466 -0.4474162 -0.4437898
vn -0.4961351 -0.4135696 -0.7634201
vn -0.2194881 -0.4203768 -0.8804024
vn 0.0294888 -0.4719121 -0.8811523
vn 0.2671582 -0.5657729 -0.7800817
vn 0.4882100 -0.6886790 -0.5360711
vn 0.6179350 -0.7779665 -0.1136858
vn -0.1253464 0.9902002 0.0615786
vn -0.0899603 -0.9957775 -0.0182824
s 1
f 371/371/371 372/372/372 387/387/387
f 371/371/371 387/387/387 386/386/386
f 372/372/372 373/373/373 388/388/388
f 372/372/372 388/388/388 387/387/387
f 373/373/373 374/374/374 389/389/389
f 373/373/373 389/389/389 388/388/388
f 374/374/374 375/375/375 390/390/390
f 374/374/374 390/390/390 389/389/389
f 375/375/375 376/376/376 391/391/391
f 375/375/375 391/391/391 390/390/390
f 376/376/376 377/377/377 392/392/392
f 376/376/376 392/392/392 391/391/391
f 377/377/377 378/378/378 393/393/393
f 377/377/377 393/393/393 392/392/392
f 378/378/378 379/379/379 394/394/394
f 378/378/378 394/394/394 393/393/393
f 379/379/379 380/380/380 395/395/395
f 379/379/379 395/395/395 394/394/394
f 380/380/380 381/381/381 396/396/396
f 380/380/380 396/396/396 395/395/395
f 381/381/381 382/382/382 397/397/397
f 381/381/381 397/397/397 396/396/396
f 382/382/382 383/383/383 398/398/398
f 382/382/382 398/398/398 397/397/397
f 383/383/383 384/384/384 399/399/399
f 383/383/383 399/399/399 398/398/398
f 384/384/384 385/385/385 400/400/400
f 384/384/384 400/400/400 399/399/399
f 386/386/386 387/387/387 402/402/402
f 386/386/386 402/402/402 401/401/401
f 387/387/387 388/388/388 403/403/403
f 387/387/387 403/403/403 402/402/402
f 388/388/388 389/389/389 404/404/404
f 388/388/388 404/404/404 403/403/403
f 389/389/389 390/390/390 405/405/405
f 389/389/389 405/405/405 404/404/404
f 390/390/390 391/391/391 406/406/406
f 390/390/390 406/406/406 405/405/405
f 391/391/391 392/392/392 407/407/407
f 391/391/391 407/407/407 406/406/406
f 392/392/392 393/393/393 408/408/408
f 392/392/392 408/408/408 407/407/407
f 393/393/393 394/394/394 409/409/409
f 393/393/393 409/409/409 408/408/408
f 394/394/394 395/395/395 410/410/410
f 394/394/394 410/410/410 409/409/409
f 395/395/395 396/396/396 411/411/411
f 395/395/395 411/411/411 410/410/410
f 396/396/396 397/397/397 412/412/412
f 396/396/396 412/412/412 411/411/411
f 397/397/397 398/398/398 413/413/413
f 397/397/397 413/413/413 412/412/412
f 398/398/398 399/399/399 414/414/414
f 398/398/398 414/414/414 413/413/413
f 399/399/399 400/400/400 415/415/415
f 399/399/399 415/415/415 414/414/414
f 401/401/401 402/402/402 417/417/417
f 401/401/401 417/417/417 416/416/416
f 402/402/402 403/403/403 418/418/418
f 402/402/402 418/418/418 417/417/417
f 403/403/403 404/404/404 419/419/419
f 403/403/403 419/419/419 418/418/418
f 404/404/404 405/405/405 420/420/420
f 404/404/404 420/420/420 419/419/419
f 405/405/405 406/406/406 421/421/421
f 405/405/405 421/421/421 420/420/420
f 406/406/406 407/407/407 422/422/422
f 406/406/406 422/422/422 421/421/421
f 407/407/407 408/408/408 423/423/423
f 407/407/407 423/423/423 422/422/422
f 408/408/408 409/409/409 424/424/424
f 408/408/408 424/424/424 423/423/423
f 409/409/409 410/410/410 425/425/425
f 409/409/409 425/425/425 424/424/424
f 410/410/410 411/411/411 426/426/426
f 410/410/410 426/426/426 425/425/425
f 411/411/411 412/412/412 427/427/427
f 411/411/411 427/427/427 426/426/426
f 412/412/412 413/413/413 428/428/428
f 412/412/412 428/428/428 427/427/427
f 413/413/413 414/414/414 429/429/429
f 413/413/413 429/429/429 428/428/428
f 414/414/414 415/415/415 430/430/430
f 414/414/414 430/430/430 429/429/429
f 416/416/416 417/417/417 432/432/432
f 416/416/416 432/432/432 431/431/431
f 417/417/417 418/418/418 433/433/433
f 417/417/417 433/433/433 432/432/432
f 418/418/418 419/419/419 434/434/434
f 418/418/418 434/434/434 433/433/433
f 419/419/419 420/420/420 435/435/435
f 419/419/419 435/435/435 434/434/434
f 420/420/420 421/421/421 436/436/436
f 420/420/420 436/436/436 435/435/435
f 421/421/421 422/422/422 437/437/437
f 421/421/421 437/437/437 436/436/436
f 422/422/422 423/423/423 438/438/438
f 422/422/422 438/438/438 437/437/437
f 423/423/423 424/424/424 439/439/439
f 423/423/423 439/439/439 438/438/438
f 424/424/424 425/425/425 440/440/440
f 424/424/424 440/440/440 439/439/439
f 425/425/425 426/426/426 441/441/441
f 425/425/425 441/441/441 440/440/440
f 426/426/426 427/427/427 442/442/442
f 426/426/426 442/442/442 441/441/441
f 427/427/427 428/428/428 443/443/443
f 427/427/427 443/443/443 442/442/442
f 428/428/428 429/429/429 444/444/444
f 428/428/428 444/444/444 443/443/443
f 429/429/429 430/430/430 445/445/445
f 429/429/429 445/445/445 444/444/444
f 431/431/431 432/432/432 447/447/447
f 431/431/431 447/447/447 446/446/446
f 432/432/432 433/433/433 448/448/448
f 432/432/432 448/448/448 447/447/447
f 433/433/433 434/434/434 449/449/449
f 433/433/433 449/449/449 448/448/448
f 434/434/434 435/435/435 450/450/450
f 434/434/434 450/450/450 449/449/449
f 435/435/435 436/436/436 451/451/451
f 435/435/435 451/451/451 450/450/450
f 436/436/436 437/437/437 452/452/452
f 436/436/436 452/452/452 451/451/451
f 437/437/437 438/438/438 453/453/453
f 437/437/437 453/453/453 452/452/452
f 438/438/438 439/439/439 454/454/454
f 438/438/438 454/454/454 453/453/453
f 439/439/439 440/440/440 455/455/455
f 439/439/439 455/455/455 454/454/454
f 440/440/440 441/441/441 456/456/456
f 440/440/440 456/456/456 455/455/455
f 441/441/441 442/442/442 457/457/457
f 441/441/441 457/457/457 456/456/456
f 442/442/442 443/443/443 458/458/458
f 442/442/442 458/458/458 457/457/457
f 443/443/443 444/444/444 459/459/459
f 443/443/443 459/459/459 458/458/458
f 444/444/444 445/445/445 460/460/460
f 444/444/444 460/460/460 459/459/459
f 446/446/446 447/447/447 462/462/462
f 446/446/446 462/462/462 461/461/461
f 447/447/447 448/448/448 463/463/463
f 447/447/447 463/463/463 462/462/462
f 448/448/448 449/449/449 464/464/464
f 448/448/448 464/464/464 463/463/463
f 449/449/449 450/450/450 465/465/465
f 449/449/449 465/465/465 464/464/464
f 450/450/450 451/451/451 466/466/466
f 450/450/450 466/466/466 465/465/465
f 451/451/451 452/452/452 467/467/467
f 451/451/451 467/467/467 466/466/466
f 452/452/452 453/453/453 468/468/468
f 452/452/452 468/468/468 467/467/467
f 453/453/453 454/454/454 469/469/469
f 453/453/453 469/469/469 468/468/468
f 454/454/454 455/455/455 470/470/470
f 454/454/454 470/470/470 469/469/469
f 455/455/455 456/456/456 471/471/471
f 455/455/455 471/471/471 470/470/470
f 456/456/456 457/457/457 472/472/472
f 456/456/456 472/472/472 471/471/471
f 457/457/457 458/458/458 473/473/473
f 457/457/457 473/473/473 472/472/472
f 458/458/458 459/459/459 474/474/474
f 458/458/458 474/474/474 473/473/473
f 459/459/459 460/460/460 475/475/475
f 459/459/459 475/475/475 474/474/474
f 461/461/461 462/462/462 477/477/477
f 461/461/461 477/477/477 476/476/476
f 462/462/462 463/463/463 478/478/478
f 462/462/462 478/478/478 477/477/477
f 463/463/463 464/464/464 479/479/479
f 463/463/463 479/479/479 478/478/478
f 464/464/464 465/465/465 480/480/480
f 464/464/464 480/480/480 479/479/479
f 465/465/465 466/466/466 481/481/481
f 465/465/465 481/481/481 480/480/480
f 466/466/466 467/467/467 482/482/482
f 466/466/466 482/482/482 481/481/481
f 467/467/467 468/468/468 483/483/483
f 467/467/467 483/483/483 482/482/482
f 468/468/468 469/469/469 484/484/484
f 468/468/468 484/484/484 483/483/483
f 469/469/469 470/470/470 485/485/485
f 469/469/469 485/485/485 484/484/484
f 470/470/470 471/471/471 486/486/486
f 470/470/470 486/486/486 485/485/485
f 471/471/471 472/472/472 487/487/487
f 471/471/471 487/487/487 486/486/486
f 472/472/472 473/473/473 488/488/488
f 472/472/472 488/488/488 487/487/487
f 473/473/473 474/474/474 489/489/489
f 473/473/473 489/489/489 488/488/488
f 474/474/474 475/475/475 490/490/490
f 474/474/474 490/490/490 489/489/489
f 476/476/476 477/477/477 492/492/492
f 476/476/476 492/492/492 491/491/491
f 477/477/477 478/478/478 493/493/493
f 477/477/477 493/493/493 492/492/492
f 478/478/478 479/479/479 494/494/494
f 478/478/478 494/494/494 493/493/493
f 479/479/479 480/480/480 495/495/495
f 479/479/479 495/495/495 494/494/494
f 480/480/480 481/481/481 496/496/496
f 480/480/480 496/496/496 495/495/495
f 481/481/481 482/482/482 497/497/497
f 481/481/481 497/497/497 496/496/496
f 482/482/482 483/483/483 498/498/498
f 482/482/482 498/498/498 497/497/497
f 483/483/483 484/484/484 499/499/499
f 483/483/483 499/499/499 498/498/498
f 484/484/484 485/485/485 500/500/500
f 484/484/484 500/500/500 499/499/499
f 485/485/485 486/486/486 501/501/501
f 485/485/485 501/501/501 500/500/500
f 486/486/486 487/487/487 502/502/502
f 486/486/486 502/502/502 501/501/501
f 487/487/487 488/488/488 503/503/503
f 487/487/487 503/503/503 502/502/502
f 488/488/488 489/489/489 504/504/504
f 488/488/488 504/504/504 503/503/503
f 489/489/489 490/490/490 505/505/505
f 489/489/489 505/505/505 504/504/504
f 506/506/506 372/372/372 371/371/371
f 506/506/506 373/373/373 372/372/372
f 506/506/506 374/374/374 373/373/373
f 506/506/506 375/375/375 374/374/374
f 506/506/506 376/376/376 375/375/375
f 506/506/506 377/377/377 376/376/376
f 506/506/506 378/378/378 377/377/377
f 506/506/506 379/379/379 378/378/378
f 506/506/506 380/380/380 379/379/379
f 506/506/506 381/381/381 380/380/380
f 506/506/506 382/382/382 381/381/381
f 506/506/506 383/383/383 382/382/382
f 506/506/506 384/384/384 383/383/383
f 506/506/506 385/385/385 384/384/384
f 507/507/507 491/491/491 492/492/492
f 507/507/507 492/492/492 493/493/493
f 507/507/507 493/493/493 494/494/494
f 507/507/507 494/494/494 495/495/495
f 507/507/507 495/495/495 496/496/496
f 507/507/507 496/496/496 497/497/497
f 507/507/507 497/497/497 498/498/498
f 507/507/507 498/498/498 499/499/499
f 507/507/507 499/499/499 500/500/500
f 507/507/507 500/500/500 501/501/501
f 507/507/507 501/501/501 502/502/502
f 507/507/507 502/502/502 503/503/503
f 507/507/507 503/503/503 504/504/504
f 507/507/507 504/504/504 505/505/505
o Foot_1
v 5.312760 0.000000 -6.622625
v 8.062847 0.101397 -6.622625
v 7.928248 0.101397 -6.900703
v 7.537627 0.101397 -7.151562
v 6.929221 0.101397 -7.350645
v 6.162584 0.101397 -7.478463
v 5.312760 0.101397 -7.522507
v 4.462936 0.101397 -7.478463
v 3.696300 0.101397 -7.350645
v 3.087893 0.101397 -7.151562
v 2.697272 0.101397 -6.900703
v 2.562673 0.101397 -6.622625
v 2.697272 0.101397 -6.344546
v 3.087893 0.101397 -6.093687
v 3.696300 0.101397 -5.894605
v 4.462936 0.101397 -5.766786
v 5.312760 0.101397 -5.722742
v 6.162584 0.101397 -5.766786
v 6.929221 0.101397 -5.894605
v 7.537627 0.101397 -6.093687
v 7.928248 0.101397 -6.344546
v 8.062847 0.101397 -6.622625
v 10.625520 0.398679 -6.622625
v 10.365495 0.398679 -7.159832
v 9.610873 0.398679 -7.644453
v 8.435522 0.398679 -8.029051
v 6.954493 0.398679 -8.275978
v 5.312760 0.398679 -8.361064
v 3.671027 0.398679 -8.275978
v 2.189998 0.398679 -8.029051
v 1.014647 0.398679 -7.644453
v 0.260025 0.398679 -7.159832
v 0.000000 0.398679 -6.622625
v 0.260025 0.398679 -6.085417
v 1.014647 0.398679 -5.600796
v 2.189998 0.398679 -5.216198
v 3.671027 0.398679 -4.969271
v 5.312760 0.398679 -4.884186
v 6.954493 0.398679 -4.969271
v 8.435522 0.398679 -5.216198
v 9.610873 0.398679 -5.600796
v 10.365495 0.398679 -6.085417
v 10.625520 0.398679 -6.622625
v 12.826137 0.871585 -6.622625
v 12.458407 0.871585 -7.382350
v 11.391210 0.871585 -8.067709
v 9.729013 0.871585 -8.611612
v 7.634521 0.871585 -8.960820
v 5.312760 0.871585 -9.081148
v 2.990999 0.871585 -8.960820
v 0.896508 0.871585 -8.611612
v -0.765690 0.871585 -8.067709
v -1.832886 0.871585 -7.382350
v -2.200617 0.871585 -6.622625
v -1.832886 0.871585 -5.862899
v -0.765690 0.871585 -5.177540
v 0.896508 0.871585 -4.633637
v 2.990999 0.871585 -4.284429
v 5.312760 0.871585 -4.164101
v 7.634521 0.871585 -4.284429
v 9.729013 0.871585 -4.633637
v 11.391210 0.871585 -5.177540
v 12.458407 0.871585 -5.862899
v 12.826137 0.871585 -6.622625
v 14.514731 1.487889 -6.622625
v 14.064354 1.487889 -7.553095
v 12.757311 1.487889 -8.392484
v 10.721543 1.487889 -9.058627
v 8.156325 1.487889 -9.486317
v 5.312760 1.487889 -9.633689
v 2.469195 1.487889 -9.486317
v -0.096022 1.487889 -9.058627
v -2.131790 1.487889 -8.392484
v -3.438834 1.487889 -7.553095
v -3.889210 1.487889 -6.622625
v -3.438834 1.487889 -5.692154
v -2.131790 1.487889 -4.852765
v -0.096022 1.487889 -4.186622
v 2.469195 1.487889 -3.758932
v 5.312760 1.487889 -3.611560
v 8.156325 1.487889 -3.758932
v 10.721543 1.487889 -4.186622
v 12.757311 1.487889 -4.852765
v 14.064354 1.487889 -5.692154
v 14.514731 1.487889 -6.622625
v 15.576224 2.205590 -6.622625
v 15.073895 2.205590 -7.660429
v 13.616077 2.205590 -8.596646
v 11.345473 2.205590 -9.339632
v 8.484345 2.205590 -9.816659
v 5.312760 2.205590 -9.981031
v 2.141175 2.205590 -9.816659
v -0.719953 2.205590 -9.339632
v -2.990557 2.205590 -8.596646
v -4.448375 2.205590 -7.660429
v -4.950704 2.205590 -6.622625
v -4.448375 2.205590 -5.584820
v -2.990557 2.205590 -4.648603
v -0.719953 2.205590 -3.905617
v 2.141175 2.205590 -3.428591
v 5.312760 2.205590 -3.264218
v 8.484345 2.205590 -3.428591
v 11.345473 2.205590 -3.905617
v 13.616077 2.205590 -4.648603
v 15.073895 2.205590 -5.584820
v 15.576224 2.205590 -6.622625
v 15.938280 2.975779 -6.622625
v 15.418230 2.975779 -7.697039
v 13.908987 2.975779 -8.666282
v 11.558284 2.975779 -9.435478
v 8.596226 2.975779 -9.929332
v 5.312760 2.975779 -10.099502
v 2.029294 2.975779 -9.929332
v -0.932764 2.975779 -9.435478
v -3.283466 2.975779 -8.666282
v -4.792710 2.975779 -7.697039
v -5.312760 2.975779 -6.622625
v -4.792710 2.975779 -5.548210
v -3.283466 2.975779 -4.578967
v -0.932764 2.975779 -3.809771
v 2.029294 2.975779 -3.315917
v 5.312760 2.975779 -3.145747
v 8.596226 2.975779 -3.315917
v 11.558284 2.975779 -3.809771
v 13.908987 2.975779 -4.578967
v 15.418230 2.975779 -5.548210
v 15.938280 2.975779 -6.622625
v 15.576224 3.745967 -6.622625
v 15.073895 3.745967 -7.660429
v 13.616077 3.745967 -8.596646
v 11.345473 3.745967 -9.339632
v 8.484345 3.745967 -9.816659
v 5.312760 3.745967 -9.981031
v 2.141175 3.745967 -9.816659
v -0.719953 3.745967 -9.339632
v -2.990557 3.745967 -8.596646
v -4.448375 3.745967 -7.660429
v -4.950704 3.745967 -6.622625
v -4.448375 3.745967 -5.584820
v -2.990557 3.745967 -4.648603
v -0.719953 3.745967 -3.905617
v 2.141175 3.745967 -3.428591
v 5.312760 3.745967 -3.264218
v 8.484345 3.745967 -3.428591
v 11.345473 3.745967 -3.905617
v 13.616077 3.745967 -4.648603
v 15.073895 3.745967 -5.584820
v 15.576224 3.745967 -6.622625
v 14.514731 4.463668 -6.622625
v 14.064354 4.463668 -7.553095
v 12.757311 4.463668 -8.392484
v 10.721543 4.463668 -9.058627
v 8.156325 4.463668 -9.486317
v 5.312760 4.463668 -9.633689
v 2.469195 4.463668 -9.486317
v -0.096022 4.463668 -9.058627
v -2.131790 4.463668 -8.392484
v -3.438834 4.463668 -7.553095
v -3.889210 4.463668 -6.622625
v -3.438834 4.463668 -5.692154
v -2.131790 4.463668 -4.852765
v -0.096022 4.463668 -4.186622
v 2.469195 4.463668 -3.758932
v 5.312760 4.463668 -3.611560
v 8.156325 4.463668 -3.758932
v 10.721543 4.463668 -4.186622
v 12.757311 4.463668 -4.852765
v 14.064354 4.463668 -5.692154
v 14.514731 4.463668 -6.622625
v 12.826137 5.079972 -6.622625
v 12.458407 5.079972 -7.382350
v 11.391210 5.079972 -8.067709
v 9.729013 5.079972 -8.611612
v 7.634521 5.079972 -8.960820
v 5.312760 5.079972 -9.081148
v 2.990999 5.079972 -8.960820
v 0.896508 5.079972 -8.611612
v -0.765690 5.079972 -8.067709
v -1.832886 5.079972 -7.382350
v -2.200617 5.079972 -6.622625
v -1.832886 5.079972 -5.862899
v -0.765690 5.079972 -5.177540
v 0.896508 5.079972 -4.633637
v 2.990999 5.079972 -4.284429
v 5.312760 5.079972 -4.164101
v 7.634521 5.079972 -4.284429
v 9.729013 5.079972 -4.633637
v 11.391210 5.079972 -5.177540
v 12.458407 5.079972 -5.862899
v 12.826137 5.079972 -6.622625
v 10.625520 5.552878 -6.622625
v 10.365495 5.552878 -7.159832
v 9.610873 5.552878 -7.644453
v 8.435522 5.552878 -8.029051
v 6.954493 5.552878 -8.275978
v 5.312760 5.552878 -8.361064
v 3.671027 5.552878 -8.275978
v 2.189998 5.552878 -8.029051
v 1.014647 5.552878 -7.644453
v 0.260025 5.552878 -7.159832
v 0.000000 5.552878 -6.622625
v 0.260025 5.552878 -6.085417
v 1.014647 5.552878 -5.600796
v 2.189998 5.552878 -5.216198
v 3.671027 5.552878 -4.969271
v 5.312760 5.552878 -4.884186
v 6.954493 5.552878 -4.969271
v 8.435522 5.552878 -5.216198
v 9.610873 5.552878 -5.600796
v 10.365495 5.552878 -6.085417
v 10.625520 5.552878 -6.622625
v 8.062847 5.850160 -6.622625
v 7.928248 5.850160 -6.900703
v 7.537627 5.850160 -7.151562
v 6.929221 5.850160 -7.350645
v 6.162584 5.850160 -7.478463
v 5.312760 5.850160 -7.522507
v 4.462936 5.850160 -7.478463
v 3.696300 5.850160 -7.350645
v 3.087893 5.850160 -7.151562
v 2.697272 5.850160 -6.900703
v 2.562673 5.850160 -6.622625
v 2.697272 5.850160 -6.344546
v 3.087893 5.850160 -6.093687
v 3.696300 5.850160 -5.894605
v 4.462936 5.850160 -5.766786
v 5.312760 5.850160 -5.722742
v 6.162584 5.850160 -5.766786
v 6.929221 5.850160 -5.894605
v 7.537627 5.850160 -6.093687
v 7.928248 5.850160 -6.344546
v 8.062847 5.850160 -6.622625
v 5.312760 5.951557 -6.622625
vt 0.5000000 0.6996875
vt 0.0865625 0.8056375
vt 0.1279062 0.8056375
vt 0.1692500 0.8056375
vt 0.2105938 0.8056375
vt 0.2519375 0.8056375
vt 0.2932813 0.8056375
vt 0.3346250 0.8056375
vt 0.3759688 0.8056375
vt 0.4173125 0.8056375
vt 0.4586563 0.8056375
vt 0.5000000 0.8056375
vt 0.5413438 0.8056375
vt 0.5826875 0.8056375
vt 0.6240313 0.8056375
vt 0.6653750 0.8056375
vt 0.7067187 0.8056375
vt 0.7480625 0.8056375
vt 0.7894062 0.8056375
vt 0.8307500 0.8056375
vt 0.8720937 0.8056375
vt 0.9134375 0.8056375
vt 0.0865625 0.7946797
vt 0.1279062 0.7946797
vt 0.1692500 0.7946797
vt 0.2105938 0.7946797
vt 0.2519375 0.7946797
vt 0.2932813 0.7946797
vt 0.3346250 0.7946797
vt 0.3759688 0.7946797
vt 0.4173125 0.7946797
vt 0.4586563 0.7946797
vt 0.5000000 0.7946797
vt 0.5413438 0.7946797
vt 0.5826875 0.7946797
vt 0.6240313 0.7946797
vt 0.6653750 0.7946797
vt 0.7067187 0.7946797
vt 0.7480625 0.7946797
vt 0.7894062 0.7946797
vt 0.8307500 0.7946797
vt 0.8720937 0.7946797
vt 0.9134375 0.7946797
vt 0.0865625 0.7772483
vt 0.1279062 0.7772483
vt 0.1692500 0.7772483
vt 0.2105938 0.7772483
vt 0.2519375 0.7772483
vt 0.2932813 0.7772483
vt 0.3346250 0.7772483
vt 0.3759688 0.7772483
vt 0.4173125 0.7772483
vt 0.4586563 0.7772483
vt 0.5000000 0.7772483
vt 0.5413438 0.7772483
vt 0.5826875 0.7772483
vt 0.6240313 0.7772483
vt 0.6653750 0.7772483
vt 0.7067187 0.7772483
vt 0.7480625 0.7772483
vt 0.7894062 0.7772483
vt 0.8307500 0.7772483
vt 0.8720937 0.7772483
vt 0.9134375 0.7772483
vt 0.0865625 0.7545312
vt 0.1279062 0.7545312
vt 0.1692500 0.7545312
vt 0.2105938 0.7545312
vt 0.2519375 0.7545312
vt 0.2932813 0.7545312
vt 0.3346250 0.7545312
vt 0.3759688 0.7545312
vt 0.4173125 0.7545312
vt 0.4586563 0.7545312
vt 0.5000000 0.7545312
vt 0.5413438 0.7545312
vt 0.5826875 0.7545312
vt 0.6240313 0.7545312
vt 0.6653750 0.7545312
vt 0.7067187 0.7545312
vt 0.7480625 0.7545312
vt 0.7894062 0.7545312
vt 0.8307500 0.7545312
vt 0.8720937 0.7545312
vt 0.9134375 0.7545312
vt 0.0865625 0.7280767
vt 0.1279062 0.7280767
vt 0.1692500 0.7280767
vt 0.2105938 0.7280767
vt 0.2519375 0.7280767
vt 0.2932813 0.7280767
vt 0.3346250 0.7280767
vt 0.3759688 0.7280767
vt 0.4173125 0.7280767
vt 0.4586563 0.7280767
vt 0.5000000 0.7280767
vt 0.5413438 0.7280767
vt 0.5826875 0.7280767
vt 0.6240313 0.7280767
vt 0.6653750 0.7280767
vt 0.7067187 0.7280767
vt 0.7480625 0.7280767
vt 0.7894062 0.7280767
vt 0.8307500 0.7280767
vt 0.8720937 0.7280767
vt 0.9134375 0.7280767
vt 0.0865625 0.6996875
vt 0.1279062 0.6996875
vt 0.1692500 0.6996875
vt 0.2105938 0.6996875
vt 0.2519375 0.6996875
vt 0.2932813 0.6996875
vt 0.3346250 0.6996875
vt 0.3759688 0.6996875
vt 0.4173125 0.6996875
vt 0.4586563 0.6996875
vt 0.5000000 0.6996875
vt 0.5413438 0.6996875
vt 0.5826875 0.6996875
vt 0.6240313 0.6996875
vt 0.6653750 0.6996875
vt 0.7067187 0.6996875
vt 0.7480625 0.6996875
vt 0.7894062 0.6996875
vt 0.8307500 0.6996875
vt 0.8720937 0.6996875
vt 0.9134375 0.6996875
vt 0.0865625 0.6712983
vt 0.1279062 0.6712983
vt 0.1692500 0.6712983
vt 0.2105938 0.6712983
vt 0.2519375 0.6712983
vt 0.2932813 0.6712983
vt 0.3346250 0.6712983
vt 0.3759688 0.6712983
vt 0.4173125 0.6712983
vt 0.4586563 0.6712983
vt 0.5000000 0.6712983
vt 0.5413438 0.6712983
vt 0.5826875 0.6712983
vt 0.6240313 0.6712983
vt 0.6653750 0.6712983
vt 0.7067187 0.6712983
vt 0.7480625 0.6712983
vt 0.7894062 0.6712983
vt 0.8307500 0.6712983
vt 0.8720937 0.6712983
vt 0.9134375 0.6712983
vt 0.0865625 0.6448438
vt 0.1279062 0.6448438
vt 0.1692500 0.6448438
vt 0.2105938 0.6448438
vt 0.2519375 0.6448438
vt 0.2932813 0.6448438
vt 0.3346250 0.6448438
vt 0.3759688 0.6448438
vt 0.4173125 0.6448438
vt 0.4586563 0.6448438
vt 0.5000000 0.6448438
vt 0.5413438 0.6448438
vt 0.5826875 0.6448438
vt 0.6240313 0.6448438
vt 0.6653750 0.6448438
vt 0.7067187 0.6448438
vt 0.7480625 0.6448438
vt 0.7894062 0.6448438
vt 0.8307500 0.6448438
vt 0.8720937 0.6448438
vt 0.9134375 0.6448438
vt 0.0865625 0.6221267
vt 0.1279062 0.6221267
vt 0.1692500 0.6221267
vt 0.2105938 0.6221267
vt 0.2519375 0.6221267
vt 0.2932813 0.6221267
vt 0.3346250 0.6221267
vt 0.3759688 0.6221267
vt 0.4173125 0.6221267
vt 0.4586563 0.6221267
vt 0.5000000 0.6221267
vt 0.5413438 0.6221267
vt 0.5826875 0.6221267
vt 0.6240313 0.6221267
vt 0.6653750 0.6221267
vt 0.7067187 0.6221267
vt 0.7480625 0.6221267
vt 0.7894062 0.6221267
vt 0.8307500 0.6221267
vt 0.8720937 0.6221267
vt 0.9134375 0.6221267
vt 0.0865625 0.6046953
vt 0.1279062 0.6046953
vt 0.1692500 0.6046953
vt 0.2105938 0.6046953
vt 0.2519375 0.6046953
vt 0.2932813 0.6046953
vt 0.3346250 0.6046953
vt 0.3759688 0.6046953
vt 0.4173125 0.6046953
vt 0.4586563 0.6046953
vt 0.5000000 0.6046953
vt 0.5413438 0.6046953
vt 0.5826875 0.6046953
vt 0.6240313 0.6046953
vt 0.6653750 0.6046953
vt 0.7067187 0.6046953
vt 0.7480625 0.6046953
vt 0.7894062 0.6046953
vt 0.8307500 0.6046953
vt 0.8720937 0.6046953
vt 0.9134375 0.6046953
vt 0.0865625 0.5937375
vt 0.1279062 0.5937375
vt 0.1692500 0.5937375
vt 0.2105938 0.5937375
vt 0.2519375 0.5937375
vt 0.2932813 0.5937375
vt 0.3346250 0.5937375
vt 0.3759688 0.5937375
vt 0.4173125 0.5937375
vt 0.4586563 0.5937375
vt 0.5000000 0.5937375
vt 0.5413438 0.5937375
vt 0.5826875 0.5937375
vt 0.6240313 0.5937375
vt 0.6653750 0.5937375
vt 0.7067187 0.5937375
vt 0.7480625 0.5937375
vt 0.7894062 0.5937375
vt 0.8307500 0.5937375
vt 0.8720937 0.5937375
vt 0.9134375 0.5937375
vt 0.5000000 0.6996875
vn 0.0000000 -1.0000000 -0.0000000
vn 0.0877079 -0.9959876 -0.0177749
vn 0.0812691 -0.9917325 -0.0993077
vn 0.0666735 -0.9832329 -0.1697283
vn 0.0458095 -0.9739110 -0.2222585
vn 0.0209495 -0.9672646 -0.2529038
vn -0.0056390 -0.9656273 -0.2598693
vn -0.0317687 -0.9695539 -0.2428084
vn -0.0552259 -0.9777007 -0.2026114
vn -0.0737147 -0.9871329 -0.1418969
vn -0.0850596 -0.9942004 -0.0658057
vn -0.0877079 -0.9959876 0.0177749
vn -0.0812691 -0.9917325 0.0993077
vn -0.0666735 -0.9832329 0.1697283
vn -0.0458095 -0.9739110 0.2222585
vn -0.0209495 -0.9672646 0.2529038
vn 0.0056390 -0.9656273 0.2598693
vn 0.0317687 -0.9695539 0.2428084
vn 0.0552259 -0.9777007 0.2026114
vn 0.0737147 -0.9871329 0.1418969
vn 0.0850596 -0.9942004 0.0658057
vn 0.0877079 -0.9959876 -0.0177749
vn 0.1668119 -0.9858318 -0.0175936
vn 0.1548048 -0.9728623 -0.1719724
vn 0.1261545 -0.9452558 -0.3009592
vn 0.0867379 -0.9155910 -0.3926444
vn 0.0418089 -0.8946028 -0.4449020
vn -0.0051871 -0.8882525 -0.4593263
vn -0.0519478 -0.8980910 -0.4367310
vn -0.0960221 -0.9216664 -0.3759134
vn -0.1335824 -0.9519454 -0.2756005
vn -0.1590468 -0.9773531 -0.1395890
vn -0.1668119 -0.9858318 0.0175936
vn -0.1548048 -0.9728623 0.1719724
vn -0.1261545 -0.9452558 0.3009592
vn -0.0867379 -0.9155910 0.3926444
vn -0.0418089 -0.8946028 0.4449020
vn 0.0051871 -0.8882525 0.4593263
vn 0.0519478 -0.8980910 0.4367310
vn 0.0960221 -0.9216664 0.3759134
vn 0.1335824 -0.9519454 0.2756005
vn 0.1590468 -0.9773531 0.1395890
vn 0.1668119 -0.9858318 -0.0175936
vn 0.2754404 -0.9611651 -0.0171534
vn 0.2518079 -0.9300760 -0.2674909
vn 0.1978884 -0.8663853 -0.4584939
vn 0.1317656 -0.8048387 -0.5786817
vn 0.0634753 -0.7647546 -0.6411874
vn -0.0043931 -0.7522820 -0.6588266
vn -0.0723178 -0.7684502 -0.6358100
vn -0.1405844 -0.8118490 -0.5666897
vn -0.2058978 -0.8751482 -0.4378603
vn -0.2569948 -0.9367470 -0.2376106
vn -0.2754404 -0.9611651 0.0171534
vn -0.2518079 -0.9300760 0.2674909
vn -0.1978884 -0.8663853 0.4584939
vn -0.1317656 -0.8048387 0.5786817
vn -0.0634753 -0.7647546 0.6411874
vn 0.0043931 -0.7522820 0.6588266
vn 0.0723178 -0.7684502 0.6358100
vn 0.1405844 -0.8118490 0.5666897
vn 0.2058978 -0.8751482 0.4378603
vn 0.2569948 -0.9367470 0.2376106
vn 0.2754404 -0.9611651 -0.0171534
vn 0.4418343 -0.8969539 -0.0160075
vn 0.3875203 -0.8303764 -0.4003786
vn 0.2818578 -0.7134113 -0.6415610
vn 0.1769744 -0.6213656 -0.7632724
vn 0.0834741 -0.5691437 -0.8179899
vn -0.0032312 -0.5533191 -0.8329631
vn -0.0902090 -0.5717612 -0.8154456
vn -0.1844778 -0.6269126 -0.7569337
vn -0.2901443 -0.7218425 -0.6282990
vn -0.3943705 -0.8385696 -0.3758630
vn -0.4418343 -0.8969539 0.0160075
vn -0.3875203 -0.8303764 0.4003786
vn -0.2818578 -0.7134113 0.6415610
vn -0.1769744 -0.6213656 0.7632724
vn -0.0834741 -0.5691437 0.8179899
vn 0.0032312 -0.5533191 0.8329631
vn 0.0902090 -0.5717612 0.8154456
vn 0.1844778 -0.6269126 0.7569337
vn 0.2901443 -0.7218425 0.6282990
vn 0.3943705 -0.8385696 0.3758630
vn 0.4418343 -0.8969539 -0.0160075
vn 0.7267618 -0.6867802 -0.0122566
vn 0.5759827 -0.5733347 -0.5826930
vn 0.3670892 -0.4305111 -0.8245640
vn 0.2145036 -0.3474984 -0.9128160
vn 0.0987469 -0.3071895 -0.9465113
vn -0.0017252 -0.2954168 -0.9553669
vn -0.1024524 -0.3080714 -0.9458306
vn -0.2190876 -0.3495735 -0.9109330
vn -0.3734526 -0.4344760 -0.8196119
vn -0.5838952 -0.5791303 -0.5689240
vn -0.7267618 -0.6867802 0.0122566
vn -0.5759827 -0.5733347 0.5826930
vn -0.3670892 -0.4305111 0.8245640
vn -0.2145036 -0.3474984 0.9128160
vn -0.0987469 -0.3071895 0.9465113
vn 0.0017252 -0.2954168 0.9553669
vn 0.1024524 -0.3080714 0.9458306
vn 0.2190876 -0.3495735 0.9109330
vn 0.3734526 -0.4344760 0.8196119
vn 0.5838952 -0.5791303 0.5689240
vn 0.7267618 -0.6867802 -0.0122566
vn 1.0000000 -0.0000000 -0.0000000
vn 0.7095961 -0.0000000 -0.7046087
vn 0.4106521 0.0000000 -0.9117921
vn 0.2312925 -0.0000000 -0.9728843
vn 0.1057242 -0.0000000 -0.9943955
vn 0.0000000 0.0000000 -1.0000000
vn -0.1057242 0.0000000 -0.9943955
vn -0.2312925 0.0000000 -0.9728843
vn -0.4106521 -0.0000000 -0.9117921
vn -0.7095961 -0.0000000 -0.7046087
vn -1.0000000 -0.0000000 -0.0000000
vn -0.7095961 0.0000000 0.7046087
vn -0.4106521 -0.0000000 0.9117921
vn -0.2312925 -0.0000000 0.9728843
vn -0.1057242 0.0000000 0.9943955
vn -0.0000000 0.0000000 1.0000000
vn 0.1057242 0.0000000 0.9943955
vn 0.2312925 0.0000000 0.9728843
vn 0.4106521 0.0000000 0.9117921
vn 0.7095961 -0.0000000 0.7046087
vn 1.0000000 -0.0000000 -0.0000000
vn 0.7267618 0.6867802 0.0122566
vn 0.5838952 0.5791303 -0.5689240
vn 0.3734526 0.4344760 -0.8196119
vn 0.2190876 0.3495735 -0.9109330
vn 0.1024524 0.3080714 -0.9458306
vn 0.0017252 0.2954168 -0.9553669
vn -0.0987469 0.3071895 -0.9465113
vn -0.2145036 0.3474984 -0.9128160
vn -0.3670892 0.4305111 -0.8245640
vn -0.5759827 0.5733347 -0.5826930
vn -0.7267618 0.6867802 -0.0122566
vn -0.5838952 0.5791303 0.5689240
vn -0.3734526 0.4344760 0.8196119
vn -0.2190876 0.3495735 0.9109330
vn -0.1024524 0.3080714 0.9458306
vn -0.0017252 0.2954168 0.9553669
vn 0.0987469 0.3071895 0.9465113
vn 0.2145036 0.3474984 0.9128160
vn 0.3670892 0.4305111 0.8245640
vn 0.5759827 0.5733347 0.5826930
vn 0.7267618 0.6867802 0.0122566
vn 0.4418343 0.8969539 0.0160075
vn 0.3943705 0.8385696 -0.3758630
vn 0.2901443 0.7218425 -0.6282990
vn 0.1844778 0.6269126 -0.7569337
vn 0.0902090 0.5717612 -0.8154456
vn 0.0032312 0.5533191 -0.8329631
vn -0.0834741 0.5691437 -0.8179899
vn -0.1769744 0.6213656 -0.7632724
vn -0.2818578 0.7134113 -0.6415610
vn -0.3875203 0.8303764 -0.4003786
vn -0.4418343 0.8969539 -0.0160075
vn -0.3943705 0.8385696 0.3758630
vn -0.2901443 0.7218425 0.6282990
vn -0.1844778 0.6269126 0.7569337
vn -0.0902090 0.5717612 0.8154456
vn -0.0032312 0.5533191 0.8329631
vn 0.0834741 0.5691437 0.8179899
vn 0.1769744 0.6213656 0.7632724
vn 0.2818578 0.7134113 0.6415610
vn 0.3875203 0.8303764 0.4003786
vn 0.4418343 0.8969539 0.0160075
vn 0.2754404 0.9611651 0.0171534
vn 0.2569948 0.9367470 -0.2376106
vn 0.2058978 0.8751482 -0.4378603
vn 0.1405844 0.8118490 -0.5666897
vn 0.0723178 0.7684502 -0.6358100
vn 0.0043931 0.7522820 -0.6588266
vn -0.0634753 0.7647546 -0.6411874
vn -0.1317656 0.8048387 -0.5786817
vn -0.1978884 0.8663853 -0.4584939
vn -0.2518079 0.9300760 -0.2674909
vn -0.2754404 0.9611651 -0.0171534
vn -0.2569948 0.9367470 0.2376106
vn -0.2058978 0.8751482 0.4378603
vn -0.1405844 0.8118490 0.5666897
vn -0.0723178 0.7684502 0.6358100
vn -0.0043931 0.7522820 0.6588266
vn 0.0634753 0.7647546 0.6411874
vn 0.1317656 0.8048387 0.5786817
vn 0.1978884 0.8663853 0.4584939
vn 0.2518079 0.9300760 0.2674909
vn 0.2754404 0.9611651 0.0171534
vn 0.1668119 0.9858318 0.0175936
vn 0.1590468 0.9773531 -0.1395890
vn 0.1335824 0.9519454 -0.2756005
vn 0.0960221 0.9216664 -0.3759134
vn 0.0519478 0.8980910 -0.4367310
vn 0.0051871 0.8882525 -0.4593263
vn -0.0418089 0.8946028 -0.4449020
vn -0.0867379 0.9155910 -0.3926444
vn -0.1261545 0.9452558 -0.3009592
vn -0.1548048 0.9728623 -0.1719724
vn -0.1668119 0.9858318 -0.0175936
vn -0.1590468 0.9773531 0.1395890
vn -0.1335824 0.9519454 0.2756005
vn -0.0960221 0.9216664 0.3759134
vn -0.0519478 0.8980910 0.4367310
vn -0.0051871 0.8882525 0.4593263
vn 0.0418089 0.8946028 0.4449020
vn 0.0867379 0.9155910 0.3926444
vn 0.1261545 0.9452558 0.3009592
vn 0.1548048 0.9728623 0.1719724
vn 0.1668119 0.9858318 0.0175936
vn 0.0877079 0.9959876 0.0177749
vn 0.0850596 0.9942004 -0.0658057
vn 0.0737147 0.9871329 -0.1418969
vn 0.0552259 0.9777007 -0.2026114
vn 0.0317687 0.9695539 -0.2428084
vn 0.0056390 0.9656273 -0.2598693
vn -0.0209495 0.9672646 -0.2529038
vn -0.0458095 0.9739110 -0.2222585
vn -0.0666735 0.9832329 -0.1697283
vn -0.0812691 0.9917325 -0.0993077
vn -0.0877079 0.9959876 -0.0177749
vn -0.0850596 0.9942004 0.0658057
vn -0.0737147 0.9871329 0.1418969
vn -0.0552259 0.9777007 0.2026114
vn -0.0317687 0.9695539 0.2428084
vn -0.0056390 0.9656273 0.2598693
vn 0.0209495 0.9672646 0.2529038
vn 0.0458095 0.9739110 0.2222585
vn 0.0666735 0.9832329 0.1697283
vn 0.0812691 0.9917325 0.0993077
vn 0.0877079 0.9959876 0.0177749
vn 0.0000000 1.0000000 -0.0000000
s 1
f 508/508/508 510/510/510 509/509/509
f 508/508/508 511/511/511 510/510/510
f 508/508/508 512/512/512 511/511/511
f 508/508/508 513/513/513 512/512/512
f 508/508/508 514/514/514 513/513/513
f 508/508/508 515/515/515 514/514/514
f 508/508/508 516/516/516 515/515/515
f 508/508/508 517/517/517 516/516/516
f 508/508/508 518/518/518 517/517/517
f 508/508/508 519/519/519 518/518/518
f 508/508/508 520/520/520 519/519/519
f 508/508/508 521/521/521 520/520/520
f 508/508/508 522/522/522 521/521/521
f 508/508/508 523/523/523 522/522/522
f 508/508/508 524/524/524 523/523/523
f 508/508/508 525/525/525 524/524/524
f 508/508/508 526/526/526 525/525/525
f 508/508/508 527/527/527 526/526/526
f 508/508/508 528/528/528 527/527/527
f 508/508/508 529/529/529 528/528/528
f 509/509/509 510/510/510 531/531/531
f 509/509/509 531/531/531 530/530/530
f 510/510/510 511/511/511 532/532/532
f 510/510/510 532/532/532 531/531/531
f 511/511/511 512/512/512 533/533/533
f 511/511/511 533/533/533 532/532/532
f 512/512/512 513/513/513 534/534/534
f 512/512/512 534/534/534 533/533/533
f 513/513/513 514/514/514 535/535/535
f 513/513/513 535/535/535 534/534/534
f 514/514/514 515/515/515 536/536/536
f 514/514/514 536/536/536 535/535/535
f 515/515/515 516/516/516 537/537/537
f 515/515/515 537/537/537 536/536/536
f 516/516/516 517/517/517 538/538/538
f 516/516/516 538/538/538 537/537/537
f 517/517/517 518/518/518 539/539/539
f 517/517/517 539/539/539 538/538/538
f 518/518/518 519/519/519 540/540/540
f 518/518/518 540/540/540 539/539/539
f 519/519/519 520/520/520 541/541/541
f 519/519/519 541/541/541 540/540/540
f 520/520/520 521/521/521 542/542/542
f 520/520/520 542/542/542 541/541/541
f 521/521/521 522/522/522 543/543/543
f 521/521/521 543/543/543 542/542/542
f 522/522/522 523/523/523 544/544/544
f 522/522/522 544/544/544 543/543/543
f 523/523/523 524/524/524 545/545/545
f 523/523/523 545/545/545 544/544/544
f 524/524/524 525/525/525 546/546/546
f 524/524/524 546/546/546 545/545/545
f 525/525/525 526/526/526 547/547/547
f 525/525/525 547/547/547 546/546/546
f 526/526/526 527/527/527 548/548/548
f 526/526/526 548/548/548 547/547/547
f 527/527/527 528/528/528 549/549/549
f 527/527/527 549/549/549 548/548/548
f 528/528/528 529/529/529 550/550/550
f 528/528/528 550/550/550 549/549/549
f 530/530/530 531/531/531 552/552/552
f 530/530/530 552/552/552 551/551/551
f 531/531/531 532/532/532 553/553/553
f 531/531/531 553/553/553 552/552/552
f 532/532/532 533/533/533 554/554/554
f 532/532/532 554/554/554 553/553/553
f 533/533/533 534/534/534 555/555/555
f 533/533/533 555/555/555 554/554/554
f 534/534/534 535/535/535 556/556/556
f 534/534/534 556/556/556 555/555/555
f 535/535/535 536/536/536 557/557/557
f 535/535/535 557/557/557 556/556/556
f 536/536/536 537/537/537 558/558/558
f 536/536/536 558/558/558 557/557/557
f 537/537/537 538/538/538 559/559/559
f 537/537/537 559/559/559 558/558/558
f 538/538/538 539/539/539 560/560/560
f 538/538/538 560/560/560 559/559/559
f 539/539/539 540/540/540 561/561/561
f 539/539/539 561/561/561 560/560/560
f 540/540/540 541/541/541 562/562/562
f 540/540/540 562/562/562 561/561/561
f 541/541/541 542/542/542 563/563/563
f 541/541/541 563/563/563 562/562/562
f 542/542/542 543/543/543 564/564/564
f 542/542/542 564/564/564 563/563/563
f 543/543/543 544/544/544 565/565/565
f 543/543/543 565/565/565 564/564/564
f 544/544/544 545/545/545 566/566/566
f 544/544/544 566/566/566 565/565/565
f 545/545/545 546/546/546 567/567/567
f 545/545/545 567/567/567 566/566/566
f 546/546/546 547/547/547 568/568/568
f 546/546/546 568/568/568 567/567/567
f 547/547/547 548/548/548 569/569/569
f 547/547/547 569/569/569 568/568/568
f 548/548/548 549/549/549 570/570/570
f 548/548/548 570/570/570 569/569/569
f 549/549/549 550/550/550 571/571/571
f 549/549/549 571/571/571 570/570/570
f 551/551/551 552/552/552 573/573/573
f 551/551/551 573/573/573 572/572/572
f 552/552/552 553/553/553 574/574/574
f 552/552/552 574/574/574 573/573/573
f 553/553/553 554/554/554 575/575/575
f 553/553/553 575/575/575 574/574/574
f 554/554/554 555/555/555 576/576/576
f 554/554/554 576/576/576 575/575/575
f 555/555/555 556/556/556 577/577/577
f 555/555/555 577/577/577 576/576/576
f 556/556/556 557/557/557 578/578/578
f 556/556/556 578/578/578 577/577/577
f 557/557/557 558/558/558 579/579/579
f 557/557/557 579/579/579 578/578/578
f 558/558/558 559/559/559 580/580/580
f 558/558/558 580/580/580 579/579/579
f 559/559/559 560/560/560 581/581/581
f 559/559/559 581/581/581 580/580/580
f 560/560/560 561/561/561 582/582/582
f 560/560/560 582/582/582 581/581/581
f 561/561/561 562/562/562 583/583/583
f 561/561/561 583/583/583 582/582/582
f 562/562/562 563/563/563 584/584/584
f 562/562/562 584/584/584 583/583/583
f 563/563/563 564/564/564 585/585/585
f 563/563/563 585/585/585 584/584/584
f 564/564/564 565/565/565 586/586/586
f 564/564/564 586/586/586 585/585/585
f 565/565/565 566/566/566 587/587/587
f 565/565/565 587/587/587 586/586/586
f 566/566/566 567/567/567 588/588/588
f 566/566/566 588/588/588 587/587/587
f 567/567/567 568/568/568 589/589/589
f 567/567/567 589/589/589 588/588/588
f 568/568/568 569/569/569 590/590/590
f 568/568/568 590/590/590 589/589/589
f 569/569/569 570/570/570 591/591/591
f 569/569/569 591/591/591 590/590/590
f 570/570/570 571/571/571 592/592/592
f 570/570/570 592/592/592 591/591/591
f 572/572/572 573/573/573 594/594/594
f 572/572/572 594/594/594 593/593/593
f 573/573/573 574/574/574 595/595/595
f 573/573/573 595/595/595 594/594/594
f 574/574/574 575/575/575 596/596/596
f 574/574/574 596/596/596 595/595/595
f 575/575/575 576/576/576 597/597/597
f 575/575/575 597/597/597 596/596/596
f 576/576/576 577/577/577 598/598/598
f 576/576/576 598/598/598 597/597/597
f 577/577/577 578/578/578 599/599/599
f 577/577/577 599/599/599 598/598/598
f 578/578/578 579/579/579 600/600/600
f 578/578/578 600/600/600 599/599/599
f 579/579/579 580/580/580 601/601/601
f 579/579/579 601/601/601 600/600/600
f 580/580/580 581/581/581 602/602/602
f 580/580/580 602/602/602 601/601/601
f 581/581/581 582/582/582 603/603/603
f 581/581/581 603/603/603 602/602/602
f 582/582/582 583/583/583 604/604/604
f 582/582/582 604/604/604 603/603/603
f 583/583/583 584/584/584 605/605/605
f 583/583/583 605/605/605 604/604/604
f 584/584/584 585/585/585 606/606/606
f 584/584/584 606/606/606 605/605/605
f 585/585/585 586/586/586 607/607/607
f 585/585/585 607/607/607 606/606/606
f 586/586/586 587/587/587 608/608/608
f 586/586/586 608/608/608 607/607/607
f 587/587/587 588/588/588 609/609/609
f 587/587/587 609/609/609 608/608/608
f 588/588/588 589/589/589 610/610/610
f 588/588/588 610/610/610 609/609/609
f 589/589/589 590/590/590 611/611/611
f 589/589/589 611/611/611 610/610/610
f 590/590/590 591/591/591 612/612/612
f 590/590/590 612/612/612 611/611/611
f 591/591/591 592/592/592 613/613/613
f 591/591/591 613/613/613 612/612/612
f 593/593/593 594/594/594 615/615/615
f 593/593/593 615/615/615 614/614/614
f 594/594/594 595/595/595 616/616/616
f 594/594/594 616/616/616 615/615/615
f 595/595/595 596/596/596 617/617/617
f 595/595/595 617/617/617 616/616/616
f 596/596/596 597/597/597 618/618/618
f 596/596/596 618/618/618 617/617/617
f 597/597/597 598/598/598 619/619/619
f 597/597/597 619/619/619 618/618/618
f 598/598/598 599/599/599 620/620/620
f 598/598/598 620/620/620 619/619/619
f 599/599/599 600/600/600 621/621/621
f 599/599/599 621/621/621 620/620/620
f 600/600/600 601/601/601 622/622/622
f 600/600/600 622/622/622 621/621/621
f 601/601/601 602/602/602 623/623/623
f 601/601/601 623/623/623 622/622/622
f 602/602/602 603/603/603 624/624/624
f 602/602/602 624/624/624 623/623/623
f 603/603/603 604/604/604 625/625/625
f 603/603/603 625/625/625 624/624/624
f 604/604/604 605/605/605 626/626/626
f 604/604/604 626/626/626 625/625/625
f 605/605/605 606/606/606 627/627/627
f 605/605/605 627/627/627 626/626/626
f 606/606/606 607/607/607 628/628/628
f 606/606/606 628/628/628 627/627/627
f 607/607/607 608/608/608 629/629/629
f 607/607/607 629/629/629 628/628/628
f 608/608/608 609/609/609 630/630/630
f 608/608/608 630/630/630 629/629/629
f 609/609/609 610/610/610 631/631/631
f 609/609/609 631/631/631 630/630/630
f 610/610/610 611/611/611 632/632/632
f 610/610/610 632/632/632 631/631/631
f 611/611/611 612/612/612 633/633/633
f 611/611/611 633/633/633 632/632/632
f 612/612/612 613/613/613 634/634/634
f 612/612/612 634/634/634 633/633/633
f 614/614/614 615/615/615 636/636/636
f 614/614/614 636/636/636 635/635/635
f 615/615/615 616/616/616 637/637/637
f 615/615/615 637/637/637 636/636/636
f 616/616/616 617/617/617 638/638/638
f 616/616/616 638/638/638 637/637/637
f 617/617/617 618/618/618 639/639/639
f 617/617/617 639/639/639 638/638/638
f 618/618/618 619/619/619 640/640/640
f 618/618/618 640/640/640 639/639/639
f 619/619/619 620/620/620 641/641/641
f 619/619/619 641/641/641 640/640/640
f 620/620/620 621/621/621 642/642/642
f 620/620/620 642/642/642 641/641/641
f 621/621/621 622/622/622 643/643/643
f 621/621/621 643/643/643 642/642/642
f 622/622/622 623/623/623 644/644/644
f 622/622/622 644/644/644 643/643/643
f 623/623/623 624/624/624 645/645/645
f 623/623/623 645/645/645 644/644/644
f 624/624/624 625/625/625 646/646/646
f 624/624/624 646/646/646 645/645/645
f 625/625/625 626/626/626 647/647/647
f 625/625/625 647/647/647 646/646/646
f 626/626/626 627/627/627 648/648/648
f 626/626/626 648/648/648 647/647/647
f 627/627/627 628/628/628 649/649/649
f 627/627/627 649/649/649 648/648/648
f 628/628/628 629/629/629 650/650/650
f 628/628/628 650/650/650 649/649/649
f 629/629/629 630/630/630 651/651/651
f 629/629/629 651/651/651 650/650/650
f 630/630/630 631/631/631 652/652/652
f 630/630/630 652/652/652 651/651/651
f 631/631/631 632/632/632 653/653/653
f 631/631/631 653/653/653 652/652/652
f 632/632/632 633/633/633 654/654/654
f 632/632/632 654/654/654 653/653/653
f 633/633/633 634/634/634 655/655/655
f 633/633/633 655/655/655 654/654/654
f 635/635/635 636/636/636 657/657/657
f 635/635/635 657/657/657 656/656/656
f 636/636/636 637/637/637 658/658/658
f 636/636/636 658/658/658 657/657/657
f 637/637/637 638/638/638 659/659/659
f 637/637/637 659/659/659 658/658/658
f 638/638/638 639/639/639 660/660/660
f 638/638/638 660/660/660 659/659/659
f 639/639/639 640/640/640 661/661/661
f 639/639/639 661/661/661 660/660/660
f 640/640/640 641/641/641 662/662/662
f 640/640/640 662/662/662 661/661/661
f 641/641/641 642/642/642 663/663/663
f 641/641/641 663/663/663 662/662/662
f 642/642/642 643/643/643 664/664/664
f 642/642/642 664/664/664 663/663/663
f 643/643/643 644/644/644 665/665/665
f 643/643/643 665/665/665 664/664/664
f 644/644/644 645/645/645 666/666/666
f 644/644/644 666/666/666 665/665/665
f 645/645/645 646/646/646 667/667/667
f 645/645/645 667/667/667 666/666/666
f 646/646/646 647/647/647 668/668/668
f 646/646/646 668/668/668 667/667/667
f 647/647/647 648/648/648 669/669/669
f 647/647/647 669/669/669 668/668/668
f 648/648/648 649/649/649 670/670/670
f 648/648/648 670/670/670 669/669/669
f 649/649/649 650/650/650 671/671/671
f 649/649/649 671/671/671 670/670/670
f 650/650/650 651/651/651 672/672/672
f 650/650/650 672/672/672 671/671/671
f 651/651/651 652/652/652 673/673/673
f 651/651/651 673/673/673 672/672/672
f 652/652/652 653/653/653 674/674/674
f 652/652/652 674/674/674 673/673/673
f 653/653/653 654/654/654 675/675/675
f 653/653/653 675/675/675 674/674/674
f 654/654/654 655/655/655 676/676/676
f 654/654/654 676/676/676 675/675/675
f 656/656/656 657/657/657 678/678/678
f 656/656/656 678/678/678 677/677/677
f 657/657/657 658/658/658 679/679/679
f 657/657/657 679/679/679 678/678/678
f 658/658/658 659/659/659 680/680/680
f 658/658/658 680/680/680 679/679/679
f 659/659/659 660/660/660 681/681/681
f 659/659/659 681/681/681 680/680/680
f 660/660/660 661/661/661 682/682/682
f 660/660/660 682/682/682 681/681/681
f 661/661/661 662/662/662 683/683/683
f 661/661/661 683/683/683 682/682/682
f 662/662/662 663/663/663 684/684/684
f 662/662/662 684/684/684 683/683/683
f 663/663/663 664/664/664 685/685/685
f 663/663/663 685/685/685 684/684/684
f 664/664/664 665/665/665 686/686/686
f 664/664/664 686/686/686 685/685/685
f 665/665/665 666/666/666 687/687/687
f 665/665/665 687/687/687 686/686/686
f 666/666/666 667/667/667 688/688/688
f 666/666/666 688/688/688 687/687/687
f 667/667/667 668/668/668 689/689/689
f 667/667/667 689/689/689 688/688/688
f 668/668/668 669/669/669 690/690/690
f 668/668/668 690/690/690 689/689/689
f 669/669/669 670/670/670 691/691/691
f 669/669/669 691/691/691 690/690/690
f 670/670/670 671/671/671 692/692/692
f 670/670/670 692/692/692 691/691/691
f 671/671/671 672/672/672 693/693/693
f 671/671/671 693/693/693 692/692/692
f 672/672/672 673/673/673 694/694/694
f 672/672/672 694/694/694 693/693/693
f 673/673/673 674/674/674 695/695/695
f 673/673/673 695/695/695 694/694/694
f 674/674/674 675/675/675 696/696/696
f 674/674/674 696/696/696 695/695/695
f 675/675/675 676/676/676 697/697/697
f 675/675/675 697/697/697 696/696/696
f 677/677/677 678/678/678 699/699/699
f 677/677/677 699/699/699 698/698/698
f 678/678/678 679/679/679 700/700/700
f 678/678/678 700/700/700 699/699/699
f 679/679/679 680/680/680 701/701/701
f 679/679/679 701/701/701 700/700/700
f 680/680/680 681/681/681 702/702/702
f 680/680/680 702/702/702 701/701/701
f 681/681/681 682/682/682 703/703/703
f 681/681/681 703/703/703 702/702/702
f 682/682/682 683/683/683 704/704/704
f 682/682/682 704/704/704 703/703/703
f 683/683/683 684/684/684 705/705/705
f 683/683/683 705/705/705 704/704/704
f 684/684/684 685/685/685 706/706/706
f 684/684/684 706/706/706 705/705/705
f 685/685/685 686/686/686 707/707/707
f 685/685/685 707/707/707 706/706/706
f 686/686/686 687/687/687 708/708/708
f 686/686/686 708/708/708 707/707/707
f 687/687/687 688/688/688 709/709/709
f 687/687/687 709/709/709 708/708/708
f 688/688/688 689/689/689 710/710/710
f 688/688/688 710/710/710 709/709/709
f 689/689/689 690/690/690 711/711/711
f 689/689/689 711/711/711 710/710/710
f 690/690/690 691/691/691 712/712/712
f 690/690/690 712/712/712 711/711/711
f 691/691/691 692/692/692 713/713/713
f 691/691/691 713/713/713 712/712/712
f 692/692/692 693/693/693 714/714/714
f 692/692/692 714/714/714 713/713/713
f 693/693/693 694/694/694 715/715/715
f 693/693/693 715/715/715 714/714/714
f 694/694/694 695/695/695 716/716/716
f 694/694/694 716/716/716 715/715/715
f 695/695/695 696/696/696 717/717/717
f 695/695/695 717/717/717 716/716/716
f 696/696/696 697/697/697 718/718/718
f 696/696/696 718/718/718 717/717/717
f 698/698/698 699/699/699 720/720/720
f 698/698/698 720/720/720 719/719/719
f 699/699/699 700/700/700 721/721/721
f 699/699/699 721/721/721 720/720/720
f 700/700/700 701/701/701 722/722/722
f 700/700/700 722/722/722 721/721/721
f 701/701/701 702/702/702 723/723/723
f 701/701/701 723/723/723 722/722/722
f 702/702/702 703/703/703 724/724/724
f 702/702/702 724/724/724 723/723/723
f 703/703/703 704/704/704 725/725/725
f 703/703/703 725/725/725 724/724/724
f 704/704/704 705/705/705 726/726/726
f 704/704/704 726/726/726 725/725/725
f 705/705/705 706/706/706 727/727/727
f 705/705/705 727/727/727 726/726/726
f 706/706/706 707/707/707 728/728/728
f 706/706/706 728/728/728 727/727/727
f 707/707/707 708/708/708 729/729/729
f 707/707/707 729/729/729 728/728/728
f 708/708/708 709/709/709 730/730/730
f 708/708/708 730/730/730 729/729/729
f 709/709/709 710/710/710 731/731/731
f 709/709/709 731/731/731 730/730/730
f 710/710/710 711/711/711 732/732/732
f 710/710/710 732/732/732 731/731/731
f 711/711/711 712/712/712 733/733/733
f 711/711/711 733/733/733 732/732/732
f 712/712/712 713/713/713 734/734/734
f 712/712/712 734/734/734 733/733/733
f 713/713/713 714/714/714 735/735/735
f 713/713/713 735/735/735 734/734/734
f 714/714/714 715/715/715 736/736/736
f 714/714/714 736/736/736 735/735/735
f 715/715/715 716/716/716 737/737/737
f 715/715/715 737/737/737 736/736/736
f 716/716/716 717/717/717 738/738/738
f 716/716/716 738/738/738 737/737/737
f 717/717/717 718/718/718 739/739/739
f 717/717/717 739/739/739 738/738/738
f 719/719/719 720/720/720 740/740/740
f 720/720/720 721/721/721 740/740/740
f 721/721/721 722/722/722 740/740/740
f 722/722/722 723/723/723 740/740/740
f 723/723/723 724/724/724 740/740/740
f 724/724/724 725/725/725 740/740/740
f 725/725/725 726/726/726 740/740/740
f 726/726/726 727/727/727 740/740/740
f 727/727/727 728/728/728 740/740/740
f 728/728/728 729/729/729 740/740/740
f 729/729/729 730/730/730 740/740/740
f 730/730/730 731/731/731 740/740/740
f 731/731/731 732/732/732 740/740/740
f 732/732/732 733/733/733 740/740/740
f 733/733/733 734/734/734 740/740/740
f 734/734/734 735/735/735 740/740/740
f 735/735/735 736/736/736 740/740/740
f 736/736/736 737/737/737 740/740/740
f 737/737/737 738/738/738 740/740/740
f 738/738/738 739/739/739 740/740/740
o Pelvis
v 0.000000 32.733564 -0.000000
v 3.093848 32.987057 -0.000000
v 2.942424 32.987057 -1.059348
v 2.502976 32.987057 -2.015000
v 1.818518 32.987057 -2.773410
v 0.956052 32.987057 -3.260338
v 0.000000 32.987057 -3.428123
v -0.956052 32.987057 -3.260338
v -1.818518 32.987057 -2.773410
v -2.502976 32.987057 -2.015000
v -2.942424 32.987057 -1.059348
v -3.093848 32.987057 -0.000000
v -2.942424 32.987057 1.059348
v -2.502976 32.987057 2.015000
v -1.818518 32.987057 2.773410
v -0.956052 32.987057 3.260338
v -0.000000 32.987057 3.428123
v 0.956052 32.987057 3.260338
v 1.818518 32.987057 2.773410
v 2.502976 32.987057 2.015000
v 2.942424 32.987057 1.059348
v 3.093848 32.987057 0.000000
v 5.976855 33.730261 -0.000000
v 5.684327 33.730261 -2.046504
v 4.835377 33.730261 -3.892681
v 3.513107 33.730261 -5.357816
v 1.846950 33.730261 -6.298490
v 0.000000 33.730261 -6.622625
v -1.846950 33.730261 -6.298490
v -3.513107 33.730261 -5.357816
v -4.835377 33.730261 -3.892681
v -5.684327 33.730261 -2.046504
v -5.976855 33.730261 -0.000000
v -5.684327 33.730261 2.046504
v -4.835377 33.730261 3.892681
v -3.513107 33.730261 5.357816
v -1.846950 33.730261 6.298490
v -0.000000 33.730261 6.622625
v 1.846950 33.730261 6.298490
v 3.513107 33.730261 5.357816
v 4.835377 33.730261 3.892681
v 5.684327 33.730261 2.046504
v 5.976855 33.730261 0.000000
v 8.452550 34.912527 -0.000000
v 8.038852 34.912527 -2.894193
v 6.838256 34.912527 -5.505082
v 4.968284 34.912527 -7.577096
v 2.611981 34.912527 -8.907410
v 0.000000 34.912527 -9.365805
v -2.611981 34.912527 -8.907410
v -4.968284 34.912527 -7.577096
v -6.838256 34.912527 -5.505082
v -8.038852 34.912527 -2.894193
v -8.452550 34.912527 -0.000000
v -8.038852 34.912527 2.894193
v -6.838256 34.912527 5.505082
v -4.968284 34.912527 7.577096
v -2.611981 34.912527 8.907410
v -0.000000 34.912527 9.365805
v 2.611981 34.912527 8.907410
v 4.968284 34.912527 7.577096
v 6.838256 34.912527 5.505082
v 8.038852 34.912527 2.894193
v 8.452550 34.912527 0.000000
v 10.352217 36.453287 -0.000000
v 9.845543 36.453287 -3.544648
v 8.375119 36.453287 -6.742321
v 6.084880 36.453287 -9.280009
v 3.199011 36.453287 -10.909305
v 0.000000 36.453287 -11.470722
v -3.199011 36.453287 -10.909305
v -6.084880 36.453287 -9.280009
v -8.375119 36.453287 -6.742321
v -9.845543 36.453287 -3.544648
v -10.352217 36.453287 -0.000000
v -9.845543 36.453287 3.544648
v -8.375119 36.453287 6.742321
v -6.084880 36.453287 9.280009
v -3.199011 36.453287 10.909305
v -0.000000 36.453287 11.470722
v 3.199011 36.453287 10.909305
v 6.084880 36.453287 9.280009
v 8.375119 36.453287 6.742321
v 9.845543 36.453287 3.544648
v 10.352217 36.453287 0.000000
v 11.546397 38.247540 -0.000000
v 10.981277 38.247540 -3.953541
v 9.341232 38.247540 -7.520082
v 6.786802 38.247540 -10.350505
v 3.568033 38.247540 -12.167749
v 0.000000 38.247540 -12.793928
v -3.568033 38.247540 -12.167749
v -6.786802 38.247540 -10.350505
v -9.341232 38.247540 -7.520082
v -10.981277 38.247540 -3.953541
v -11.546397 38.247540 -0.000000
v -10.981277 38.247540 3.953541
v -9.341232 38.247540 7.520082
v -6.786802 38.247540 10.350505
v -3.568033 38.247540 12.167749
v -0.000000 38.247540 12.793928
v 3.568033 38.247540 12.167749
v 6.786802 38.247540 10.350505
v 9.341232 38.247540 7.520082
v 10.981277 38.247540 3.953541
v 11.546397 38.247540 0.000000
v 11.953710 40.173010 -0.000000
v 11.368654 40.173010 -4.093007
v 9.670755 40.173010 -7.785362
v 7.026215 40.173010 -10.715632
v 3.693900 40.173010 -12.596980
v 0.000000 40.173010 -13.245249
v -3.693900 40.173010 -12.596980
v -7.026215 40.173010 -10.715632
v -9.670755 40.173010 -7.785362
v -11.368654 40.173010 -4.093007
v -11.953710 40.173010 -0.000000
v -11.368654 40.173010 4.093007
v -9.670755 40.173010 7.785362
v -7.026215 40.173010 10.715632
v -3.693900 40.173010 12.596980
v -0.000000 40.173010 13.245249
v 3.693900 40.173010 12.596980
v 7.026215 40.173010 10.715632
v 9.670755 40.173010 7.785362
v 11.368654 40.173010 4.093007
v 11.953710 40.173010 0.000000
v 11.546397 42.098481 -0.000000
v 10.981277 42.098481 -3.953541
v 9.341232 42.098481 -7.520082
v 6.786802 42.098481 -10.350505
v 3.568033 42.098481 -12.167749
v 0.000000 42.098481 -12.793928
v -3.568033 42.098481 -12.167749
v -6.786802 42.098481 -10.350505
v -9.341232 42.098481 -7.520082
v -10.981277 42.098481 -3.953541
v -11.546397 42.098481 -0.000000
v -10.981277 42.098481 3.953541
v -9.341232 42.098481 7.520082
v -6.786802 42.098481 10.350505
v -3.568033 42.098481 12.167749
v -0.000000 42.098481 12.793928
v 3.568033 42.098481 12.167749
v 6.786802 42.098481 10.350505
v 9.341232 42.098481 7.520082
v 10.981277 42.098481 3.953541
v 11.546397 42.098481 0.000000
v 10.352217 43.892734 -0.000000
v 9.845543 43.892734 -3.544648
v 8.375119 43.892734 -6.742321
v 6.084880 43.892734 -9.280009
v 3.199011 43.892734 -10.909305
v 0.000000 43.892734 -11.470722
v -3.199011 43.892734 -10.909305
v -6.084880 43.892734 -9.280009
v -8.375119 43.892734 -6.742321
v -9.845543 43.892734 -3.544648
v -10.352217 43.892734 -0.000000
v -9.845543 43.892734 3.544648
v -8.375119 43.892734 6.742321
v -6.084880 43.892734 9.280009
v -3.199011 43.892734 10.909305
v -0.000000 43.892734 11.470722
v 3.199011 43.892734 10.909305
v 6.084880 43.892734 9.280009
v 8.375119 43.892734 6.742321
v 9.845543 43.892734 3.544648
v 10.352217 43.892734 0.000000
v 8.452550 45.433493 -0.000000
v 8.038852 45.433493 -2.894193
v 6.838256 45.433493 -5.505082
v 4.968284 45.433493 -7.577096
v 2.611981 45.433493 -8.907410
v 0.000000 45.433493 -9.365805
v -2.611981 45.433493 -8.907410
v -4.968284 45.433493 -7.577096
v -6.838256 45.433493 -5.505082
v -8.038852 45.433493 -2.894193
v -8.452550 45.433493 -0.000000
v -8.038852 45.433493 2.894193
v -6.838256 45.433493 5.505082
v -4.968284 45.433493 7.577096
v -2.611981 45.433493 8.907410
v -0.000000 45.433493 9.365805
v 2.611981 45.433493 8.907410
v 4.968284 45.433493 7.577096
v 6.838256 45.433493 5.505082
v 8.038852 45.433493 2.894193
v 8.452550 45.433493 0.000000
v 5.976855 46.615760 -0.000000
v 5.684327 46.615760 -2.046504
v 4.835377 46.615760 -3.892681
v 3.513107 46.615760 -5.357816
v 1.846950 46.615760 -6.298490
v 0.000000 46.615760 -6.622625
v -1.846950 46.615760 -6.298490
v -3.513107 46.615760 -5.357816
v -4.835377 46.615760 -3.892681
v -5.684327 46.615760 -2.046504
v -5.976855 46.615760 -0.000000
v -5.684327 46.615760 2.046504
v -4.835377 46.615760 3.892681
v -3.513107 46.615760 5.357816
v -1.846950 46.615760 6.298490
v -0.000000 46.615760 6.622625
v 1.846950 46.615760 6.298490
v 3.513107 46.615760 5.357816
v 4.835377 46.615760 3.892681
v 5.684327 46.615760 2.046504
v 5.976855 46.615760 0.000000
v 3.093848 47.358964 -0.000000
v 2.942424 47.358964 -1.059348
v 2.502976 47.358964 -2.015000
v 1.818518 47.358964 -2.773410
v 0.956052 47.358964 -3.260338
v 0.000000 47.358964 -3.428123
v -0.956052 47.358964 -3.260338
v -1.818518 47.358964 -2.773410
v -2.502976 47.358964 -2.015000
v -2.942424 47.358964 -1.059348
v -3.093848 47.358964 -0.000000
v -2.942424 47.358964 1.059348
v -2.502976 47.358964 2.015000
v -1.818518 47.358964 2.773410
v -0.956052 47.358964 3.260338
v -0.000000 47.358964 3.428123
v 0.956052 47.358964 3.260338
v 1.818518 47.358964 2.773410
v 2.502976 47.358964 2.015000
v 2.942424 47.358964 1.059348
v 3.093848 47.358964 0.000000
v 0.000000 47.612457 -0.000000
vt 0.5000000 0.6996875
vt 0.0865625 0.8056375
vt 0.1279062 0.8056375
vt 0.1692500 0.8056375
vt 0.2105938 0.8056375
vt 0.2519375 0.8056375
vt 0.2932813 0.8056375
vt 0.3346250 0.8056375
vt 0.3759688 0.8056375
vt 0.4173125 0.8056375
vt 0.4586563 0.8056375
vt 0.5000000 0.8056375
vt 0.5413438 0.8056375
vt 0.5826875 0.8056375
vt 0.6240313 0.8056375
vt 0.6653750 0.8056375
vt 0.7067187 0.8056375
vt 0.7480625 0.8056375
vt 0.7894062 0.8056375
vt 0.8307500 0.8056375
vt 0.8720937 0.8056375
vt 0.9134375 0.8056375
vt 0.0865625 0.7946797
vt 0.1279062 0.7946797
vt 0.1692500 0.7946797
vt 0.2105938 0.7946797
vt 0.2519375 0.7946797
vt 0.2932813 0.7946797
vt 0.3346250 0.7946797
vt 0.3759688 0.7946797
vt 0.4173125 0.7946797
vt 0.4586563 0.7946797
vt 0.5000000 0.7946797
vt 0.5413438 0.7946797
vt 0.5826875 0.7946797
vt 0.6240313 0.7946797
vt 0.6653750 0.7946797
vt 0.7067187 0.7946797
vt 0.7480625 0.7946797
vt 0.7894062 0.7946797
vt 0.8307500 0.7946797
vt 0.8720937 0.7946797
vt 0.9134375 0.7946797
vt 0.0865625 0.7772483
vt 0.1279062 0.7772483
vt 0.1692500 0.7772483
vt 0.2105938 0.7772483
vt 0.2519375 0.7772483
vt 0.2932813 0.7772483
vt 0.3346250 0.7772483
vt 0.3759688 0.7772483
vt 0.4173125 0.7772483
vt 0.4586563 0.7772483
vt 0.5000000 0.7772483
vt 0.5413438 0.7772483
vt 0.5826875 0.7772483
vt 0.6240313 0.7772483
vt 0.6653750 0.7772483
vt 0.7067187 0.7772483
vt 0.7480625 0.7772483
vt 0.7894062 0.7772483
vt 0.8307500 0.7772483
vt 0.8720937 0.7772483
vt 0.9134375 0.7772483
vt 0.0865625 0.7545312
vt 0.1279062 0.7545312
vt 0.1692500 0.7545312
vt 0.2105938 0.7545312
vt 0.2519375 0.7545312
vt 0.2932813 0.7545312
vt 0.3346250 0.7545312
vt 0.3759688 0.7545312
vt 0.4173125 0.7545312
vt 0.4586563 0.7545312
vt 0.5000000 0.7545312
vt 0.5413438 0.7545312
vt 0.5826875 0.7545312
vt 0.6240313 0.7545312
vt 0.6653750 0.7545312
vt 0.7067187 0.7545312
vt 0.7480625 0.7545312
vt 0.7894062 0.7545312
vt 0.8307500 0.7545312
vt 0.8720937 0.7545312
vt 0.9134375 0.7545312
vt 0.0865625 0.7280767
vt 0.1279062 0.7280767
vt 0.1692500 0.7280767
vt 0.2105938 0.7280767
vt 0.2519375 0.7280767
vt 0.2932813 0.7280767
vt 0.3346250 0.7280767
vt 0.3759688 0.7280767
vt 0.4173125 0.7280767
vt 0.4586563 0.7280767
vt 0.5000000 0.7280767
vt 0.5413438 0.7280767
vt 0.5826875 0.7280767
vt 0.6240313 0.7280767
vt 0.6653750 0.7280767
vt 0.7067187 0.7280767
vt 0.7480625 0.7280767
vt 0.7894062 0.7280767
vt 0.8307500 0.7280767
vt 0.8720937 0.7280767
vt 0.9134375 0.7280767
vt 0.0865625 0.6996875
vt 0.1279062 0.6996875
vt 0.1692500 0.6996875
vt 0.2105938 0.6996875
vt 0.2519375 0.6996875
vt 0.2932813 0.6996875
vt 0.3346250 0.6996875
vt 0.3759688 0.6996875
vt 0.4173125 0.6996875
vt 0.4586563 0.6996875
vt 0.5000000 0.6996875
vt 0.5413438 0.6996875
vt 0.5826875 0.6996875
vt 0.6240313 0.6996875
vt 0.6653750 0.6996875
vt 0.7067187 0.6996875
vt 0.7480625 0.6996875
vt 0.7894062 0.6996875
vt 0.8307500 0.6996875
vt 0.8720937 0.6996875
vt 0.9134375 0.6996875
vt 0.0865625 0.6712983
vt 0.1279062 0.6712983
vt 0.1692500 0.6712983
vt 0.2105938 0.6712983
vt 0.2519375 0.6712983
vt 0.2932813 0.6712983
vt 0.3346250 0.6712983
vt 0.3759688 0.6712983
vt 0.4173125 0.6712983
vt 0.4586563 0.6712983
vt 0.5000000 0.6712983
vt 0.5413438 0.6712983
vt 0.5826875 0.6712983
vt 0.6240313 0.6712983
vt 0.6653750 0.6712983
vt 0.7067187 0.6712983
vt 0.7480625 0.6712983
vt 0.7894062 0.6712983
vt 0.8307500 0.6712983
vt 0.8720937 0.6712983
vt 0.9134375 0.6712983
vt 0.0865625 0.6448438
vt 0.1279062 0.6448438
vt 0.1692500 0.6448438
vt 0.2105938 0.6448438
vt 0.2519375 0.6448438
vt 0.2932813 0.6448438
vt 0.3346250 0.6448438
vt 0.3759688 0.6448438
vt 0.4173125 0.6448438
vt 0.4586563 0.6448438
vt 0.5000000 0.6448438
vt 0.5413438 0.6448438
vt 0.5826875 0.6448438
vt 0.6240313 0.6448438
vt 0.6653750 0.6448438
vt 0.7067187 0.6448438
vt 0.7480625 0.6448438
vt 0.7894062 0.6448438
vt 0.8307500 0.6448438
vt 0.8720937 0.6448438
vt 0.9134375 0.6448438
vt 0.0865625 0.6221267
vt 0.1279062 0.6221267
vt 0.1692500 0.6221267
vt 0.2105938 0.6221267
vt 0.2519375 0.6221267
vt 0.2932813 0.6221267
vt 0.3346250 0.6221267
vt 0.3759688 0.6221267
vt 0.4173125 0.6221267
vt 0.4586563 0.6221267
vt 0.5000000 0.6221267
vt 0.5413438 0.6221267
vt 0.5826875 0.6221267
vt 0.6240313 0.6221267
vt 0.6653750 0.6221267
vt 0.7067187 0.6221267
vt 0.7480625 0.6221267
vt 0.7894062 0.6221267
vt 0.8307500 0.6221267
vt 0.8720937 0.6221267
vt 0.9134375 0.6221267
vt 0.0865625 0.6046953
vt 0.1279062 0.6046953
vt 0.1692500 0.6046953
vt 0.2105938 0.6046953
vt 0.2519375 0.6046953
vt 0.2932813 0.6046953
vt 0.3346250 0.6046953
vt 0.3759688 0.6046953
vt 0.4173125 0.6046953
vt 0.4586563 0.6046953
vt 0.5000000 0.6046953
vt 0.5413438 0.6046953
vt 0.5826875 0.6046953
vt 0.6240313 0.6046953
vt 0.6653750 0.6046953
vt 0.7067187 0.6046953
vt 0.7480625 0.6046953
vt 0.7894062 0.6046953
vt 0.8307500 0.6046953
vt 0.8720937 0.6046953
vt 0.9134375 0.6046953
vt 0.0865625 0.5937375
vt 0.1279062 0.5937375
vt 0.1692500 0.5937375
vt 0.2105938 0.5937375
vt 0.2519375 0.5937375
vt 0.2932813 0.5937375
vt 0.3346250 0.5937375
vt 0.3759688 0.5937375
vt 0.4173125 0.5937375
vt 0.4586563 0.5937375
vt 0.5000000 0.5937375
vt 0.5413438 0.5937375
vt 0.5826875 0.5937375
vt 0.6240313 0.5937375
vt 0.6653750 0.5937375
vt 0.7067187 0.5937375
vt 0.7480625 0.5937375
vt 0.7894062 0.5937375
vt 0.8307500 0.5937375
vt 0.8720937 0.5937375
vt 0.9134375 0.5937375
vt 0.5000000 0.6996875
vn -0.0000000 -1.0000000 0.0000000
vn 0.1920362 -0.9813205 -0.0114930
vn 0.1787840 -0.9817708 -0.0645161
vn 0.1480816 -0.9826897 -0.1113227
vn 0.1028251 -0.9837284 -0.1473274
vn 0.0473835 -0.9844895 -0.1689237
vn -0.0127783 -0.9846797 -0.1739041
vn -0.0716654 -0.9842254 -0.1617542
vn -0.1234274 -0.9833022 -0.1337255
vn -0.1630025 -0.9822648 -0.0926606
vn -0.1866083 -0.9815089 -0.0426337
vn -0.1920362 -0.9813205 0.0114930
vn -0.1787840 -0.9817708 0.0645161
vn -0.1480816 -0.9826897 0.1113227
vn -0.1028251 -0.9837284 0.1473274
vn -0.0473835 -0.9844895 0.1689237
vn 0.0127783 -0.9846797 0.1739041
vn 0.0716654 -0.9842254 0.1617542
vn 0.1234274 -0.9833022 0.1337255
vn 0.1630025 -0.9822648 0.0926606
vn 0.1866083 -0.9815089 0.0426337
vn 0.1920362 -0.9813205 -0.0114930
vn 0.3519397 -0.9359585 -0.0109617
vn 0.3314018 -0.9372047 -0.1087204
vn 0.2787990 -0.9400488 -0.1964165
vn 0.1986114 -0.9434296 -0.2655074
vn 0.0982520 -0.9460523 -0.3087582
vn -0.0122879 -0.9468872 -0.3213309
vn -0.1215465 -0.9456021 -0.3017668
vn -0.2182538 -0.9427075 -0.2523250
vn -0.2929172 -0.9393344 -0.1784668
vn -0.3387602 -0.9367670 -0.0878012
vn -0.3519397 -0.9359585 0.0109617
vn -0.3314018 -0.9372047 0.1087204
vn -0.2787990 -0.9400488 0.1964165
vn -0.1986114 -0.9434296 0.2655074
vn -0.0982520 -0.9460523 0.3087582
vn 0.0122879 -0.9468872 0.3213309
vn 0.1215465 -0.9456021 0.3017668
vn 0.2182538 -0.9427075 0.2523250
vn 0.2929172 -0.9393344 0.1784668
vn 0.3387602 -0.9367670 0.0878012
vn 0.3519397 -0.9359585 -0.0109617
vn 0.5371236 -0.8434457 -0.0098782
vn 0.5089178 -0.8458810 -0.1596500
vn 0.4323491 -0.8518004 -0.2958214
vn 0.3125439 -0.8590736 -0.4053504
vn 0.1595306 -0.8649158 -0.4758893
vn -0.0112506 -0.8669546 -0.4982601
vn -0.1807584 -0.8643333 -0.4693126
vn -0.3302271 -0.8581506 -0.3930999
vn -0.4448735 -0.8509007 -0.2793844
vn -0.5153698 -0.8453361 -0.1407156
vn -0.5371236 -0.8434457 0.0098782
vn -0.5089178 -0.8458810 0.1596500
vn -0.4323491 -0.8518004 0.2958214
vn -0.3125439 -0.8590736 0.4053504
vn -0.1595306 -0.8649158 0.4758893
vn 0.0112506 -0.8669546 0.4982601
vn 0.1807584 -0.8643333 0.4693126
vn 0.3302271 -0.8581506 0.3930999
vn 0.4448735 -0.8509007 0.2793844
vn 0.5153698 -0.8453361 0.1407156
vn 0.5371236 -0.8434457 -0.0098782
vn 0.7382833 -0.6744445 -0.0078989
vn 0.7030956 -0.6779652 -0.2145224
vn 0.6031161 -0.6869473 -0.4054065
vn 0.4420064 -0.6983577 -0.5629626
vn 0.2307048 -0.7078471 -0.6676284
vn -0.0092315 -0.7113622 -0.7027650
vn -0.2479849 -0.7072984 -0.6619913
vn -0.4561129 -0.6975056 -0.5526725
vn -0.6128715 -0.6861362 -0.3919255
vn -0.7080292 -0.6774830 -0.1992774
vn -0.7382833 -0.6744445 0.0078989
vn -0.7030956 -0.6779652 0.2145224
vn -0.6031161 -0.6869473 0.4054065
vn -0.4420064 -0.6983577 0.5629626
vn -0.2307048 -0.7078471 0.6676284
vn 0.0092315 -0.7113622 0.7027650
vn 0.2479849 -0.7072984 0.6619913
vn 0.4561129 -0.6975056 0.5526725
vn 0.6128715 -0.6861362 0.3919255
vn 0.7080292 -0.6774830 0.1992774
vn 0.7382833 -0.6744445 -0.0078989
vn 0.9202404 -0.3913267 -0.0045831
vn 0.8804865 -0.3943973 -0.2630479
vn 0.7628182 -0.4025746 -0.5060060
vn 0.5669808 -0.4133321 -0.7125232
vn 0.3018930 -0.4226183 -0.8545492
vn -0.0055313 -0.4262358 -0.9045952
vn -0.3121395 -0.4223674 -0.8509846
vn -0.5751310 -0.4129525 -0.7061831
vn -0.7682896 -0.4022238 -0.4979429
vn -0.8831927 -0.3941934 -0.2541304
vn -0.9202404 -0.3913267 0.0045831
vn -0.8804865 -0.3943973 0.2630479
vn -0.7628182 -0.4025746 0.5060060
vn -0.5669808 -0.4133321 0.7125232
vn -0.3018930 -0.4226183 0.8545492
vn 0.0055313 -0.4262358 0.9045952
vn 0.3121395 -0.4223674 0.8509846
vn 0.5751310 -0.4129525 0.7061831
vn 0.7682896 -0.4022238 0.4979429
vn 0.8831927 -0.3941934 0.2541304
vn 0.9202404 -0.3913267 -0.0045831
vn 1.0000000 0.0000000 -0.0000000
vn 0.9595940 0.0000000 -0.2813884
vn 0.8362597 -0.0000000 -0.5483335
vn 0.6270868 0.0000000 -0.7789494
vn 0.3387408 0.0000000 -0.9408797
vn 0.0000000 0.0000000 -1.0000000
vn -0.3387408 0.0000000 -0.9408797
vn -0.6270868 -0.0000000 -0.7789494
vn -0.8362597 -0.0000000 -0.5483335
vn -0.9595940 -0.0000000 -0.2813884
vn -1.0000000 -0.0000000 -0.0000000
vn -0.9595940 0.0000000 0.2813884
vn -0.8362597 -0.0000000 0.5483335
vn -0.6270868 0.0000000 0.7789494
vn -0.3387408 0.0000000 0.9408797
vn -0.0000000 0.0000000 1.0000000
vn 0.3387408 -0.0000000 0.9408797
vn 0.6270868 -0.0000000 0.7789494
vn 0.8362597 0.0000000 0.5483335
vn 0.9595940 0.0000000 0.2813884
vn 1.0000000 0.0000000 -0.0000000
vn 0.9202404 0.3913267 0.0045831
vn 0.8831927 0.3941934 -0.2541304
vn 0.7682896 0.4022238 -0.4979429
vn 0.5751310 0.4129525 -0.7061831
vn 0.3121395 0.4223674 -0.8509846
vn 0.0055313 0.4262358 -0.9045952
vn -0.3018930 0.4226183 -0.8545492
vn -0.5669808 0.4133321 -0.7125232
vn -0.7628182 0.4025746 -0.5060060
vn -0.8804865 0.3943973 -0.2630479
vn -0.9202404 0.3913267 -0.0045831
vn -0.8831927 0.3941934 0.2541304
vn -0.7682896 0.4022238 0.4979429
vn -0.5751310 0.4129525 0.7061831
vn -0.3121395 0.4223674 0.8509846
vn -0.0055313 0.4262358 0.9045952
vn 0.3018930 0.4226183 0.8545492
vn 0.5669808 0.4133321 0.7125232
vn 0.7628182 0.4025746 0.5060060
vn 0.8804865 0.3943973 0.2630479
vn 0.9202404 0.3913267 0.0045831
vn 0.7382833 0.6744445 0.0078989
vn 0.7080292 0.6774830 -0.1992774
vn 0.6128715 0.6861362 -0.3919255
vn 0.4561129 0.6975056 -0.5526725
vn 0.2479849 0.7072984 -0.6619913
vn 0.0092315 0.7113622 -0.7027650
vn -0.2307048 0.7078471 -0.6676284
vn -0.4420064 0.6983577 -0.5629626
vn -0.6031161 0.6869473 -0.4054065
vn -0.7030956 0.6779652 -0.2145224
vn -0.7382833 0.6744445 -0.0078989
vn -0.7080292 0.6774830 0.1992774
vn -0.6128715 0.6861362 0.3919255
vn -0.4561129 0.6975056 0.5526725
vn -0.2479849 0.7072984 0.6619913
vn -0.0092315 0.7113622 0.7027650
vn 0.2307048 0.7078471 0.6676284
vn 0.4420064 0.6983577 0.5629626
vn 0.6031161 0.6869473 0.4054065
vn 0.7030956 0.6779652 0.2145224
vn 0.7382833 0.6744445 0.0078989
vn 0.5371236 0.8434457 0.0098782
vn 0.5153698 0.8453361 -0.1407156
vn 0.4448735 0.8509007 -0.2793844
vn 0.3302271 0.8581506 -0.3930999
vn 0.1807584 0.8643333 -0.4693126
vn 0.0112506 0.8669546 -0.4982601
vn -0.1595306 0.8649158 -0.4758893
vn -0.3125439 0.8590736 -0.4053504
vn -0.4323491 0.8518004 -0.2958214
vn -0.5089178 0.8458810 -0.1596500
vn -0.5371236 0.8434457 -0.0098782
vn -0.5153698 0.8453361 0.1407156
vn -0.4448735 0.8509007 0.2793844
vn -0.3302271 0.8581506 0.3930999
vn -0.1807584 0.8643333 0.4693126
vn -0.0112506 0.8669546 0.4982601
vn 0.1595306 0.8649158 0.4758893
vn 0.3125439 0.8590736 0.4053504
vn 0.4323491 0.8518004 0.2958214
vn 0.5089178 0.8458810 0.1596500
vn 0.5371236 0.8434457 0.0098782
vn 0.3519397 0.9359585 0.0109617
vn 0.3387602 0.9367670 -0.0878012
vn 0.2929172 0.9393344 -0.1784668
vn 0.2182538 0.9427075 -0.2523250
vn 0.1215465 0.9456021 -0.3017668
vn 0.0122879 0.9468872 -0.3213309
vn -0.0982520 0.9460523 -0.3087582
vn -0.1986114 0.9434296 -0.2655074
vn -0.2787990 0.9400488 -0.1964165
vn -0.3314018 0.9372047 -0.1087204
vn -0.3519397 0.9359585 -0.0109617
vn -0.3387602 0.9367670 0.0878012
vn -0.2929172 0.9393344 0.1784668
vn -0.2182538 0.9427075 0.2523250
vn -0.1215465 0.9456021 0.3017668
vn -0.0122879 0.9468872 0.3213309
vn 0.0982520 0.9460523 0.3087582
vn 0.1986114 0.9434296 0.2655074
vn 0.2787990 0.9400488 0.1964165
vn 0.3314018 0.9372047 0.1087204
vn 0.3519397 0.9359585 0.0109617
vn 0.1920362 0.9813205 0.0114930
vn 0.1866083 0.9815089 -0.0426337
vn 0.1630025 0.9822648 -0.0926606
vn 0.1234274 0.9833022 -0.1337255
vn 0.0716654 0.9842254 -0.1617542
vn 0.0127783 0.9846797 -0.1739041
vn -0.0473835 0.9844895 -0.1689237
vn -0.1028251 0.9837284 -0.1473274
vn -0.1480816 0.9826897 -0.1113227
vn -0.1787840 0.9817708 -0.0645161
vn -0.1920362 0.9813205 -0.0114930
vn -0.1866083 0.9815089 0.0426337
vn -0.1630025 0.9822648 0.0926606
vn -0.1234274 0.9833022 0.1337255
vn -0.0716654 0.9842254 0.1617542
vn -0.0127783 0.9846797 0.1739041
vn 0.0473835 0.9844895 0.1689237
vn 0.1028251 0.9837284 0.1473274
vn 0.1480816 0.9826897 0.1113227
vn 0.1787840 0.9817708 0.0645161
vn 0.1920362 0.9813205 0.0114930
vn -0.0000000 1.0000000 -0.0000000
s 1
f 741/741/741 743/743/743 742/742/742
f 741/741/741 744/744/744 743/743/743
f 741/741/741 745/745/745 744/744/744
f 741/741/741 746/746/746 745/745/745
f 741/741/741 747/747/747 746/746/746
f 741/741/741 748/748/748 747/747/747
f 741/741/741 749/749/749 748/748/748
f 741/741/741 750/750/750 749/749/749
f 741/741/741 751/751/751 750/750/750
f 741/741/741 752/752/752 751/751/751
f 741/741/741 753/753/753 752/752/752
f 741/741/741 754/754/754 753/753/753
f 741/741/741 755/755/755 754/754/754
f 741/741/741 756/756/756 755/755/755
f 741/741/741 757/757/757 756/756/756
f 741/741/741 758/758/758 757/757/757
f 741/741/741 759/759/759 758/758/758
f 741/741/741 760/760/760 759/759/759
f 741/741/741 761/761/761 760/760/760
f 741/741/741 762/762/762 761/761/761
f 742/742/742 743/743/743 764/764/764
f 742/742/742 764/764/764 763/763/763
f 743/743/743 744/744/744 765/765/765
f 743/743/743 765/765/765 764/764/764
f 744/744/744 745/745/745 766/766/766
f 744/744/744 766/766/766 765/765/765
f 745/745/745 746/746/746 767/767/767
f 745/745/745 767/767/767 766/766/766
f 746/746/746 747/747/747 768/768/768
f 746/746/746 768/768/768 767/767/767
f 747/747/747 748/748/748 769/769/769
f 747/747/747 769/769/769 768/768/768
f 748/748/748 749/749/749 770/770/770
f 748/748/748 770/770/770 769/769/769
f 749/749/749 750/750/750 771/771/771
f 749/749/749 771/771/771 770/770/770
f 750/750/750 751/751/751 772/772/772
f 750/750/750 772/772/772 771/771/771
f 751/751/751 752/752/752 773/773/773
f 751/751/751 773/773/773 772/772/772
f 752/752/752 753/753/753 774/774/774
f 752/752/752 774/774/774 773/773/773
f 753/753/753 754/754/754 775/775/775
f 753/753/753 775/775/775 774/774/774
f 754/754/754 755/755/755 776/776/776
f 754/754/754 776/776/776 775/775/775
f 755/755/755 756/756/756 777/777/777
f 755/755/755 777/777/777 776/776/776
f 756/756/756 757/757/757 778/778/778
f 756/756/756 778/778/778 777/777/777
f 757/757/757 758/758/758 779/779/779
f 757/757/757 779/779/779 778/778/778
f 758/758/758 759/759/759 780/780/780
f 758/758/758 780/780/780 779/779/779
f 759/759/759 760/760/760 781/781/781
f 759/759/759 781/781/781 780/780/780
f 760/760/760 761/761/761 782/782/782
f 760/760/760 782/782/782 781/781/781
f 761/761/761 762/762/762 783/783/783
f 761/761/761 783/783/783 782/782/782
f 763/763/763 764/764/764 785/785/785
f 763/763/763 785/785/785 784/784/784
f 764/764/764 765/765/765 786/786/786
f 764/764/764 786/786/786 785/785/785
f 765/765/765 766/766/766 787/787/787
f 765/765/765 787/787/787 786/786/786
f 766/766/766 767/767/767 788/788/788
f 766/766/766 788/788/788 787/787/787
f 767/767/767 768/768/768 789/789/789
f 767/767/767 789/789/789 788/788/788
f 768/768/768 769/769/769 790/790/790
f 768/768/768 790/790/790 789/789/789
f 769/769/769 770/770/770 791/791/791
f 769/769/769 791/791/791 790/790/790
f 770/770/770 771/771/771 792/792/792
f 770/770/770 792/792/792 791/791/791
f 771/771/771 772/772/772 793/793/793
f 771/771/771 793/793/793 792/792/792
f 772/772/772 773/773/773 794/794/794
f 772/772/772 794/794/794 793/793/793
f 773/773/773 774/774/774 795/795/795
f 773/773/773 795/795/795 794/794/794
f 774/774/774 775/775/775 796/796/796
f 774/774/774 796/796/796 795/795/795
f 775/775/775 776/776/776 797/797/797
f 775/775/775 797/797/797 796/796/796
f 776/776/776 777/777/777 798/798/798
f 776/776/776 798/798/798 797/797/797
f 777/777/777 778/778/778 799/799/799
f 777/777/777 799/799/799 798/798/798
f 778/778/778 779/779/779 800/800/800
f 778/778/778 800/800/800 799/799/799
f 779/779/779 780/780/780 801/801/801
f 779/779/779 801/801/801 800/800/800
f 780/780/780 781/781/781 802/802/802
f 780/780/780 802/802/802 801/801/801
f 781/781/781 782/782/782 803/803/803
f 781/781/781 803/803/803 802/802/802
f 782/782/782 783/783/783 804/804/804
f 782/782/782 804/804/804 803/803/803
f 784/784/784 785/785/785 806/806/806
f 784/784/784 806/806/806 805/805/805
f 785/785/785 786/786/786 807/807/807
f 785/785/785 807/807/807 806/806/806
f 786/786/786 787/787/787 808/808/808
f 786/786/786 808/808/808 807/807/807
f 787/787/787 788/788/788 809/809/809
f 787/787/787 809/809/809 808/808/808
f 788/788/788 789/789/789 810/810/810
f 788/788/788 810/810/810 809/809/809
f 789/789/789 790/790/790 811/811/811
f 789/789/789 811/811/811 810/810/810
f 790/790/790 791/791/791 812/812/812
f 790/790/790 812/812/812 811/811/811
f 791/791/791 792/792/792 813/813/813
f 791/791/791 813/813/813 812/812/812
f 792/792/792 793/793/793 814/814/814
f 792/792/792 814/814/814 813/813/813
f 793/793/793 794/794/794 815/815/815
f 793/793/793 815/815/815 814/814/814
f 794/794/794 795/795/795 816/816/816
f 794/794/794 816/816/816 815/815/815
f 795/795/795 796/796/796 817/817/817
f 795/795/795 817/817/817 816/816/816
f 796/796/796 797/797/797 818/818/818
f 796/796/796 818/818/818 817/817/817
f 797/797/797 798/798/798 819/819/819
f 797/797/797 819/819/819 818/818/818
f 798/798/798 799/799/799 820/820/820
f 798/798/798 820/820/820 819/819/819
f 799/799/799 800/800/800 821/821/821
f 799/799/799 821/821/821 820/820/820
f 800/800/800 801/801/801 822/822/822
f 800/800/800 822/822/822 821/821/821
f 801/801/801 802/802/802 823/823/823
f 801/801/801 823/823/823 822/822/822
f 802/802/802 803/803/803 824/824/824
f 802/802/802 824/824/824 823/823/823
f 803/803/803 804/804/804 825/825/825
f 803/803/803 825/825/825 824/824/824
f 805/805/805 806/806/806 827/827/827
f 805/805/805 827/827/827 826/826/826
f 806/806/806 807/807/807 828/828/828
f 806/806/806 828/828/828 827/827/827
f 807/807/807 808/808/808 829/829/829
f 807/807/807 829/829/829 828/828/828
f 808/808/808 809/809/809 830/830/830
f 808/808/808 830/830/830 829/829/829
f 809/809/809 810/810/810 831/831/831
f 809/809/809 831/831/831 830/830/830
f 810/810/810 811/811/811 832/832/832
f 810/810/810 832/832/832 831/831/831
f 811/811/811 812/812/812 833/833/833
f 811/811/811 833/833/833 832/832/832
f 812/812/812 813/813/813 834/834/834
f 812/812/812 834/834/834 833/833/833
f 813/813/813 814/814/814 835/835/835
f 813/813/813 835/835/835 834/834/834
f 814/814/814 815/815/815 836/836/836
f 814/814/814 836/836/836 835/835/835
f 815/815/815 816/816/816 837/837/837
f 815/815/815 837/837/837 836/836/836
f 816/816/816 817/817/817 838/838/838
f 816/816/816 838/838/838 837/837/837
f 817/817/817 818/818/818 839/839/839
f 817/817/817 839/839/839 838/838/838
f 818/818/818 819/819/819 840/840/840
f 818/818/818 840/840/840 839/839/839
f 819/819/819 820/820/820 841/841/841
f 819/819/819 841/841/841 840/840/840
f 820/820/820 821/821/821 842/842/842
f 820/820/820 842/842/842 841/841/841
f 821/821/821 822/822/822 843/843/843
f 821/821/821 843/843/843 842/842/842
f 822/822/822 823/823/823 844/844/844
f 822/822/822 844/844/844 843/843/843
f 823/823/823 824/824/824 845/845/845
f 823/823/823 845/845/845 844/844/844
f 824/824/824 825/825/825 846/846/846
f 824/824/824 846/846/846 845/845/845
f 826/826/826 827/827/827 848/848/848
f 826/826/826 848/848/848 847/847/847
f 827/827/827 828/828/828 849/849/849
f 827/827/827 849/849/849 848/848/848
f 828/828/828 829/829/829 850/850/850
f 828/828/828 850/850/850 849/849/849
f 829/829/829 830/830/830 851/851/851
f 829/829/829 851/851/851 850/850/850
f 830/830/830 831/831/831 852/852/852
f 830/830/830 852/852/852 851/851/851
f 831/831/831 832/832/832 853/853/853
f 831/831/831 853/853/853 852/852/852
f 832/832/832 833/833/833 854/854/854
f 832/832/832 854/854/854 853/853/853
f 833/833/833 834/834/834 855/855/855
f 833/833/833 855/855/855 854/854/854
f 834/834/834 835/835/835 856/856/856
f 834/834/834 856/856/856 855/855/855
f 835/835/835 836/836/836 857/857/857
f 835/835/835 857/857/857 856/856/856
f 836/836/836 837/837/837 858/858/858
f 836/836/836 858/858/858 857/857/857
f 837/837/837 838/838/838 859/859/859
f 837/837/837 859/859/859 858/858/858
f 838/838/838 839/839/839 860/860/860
f 838/838/838 860/860/860 859/859/859
f 839/839/839 840/840/840 861/861/861
f 839/839/839 861/861/861 860/860/860
f 840/840/840 841/841/841 862/862/862
f 840/840/840 862/862/862 861/861/861
f 841/841/841 842/842/842 863/863/863
f 841/841/841 863/863/863 862/862/862
f 842/842/842 843/843/843 864/864/864
f 842/842/842 864/864/864 863/863/863
f 843/843/843 844/844/844 865/865/865
f 843/843/843 865/865/865 864/864/864
f 844/844/844 845/845/845 866/866/866
f 844/844/844 866/866/866 865/865/865
f 845/845/845 846/846/846 867/867/867
f 845/845/845 867/867/867 866/866/866
f 847/847/847 848/848/848 869/869/869
f 847/847/847 869/869/869 868/868/868
f 848/848/848 849/849/849 870/870/870
f 848/848/848 870/870/870 869/869/869
f 849/849/849 850/850/850 871/871/871
f 849/849/849 871/871/871 870/870/870
f 850/850/850 851/851/851 872/872/872
f 850/850/850 872/872/872 871/871/871
f 851/851/851 852/852/852 873/873/873
f 851/851/851 873/873/873 872/872/872
f 852/852/852 853/853/853 874/874/874
f 852/852/852 874/874/874 873/873/873
f 853/853/853 854/854/854 875/875/875
f 853/853/853 875/875/875 874/874/874
f 854/854/854 855/855/855 876/876/876
f 854/854/854 876/876/876 875/875/875
f 855/855/855 856/856/856 877/877/877
f 855/855/855 877/877/877 876/876/876
f 856/856/856 857/857/857 878/878/878
f 856/856/856 878/878/878 877/877/877
f 857/857/857 858/858/858 879/879/879
f 857/857/857 879/879/879 878/878/878
f 858/858/858 859/859/859 880/880/880
f 858/858/858 880/880/880 879/879/879
f 859/859/859 860/860/860 881/881/881
f 859/859/859 881/881/881 880/880/880
f 860/860/860 861/861/861 882/882/882
f 860/860/860 882/882/882 881/881/881
f 861/861/861 862/862/862 883/883/883
f 861/861/861 883/883/883 882/882/882
f 862/862/862 863/863/863 884/884/884
f 862/862/862 884/884/884 883/883/883
f 863/863/863 864/864/864 885/885/885
f 863/863/863 885/885/885 884/884/884
f 864/864/864 865/865/865 886/886/886
f 864/864/864 886/886/886 885/885/885
f 865/865/865 866/866/866 887/887/887
f 865/865/865 887/887/887 886/886/886
f 866/866/866 867/867/867 888/888/888
f 866/866/866 888/888/888 887/887/887
f 868/868/868 869/869/869 890/890/890
f 868/868/868 890/890/890 889/889/889
f 869/869/869 870/870/870 891/891/891
f 869/869/869 891/891/891 890/890/890
f 870/870/870 871/871/871 892/892/892
f 870/870/870 892/892/892 891/891/891
f 871/871/871 872/872/872 893/893/893
f 871/871/871 893/893/893 892/892/892
f 872/872/872 873/873/873 894/894/894
f 872/872/872 894/894/894 893/893/893
f 873/873/873 874/874/874 895/895/895
f 873/873/873 895/895/895 894/894/894
f 874/874/874 875/875/875 896/896/896
f 874/874/874 896/896/896 895/895/895
f 875/875/875 876/876/876 897/897/897
f 875/875/875 897/897/897 896/896/896
f 876/876/876 877/877/877 898/898/898
f 876/876/876 898/898/898 897/897/897
f 877/877/877 878/878/878 899/899/899
f 877/877/877 899/899/899 898/898/898
f 878/878/878 879/879/879 900/900/900
f 878/878/878 900/900/900 899/899/899
f 879/879/879 880/880/880 901/901/901
f 879/879/879 901/901/901 900/900/900
f 880/880/880 881/881/881 902/902/902
f 880/880/880 902/902/902 901/901/901
f 881/881/881 882/882/882 903/903/903
f 881/881/881 903/903/903 902/902/902
f 882/882/882 883/883/883 904/904/904
f 882/882/882 904/904/904 903/903/903
f 883/883/883 884/884/884 905/905/905
f 883/883/883 905/905/905 904/904/904
f 884/884/884 885/885/885 906/906/906
f 884/884/884 906/906/906 905/905/905
f 885/885/885 886/886/886 907/907/907
f 885/885/885 907/907/907 906/906/906
f 886/886/886 887/887/887 908/908/908
f 886/886/886 908/908/908 907/907/907
f 887/887/887 888/888/888 909/909/909
f 887/887/887 909/909/909 908/908/908
f 889/889/889 890/890/890 911/911/911
f 889/889/889 911/911/911 910/910/910
f 890/890/890 891/891/891 912/912/912
f 890/890/890 912/912/912 911/911/911
f 891/891/891 892/892/892 913/913/913
f 891/891/891 913/913/913 912/912/912
f 892/892/892 893/893/893 914/914/914
f 892/892/892 914/914/914 913/913/913
f 893/893/893 894/894/894 915/915/915
f 893/893/893 915/915/915 914/914/914
f 894/894/894 895/895/895 916/916/916
f 894/894/894 916/916/916 915/915/915
f 895/895/895 896/896/896 917/917/917
f 895/895/895 917/917/917 916/916/916
f 896/896/896 897/897/897 918/918/918
f 896/896/896 918/918/918 917/917/917
f 897/897/897 898/898/898 919/919/919
f 897/897/897 919/919/919 918/918/918
f 898/898/898 899/899/899 920/920/920
f 898/898/898 920/920/920 919/919/919
f 899/899/899 900/900/900 921/921/921
f 899/899/899 921/921/921 920/920/920
f 900/900/900 901/901/901 922/922/922
f 900/900/900 922/922/922 921/921/921
f 901/901/901 902/902/902 923/923/923
f 901/901/901 923/923/923 922/922/922
f 902/902/902 903/903/903 924/924/924
f 902/902/902 924/924/924 923/923/923
f 903/903/903 904/904/904 925/925/925
f 903/903/903 925/925/925 924/924/924
f 904/904/904 905/905/905 926/926/926
f 904/904/904 926/926/926 925/925/925
f 905/905/905 906/906/906 927/927/927
f 905/905/905 927/927/927 926/926/926
f 906/906/906 907/907/907 928/928/928
f 906/906/906 928/928/928 927/927/927
f 907/907/907 908/908/908 929/929/929
f 907/907/907 929/929/929 928/928/928
f 908/908/908 909/909/909 930/930/930
f 908/908/908 930/930/930 929/929/929
f 910/910/910 911/911/911 932/932/932
f 910/910/910 932/932/932 931/931/931
f 911/911/911 912/912/912 933/933/933
f 911/911/911 933/933/933 932/932/932
f 912/912/912 913/913/913 934/934/934
f 912/912/912 934/934/934 933/933/933
f 913/913/913 914/914/914 935/935/935
f 913/913/913 935/935/935 934/934/934
f 914/914/914 915/915/915 936/936/936
f 914/914/914 936/936/936 935/935/935
f 915/915/915 916/916/916 937/937/937
f 915/915/915 937/937/937 936/936/936
f 916/916/916 917/917/917 938/938/938
f 916/916/916 938/938/938 937/937/937
f 917/917/917 918/918/918 939/939/939
f 917/917/917 939/939/939 938/938/938
f 918/918/918 919/919/919 940/940/940
f 918/918/918 940/940/940 939/939/939
f 919/919/919 920/920/920 941/941/941
f 919/919/919 941/941/941 940/940/940
f 920/920/920 921/921/921 942/942/942
f 920/920/920 942/942/942 941/941/941
f 921/921/921 922/922/922 943/943/943
f 921/921/921 943/943/943 942/942/942
f 922/922/922 923/923/923 944/944/944
f 922/922/922 944/944/944 943/943/943
f 923/923/923 924/924/924 945/945/945
f 923/923/923 945/945/945 944/944/944
f 924/924/924 925/925/925 946/946/946
f 924/924/924 946/946/946 945/945/945
f 925/925/925 926/926/926 947/947/947
f 925/925/925 947/947/947 946/946/946
f 926/926/926 927/927/927 948/948/948
f 926/926/926 948/948/948 947/947/947
f 927/927/927 928/928/928 949/949/949
f 927/927/927 949/949/949 948/948/948
f 928/928/928 929/929/929 950/950/950
f 928/928/928 950/950/950 949/949/949
f 929/929/929 930/930/930 951/951/951
f 929/929/929 951/951/951 950/950/950
f 931/931/931 932/932/932 953/953/953
f 931/931/931 953/953/953 952/952/952
f 932/932/932 933/933/933 954/954/954
f 932/932/932 954/954/954 953/953/953
f 933/933/933 934/934/934 955/955/955
f 933/933/933 955/955/955 954/954/954
f 934/934/934 935/935/935 956/956/956
f 934/934/934 956/956/956 955/955/955
f 935/935/935 936/936/936 957/957/957
f 935/935/935 957/957/957 956/956/956
f 936/936/936 937/937/937 958/958/958
f 936/936/936 958/958/958 957/957/957
f 937/937/937 938/938/938 959/959/959
f 937/937/937 959/959/959 958/958/958
f 938/938/938 939/939/939 960/960/960
f 938/938/938 960/960/960 959/959/959
f 939/939/939 940/940/940 961/961/961
f 939/939/939 961/961/961 960/960/960
f 940/940/940 941/941/941 962/962/962
f 940/940/940 962/962/962 961/961/961
f 941/941/941 942/942/942 963/963/963
f 941/941/941 963/963/963 962/962/962
f 942/942/942 943/943/943 964/964/964
f 942/942/942 964/964/964 963/963/963
f 943/943/943 944/944/944 965/965/965
f 943/943/943 965/965/965 964/964/964
f 944/944/944 945/945/945 966/966/966
f 944/944/944 966/966/966 965/965/965
f 945/945/945 946/946/946 967/967/967
f 945/945/945 967/967/967 966/966/966
f 946/946/946 947/947/947 968/968/968
f 946/946/946 968/968/968 967/967/967
f 947/947/947 948/948/948 969/969/969
f 947/947/947 969/969/969 968/968/968
f 948/948/948 949/949/949 970/970/970
f 948/948/948 970/970/970 969/969/969
f 949/949/949 950/950/950 971/971/971
f 949/949/949 971/971/971 970/970/970
f 950/950/950 951/951/951 972/972/972
f 950/950/950 972/972/972 971/971/971
f 952/952/952 953/953/953 973/973/973
f 953/953/953 954/954/954 973/973/973
f 954/954/954 955/955/955 973/973/973
f 955/955/955 956/956/956 973/973/973
f 956/956/956 957/957/957 973/973/973
f 957/957/957 958/958/958 973/973/973
f 958/958/958 959/959/959 973/973/973
f 959/959/959 960/960/960 973/973/973
f 960/960/960 961/961/961 973/973/973
f 961/961/961 962/962/962 973/973/973
f 962/962/962 963/963/963 973/973/973
f 963/963/963 964/964/964 973/973/973
f 964/964/964 965/965/965 973/973/973
f 965/965/965 966/966/966 973/973/973
f 966/966/966 967/967/967 973/973/973
f 967/967/967 968/968/968 973/973/973
f 968/968/968 969/969/969 973/973/973
f 969/969/969 970/970/970 973/973/973
f 970/970/970 971/971/971 973/973/973
f 971/971/971 972/972/972 973/973/973
o Continuous_torso
v -16.604824 39.617569 -0.000000
v -16.039028 39.687193 2.742498
v -14.380199 39.891323 5.298100
v -11.741384 40.216046 7.492644
v -8.302412 40.639234 9.176578
v -4.297645 41.132047 10.235143
v -0.000000 41.660900 10.596199
v 4.297645 42.189753 10.235143
v 8.302412 42.682565 9.176578
v 11.741384 43.105753 7.492644
v 14.380199 43.430476 5.298100
v 16.039028 43.634606 2.742498
v 16.604824 43.704231 0.000000
v 16.039028 43.634606 -2.742498
v 14.380199 43.430476 -5.298100
v 11.741384 43.105753 -7.492644
v 8.302412 42.682565 -9.176578
v 4.297645 42.189753 -10.235143
v 0.000000 41.660900 -10.596199
v -4.297645 41.132047 -10.235143
v -8.302412 40.639234 -9.176578
v -11.741384 40.216046 -7.492644
v -14.380199 39.891323 -5.298100
v -16.039028 39.687193 -2.742498
v -16.604824 39.617569 -0.000000
v -16.807374 41.152953 -0.000000
v -16.255184 41.222544 2.679560
v -14.636244 41.426574 5.176512
v -12.060882 41.751139 7.320694
v -8.704605 42.174119 8.965982
v -4.796138 42.666691 10.000254
v -0.601836 43.195285 10.353025
v 3.592466 43.723880 10.000254
v 7.500933 44.216452 8.965982
v 10.857210 44.639432 7.320694
v 13.432572 44.963997 5.176512
v 15.051512 45.168027 2.679560
v 15.603702 45.237618 0.000000
v 15.051512 45.168027 -2.679560
v 13.432572 44.963997 -5.176512
v 10.857210 44.639432 -7.320694
v 7.500933 44.216452 -8.965982
v 3.592466 43.723880 -10.000254
v -0.601836 43.195285 -10.353025
v -4.796138 42.666691 -10.000254
v -8.704605 42.174119 -8.965982
v -12.060882 41.751139 -7.320694
v -14.636244 41.426574 -5.176512
v -16.255184 41.222544 -2.679560
v -16.807374 41.152953 -0.000000
v -17.185138 43.614249 -0.000000
v -16.650483 43.674437 2.581805
v -15.082953 43.850898 4.987664
v -12.589373 44.131608 7.053622
v -9.339676 44.497436 8.638888
v -5.555324 44.923452 9.635427
v -1.494214 45.380623 9.975328
v 2.566896 45.837794 9.635427
v 6.351248 46.263810 8.638888
v 9.600945 46.629638 7.053622
v 12.094525 46.910347 4.987664
v 13.662055 47.086809 2.581805
v 14.196710 47.146997 0.000000
v 13.662055 47.086809 -2.581805
v 12.094525 46.910347 -4.987664
v 9.600945 46.629638 -7.053622
v 6.351248 46.263810 -8.638888
v 2.566896 45.837794 -9.635427
v -1.494214 45.380623 -9.975328
v -5.555324 44.923452 -9.635427
v -9.339676 44.497436 -8.638888
v -12.589373 44.131608 -7.053622
v -15.082953 43.850898 -4.987664
v -16.650483 43.674437 -2.581805
v -17.185138 43.614249 -0.000000
v -17.814010 46.851971 -0.000000
v -17.285505 46.888975 2.521545
v -15.736007 46.997463 4.871251
v -13.271110 47.170042 6.888989
v -10.058795 47.394952 8.437254
v -6.317974 47.656865 9.410534
v -2.303580 47.937933 9.742502
v 1.710815 48.219000 9.410534
v 5.451636 48.480913 8.437254
v 8.663951 48.705823 6.888989
v 11.128848 48.878402 4.871251
v 12.678346 48.986890 2.521545
v 13.206851 49.023894 0.000000
v 12.678346 48.986890 -2.521545
v 11.128848 48.878402 -4.871251
v 8.663951 48.705823 -6.888989
v 5.451636 48.480913 -8.437254
v 1.710815 48.219000 -9.410534
v -2.303580 47.937933 -9.742502
v -6.317974 47.656865 -9.410534
v -10.058795 47.394952 -8.437254
v -13.271110 47.170042 -6.888989
v -15.736007 46.997463 -4.871251
v -17.285505 46.888975 -2.521545
v -17.814010 46.851971 -0.000000
v -18.594346 50.532207 -0.000000
v -18.051273 50.534116 2.571092
v -16.459064 50.539713 4.966968
v -13.926224 50.548617 7.024354
v -10.625363 50.560221 8.603042
v -6.781429 50.573734 9.595446
v -2.656380 50.588235 9.933937
v 1.468669 50.602736 9.595446
v 5.312603 50.616249 8.603042
v 8.613464 50.627853 7.024354
v 11.146304 50.636757 4.966968
v 12.738513 50.642354 2.571092
v 13.281586 50.644263 0.000000
v 12.738513 50.642354 -2.571092
v 11.146304 50.636757 -4.966968
v 8.613464 50.627853 -7.024354
v 5.312603 50.616249 -8.603042
v 1.468669 50.602736 -9.595446
v -2.656380 50.588235 -9.933937
v -6.781429 50.573734 -9.595446
v -10.625363 50.560221 -8.603042
v -13.926224 50.548617 -7.024354
v -16.459064 50.539713 -4.966968
v -18.051273 50.534116 -2.571092
v -18.594346 50.532207 -0.000000
v -19.817679 54.382915 -0.000000
v -19.223022 54.352635 2.826862
v -17.479576 54.263859 5.461078
v -14.706153 54.122637 7.723131
v -11.091759 53.938592 9.458865
v -6.882707 53.724268 10.549993
v -2.365838 53.494269 10.922157
v 2.151030 53.264270 10.549993
v 6.360082 53.049946 9.458865
v 9.974476 52.865901 7.723131
v 12.747899 52.724679 5.461078
v 14.491345 52.635903 2.826862
v 15.086002 52.605623 0.000000
v 14.491345 52.635903 -2.826862
v 12.747899 52.724679 -5.461078
v 9.974476 52.865901 -7.723131
v 6.360082 53.049946 -9.458865
v 2.151030 53.264270 -10.549993
v -2.365838 53.494269 -10.922157
v -6.882707 53.724268 -10.549993
v -11.091759 53.938592 -9.458865
v -14.706153 54.122637 -7.723131
v -17.479576 54.263859 -5.461078
v -19.223022 54.352635 -2.826862
v -19.817679 54.382915 -0.000000
v -21.459992 58.263838 -0.000000
v -20.785331 58.211430 3.224578
v -18.807328 58.057777 6.229406
v -15.660778 57.813351 8.809711
v -11.560115 57.494808 10.789648
v -6.784791 57.123858 12.034289
v -1.660238 56.725779 12.458812
v 3.464316 56.327699 12.034289
v 8.239640 55.956749 10.789648
v 12.340303 55.638206 8.809711
v 15.486852 55.393780 6.229406
v 17.464856 55.240127 3.224578
v 18.139517 55.187719 0.000000
v 17.464856 55.240127 -3.224578
v 15.486852 55.393780 -6.229406
v 12.340303 55.638206 -8.809711
v 8.239640 55.956749 -10.789648
v 3.464316 56.327699 -12.034289
v -1.660238 56.725779 -12.458812
v -6.784791 57.123858 -12.034289
v -11.560115 57.494808 -10.789648
v -15.660778 57.813351 -8.809711
v -18.807328 58.057777 -6.229406
v -20.785331 58.211430 -3.224578
v -21.459992 58.263838 -0.000000
v -22.792923 61.852204 -0.000000
v -22.043144 61.784467 3.595512
v -19.844904 61.585875 6.945995
v -16.348010 61.269959 9.823120
v -11.790768 60.858249 12.030816
v -6.483747 60.378804 13.418632
v -0.788613 59.864295 13.891990
v 4.906522 59.349786 13.418632
v 10.213542 58.870341 12.030816
v 14.770784 58.458631 9.823120
v 18.267679 58.142715 6.945995
v 20.465919 57.944122 3.595512
v 21.215697 57.876386 0.000000
v 20.465919 57.944122 -3.595512
v 18.267679 58.142715 -6.945995
v 14.770784 58.458631 -9.823120
v 10.213542 58.870341 -12.030816
v 4.906522 59.349786 -13.418632
v -0.788613 59.864295 -13.891990
v -6.483747 60.378804 -13.418632
v -11.790768 60.858249 -12.030816
v -16.348010 61.269959 -9.823120
v -19.844904 61.585875 -6.945995
v -22.043144 61.784467 -3.595512
v -22.792923 61.852204 -0.000000
v -23.000000 64.830752 -0.000000
v -22.216294 64.751039 3.770935
v -19.918584 64.517332 7.284887
v -16.263456 64.145557 10.302386
v -11.500000 63.661051 12.617794
v -5.952838 63.096832 14.073321
v -0.000000 62.491349 14.569774
v 5.952838 61.885867 14.073321
v 11.500000 61.321648 12.617794
v 16.263456 60.837142 10.302386
v 19.918584 60.465367 7.284887
v 22.216294 60.231660 3.770935
v 23.000000 60.151946 0.000000
v 22.216294 60.231660 -3.770935
v 19.918584 60.465367 -7.284887
v 16.263456 60.837142 -10.302386
v 11.500000 61.321648 -12.617794
v 5.952838 61.885867 -14.073321
v 0.000000 62.491349 -14.569774
v -5.952838 63.096832 -14.073321
v -11.500000 63.661051 -12.617794
v -16.263456 64.145557 -10.302386
v -19.918584 64.517332 -7.284887
v -22.216294 64.751039 -3.770935
v -23.000000 64.830752 -0.000000
v -21.326460 67.316443 -0.000000
v -20.575028 67.221742 3.646398
v -18.371943 66.944095 7.044299
v -14.867340 66.502421 9.962144
v -10.300053 65.926820 12.201085
v -4.981334 65.256519 13.608542
v 0.726354 64.537197 14.088599
v 6.434042 63.817876 13.608542
v 11.752761 63.147574 12.201085
v 16.320048 62.571974 9.962144
v 19.824651 62.130300 7.044299
v 22.027736 61.852652 3.646398
v 22.779168 61.757952 0.000000
v 22.027736 61.852652 -3.646398
v 19.824651 62.130300 -7.044299
v 16.320048 62.571974 -9.962144
v 11.752761 63.147574 -12.201085
v 6.434042 63.817876 -13.608542
v 0.726354 64.537197 -14.088599
v -4.981334 65.256519 -13.608542
v -10.300053 65.926820 -12.201085
v -14.867340 66.502421 -9.962144
v -18.371943 66.944095 -7.044299
v -20.575028 67.221742 -3.646398
v -21.326460 67.316443 -0.000000
v -18.427800 69.262280 -0.000000
v -17.748974 69.158313 3.331707
v -15.758756 68.853496 6.436363
v -12.592777 68.368602 9.102392
v -8.466793 67.736676 11.148108
v -3.661983 67.000783 12.434099
v 1.494214 66.211073 12.872726
v 6.650410 65.421362 12.434099
v 11.455221 64.685469 11.148108
v 15.581205 64.053543 9.102392
v 18.747184 63.568650 6.436363
v 20.737401 63.263833 3.331707
v 21.416227 63.159865 0.000000
v 20.737401 63.263833 -3.331707
v 18.747184 63.568650 -6.436363
v 15.581205 64.053543 -9.102392
v 11.455221 64.685469 -11.148108
v 6.650410 65.421362 -12.434099
v 1.494214 66.211073 -12.872726
v -3.661983 67.000783 -12.434099
v -8.466793 67.736676 -11.148108
v -12.592777 68.368602 -9.102392
v -15.758756 68.853496 -6.436363
v -17.748974 69.158313 -3.331707
v -18.427800 69.262280 -0.000000
v -15.552275 70.409710 -0.000000
v -14.948094 70.311006 2.979521
v -13.176726 70.021621 5.755992
v -10.358887 69.561276 8.140202
v -6.686607 68.961343 9.969671
v -2.410146 68.262706 11.119723
v 2.179062 67.512976 11.511984
v 6.768269 66.763246 11.119723
v 11.044730 66.064609 9.969671
v 14.717010 65.464675 8.140202
v 17.534850 65.004330 5.755992
v 19.306218 64.714945 2.979521
v 19.910399 64.616241 0.000000
v 19.306218 64.714945 -2.979521
v 17.534850 65.004330 -5.755992
v 14.717010 65.464675 -8.140202
v 11.044730 66.064609 -9.969671
v 6.768269 66.763246 -11.119723
v 2.179062 67.512976 -11.511984
v -2.410146 68.262706 -11.119723
v -6.686607 68.961343 -9.969671
v -10.358887 69.561276 -8.140202
v -13.176726 70.021621 -5.755992
v -14.948094 70.311006 -2.979521
v -15.552275 70.409710 -0.000000
v -13.682598 71.074042 -0.000000
v -13.125861 70.984388 2.742498
v -11.493590 70.721536 5.298100
v -8.897022 70.303400 7.492644
v -5.513109 69.758474 9.176578
v -1.572459 69.123894 10.235143
v 2.656380 68.442907 10.596199
v 6.885219 67.761919 10.235143
v 10.825869 67.127339 9.176578
v 14.209782 66.582413 7.492644
v 16.806350 66.164277 5.298100
v 18.438621 65.901425 2.742498
v 18.995358 65.811772 0.000000
v 18.438621 65.901425 -2.742498
v 16.806350 66.164277 -5.298100
v 14.209782 66.582413 -7.492644
v 10.825869 67.127339 -9.176578
v 6.885219 67.761919 -10.235143
v 2.656380 68.442907 -10.596199
v -1.572459 69.123894 -10.235143
v -5.513109 69.758474 -9.176578
v -8.897022 70.303400 -7.492644
v -11.493590 70.721536 -5.298100
v -13.125861 70.984388 -2.742498
v -13.682598 71.074042 -0.000000
v 0.000000 41.660900 -0.000000
v 2.656380 68.442907 -0.000000
vt 0.0078125 0.9921875
vt 0.0078125 0.9667969
vt 0.0078125 0.9414062
vt 0.0078125 0.9160156
vt 0.0078125 0.8906250
vt 0.0078125 0.8652344
vt 0.0078125 0.8398438
vt 0.0078125 0.8144531
vt 0.0078125 0.7890625
vt 0.0078125 0.7636719
vt 0.0078125 0.7382812
vt 0.0078125 0.7128906
vt 0.0078125 0.6875000
vt 0.0078125 0.6621094
vt 0.0078125 0.6367188
vt 0.0078125 0.6113281
vt 0.0078125 0.5859375
vt 0.0078125 0.5605469
vt 0.0078125 0.5351562
vt 0.0078125 0.5097656
vt 0.0078125 0.4843750
vt 0.0078125 0.4589844
vt 0.0078125 0.4335938
vt 0.0078125 0.4082031
vt 0.0078125 0.3828125
vt 0.0898438 0.9921875
vt 0.0898438 0.9667969
vt 0.0898438 0.9414062
vt 0.0898438 0.9160156
vt 0.0898438 0.8906250
vt 0.0898438 0.8652344
vt 0.0898438 0.8398438
vt 0.0898438 0.8144531
vt 0.0898438 0.7890625
vt 0.0898438 0.7636719
vt 0.0898438 0.7382812
vt 0.0898438 0.7128906
vt 0.0898438 0.6875000
vt 0.0898438 0.6621094
vt 0.0898438 0.6367188
vt 0.0898438 0.6113281
vt 0.0898438 0.5859375
vt 0.0898438 0.5605469
vt 0.0898438 0.5351562
vt 0.0898438 0.5097656
vt 0.0898438 0.4843750
vt 0.0898438 0.4589844
vt 0.0898438 0.4335938
vt 0.0898438 0.4082031
vt 0.0898438 0.3828125
vt 0.1718750 0.9921875
vt 0.1718750 0.9667969
vt 0.1718750 0.9414062
vt 0.1718750 0.9160156
vt 0.1718750 0.8906250
vt 0.1718750 0.8652344
vt 0.1718750 0.8398438
vt 0.1718750 0.8144531
vt 0.1718750 0.7890625
vt 0.1718750 0.7636719
vt 0.1718750 0.7382812
vt 0.1718750 0.7128906
vt 0.1718750 0.6875000
vt 0.1718750 0.6621094
vt 0.1718750 0.6367188
vt 0.1718750 0.6113281
vt 0.1718750 0.5859375
vt 0.1718750 0.5605469
vt 0.1718750 0.5351562
vt 0.1718750 0.5097656
vt 0.1718750 0.4843750
vt 0.1718750 0.4589844
vt 0.1718750 0.4335938
vt 0.1718750 0.4082031
vt 0.1718750 0.3828125
vt 0.2539062 0.9921875
vt 0.2539062 0.9667969
vt 0.2539062 0.9414062
vt 0.2539062 0.9160156
vt 0.2539062 0.8906250
vt 0.2539062 0.8652344
vt 0.2539062 0.8398438
vt 0.2539062 0.8144531
vt 0.2539062 0.7890625
vt 0.2539062 0.7636719
vt 0.2539062 0.7382812
vt 0.2539062 0.7128906
vt 0.2539062 0.6875000
vt 0.2539062 0.6621094
vt 0.2539062 0.6367188
vt 0.2539062 0.6113281
vt 0.2539062 0.5859375
vt 0.2539062 0.5605469
vt 0.2539062 0.5351562
vt 0.2539062 0.5097656
vt 0.2539062 0.4843750
vt 0.2539062 0.4589844
vt 0.2539062 0.4335938
vt 0.2539062 0.4082031
vt 0.2539062 0.3828125
vt 0.3359375 0.9921875
vt 0.3359375 0.9667969
vt 0.3359375 0.9414062
vt 0.3359375 0.9160156
vt 0.3359375 0.8906250
vt 0.3359375 0.8652344
vt 0.3359375 0.8398438
vt 0.3359375 0.8144531
vt 0.3359375 0.7890625
vt 0.3359375 0.7636719
vt 0.3359375 0.7382812
vt 0.3359375 0.7128906
vt 0.3359375 0.6875000
vt 0.3359375 0.6621094
vt 0.3359375 0.6367188
vt 0.3359375 0.6113281
vt 0.3359375 0.5859375
vt 0.3359375 0.5605469
vt 0.3359375 0.5351562
vt 0.3359375 0.5097656
vt 0.3359375 0.4843750
vt 0.3359375 0.4589844
vt 0.3359375 0.4335938
vt 0.3359375 0.4082031
vt 0.3359375 0.3828125
vt 0.4179688 0.9921875
vt 0.4179688 0.9667969
vt 0.4179688 0.9414062
vt 0.4179688 0.9160156
vt 0.4179688 0.8906250
vt 0.4179688 0.8652344
vt 0.4179688 0.8398438
vt 0.4179688 0.8144531
vt 0.4179688 0.7890625
vt 0.4179688 0.7636719
vt 0.4179688 0.7382812
vt 0.4179688 0.7128906
vt 0.4179688 0.6875000
vt 0.4179688 0.6621094
vt 0.4179688 0.6367188
vt 0.4179688 0.6113281
vt 0.4179688 0.5859375
vt 0.4179688 0.5605469
vt 0.4179688 0.5351562
vt 0.4179688 0.5097656
vt 0.4179688 0.4843750
vt 0.4179688 0.4589844
vt 0.4179688 0.4335938
vt 0.4179688 0.4082031
vt 0.4179688 0.3828125
vt 0.5000000 0.9921875
vt 0.5000000 0.9667969
vt 0.5000000 0.9414062
vt 0.5000000 0.9160156
vt 0.5000000 0.8906250
vt 0.5000000 0.8652344
vt 0.5000000 0.8398438
vt 0.5000000 0.8144531
vt 0.5000000 0.7890625
vt 0.5000000 0.7636719
vt 0.5000000 0.7382812
vt 0.5000000 0.7128906
vt 0.5000000 0.6875000
vt 0.5000000 0.6621094
vt 0.5000000 0.6367188
vt 0.5000000 0.6113281
vt 0.5000000 0.5859375
vt 0.5000000 0.5605469
vt 0.5000000 0.5351562
vt 0.5000000 0.5097656
vt 0.5000000 0.4843750
vt 0.5000000 0.4589844
vt 0.5000000 0.4335938
vt 0.5000000 0.4082031
vt 0.5000000 0.3828125
vt 0.5820312 0.9921875
vt 0.5820312 0.9667969
vt 0.5820312 0.9414062
vt 0.5820312 0.9160156
vt 0.5820312 0.8906250
vt 0.5820312 0.8652344
vt 0.5820312 0.8398438
vt 0.5820312 0.8144531
vt 0.5820312 0.7890625
vt 0.5820312 0.7636719
vt 0.5820312 0.7382812
vt 0.5820312 0.7128906
vt 0.5820312 0.6875000
vt 0.5820312 0.6621094
vt 0.5820312 0.6367188
vt 0.5820312 0.6113281
vt 0.5820312 0.5859375
vt 0.5820312 0.5605469
vt 0.5820312 0.5351562
vt 0.5820312 0.5097656
vt 0.5820312 0.4843750
vt 0.5820312 0.4589844
vt 0.5820312 0.4335938
vt 0.5820312 0.4082031
vt 0.5820312 0.3828125
vt 0.6640625 0.9921875
vt 0.6640625 0.9667969
vt 0.6640625 0.9414062
vt 0.6640625 0.9160156
vt 0.6640625 0.8906250
vt 0.6640625 0.8652344
vt 0.6640625 0.8398438
vt 0.6640625 0.8144531
vt 0.6640625 0.7890625
vt 0.6640625 0.7636719
vt 0.6640625 0.7382812
vt 0.6640625 0.7128906
vt 0.6640625 0.6875000
vt 0.6640625 0.6621094
vt 0.6640625 0.6367188
vt 0.6640625 0.6113281
vt 0.6640625 0.5859375
vt 0.6640625 0.5605469
vt 0.6640625 0.5351562
vt 0.6640625 0.5097656
vt 0.6640625 0.4843750
vt 0.6640625 0.4589844
vt 0.6640625 0.4335938
vt 0.6640625 0.4082031
vt 0.6640625 0.3828125
vt 0.7460938 0.9921875
vt 0.7460938 0.9667969
vt 0.7460938 0.9414062
vt 0.7460938 0.9160156
vt 0.7460938 0.8906250
vt 0.7460938 0.8652344
vt 0.7460938 0.8398438
vt 0.7460938 0.8144531
vt 0.7460938 0.7890625
vt 0.7460938 0.7636719
vt 0.7460938 0.7382812
vt 0.7460938 0.7128906
vt 0.7460938 0.6875000
vt 0.7460938 0.6621094
vt 0.7460938 0.6367188
vt 0.7460938 0.6113281
vt 0.7460938 0.5859375
vt 0.7460938 0.5605469
vt 0.7460938 0.5351562
vt 0.7460938 0.5097656
vt 0.7460938 0.4843750
vt 0.7460938 0.4589844
vt 0.7460938 0.4335938
vt 0.7460938 0.4082031
vt 0.7460938 0.3828125
vt 0.8281250 0.9921875
vt 0.8281250 0.9667969
vt 0.8281250 0.9414062
vt 0.8281250 0.9160156
vt 0.8281250 0.8906250
vt 0.8281250 0.8652344
vt 0.8281250 0.8398438
vt 0.8281250 0.8144531
vt 0.8281250 0.7890625
vt 0.8281250 0.7636719
vt 0.8281250 0.7382812
vt 0.8281250 0.7128906
vt 0.8281250 0.6875000
vt 0.8281250 0.6621094
vt 0.8281250 0.6367188
vt 0.8281250 0.6113281
vt 0.8281250 0.5859375
vt 0.8281250 0.5605469
vt 0.8281250 0.5351562
vt 0.8281250 0.5097656
vt 0.8281250 0.4843750
vt 0.8281250 0.4589844
vt 0.8281250 0.4335938
vt 0.8281250 0.4082031
vt 0.8281250 0.3828125
vt 0.9101562 0.9921875
vt 0.9101562 0.9667969
vt 0.9101562 0.9414062
vt 0.9101562 0.9160156
vt 0.9101562 0.8906250
vt 0.9101562 0.8652344
vt 0.9101562 0.8398438
vt 0.9101562 0.8144531
vt 0.9101562 0.7890625
vt 0.9101562 0.7636719
vt 0.9101562 0.7382812
vt 0.9101562 0.7128906
vt 0.9101562 0.6875000
vt 0.9101562 0.6621094
vt 0.9101562 0.6367188
vt 0.9101562 0.6113281
vt 0.9101562 0.5859375
vt 0.9101562 0.5605469
vt 0.9101562 0.5351562
vt 0.9101562 0.5097656
vt 0.9101562 0.4843750
vt 0.9101562 0.4589844
vt 0.9101562 0.4335938
vt 0.9101562 0.4082031
vt 0.9101562 0.3828125
vt 0.9921875 0.9921875
vt 0.9921875 0.9667969
vt 0.9921875 0.9414062
vt 0.9921875 0.9160156
vt 0.9921875 0.8906250
vt 0.9921875 0.8652344
vt 0.9921875 0.8398438
vt 0.9921875 0.8144531
vt 0.9921875 0.7890625
vt 0.9921875 0.7636719
vt 0.9921875 0.7382812
vt 0.9921875 0.7128906
vt 0.9921875 0.6875000
vt 0.9921875 0.6621094
vt 0.9921875 0.6367188
vt 0.9921875 0.6113281
vt 0.9921875 0.5859375
vt 0.9921875 0.5605469
vt 0.9921875 0.5351562
vt 0.9921875 0.5097656
vt 0.9921875 0.4843750
vt 0.9921875 0.4589844
vt 0.9921875 0.4335938
vt 0.9921875 0.4082031
vt 0.9921875 0.3828125
vt 0.0078125 0.6875000
vt 0.9921875 0.6875000
vn -0.0143656 -0.9998535 0.0093033
vn -0.0086522 -0.9978580 0.0648429
vn 0.0054333 -0.9931792 0.1164710
vn 0.0271536 -0.9865751 0.1610349
vn 0.0553782 -0.9790858 0.1957659
vn 0.0886307 -0.9718329 0.2183699
vn 0.1251098 -0.9658068 0.2270788
vn 0.1626804 -0.9616742 0.2207213
vn 0.1988600 -0.9596370 0.1988756
vn 0.2308681 -0.9593811 0.1621353
vn 0.2558246 -0.9601632 0.1124293
vn 0.2711477 -0.9610650 0.0532262
vn 0.2750867 -0.9613608 -0.0106156
vn 0.2671765 -0.9608426 -0.0734727
vn 0.2483700 -0.9599161 -0.1298975
vn 0.2207682 -0.9594098 -0.1754826
vn 0.1871061 -0.9602142 -0.2073160
vn 0.1502508 -0.9629429 -0.2239771
vn 0.1128752 -0.9677377 -0.2252619
vn 0.0773247 -0.9742351 -0.2118651
vn 0.0456016 -0.9816513 -0.1851520
vn 0.0193873 -0.9889403 -0.1470414
vn 0.0000449 -0.9949920 -0.0999548
vn -0.0114109 -0.9988407 -0.0467652
vn -0.0143656 -0.9998535 0.0093033
vn -0.9895547 -0.1434806 0.0139586
vn -0.9078629 -0.1224969 0.4009731
vn -0.7287855 -0.0751691 0.6806036
vn -0.5301988 -0.0188163 0.8476646
vn -0.3446012 0.0391196 0.9379337
vn -0.1751318 0.0979613 0.9796593
vn -0.0158708 0.1594847 0.9870728
vn 0.1404865 0.2261816 0.9639012
vn 0.3002087 0.3004638 0.9053155
vn 0.4660412 0.3832234 0.7974619
vn 0.6307998 0.4699002 0.6174832
vn 0.7656603 0.5432636 0.3444256
vn 0.8196487 0.5728434 -0.0051424
vn 0.7630522 0.5409244 -0.3537684
vn 0.6264807 0.4660065 -0.6247879
vn 0.4607900 0.3785534 -0.8027266
vn 0.2943282 0.2954655 -0.9088845
vn 0.1339519 0.2210588 -0.9660175
vn -0.0232707 0.1543122 -0.9877481
vn -0.1837331 0.0927520 -0.9785904
vn -0.3547974 0.0338751 -0.9343293
vn -0.5421682 -0.0240130 -0.8399268
vn -0.7415354 -0.0799125 -0.6661376
vn -0.9173241 -0.1256462 -0.3777956
vn -0.9895547 -0.1434806 0.0139586
vn -0.9848008 -0.1735209 0.0076123
vn -0.9054445 -0.1535381 0.3957226
vn -0.7276476 -0.1066896 0.6776033
vn -0.5293603 -0.0510032 0.8468626
vn -0.3435771 0.0058028 0.9391065
vn -0.1736409 0.0631578 0.9827817
vn -0.0136184 0.1230462 0.9923075
vn 0.1439433 0.1881548 0.9715339
vn 0.3056086 0.2610663 0.9156679
vn 0.4746218 0.3428805 0.8106584
vn 0.6443914 0.4293956 0.6327552
vn 0.7858073 0.5037578 0.3587966
vn 0.8448316 0.5350220 0.0033141
vn 0.7879144 0.5041576 -0.3535761
vn 0.6468132 0.4295940 -0.6301442
vn 0.4760555 0.3426471 -0.8099161
vn 0.3057173 0.2605849 -0.9157688
vn 0.1427852 0.1876638 -0.9717997
vn -0.0159621 0.1226716 -0.9923189
vn -0.1771863 0.0628959 -0.9821655
vn -0.3484299 0.0055494 -0.9373184
vn -0.5355538 -0.0514013 -0.8429354
vn -0.7345725 -0.1073106 -0.6699908
vn -0.9107147 -0.1541295 -0.3832007
vn -0.9848008 -0.1735209 0.0076123
vn -0.9798585 -0.1996492 0.0041785
vn -0.9011487 -0.1848426 0.3921279
vn -0.7231600 -0.1490520 0.6744058
vn -0.5243577 -0.1081771 0.8445986
vn -0.3377823 -0.0689367 0.9386964
vn -0.1664539 -0.0318145 0.9855359
vn -0.0038528 0.0047937 0.9999811
vn 0.1585160 0.0430219 0.9864187
vn 0.3291356 0.0850694 0.9404430
vn 0.5145300 0.1325977 0.8471580
vn 0.7118620 0.1845953 0.6776260
vn 0.8887339 0.2318505 0.3954712
vn 0.9674628 0.2529335 0.0063608
vn 0.8928612 0.2329668 -0.3853897
vn 0.7166059 0.1863852 -0.6721134
vn 0.5178564 0.1350141 -0.8447461
vn 0.3308043 0.0882752 -0.9395616
vn 0.1588130 0.0470665 -0.9861862
vn -0.0046673 0.0095554 -0.9999435
vn -0.1682579 -0.0265939 -0.9853842
vn -0.3405674 -0.0636310 -0.9380644
vn -0.5281061 -0.1032890 -0.8428733
vn -0.7274657 -0.1452208 -0.6706002
vn -0.9044719 -0.1827292 -0.3854096
vn -0.9798585 -0.1996492 0.0041785
vn -0.9659502 -0.2586869 0.0046131
vn -0.8886455 -0.2497049 0.3846513
vn -0.7136550 -0.2293297 0.6618946
vn -0.5174048 -0.2112130 0.8292656
vn -0.3326305 -0.2014931 0.9212804
vn -0.1626949 -0.2016947 0.9658414
vn -0.0015545 -0.2125210 0.9771553
vn 0.1585544 -0.2352430 0.9589167
vn 0.3246647 -0.2717204 0.9059585
vn 0.5003566 -0.3230881 0.8032791
vn 0.6782779 -0.3857361 0.6254173
vn 0.8257907 -0.4437900 0.3480233
vn 0.8836394 -0.4680279 -0.0114552
vn 0.8185991 -0.4415917 -0.3672768
vn 0.6685010 -0.3825924 -0.6377535
vn 0.4912795 -0.3195557 -0.8102646
vn 0.3170722 -0.2676403 -0.9098538
vn 0.1521651 -0.2304231 -0.9611196
vn -0.0072237 -0.2069805 -0.9783184
vn -0.1680811 -0.1956550 -0.9661614
vn -0.3380791 -0.1953411 -0.9206217
vn -0.5230874 -0.2055032 -0.8271324
vn -0.7192316 -0.2247983 -0.6573976
vn -0.8925866 -0.2471645 -0.3770925
vn -0.9659502 -0.2586869 0.0046131
vn -0.9367221 -0.3500167 0.0063239
vn -0.8644245 -0.3422860 0.3682534
vn -0.6993227 -0.3281760 0.6350184
vn -0.5115652 -0.3209635 0.7970467
vn -0.3333618 -0.3264868 0.8844638
vn -0.1696568 -0.3459714 0.9227786
vn -0.0163470 -0.3797179 0.9249579
vn 0.1318559 -0.4281703 0.8940270
vn 0.2783794 -0.4913024 0.8253041
vn 0.4220772 -0.5665117 0.7077537
vn 0.5530379 -0.6448065 0.5276112
vn 0.6490987 -0.7074186 0.2796958
vn 0.6824364 -0.7308009 -0.0145142
vn 0.6409868 -0.7043166 -0.3050804
vn 0.5406575 -0.6407556 -0.5450888
vn 0.4092255 -0.5632805 -0.7178089
vn 0.2668418 -0.4892744 -0.8303048
vn 0.1219183 -0.4269797 -0.8960046
vn -0.0250190 -0.3789153 -0.9250931
vn -0.1775378 -0.3452848 -0.9215524
vn -0.3408689 -0.3258482 -0.8818341
vn -0.5188975 -0.3204537 -0.7924991
vn -0.7060827 -0.3279177 -0.6276282
vn -0.8689733 -0.3422606 -0.3574116
vn -0.9367221 -0.3500167 0.0063239
vn -0.9291064 -0.3697856 0.0044728
vn -0.8599391 -0.3631300 0.3586661
vn -0.6997714 -0.3518580 0.6217040
vn -0.5160316 -0.3481609 0.7826209
vn -0.3408619 -0.3572286 0.8695981
vn -0.1798996 -0.3798046 0.9074054
vn -0.0296057 -0.4156984 0.9090205
vn 0.1149708 -0.4648671 0.8778840
vn 0.2571966 -0.5269523 0.8100439
vn 0.3963322 -0.5994807 0.6953730
vn 0.5235487 -0.6744028 0.5206512
vn 0.6181121 -0.7345687 0.2799041
vn 0.6526869 -0.7575899 -0.0075708
vn 0.6141639 -0.7326369 -0.2933359
vn 0.5173415 -0.6716772 -0.5302900
vn 0.3895887 -0.5970206 -0.7012753
vn 0.2508051 -0.5251737 -0.8131970
vn 0.1091551 -0.4637514 -0.8792155
vn -0.0349354 -0.4150865 -0.9091109
vn -0.1849359 -0.3795481 -0.9064998
vn -0.3457925 -0.3572348 -0.8676467
vn -0.5209236 -0.3483812 -0.7792748
vn -0.7043049 -0.3522265 -0.6163531
vn -0.8629833 -0.3634547 -0.3509423
vn -0.9291064 -0.3697856 0.0044728
vn -0.9743143 -0.2251921 -0.0004672
vn -0.9001685 -0.2251176 0.3728521
vn -0.7281163 -0.2282643 0.6463297
vn -0.5340480 -0.2396713 0.8107715
vn -0.3516988 -0.2610164 0.8989874
vn -0.1855131 -0.2923989 0.9381299
vn -0.0305733 -0.3340480 0.9420601
vn 0.1193382 -0.3866790 0.9144604
vn 0.2689710 -0.4509761 0.8510435
vn 0.4191115 -0.5259172 0.7401058
vn 0.5616265 -0.6049807 0.5644236
vn 0.6727346 -0.6708883 0.3119887
vn 0.7164546 -0.6976334 0.0006660
vn 0.6731575 -0.6709973 -0.3108403
vn 0.5622785 -0.6050784 -0.5636692
vn 0.4198085 -0.5258980 -0.7397243
vn 0.2696255 -0.4508018 -0.8509288
vn 0.1199293 -0.3863550 -0.9145200
vn -0.0300382 -0.3335985 -0.9422366
vn -0.1850182 -0.2918568 -0.9383964
vn -0.3512290 -0.2604232 -0.8993431
vn -0.5335975 -0.2390826 -0.8112418
vn -0.7277104 -0.2277615 -0.6469639
vn -0.8998997 -0.2248139 -0.3736833
vn -0.9743143 -0.2251921 -0.0004672
vn -0.9656441 0.2598485 -0.0031807
vn -0.8921112 0.2375189 0.3843467
vn -0.7194594 0.1853740 0.6693390
vn -0.5238248 0.1255061 0.8425294
vn -0.3388801 0.0677119 0.9383898
vn -0.1685895 0.0131186 0.9855990
vn -0.0070836 -0.0401132 0.9991700
vn 0.1535716 -0.0945549 0.9836031
vn 0.3211114 -0.1528300 0.9346285
vn 0.5008935 -0.2168144 0.8379124
vn 0.6888035 -0.2849311 0.6666064
vn 0.8539230 -0.3455167 0.3891450
vn 0.9278640 -0.3726727 0.0135408
vn 0.8627319 -0.3482592 -0.3666187
vn 0.7007010 -0.2883407 -0.6525931
vn 0.5119235 -0.2195052 -0.8305130
vn 0.3302544 -0.1545067 -0.9311604
vn 0.1610163 -0.0953595 -0.9823341
vn -0.0008990 -0.0402757 -0.9991882
vn -0.1632652 0.0133770 -0.9864915
vn -0.3341182 0.0681879 -0.9400614
vn -0.5194773 0.1260072 -0.8451423
vn -0.7156860 0.1857336 -0.6732730
vn -0.8896710 0.2376679 -0.3898711
vn -0.9656441 0.2598485 -0.0031807
vn -0.6982037 0.7158681 -0.0066664
vn -0.6561292 0.6903905 0.3047219
vn -0.5453387 0.6267302 0.5566103
vn -0.4027024 0.5520084 0.7301490
vn -0.2525999 0.4844269 0.8375702
vn -0.1034070 0.4312675 0.8962786
vn 0.0452918 0.3944992 0.9177794
vn 0.1972999 0.3746160 0.9059446
vn 0.3567481 0.3719461 0.8569638
vn 0.5247352 0.3861248 0.7586571
vn 0.6925050 0.4136027 0.5910750
vn 0.8305625 0.4434573 0.3369146
vn 0.8891564 0.4574538 0.0117013
vn 0.8378575 0.4446194 -0.3167151
vn 0.7031530 0.4149468 -0.5774037
vn 0.5354575 0.3870027 -0.7506758
vn 0.3663805 0.3722912 -0.8527395
vn 0.2058413 0.3745447 -0.9040717
vn 0.0530920 0.3940698 -0.9175458
vn -0.0959830 0.4304340 -0.8975042
vn -0.2453116 0.4830860 -0.8405059
vn -0.3955988 0.5501257 -0.7354341
vn -0.5390672 0.6245871 -0.5650641
vn -0.6521855 0.6888249 -0.3165033
vn -0.6982037 0.7158681 -0.0066664
vn -0.4745555 0.8801509 -0.0114642
vn -0.4508276 0.8627939 0.2287820
vn -0.3803664 0.8154063 0.4363874
vn -0.2796677 0.7549564 0.5931500
vn -0.1635208 0.6968645 0.6983129
vn -0.0402783 0.6504762 0.7584579
vn 0.0869013 0.6203101 0.7795278
vn 0.2172229 0.6081904 0.7634911
vn 0.3494598 0.6141245 0.7076220
vn 0.4789511 0.6356414 0.6054468
vn 0.5944518 0.6661107 0.4504704
vn 0.6772959 0.6940020 0.2441956
vn 0.7076611 0.7065342 0.0050200
vn 0.6772597 0.6977613 -0.2333418
vn 0.5957455 0.6730929 -0.4382160
vn 0.4827506 0.6445988 -0.5928273
vn 0.3559632 0.6234187 -0.6961604
vn 0.2260080 0.6163496 -0.7543431
vn 0.0974262 0.6263111 -0.7734614
vn -0.0285005 0.6537526 -0.7561714
vn -0.1510397 0.6972826 -0.7007025
vn -0.2674053 0.7529350 -0.6013180
vn -0.3699772 0.8121634 -0.4511180
vn -0.4446578 0.8603070 -0.2493016
vn -0.4745555 0.8801509 -0.0114642
vn -0.3569858 0.9340373 -0.0116363
vn -0.3406325 0.9208133 0.1899272
vn -0.2893698 0.8824024 0.3709867
vn -0.2117385 0.8293420 0.5170674
vn -0.1167322 0.7729338 0.6236561
vn -0.0105895 0.7216040 0.6922250
vn 0.1036312 0.6804946 0.7253879
vn 0.2249346 0.6524620 0.7236696
vn 0.3525525 0.6389123 0.6837381
vn 0.4831159 0.6397101 0.5978043
vn 0.6062256 0.6518185 0.4556568
vn 0.7002822 0.6674442 0.2532254
vn 0.7372659 0.6755576 0.0078033
vn 0.7029854 0.6701668 -0.2380923
vn 0.6113749 0.6565160 -0.4418229
vn 0.4903206 0.6452720 -0.5858411
vn 0.3614326 0.6442420 -0.6740317
vn 0.2351832 0.6566507 -0.7165883
vn 0.1149831 0.6828708 -0.7214336
vn 0.0015400 0.7217765 -0.6921245
vn -0.1043727 0.7708997 -0.6283470
vn -0.2001167 0.8256685 -0.5274702
vn -0.2799876 0.8783571 -0.3874218
vn -0.3352847 0.9181234 -0.2112668
vn -0.3569858 0.9340373 -0.0116363
vn 0.0832103 0.9965166 -0.0055446
vn 0.0847835 0.9960718 0.0255468
vn 0.0910521 0.9943175 0.0551562
vn 0.1017339 0.9914629 0.0815569
vn 0.1163311 0.9878427 0.1031204
vn 0.1341193 0.9838689 0.1183812
vn 0.1541365 0.9799672 0.1261197
vn 0.1751842 0.9765082 0.1254684
vn 0.1958517 0.9737437 0.1160399
vn 0.2145835 0.9717701 0.0980650
vn 0.2298047 0.9705320 0.0725076
vn 0.2401067 0.9698758 0.0411064
vn 0.2444627 0.9696383 0.0062860
vn 0.2424166 0.9697361 -0.0290876
vn 0.2341751 0.9702109 -0.0620705
vn 0.2205674 0.9712081 -0.0900272
vn 0.2028873 0.9728983 -0.1109310
vn 0.1826794 0.9753829 -0.1235167
vn 0.1615362 0.9786236 -0.1272864
vn 0.1409461 0.9824195 -0.1224177
vn 0.1222027 0.9864318 -0.1096299
vn 0.1063636 0.9902414 -0.0900484
vn 0.0942406 0.9934196 -0.0650859
vn 0.0864071 0.9955967 -0.0363456
vn 0.0832103 0.9965166 -0.0055446
vn 0.1221352 -0.9925135 -0.0000000
vn 0.1589860 0.9872808 0.0000000
s 1
f 974/974/974 975/975/975 1000/1000/1000
f 974/974/974 1000/1000/1000 999/999/999
f 975/975/975 976/976/976 1001/1001/1001
f 975/975/975 1001/1001/1001 1000/1000/1000
f 976/976/976 977/977/977 1002/1002/1002
f 976/976/976 1002/1002/1002 1001/1001/1001
f 977/977/977 978/978/978 1003/1003/1003
f 977/977/977 1003/1003/1003 1002/1002/1002
f 978/978/978 979/979/979 1004/1004/1004
f 978/978/978 1004/1004/1004 1003/1003/1003
f 979/979/979 980/980/980 1005/1005/1005
f 979/979/979 1005/1005/1005 1004/1004/1004
f 980/980/980 981/981/981 1006/1006/1006
f 980/980/980 1006/1006/1006 1005/1005/1005
f 981/981/981 982/982/982 1007/1007/1007
f 981/981/981 1007/1007/1007 1006/1006/1006
f 982/982/982 983/983/983 1008/1008/1008
f 982/982/982 1008/1008/1008 1007/1007/1007
f 983/983/983 984/984/984 1009/1009/1009
f 983/983/983 1009/1009/1009 1008/1008/1008
f 984/984/984 985/985/985 1010/1010/1010
f 984/984/984 1010/1010/1010 1009/1009/1009
f 985/985/985 986/986/986 1011/1011/1011
f 985/985/985 1011/1011/1011 1010/1010/1010
f 986/986/986 987/987/987 1012/1012/1012
f 986/986/986 1012/1012/1012 1011/1011/1011
f 987/987/987 988/988/988 1013/1013/1013
f 987/987/987 1013/1013/1013 1012/1012/1012
f 988/988/988 989/989/989 1014/1014/1014
f 988/988/988 1014/1014/1014 1013/1013/1013
f 989/989/989 990/990/990 1015/1015/1015
f 989/989/989 1015/1015/1015 1014/1014/1014
f 990/990/990 991/991/991 1016/1016/1016
f 990/990/990 1016/1016/1016 1015/1015/1015
f 991/991/991 992/992/992 1017/1017/1017
f 991/991/991 1017/1017/1017 1016/1016/1016
f 992/992/992 993/993/993 1018/1018/1018
f 992/992/992 1018/1018/1018 1017/1017/1017
f 993/993/993 994/994/994 1019/1019/1019
f 993/993/993 1019/1019/1019 1018/1018/1018
f 994/994/994 995/995/995 1020/1020/1020
f 994/994/994 1020/1020/1020 1019/1019/1019
f 995/995/995 996/996/996 1021/1021/1021
f 995/995/995 1021/1021/1021 1020/1020/1020
f 996/996/996 997/997/997 1022/1022/1022
f 996/996/996 1022/1022/1022 1021/1021/1021
f 997/997/997 998/998/998 1023/1023/1023
f 997/997/997 1023/1023/1023 1022/1022/1022
f 999/999/999 1000/1000/1000 1025/1025/1025
f 999/999/999 1025/1025/1025 1024/1024/1024
f 1000/1000/1000 1001/1001/1001 1026/1026/1026
f 1000/1000/1000 1026/1026/1026 1025/1025/1025
f 1001/1001/1001 1002/1002/1002 1027/1027/1027
f 1001/1001/1001 1027/1027/1027 1026/1026/1026
f 1002/1002/1002 1003/1003/1003 1028/1028/1028
f 1002/1002/1002 1028/1028/1028 1027/1027/1027
f 1003/1003/1003 1004/1004/1004 1029/1029/1029
f 1003/1003/1003 1029/1029/1029 1028/1028/1028
f 1004/1004/1004 1005/1005/1005 1030/1030/1030
f 1004/1004/1004 1030/1030/1030 1029/1029/1029
f 1005/1005/1005 1006/1006/1006 1031/1031/1031
f 1005/1005/1005 1031/1031/1031 1030/1030/1030
f 1006/1006/1006 1007/1007/1007 1032/1032/1032
f 1006/1006/1006 1032/1032/1032 1031/1031/1031
f 1007/1007/1007 1008/1008/1008 1033/1033/1033
f 1007/1007/1007 1033/1033/1033 1032/1032/1032
f 1008/1008/1008 1009/1009/1009 1034/1034/1034
f 1008/1008/1008 1034/1034/1034 1033/1033/1033
f 1009/1009/1009 1010/1010/1010 1035/1035/1035
f 1009/1009/1009 1035/1035/1035 1034/1034/1034
f 1010/1010/1010 1011/1011/1011 1036/1036/1036
f 1010/1010/1010 1036/1036/1036 1035/1035/1035
f 1011/1011/1011 1012/1012/1012 1037/1037/1037
f 1011/1011/1011 1037/1037/1037 1036/1036/1036
f 1012/1012/1012 1013/1013/1013 1038/1038/1038
f 1012/1012/1012 1038/1038/1038 1037/1037/1037
f 1013/1013/1013 1014/1014/1014 1039/1039/1039
f 1013/1013/1013 1039/1039/1039 1038/1038/1038
f 1014/1014/1014 1015/1015/1015 1040/1040/1040
f 1014/1014/1014 1040/1040/1040 1039/1039/1039
f 1015/1015/1015 1016/1016/1016 1041/1041/1041
f 1015/1015/1015 1041/1041/1041 1040/1040/1040
f 1016/1016/1016 1017/1017/1017 1042/1042/1042
f 1016/1016/1016 1042/1042/1042 1041/1041/1041
f 1017/1017/1017 1018/1018/1018 1043/1043/1043
f 1017/1017/1017 1043/1043/1043 1042/1042/1042
f 1018/1018/1018 1019/1019/1019 1044/1044/1044
f 1018/1018/1018 1044/1044/1044 1043/1043/1043
f 1019/1019/1019 1020/1020/1020 1045/1045/1045
f 1019/1019/1019 1045/1045/1045 1044/1044/1044
f 1020/1020/1020 1021/1021/1021 1046/1046/1046
f 1020/1020/1020 1046/1046/1046 1045/1045/1045
f 1021/1021/1021 1022/1022/1022 1047/1047/1047
f 1021/1021/1021 1047/1047/1047 1046/1046/1046
f 1022/1022/1022 1023/1023/1023 1048/1048/1048
f 1022/1022/1022 1048/1048/1048 1047/1047/1047
f 1024/1024/1024 1025/1025/1025 1050/1050/1050
f 1024/1024/1024 1050/1050/1050 1049/1049/1049
f 1025/1025/1025 1026/1026/1026 1051/1051/1051
f 1025/1025/1025 1051/1051/1051 1050/1050/1050
f 1026/1026/1026 1027/1027/1027 1052/1052/1052
f 1026/1026/1026 1052/1052/1052 1051/1051/1051
f 1027/1027/1027 1028/1028/1028 1053/1053/1053
f 1027/1027/1027 1053/1053/1053 1052/1052/1052
f 1028/1028/1028 1029/1029/1029 1054/1054/1054
f 1028/1028/1028 1054/1054/1054 1053/1053/1053
f 1029/1029/1029 1030/1030/1030 1055/1055/1055
f 1029/1029/1029 1055/1055/1055 1054/1054/1054
f 1030/1030/1030 1031/1031/1031 1056/1056/1056
f 1030/1030/1030 1056/1056/1056 1055/1055/1055
f 1031/1031/1031 1032/1032/1032 1057/1057/1057
f 1031/1031/1031 1057/1057/1057 1056/1056/1056
f 1032/1032/1032 1033/1033/1033 1058/1058/1058
f 1032/1032/1032 1058/1058/1058 1057/1057/1057
f 1033/1033/1033 1034/1034/1034 1059/1059/1059
f 1033/1033/1033 1059/1059/1059 1058/1058/1058
f 1034/1034/1034 1035/1035/1035 1060/1060/1060
f 1034/1034/1034 1060/1060/1060 1059/1059/1059
f 1035/1035/1035 1036/1036/1036 1061/1061/1061
f 1035/1035/1035 1061/1061/1061 1060/1060/1060
f 1036/1036/1036 1037/1037/1037 1062/1062/1062
f 1036/1036/1036 1062/1062/1062 1061/1061/1061
f 1037/1037/1037 1038/1038/1038 1063/1063/1063
f 1037/1037/1037 1063/1063/1063 1062/1062/1062
f 1038/1038/1038 1039/1039/1039 1064/1064/1064
f 1038/1038/1038 1064/1064/1064 1063/1063/1063
f 1039/1039/1039 1040/1040/1040 1065/1065/1065
f 1039/1039/1039 1065/1065/1065 1064/1064/1064
f 1040/1040/1040 1041/1041/1041 1066/1066/1066
f 1040/1040/1040 1066/1066/1066 1065/1065/1065
f 1041/1041/1041 1042/1042/1042 1067/1067/1067
f 1041/1041/1041 1067/1067/1067 1066/1066/1066
f 1042/1042/1042 1043/1043/1043 1068/1068/1068
f 1042/1042/1042 1068/1068/1068 1067/1067/1067
f 1043/1043/1043 1044/1044/1044 1069/1069/1069
f 1043/1043/1043 1069/1069/1069 1068/1068/1068
f 1044/1044/1044 1045/1045/1045 1070/1070/1070
f 1044/1044/1044 1070/1070/1070 1069/1069/1069
f 1045/1045/1045 1046/1046/1046 1071/1071/1071
f 1045/1045/1045 1071/1071/1071 1070/1070/1070
f 1046/1046/1046 1047/1047/1047 1072/1072/1072
f 1046/1046/1046 1072/1072/1072 1071/1071/1071
f 1047/1047/1047 1048/1048/1048 1073/1073/1073
f 1047/1047/1047 1073/1073/1073 1072/1072/1072
f 1049/1049/1049 1050/1050/1050 1075/1075/1075
f 1049/1049/1049 1075/1075/1075 1074/1074/1074
f 1050/1050/1050 1051/1051/1051 1076/1076/1076
f 1050/1050/1050 1076/1076/1076 1075/1075/1075
f 1051/1051/1051 1052/1052/1052 1077/1077/1077
f 1051/1051/1051 1077/1077/1077 1076/1076/1076
f 1052/1052/1052 1053/1053/1053 1078/1078/1078
f 1052/1052/1052 1078/1078/1078 1077/1077/1077
f 1053/1053/1053 1054/1054/1054 1079/1079/1079
f 1053/1053/1053 1079/1079/1079 1078/1078/1078
f 1054/1054/1054 1055/1055/1055 1080/1080/1080
f 1054/1054/1054 1080/1080/1080 1079/1079/1079
f 1055/1055/1055 1056/1056/1056 1081/1081/1081
f 1055/1055/1055 1081/1081/1081 1080/1080/1080
f 1056/1056/1056 1057/1057/1057 1082/1082/1082
f 1056/1056/1056 1082/1082/1082 1081/1081/1081
f 1057/1057/1057 1058/1058/1058 1083/1083/1083
f 1057/1057/1057 1083/1083/1083 1082/1082/1082
f 1058/1058/1058 1059/1059/1059 1084/1084/1084
f 1058/1058/1058 1084/1084/1084 1083/1083/1083
f 1059/1059/1059 1060/1060/1060 1085/1085/1085
f 1059/1059/1059 1085/1085/1085 1084/1084/1084
f 1060/1060/1060 1061/1061/1061 1086/1086/1086
f 1060/1060/1060 1086/1086/1086 1085/1085/1085
f 1061/1061/1061 1062/1062/1062 1087/1087/1087
f 1061/1061/1061 1087/1087/1087 1086/1086/1086
f 1062/1062/1062 1063/1063/1063 1088/1088/1088
f 1062/1062/1062 1088/1088/1088 1087/1087/1087
f 1063/1063/1063 1064/1064/1064 1089/1089/1089
f 1063/1063/1063 1089/1089/1089 1088/1088/1088
f 1064/1064/1064 1065/1065/1065 1090/1090/1090
f 1064/1064/1064 1090/1090/1090 1089/1089/1089
f 1065/1065/1065 1066/1066/1066 1091/1091/1091
f 1065/1065/1065 1091/1091/1091 1090/1090/1090
f 1066/1066/1066 1067/1067/1067 1092/1092/1092
f 1066/1066/1066 1092/1092/1092 1091/1091/1091
f 1067/1067/1067 1068/1068/1068 1093/1093/1093
f 1067/1067/1067 1093/1093/1093 1092/1092/1092
f 1068/1068/1068 1069/1069/1069 1094/1094/1094
f 1068/1068/1068 1094/1094/1094 1093/1093/1093
f 1069/1069/1069 1070/1070/1070 1095/1095/1095
f 1069/1069/1069 1095/1095/1095 1094/1094/1094
f 1070/1070/1070 1071/1071/1071 1096/1096/1096
f 1070/1070/1070 1096/1096/1096 1095/1095/1095
f 1071/1071/1071 1072/1072/1072 1097/1097/1097
f 1071/1071/1071 1097/1097/1097 1096/1096/1096
f 1072/1072/1072 1073/1073/1073 1098/1098/1098
f 1072/1072/1072 1098/1098/1098 1097/1097/1097
f 1074/1074/1074 1075/1075/1075 1100/1100/1100
f 1074/1074/1074 1100/1100/1100 1099/1099/1099
f 1075/1075/1075 1076/1076/1076 1101/1101/1101
f 1075/1075/1075 1101/1101/1101 1100/1100/1100
f 1076/1076/1076 1077/1077/1077 1102/1102/1102
f 1076/1076/1076 1102/1102/1102 1101/1101/1101
f 1077/1077/1077 1078/1078/1078 1103/1103/1103
f 1077/1077/1077 1103/1103/1103 1102/1102/1102
f 1078/1078/1078 1079/1079/1079 1104/1104/1104
f 1078/1078/1078 1104/1104/1104 1103/1103/1103
f 1079/1079/1079 1080/1080/1080 1105/1105/1105
f 1079/1079/1079 1105/1105/1105 1104/1104/1104
f 1080/1080/1080 1081/1081/1081 1106/1106/1106
f 1080/1080/1080 1106/1106/1106 1105/1105/1105
f 1081/1081/1081 1082/1082/1082 1107/1107/1107
f 1081/1081/1081 1107/1107/1107 1106/1106/1106
f 1082/1082/1082 1083/1083/1083 1108/1108/1108
f 1082/1082/1082 1108/1108/1108 1107/1107/1107
f 1083/1083/1083 1084/1084/1084 1109/1109/1109
f 1083/1083/1083 1109/1109/1109 1108/1108/1108
f 1084/1084/1084 1085/1085/1085 1110/1110/1110
f 1084/1084/1084 1110/1110/1110 1109/1109/1109
f 1085/1085/1085 1086/1086/1086 1111/1111/1111
f 1085/1085/1085 1111/1111/1111 1110/1110/1110
f 1086/1086/1086 1087/1087/1087 1112/1112/1112
f 1086/1086/1086 1112/1112/1112 1111/1111/1111
f 1087/1087/1087 1088/1088/1088 1113/1113/1113
f 1087/1087/1087 1113/1113/1113 1112/1112/1112
f 1088/1088/1088 1089/1089/1089 1114/1114/1114
f 1088/1088/1088 1114/1114/1114 1113/1113/1113
f 1089/1089/1089 1090/1090/1090 1115/1115/1115
f 1089/1089/1089 1115/1115/1115 1114/1114/1114
f 1090/1090/1090 1091/1091/1091 1116/1116/1116
f 1090/1090/1090 1116/1116/1116 1115/1115/1115
f 1091/1091/1091 1092/1092/1092 1117/1117/1117
f 1091/1091/1091 1117/1117/1117 1116/1116/1116
f 1092/1092/1092 1093/1093/1093 1118/1118/1118
f 1092/1092/1092 1118/1118/1118 1117/1117/1117
f 1093/1093/1093 1094/1094/1094 1119/1119/1119
f 1093/1093/1093 1119/1119/1119 1118/1118/1118
f 1094/1094/1094 1095/1095/1095 1120/1120/1120
f 1094/1094/1094 1120/1120/1120 1119/1119/1119
f 1095/1095/1095 1096/1096/1096 1121/1121/1121
f 1095/1095/1095 1121/1121/1121 1120/1120/1120
f 1096/1096/1096 1097/1097/1097 1122/1122/1122
f 1096/1096/1096 1122/1122/1122 1121/1121/1121
f 1097/1097/1097 1098/1098/1098 1123/1123/1123
f 1097/1097/1097 1123/1123/1123 1122/1122/1122
f 1099/1099/1099 1100/1100/1100 1125/1125/1125
f 1099/1099/1099 1125/1125/1125 1124/1124/1124
f 1100/1100/1100 1101/1101/1101 1126/1126/1126
f 1100/1100/1100 1126/1126/1126 1125/1125/1125
f 1101/1101/1101 1102/1102/1102 1127/1127/1127
f 1101/1101/1101 1127/1127/1127 1126/1126/1126
f 1102/1102/1102 1103/1103/1103 1128/1128/1128
f 1102/1102/1102 1128/1128/1128 1127/1127/1127
f 1103/1103/1103 1104/1104/1104 1129/1129/1129
f 1103/1103/1103 1129/1129/1129 1128/1128/1128
f 1104/1104/1104 1105/1105/1105 1130/1130/1130
f 1104/1104/1104 1130/1130/1130 1129/1129/1129
f 1105/1105/1105 1106/1106/1106 1131/1131/1131
f 1105/1105/1105 1131/1131/1131 1130/1130/1130
f 1106/1106/1106 1107/1107/1107 1132/1132/1132
f 1106/1106/1106 1132/1132/1132 1131/1131/1131
f 1107/1107/1107 1108/1108/1108 1133/1133/1133
f 1107/1107/1107 1133/1133/1133 1132/1132/1132
f 1108/1108/1108 1109/1109/1109 1134/1134/1134
f 1108/1108/1108 1134/1134/1134 1133/1133/1133
f 1109/1109/1109 1110/1110/1110 1135/1135/1135
f 1109/1109/1109 1135/1135/1135 1134/1134/1134
f 1110/1110/1110 1111/1111/1111 1136/1136/1136
f 1110/1110/1110 1136/1136/1136 1135/1135/1135
f 1111/1111/1111 1112/1112/1112 1137/1137/1137
f 1111/1111/1111 1137/1137/1137 1136/1136/1136
f 1112/1112/1112 1113/1113/1113 1138/1138/1138
f 1112/1112/1112 1138/1138/1138 1137/1137/1137
f 1113/1113/1113 1114/1114/1114 1139/1139/1139
f 1113/1113/1113 1139/1139/1139 1138/1138/1138
f 1114/1114/1114 1115/1115/1115 1140/1140/1140
f 1114/1114/1114 1140/1140/1140 1139/1139/1139
f 1115/1115/1115 1116/1116/1116 1141/1141/1141
f 1115/1115/1115 1141/1141/1141 1140/1140/1140
f 1116/1116/1116 1117/1117/1117 1142/1142/1142
f 1116/1116/1116 1142/1142/1142 1141/1141/1141
f 1117/1117/1117 1118/1118/1118 1143/1143/1143
f 1117/1117/1117 1143/1143/1143 1142/1142/1142
f 1118/1118/1118 1119/1119/1119 1144/1144/1144
f 1118/1118/1118 1144/1144/1144 1143/1143/1143
f 1119/1119/1119 1120/1120/1120 1145/1145/1145
f 1119/1119/1119 1145/1145/1145 1144/1144/1144
f 1120/1120/1120 1121/1121/1121 1146/1146/1146
f 1120/1120/1120 1146/1146/1146 1145/1145/1145
f 1121/1121/1121 1122/1122/1122 1147/1147/1147
f 1121/1121/1121 1147/1147/1147 1146/1146/1146
f 1122/1122/1122 1123/1123/1123 1148/1148/1148
f 1122/1122/1122 1148/1148/1148 1147/1147/1147
f 1124/1124/1124 1125/1125/1125 1150/1150/1150
f 1124/1124/1124 1150/1150/1150 1149/1149/1149
f 1125/1125/1125 1126/1126/1126 1151/1151/1151
f 1125/1125/1125 1151/1151/1151 1150/1150/1150
f 1126/1126/1126 1127/1127/1127 1152/1152/1152
f 1126/1126/1126 1152/1152/1152 1151/1151/1151
f 1127/1127/1127 1128/1128/1128 1153/1153/1153
f 1127/1127/1127 1153/1153/1153 1152/1152/1152
f 1128/1128/1128 1129/1129/1129 1154/1154/1154
f 1128/1128/1128 1154/1154/1154 1153/1153/1153
f 1129/1129/1129 1130/1130/1130 1155/1155/1155
f 1129/1129/1129 1155/1155/1155 1154/1154/1154
f 1130/1130/1130 1131/1131/1131 1156/1156/1156
f 1130/1130/1130 1156/1156/1156 1155/1155/1155
f 1131/1131/1131 1132/1132/1132 1157/1157/1157
f 1131/1131/1131 1157/1157/1157 1156/1156/1156
f 1132/1132/1132 1133/1133/1133 1158/1158/1158
f 1132/1132/1132 1158/1158/1158 1157/1157/1157
f 1133/1133/1133 1134/1134/1134 1159/1159/1159
f 1133/1133/1133 1159/1159/1159 1158/1158/1158
f 1134/1134/1134 1135/1135/1135 1160/1160/1160
f 1134/1134/1134 1160/1160/1160 1159/1159/1159
f 1135/1135/1135 1136/1136/1136 1161/1161/1161
f 1135/1135/1135 1161/1161/1161 1160/1160/1160
f 1136/1136/1136 1137/1137/1137 1162/1162/1162
f 1136/1136/1136 1162/1162/1162 1161/1161/1161
f 1137/1137/1137 1138/1138/1138 1163/1163/1163
f 1137/1137/1137 1163/1163/1163 1162/1162/1162
f 1138/1138/1138 1139/1139/1139 1164/1164/1164
f 1138/1138/1138 1164/1164/1164 1163/1163/1163
f 1139/1139/1139 1140/1140/1140 1165/1165/1165
f 1139/1139/1139 1165/1165/1165 1164/1164/1164
f 1140/1140/1140 1141/1141/1141 1166/1166/1166
f 1140/1140/1140 1166/1166/1166 1165/1165/1165
f 1141/1141/1141 1142/1142/1142 1167/1167/1167
f 1141/1141/1141 1167/1167/1167 1166/1166/1166
f 1142/1142/1142 1143/1143/1143 1168/1168/1168
f 1142/1142/1142 1168/1168/1168 1167/1167/1167
f 1143/1143/1143 1144/1144/1144 1169/1169/1169
f 1143/1143/1143 1169/1169/1169 1168/1168/1168
f 1144/1144/1144 1145/1145/1145 1170/1170/1170
f 1144/1144/1144 1170/1170/1170 1169/1169/1169
f 1145/1145/1145 1146/1146/1146 1171/1171/1171
f 1145/1145/1145 1171/1171/1171 1170/1170/1170
f 1146/1146/1146 1147/1147/1147 1172/1172/1172
f 1146/1146/1146 1172/1172/1172 1171/1171/1171
f 1147/1147/1147 1148/1148/1148 1173/1173/1173
f 1147/1147/1147 1173/1173/1173 1172/1172/1172
f 1149/1149/1149 1150/1150/1150 1175/1175/1175
f 1149/1149/1149 1175/1175/1175 1174/1174/1174
f 1150/1150/1150 1151/1151/1151 1176/1176/1176
f 1150/1150/1150 1176/1176/1176 1175/1175/1175
f 1151/1151/1151 1152/1152/1152 1177/1177/1177
f 1151/1151/1151 1177/1177/1177 1176/1176/1176
f 1152/1152/1152 1153/1153/1153 1178/1178/1178
f 1152/1152/1152 1178/1178/1178 1177/1177/1177
f 1153/1153/1153 1154/1154/1154 1179/1179/1179
f 1153/1153/1153 1179/1179/1179 1178/1178/1178
f 1154/1154/1154 1155/1155/1155 1180/1180/1180
f 1154/1154/1154 1180/1180/1180 1179/1179/1179
f 1155/1155/1155 1156/1156/1156 1181/1181/1181
f 1155/1155/1155 1181/1181/1181 1180/1180/1180
f 1156/1156/1156 1157/1157/1157 1182/1182/1182
f 1156/1156/1156 1182/1182/1182 1181/1181/1181
f 1157/1157/1157 1158/1158/1158 1183/1183/1183
f 1157/1157/1157 1183/1183/1183 1182/1182/1182
f 1158/1158/1158 1159/1159/1159 1184/1184/1184
f 1158/1158/1158 1184/1184/1184 1183/1183/1183
f 1159/1159/1159 1160/1160/1160 1185/1185/1185
f 1159/1159/1159 1185/1185/1185 1184/1184/1184
f 1160/1160/1160 1161/1161/1161 1186/1186/1186
f 1160/1160/1160 1186/1186/1186 1185/1185/1185
f 1161/1161/1161 1162/1162/1162 1187/1187/1187
f 1161/1161/1161 1187/1187/1187 1186/1186/1186
f 1162/1162/1162 1163/1163/1163 1188/1188/1188
f 1162/1162/1162 1188/1188/1188 1187/1187/1187
f 1163/1163/1163 1164/1164/1164 1189/1189/1189
f 1163/1163/1163 1189/1189/1189 1188/1188/1188
f 1164/1164/1164 1165/1165/1165 1190/1190/1190
f 1164/1164/1164 1190/1190/1190 1189/1189/1189
f 1165/1165/1165 1166/1166/1166 1191/1191/1191
f 1165/1165/1165 1191/1191/1191 1190/1190/1190
f 1166/1166/1166 1167/1167/1167 1192/1192/1192
f 1166/1166/1166 1192/1192/1192 1191/1191/1191
f 1167/1167/1167 1168/1168/1168 1193/1193/1193
f 1167/1167/1167 1193/1193/1193 1192/1192/1192
f 1168/1168/1168 1169/1169/1169 1194/1194/1194
f 1168/1168/1168 1194/1194/1194 1193/1193/1193
f 1169/1169/1169 1170/1170/1170 1195/1195/1195
f 1169/1169/1169 1195/1195/1195 1194/1194/1194
f 1170/1170/1170 1171/1171/1171 1196/1196/1196
f 1170/1170/1170 1196/1196/1196 1195/1195/1195
f 1171/1171/1171 1172/1172/1172 1197/1197/1197
f 1171/1171/1171 1197/1197/1197 1196/1196/1196
f 1172/1172/1172 1173/1173/1173 1198/1198/1198
f 1172/1172/1172 1198/1198/1198 1197/1197/1197
f 1174/1174/1174 1175/1175/1175 1200/1200/1200
f 1174/1174/1174 1200/1200/1200 1199/1199/1199
f 1175/1175/1175 1176/1176/1176 1201/1201/1201
f 1175/1175/1175 1201/1201/1201 1200/1200/1200
f 1176/1176/1176 1177/1177/1177 1202/1202/1202
f 1176/1176/1176 1202/1202/1202 1201/1201/1201
f 1177/1177/1177 1178/1178/1178 1203/1203/1203
f 1177/1177/1177 1203/1203/1203 1202/1202/1202
f 1178/1178/1178 1179/1179/1179 1204/1204/1204
f 1178/1178/1178 1204/1204/1204 1203/1203/1203
f 1179/1179/1179 1180/1180/1180 1205/1205/1205
f 1179/1179/1179 1205/1205/1205 1204/1204/1204
f 1180/1180/1180 1181/1181/1181 1206/1206/1206
f 1180/1180/1180 1206/1206/1206 1205/1205/1205
f 1181/1181/1181 1182/1182/1182 1207/1207/1207
f 1181/1181/1181 1207/1207/1207 1206/1206/1206
f 1182/1182/1182 1183/1183/1183 1208/1208/1208
f 1182/1182/1182 1208/1208/1208 1207/1207/1207
f 1183/1183/1183 1184/1184/1184 1209/1209/1209
f 1183/1183/1183 1209/1209/1209 1208/1208/1208
f 1184/1184/1184 1185/1185/1185 1210/1210/1210
f 1184/1184/1184 1210/1210/1210 1209/1209/1209
f 1185/1185/1185 1186/1186/1186 1211/1211/1211
f 1185/1185/1185 1211/1211/1211 1210/1210/1210
f 1186/1186/1186 1187/1187/1187 1212/1212/1212
f 1186/1186/1186 1212/1212/1212 1211/1211/1211
f 1187/1187/1187 1188/1188/1188 1213/1213/1213
f 1187/1187/1187 1213/1213/1213 1212/1212/1212
f 1188/1188/1188 1189/1189/1189 1214/1214/1214
f 1188/1188/1188 1214/1214/1214 1213/1213/1213
f 1189/1189/1189 1190/1190/1190 1215/1215/1215
f 1189/1189/1189 1215/1215/1215 1214/1214/1214
f 1190/1190/1190 1191/1191/1191 1216/1216/1216
f 1190/1190/1190 1216/1216/1216 1215/1215/1215
f 1191/1191/1191 1192/1192/1192 1217/1217/1217
f 1191/1191/1191 1217/1217/1217 1216/1216/1216
f 1192/1192/1192 1193/1193/1193 1218/1218/1218
f 1192/1192/1192 1218/1218/1218 1217/1217/1217
f 1193/1193/1193 1194/1194/1194 1219/1219/1219
f 1193/1193/1193 1219/1219/1219 1218/1218/1218
f 1194/1194/1194 1195/1195/1195 1220/1220/1220
f 1194/1194/1194 1220/1220/1220 1219/1219/1219
f 1195/1195/1195 1196/1196/1196 1221/1221/1221
f 1195/1195/1195 1221/1221/1221 1220/1220/1220
f 1196/1196/1196 1197/1197/1197 1222/1222/1222
f 1196/1196/1196 1222/1222/1222 1221/1221/1221
f 1197/1197/1197 1198/1198/1198 1223/1223/1223
f 1197/1197/1197 1223/1223/1223 1222/1222/1222
f 1199/1199/1199 1200/1200/1200 1225/1225/1225
f 1199/1199/1199 1225/1225/1225 1224/1224/1224
f 1200/1200/1200 1201/1201/1201 1226/1226/1226
f 1200/1200/1200 1226/1226/1226 1225/1225/1225
f 1201/1201/1201 1202/1202/1202 1227/1227/1227
f 1201/1201/1201 1227/1227/1227 1226/1226/1226
f 1202/1202/1202 1203/1203/1203 1228/1228/1228
f 1202/1202/1202 1228/1228/1228 1227/1227/1227
f 1203/1203/1203 1204/1204/1204 1229/1229/1229
f 1203/1203/1203 1229/1229/1229 1228/1228/1228
f 1204/1204/1204 1205/1205/1205 1230/1230/1230
f 1204/1204/1204 1230/1230/1230 1229/1229/1229
f 1205/1205/1205 1206/1206/1206 1231/1231/1231
f 1205/1205/1205 1231/1231/1231 1230/1230/1230
f 1206/1206/1206 1207/1207/1207 1232/1232/1232
f 1206/1206/1206 1232/1232/1232 1231/1231/1231
f 1207/1207/1207 1208/1208/1208 1233/1233/1233
f 1207/1207/1207 1233/1233/1233 1232/1232/1232
f 1208/1208/1208 1209/1209/1209 1234/1234/1234
f 1208/1208/1208 1234/1234/1234 1233/1233/1233
f 1209/1209/1209 1210/1210/1210 1235/1235/1235
f 1209/1209/1209 1235/1235/1235 1234/1234/1234
f 1210/1210/1210 1211/1211/1211 1236/1236/1236
f 1210/1210/1210 1236/1236/1236 1235/1235/1235
f 1211/1211/1211 1212/1212/1212 1237/1237/1237
f 1211/1211/1211 1237/1237/1237 1236/1236/1236
f 1212/1212/1212 1213/1213/1213 1238/1238/1238
f 1212/1212/1212 1238/1238/1238 1237/1237/1237
f 1213/1213/1213 1214/1214/1214 1239/1239/1239
f 1213/1213/1213 1239/1239/1239 1238/1238/1238
f 1214/1214/1214 1215/1215/1215 1240/1240/1240
f 1214/1214/1214 1240/1240/1240 1239/1239/1239
f 1215/1215/1215 1216/1216/1216 1241/1241/1241
f 1215/1215/1215 1241/1241/1241 1240/1240/1240
f 1216/1216/1216 1217/1217/1217 1242/1242/1242
f 1216/1216/1216 1242/1242/1242 1241/1241/1241
f 1217/1217/1217 1218/1218/1218 1243/1243/1243
f 1217/1217/1217 1243/1243/1243 1242/1242/1242
f 1218/1218/1218 1219/1219/1219 1244/1244/1244
f 1218/1218/1218 1244/1244/1244 1243/1243/1243
f 1219/1219/1219 1220/1220/1220 1245/1245/1245
f 1219/1219/1219 1245/1245/1245 1244/1244/1244
f 1220/1220/1220 1221/1221/1221 1246/1246/1246
f 1220/1220/1220 1246/1246/1246 1245/1245/1245
f 1221/1221/1221 1222/1222/1222 1247/1247/1247
f 1221/1221/1221 1247/1247/1247 1246/1246/1246
f 1222/1222/1222 1223/1223/1223 1248/1248/1248
f 1222/1222/1222 1248/1248/1248 1247/1247/1247
f 1224/1224/1224 1225/1225/1225 1250/1250/1250
f 1224/1224/1224 1250/1250/1250 1249/1249/1249
f 1225/1225/1225 1226/1226/1226 1251/1251/1251
f 1225/1225/1225 1251/1251/1251 1250/1250/1250
f 1226/1226/1226 1227/1227/1227 1252/1252/1252
f 1226/1226/1226 1252/1252/1252 1251/1251/1251
f 1227/1227/1227 1228/1228/1228 1253/1253/1253
f 1227/1227/1227 1253/1253/1253 1252/1252/1252
f 1228/1228/1228 1229/1229/1229 1254/1254/1254
f 1228/1228/1228 1254/1254/1254 1253/1253/1253
f 1229/1229/1229 1230/1230/1230 1255/1255/1255
f 1229/1229/1229 1255/1255/1255 1254/1254/1254
f 1230/1230/1230 1231/1231/1231 1256/1256/1256
f 1230/1230/1230 1256/1256/1256 1255/1255/1255
f 1231/1231/1231 1232/1232/1232 1257/1257/1257
f 1231/1231/1231 1257/1257/1257 1256/1256/1256
f 1232/1232/1232 1233/1233/1233 1258/1258/1258
f 1232/1232/1232 1258/1258/1258 1257/1257/1257
f 1233/1233/1233 1234/1234/1234 1259/1259/1259
f 1233/1233/1233 1259/1259/1259 1258/1258/1258
f 1234/1234/1234 1235/1235/1235 1260/1260/1260
f 1234/1234/1234 1260/1260/1260 1259/1259/1259
f 1235/1235/1235 1236/1236/1236 1261/1261/1261
f 1235/1235/1235 1261/1261/1261 1260/1260/1260
f 1236/1236/1236 1237/1237/1237 1262/1262/1262
f 1236/1236/1236 1262/1262/1262 1261/1261/1261
f 1237/1237/1237 1238/1238/1238 1263/1263/1263
f 1237/1237/1237 1263/1263/1263 1262/1262/1262
f 1238/1238/1238 1239/1239/1239 1264/1264/1264
f 1238/1238/1238 1264/1264/1264 1263/1263/1263
f 1239/1239/1239 1240/1240/1240 1265/1265/1265
f 1239/1239/1239 1265/1265/1265 1264/1264/1264
f 1240/1240/1240 1241/1241/1241 1266/1266/1266
f 1240/1240/1240 1266/1266/1266 1265/1265/1265
f 1241/1241/1241 1242/1242/1242 1267/1267/1267
f 1241/1241/1241 1267/1267/1267 1266/1266/1266
f 1242/1242/1242 1243/1243/1243 1268/1268/1268
f 1242/1242/1242 1268/1268/1268 1267/1267/1267
f 1243/1243/1243 1244/1244/1244 1269/1269/1269
f 1243/1243/1243 1269/1269/1269 1268/1268/1268
f 1244/1244/1244 1245/1245/1245 1270/1270/1270
f 1244/1244/1244 1270/1270/1270 1269/1269/1269
f 1245/1245/1245 1246/1246/1246 1271/1271/1271
f 1245/1245/1245 1271/1271/1271 1270/1270/1270
f 1246/1246/1246 1247/1247/1247 1272/1272/1272
f 1246/1246/1246 1272/1272/1272 1271/1271/1271
f 1247/1247/1247 1248/1248/1248 1273/1273/1273
f 1247/1247/1247 1273/1273/1273 1272/1272/1272
f 1249/1249/1249 1250/1250/1250 1275/1275/1275
f 1249/1249/1249 1275/1275/1275 1274/1274/1274
f 1250/1250/1250 1251/1251/1251 1276/1276/1276
f 1250/1250/1250 1276/1276/1276 1275/1275/1275
f 1251/1251/1251 1252/1252/1252 1277/1277/1277
f 1251/1251/1251 1277/1277/1277 1276/1276/1276
f 1252/1252/1252 1253/1253/1253 1278/1278/1278
f 1252/1252/1252 1278/1278/1278 1277/1277/1277
f 1253/1253/1253 1254/1254/1254 1279/1279/1279
f 1253/1253/1253 1279/1279/1279 1278/1278/1278
f 1254/1254/1254 1255/1255/1255 1280/1280/1280
f 1254/1254/1254 1280/1280/1280 1279/1279/1279
f 1255/1255/1255 1256/1256/1256 1281/1281/1281
f 1255/1255/1255 1281/1281/1281 1280/1280/1280
f 1256/1256/1256 1257/1257/1257 1282/1282/1282
f 1256/1256/1256 1282/1282/1282 1281/1281/1281
f 1257/1257/1257 1258/1258/1258 1283/1283/1283
f 1257/1257/1257 1283/1283/1283 1282/1282/1282
f 1258/1258/1258 1259/1259/1259 1284/1284/1284
f 1258/1258/1258 1284/1284/1284 1283/1283/1283
f 1259/1259/1259 1260/1260/1260 1285/1285/1285
f 1259/1259/1259 1285/1285/1285 1284/1284/1284
f 1260/1260/1260 1261/1261/1261 1286/1286/1286
f 1260/1260/1260 1286/1286/1286 1285/1285/1285
f 1261/1261/1261 1262/1262/1262 1287/1287/1287
f 1261/1261/1261 1287/1287/1287 1286/1286/1286
f 1262/1262/1262 1263/1263/1263 1288/1288/1288
f 1262/1262/1262 1288/1288/1288 1287/1287/1287
f 1263/1263/1263 1264/1264/1264 1289/1289/1289
f 1263/1263/1263 1289/1289/1289 1288/1288/1288
f 1264/1264/1264 1265/1265/1265 1290/1290/1290
f 1264/1264/1264 1290/1290/1290 1289/1289/1289
f 1265/1265/1265 1266/1266/1266 1291/1291/1291
f 1265/1265/1265 1291/1291/1291 1290/1290/1290
f 1266/1266/1266 1267/1267/1267 1292/1292/1292
f 1266/1266/1266 1292/1292/1292 1291/1291/1291
f 1267/1267/1267 1268/1268/1268 1293/1293/1293
f 1267/1267/1267 1293/1293/1293 1292/1292/1292
f 1268/1268/1268 1269/1269/1269 1294/1294/1294
f 1268/1268/1268 1294/1294/1294 1293/1293/1293
f 1269/1269/1269 1270/1270/1270 1295/1295/1295
f 1269/1269/1269 1295/1295/1295 1294/1294/1294
f 1270/1270/1270 1271/1271/1271 1296/1296/1296
f 1270/1270/1270 1296/1296/1296 1295/1295/1295
f 1271/1271/1271 1272/1272/1272 1297/1297/1297
f 1271/1271/1271 1297/1297/1297 1296/1296/1296
f 1272/1272/1272 1273/1273/1273 1298/1298/1298
f 1272/1272/1272 1298/1298/1298 1297/1297/1297
f 1299/1299/1299 975/975/975 974/974/974
f 1299/1299/1299 976/976/976 975/975/975
f 1299/1299/1299 977/977/977 976/976/976
f 1299/1299/1299 978/978/978 977/977/977
f 1299/1299/1299 979/979/979 978/978/978
f 1299/1299/1299 980/980/980 979/979/979
f 1299/1299/1299 981/981/981 980/980/980
f 1299/1299/1299 982/982/982 981/981/981
f 1299/1299/1299 983/983/983 982/982/982
f 1299/1299/1299 984/984/984 983/983/983
f 1299/1299/1299 985/985/985 984/984/984
f 1299/1299/1299 986/986/986 985/985/985
f 1299/1299/1299 987/987/987 986/986/986
f 1299/1299/1299 988/988/988 987/987/987
f 1299/1299/1299 989/989/989 988/988/988
f 1299/1299/1299 990/990/990 989/989/989
f 1299/1299/1299 991/991/991 990/990/990
f 1299/1299/1299 992/992/992 991/991/991
f 1299/1299/1299 993/993/993 992/992/992
f 1299/1299/1299 994/994/994 993/993/993
f 1299/1299/1299 995/995/995 994/994/994
f 1299/1299/1299 996/996/996 995/995/995
f 1299/1299/1299 997/997/997 996/996/996
f 1299/1299/1299 998/998/998 997/997/997
f 1300/1300/1300 1274/1274/1274 1275/1275/1275
f 1300/1300/1300 1275/1275/1275 1276/1276/1276
f 1300/1300/1300 1276/1276/1276 1277/1277/1277
f 1300/1300/1300 1277/1277/1277 1278/1278/1278
f 1300/1300/1300 1278/1278/1278 1279/1279/1279
f 1300/1300/1300 1279/1279/1279 1280/1280/1280
f 1300/1300/1300 1280/1280/1280 1281/1281/1281
f 1300/1300/1300 1281/1281/1281 1282/1282/1282
f 1300/1300/1300 1282/1282/1282 1283/1283/1283
f 1300/1300/1300 1283/1283/1283 1284/1284/1284
f 1300/1300/1300 1284/1284/1284 1285/1285/1285
f 1300/1300/1300 1285/1285/1285 1286/1286/1286
f 1300/1300/1300 1286/1286/1286 1287/1287/1287
f 1300/1300/1300 1287/1287/1287 1288/1288/1288
f 1300/1300/1300 1288/1288/1288 1289/1289/1289
f 1300/1300/1300 1289/1289/1289 1290/1290/1290
f 1300/1300/1300 1290/1290/1290 1291/1291/1291
f 1300/1300/1300 1291/1291/1291 1292/1292/1292
f 1300/1300/1300 1292/1292/1292 1293/1293/1293
f 1300/1300/1300 1293/1293/1293 1294/1294/1294
f 1300/1300/1300 1294/1294/1294 1295/1295/1295
f 1300/1300/1300 1295/1295/1295 1296/1296/1296
f 1300/1300/1300 1296/1296/1296 1297/1297/1297
f 1300/1300/1300 1297/1297/1297 1298/1298/1298
o Neck
v -4.418260 66.127568 -0.000000
v -3.879735 66.077295 1.710699
v -2.346146 65.934130 3.160959
v -0.050968 65.719868 4.129992
v 2.656380 65.467128 4.470272
v 5.363728 65.214388 4.129992
v 7.658906 65.000126 3.160959
v 9.192495 64.856961 1.710699
v 9.731020 64.806688 0.000000
v 9.192495 64.856961 -1.710699
v 7.658906 65.000126 -3.160959
v 5.363728 65.214388 -4.129992
v 2.656380 65.467128 -4.470272
v -0.050968 65.719868 -4.129992
v -2.346146 65.934130 -3.160959
v -3.879735 66.077295 -1.710699
v -4.418260 66.127568 -0.000000
v -3.475911 68.758209 -0.000000
v -2.949206 68.709040 1.673153
v -1.449276 68.569017 3.091583
v 0.795529 68.359457 4.039348
v 3.443456 68.112265 4.372159
v 6.091383 67.865072 4.039348
v 8.336187 67.655512 3.091583
v 9.836117 67.515489 1.673153
v 10.362823 67.466320 0.000000
v 9.836117 67.515489 -1.673153
v 8.336187 67.655512 -3.091583
v 6.091383 67.865072 -4.039348
v 3.443456 68.112265 -4.372159
v 0.795529 68.359457 -4.039348
v -1.449276 68.569017 -3.091583
v -2.949206 68.709040 -1.673153
v -3.475911 68.758209 -0.000000
v -2.180182 72.375341 -0.000000
v -1.669728 72.327689 1.621527
v -0.216079 72.191986 2.996191
v 1.959461 71.988892 3.914712
v 4.525685 71.749327 4.237253
v 7.091908 71.509762 3.914712
v 9.267448 71.306668 2.996191
v 10.721097 71.170966 1.621527
v 11.231551 71.123313 0.000000
v 10.721097 71.170966 -1.621527
v 9.267448 71.306668 -2.996191
v 7.091908 71.509762 -3.914712
v 4.525685 71.749327 -4.237253
v 1.959461 71.988892 -3.914712
v -0.216079 72.191986 -2.996191
v -1.669728 72.327689 -1.621527
v -2.180182 72.375341 -0.000000
v -1.237833 75.005982 -0.000000
v -0.739199 74.959433 1.583980
v 0.680791 74.826873 2.926814
v 2.805957 74.628482 3.824067
v 5.312760 74.394464 4.139140
v 7.819563 74.160446 3.824067
v 9.944729 73.962055 2.926814
v 11.364719 73.829494 1.583980
v 11.863353 73.782945 0.000000
v 11.364719 73.829494 -1.583980
v 9.944729 73.962055 -2.926814
v 7.819563 74.160446 -3.824067
v 5.312760 74.394464 -4.139140
v 2.805957 74.628482 -3.824067
v 0.680791 74.826873 -2.926814
v -0.739199 74.959433 -1.583980
v -1.237833 75.005982 -0.000000
v 2.656380 65.467128 -0.000000
v 5.312760 74.394464 -0.000000
vt 0.0078125 0.9921875
vt 0.0078125 0.9541016
vt 0.0078125 0.9160156
vt 0.0078125 0.8779297
vt 0.0078125 0.8398438
vt 0.0078125 0.8017578
vt 0.0078125 0.7636719
vt 0.0078125 0.7255859
vt 0.0078125 0.6875000
vt 0.0078125 0.6494141
vt 0.0078125 0.6113281
vt 0.0078125 0.5732422
vt 0.0078125 0.5351562
vt 0.0078125 0.4970703
vt 0.0078125 0.4589844
vt 0.0078125 0.4208984
vt 0.0078125 0.3828125
vt 0.3359375 0.9921875
vt 0.3359375 0.9541016
vt 0.3359375 0.9160156
vt 0.3359375 0.8779297
vt 0.3359375 0.8398438
vt 0.3359375 0.8017578
vt 0.3359375 0.7636719
vt 0.3359375 0.7255859
vt 0.3359375 0.6875000
vt 0.3359375 0.6494141
vt 0.3359375 0.6113281
vt 0.3359375 0.5732422
vt 0.3359375 0.5351562
vt 0.3359375 0.4970703
vt 0.3359375 0.4589844
vt 0.3359375 0.4208984
vt 0.3359375 0.3828125
vt 0.6640625 0.9921875
vt 0.6640625 0.9541016
vt 0.6640625 0.9160156
vt 0.6640625 0.8779297
vt 0.6640625 0.8398438
vt 0.6640625 0.8017578
vt 0.6640625 0.7636719
vt 0.6640625 0.7255859
vt 0.6640625 0.6875000
vt 0.6640625 0.6494141
vt 0.6640625 0.6113281
vt 0.6640625 0.5732422
vt 0.6640625 0.5351562
vt 0.6640625 0.4970703
vt 0.6640625 0.4589844
vt 0.6640625 0.4208984
vt 0.6640625 0.3828125
vt 0.9921875 0.9921875
vt 0.9921875 0.9541016
vt 0.9921875 0.9160156
vt 0.9921875 0.8779297
vt 0.9921875 0.8398438
vt 0.9921875 0.8017578
vt 0.9921875 0.7636719
vt 0.9921875 0.7255859
vt 0.9921875 0.6875000
vt 0.9921875 0.6494141
vt 0.9921875 0.6113281
vt 0.9921875 0.5732422
vt 0.9921875 0.5351562
vt 0.9921875 0.4970703
vt 0.9921875 0.4589844
vt 0.9921875 0.4208984
vt 0.9921875 0.3828125
vt 0.0078125 0.6875000
vt 0.9921875 0.6875000
vn -0.6270335 -0.7768800 0.0573285
vn -0.5438809 -0.7534964 0.3693734
vn -0.3857539 -0.7221157 0.5742324
vn -0.2102350 -0.7122747 0.6696760
vn -0.0404277 -0.7332091 0.6788004
vn 0.1175170 -0.7822246 0.6118124
vn 0.2554803 -0.8478469 0.4646347
vn 0.3527495 -0.9057038 0.2350925
vn 0.3802435 -0.9236282 -0.0482262
vn 0.3267883 -0.8893943 -0.3196673
vn 0.2128263 -0.8254022 -0.5228921
vn 0.0666674 -0.7633149 -0.6425775
vn -0.0957285 -0.7228444 -0.6843478
vn -0.2684740 -0.7122481 -0.6485556
vn -0.4423164 -0.7311608 -0.5193844
vn -0.5834196 -0.7640889 -0.2752994
vn -0.6270335 -0.7768800 0.0573285
vn -0.9413361 0.3372056 0.0133674
vn -0.7870288 0.2860746 0.5465775
vn -0.5044192 0.1938501 0.8414175
vn -0.2363556 0.1089544 0.9655387
vn 0.0087015 0.0344792 0.9993675
vn 0.2556138 -0.0371339 0.9660656
vn 0.5298357 -0.1131797 0.8405144
vn 0.8216751 -0.1913428 0.5368780
vn 0.9728342 -0.2310992 -0.0136641
vn 0.8097847 -0.1881980 -0.5557250
vn 0.5169583 -0.1096746 -0.8489556
vn 0.2442733 -0.0339165 -0.9691131
vn -0.0019675 0.0376509 -0.9992890
vn -0.2475791 0.1124432 -0.9623207
vn -0.5169743 0.1978970 -0.8328111
vn -0.7983628 0.2898149 -0.5278486
vn -0.9413361 0.3372056 0.0133674
vn -0.9412514 0.3371753 -0.0189382
vn -0.8006953 0.2905830 0.5238784
vn -0.5195973 0.1987416 0.8309756
vn -0.2499248 0.1131717 0.9616287
vn -0.0041911 0.0383113 0.9992571
vn 0.2419165 -0.0332485 0.9697272
vn 0.5142820 -0.1089471 0.8506730
vn 0.8072774 -0.1875365 0.5595831
vn 0.9727427 -0.2310775 0.0193585
vn 0.8241228 -0.1919918 -0.5328798
vn 0.5325270 -0.1139132 -0.8387126
vn 0.2579843 -0.0378071 -0.9654091
vn 0.0109254 0.0338175 -0.9993683
vn -0.2340227 0.1082286 -0.9661884
vn -0.5018090 0.1930078 -0.8431700
vn -0.7846382 0.2852841 -0.5504143
vn -0.9412514 0.3371753 -0.0189382
vn -0.3883064 0.9201434 -0.0505398
vn -0.3605765 0.9019759 0.2375377
vn -0.2615655 0.8427352 0.4705113
vn -0.1214858 0.7755957 0.6194291
vn 0.0384721 0.7253858 0.6872666
vn 0.2104057 0.7036258 0.6787048
vn 0.3886997 0.7131149 0.5834206
vn 0.5504903 0.7448393 0.3770609
vn 0.6365593 0.7688752 0.0601933
vn 0.5923324 0.7559739 -0.2786500
vn 0.4481403 0.7225060 -0.5264555
vn 0.2712938 0.7034673 -0.6569120
vn 0.0961860 0.7144293 -0.6930650
vn -0.0683418 0.7556903 -0.6513537
vn -0.2168142 0.8190576 -0.5311650
vn -0.3332157 0.8847046 -0.3259834
vn -0.3883064 0.9201434 -0.0505398
vn -0.0929490 -0.9956709 -0.0000000
vn 0.0929490 0.9956709 0.0000000
s 1
f 1301/1301/1301 1302/1302/1302 1319/1319/1319
f 1301/1301/1301 1319/1319/1319 1318/1318/1318
f 1302/1302/1302 1303/1303/1303 1320/1320/1320
f 1302/1302/1302 1320/1320/1320 1319/1319/1319
f 1303/1303/1303 1304/1304/1304 1321/1321/1321
f 1303/1303/1303 1321/1321/1321 1320/1320/1320
f 1304/1304/1304 1305/1305/1305 1322/1322/1322
f 1304/1304/1304 1322/1322/1322 1321/1321/1321
f 1305/1305/1305 1306/1306/1306 1323/1323/1323
f 1305/1305/1305 1323/1323/1323 1322/1322/1322
f 1306/1306/1306 1307/1307/1307 1324/1324/1324
f 1306/1306/1306 1324/1324/1324 1323/1323/1323
f 1307/1307/1307 1308/1308/1308 1325/1325/1325
f 1307/1307/1307 1325/1325/1325 1324/1324/1324
f 1308/1308/1308 1309/1309/1309 1326/1326/1326
f 1308/1308/1308 1326/1326/1326 1325/1325/1325
f 1309/1309/1309 1310/1310/1310 1327/1327/1327
f 1309/1309/1309 1327/1327/1327 1326/1326/1326
f 1310/1310/1310 1311/1311/1311 1328/1328/1328
f 1310/1310/1310 1328/1328/1328 1327/1327/1327
f 1311/1311/1311 1312/1312/1312 1329/1329/1329
f 1311/1311/1311 1329/1329/1329 1328/1328/1328
f 1312/1312/1312 1313/1313/1313 1330/1330/1330
f 1312/1312/1312 1330/1330/1330 1329/1329/1329
f 1313/1313/1313 1314/1314/1314 1331/1331/1331
f 1313/1313/1313 1331/1331/1331 1330/1330/1330
f 1314/1314/1314 1315/1315/1315 1332/1332/1332
f 1314/1314/1314 1332/1332/1332 1331/1331/1331
f 1315/1315/1315 1316/1316/1316 1333/1333/1333
f 1315/1315/1315 1333/1333/1333 1332/1332/1332
f 1316/1316/1316 1317/1317/1317 1334/1334/1334
f 1316/1316/1316 1334/1334/1334 1333/1333/1333
f 1318/1318/1318 1319/1319/1319 1336/1336/1336
f 1318/1318/1318 1336/1336/1336 1335/1335/1335
f 1319/1319/1319 1320/1320/1320 1337/1337/1337
f 1319/1319/1319 1337/1337/1337 1336/1336/1336
f 1320/1320/1320 1321/1321/1321 1338/1338/1338
f 1320/1320/1320 1338/1338/1338 1337/1337/1337
f 1321/1321/1321 1322/1322/1322 1339/1339/1339
f 1321/1321/1321 1339/1339/1339 1338/1338/1338
f 1322/1322/1322 1323/1323/1323 1340/1340/1340
f 1322/1322/1322 1340/1340/1340 1339/1339/1339
f 1323/1323/1323 1324/1324/1324 1341/1341/1341
f 1323/1323/1323 1341/1341/1341 1340/1340/1340
f 1324/1324/1324 1325/1325/1325 1342/1342/1342
f 1324/1324/1324 1342/1342/1342 1341/1341/1341
f 1325/1325/1325 1326/1326/1326 1343/1343/1343
f 1325/1325/1325 1343/1343/1343 1342/1342/1342
f 1326/1326/1326 1327/1327/1327 1344/1344/1344
f 1326/1326/1326 1344/1344/1344 1343/1343/1343
f 1327/1327/1327 1328/1328/1328 1345/1345/1345
f 1327/1327/1327 1345/1345/1345 1344/1344/1344
f 1328/1328/1328 1329/1329/1329 1346/1346/1346
f 1328/1328/1328 1346/1346/1346 1345/1345/1345
f 1329/1329/1329 1330/1330/1330 1347/1347/1347
f 1329/1329/1329 1347/1347/1347 1346/1346/1346
f 1330/1330/1330 1331/1331/1331 1348/1348/1348
f 1330/1330/1330 1348/1348/1348 1347/1347/1347
f 1331/1331/1331 1332/1332/1332 1349/1349/1349
f 1331/1331/1331 1349/1349/1349 1348/1348/1348
f 1332/1332/1332 1333/1333/1333 1350/1350/1350
f 1332/1332/1332 1350/1350/1350 1349/1349/1349
f 1333/1333/1333 1334/1334/1334 1351/1351/1351
f 1333/1333/1333 1351/1351/1351 1350/1350/1350
f 1335/1335/1335 1336/1336/1336 1353/1353/1353
f 1335/1335/1335 1353/1353/1353 1352/1352/1352
f 1336/1336/1336 1337/1337/1337 1354/1354/1354
f 1336/1336/1336 1354/1354/1354 1353/1353/1353
f 1337/1337/1337 1338/1338/1338 1355/1355/1355
f 1337/1337/1337 1355/1355/1355 1354/1354/1354
f 1338/1338/1338 1339/1339/1339 1356/1356/1356
f 1338/1338/1338 1356/1356/1356 1355/1355/1355
f 1339/1339/1339 1340/1340/1340 1357/1357/1357
f 1339/1339/1339 1357/1357/1357 1356/1356/1356
f 1340/1340/1340 1341/1341/1341 1358/1358/1358
f 1340/1340/1340 1358/1358/1358 1357/1357/1357
f 1341/1341/1341 1342/1342/1342 1359/1359/1359
f 1341/1341/1341 1359/1359/1359 1358/1358/1358
f 1342/1342/1342 1343/1343/1343 1360/1360/1360
f 1342/1342/1342 1360/1360/1360 1359/1359/1359
f 1343/1343/1343 1344/1344/1344 1361/1361/1361
f 1343/1343/1343 1361/1361/1361 1360/1360/1360
f 1344/1344/1344 1345/1345/1345 1362/1362/1362
f 1344/1344/1344 1362/1362/1362 1361/1361/1361
f 1345/1345/1345 1346/1346/1346 1363/1363/1363
f 1345/1345/1345 1363/1363/1363 1362/1362/1362
f 1346/1346/1346 1347/1347/1347 1364/1364/1364
f 1346/1346/1346 1364/1364/1364 1363/1363/1363
f 1347/1347/1347 1348/1348/1348 1365/1365/1365
f 1347/1347/1347 1365/1365/1365 1364/1364/1364
f 1348/1348/1348 1349/1349/1349 1366/1366/1366
f 1348/1348/1348 1366/1366/1366 1365/1365/1365
f 1349/1349/1349 1350/1350/1350 1367/1367/1367
f 1349/1349/1349 1367/1367/1367 1366/1366/1366
f 1350/1350/1350 1351/1351/1351 1368/1368/1368
f 1350/1350/1350 1368/1368/1368 1367/1367/1367
f 1369/1369/1369 1302/1302/1302 1301/1301/1301
f 1369/1369/1369 1303/1303/1303 1302/1302/1302
f 1369/1369/1369 1304/1304/1304 1303/1303/1303
f 1369/1369/1369 1305/1305/1305 1304/1304/1304
f 1369/1369/1369 1306/1306/1306 1305/1305/1305
f 1369/1369/1369 1307/1307/1307 1306/1306/1306
f 1369/1369/1369 1308/1308/1308 1307/1307/1307
f 1369/1369/1369 1309/1309/1309 1308/1308/1308
f 1369/1369/1369 1310/1310/1310 1309/1309/1309
f 1369/1369/1369 1311/1311/1311 1310/1310/1310
f 1369/1369/1369 1312/1312/1312 1311/1311/1311
f 1369/1369/1369 1313/1313/1313 1312/1312/1312
f 1369/1369/1369 1314/1314/1314 1313/1313/1313
f 1369/1369/1369 1315/1315/1315 1314/1314/1314
f 1369/1369/1369 1316/1316/1316 1315/1315/1315
f 1369/1369/1369 1317/1317/1317 1316/1316/1316
f 1370/1370/1370 1352/1352/1352 1353/1353/1353
f 1370/1370/1370 1353/1353/1353 1354/1354/1354
f 1370/1370/1370 1354/1354/1354 1355/1355/1355
f 1370/1370/1370 1355/1355/1355 1356/1356/1356
f 1370/1370/1370 1356/1356/1356 1357/1357/1357
f 1370/1370/1370 1357/1357/1357 1358/1358/1358
f 1370/1370/1370 1358/1358/1358 1359/1359/1359
f 1370/1370/1370 1359/1359/1359 1360/1360/1360
f 1370/1370/1370 1360/1360/1360 1361/1361/1361
f 1370/1370/1370 1361/1361/1361 1362/1362/1362
f 1370/1370/1370 1362/1362/1362 1363/1363/1363
f 1370/1370/1370 1363/1363/1363 1364/1364/1364
f 1370/1370/1370 1364/1364/1364 1365/1365/1365
f 1370/1370/1370 1365/1365/1365 1366/1366/1366
f 1370/1370/1370 1366/1366/1366 1367/1367/1367
f 1370/1370/1370 1367/1367/1367 1368/1368/1368
o Cranium
v 5.312760 71.716263 -0.000000
v 7.126579 71.853492 -0.000000
v 7.064775 71.853492 -0.334397
v 6.883574 71.853492 -0.646005
v 6.595324 71.853492 -0.913589
v 6.219670 71.853492 -1.118913
v 5.782211 71.853492 -1.247986
v 5.312760 71.853492 -1.292010
v 4.843309 71.853492 -1.247986
v 4.405851 71.853492 -1.118913
v 4.030196 71.853492 -0.913589
v 3.741947 71.853492 -0.646005
v 3.560745 71.853492 -0.334397
v 3.498941 71.853492 -0.000000
v 3.560745 71.853492 0.334397
v 3.741947 71.853492 0.646005
v 4.030196 71.853492 0.913589
v 4.405851 71.853492 1.118913
v 4.843309 71.853492 1.247986
v 5.312760 71.853492 1.292010
v 5.782211 71.853492 1.247986
v 6.219670 71.853492 1.118913
v 6.595324 71.853492 0.913589
v 6.883574 71.853492 0.646005
v 7.064775 71.853492 0.334397
v 7.126579 71.853492 0.000000
v 8.870694 72.259905 -0.000000
v 8.749461 72.259905 -0.655943
v 8.394022 72.259905 -1.267184
v 7.828600 72.259905 -1.792069
v 7.091727 72.259905 -2.194828
v 6.233621 72.259905 -2.448012
v 5.312760 72.259905 -2.534369
v 4.391899 72.259905 -2.448012
v 3.533793 72.259905 -2.194828
v 2.796921 72.259905 -1.792069
v 2.231499 72.259905 -1.267184
v 1.876060 72.259905 -0.655943
v 1.754826 72.259905 -0.000000
v 1.876060 72.259905 0.655943
v 2.231499 72.259905 1.267184
v 2.796921 72.259905 1.792069
v 3.533793 72.259905 2.194828
v 4.391899 72.259905 2.448012
v 5.312760 72.259905 2.534369
v 6.233621 72.259905 2.448012
v 7.091727 72.259905 2.194828
v 7.828600 72.259905 1.792069
v 8.394022 72.259905 1.267184
v 8.749461 72.259905 0.655943
v 8.870694 72.259905 0.000000
v 10.478080 72.919885 -0.000000
v 10.302076 72.919885 -0.952281
v 9.786058 72.919885 -1.839667
v 8.965193 72.919885 -2.601681
v 7.895420 72.919885 -3.186396
v 6.649643 72.919885 -3.553963
v 5.312760 72.919885 -3.679333
v 3.975877 72.919885 -3.553963
v 2.730100 72.919885 -3.186396
v 1.660327 72.919885 -2.601681
v 0.839462 72.919885 -1.839667
v 0.323444 72.919885 -0.952281
v 0.147440 72.919885 -0.000000
v 0.323444 72.919885 0.952281
v 0.839462 72.919885 1.839667
v 1.660327 72.919885 2.601681
v 2.730100 72.919885 3.186396
v 3.975877 72.919885 3.553963
v 5.312760 72.919885 3.679333
v 6.649643 72.919885 3.553963
v 7.895420 72.919885 3.186396
v 8.965193 72.919885 2.601681
v 9.786058 72.919885 1.839667
v 10.302076 72.919885 0.952281
v 10.478080 72.919885 0.000000
v 11.886965 73.808068 -0.000000
v 11.662955 73.808068 -1.212024
v 11.006189 73.808068 -2.341451
v 9.961425 73.808068 -3.311312
v 8.599863 73.808068 -4.055513
v 7.014290 73.808068 -4.523337
v 5.312760 73.808068 -4.682903
v 3.611231 73.808068 -4.523337
v 2.025657 73.808068 -4.055513
v 0.664095 73.808068 -3.311312
v -0.380669 73.808068 -2.341451
v -1.037435 73.808068 -1.212024
v -1.261445 73.808068 -0.000000
v -1.037435 73.808068 1.212024
v -0.380669 73.808068 2.341451
v 0.664095 73.808068 3.311312
v 2.025657 73.808068 4.055513
v 3.611231 73.808068 4.523337
v 5.312760 73.808068 4.682903
v 7.014290 73.808068 4.523337
v 8.599863 73.808068 4.055513
v 9.961425 73.808068 3.311312
v 11.006189 73.808068 2.341451
v 11.662955 73.808068 1.212024
v 11.886965 73.808068 0.000000
v 13.043208 74.890322 -0.000000
v 12.779799 74.890322 -1.425190
v 12.007524 74.890322 -2.753256
v 10.779012 74.890322 -3.893691
v 9.177984 74.890322 -4.768778
v 7.313547 74.890322 -5.318881
v 5.312760 74.890322 -5.506511
v 3.311973 74.890322 -5.318881
v 1.447536 74.890322 -4.768778
v -0.153492 74.890322 -3.893691
v -1.382004 74.890322 -2.753256
v -2.154279 74.890322 -1.425190
v -2.417687 74.890322 -0.000000
v -2.154279 74.890322 1.425190
v -1.382004 74.890322 2.753256
v -0.153492 74.890322 3.893691
v 1.447536 74.890322 4.768778
v 3.311973 74.890322 5.318881
v 5.312760 74.890322 5.506511
v 7.313547 74.890322 5.318881
v 9.177984 74.890322 4.768778
v 10.779012 74.890322 3.893691
v 12.007524 74.890322 2.753256
v 12.779799 74.890322 1.425190
v 13.043208 74.890322 0.000000
v 13.902373 76.125057 -0.000000
v 13.609689 76.125057 -1.583586
v 12.751583 76.125057 -3.059254
v 11.386534 76.125057 -4.326438
v 9.607567 76.125057 -5.298783
v 7.535916 76.125057 -5.910024
v 5.312760 76.125057 -6.118507
v 3.089605 76.125057 -5.910024
v 1.017954 76.125057 -5.298783
v -0.761014 76.125057 -4.326438
v -2.126063 76.125057 -3.059254
v -2.984169 76.125057 -1.583586
v -3.276853 76.125057 -0.000000
v -2.984169 76.125057 1.583586
v -2.126063 76.125057 3.059254
v -0.761014 76.125057 4.326438
v 1.017954 76.125057 5.298783
v 3.089605 76.125057 5.910024
v 5.312760 76.125057 6.118507
v 7.535916 76.125057 5.910024
v 9.607567 76.125057 5.298783
v 11.386534 76.125057 4.326438
v 12.751583 76.125057 3.059254
v 13.609689 76.125057 1.583586
v 13.902373 76.125057 0.000000
v 14.431445 77.464822 -0.000000
v 14.120733 77.464822 -1.681126
v 13.209773 77.464822 -3.247686
v 11.760644 77.464822 -4.592922
v 9.872102 77.464822 -5.625158
v 7.672849 77.464822 -6.274048
v 5.312760 77.464822 -6.495373
v 2.952671 77.464822 -6.274048
v 0.753418 77.464822 -5.625158
v -1.135124 77.464822 -4.592922
v -2.584252 77.464822 -3.247686
v -3.495213 77.464822 -1.681126
v -3.805924 77.464822 -0.000000
v -3.495213 77.464822 1.681126
v -2.584252 77.464822 3.247686
v -1.135124 77.464822 4.592922
v 0.753418 77.464822 5.625158
v 2.952671 77.464822 6.274048
v 5.312760 77.464822 6.495373
v 7.672849 77.464822 6.274048
v 9.872102 77.464822 5.625158
v 11.760644 77.464822 4.592922
v 13.209773 77.464822 3.247686
v 14.120733 77.464822 1.681126
v 14.431445 77.464822 0.000000
v 14.610090 78.858131 -0.000000
v 14.293291 78.858131 -1.714061
v 13.364484 78.858131 -3.311312
v 11.886965 78.858131 -4.682903
v 9.961425 78.858131 -5.735361
v 7.719086 78.858131 -6.396964
v 5.312760 78.858131 -6.622625
v 2.906434 78.858131 -6.396964
v 0.664095 78.858131 -5.735361
v -1.261445 78.858131 -4.682903
v -2.738964 78.858131 -3.311312
v -3.667771 78.858131 -1.714061
v -3.984570 78.858131 -0.000000
v -3.667771 78.858131 1.714061
v -2.738964 78.858131 3.311312
v -1.261445 78.858131 4.682903
v 0.664095 78.858131 5.735361
v 2.906434 78.858131 6.396964
v 5.312760 78.858131 6.622625
v 7.719086 78.858131 6.396964
v 9.961425 78.858131 5.735361
v 11.886965 78.858131 4.682903
v 13.364484 78.858131 3.311312
v 14.293291 78.858131 1.714061
v 14.610090 78.858131 0.000000
v 14.431445 80.251441 -0.000000
v 14.120733 80.251441 -1.681126
v 13.209773 80.251441 -3.247686
v 11.760644 80.251441 -4.592922
v 9.872102 80.251441 -5.625158
v 7.672849 80.251441 -6.274048
v 5.312760 80.251441 -6.495373
v 2.952671 80.251441 -6.274048
v 0.753418 80.251441 -5.625158
v -1.135124 80.251441 -4.592922
v -2.584252 80.251441 -3.247686
v -3.495213 80.251441 -1.681126
v -3.805924 80.251441 -0.000000
v -3.495213 80.251441 1.681126
v -2.584252 80.251441 3.247686
v -1.135124 80.251441 4.592922
v 0.753418 80.251441 5.625158
v 2.952671 80.251441 6.274048
v 5.312760 80.251441 6.495373
v 7.672849 80.251441 6.274048
v 9.872102 80.251441 5.625158
v 11.760644 80.251441 4.592922
v 13.209773 80.251441 3.247686
v 14.120733 80.251441 1.681126
v 14.431445 80.251441 0.000000
v 13.902373 81.591206 -0.000000
v 13.609689 81.591206 -1.583586
v 12.751583 81.591206 -3.059254
v 11.386534 81.591206 -4.326438
v 9.607567 81.591206 -5.298783
v 7.535916 81.591206 -5.910024
v 5.312760 81.591206 -6.118507
v 3.089605 81.591206 -5.910024
v 1.017954 81.591206 -5.298783
v -0.761014 81.591206 -4.326438
v -2.126063 81.591206 -3.059254
v -2.984169 81.591206 -1.583586
v -3.276853 81.591206 -0.000000
v -2.984169 81.591206 1.583586
v -2.126063 81.591206 3.059254
v -0.761014 81.591206 4.326438
v 1.017954 81.591206 5.298783
v 3.089605 81.591206 5.910024
v 5.312760 81.591206 6.118507
v 7.535916 81.591206 5.910024
v 9.607567 81.591206 5.298783
v 11.386534 81.591206 4.326438
v 12.751583 81.591206 3.059254
v 13.609689 81.591206 1.583586
v 13.902373 81.591206 0.000000
v 13.043208 82.825941 -0.000000
v 12.779799 82.825941 -1.425190
v 12.007524 82.825941 -2.753256
v 10.779012 82.825941 -3.893691
v 9.177984 82.825941 -4.768778
v 7.313547 82.825941 -5.318881
v 5.312760 82.825941 -5.506511
v 3.311973 82.825941 -5.318881
v 1.447536 82.825941 -4.768778
v -0.153492 82.825941 -3.893691
v -1.382004 82.825941 -2.753256
v -2.154279 82.825941 -1.425190
v -2.417687 82.825941 -0.000000
v -2.154279 82.825941 1.425190
v -1.382004 82.825941 2.753256
v -0.153492 82.825941 3.893691
v 1.447536 82.825941 4.768778
v 3.311973 82.825941 5.318881
v 5.312760 82.825941 5.506511
v 7.313547 82.825941 5.318881
v 9.177984 82.825941 4.768778
v 10.779012 82.825941 3.893691
v 12.007524 82.825941 2.753256
v 12.779799 82.825941 1.425190
v 13.043208 82.825941 0.000000
v 11.886965 83.908195 -0.000000
v 11.662955 83.908195 -1.212024
v 11.006189 83.908195 -2.341451
v 9.961425 83.908195 -3.311312
v 8.599863 83.908195 -4.055513
v 7.014290 83.908195 -4.523337
v 5.312760 83.908195 -4.682903
v 3.611231 83.908195 -4.523337
v 2.025657 83.908195 -4.055513
v 0.664095 83.908195 -3.311312
v -0.380669 83.908195 -2.341451
v -1.037435 83.908195 -1.212024
v -1.261445 83.908195 -0.000000
v -1.037435 83.908195 1.212024
v -0.380669 83.908195 2.341451
v 0.664095 83.908195 3.311312
v 2.025657 83.908195 4.055513
v 3.611231 83.908195 4.523337
v 5.312760 83.908195 4.682903
v 7.014290 83.908195 4.523337
v 8.599863 83.908195 4.055513
v 9.961425 83.908195 3.311312
v 11.006189 83.908195 2.341451
v 11.662955 83.908195 1.212024
v 11.886965 83.908195 0.000000
v 10.478080 84.796378 -0.000000
v 10.302076 84.796378 -0.952281
v 9.786058 84.796378 -1.839667
v 8.965193 84.796378 -2.601681
v 7.895420 84.796378 -3.186396
v 6.649643 84.796378 -3.553963
v 5.312760 84.796378 -3.679333
v 3.975877 84.796378 -3.553963
v 2.730100 84.796378 -3.186396
v 1.660327 84.796378 -2.601681
v 0.839462 84.796378 -1.839667
v 0.323444 84.796378 -0.952281
v 0.147440 84.796378 -0.000000
v 0.323444 84.796378 0.952281
v 0.839462 84.796378 1.839667
v 1.660327 84.796378 2.601681
v 2.730100 84.796378 3.186396
v 3.975877 84.796378 3.553963
v 5.312760 84.796378 3.679333
v 6.649643 84.796378 3.553963
v 7.895420 84.796378 3.186396
v 8.965193 84.796378 2.601681
v 9.786058 84.796378 1.839667
v 10.302076 84.796378 0.952281
v 10.478080 84.796378 0.000000
v 8.870694 85.456358 -0.000000
v 8.749461 85.456358 -0.655943
v 8.394022 85.456358 -1.267184
v 7.828600 85.456358 -1.792069
v 7.091727 85.456358 -2.194828
v 6.233621 85.456358 -2.448012
v 5.312760 85.456358 -2.534369
v 4.391899 85.456358 -2.448012
v 3.533793 85.456358 -2.194828
v 2.796921 85.456358 -1.792069
v 2.231499 85.456358 -1.267184
v 1.876060 85.456358 -0.655943
v 1.754826 85.456358 -0.000000
v 1.876060 85.456358 0.655943
v 2.231499 85.456358 1.267184
v 2.796921 85.456358 1.792069
v 3.533793 85.456358 2.194828
v 4.391899 85.456358 2.448012
v 5.312760 85.456358 2.534369
v 6.233621 85.456358 2.448012
v 7.091727 85.456358 2.194828
v 7.828600 85.456358 1.792069
v 8.394022 85.456358 1.267184
v 8.749461 85.456358 0.655943
v 8.870694 85.456358 0.000000
v 7.126579 85.862771 -0.000000
v 7.064775 85.862771 -0.334397
v 6.883574 85.862771 -0.646005
v 6.595324 85.862771 -0.913589
v 6.219670 85.862771 -1.118913
v 5.782211 85.862771 -1.247986
v 5.312760 85.862771 -1.292010
v 4.843309 85.862771 -1.247986
v 4.405851 85.862771 -1.118913
v 4.030196 85.862771 -0.913589
v 3.741947 85.862771 -0.646005
v 3.560745 85.862771 -0.334397
v 3.498941 85.862771 -0.000000
v 3.560745 85.862771 0.334397
v 3.741947 85.862771 0.646005
v 4.030196 85.862771 0.913589
v 4.405851 85.862771 1.118913
v 4.843309 85.862771 1.247986
v 5.312760 85.862771 1.292010
v 5.782211 85.862771 1.247986
v 6.219670 85.862771 1.118913
v 6.595324 85.862771 0.913589
v 6.883574 85.862771 0.646005
v 7.064775 85.862771 0.334397
v 7.126579 85.862771 0.000000
v 5.312760 86.000000 -0.000000
vt 0.5000000 0.6996875
vt 0.0865625 0.8072674
vt 0.1210156 0.8072674
vt 0.1554687 0.8072674
vt 0.1899219 0.8072674
vt 0.2243750 0.8072674
vt 0.2588281 0.8072674
vt 0.2932812 0.8072674
vt 0.3277344 0.8072674
vt 0.3621875 0.8072674
vt 0.3966406 0.8072674
vt 0.4310938 0.8072674
vt 0.4655469 0.8072674
vt 0.5000000 0.8072674
vt 0.5344531 0.8072674
vt 0.5689062 0.8072674
vt 0.6033594 0.8072674
vt 0.6378125 0.8072674
vt 0.6722656 0.8072674
vt 0.7067187 0.8072674
vt 0.7411719 0.8072674
vt 0.7756250 0.8072674
vt 0.8100781 0.8072674
vt 0.8445312 0.8072674
vt 0.8789844 0.8072674
vt 0.9134375 0.8072674
vt 0.0865625 0.8010255
vt 0.1210156 0.8010255
vt 0.1554687 0.8010255
vt 0.1899219 0.8010255
vt 0.2243750 0.8010255
vt 0.2588281 0.8010255
vt 0.2932812 0.8010255
vt 0.3277344 0.8010255
vt 0.3621875 0.8010255
vt 0.3966406 0.8010255
vt 0.4310938 0.8010255
vt 0.4655469 0.8010255
vt 0.5000000 0.8010255
vt 0.5344531 0.8010255
vt 0.5689062 0.8010255
vt 0.6033594 0.8010255
vt 0.6378125 0.8010255
vt 0.6722656 0.8010255
vt 0.7067187 0.8010255
vt 0.7411719 0.8010255
vt 0.7756250 0.8010255
vt 0.8100781 0.8010255
vt 0.8445312 0.8010255
vt 0.8789844 0.8010255
vt 0.9134375 0.8010255
vt 0.0865625 0.7908893
vt 0.1210156 0.7908893
vt 0.1554687 0.7908893
vt 0.1899219 0.7908893
vt 0.2243750 0.7908893
vt 0.2588281 0.7908893
vt 0.2932812 0.7908893
vt 0.3277344 0.7908893
vt 0.3621875 0.7908893
vt 0.3966406 0.7908893
vt 0.4310938 0.7908893
vt 0.4655469 0.7908893
vt 0.5000000 0.7908893
vt 0.5344531 0.7908893
vt 0.5689062 0.7908893
vt 0.6033594 0.7908893
vt 0.6378125 0.7908893
vt 0.6722656 0.7908893
vt 0.7067187 0.7908893
vt 0.7411719 0.7908893
vt 0.7756250 0.7908893
vt 0.8100781 0.7908893
vt 0.8445312 0.7908893
vt 0.8789844 0.7908893
vt 0.9134375 0.7908893
vt 0.0865625 0.7772483
vt 0.1210156 0.7772483
vt 0.1554687 0.7772483
vt 0.1899219 0.7772483
vt 0.2243750 0.7772483
vt 0.2588281 0.7772483
vt 0.2932812 0.7772483
vt 0.3277344 0.7772483
vt 0.3621875 0.7772483
vt 0.3966406 0.7772483
vt 0.4310938 0.7772483
vt 0.4655469 0.7772483
vt 0.5000000 0.7772483
vt 0.5344531 0.7772483
vt 0.5689062 0.7772483
vt 0.6033594 0.7772483
vt 0.6378125 0.7772483
vt 0.6722656 0.7772483
vt 0.7067187 0.7772483
vt 0.7411719 0.7772483
vt 0.7756250 0.7772483
vt 0.8100781 0.7772483
vt 0.8445312 0.7772483
vt 0.8789844 0.7772483
vt 0.9134375 0.7772483
vt 0.0865625 0.7606266
vt 0.1210156 0.7606266
vt 0.1554687 0.7606266
vt 0.1899219 0.7606266
vt 0.2243750 0.7606266
vt 0.2588281 0.7606266
vt 0.2932812 0.7606266
vt 0.3277344 0.7606266
vt 0.3621875 0.7606266
vt 0.3966406 0.7606266
vt 0.4310938 0.7606266
vt 0.4655469 0.7606266
vt 0.5000000 0.7606266
vt 0.5344531 0.7606266
vt 0.5689062 0.7606266
vt 0.6033594 0.7606266
vt 0.6378125 0.7606266
vt 0.6722656 0.7606266
vt 0.7067187 0.7606266
vt 0.7411719 0.7606266
vt 0.7756250 0.7606266
vt 0.8100781 0.7606266
vt 0.8445312 0.7606266
vt 0.8789844 0.7606266
vt 0.9134375 0.7606266
vt 0.0865625 0.7416631
vt 0.1210156 0.7416631
vt 0.1554687 0.7416631
vt 0.1899219 0.7416631
vt 0.2243750 0.7416631
vt 0.2588281 0.7416631
vt 0.2932812 0.7416631
vt 0.3277344 0.7416631
vt 0.3621875 0.7416631
vt 0.3966406 0.7416631
vt 0.4310938 0.7416631
vt 0.4655469 0.7416631
vt 0.5000000 0.7416631
vt 0.5344531 0.7416631
vt 0.5689062 0.7416631
vt 0.6033594 0.7416631
vt 0.6378125 0.7416631
vt 0.6722656 0.7416631
vt 0.7067187 0.7416631
vt 0.7411719 0.7416631
vt 0.7756250 0.7416631
vt 0.8100781 0.7416631
vt 0.8445312 0.7416631
vt 0.8789844 0.7416631
vt 0.9134375 0.7416631
vt 0.0865625 0.7210865
vt 0.1210156 0.7210865
vt 0.1554687 0.7210865
vt 0.1899219 0.7210865
vt 0.2243750 0.7210865
vt 0.2588281 0.7210865
vt 0.2932812 0.7210865
vt 0.3277344 0.7210865
vt 0.3621875 0.7210865
vt 0.3966406 0.7210865
vt 0.4310938 0.7210865
vt 0.4655469 0.7210865
vt 0.5000000 0.7210865
vt 0.5344531 0.7210865
vt 0.5689062 0.7210865
vt 0.6033594 0.7210865
vt 0.6378125 0.7210865
vt 0.6722656 0.7210865
vt 0.7067187 0.7210865
vt 0.7411719 0.7210865
vt 0.7756250 0.7210865
vt 0.8100781 0.7210865
vt 0.8445312 0.7210865
vt 0.8789844 0.7210865
vt 0.9134375 0.7210865
vt 0.0865625 0.6996875
vt 0.1210156 0.6996875
vt 0.1554687 0.6996875
vt 0.1899219 0.6996875
vt 0.2243750 0.6996875
vt 0.2588281 0.6996875
vt 0.2932812 0.6996875
vt 0.3277344 0.6996875
vt 0.3621875 0.6996875
vt 0.3966406 0.6996875
vt 0.4310938 0.6996875
vt 0.4655469 0.6996875
vt 0.5000000 0.6996875
vt 0.5344531 0.6996875
vt 0.5689062 0.6996875
vt 0.6033594 0.6996875
vt 0.6378125 0.6996875
vt 0.6722656 0.6996875
vt 0.7067187 0.6996875
vt 0.7411719 0.6996875
vt 0.7756250 0.6996875
vt 0.8100781 0.6996875
vt 0.8445312 0.6996875
vt 0.8789844 0.6996875
vt 0.9134375 0.6996875
vt 0.0865625 0.6782885
vt 0.1210156 0.6782885
vt 0.1554687 0.6782885
vt 0.1899219 0.6782885
vt 0.2243750 0.6782885
vt 0.2588281 0.6782885
vt 0.2932812 0.6782885
vt 0.3277344 0.6782885
vt 0.3621875 0.6782885
vt 0.3966406 0.6782885
vt 0.4310938 0.6782885
vt 0.4655469 0.6782885
vt 0.5000000 0.6782885
vt 0.5344531 0.6782885
vt 0.5689062 0.6782885
vt 0.6033594 0.6782885
vt 0.6378125 0.6782885
vt 0.6722656 0.6782885
vt 0.7067187 0.6782885
vt 0.7411719 0.6782885
vt 0.7756250 0.6782885
vt 0.8100781 0.6782885
vt 0.8445312 0.6782885
vt 0.8789844 0.6782885
vt 0.9134375 0.6782885
vt 0.0865625 0.6577119
vt 0.1210156 0.6577119
vt 0.1554687 0.6577119
vt 0.1899219 0.6577119
vt 0.2243750 0.6577119
vt 0.2588281 0.6577119
vt 0.2932812 0.6577119
vt 0.3277344 0.6577119
vt 0.3621875 0.6577119
vt 0.3966406 0.6577119
vt 0.4310938 0.6577119
vt 0.4655469 0.6577119
vt 0.5000000 0.6577119
vt 0.5344531 0.6577119
vt 0.5689062 0.6577119
vt 0.6033594 0.6577119
vt 0.6378125 0.6577119
vt 0.6722656 0.6577119
vt 0.7067187 0.6577119
vt 0.7411719 0.6577119
vt 0.7756250 0.6577119
vt 0.8100781 0.6577119
vt 0.8445312 0.6577119
vt 0.8789844 0.6577119
vt 0.9134375 0.6577119
vt 0.0865625 0.6387484
vt 0.1210156 0.6387484
vt 0.1554687 0.6387484
vt 0.1899219 0.6387484
vt 0.2243750 0.6387484
vt 0.2588281 0.6387484
vt 0.2932812 0.6387484
vt 0.3277344 0.6387484
vt 0.3621875 0.6387484
vt 0.3966406 0.6387484
vt 0.4310938 0.6387484
vt 0.4655469 0.6387484
vt 0.5000000 0.6387484
vt 0.5344531 0.6387484
vt 0.5689062 0.6387484
vt 0.6033594 0.6387484
vt 0.6378125 0.6387484
vt 0.6722656 0.6387484
vt 0.7067187 0.6387484
vt 0.7411719 0.6387484
vt 0.7756250 0.6387484
vt 0.8100781 0.6387484
vt 0.8445312 0.6387484
vt 0.8789844 0.6387484
vt 0.9134375 0.6387484
vt 0.0865625 0.6221267
vt 0.1210156 0.6221267
vt 0.1554687 0.6221267
vt 0.1899219 0.6221267
vt 0.2243750 0.6221267
vt 0.2588281 0.6221267
vt 0.2932812 0.6221267
vt 0.3277344 0.6221267
vt 0.3621875 0.6221267
vt 0.3966406 0.6221267
vt 0.4310938 0.6221267
vt 0.4655469 0.6221267
vt 0.5000000 0.6221267
vt 0.5344531 0.6221267
vt 0.5689062 0.6221267
vt 0.6033594 0.6221267
vt 0.6378125 0.6221267
vt 0.6722656 0.6221267
vt 0.7067187 0.6221267
vt 0.7411719 0.6221267
vt 0.7756250 0.6221267
vt 0.8100781 0.6221267
vt 0.8445312 0.6221267
vt 0.8789844 0.6221267
vt 0.9134375 0.6221267
vt 0.0865625 0.6084857
vt 0.1210156 0.6084857
vt 0.1554687 0.6084857
vt 0.1899219 0.6084857
vt 0.2243750 0.6084857
vt 0.2588281 0.6084857
vt 0.2932812 0.6084857
vt 0.3277344 0.6084857
vt 0.3621875 0.6084857
vt 0.3966406 0.6084857
vt 0.4310938 0.6084857
vt 0.4655469 0.6084857
vt 0.5000000 0.6084857
vt 0.5344531 0.6084857
vt 0.5689062 0.6084857
vt 0.6033594 0.6084857
vt 0.6378125 0.6084857
vt 0.6722656 0.6084857
vt 0.7067187 0.6084857
vt 0.7411719 0.6084857
vt 0.7756250 0.6084857
vt 0.8100781 0.6084857
vt 0.8445312 0.6084857
vt 0.8789844 0.6084857
vt 0.9134375 0.6084857
vt 0.0865625 0.5983495
vt 0.1210156 0.5983495
vt 0.1554687 0.5983495
vt 0.1899219 0.5983495
vt 0.2243750 0.5983495
vt 0.2588281 0.5983495
vt 0.2932812 0.5983495
vt 0.3277344 0.5983495
vt 0.3621875 0.5983495
vt 0.3966406 0.5983495
vt 0.4310938 0.5983495
vt 0.4655469 0.5983495
vt 0.5000000 0.5983495
vt 0.5344531 0.5983495
vt 0.5689062 0.5983495
vt 0.6033594 0.5983495
vt 0.6378125 0.5983495
vt 0.6722656 0.5983495
vt 0.7067187 0.5983495
vt 0.7411719 0.5983495
vt 0.7756250 0.5983495
vt 0.8100781 0.5983495
vt 0.8445312 0.5983495
vt 0.8789844 0.5983495
vt 0.9134375 0.5983495
vt 0.0865625 0.5921076
vt 0.1210156 0.5921076
vt 0.1554687 0.5921076
vt 0.1899219 0.5921076
vt 0.2243750 0.5921076
vt 0.2588281 0.5921076
vt 0.2932812 0.5921076
vt 0.3277344 0.5921076
vt 0.3621875 0.5921076
vt 0.3966406 0.5921076
vt 0.4310938 0.5921076
vt 0.4655469 0.5921076
vt 0.5000000 0.5921076
vt 0.5344531 0.5921076
vt 0.5689062 0.5921076
vt 0.6033594 0.5921076
vt 0.6378125 0.5921076
vt 0.6722656 0.5921076
vt 0.7067187 0.5921076
vt 0.7411719 0.5921076
vt 0.7756250 0.5921076
vt 0.8100781 0.5921076
vt 0.8445312 0.5921076
vt 0.8789844 0.5921076
vt 0.9134375 0.5921076
vt 0.5000000 0.6996875
vn -0.0000000 -1.0000000 0.0000000
vn 0.1760341 -0.9842879 -0.0137636
vn 0.1672605 -0.9828898 -0.0771467
vn 0.1468922 -0.9799130 -0.1348822
vn 0.1165747 -0.9761843 -0.1829606
vn 0.0785912 -0.9727110 -0.2183042
vn 0.0355819 -0.9704034 -0.2388537
vn -0.0096602 -0.9698515 -0.2435050
vn -0.0542989 -0.9711946 -0.2320186
vn -0.0955079 -0.9740924 -0.2049932
vn -0.1305408 -0.9777971 -0.1639266
vn -0.1568784 -0.9813253 -0.1113092
vn -0.1724723 -0.9837119 -0.0506376
vn -0.1760341 -0.9842879 0.0137636
vn -0.1672605 -0.9828898 0.0771467
vn -0.1468922 -0.9799130 0.1348822
vn -0.1165747 -0.9761843 0.1829606
vn -0.0785912 -0.9727110 0.2183042
vn -0.0355819 -0.9704034 0.2388537
vn 0.0096602 -0.9698515 0.2435050
vn 0.0542989 -0.9711946 0.2320186
vn 0.0955079 -0.9740924 0.2049932
vn 0.1305408 -0.9777971 0.1639266
vn 0.1568784 -0.9813253 0.1113092
vn 0.1724723 -0.9837119 0.0506376
vn 0.1760341 -0.9842879 -0.0137636
vn 0.3153004 -0.9488992 -0.0132687
vn 0.3009233 -0.9451701 -0.1268802
vn 0.2648315 -0.9365190 -0.2297746
vn 0.2109444 -0.9255423 -0.3144423
vn 0.1441683 -0.9152725 -0.3761539
vn 0.0693746 -0.9082900 -0.4125487
vn -0.0090263 -0.9062112 -0.4227289
vn -0.0869674 -0.9094963 -0.4065134
vn -0.1603328 -0.9174137 -0.3642054
vn -0.2246009 -0.9281004 -0.2969579
vn -0.2748313 -0.9388132 -0.2075996
vn -0.3062364 -0.9465296 -0.1014935
vn -0.3153004 -0.9488992 0.0132687
vn -0.3009233 -0.9451701 0.1268802
vn -0.2648315 -0.9365190 0.2297746
vn -0.2109444 -0.9255423 0.3144423
vn -0.1441683 -0.9152725 0.3761539
vn -0.0693746 -0.9082900 0.4125487
vn 0.0090263 -0.9062112 0.4227289
vn 0.0869674 -0.9094963 0.4065134
vn 0.1603328 -0.9174137 0.3642054
vn 0.2246009 -0.9281004 0.2969579
vn 0.2748313 -0.9388132 0.2075996
vn 0.3062364 -0.9465296 0.1014935
vn 0.3153004 -0.9488992 -0.0132687
vn 0.4641450 -0.8856726 -0.0123846
vn 0.4425218 -0.8786741 -0.1791822
vn 0.3869185 -0.8619865 -0.3275260
vn 0.3057977 -0.8412065 -0.4459366
vn 0.2083579 -0.8222374 -0.5296344
vn 0.1020091 -0.8094971 -0.5781943
vn -0.0080228 -0.8054639 -0.5925905
vn -0.1177814 -0.8108445 -0.5732876
vn -0.2232065 -0.8246881 -0.5196811
vn -0.3187925 -0.8442395 -0.4308493
vn -0.3968004 -0.8648113 -0.3076538
vn -0.4479293 -0.8803982 -0.1557511
vn -0.4641450 -0.8856726 0.0123846
vn -0.4425218 -0.8786741 0.1791822
vn -0.3869185 -0.8619865 0.3275260
vn -0.3057977 -0.8412065 0.4459366
vn -0.2083579 -0.8222374 0.5296344
vn -0.1020091 -0.8094971 0.5781943
vn 0.0080228 -0.8054639 0.5925905
vn 0.1177814 -0.8108445 0.5732876
vn 0.2232065 -0.8246881 0.5196811
vn 0.3187925 -0.8442395 0.4308493
vn 0.3968004 -0.8648113 0.3076538
vn 0.4479293 -0.8803982 0.1557511
vn 0.4641450 -0.8856726 -0.0123846
vn 0.6140769 -0.7891690 -0.0110352
vn 0.5833351 -0.7787780 -0.2307054
vn 0.5043267 -0.7539632 -0.4209443
vn 0.3933308 -0.7241278 -0.5665067
vn 0.2655155 -0.6979178 -0.6651408
vn 0.1305515 -0.6807569 -0.7207817
vn -0.0067254 -0.6752084 -0.7375963
vn -0.1439019 -0.6819470 -0.7171057
vn -0.2784413 -0.7001437 -0.6574719
vn -0.4051327 -0.7270020 -0.5543785
vn -0.5137433 -0.7567718 -0.4041836
vn -0.5886953 -0.7805612 -0.2101478
vn -0.6140769 -0.7891690 0.0110352
vn -0.5833351 -0.7787780 0.2307054
vn -0.5043267 -0.7539632 0.4209443
vn -0.3933308 -0.7241278 0.5665067
vn -0.2655155 -0.6979178 0.6651408
vn -0.1305515 -0.6807569 0.7207817
vn 0.0067254 -0.6752084 0.7375963
vn 0.1439019 -0.6819470 0.7171057
vn 0.2784413 -0.7001437 0.6574719
vn 0.4051327 -0.7270020 0.5543785
vn 0.5137433 -0.7567718 0.4041836
vn 0.5886953 -0.7805612 0.2101478
vn 0.6140769 -0.7891690 -0.0110352
vn 0.7574971 -0.6527747 -0.0091279
vn 0.7159284 -0.6401888 -0.2785763
vn 0.6104565 -0.6104694 -0.5046484
vn 0.4687677 -0.5762339 -0.6694859
vn 0.3129017 -0.5474259 -0.7761555
vn 0.1538202 -0.5291017 -0.8345003
vn -0.0052107 -0.5231343 -0.8522343
vn -0.1642594 -0.5299348 -0.8319784
vn -0.3232888 -0.5490272 -0.7707486
vn -0.4786716 -0.5783930 -0.6605566
vn -0.6187822 -0.6126925 -0.4916468
vn -0.7208888 -0.6416661 -0.2618854
vn -0.7574971 -0.6527747 0.0091279
vn -0.7159284 -0.6401888 0.2785763
vn -0.6104565 -0.6104694 0.5046484
vn -0.4687677 -0.5762339 0.6694859
vn -0.3129017 -0.5474259 0.7761555
vn -0.1538202 -0.5291017 0.8345003
vn 0.0052107 -0.5231343 0.8522343
vn 0.1642594 -0.5299348 0.8319784
vn 0.3232888 -0.5490272 0.7707486
vn 0.4786716 -0.5783930 0.6605566
vn 0.6187822 -0.6126925 0.4916468
vn 0.7208888 -0.6416661 0.2618854
vn 0.7574971 -0.6527747 -0.0091279
vn 0.8816648 -0.4718300 -0.0065977
vn 0.8289003 -0.4598978 -0.3184626
vn 0.6971564 -0.4321358 -0.5720416
vn 0.5276123 -0.4014516 -0.7486400
vn 0.3486321 -0.3766237 -0.8582600
vn 0.1712254 -0.3612275 -0.9166224
vn -0.0035479 -0.3561959 -0.9344046
vn -0.1783867 -0.3616541 -0.9150872
vn -0.3559206 -0.3774625 -0.8548933
vn -0.5348271 -0.4026258 -0.7428677
vn -0.7035196 -0.4334042 -0.5632237
vn -0.8328645 -0.4607791 -0.3066256
vn -0.8816648 -0.4718300 0.0065977
vn -0.8289003 -0.4598978 0.3184626
vn -0.6971564 -0.4321358 0.5720416
vn -0.5276123 -0.4014516 0.7486400
vn -0.3486321 -0.3766237 0.8582600
vn -0.1712254 -0.3612275 0.9166224
vn 0.0035479 -0.3561959 0.9344046
vn 0.1783867 -0.3616541 0.9150872
vn 0.3559206 -0.3774625 0.8548933
vn 0.5348271 -0.4026258 0.7428677
vn 0.7035196 -0.4334042 0.5632237
vn 0.8328645 -0.4607791 0.3066256
vn 0.8816648 -0.4718300 -0.0065977
vn 0.9684712 -0.2491010 -0.0034833
vn 0.9070605 -0.2417016 -0.3447051
vn 0.7552315 -0.2246369 -0.6157626
vn 0.5657616 -0.2063248 -0.7983382
vn 0.3713890 -0.1919019 -0.9084293
vn 0.1824881 -0.1831047 -0.9660076
vn -0.0017950 -0.1802148 -0.9836256
vn -0.1861287 -0.1832202 -0.9652909
vn -0.3751498 -0.1921324 -0.9068339
vn -0.5695803 -0.2066558 -0.7955323
vn -0.7587166 -0.2250069 -0.6113272
vn -0.9093058 -0.2419675 -0.3385479
vn -0.9684712 -0.2491010 0.0034833
vn -0.9070605 -0.2417016 0.3447051
vn -0.7552315 -0.2246369 0.6157626
vn -0.5657616 -0.2063248 0.7983382
vn -0.3713890 -0.1919019 0.9084293
vn -0.1824881 -0.1831047 0.9660076
vn 0.0017950 -0.1802148 0.9836256
vn 0.1861287 -0.1832202 0.9652909
vn 0.3751498 -0.1921324 0.9068339
vn 0.5695803 -0.2066558 0.7955323
vn 0.7587166 -0.2250069 0.6113272
vn 0.9093058 -0.2419675 0.3385479
vn 0.9684712 -0.2491010 -0.0034833
vn 1.0000000 -0.0000000 0.0000000
vn 0.9359696 0.0000000 -0.3520808
vn 0.7768636 0.0000000 -0.6296689
vn 0.5801747 -0.0000000 -0.8144921
vn 0.3803468 -0.0000000 -0.9248440
vn 0.1874798 -0.0000000 -0.9822685
vn 0.0000000 -0.0000000 -1.0000000
vn -0.1874798 0.0000000 -0.9822685
vn -0.3803468 0.0000000 -0.9248440
vn -0.5801747 0.0000000 -0.8144921
vn -0.7768636 -0.0000000 -0.6296689
vn -0.9359696 0.0000000 -0.3520808
vn -1.0000000 -0.0000000 -0.0000000
vn -0.9359696 -0.0000000 0.3520808
vn -0.7768636 0.0000000 0.6296689
vn -0.5801747 -0.0000000 0.8144921
vn -0.3803468 0.0000000 0.9248440
vn -0.1874798 -0.0000000 0.9822685
vn -0.0000000 0.0000000 1.0000000
vn 0.1874798 0.0000000 0.9822685
vn 0.3803468 -0.0000000 0.9248440
vn 0.5801747 -0.0000000 0.8144921
vn 0.7768636 0.0000000 0.6296689
vn 0.9359696 -0.0000000 0.3520808
vn 1.0000000 -0.0000000 0.0000000
vn 0.9684712 0.2491010 0.0034833
vn 0.9093058 0.2419675 -0.3385479
vn 0.7587166 0.2250069 -0.6113272
vn 0.5695803 0.2066558 -0.7955323
vn 0.3751498 0.1921324 -0.9068339
vn 0.1861287 0.1832202 -0.9652909
vn 0.0017950 0.1802148 -0.9836256
vn -0.1824881 0.1831047 -0.9660076
vn -0.3713890 0.1919019 -0.9084293
vn -0.5657616 0.2063248 -0.7983382
vn -0.7552315 0.2246369 -0.6157626
vn -0.9070605 0.2417016 -0.3447051
vn -0.9684712 0.2491010 -0.0034833
vn -0.9093058 0.2419675 0.3385479
vn -0.7587166 0.2250069 0.6113272
vn -0.5695803 0.2066558 0.7955323
vn -0.3751498 0.1921324 0.9068339
vn -0.1861287 0.1832202 0.9652909
vn -0.0017950 0.1802148 0.9836256
vn 0.1824881 0.1831047 0.9660076
vn 0.3713890 0.1919019 0.9084293
vn 0.5657616 0.2063248 0.7983382
vn 0.7552315 0.2246369 0.6157626
vn 0.9070605 0.2417016 0.3447051
vn 0.9684712 0.2491010 0.0034833
vn 0.8816648 0.4718300 0.0065977
vn 0.8328645 0.4607791 -0.3066256
vn 0.7035196 0.4334042 -0.5632237
vn 0.5348271 0.4026258 -0.7428677
vn 0.3559206 0.3774625 -0.8548933
vn 0.1783867 0.3616541 -0.9150872
vn 0.0035479 0.3561959 -0.9344046
vn -0.1712254 0.3612275 -0.9166224
vn -0.3486321 0.3766237 -0.8582600
vn -0.5276123 0.4014516 -0.7486400
vn -0.6971564 0.4321358 -0.5720416
vn -0.8289003 0.4598978 -0.3184626
vn -0.8816648 0.4718300 -0.0065977
vn -0.8328645 0.4607791 0.3066256
vn -0.7035196 0.4334042 0.5632237
vn -0.5348271 0.4026258 0.7428677
vn -0.3559206 0.3774625 0.8548933
vn -0.1783867 0.3616541 0.9150872
vn -0.0035479 0.3561959 0.9344046
vn 0.1712254 0.3612275 0.9166224
vn 0.3486321 0.3766237 0.8582600
vn 0.5276123 0.4014516 0.7486400
vn 0.6971564 0.4321358 0.5720416
vn 0.8289003 0.4598978 0.3184626
vn 0.8816648 0.4718300 0.0065977
vn 0.7574971 0.6527747 0.0091279
vn 0.7208888 0.6416661 -0.2618854
vn 0.6187822 0.6126925 -0.4916468
vn 0.4786716 0.5783930 -0.6605566
vn 0.3232888 0.5490272 -0.7707486
vn 0.1642594 0.5299348 -0.8319784
vn 0.0052107 0.5231343 -0.8522343
vn -0.1538202 0.5291017 -0.8345003
vn -0.3129017 0.5474259 -0.7761555
vn -0.4687677 0.5762339 -0.6694859
vn -0.6104565 0.6104694 -0.5046484
vn -0.7159284 0.6401888 -0.2785763
vn -0.7574971 0.6527747 -0.0091279
vn -0.7208888 0.6416661 0.2618854
vn -0.6187822 0.6126925 0.4916468
vn -0.4786716 0.5783930 0.6605566
vn -0.3232888 0.5490272 0.7707486
vn -0.1642594 0.5299348 0.8319784
vn -0.0052107 0.5231343 0.8522343
vn 0.1538202 0.5291017 0.8345003
vn 0.3129017 0.5474259 0.7761555
vn 0.4687677 0.5762339 0.6694859
vn 0.6104565 0.6104694 0.5046484
vn 0.7159284 0.6401888 0.2785763
vn 0.7574971 0.6527747 0.0091279
vn 0.6140769 0.7891690 0.0110352
vn 0.5886953 0.7805612 -0.2101478
vn 0.5137433 0.7567718 -0.4041836
vn 0.4051327 0.7270020 -0.5543785
vn 0.2784413 0.7001437 -0.6574719
vn 0.1439019 0.6819470 -0.7171057
vn 0.0067254 0.6752084 -0.7375963
vn -0.1305515 0.6807569 -0.7207817
vn -0.2655155 0.6979178 -0.6651408
vn -0.3933308 0.7241278 -0.5665067
vn -0.5043267 0.7539632 -0.4209443
vn -0.5833351 0.7787780 -0.2307054
vn -0.6140769 0.7891690 -0.0110352
vn -0.5886953 0.7805612 0.2101478
vn -0.5137433 0.7567718 0.4041836
vn -0.4051327 0.7270020 0.5543785
vn -0.2784413 0.7001437 0.6574719
vn -0.1439019 0.6819470 0.7171057
vn -0.0067254 0.6752084 0.7375963
vn 0.1305515 0.6807569 0.7207817
vn 0.2655155 0.6979178 0.6651408
vn 0.3933308 0.7241278 0.5665067
vn 0.5043267 0.7539632 0.4209443
vn 0.5833351 0.7787780 0.2307054
vn 0.6140769 0.7891690 0.0110352
vn 0.4641450 0.8856726 0.0123846
vn 0.4479293 0.8803982 -0.1557511
vn 0.3968004 0.8648113 -0.3076538
vn 0.3187925 0.8442395 -0.4308493
vn 0.2232065 0.8246881 -0.5196811
vn 0.1177814 0.8108445 -0.5732876
vn 0.0080228 0.8054639 -0.5925905
vn -0.1020091 0.8094971 -0.5781943
vn -0.2083579 0.8222374 -0.5296344
vn -0.3057977 0.8412065 -0.4459366
vn -0.3869185 0.8619865 -0.3275260
vn -0.4425218 0.8786741 -0.1791822
vn -0.4641450 0.8856726 -0.0123846
vn -0.4479293 0.8803982 0.1557511
vn -0.3968004 0.8648113 0.3076538
vn -0.3187925 0.8442395 0.4308493
vn -0.2232065 0.8246881 0.5196811
vn -0.1177814 0.8108445 0.5732876
vn -0.0080228 0.8054639 0.5925905
vn 0.1020091 0.8094971 0.5781943
vn 0.2083579 0.8222374 0.5296344
vn 0.3057977 0.8412065 0.4459366
vn 0.3869185 0.8619865 0.3275260
vn 0.4425218 0.8786741 0.1791822
vn 0.4641450 0.8856726 0.0123846
vn 0.3153004 0.9488992 0.0132687
vn 0.3062364 0.9465296 -0.1014935
vn 0.2748313 0.9388132 -0.2075996
vn 0.2246009 0.9281004 -0.2969579
vn 0.1603328 0.9174137 -0.3642054
vn 0.0869674 0.9094963 -0.4065134
vn 0.0090263 0.9062112 -0.4227289
vn -0.0693746 0.9082900 -0.4125487
vn -0.1441683 0.9152725 -0.3761539
vn -0.2109444 0.9255423 -0.3144423
vn -0.2648315 0.9365190 -0.2297746
vn -0.3009233 0.9451701 -0.1268802
vn -0.3153004 0.9488992 -0.0132687
vn -0.3062364 0.9465296 0.1014935
vn -0.2748313 0.9388132 0.2075996
vn -0.2246009 0.9281004 0.2969579
vn -0.1603328 0.9174137 0.3642054
vn -0.0869674 0.9094963 0.4065134
vn -0.0090263 0.9062112 0.4227289
vn 0.0693746 0.9082900 0.4125487
vn 0.1441683 0.9152725 0.3761539
vn 0.2109444 0.9255423 0.3144423
vn 0.2648315 0.9365190 0.2297746
vn 0.3009233 0.9451701 0.1268802
vn 0.3153004 0.9488992 0.0132687
vn 0.1760341 0.9842879 0.0137636
vn 0.1724723 0.9837119 -0.0506376
vn 0.1568784 0.9813253 -0.1113092
vn 0.1305408 0.9777971 -0.1639266
vn 0.0955079 0.9740924 -0.2049932
vn 0.0542989 0.9711946 -0.2320186
vn 0.0096602 0.9698515 -0.2435050
vn -0.0355819 0.9704034 -0.2388537
vn -0.0785912 0.9727110 -0.2183042
vn -0.1165747 0.9761843 -0.1829606
vn -0.1468922 0.9799130 -0.1348822
vn -0.1672605 0.9828898 -0.0771467
vn -0.1760341 0.9842879 -0.0137636
vn -0.1724723 0.9837119 0.0506376
vn -0.1568784 0.9813253 0.1113092
vn -0.1305408 0.9777971 0.1639266
vn -0.0955079 0.9740924 0.2049932
vn -0.0542989 0.9711946 0.2320186
vn -0.0096602 0.9698515 0.2435050
vn 0.0355819 0.9704034 0.2388537
vn 0.0785912 0.9727110 0.2183042
vn 0.1165747 0.9761843 0.1829606
vn 0.1468922 0.9799130 0.1348822
vn 0.1672605 0.9828898 0.0771467
vn 0.1760341 0.9842879 0.0137636
vn -0.0000000 1.0000000 0.0000000
s 1
f 1371/1371/1371 1373/1373/1373 1372/1372/1372
f 1371/1371/1371 1374/1374/1374 1373/1373/1373
f 1371/1371/1371 1375/1375/1375 1374/1374/1374
f 1371/1371/1371 1376/1376/1376 1375/1375/1375
f 1371/1371/1371 1377/1377/1377 1376/1376/1376
f 1371/1371/1371 1378/1378/1378 1377/1377/1377
f 1371/1371/1371 1379/1379/1379 1378/1378/1378
f 1371/1371/1371 1380/1380/1380 1379/1379/1379
f 1371/1371/1371 1381/1381/1381 1380/1380/1380
f 1371/1371/1371 1382/1382/1382 1381/1381/1381
f 1371/1371/1371 1383/1383/1383 1382/1382/1382
f 1371/1371/1371 1384/1384/1384 1383/1383/1383
f 1371/1371/1371 1385/1385/1385 1384/1384/1384
f 1371/1371/1371 1386/1386/1386 1385/1385/1385
f 1371/1371/1371 1387/1387/1387 1386/1386/1386
f 1371/1371/1371 1388/1388/1388 1387/1387/1387
f 1371/1371/1371 1389/1389/1389 1388/1388/1388
f 1371/1371/1371 1390/1390/1390 1389/1389/1389
f 1371/1371/1371 1391/1391/1391 1390/1390/1390
f 1371/1371/1371 1392/1392/1392 1391/1391/1391
f 1371/1371/1371 1393/1393/1393 1392/1392/1392
f 1371/1371/1371 1394/1394/1394 1393/1393/1393
f 1371/1371/1371 1395/1395/1395 1394/1394/1394
f 1371/1371/1371 1396/1396/1396 1395/1395/1395
f 1372/1372/1372 1373/1373/1373 1398/1398/1398
f 1372/1372/1372 1398/1398/1398 1397/1397/1397
f 1373/1373/1373 1374/1374/1374 1399/1399/1399
f 1373/1373/1373 1399/1399/1399 1398/1398/1398
f 1374/1374/1374 1375/1375/1375 1400/1400/1400
f 1374/1374/1374 1400/1400/1400 1399/1399/1399
f 1375/1375/1375 1376/1376/1376 1401/1401/1401
f 1375/1375/1375 1401/1401/1401 1400/1400/1400
f 1376/1376/1376 1377/1377/1377 1402/1402/1402
f 1376/1376/1376 1402/1402/1402 1401/1401/1401
f 1377/1377/1377 1378/1378/1378 1403/1403/1403
f 1377/1377/1377 1403/1403/1403 1402/1402/1402
f 1378/1378/1378 1379/1379/1379 1404/1404/1404
f 1378/1378/1378 1404/1404/1404 1403/1403/1403
f 1379/1379/1379 1380/1380/1380 1405/1405/1405
f 1379/1379/1379 1405/1405/1405 1404/1404/1404
f 1380/1380/1380 1381/1381/1381 1406/1406/1406
f 1380/1380/1380 1406/1406/1406 1405/1405/1405
f 1381/1381/1381 1382/1382/1382 1407/1407/1407
f 1381/1381/1381 1407/1407/1407 1406/1406/1406
f 1382/1382/1382 1383/1383/1383 1408/1408/1408
f 1382/1382/1382 1408/1408/1408 1407/1407/1407
f 1383/1383/1383 1384/1384/1384 1409/1409/1409
f 1383/1383/1383 1409/1409/1409 1408/1408/1408
f 1384/1384/1384 1385/1385/1385 1410/1410/1410
f 1384/1384/1384 1410/1410/1410 1409/1409/1409
f 1385/1385/1385 1386/1386/1386 1411/1411/1411
f 1385/1385/1385 1411/1411/1411 1410/1410/1410
f 1386/1386/1386 1387/1387/1387 1412/1412/1412
f 1386/1386/1386 1412/1412/1412 1411/1411/1411
f 1387/1387/1387 1388/1388/1388 1413/1413/1413
f 1387/1387/1387 1413/1413/1413 1412/1412/1412
f 1388/1388/1388 1389/1389/1389 1414/1414/1414
f 1388/1388/1388 1414/1414/1414 1413/1413/1413
f 1389/1389/1389 1390/1390/1390 1415/1415/1415
f 1389/1389/1389 1415/1415/1415 1414/1414/1414
f 1390/1390/1390 1391/1391/1391 1416/1416/1416
f 1390/1390/1390 1416/1416/1416 1415/1415/1415
f 1391/1391/1391 1392/1392/1392 1417/1417/1417
f 1391/1391/1391 1417/1417/1417 1416/1416/1416
f 1392/1392/1392 1393/1393/1393 1418/1418/1418
f 1392/1392/1392 1418/1418/1418 1417/1417/1417
f 1393/1393/1393 1394/1394/1394 1419/1419/1419
f 1393/1393/1393 1419/1419/1419 1418/1418/1418
f 1394/1394/1394 1395/1395/1395 1420/1420/1420
f 1394/1394/1394 1420/1420/1420 1419/1419/1419
f 1395/1395/1395 1396/1396/1396 1421/1421/1421
f 1395/1395/1395 1421/1421/1421 1420/1420/1420
f 1397/1397/1397 1398/1398/1398 1423/1423/1423
f 1397/1397/1397 1423/1423/1423 1422/1422/1422
f 1398/1398/1398 1399/1399/1399 1424/1424/1424
f 1398/1398/1398 1424/1424/1424 1423/1423/1423
f 1399/1399/1399 1400/1400/1400 1425/1425/1425
f 1399/1399/1399 1425/1425/1425 1424/1424/1424
f 1400/1400/1400 1401/1401/1401 1426/1426/1426
f 1400/1400/1400 1426/1426/1426 1425/1425/1425
f 1401/1401/1401 1402/1402/1402 1427/1427/1427
f 1401/1401/1401 1427/1427/1427 1426/1426/1426
f 1402/1402/1402 1403/1403/1403 1428/1428/1428
f 1402/1402/1402 1428/1428/1428 1427/1427/1427
f 1403/1403/1403 1404/1404/1404 1429/1429/1429
f 1403/1403/1403 1429/1429/1429 1428/1428/1428
f 1404/1404/1404 1405/1405/1405 1430/1430/1430
f 1404/1404/1404 1430/1430/1430 1429/1429/1429
f 1405/1405/1405 1406/1406/1406 1431/1431/1431
f 1405/1405/1405 1431/1431/1431 1430/1430/1430
f 1406/1406/1406 1407/1407/1407 1432/1432/1432
f 1406/1406/1406 1432/1432/1432 1431/1431/1431
f 1407/1407/1407 1408/1408/1408 1433/1433/1433
f 1407/1407/1407 1433/1433/1433 1432/1432/1432
f 1408/1408/1408 1409/1409/1409 1434/1434/1434
f 1408/1408/1408 1434/1434/1434 1433/1433/1433
f 1409/1409/1409 1410/1410/1410 1435/1435/1435
f 1409/1409/1409 1435/1435/1435 1434/1434/1434
f 1410/1410/1410 1411/1411/1411 1436/1436/1436
f 1410/1410/1410 1436/1436/1436 1435/1435/1435
f 1411/1411/1411 1412/1412/1412 1437/1437/1437
f 1411/1411/1411 1437/1437/1437 1436/1436/1436
f 1412/1412/1412 1413/1413/1413 1438/1438/1438
f 1412/1412/1412 1438/1438/1438 1437/1437/1437
f 1413/1413/1413 1414/1414/1414 1439/1439/1439
f 1413/1413/1413 1439/1439/1439 1438/1438/1438
f 1414/1414/1414 1415/1415/1415 1440/1440/1440
f 1414/1414/1414 1440/1440/1440 1439/1439/1439
f 1415/1415/1415 1416/1416/1416 1441/1441/1441
f 1415/1415/1415 1441/1441/1441 1440/1440/1440
f 1416/1416/1416 1417/1417/1417 1442/1442/1442
f 1416/1416/1416 1442/1442/1442 1441/1441/1441
f 1417/1417/1417 1418/1418/1418 1443/1443/1443
f 1417/1417/1417 1443/1443/1443 1442/1442/1442
f 1418/1418/1418 1419/1419/1419 1444/1444/1444
f 1418/1418/1418 1444/1444/1444 1443/1443/1443
f 1419/1419/1419 1420/1420/1420 1445/1445/1445
f 1419/1419/1419 1445/1445/1445 1444/1444/1444
f 1420/1420/1420 1421/1421/1421 1446/1446/1446
f 1420/1420/1420 1446/1446/1446 1445/1445/1445
f 1422/1422/1422 1423/1423/1423 1448/1448/1448
f 1422/1422/1422 1448/1448/1448 1447/1447/1447
f 1423/1423/1423 1424/1424/1424 1449/1449/1449
f 1423/1423/1423 1449/1449/1449 1448/1448/1448
f 1424/1424/1424 1425/1425/1425 1450/1450/1450
f 1424/1424/1424 1450/1450/1450 1449/1449/1449
f 1425/1425/1425 1426/1426/1426 1451/1451/1451
f 1425/1425/1425 1451/1451/1451 1450/1450/1450
f 1426/1426/1426 1427/1427/1427 1452/1452/1452
f 1426/1426/1426 1452/1452/1452 1451/1451/1451
f 1427/1427/1427 1428/1428/1428 1453/1453/1453
f 1427/1427/1427 1453/1453/1453 1452/1452/1452
f 1428/1428/1428 1429/1429/1429 1454/1454/1454
f 1428/1428/1428 1454/1454/1454 1453/1453/1453
f 1429/1429/1429 1430/1430/1430 1455/1455/1455
f 1429/1429/1429 1455/1455/1455 1454/1454/1454
f 1430/1430/1430 1431/1431/1431 1456/1456/1456
f 1430/1430/1430 1456/1456/1456 1455/1455/1455
f 1431/1431/1431 1432/1432/1432 1457/1457/1457
f 1431/1431/1431 1457/1457/1457 1456/1456/1456
f 1432/1432/1432 1433/1433/1433 1458/1458/1458
f 1432/1432/1432 1458/1458/1458 1457/1457/1457
f 1433/1433/1433 1434/1434/1434 1459/1459/1459
f 1433/1433/1433 1459/1459/1459 1458/1458/1458
f 1434/1434/1434 1435/1435/1435 1460/1460/1460
f 1434/1434/1434 1460/1460/1460 1459/1459/1459
f 1435/1435/1435 1436/1436/1436 1461/1461/1461
f 1435/1435/1435 1461/1461/1461 1460/1460/1460
f 1436/1436/1436 1437/1437/1437 1462/1462/1462
f 1436/1436/1436 1462/1462/1462 1461/1461/1461
f 1437/1437/1437 1438/1438/1438 1463/1463/1463
f 1437/1437/1437 1463/1463/1463 1462/1462/1462
f 1438/1438/1438 1439/1439/1439 1464/1464/1464
f 1438/1438/1438 1464/1464/1464 1463/1463/1463
f 1439/1439/1439 1440/1440/1440 1465/1465/1465
f 1439/1439/1439 1465/1465/1465 1464/1464/1464
f 1440/1440/1440 1441/1441/1441 1466/1466/1466
f 1440/1440/1440 1466/1466/1466 1465/1465/1465
f 1441/1441/1441 1442/1442/1442 1467/1467/1467
f 1441/1441/1441 1467/1467/1467 1466/1466/1466
f 1442/1442/1442 1443/1443/1443 1468/1468/1468
f 1442/1442/1442 1468/1468/1468 1467/1467/1467
f 1443/1443/1443 1444/1444/1444 1469/1469/1469
f 1443/1443/1443 1469/1469/1469 1468/1468/1468
f 1444/1444/1444 1445/1445/1445 1470/1470/1470
f 1444/1444/1444 1470/1470/1470 1469/1469/1469
f 1445/1445/1445 1446/1446/1446 1471/1471/1471
f 1445/1445/1445 1471/1471/1471 1470/1470/1470
f 1447/1447/1447 1448/1448/1448 1473/1473/1473
f 1447/1447/1447 1473/1473/1473 1472/1472/1472
f 1448/1448/1448 1449/1449/1449 1474/1474/1474
f 1448/1448/1448 1474/1474/1474 1473/1473/1473
f 1449/1449/1449 1450/1450/1450 1475/1475/1475
f 1449/1449/1449 1475/1475/1475 1474/1474/1474
f 1450/1450/1450 1451/1451/1451 1476/1476/1476
f 1450/1450/1450 1476/1476/1476 1475/1475/1475
f 1451/1451/1451 1452/1452/1452 1477/1477/1477
f 1451/1451/1451 1477/1477/1477 1476/1476/1476
f 1452/1452/1452 1453/1453/1453 1478/1478/1478
f 1452/1452/1452 1478/1478/1478 1477/1477/1477
f 1453/1453/1453 1454/1454/1454 1479/1479/1479
f 1453/1453/1453 1479/1479/1479 1478/1478/1478
f 1454/1454/1454 1455/1455/1455 1480/1480/1480
f 1454/1454/1454 1480/1480/1480 1479/1479/1479
f 1455/1455/1455 1456/1456/1456 1481/1481/1481
f 1455/1455/1455 1481/1481/1481 1480/1480/1480
f 1456/1456/1456 1457/1457/1457 1482/1482/1482
f 1456/1456/1456 1482/1482/1482 1481/1481/1481
f 1457/1457/1457 1458/1458/1458 1483/1483/1483
f 1457/1457/1457 1483/1483/1483 1482/1482/1482
f 1458/1458/1458 1459/1459/1459 1484/1484/1484
f 1458/1458/1458 1484/1484/1484 1483/1483/1483
f 1459/1459/1459 1460/1460/1460 1485/1485/1485
f 1459/1459/1459 1485/1485/1485 1484/1484/1484
f 1460/1460/1460 1461/1461/1461 1486/1486/1486
f 1460/1460/1460 1486/1486/1486 1485/1485/1485
f 1461/1461/1461 1462/1462/1462 1487/1487/1487
f 1461/1461/1461 1487/1487/1487 1486/1486/1486
f 1462/1462/1462 1463/1463/1463 1488/1488/1488
f 1462/1462/1462 1488/1488/1488 1487/1487/1487
f 1463/1463/1463 1464/1464/1464 1489/1489/1489
f 1463/1463/1463 1489/1489/1489 1488/1488/1488
f 1464/1464/1464 1465/1465/1465 1490/1490/1490
f 1464/1464/1464 1490/1490/1490 1489/1489/1489
f 1465/1465/1465 1466/1466/1466 1491/1491/1491
f 1465/1465/1465 1491/1491/1491 1490/1490/1490
f 1466/1466/1466 1467/1467/1467 1492/1492/1492
f 1466/1466/1466 1492/1492/1492 1491/1491/1491
f 1467/1467/1467 1468/1468/1468 1493/1493/1493
f 1467/1467/1467 1493/1493/1493 1492/1492/1492
f 1468/1468/1468 1469/1469/1469 1494/1494/1494
f 1468/1468/1468 1494/1494/1494 1493/1493/1493
f 1469/1469/1469 1470/1470/1470 1495/1495/1495
f 1469/1469/1469 1495/1495/1495 1494/1494/1494
f 1470/1470/1470 1471/1471/1471 1496/1496/1496
f 1470/1470/1470 1496/1496/1496 1495/1495/1495
f 1472/1472/1472 1473/1473/1473 1498/1498/1498
f 1472/1472/1472 1498/1498/1498 1497/1497/1497
f 1473/1473/1473 1474/1474/1474 1499/1499/1499
f 1473/1473/1473 1499/1499/1499 1498/1498/1498
f 1474/1474/1474 1475/1475/1475 1500/1500/1500
f 1474/1474/1474 1500/1500/1500 1499/1499/1499
f 1475/1475/1475 1476/1476/1476 1501/1501/1501
f 1475/1475/1475 1501/1501/1501 1500/1500/1500
f 1476/1476/1476 1477/1477/1477 1502/1502/1502
f 1476/1476/1476 1502/1502/1502 1501/1501/1501
f 1477/1477/1477 1478/1478/1478 1503/1503/1503
f 1477/1477/1477 1503/1503/1503 1502/1502/1502
f 1478/1478/1478 1479/1479/1479 1504/1504/1504
f 1478/1478/1478 1504/1504/1504 1503/1503/1503
f 1479/1479/1479 1480/1480/1480 1505/1505/1505
f 1479/1479/1479 1505/1505/1505 1504/1504/1504
f 1480/1480/1480 1481/1481/1481 1506/1506/1506
f 1480/1480/1480 1506/1506/1506 1505/1505/1505
f 1481/1481/1481 1482/1482/1482 1507/1507/1507
f 1481/1481/1481 1507/1507/1507 1506/1506/1506
f 1482/1482/1482 1483/1483/1483 1508/1508/1508
f 1482/1482/1482 1508/1508/1508 1507/1507/1507
f 1483/1483/1483 1484/1484/1484 1509/1509/1509
f 1483/1483/1483 1509/1509/1509 1508/1508/1508
f 1484/1484/1484 1485/1485/1485 1510/1510/1510
f 1484/1484/1484 1510/1510/1510 1509/1509/1509
f 1485/1485/1485 1486/1486/1486 1511/1511/1511
f 1485/1485/1485 1511/1511/1511 1510/1510/1510
f 1486/1486/1486 1487/1487/1487 1512/1512/1512
f 1486/1486/1486 1512/1512/1512 1511/1511/1511
f 1487/1487/1487 1488/1488/1488 1513/1513/1513
f 1487/1487/1487 1513/1513/1513 1512/1512/1512
f 1488/1488/1488 1489/1489/1489 1514/1514/1514
f 1488/1488/1488 1514/1514/1514 1513/1513/1513
f 1489/1489/1489 1490/1490/1490 1515/1515/1515
f 1489/1489/1489 1515/1515/1515 1514/1514/1514
f 1490/1490/1490 1491/1491/1491 1516/1516/1516
f 1490/1490/1490 1516/1516/1516 1515/1515/1515
f 1491/1491/1491 1492/1492/1492 1517/1517/1517
f 1491/1491/1491 1517/1517/1517 1516/1516/1516
f 1492/1492/1492 1493/1493/1493 1518/1518/1518
f 1492/1492/1492 1518/1518/1518 1517/1517/1517
f 1493/1493/1493 1494/1494/1494 1519/1519/1519
f 1493/1493/1493 1519/1519/1519 1518/1518/1518
f 1494/1494/1494 1495/1495/1495 1520/1520/1520
f 1494/1494/1494 1520/1520/1520 1519/1519/1519
f 1495/1495/1495 1496/1496/1496 1521/1521/1521
f 1495/1495/1495 1521/1521/1521 1520/1520/1520
f 1497/1497/1497 1498/1498/1498 1523/1523/1523
f 1497/1497/1497 1523/1523/1523 1522/1522/1522
f 1498/1498/1498 1499/1499/1499 1524/1524/1524
f 1498/1498/1498 1524/1524/1524 1523/1523/1523
f 1499/1499/1499 1500/1500/1500 1525/1525/1525
f 1499/1499/1499 1525/1525/1525 1524/1524/1524
f 1500/1500/1500 1501/1501/1501 1526/1526/1526
f 1500/1500/1500 1526/1526/1526 1525/1525/1525
f 1501/1501/1501 1502/1502/1502 1527/1527/1527
f 1501/1501/1501 1527/1527/1527 1526/1526/1526
f 1502/1502/1502 1503/1503/1503 1528/1528/1528
f 1502/1502/1502 1528/1528/1528 1527/1527/1527
f 1503/1503/1503 1504/1504/1504 1529/1529/1529
f 1503/1503/1503 1529/1529/1529 1528/1528/1528
f 1504/1504/1504 1505/1505/1505 1530/1530/1530
f 1504/1504/1504 1530/1530/1530 1529/1529/1529
f 1505/1505/1505 1506/1506/1506 1531/1531/1531
f 1505/1505/1505 1531/1531/1531 1530/1530/1530
f 1506/1506/1506 1507/1507/1507 1532/1532/1532
f 1506/1506/1506 1532/1532/1532 1531/1531/1531
f 1507/1507/1507 1508/1508/1508 1533/1533/1533
f 1507/1507/1507 1533/1533/1533 1532/1532/1532
f 1508/1508/1508 1509/1509/1509 1534/1534/1534
f 1508/1508/1508 1534/1534/1534 1533/1533/1533
f 1509/1509/1509 1510/1510/1510 1535/1535/1535
f 1509/1509/1509 1535/1535/1535 1534/1534/1534
f 1510/1510/1510 1511/1511/1511 1536/1536/1536
f 1510/1510/1510 1536/1536/1536 1535/1535/1535
f 1511/1511/1511 1512/1512/1512 1537/1537/1537
f 1511/1511/1511 1537/1537/1537 1536/1536/1536
f 1512/1512/1512 1513/1513/1513 1538/1538/1538
f 1512/1512/1512 1538/1538/1538 1537/1537/1537
f 1513/1513/1513 1514/1514/1514 1539/1539/1539
f 1513/1513/1513 1539/1539/1539 1538/1538/1538
f 1514/1514/1514 1515/1515/1515 1540/1540/1540
f 1514/1514/1514 1540/1540/1540 1539/1539/1539
f 1515/1515/1515 1516/1516/1516 1541/1541/1541
f 1515/1515/1515 1541/1541/1541 1540/1540/1540
f 1516/1516/1516 1517/1517/1517 1542/1542/1542
f 1516/1516/1516 1542/1542/1542 1541/1541/1541
f 1517/1517/1517 1518/1518/1518 1543/1543/1543
f 1517/1517/1517 1543/1543/1543 1542/1542/1542
f 1518/1518/1518 1519/1519/1519 1544/1544/1544
f 1518/1518/1518 1544/1544/1544 1543/1543/1543
f 1519/1519/1519 1520/1520/1520 1545/1545/1545
f 1519/1519/1519 1545/1545/1545 1544/1544/1544
f 1520/1520/1520 1521/1521/1521 1546/1546/1546
f 1520/1520/1520 1546/1546/1546 1545/1545/1545
f 1522/1522/1522 1523/1523/1523 1548/1548/1548
f 1522/1522/1522 1548/1548/1548 1547/1547/1547
f 1523/1523/1523 1524/1524/1524 1549/1549/1549
f 1523/1523/1523 1549/1549/1549 1548/1548/1548
f 1524/1524/1524 1525/1525/1525 1550/1550/1550
f 1524/1524/1524 1550/1550/1550 1549/1549/1549
f 1525/1525/1525 1526/1526/1526 1551/1551/1551
f 1525/1525/1525 1551/1551/1551 1550/1550/1550
f 1526/1526/1526 1527/1527/1527 1552/1552/1552
f 1526/1526/1526 1552/1552/1552 1551/1551/1551
f 1527/1527/1527 1528/1528/1528 1553/1553/1553
f 1527/1527/1527 1553/1553/1553 1552/1552/1552
f 1528/1528/1528 1529/1529/1529 1554/1554/1554
f 1528/1528/1528 1554/1554/1554 1553/1553/1553
f 1529/1529/1529 1530/1530/1530 1555/1555/1555
f 1529/1529/1529 1555/1555/1555 1554/1554/1554
f 1530/1530/1530 1531/1531/1531 1556/1556/1556
f 1530/1530/1530 1556/1556/1556 1555/1555/1555
f 1531/1531/1531 1532/1532/1532 1557/1557/1557
f 1531/1531/1531 1557/1557/1557 1556/1556/1556
f 1532/1532/1532 1533/1533/1533 1558/1558/1558
f 1532/1532/1532 1558/1558/1558 1557/1557/1557
f 1533/1533/1533 1534/1534/1534 1559/1559/1559
f 1533/1533/1533 1559/1559/1559 1558/1558/1558
f 1534/1534/1534 1535/1535/1535 1560/1560/1560
f 1534/1534/1534 1560/1560/1560 1559/1559/1559
f 1535/1535/1535 1536/1536/1536 1561/1561/1561
f 1535/1535/1535 1561/1561/1561 1560/1560/1560
f 1536/1536/1536 1537/1537/1537 1562/1562/1562
f 1536/1536/1536 1562/1562/1562 1561/1561/1561
f 1537/1537/1537 1538/1538/1538 1563/1563/1563
f 1537/1537/1537 1563/1563/1563 1562/1562/1562
f 1538/1538/1538 1539/1539/1539 1564/1564/1564
f 1538/1538/1538 1564/1564/1564 1563/1563/1563
f 1539/1539/1539 1540/1540/1540 1565/1565/1565
f 1539/1539/1539 1565/1565/1565 1564/1564/1564
f 1540/1540/1540 1541/1541/1541 1566/1566/1566
f 1540/1540/1540 1566/1566/1566 1565/1565/1565
f 1541/1541/1541 1542/1542/1542 1567/1567/1567
f 1541/1541/1541 1567/1567/1567 1566/1566/1566
f 1542/1542/1542 1543/1543/1543 1568/1568/1568
f 1542/1542/1542 1568/1568/1568 1567/1567/1567
f 1543/1543/1543 1544/1544/1544 1569/1569/1569
f 1543/1543/1543 1569/1569/1569 1568/1568/1568
f 1544/1544/1544 1545/1545/1545 1570/1570/1570
f 1544/1544/1544 1570/1570/1570 1569/1569/1569
f 1545/1545/1545 1546/1546/1546 1571/1571/1571
f 1545/1545/1545 1571/1571/1571 1570/1570/1570
f 1547/1547/1547 1548/1548/1548 1573/1573/1573
f 1547/1547/1547 1573/1573/1573 1572/1572/1572
f 1548/1548/1548 1549/1549/1549 1574/1574/1574
f 1548/1548/1548 1574/1574/1574 1573/1573/1573
f 1549/1549/1549 1550/1550/1550 1575/1575/1575
f 1549/1549/1549 1575/1575/1575 1574/1574/1574
f 1550/1550/1550 1551/1551/1551 1576/1576/1576
f 1550/1550/1550 1576/1576/1576 1575/1575/1575
f 1551/1551/1551 1552/1552/1552 1577/1577/1577
f 1551/1551/1551 1577/1577/1577 1576/1576/1576
f 1552/1552/1552 1553/1553/1553 1578/1578/1578
f 1552/1552/1552 1578/1578/1578 1577/1577/1577
f 1553/1553/1553 1554/1554/1554 1579/1579/1579
f 1553/1553/1553 1579/1579/1579 1578/1578/1578
f 1554/1554/1554 1555/1555/1555 1580/1580/1580
f 1554/1554/1554 1580/1580/1580 1579/1579/1579
f 1555/1555/1555 1556/1556/1556 1581/1581/1581
f 1555/1555/1555 1581/1581/1581 1580/1580/1580
f 1556/1556/1556 1557/1557/1557 1582/1582/1582
f 1556/1556/1556 1582/1582/1582 1581/1581/1581
f 1557/1557/1557 1558/1558/1558 1583/1583/1583
f 1557/1557/1557 1583/1583/1583 1582/1582/1582
f 1558/1558/1558 1559/1559/1559 1584/1584/1584
f 1558/1558/1558 1584/1584/1584 1583/1583/1583
f 1559/1559/1559 1560/1560/1560 1585/1585/1585
f 1559/1559/1559 1585/1585/1585 1584/1584/1584
f 1560/1560/1560 1561/1561/1561 1586/1586/1586
f 1560/1560/1560 1586/1586/1586 1585/1585/1585
f 1561/1561/1561 1562/1562/1562 1587/1587/1587
f 1561/1561/1561 1587/1587/1587 1586/1586/1586
f 1562/1562/1562 1563/1563/1563 1588/1588/1588
f 1562/1562/1562 1588/1588/1588 1587/1587/1587
f 1563/1563/1563 1564/1564/1564 1589/1589/1589
f 1563/1563/1563 1589/1589/1589 1588/1588/1588
f 1564/1564/1564 1565/1565/1565 1590/1590/1590
f 1564/1564/1564 1590/1590/1590 1589/1589/1589
f 1565/1565/1565 1566/1566/1566 1591/1591/1591
f 1565/1565/1565 1591/1591/1591 1590/1590/1590
f 1566/1566/1566 1567/1567/1567 1592/1592/1592
f 1566/1566/1566 1592/1592/1592 1591/1591/1591
f 1567/1567/1567 1568/1568/1568 1593/1593/1593
f 1567/1567/1567 1593/1593/1593 1592/1592/1592
f 1568/1568/1568 1569/1569/1569 1594/1594/1594
f 1568/1568/1568 1594/1594/1594 1593/1593/1593
f 1569/1569/1569 1570/1570/1570 1595/1595/1595
f 1569/1569/1569 1595/1595/1595 1594/1594/1594
f 1570/1570/1570 1571/1571/1571 1596/1596/1596
f 1570/1570/1570 1596/1596/1596 1595/1595/1595
f 1572/1572/1572 1573/1573/1573 1598/1598/1598
f 1572/1572/1572 1598/1598/1598 1597/1597/1597
f 1573/1573/1573 1574/1574/1574 1599/1599/1599
f 1573/1573/1573 1599/1599/1599 1598/1598/1598
f 1574/1574/1574 1575/1575/1575 1600/1600/1600
f 1574/1574/1574 1600/1600/1600 1599/1599/1599
f 1575/1575/1575 1576/1576/1576 1601/1601/1601
f 1575/1575/1575 1601/1601/1601 1600/1600/1600
f 1576/1576/1576 1577/1577/1577 1602/1602/1602
f 1576/1576/1576 1602/1602/1602 1601/1601/1601
f 1577/1577/1577 1578/1578/1578 1603/1603/1603
f 1577/1577/1577 1603/1603/1603 1602/1602/1602
f 1578/1578/1578 1579/1579/1579 1604/1604/1604
f 1578/1578/1578 1604/1604/1604 1603/1603/1603
f 1579/1579/1579 1580/1580/1580 1605/1605/1605
f 1579/1579/1579 1605/1605/1605 1604/1604/1604
f 1580/1580/1580 1581/1581/1581 1606/1606/1606
f 1580/1580/1580 1606/1606/1606 1605/1605/1605
f 1581/1581/1581 1582/1582/1582 1607/1607/1607
f 1581/1581/1581 1607/1607/1607 1606/1606/1606
f 1582/1582/1582 1583/1583/1583 1608/1608/1608
f 1582/1582/1582 1608/1608/1608 1607/1607/1607
f 1583/1583/1583 1584/1584/1584 1609/1609/1609
f 1583/1583/1583 1609/1609/1609 1608/1608/1608
f 1584/1584/1584 1585/1585/1585 1610/1610/1610
f 1584/1584/1584 1610/1610/1610 1609/1609/1609
f 1585/1585/1585 1586/1586/1586 1611/1611/1611
f 1585/1585/1585 1611/1611/1611 1610/1610/1610
f 1586/1586/1586 1587/1587/1587 1612/1612/1612
f 1586/1586/1586 1612/1612/1612 1611/1611/1611
f 1587/1587/1587 1588/1588/1588 1613/1613/1613
f 1587/1587/1587 1613/1613/1613 1612/1612/1612
f 1588/1588/1588 1589/1589/1589 1614/1614/1614
f 1588/1588/1588 1614/1614/1614 1613/1613/1613
f 1589/1589/1589 1590/1590/1590 1615/1615/1615
f 1589/1589/1589 1615/1615/1615 1614/1614/1614
f 1590/1590/1590 1591/1591/1591 1616/1616/1616
f 1590/1590/1590 1616/1616/1616 1615/1615/1615
f 1591/1591/1591 1592/1592/1592 1617/1617/1617
f 1591/1591/1591 1617/1617/1617 1616/1616/1616
f 1592/1592/1592 1593/1593/1593 1618/1618/1618
f 1592/1592/1592 1618/1618/1618 1617/1617/1617
f 1593/1593/1593 1594/1594/1594 1619/1619/1619
f 1593/1593/1593 1619/1619/1619 1618/1618/1618
f 1594/1594/1594 1595/1595/1595 1620/1620/1620
f 1594/1594/1594 1620/1620/1620 1619/1619/1619
f 1595/1595/1595 1596/1596/1596 1621/1621/1621
f 1595/1595/1595 1621/1621/1621 1620/1620/1620
f 1597/1597/1597 1598/1598/1598 1623/1623/1623
f 1597/1597/1597 1623/1623/1623 1622/1622/1622
f 1598/1598/1598 1599/1599/1599 1624/1624/1624
f 1598/1598/1598 1624/1624/1624 1623/1623/1623
f 1599/1599/1599 1600/1600/1600 1625/1625/1625
f 1599/1599/1599 1625/1625/1625 1624/1624/1624
f 1600/1600/1600 1601/1601/1601 1626/1626/1626
f 1600/1600/1600 1626/1626/1626 1625/1625/1625
f 1601/1601/1601 1602/1602/1602 1627/1627/1627
f 1601/1601/1601 1627/1627/1627 1626/1626/1626
f 1602/1602/1602 1603/1603/1603 1628/1628/1628
f 1602/1602/1602 1628/1628/1628 1627/1627/1627
f 1603/1603/1603 1604/1604/1604 1629/1629/1629
f 1603/1603/1603 1629/1629/1629 1628/1628/1628
f 1604/1604/1604 1605/1605/1605 1630/1630/1630
f 1604/1604/1604 1630/1630/1630 1629/1629/1629
f 1605/1605/1605 1606/1606/1606 1631/1631/1631
f 1605/1605/1605 1631/1631/1631 1630/1630/1630
f 1606/1606/1606 1607/1607/1607 1632/1632/1632
f 1606/1606/1606 1632/1632/1632 1631/1631/1631
f 1607/1607/1607 1608/1608/1608 1633/1633/1633
f 1607/1607/1607 1633/1633/1633 1632/1632/1632
f 1608/1608/1608 1609/1609/1609 1634/1634/1634
f 1608/1608/1608 1634/1634/1634 1633/1633/1633
f 1609/1609/1609 1610/1610/1610 1635/1635/1635
f 1609/1609/1609 1635/1635/1635 1634/1634/1634
f 1610/1610/1610 1611/1611/1611 1636/1636/1636
f 1610/1610/1610 1636/1636/1636 1635/1635/1635
f 1611/1611/1611 1612/1612/1612 1637/1637/1637
f 1611/1611/1611 1637/1637/1637 1636/1636/1636
f 1612/1612/1612 1613/1613/1613 1638/1638/1638
f 1612/1612/1612 1638/1638/1638 1637/1637/1637
f 1613/1613/1613 1614/1614/1614 1639/1639/1639
f 1613/1613/1613 1639/1639/1639 1638/1638/1638
f 1614/1614/1614 1615/1615/1615 1640/1640/1640
f 1614/1614/1614 1640/1640/1640 1639/1639/1639
f 1615/1615/1615 1616/1616/1616 1641/1641/1641
f 1615/1615/1615 1641/1641/1641 1640/1640/1640
f 1616/1616/1616 1617/1617/1617 1642/1642/1642
f 1616/1616/1616 1642/1642/1642 1641/1641/1641
f 1617/1617/1617 1618/1618/1618 1643/1643/1643
f 1617/1617/1617 1643/1643/1643 1642/1642/1642
f 1618/1618/1618 1619/1619/1619 1644/1644/1644
f 1618/1618/1618 1644/1644/1644 1643/1643/1643
f 1619/1619/1619 1620/1620/1620 1645/1645/1645
f 1619/1619/1619 1645/1645/1645 1644/1644/1644
f 1620/1620/1620 1621/1621/1621 1646/1646/1646
f 1620/1620/1620 1646/1646/1646 1645/1645/1645
f 1622/1622/1622 1623/1623/1623 1648/1648/1648
f 1622/1622/1622 1648/1648/1648 1647/1647/1647
f 1623/1623/1623 1624/1624/1624 1649/1649/1649
f 1623/1623/1623 1649/1649/1649 1648/1648/1648
f 1624/1624/1624 1625/1625/1625 1650/1650/1650
f 1624/1624/1624 1650/1650/1650 1649/1649/1649
f 1625/1625/1625 1626/1626/1626 1651/1651/1651
f 1625/1625/1625 1651/1651/1651 1650/1650/1650
f 1626/1626/1626 1627/1627/1627 1652/1652/1652
f 1626/1626/1626 1652/1652/1652 1651/1651/1651
f 1627/1627/1627 1628/1628/1628 1653/1653/1653
f 1627/1627/1627 1653/1653/1653 1652/1652/1652
f 1628/1628/1628 1629/1629/1629 1654/1654/1654
f 1628/1628/1628 1654/1654/1654 1653/1653/1653
f 1629/1629/1629 1630/1630/1630 1655/1655/1655
f 1629/1629/1629 1655/1655/1655 1654/1654/1654
f 1630/1630/1630 1631/1631/1631 1656/1656/1656
f 1630/1630/1630 1656/1656/1656 1655/1655/1655
f 1631/1631/1631 1632/1632/1632 1657/1657/1657
f 1631/1631/1631 1657/1657/1657 1656/1656/1656
f 1632/1632/1632 1633/1633/1633 1658/1658/1658
f 1632/1632/1632 1658/1658/1658 1657/1657/1657
f 1633/1633/1633 1634/1634/1634 1659/1659/1659
f 1633/1633/1633 1659/1659/1659 1658/1658/1658
f 1634/1634/1634 1635/1635/1635 1660/1660/1660
f 1634/1634/1634 1660/1660/1660 1659/1659/1659
f 1635/1635/1635 1636/1636/1636 1661/1661/1661
f 1635/1635/1635 1661/1661/1661 1660/1660/1660
f 1636/1636/1636 1637/1637/1637 1662/1662/1662
f 1636/1636/1636 1662/1662/1662 1661/1661/1661
f 1637/1637/1637 1638/1638/1638 1663/1663/1663
f 1637/1637/1637 1663/1663/1663 1662/1662/1662
f 1638/1638/1638 1639/1639/1639 1664/1664/1664
f 1638/1638/1638 1664/1664/1664 1663/1663/1663
f 1639/1639/1639 1640/1640/1640 1665/1665/1665
f 1639/1639/1639 1665/1665/1665 1664/1664/1664
f 1640/1640/1640 1641/1641/1641 1666/1666/1666
f 1640/1640/1640 1666/1666/1666 1665/1665/1665
f 1641/1641/1641 1642/1642/1642 1667/1667/1667
f 1641/1641/1641 1667/1667/1667 1666/1666/1666
f 1642/1642/1642 1643/1643/1643 1668/1668/1668
f 1642/1642/1642 1668/1668/1668 1667/1667/1667
f 1643/1643/1643 1644/1644/1644 1669/1669/1669
f 1643/1643/1643 1669/1669/1669 1668/1668/1668
f 1644/1644/1644 1645/1645/1645 1670/1670/1670
f 1644/1644/1644 1670/1670/1670 1669/1669/1669
f 1645/1645/1645 1646/1646/1646 1671/1671/1671
f 1645/1645/1645 1671/1671/1671 1670/1670/1670
f 1647/1647/1647 1648/1648/1648 1673/1673/1673
f 1647/1647/1647 1673/1673/1673 1672/1672/1672
f 1648/1648/1648 1649/1649/1649 1674/1674/1674
f 1648/1648/1648 1674/1674/1674 1673/1673/1673
f 1649/1649/1649 1650/1650/1650 1675/1675/1675
f 1649/1649/1649 1675/1675/1675 1674/1674/1674
f 1650/1650/1650 1651/1651/1651 1676/1676/1676
f 1650/1650/1650 1676/1676/1676 1675/1675/1675
f 1651/1651/1651 1652/1652/1652 1677/1677/1677
f 1651/1651/1651 1677/1677/1677 1676/1676/1676
f 1652/1652/1652 1653/1653/1653 1678/1678/1678
f 1652/1652/1652 1678/1678/1678 1677/1677/1677
f 1653/1653/1653 1654/1654/1654 1679/1679/1679
f 1653/1653/1653 1679/1679/1679 1678/1678/1678
f 1654/1654/1654 1655/1655/1655 1680/1680/1680
f 1654/1654/1654 1680/1680/1680 1679/1679/1679
f 1655/1655/1655 1656/1656/1656 1681/1681/1681
f 1655/1655/1655 1681/1681/1681 1680/1680/1680
f 1656/1656/1656 1657/1657/1657 1682/1682/1682
f 1656/1656/1656 1682/1682/1682 1681/1681/1681
f 1657/1657/1657 1658/1658/1658 1683/1683/1683
f 1657/1657/1657 1683/1683/1683 1682/1682/1682
f 1658/1658/1658 1659/1659/1659 1684/1684/1684
f 1658/1658/1658 1684/1684/1684 1683/1683/1683
f 1659/1659/1659 1660/1660/1660 1685/1685/1685
f 1659/1659/1659 1685/1685/1685 1684/1684/1684
f 1660/1660/1660 1661/1661/1661 1686/1686/1686
f 1660/1660/1660 1686/1686/1686 1685/1685/1685
f 1661/1661/1661 1662/1662/1662 1687/1687/1687
f 1661/1661/1661 1687/1687/1687 1686/1686/1686
f 1662/1662/1662 1663/1663/1663 1688/1688/1688
f 1662/1662/1662 1688/1688/1688 1687/1687/1687
f 1663/1663/1663 1664/1664/1664 1689/1689/1689
f 1663/1663/1663 1689/1689/1689 1688/1688/1688
f 1664/1664/1664 1665/1665/1665 1690/1690/1690
f 1664/1664/1664 1690/1690/1690 1689/1689/1689
f 1665/1665/1665 1666/1666/1666 1691/1691/1691
f 1665/1665/1665 1691/1691/1691 1690/1690/1690
f 1666/1666/1666 1667/1667/1667 1692/1692/1692
f 1666/1666/1666 1692/1692/1692 1691/1691/1691
f 1667/1667/1667 1668/1668/1668 1693/1693/1693
f 1667/1667/1667 1693/1693/1693 1692/1692/1692
f 1668/1668/1668 1669/1669/1669 1694/1694/1694
f 1668/1668/1668 1694/1694/1694 1693/1693/1693
f 1669/1669/1669 1670/1670/1670 1695/1695/1695
f 1669/1669/1669 1695/1695/1695 1694/1694/1694
f 1670/1670/1670 1671/1671/1671 1696/1696/1696
f 1670/1670/1670 1696/1696/1696 1695/1695/1695
f 1672/1672/1672 1673/1673/1673 1698/1698/1698
f 1672/1672/1672 1698/1698/1698 1697/1697/1697
f 1673/1673/1673 1674/1674/1674 1699/1699/1699
f 1673/1673/1673 1699/1699/1699 1698/1698/1698
f 1674/1674/1674 1675/1675/1675 1700/1700/1700
f 1674/1674/1674 1700/1700/1700 1699/1699/1699
f 1675/1675/1675 1676/1676/1676 1701/1701/1701
f 1675/1675/1675 1701/1701/1701 1700/1700/1700
f 1676/1676/1676 1677/1677/1677 1702/1702/1702
f 1676/1676/1676 1702/1702/1702 1701/1701/1701
f 1677/1677/1677 1678/1678/1678 1703/1703/1703
f 1677/1677/1677 1703/1703/1703 1702/1702/1702
f 1678/1678/1678 1679/1679/1679 1704/1704/1704
f 1678/1678/1678 1704/1704/1704 1703/1703/1703
f 1679/1679/1679 1680/1680/1680 1705/1705/1705
f 1679/1679/1679 1705/1705/1705 1704/1704/1704
f 1680/1680/1680 1681/1681/1681 1706/1706/1706
f 1680/1680/1680 1706/1706/1706 1705/1705/1705
f 1681/1681/1681 1682/1682/1682 1707/1707/1707
f 1681/1681/1681 1707/1707/1707 1706/1706/1706
f 1682/1682/1682 1683/1683/1683 1708/1708/1708
f 1682/1682/1682 1708/1708/1708 1707/1707/1707
f 1683/1683/1683 1684/1684/1684 1709/1709/1709
f 1683/1683/1683 1709/1709/1709 1708/1708/1708
f 1684/1684/1684 1685/1685/1685 1710/1710/1710
f 1684/1684/1684 1710/1710/1710 1709/1709/1709
f 1685/1685/1685 1686/1686/1686 1711/1711/1711
f 1685/1685/1685 1711/1711/1711 1710/1710/1710
f 1686/1686/1686 1687/1687/1687 1712/1712/1712
f 1686/1686/1686 1712/1712/1712 1711/1711/1711
f 1687/1687/1687 1688/1688/1688 1713/1713/1713
f 1687/1687/1687 1713/1713/1713 1712/1712/1712
f 1688/1688/1688 1689/1689/1689 1714/1714/1714
f 1688/1688/1688 1714/1714/1714 1713/1713/1713
f 1689/1689/1689 1690/1690/1690 1715/1715/1715
f 1689/1689/1689 1715/1715/1715 1714/1714/1714
f 1690/1690/1690 1691/1691/1691 1716/1716/1716
f 1690/1690/1690 1716/1716/1716 1715/1715/1715
f 1691/1691/1691 1692/1692/1692 1717/1717/1717
f 1691/1691/1691 1717/1717/1717 1716/1716/1716
f 1692/1692/1692 1693/1693/1693 1718/1718/1718
f 1692/1692/1692 1718/1718/1718 1717/1717/1717
f 1693/1693/1693 1694/1694/1694 1719/1719/1719
f 1693/1693/1693 1719/1719/1719 1718/1718/1718
f 1694/1694/1694 1695/1695/1695 1720/1720/1720
f 1694/1694/1694 1720/1720/1720 1719/1719/1719
f 1695/1695/1695 1696/1696/1696 1721/1721/1721
f 1695/1695/1695 1721/1721/1721 1720/1720/1720
f 1697/1697/1697 1698/1698/1698 1723/1723/1723
f 1697/1697/1697 1723/1723/1723 1722/1722/1722
f 1698/1698/1698 1699/1699/1699 1724/1724/1724
f 1698/1698/1698 1724/1724/1724 1723/1723/1723
f 1699/1699/1699 1700/1700/1700 1725/1725/1725
f 1699/1699/1699 1725/1725/1725 1724/1724/1724
f 1700/1700/1700 1701/1701/1701 1726/1726/1726
f 1700/1700/1700 1726/1726/1726 1725/1725/1725
f 1701/1701/1701 1702/1702/1702 1727/1727/1727
f 1701/1701/1701 1727/1727/1727 1726/1726/1726
f 1702/1702/1702 1703/1703/1703 1728/1728/1728
f 1702/1702/1702 1728/1728/1728 1727/1727/1727
f 1703/1703/1703 1704/1704/1704 1729/1729/1729
f 1703/1703/1703 1729/1729/1729 1728/1728/1728
f 1704/1704/1704 1705/1705/1705 1730/1730/1730
f 1704/1704/1704 1730/1730/1730 1729/1729/1729
f 1705/1705/1705 1706/1706/1706 1731/1731/1731
f 1705/1705/1705 1731/1731/1731 1730/1730/1730
f 1706/1706/1706 1707/1707/1707 1732/1732/1732
f 1706/1706/1706 1732/1732/1732 1731/1731/1731
f 1707/1707/1707 1708/1708/1708 1733/1733/1733
f 1707/1707/1707 1733/1733/1733 1732/1732/1732
f 1708/1708/1708 1709/1709/1709 1734/1734/1734
f 1708/1708/1708 1734/1734/1734 1733/1733/1733
f 1709/1709/1709 1710/1710/1710 1735/1735/1735
f 1709/1709/1709 1735/1735/1735 1734/1734/1734
f 1710/1710/1710 1711/1711/1711 1736/1736/1736
f 1710/1710/1710 1736/1736/1736 1735/1735/1735
f 1711/1711/1711 1712/1712/1712 1737/1737/1737
f 1711/1711/1711 1737/1737/1737 1736/1736/1736
f 1712/1712/1712 1713/1713/1713 1738/1738/1738
f 1712/1712/1712 1738/1738/1738 1737/1737/1737
f 1713/1713/1713 1714/1714/1714 1739/1739/1739
f 1713/1713/1713 1739/1739/1739 1738/1738/1738
f 1714/1714/1714 1715/1715/1715 1740/1740/1740
f 1714/1714/1714 1740/1740/1740 1739/1739/1739
f 1715/1715/1715 1716/1716/1716 1741/1741/1741
f 1715/1715/1715 1741/1741/1741 1740/1740/1740
f 1716/1716/1716 1717/1717/1717 1742/1742/1742
f 1716/1716/1716 1742/1742/1742 1741/1741/1741
f 1717/1717/1717 1718/1718/1718 1743/1743/1743
f 1717/1717/1717 1743/1743/1743 1742/1742/1742
f 1718/1718/1718 1719/1719/1719 1744/1744/1744
f 1718/1718/1718 1744/1744/1744 1743/1743/1743
f 1719/1719/1719 1720/1720/1720 1745/1745/1745
f 1719/1719/1719 1745/1745/1745 1744/1744/1744
f 1720/1720/1720 1721/1721/1721 1746/1746/1746
f 1720/1720/1720 1746/1746/1746 1745/1745/1745
f 1722/1722/1722 1723/1723/1723 1747/1747/1747
f 1723/1723/1723 1724/1724/1724 1747/1747/1747
f 1724/1724/1724 1725/1725/1725 1747/1747/1747
f 1725/1725/1725 1726/1726/1726 1747/1747/1747
f 1726/1726/1726 1727/1727/1727 1747/1747/1747
f 1727/1727/1727 1728/1728/1728 1747/1747/1747
f 1728/1728/1728 1729/1729/1729 1747/1747/1747
f 1729/1729/1729 1730/1730/1730 1747/1747/1747
f 1730/1730/1730 1731/1731/1731 1747/1747/1747
f 1731/1731/1731 1732/1732/1732 1747/1747/1747
f 1732/1732/1732 1733/1733/1733 1747/1747/1747
f 1733/1733/1733 1734/1734/1734 1747/1747/1747
f 1734/1734/1734 1735/1735/1735 1747/1747/1747
f 1735/1735/1735 1736/1736/1736 1747/1747/1747
f 1736/1736/1736 1737/1737/1737 1747/1747/1747
f 1737/1737/1737 1738/1738/1738 1747/1747/1747
f 1738/1738/1738 1739/1739/1739 1747/1747/1747
f 1739/1739/1739 1740/1740/1740 1747/1747/1747
f 1740/1740/1740 1741/1741/1741 1747/1747/1747
f 1741/1741/1741 1742/1742/1742 1747/1747/1747
f 1742/1742/1742 1743/1743/1743 1747/1747/1747
f 1743/1743/1743 1744/1744/1744 1747/1747/1747
f 1744/1744/1744 1745/1745/1745 1747/1747/1747
f 1745/1745/1745 1746/1746/1746 1747/1747/1747
o Jaw
v 7.969140 71.418685 -0.000000
v 10.169210 71.520082 -0.000000
v 10.061531 71.520082 -0.410497
v 9.749034 71.520082 -0.780812
v 9.262309 71.520082 -1.074696
v 8.648999 71.520082 -1.263381
v 7.969140 71.520082 -1.328398
v 7.289281 71.520082 -1.263381
v 6.675972 71.520082 -1.074696
v 6.189246 71.520082 -0.780812
v 5.876750 71.520082 -0.410497
v 5.769071 71.520082 -0.000000
v 5.876750 71.520082 0.410497
v 6.189246 71.520082 0.780812
v 6.675972 71.520082 1.074696
v 7.289281 71.520082 1.263381
v 7.969140 71.520082 1.328398
v 8.648999 71.520082 1.263381
v 9.262309 71.520082 1.074696
v 9.749034 71.520082 0.780812
v 10.061531 71.520082 0.410497
v 10.169210 71.520082 0.000000
v 12.219348 71.817364 -0.000000
v 12.011328 71.817364 -0.793020
v 11.407631 71.817364 -1.508414
v 10.467350 71.817364 -2.076154
v 9.282527 71.817364 -2.440665
v 7.969140 71.817364 -2.566267
v 6.655754 71.817364 -2.440665
v 5.470931 71.817364 -2.076154
v 4.530650 71.817364 -1.508414
v 3.926952 71.817364 -0.793020
v 3.718932 71.817364 -0.000000
v 3.926952 71.817364 0.793020
v 4.530650 71.817364 1.508414
v 5.470931 71.817364 2.076154
v 6.655754 71.817364 2.440665
v 7.969140 71.817364 2.566267
v 9.282527 71.817364 2.440665
v 10.467350 71.817364 2.076154
v 11.407631 71.817364 1.508414
v 12.011328 71.817364 0.793020
v 12.219348 71.817364 0.000000
v 13.979842 72.290270 -0.000000
v 13.685657 72.290270 -1.121500
v 12.831900 72.290270 -2.133219
v 11.502142 72.290270 -2.936125
v 9.826549 72.290270 -3.451622
v 7.969140 72.290270 -3.629250
v 6.111731 72.290270 -3.451622
v 4.436138 72.290270 -2.936125
v 3.106380 72.290270 -2.133219
v 2.252623 72.290270 -1.121500
v 1.958438 72.290270 -0.000000
v 2.252623 72.290270 1.121500
v 3.106380 72.290270 2.133219
v 4.436138 72.290270 2.936125
v 6.111731 72.290270 3.451622
v 7.969140 72.290270 3.629250
v 9.826549 72.290270 3.451622
v 11.502142 72.290270 2.936125
v 12.831900 72.290270 2.133219
v 13.685657 72.290270 1.121500
v 13.979842 72.290270 0.000000
v 15.330716 72.906574 -0.000000
v 14.970415 72.906574 -1.373551
v 13.924781 72.906574 -2.612650
v 12.296166 72.906574 -3.596004
v 10.243992 72.906574 -4.227356
v 7.969140 72.906574 -4.444905
v 5.694288 72.906574 -4.227356
v 3.642114 72.906574 -3.596004
v 2.013500 72.906574 -2.612650
v 0.967865 72.906574 -1.373551
v 0.607564 72.906574 -0.000000
v 0.967865 72.906574 1.373551
v 2.013500 72.906574 2.612650
v 3.642114 72.906574 3.596004
v 5.694288 72.906574 4.227356
v 7.969140 72.906574 4.444905
v 10.243992 72.906574 4.227356
v 12.296166 72.906574 3.596004
v 13.924781 72.906574 2.612650
v 14.970415 72.906574 1.373551
v 15.330716 72.906574 0.000000
v 16.179912 73.624276 -0.000000
v 15.778048 73.624276 -1.531997
v 14.611794 73.624276 -2.914032
v 12.795311 73.624276 -4.010821
v 10.506408 73.624276 -4.715003
v 7.969140 73.624276 -4.957647
v 5.431872 73.624276 -4.715003
v 3.142970 73.624276 -4.010821
v 1.326486 73.624276 -2.914032
v 0.160232 73.624276 -1.531997
v -0.241631 73.624276 -0.000000
v 0.160232 73.624276 1.531997
v 1.326486 73.624276 2.914032
v 3.142970 73.624276 4.010821
v 5.431872 73.624276 4.715003
v 7.969140 73.624276 4.957647
v 10.506408 73.624276 4.715003
v 12.795311 73.624276 4.010821
v 14.611794 73.624276 2.914032
v 15.778048 73.624276 1.531997
v 16.179912 73.624276 0.000000
v 16.469556 74.394464 -0.000000
v 16.053516 74.394464 -1.586040
v 14.846121 74.394464 -3.016828
v 12.965559 74.394464 -4.152307
v 10.595913 74.394464 -4.881330
v 7.969140 74.394464 -5.132534
v 5.342367 74.394464 -4.881330
v 2.972721 74.394464 -4.152307
v 1.092159 74.394464 -3.016828
v -0.115236 74.394464 -1.586040
v -0.531276 74.394464 -0.000000
v -0.115236 74.394464 1.586040
v 1.092159 74.394464 3.016828
v 2.972721 74.394464 4.152307
v 5.342367 74.394464 4.881330
v 7.969140 74.394464 5.132534
v 10.595913 74.394464 4.881330
v 12.965559 74.394464 4.152307
v 14.846121 74.394464 3.016828
v 16.053516 74.394464 1.586040
v 16.469556 74.394464 0.000000
v 16.179912 75.164652 -0.000000
v 15.778048 75.164652 -1.531997
v 14.611794 75.164652 -2.914032
v 12.795311 75.164652 -4.010821
v 10.506408 75.164652 -4.715003
v 7.969140 75.164652 -4.957647
v 5.431872 75.164652 -4.715003
v 3.142970 75.164652 -4.010821
v 1.326486 75.164652 -2.914032
v 0.160232 75.164652 -1.531997
v -0.241631 75.164652 -0.000000
v 0.160232 75.164652 1.531997
v 1.326486 75.164652 2.914032
v 3.142970 75.164652 4.010821
v 5.431872 75.164652 4.715003
v 7.969140 75.164652 4.957647
v 10.506408 75.164652 4.715003
v 12.795311 75.164652 4.010821
v 14.611794 75.164652 2.914032
v 15.778048 75.164652 1.531997
v 16.179912 75.164652 0.000000
v 15.330716 75.882353 -0.000000
v 14.970415 75.882353 -1.373551
v 13.924781 75.882353 -2.612650
v 12.296166 75.882353 -3.596004
v 10.243992 75.882353 -4.227356
v 7.969140 75.882353 -4.444905
v 5.694288 75.882353 -4.227356
v 3.642114 75.882353 -3.596004
v 2.013500 75.882353 -2.612650
v 0.967865 75.882353 -1.373551
v 0.607564 75.882353 -0.000000
v 0.967865 75.882353 1.373551
v 2.013500 75.882353 2.612650
v 3.642114 75.882353 3.596004
v 5.694288 75.882353 4.227356
v 7.969140 75.882353 4.444905
v 10.243992 75.882353 4.227356
v 12.296166 75.882353 3.596004
v 13.924781 75.882353 2.612650
v 14.970415 75.882353 1.373551
v 15.330716 75.882353 0.000000
v 13.979842 76.498657 -0.000000
v 13.685657 76.498657 -1.121500
v 12.831900 76.498657 -2.133219
v 11.502142 76.498657 -2.936125
v 9.826549 76.498657 -3.451622
v 7.969140 76.498657 -3.629250
v 6.111731 76.498657 -3.451622
v 4.436138 76.498657 -2.936125
v 3.106380 76.498657 -2.133219
v 2.252623 76.498657 -1.121500
v 1.958438 76.498657 -0.000000
v 2.252623 76.498657 1.121500
v 3.106380 76.498657 2.133219
v 4.436138 76.498657 2.936125
v 6.111731 76.498657 3.451622
v 7.969140 76.498657 3.629250
v 9.826549 76.498657 3.451622
v 11.502142 76.498657 2.936125
v 12.831900 76.498657 2.133219
v 13.685657 76.498657 1.121500
v 13.979842 76.498657 0.000000
v 12.219348 76.971563 -0.000000
v 12.011328 76.971563 -0.793020
v 11.407631 76.971563 -1.508414
v 10.467350 76.971563 -2.076154
v 9.282527 76.971563 -2.440665
v 7.969140 76.971563 -2.566267
v 6.655754 76.971563 -2.440665
v 5.470931 76.971563 -2.076154
v 4.530650 76.971563 -1.508414
v 3.926952 76.971563 -0.793020
v 3.718932 76.971563 -0.000000
v 3.926952 76.971563 0.793020
v 4.530650 76.971563 1.508414
v 5.470931 76.971563 2.076154
v 6.655754 76.971563 2.440665
v 7.969140 76.971563 2.566267
v 9.282527 76.971563 2.440665
v 10.467350 76.971563 2.076154
v 11.407631 76.971563 1.508414
v 12.011328 76.971563 0.793020
v 12.219348 76.971563 0.000000
v 10.169210 77.268845 -0.000000
v 10.061531 77.268845 -0.410497
v 9.749034 77.268845 -0.780812
v 9.262309 77.268845 -1.074696
v 8.648999 77.268845 -1.263381
v 7.969140 77.268845 -1.328398
v 7.289281 77.268845 -1.263381
v 6.675972 77.268845 -1.074696
v 6.189246 77.268845 -0.780812
v 5.876750 77.268845 -0.410497
v 5.769071 77.268845 -0.000000
v 5.876750 77.268845 0.410497
v 6.189246 77.268845 0.780812
v 6.675972 77.268845 1.074696
v 7.289281 77.268845 1.263381
v 7.969140 77.268845 1.328398
v 8.648999 77.268845 1.263381
v 9.262309 77.268845 1.074696
v 9.749034 77.268845 0.780812
v 10.061531 77.268845 0.410497
v 10.169210 77.268845 0.000000
v 7.969140 77.370242 -0.000000
vt 0.5000000 0.6996875
vt 0.0865625 0.8056375
vt 0.1279062 0.8056375
vt 0.1692500 0.8056375
vt 0.2105938 0.8056375
vt 0.2519375 0.8056375
vt 0.2932813 0.8056375
vt 0.3346250 0.8056375
vt 0.3759688 0.8056375
vt 0.4173125 0.8056375
vt 0.4586563 0.8056375
vt 0.5000000 0.8056375
vt 0.5413438 0.8056375
vt 0.5826875 0.8056375
vt 0.6240313 0.8056375
vt 0.6653750 0.8056375
vt 0.7067187 0.8056375
vt 0.7480625 0.8056375
vt 0.7894062 0.8056375
vt 0.8307500 0.8056375
vt 0.8720937 0.8056375
vt 0.9134375 0.8056375
vt 0.0865625 0.7946797
vt 0.1279062 0.7946797
vt 0.1692500 0.7946797
vt 0.2105938 0.7946797
vt 0.2519375 0.7946797
vt 0.2932813 0.7946797
vt 0.3346250 0.7946797
vt 0.3759688 0.7946797
vt 0.4173125 0.7946797
vt 0.4586563 0.7946797
vt 0.5000000 0.7946797
vt 0.5413438 0.7946797
vt 0.5826875 0.7946797
vt 0.6240313 0.7946797
vt 0.6653750 0.7946797
vt 0.7067187 0.7946797
vt 0.7480625 0.7946797
vt 0.7894062 0.7946797
vt 0.8307500 0.7946797
vt 0.8720937 0.7946797
vt 0.9134375 0.7946797
vt 0.0865625 0.7772483
vt 0.1279062 0.7772483
vt 0.1692500 0.7772483
vt 0.2105938 0.7772483
vt 0.2519375 0.7772483
vt 0.2932813 0.7772483
vt 0.3346250 0.7772483
vt 0.3759688 0.7772483
vt 0.4173125 0.7772483
vt 0.4586563 0.7772483
vt 0.5000000 0.7772483
vt 0.5413438 0.7772483
vt 0.5826875 0.7772483
vt 0.6240313 0.7772483
vt 0.6653750 0.7772483
vt 0.7067187 0.7772483
vt 0.7480625 0.7772483
vt 0.7894062 0.7772483
vt 0.8307500 0.7772483
vt 0.8720937 0.7772483
vt 0.9134375 0.7772483
vt 0.0865625 0.7545312
vt 0.1279062 0.7545312
vt 0.1692500 0.7545312
vt 0.2105938 0.7545312
vt 0.2519375 0.7545312
vt 0.2932813 0.7545312
vt 0.3346250 0.7545312
vt 0.3759688 0.7545312
vt 0.4173125 0.7545312
vt 0.4586563 0.7545312
vt 0.5000000 0.7545312
vt 0.5413438 0.7545312
vt 0.5826875 0.7545312
vt 0.6240313 0.7545312
vt 0.6653750 0.7545312
vt 0.7067187 0.7545312
vt 0.7480625 0.7545312
vt 0.7894062 0.7545312
vt 0.8307500 0.7545312
vt 0.8720937 0.7545312
vt 0.9134375 0.7545312
vt 0.0865625 0.7280767
vt 0.1279062 0.7280767
vt 0.1692500 0.7280767
vt 0.2105938 0.7280767
vt 0.2519375 0.7280767
vt 0.2932813 0.7280767
vt 0.3346250 0.7280767
vt 0.3759688 0.7280767
vt 0.4173125 0.7280767
vt 0.4586563 0.7280767
vt 0.5000000 0.7280767
vt 0.5413438 0.7280767
vt 0.5826875 0.7280767
vt 0.6240313 0.7280767
vt 0.6653750 0.7280767
vt 0.7067187 0.7280767
vt 0.7480625 0.7280767
vt 0.7894062 0.7280767
vt 0.8307500 0.7280767
vt 0.8720937 0.7280767
vt 0.9134375 0.7280767
vt 0.0865625 0.6996875
vt 0.1279062 0.6996875
vt 0.1692500 0.6996875
vt 0.2105938 0.6996875
vt 0.2519375 0.6996875
vt 0.2932813 0.6996875
vt 0.3346250 0.6996875
vt 0.3759688 0.6996875
vt 0.4173125 0.6996875
vt 0.4586563 0.6996875
vt 0.5000000 0.6996875
vt 0.5413438 0.6996875
vt 0.5826875 0.6996875
vt 0.6240313 0.6996875
vt 0.6653750 0.6996875
vt 0.7067187 0.6996875
vt 0.7480625 0.6996875
vt 0.7894062 0.6996875
vt 0.8307500 0.6996875
vt 0.8720937 0.6996875
vt 0.9134375 0.6996875
vt 0.0865625 0.6712983
vt 0.1279062 0.6712983
vt 0.1692500 0.6712983
vt 0.2105938 0.6712983
vt 0.2519375 0.6712983
vt 0.2932813 0.6712983
vt 0.3346250 0.6712983
vt 0.3759688 0.6712983
vt 0.4173125 0.6712983
vt 0.4586563 0.6712983
vt 0.5000000 0.6712983
vt 0.5413438 0.6712983
vt 0.5826875 0.6712983
vt 0.6240313 0.6712983
vt 0.6653750 0.6712983
vt 0.7067187 0.6712983
vt 0.7480625 0.6712983
vt 0.7894062 0.6712983
vt 0.8307500 0.6712983
vt 0.8720937 0.6712983
vt 0.9134375 0.6712983
vt 0.0865625 0.6448438
vt 0.1279062 0.6448438
vt 0.1692500 0.6448438
vt 0.2105938 0.6448438
vt 0.2519375 0.6448438
vt 0.2932813 0.6448438
vt 0.3346250 0.6448438
vt 0.3759688 0.6448438
vt 0.4173125 0.6448438
vt 0.4586563 0.6448438
vt 0.5000000 0.6448438
vt 0.5413438 0.6448438
vt 0.5826875 0.6448438
vt 0.6240313 0.6448438
vt 0.6653750 0.6448438
vt 0.7067187 0.6448438
vt 0.7480625 0.6448438
vt 0.7894062 0.6448438
vt 0.8307500 0.6448438
vt 0.8720937 0.6448438
vt 0.9134375 0.6448438
vt 0.0865625 0.6221267
vt 0.1279062 0.6221267
vt 0.1692500 0.6221267
vt 0.2105938 0.6221267
vt 0.2519375 0.6221267
vt 0.2932813 0.6221267
vt 0.3346250 0.6221267
vt 0.3759688 0.6221267
vt 0.4173125 0.6221267
vt 0.4586563 0.6221267
vt 0.5000000 0.6221267
vt 0.5413438 0.6221267
vt 0.5826875 0.6221267
vt 0.6240313 0.6221267
vt 0.6653750 0.6221267
vt 0.7067187 0.6221267
vt 0.7480625 0.6221267
vt 0.7894062 0.6221267
vt 0.8307500 0.6221267
vt 0.8720937 0.6221267
vt 0.9134375 0.6221267
vt 0.0865625 0.6046953
vt 0.1279062 0.6046953
vt 0.1692500 0.6046953
vt 0.2105938 0.6046953
vt 0.2519375 0.6046953
vt 0.2932813 0.6046953
vt 0.3346250 0.6046953
vt 0.3759688 0.6046953
vt 0.4173125 0.6046953
vt 0.4586563 0.6046953
vt 0.5000000 0.6046953
vt 0.5413438 0.6046953
vt 0.5826875 0.6046953
vt 0.6240313 0.6046953
vt 0.6653750 0.6046953
vt 0.7067187 0.6046953
vt 0.7480625 0.6046953
vt 0.7894062 0.6046953
vt 0.8307500 0.6046953
vt 0.8720937 0.6046953
vt 0.9134375 0.6046953
vt 0.0865625 0.5937375
vt 0.1279062 0.5937375
vt 0.1692500 0.5937375
vt 0.2105938 0.5937375
vt 0.2519375 0.5937375
vt 0.2932813 0.5937375
vt 0.3346250 0.5937375
vt 0.3759688 0.5937375
vt 0.4173125 0.5937375
vt 0.4586563 0.5937375
vt 0.5000000 0.5937375
vt 0.5413438 0.5937375
vt 0.5826875 0.5937375
vt 0.6240313 0.5937375
vt 0.6653750 0.5937375
vt 0.7067187 0.5937375
vt 0.7480625 0.5937375
vt 0.7894062 0.5937375
vt 0.8307500 0.5937375
vt 0.8720937 0.5937375
vt 0.9134375 0.5937375
vt 0.5000000 0.6996875
vn -0.0000000 -1.0000000 -0.0000000
vn 0.1094077 -0.9939243 -0.0120161
vn 0.1016689 -0.9925374 -0.0673276
vn 0.0838927 -0.9897307 -0.1157371
vn 0.0580077 -0.9865961 -0.1525232
vn 0.0266487 -0.9843242 -0.1743435
vn -0.0071811 -0.9837598 -0.1793462
vn -0.0403480 -0.9851102 -0.1671222
vn -0.0697510 -0.9878776 -0.1386815
vn -0.0925066 -0.9910246 -0.0965026
vn -0.1062328 -0.9933433 -0.0445396
vn -0.1094077 -0.9939243 0.0120161
vn -0.1016689 -0.9925374 0.0673276
vn -0.0838927 -0.9897307 0.1157371
vn -0.0580077 -0.9865961 0.1525232
vn -0.0266487 -0.9843242 0.1743435
vn 0.0071811 -0.9837598 0.1793462
vn 0.0403480 -0.9851102 0.1671222
vn 0.0697510 -0.9878776 0.1386815
vn 0.0925066 -0.9910246 0.0965026
vn 0.1062328 -0.9933433 0.0445396
vn 0.1094077 -0.9939243 -0.0120161
vn 0.2069189 -0.9782866 -0.0118271
vn 0.1937505 -0.9740918 -0.1166447
vn 0.1609498 -0.9647774 -0.2080860
vn 0.1129883 -0.9541495 -0.2771864
vn 0.0552764 -0.9462176 -0.3187739
vn -0.0068890 -0.9437471 -0.3305964
vn -0.0685115 -0.9475605 -0.3121463
vn -0.1245484 -0.9563805 -0.2642423
vn -0.1696334 -0.9670839 -0.1896661
vn -0.1984431 -0.9755570 -0.0943865
vn -0.2069189 -0.9782866 0.0118271
vn -0.1937505 -0.9740918 0.1166447
vn -0.1609498 -0.9647774 0.2080860
vn -0.1129883 -0.9541495 0.2771864
vn -0.0552764 -0.9462176 0.3187739
vn 0.0068890 -0.9437471 0.3305964
vn 0.0685115 -0.9475605 0.3121463
vn 0.1245484 -0.9563805 0.2642423
vn 0.1696334 -0.9670839 0.1896661
vn 0.1984431 -0.9755570 0.0943865
vn 0.2069189 -0.9782866 -0.0118271
vn 0.3372068 -0.9413618 -0.0113806
vn 0.3152410 -0.9314977 -0.1814805
vn 0.2595499 -0.9090789 -0.3258980
vn 0.1809458 -0.8841895 -0.4306593
vn 0.0898506 -0.8660210 -0.4918683
vn -0.0062779 -0.8600212 -0.5102197
vn -0.1020804 -0.8677662 -0.4863758
vn -0.1920409 -0.8872010 -0.4195171
vn -0.2683138 -0.9123528 -0.3092248
vn -0.3201885 -0.9336704 -0.1604334
vn -0.3372068 -0.9413618 0.0113806
vn -0.3152410 -0.9314977 0.1814805
vn -0.2595499 -0.9090789 0.3258980
vn -0.1809458 -0.8841895 0.4306593
vn -0.0898506 -0.8660210 0.4918683
vn 0.0062779 -0.8600212 0.5102197
vn 0.1020804 -0.8677662 0.4863758
vn 0.1920409 -0.8872010 0.4195171
vn 0.2683138 -0.9123528 0.3092248
vn 0.3201885 -0.9336704 0.1604334
vn 0.3372068 -0.9413618 -0.0113806
vn 0.5242908 -0.8514771 -0.0102940
vn 0.4849508 -0.8313199 -0.2715324
vn 0.3886086 -0.7868869 -0.4793667
vn 0.2639579 -0.7414152 -0.6169520
vn 0.1302388 -0.7103962 -0.6916466
vn -0.0051108 -0.7001383 -0.7139890
vn -0.1404292 -0.7120528 -0.6879393
vn -0.2738386 -0.7444705 -0.6089139
vn -0.3971977 -0.7905424 -0.4661295
vn -0.4902639 -0.8339781 -0.2532227
vn -0.5242908 -0.8514771 0.0102940
vn -0.4849508 -0.8313199 0.2715324
vn -0.3886086 -0.7868869 0.4793667
vn -0.2639579 -0.7414152 0.6169520
vn -0.1302388 -0.7103962 0.6916466
vn 0.0051108 -0.7001383 0.7139890
vn 0.1404292 -0.7120528 0.6879393
vn 0.2738386 -0.7444705 0.6089139
vn 0.3971977 -0.7905424 0.4661295
vn 0.4902639 -0.8339781 0.2532227
vn 0.5242908 -0.8514771 -0.0102940
vn 0.7976797 -0.6030373 -0.0072905
vn 0.7189398 -0.5725076 -0.3941581
vn 0.5453754 -0.5116798 -0.6638896
vn 0.3535935 -0.4582606 -0.8154562
vn 0.1710534 -0.4257008 -0.8885492
vn -0.0030312 -0.4152476 -0.9097034
vn -0.1772822 -0.4264660 -0.8869599
vn -0.3602189 -0.4598088 -0.8116762
vn -0.5520846 -0.5138376 -0.6566380
vn -0.7238734 -0.5743729 -0.3822342
vn -0.7976797 -0.6030373 0.0072905
vn -0.7189398 -0.5725076 0.3941581
vn -0.5453754 -0.5116798 0.6638896
vn -0.3535935 -0.4582606 0.8154562
vn -0.1710534 -0.4257008 0.8885492
vn 0.0030312 -0.4152476 0.9097034
vn 0.1772822 -0.4264660 0.8869599
vn 0.3602189 -0.4598088 0.8116762
vn 0.5520846 -0.5138376 0.6566380
vn 0.7238734 -0.5743729 0.3822342
vn 0.7976797 -0.6030373 -0.0072905
vn 1.0000000 -0.0000000 -0.0000000
vn 0.8805942 0.0000000 -0.4738711
vn 0.6391505 0.0000000 -0.7690817
vn 0.4017294 -0.0000000 -0.9157584
vn 0.1925160 0.0000000 -0.9812938
vn 0.0000000 0.0000000 -1.0000000
vn -0.1925160 -0.0000000 -0.9812938
vn -0.4017294 -0.0000000 -0.9157584
vn -0.6391505 -0.0000000 -0.7690817
vn -0.8805942 -0.0000000 -0.4738711
vn -1.0000000 -0.0000000 -0.0000000
vn -0.8805942 0.0000000 0.4738711
vn -0.6391505 -0.0000000 0.7690817
vn -0.4017294 -0.0000000 0.9157584
vn -0.1925160 0.0000000 0.9812938
vn -0.0000000 0.0000000 1.0000000
vn 0.1925160 -0.0000000 0.9812938
vn 0.4017294 0.0000000 0.9157584
vn 0.6391505 -0.0000000 0.7690817
vn 0.8805942 -0.0000000 0.4738711
vn 1.0000000 -0.0000000 -0.0000000
vn 0.7976797 0.6030373 0.0072905
vn 0.7238734 0.5743729 -0.3822342
vn 0.5520846 0.5138376 -0.6566380
vn 0.3602189 0.4598088 -0.8116762
vn 0.1772822 0.4264660 -0.8869599
vn 0.0030312 0.4152476 -0.9097034
vn -0.1710534 0.4257008 -0.8885492
vn -0.3535935 0.4582606 -0.8154562
vn -0.5453754 0.5116798 -0.6638896
vn -0.7189398 0.5725076 -0.3941581
vn -0.7976797 0.6030373 -0.0072905
vn -0.7238734 0.5743729 0.3822342
vn -0.5520846 0.5138376 0.6566380
vn -0.3602189 0.4598088 0.8116762
vn -0.1772822 0.4264660 0.8869599
vn -0.0030312 0.4152476 0.9097034
vn 0.1710534 0.4257008 0.8885492
vn 0.3535935 0.4582606 0.8154562
vn 0.5453754 0.5116798 0.6638896
vn 0.7189398 0.5725076 0.3941581
vn 0.7976797 0.6030373 0.0072905
vn 0.5242908 0.8514771 0.0102940
vn 0.4902639 0.8339781 -0.2532227
vn 0.3971977 0.7905424 -0.4661295
vn 0.2738386 0.7444705 -0.6089139
vn 0.1404292 0.7120528 -0.6879393
vn 0.0051108 0.7001383 -0.7139890
vn -0.1302388 0.7103962 -0.6916466
vn -0.2639579 0.7414152 -0.6169520
vn -0.3886086 0.7868869 -0.4793667
vn -0.4849508 0.8313199 -0.2715324
vn -0.5242908 0.8514771 -0.0102940
vn -0.4902639 0.8339781 0.2532227
vn -0.3971977 0.7905424 0.4661295
vn -0.2738386 0.7444705 0.6089139
vn -0.1404292 0.7120528 0.6879393
vn -0.0051108 0.7001383 0.7139890
vn 0.1302388 0.7103962 0.6916466
vn 0.2639579 0.7414152 0.6169520
vn 0.3886086 0.7868869 0.4793667
vn 0.4849508 0.8313199 0.2715324
vn 0.5242908 0.8514771 0.0102940
vn 0.3372068 0.9413618 0.0113806
vn 0.3201885 0.9336704 -0.1604334
vn 0.2683138 0.9123528 -0.3092248
vn 0.1920409 0.8872010 -0.4195171
vn 0.1020804 0.8677662 -0.4863758
vn 0.0062779 0.8600212 -0.5102197
vn -0.0898506 0.8660210 -0.4918683
vn -0.1809458 0.8841895 -0.4306593
vn -0.2595499 0.9090789 -0.3258980
vn -0.3152410 0.9314977 -0.1814805
vn -0.3372068 0.9413618 -0.0113806
vn -0.3201885 0.9336704 0.1604334
vn -0.2683138 0.9123528 0.3092248
vn -0.1920409 0.8872010 0.4195171
vn -0.1020804 0.8677662 0.4863758
vn -0.0062779 0.8600212 0.5102197
vn 0.0898506 0.8660210 0.4918683
vn 0.1809458 0.8841895 0.4306593
vn 0.2595499 0.9090789 0.3258980
vn 0.3152410 0.9314977 0.1814805
vn 0.3372068 0.9413618 0.0113806
vn 0.2069189 0.9782866 0.0118271
vn 0.1984431 0.9755570 -0.0943865
vn 0.1696334 0.9670839 -0.1896661
vn 0.1245484 0.9563805 -0.2642423
vn 0.0685115 0.9475605 -0.3121463
vn 0.0068890 0.9437471 -0.3305964
vn -0.0552764 0.9462176 -0.3187739
vn -0.1129883 0.9541495 -0.2771864
vn -0.1609498 0.9647774 -0.2080860
vn -0.1937505 0.9740918 -0.1166447
vn -0.2069189 0.9782866 -0.0118271
vn -0.1984431 0.9755570 0.0943865
vn -0.1696334 0.9670839 0.1896661
vn -0.1245484 0.9563805 0.2642423
vn -0.0685115 0.9475605 0.3121463
vn -0.0068890 0.9437471 0.3305964
vn 0.0552764 0.9462176 0.3187739
vn 0.1129883 0.9541495 0.2771864
vn 0.1609498 0.9647774 0.2080860
vn 0.1937505 0.9740918 0.1166447
vn 0.2069189 0.9782866 0.0118271
vn 0.1094077 0.9939243 0.0120161
vn 0.1062328 0.9933433 -0.0445396
vn 0.0925066 0.9910246 -0.0965026
vn 0.0697510 0.9878776 -0.1386815
vn 0.0403480 0.9851102 -0.1671222
vn 0.0071811 0.9837598 -0.1793462
vn -0.0266487 0.9843242 -0.1743435
vn -0.0580077 0.9865961 -0.1525232
vn -0.0838927 0.9897307 -0.1157371
vn -0.1016689 0.9925374 -0.0673276
vn -0.1094077 0.9939243 -0.0120161
vn -0.1062328 0.9933433 0.0445396
vn -0.0925066 0.9910246 0.0965026
vn -0.0697510 0.9878776 0.1386815
vn -0.0403480 0.9851102 0.1671222
vn -0.0071811 0.9837598 0.1793462
vn 0.0266487 0.9843242 0.1743435
vn 0.0580077 0.9865961 0.1525232
vn 0.0838927 0.9897307 0.1157371
vn 0.1016689 0.9925374 0.0673276
vn 0.1094077 0.9939243 0.0120161
vn -0.0000000 1.0000000 -0.0000000
s 1
f 1748/1748/1748 1750/1750/1750 1749/1749/1749
f 1748/1748/1748 1751/1751/1751 1750/1750/1750
f 1748/1748/1748 1752/1752/1752 1751/1751/1751
f 1748/1748/1748 1753/1753/1753 1752/1752/1752
f 1748/1748/1748 1754/1754/1754 1753/1753/1753
f 1748/1748/1748 1755/1755/1755 1754/1754/1754
f 1748/1748/1748 1756/1756/1756 1755/1755/1755
f 1748/1748/1748 1757/1757/1757 1756/1756/1756
f 1748/1748/1748 1758/1758/1758 1757/1757/1757
f 1748/1748/1748 1759/1759/1759 1758/1758/1758
f 1748/1748/1748 1760/1760/1760 1759/1759/1759
f 1748/1748/1748 1761/1761/1761 1760/1760/1760
f 1748/1748/1748 1762/1762/1762 1761/1761/1761
f 1748/1748/1748 1763/1763/1763 1762/1762/1762
f 1748/1748/1748 1764/1764/1764 1763/1763/1763
f 1748/1748/1748 1765/1765/1765 1764/1764/1764
f 1748/1748/1748 1766/1766/1766 1765/1765/1765
f 1748/1748/1748 1767/1767/1767 1766/1766/1766
f 1748/1748/1748 1768/1768/1768 1767/1767/1767
f 1748/1748/1748 1769/1769/1769 1768/1768/1768
f 1749/1749/1749 1750/1750/1750 1771/1771/1771
f 1749/1749/1749 1771/1771/1771 1770/1770/1770
f 1750/1750/1750 1751/1751/1751 1772/1772/1772
f 1750/1750/1750 1772/1772/1772 1771/1771/1771
f 1751/1751/1751 1752/1752/1752 1773/1773/1773
f 1751/1751/1751 1773/1773/1773 1772/1772/1772
f 1752/1752/1752 1753/1753/1753 1774/1774/1774
f 1752/1752/1752 1774/1774/1774 1773/1773/1773
f 1753/1753/1753 1754/1754/1754 1775/1775/1775
f 1753/1753/1753 1775/1775/1775 1774/1774/1774
f 1754/1754/1754 1755/1755/1755 1776/1776/1776
f 1754/1754/1754 1776/1776/1776 1775/1775/1775
f 1755/1755/1755 1756/1756/1756 1777/1777/1777
f 1755/1755/1755 1777/1777/1777 1776/1776/1776
f 1756/1756/1756 1757/1757/1757 1778/1778/1778
f 1756/1756/1756 1778/1778/1778 1777/1777/1777
f 1757/1757/1757 1758/1758/1758 1779/1779/1779
f 1757/1757/1757 1779/1779/1779 1778/1778/1778
f 1758/1758/1758 1759/1759/1759 1780/1780/1780
f 1758/1758/1758 1780/1780/1780 1779/1779/1779
f 1759/1759/1759 1760/1760/1760 1781/1781/1781
f 1759/1759/1759 1781/1781/1781 1780/1780/1780
f 1760/1760/1760 1761/1761/1761 1782/1782/1782
f 1760/1760/1760 1782/1782/1782 1781/1781/1781
f 1761/1761/1761 1762/1762/1762 1783/1783/1783
f 1761/1761/1761 1783/1783/1783 1782/1782/1782
f 1762/1762/1762 1763/1763/1763 1784/1784/1784
f 1762/1762/1762 1784/1784/1784 1783/1783/1783
f 1763/1763/1763 1764/1764/1764 1785/1785/1785
f 1763/1763/1763 1785/1785/1785 1784/1784/1784
f 1764/1764/1764 1765/1765/1765 1786/1786/1786
f 1764/1764/1764 1786/1786/1786 1785/1785/1785
f 1765/1765/1765 1766/1766/1766 1787/1787/1787
f 1765/1765/1765 1787/1787/1787 1786/1786/1786
f 1766/1766/1766 1767/1767/1767 1788/1788/1788
f 1766/1766/1766 1788/1788/1788 1787/1787/1787
f 1767/1767/1767 1768/1768/1768 1789/1789/1789
f 1767/1767/1767 1789/1789/1789 1788/1788/1788
f 1768/1768/1768 1769/1769/1769 1790/1790/1790
f 1768/1768/1768 1790/1790/1790 1789/1789/1789
f 1770/1770/1770 1771/1771/1771 1792/1792/1792
f 1770/1770/1770 1792/1792/1792 1791/1791/1791
f 1771/1771/1771 1772/1772/1772 1793/1793/1793
f 1771/1771/1771 1793/1793/1793 1792/1792/1792
f 1772/1772/1772 1773/1773/1773 1794/1794/1794
f 1772/1772/1772 1794/1794/1794 1793/1793/1793
f 1773/1773/1773 1774/1774/1774 1795/1795/1795
f 1773/1773/1773 1795/1795/1795 1794/1794/1794
f 1774/1774/1774 1775/1775/1775 1796/1796/1796
f 1774/1774/1774 1796/1796/1796 1795/1795/1795
f 1775/1775/1775 1776/1776/1776 1797/1797/1797
f 1775/1775/1775 1797/1797/1797 1796/1796/1796
f 1776/1776/1776 1777/1777/1777 1798/1798/1798
f 1776/1776/1776 1798/1798/1798 1797/1797/1797
f 1777/1777/1777 1778/1778/1778 1799/1799/1799
f 1777/1777/1777 1799/1799/1799 1798/1798/1798
f 1778/1778/1778 1779/1779/1779 1800/1800/1800
f 1778/1778/1778 1800/1800/1800 1799/1799/1799
f 1779/1779/1779 1780/1780/1780 1801/1801/1801
f 1779/1779/1779 1801/1801/1801 1800/1800/1800
f 1780/1780/1780 1781/1781/1781 1802/1802/1802
f 1780/1780/1780 1802/1802/1802 1801/1801/1801
f 1781/1781/1781 1782/1782/1782 1803/1803/1803
f 1781/1781/1781 1803/1803/1803 1802/1802/1802
f 1782/1782/1782 1783/1783/1783 1804/1804/1804
f 1782/1782/1782 1804/1804/1804 1803/1803/1803
f 1783/1783/1783 1784/1784/1784 1805/1805/1805
f 1783/1783/1783 1805/1805/1805 1804/1804/1804
f 1784/1784/1784 1785/1785/1785 1806/1806/1806
f 1784/1784/1784 1806/1806/1806 1805/1805/1805
f 1785/1785/1785 1786/1786/1786 1807/1807/1807
f 1785/1785/1785 1807/1807/1807 1806/1806/1806
f 1786/1786/1786 1787/1787/1787 1808/1808/1808
f 1786/1786/1786 1808/1808/1808 1807/1807/1807
f 1787/1787/1787 1788/1788/1788 1809/1809/1809
f 1787/1787/1787 1809/1809/1809 1808/1808/1808
f 1788/1788/1788 1789/1789/1789 1810/1810/1810
f 1788/1788/1788 1810/1810/1810 1809/1809/1809
f 1789/1789/1789 1790/1790/1790 1811/1811/1811
f 1789/1789/1789 1811/1811/1811 1810/1810/1810
f 1791/1791/1791 1792/1792/1792 1813/1813/1813
f 1791/1791/1791 1813/1813/1813 1812/1812/1812
f 1792/1792/1792 1793/1793/1793 1814/1814/1814
f 1792/1792/1792 1814/1814/1814 1813/1813/1813
f 1793/1793/1793 1794/1794/1794 1815/1815/1815
f 1793/1793/1793 1815/1815/1815 1814/1814/1814
f 1794/1794/1794 1795/1795/1795 1816/1816/1816
f 1794/1794/1794 1816/1816/1816 1815/1815/1815
f 1795/1795/1795 1796/1796/1796 1817/1817/1817
f 1795/1795/1795 1817/1817/1817 1816/1816/1816
f 1796/1796/1796 1797/1797/1797 1818/1818/1818
f 1796/1796/1796 1818/1818/1818 1817/1817/1817
f 1797/1797/1797 1798/1798/1798 1819/1819/1819
f 1797/1797/1797 1819/1819/1819 1818/1818/1818
f 1798/1798/1798 1799/1799/1799 1820/1820/1820
f 1798/1798/1798 1820/1820/1820 1819/1819/1819
f 1799/1799/1799 1800/1800/1800 1821/1821/1821
f 1799/1799/1799 1821/1821/1821 1820/1820/1820
f 1800/1800/1800 1801/1801/1801 1822/1822/1822
f 1800/1800/1800 1822/1822/1822 1821/1821/1821
f 1801/1801/1801 1802/1802/1802 1823/1823/1823
f 1801/1801/1801 1823/1823/1823 1822/1822/1822
f 1802/1802/1802 1803/1803/1803 1824/1824/1824
f 1802/1802/1802 1824/1824/1824 1823/1823/1823
f 1803/1803/1803 1804/1804/1804 1825/1825/1825
f 1803/1803/1803 1825/1825/1825 1824/1824/1824
f 1804/1804/1804 1805/1805/1805 1826/1826/1826
f 1804/1804/1804 1826/1826/1826 1825/1825/1825
f 1805/1805/1805 1806/1806/1806 1827/1827/1827
f 1805/1805/1805 1827/1827/1827 1826/1826/1826
f 1806/1806/1806 1807/1807/1807 1828/1828/1828
f 1806/1806/1806 1828/1828/1828 1827/1827/1827
f 1807/1807/1807 1808/1808/1808 1829/1829/1829
f 1807/1807/1807 1829/1829/1829 1828/1828/1828
f 1808/1808/1808 1809/1809/1809 1830/1830/1830
f 1808/1808/1808 1830/1830/1830 1829/1829/1829
f 1809/1809/1809 1810/1810/1810 1831/1831/1831
f 1809/1809/1809 1831/1831/1831 1830/1830/1830
f 1810/1810/1810 1811/1811/1811 1832/1832/1832
f 1810/1810/1810 1832/1832/1832 1831/1831/1831
f 1812/1812/1812 1813/1813/1813 1834/1834/1834
f 1812/1812/1812 1834/1834/1834 1833/1833/1833
f 1813/1813/1813 1814/1814/1814 1835/1835/1835
f 1813/1813/1813 1835/1835/1835 1834/1834/1834
f 1814/1814/1814 1815/1815/1815 1836/1836/1836
f 1814/1814/1814 1836/1836/1836 1835/1835/1835
f 1815/1815/1815 1816/1816/1816 1837/1837/1837
f 1815/1815/1815 1837/1837/1837 1836/1836/1836
f 1816/1816/1816 1817/1817/1817 1838/1838/1838
f 1816/1816/1816 1838/1838/1838 1837/1837/1837
f 1817/1817/1817 1818/1818/1818 1839/1839/1839
f 1817/1817/1817 1839/1839/1839 1838/1838/1838
f 1818/1818/1818 1819/1819/1819 1840/1840/1840
f 1818/1818/1818 1840/1840/1840 1839/1839/1839
f 1819/1819/1819 1820/1820/1820 1841/1841/1841
f 1819/1819/1819 1841/1841/1841 1840/1840/1840
f 1820/1820/1820 1821/1821/1821 1842/1842/1842
f 1820/1820/1820 1842/1842/1842 1841/1841/1841
f 1821/1821/1821 1822/1822/1822 1843/1843/1843
f 1821/1821/1821 1843/1843/1843 1842/1842/1842
f 1822/1822/1822 1823/1823/1823 1844/1844/1844
f 1822/1822/1822 1844/1844/1844 1843/1843/1843
f 1823/1823/1823 1824/1824/1824 1845/1845/1845
f 1823/1823/1823 1845/1845/1845 1844/1844/1844
f 1824/1824/1824 1825/1825/1825 1846/1846/1846
f 1824/1824/1824 1846/1846/1846 1845/1845/1845
f 1825/1825/1825 1826/1826/1826 1847/1847/1847
f 1825/1825/1825 1847/1847/1847 1846/1846/1846
f 1826/1826/1826 1827/1827/1827 1848/1848/1848
f 1826/1826/1826 1848/1848/1848 1847/1847/1847
f 1827/1827/1827 1828/1828/1828 1849/1849/1849
f 1827/1827/1827 1849/1849/1849 1848/1848/1848
f 1828/1828/1828 1829/1829/1829 1850/1850/1850
f 1828/1828/1828 1850/1850/1850 1849/1849/1849
f 1829/1829/1829 1830/1830/1830 1851/1851/1851
f 1829/1829/1829 1851/1851/1851 1850/1850/1850
f 1830/1830/1830 1831/1831/1831 1852/1852/1852
f 1830/1830/1830 1852/1852/1852 1851/1851/1851
f 1831/1831/1831 1832/1832/1832 1853/1853/1853
f 1831/1831/1831 1853/1853/1853 1852/1852/1852
f 1833/1833/1833 1834/1834/1834 1855/1855/1855
f 1833/1833/1833 1855/1855/1855 1854/1854/1854
f 1834/1834/1834 1835/1835/1835 1856/1856/1856
f 1834/1834/1834 1856/1856/1856 1855/1855/1855
f 1835/1835/1835 1836/1836/1836 1857/1857/1857
f 1835/1835/1835 1857/1857/1857 1856/1856/1856
f 1836/1836/1836 1837/1837/1837 1858/1858/1858
f 1836/1836/1836 1858/1858/1858 1857/1857/1857
f 1837/1837/1837 1838/1838/1838 1859/1859/1859
f 1837/1837/1837 1859/1859/1859 1858/1858/1858
f 1838/1838/1838 1839/1839/1839 1860/1860/1860
f 1838/1838/1838 1860/1860/1860 1859/1859/1859
f 1839/1839/1839 1840/1840/1840 1861/1861/1861
f 1839/1839/1839 1861/1861/1861 1860/1860/1860
f 1840/1840/1840 1841/1841/1841 1862/1862/1862
f 1840/1840/1840 1862/1862/1862 1861/1861/1861
f 1841/1841/1841 1842/1842/1842 1863/1863/1863
f 1841/1841/1841 1863/1863/1863 1862/1862/1862
f 1842/1842/1842 1843/1843/1843 1864/1864/1864
f 1842/1842/1842 1864/1864/1864 1863/1863/1863
f 1843/1843/1843 1844/1844/1844 1865/1865/1865
f 1843/1843/1843 1865/1865/1865 1864/1864/1864
f 1844/1844/1844 1845/1845/1845 1866/1866/1866
f 1844/1844/1844 1866/1866/1866 1865/1865/1865
f 1845/1845/1845 1846/1846/1846 1867/1867/1867
f 1845/1845/1845 1867/1867/1867 1866/1866/1866
f 1846/1846/1846 1847/1847/1847 1868/1868/1868
f 1846/1846/1846 1868/1868/1868 1867/1867/1867
f 1847/1847/1847 1848/1848/1848 1869/1869/1869
f 1847/1847/1847 1869/1869/1869 1868/1868/1868
f 1848/1848/1848 1849/1849/1849 1870/1870/1870
f 1848/1848/1848 1870/1870/1870 1869/1869/1869
f 1849/1849/1849 1850/1850/1850 1871/1871/1871
f 1849/1849/1849 1871/1871/1871 1870/1870/1870
f 1850/1850/1850 1851/1851/1851 1872/1872/1872
f 1850/1850/1850 1872/1872/1872 1871/1871/1871
f 1851/1851/1851 1852/1852/1852 1873/1873/1873
f 1851/1851/1851 1873/1873/1873 1872/1872/1872
f 1852/1852/1852 1853/1853/1853 1874/1874/1874
f 1852/1852/1852 1874/1874/1874 1873/1873/1873
f 1854/1854/1854 1855/1855/1855 1876/1876/1876
f 1854/1854/1854 1876/1876/1876 1875/1875/1875
f 1855/1855/1855 1856/1856/1856 1877/1877/1877
f 1855/1855/1855 1877/1877/1877 1876/1876/1876
f 1856/1856/1856 1857/1857/1857 1878/1878/1878
f 1856/1856/1856 1878/1878/1878 1877/1877/1877
f 1857/1857/1857 1858/1858/1858 1879/1879/1879
f 1857/1857/1857 1879/1879/1879 1878/1878/1878
f 1858/1858/1858 1859/1859/1859 1880/1880/1880
f 1858/1858/1858 1880/1880/1880 1879/1879/1879
f 1859/1859/1859 1860/1860/1860 1881/1881/1881
f 1859/1859/1859 1881/1881/1881 1880/1880/1880
f 1860/1860/1860 1861/1861/1861 1882/1882/1882
f 1860/1860/1860 1882/1882/1882 1881/1881/1881
f 1861/1861/1861 1862/1862/1862 1883/1883/1883
f 1861/1861/1861 1883/1883/1883 1882/1882/1882
f 1862/1862/1862 1863/1863/1863 1884/1884/1884
f 1862/1862/1862 1884/1884/1884 1883/1883/1883
f 1863/1863/1863 1864/1864/1864 1885/1885/1885
f 1863/1863/1863 1885/1885/1885 1884/1884/1884
f 1864/1864/1864 1865/1865/1865 1886/1886/1886
f 1864/1864/1864 1886/1886/1886 1885/1885/1885
f 1865/1865/1865 1866/1866/1866 1887/1887/1887
f 1865/1865/1865 1887/1887/1887 1886/1886/1886
f 1866/1866/1866 1867/1867/1867 1888/1888/1888
f 1866/1866/1866 1888/1888/1888 1887/1887/1887
f 1867/1867/1867 1868/1868/1868 1889/1889/1889
f 1867/1867/1867 1889/1889/1889 1888/1888/1888
f 1868/1868/1868 1869/1869/1869 1890/1890/1890
f 1868/1868/1868 1890/1890/1890 1889/1889/1889
f 1869/1869/1869 1870/1870/1870 1891/1891/1891
f 1869/1869/1869 1891/1891/1891 1890/1890/1890
f 1870/1870/1870 1871/1871/1871 1892/1892/1892
f 1870/1870/1870 1892/1892/1892 1891/1891/1891
f 1871/1871/1871 1872/1872/1872 1893/1893/1893
f 1871/1871/1871 1893/1893/1893 1892/1892/1892
f 1872/1872/1872 1873/1873/1873 1894/1894/1894
f 1872/1872/1872 1894/1894/1894 1893/1893/1893
f 1873/1873/1873 1874/1874/1874 1895/1895/1895
f 1873/1873/1873 1895/1895/1895 1894/1894/1894
f 1875/1875/1875 1876/1876/1876 1897/1897/1897
f 1875/1875/1875 1897/1897/1897 1896/1896/1896
f 1876/1876/1876 1877/1877/1877 1898/1898/1898
f 1876/1876/1876 1898/1898/1898 1897/1897/1897
f 1877/1877/1877 1878/1878/1878 1899/1899/1899
f 1877/1877/1877 1899/1899/1899 1898/1898/1898
f 1878/1878/1878 1879/1879/1879 1900/1900/1900
f 1878/1878/1878 1900/1900/1900 1899/1899/1899
f 1879/1879/1879 1880/1880/1880 1901/1901/1901
f 1879/1879/1879 1901/1901/1901 1900/1900/1900
f 1880/1880/1880 1881/1881/1881 1902/1902/1902
f 1880/1880/1880 1902/1902/1902 1901/1901/1901
f 1881/1881/1881 1882/1882/1882 1903/1903/1903
f 1881/1881/1881 1903/1903/1903 1902/1902/1902
f 1882/1882/1882 1883/1883/1883 1904/1904/1904
f 1882/1882/1882 1904/1904/1904 1903/1903/1903
f 1883/1883/1883 1884/1884/1884 1905/1905/1905
f 1883/1883/1883 1905/1905/1905 1904/1904/1904
f 1884/1884/1884 1885/1885/1885 1906/1906/1906
f 1884/1884/1884 1906/1906/1906 1905/1905/1905
f 1885/1885/1885 1886/1886/1886 1907/1907/1907
f 1885/1885/1885 1907/1907/1907 1906/1906/1906
f 1886/1886/1886 1887/1887/1887 1908/1908/1908
f 1886/1886/1886 1908/1908/1908 1907/1907/1907
f 1887/1887/1887 1888/1888/1888 1909/1909/1909
f 1887/1887/1887 1909/1909/1909 1908/1908/1908
f 1888/1888/1888 1889/1889/1889 1910/1910/1910
f 1888/1888/1888 1910/1910/1910 1909/1909/1909
f 1889/1889/1889 1890/1890/1890 1911/1911/1911
f 1889/1889/1889 1911/1911/1911 1910/1910/1910
f 1890/1890/1890 1891/1891/1891 1912/1912/1912
f 1890/1890/1890 1912/1912/1912 1911/1911/1911
f 1891/1891/1891 1892/1892/1892 1913/1913/1913
f 1891/1891/1891 1913/1913/1913 1912/1912/1912
f 1892/1892/1892 1893/1893/1893 1914/1914/1914
f 1892/1892/1892 1914/1914/1914 1913/1913/1913
f 1893/1893/1893 1894/1894/1894 1915/1915/1915
f 1893/1893/1893 1915/1915/1915 1914/1914/1914
f 1894/1894/1894 1895/1895/1895 1916/1916/1916
f 1894/1894/1894 1916/1916/1916 1915/1915/1915
f 1896/1896/1896 1897/1897/1897 1918/1918/1918
f 1896/1896/1896 1918/1918/1918 1917/1917/1917
f 1897/1897/1897 1898/1898/1898 1919/1919/1919
f 1897/1897/1897 1919/1919/1919 1918/1918/1918
f 1898/1898/1898 1899/1899/1899 1920/1920/1920
f 1898/1898/1898 1920/1920/1920 1919/1919/1919
f 1899/1899/1899 1900/1900/1900 1921/1921/1921
f 1899/1899/1899 1921/1921/1921 1920/1920/1920
f 1900/1900/1900 1901/1901/1901 1922/1922/1922
f 1900/1900/1900 1922/1922/1922 1921/1921/1921
f 1901/1901/1901 1902/1902/1902 1923/1923/1923
f 1901/1901/1901 1923/1923/1923 1922/1922/1922
f 1902/1902/1902 1903/1903/1903 1924/1924/1924
f 1902/1902/1902 1924/1924/1924 1923/1923/1923
f 1903/1903/1903 1904/1904/1904 1925/1925/1925
f 1903/1903/1903 1925/1925/1925 1924/1924/1924
f 1904/1904/1904 1905/1905/1905 1926/1926/1926
f 1904/1904/1904 1926/1926/1926 1925/1925/1925
f 1905/1905/1905 1906/1906/1906 1927/1927/1927
f 1905/1905/1905 1927/1927/1927 1926/1926/1926
f 1906/1906/1906 1907/1907/1907 1928/1928/1928
f 1906/1906/1906 1928/1928/1928 1927/1927/1927
f 1907/1907/1907 1908/1908/1908 1929/1929/1929
f 1907/1907/1907 1929/1929/1929 1928/1928/1928
f 1908/1908/1908 1909/1909/1909 1930/1930/1930
f 1908/1908/1908 1930/1930/1930 1929/1929/1929
f 1909/1909/1909 1910/1910/1910 1931/1931/1931
f 1909/1909/1909 1931/1931/1931 1930/1930/1930
f 1910/1910/1910 1911/1911/1911 1932/1932/1932
f 1910/1910/1910 1932/1932/1932 1931/1931/1931
f 1911/1911/1911 1912/1912/1912 1933/1933/1933
f 1911/1911/1911 1933/1933/1933 1932/1932/1932
f 1912/1912/1912 1913/1913/1913 1934/1934/1934
f 1912/1912/1912 1934/1934/1934 1933/1933/1933
f 1913/1913/1913 1914/1914/1914 1935/1935/1935
f 1913/1913/1913 1935/1935/1935 1934/1934/1934
f 1914/1914/1914 1915/1915/1915 1936/1936/1936
f 1914/1914/1914 1936/1936/1936 1935/1935/1935
f 1915/1915/1915 1916/1916/1916 1937/1937/1937
f 1915/1915/1915 1937/1937/1937 1936/1936/1936
f 1917/1917/1917 1918/1918/1918 1939/1939/1939
f 1917/1917/1917 1939/1939/1939 1938/1938/1938
f 1918/1918/1918 1919/1919/1919 1940/1940/1940
f 1918/1918/1918 1940/1940/1940 1939/1939/1939
f 1919/1919/1919 1920/1920/1920 1941/1941/1941
f 1919/1919/1919 1941/1941/1941 1940/1940/1940
f 1920/1920/1920 1921/1921/1921 1942/1942/1942
f 1920/1920/1920 1942/1942/1942 1941/1941/1941
f 1921/1921/1921 1922/1922/1922 1943/1943/1943
f 1921/1921/1921 1943/1943/1943 1942/1942/1942
f 1922/1922/1922 1923/1923/1923 1944/1944/1944
f 1922/1922/1922 1944/1944/1944 1943/1943/1943
f 1923/1923/1923 1924/1924/1924 1945/1945/1945
f 1923/1923/1923 1945/1945/1945 1944/1944/1944
f 1924/1924/1924 1925/1925/1925 1946/1946/1946
f 1924/1924/1924 1946/1946/1946 1945/1945/1945
f 1925/1925/1925 1926/1926/1926 1947/1947/1947
f 1925/1925/1925 1947/1947/1947 1946/1946/1946
f 1926/1926/1926 1927/1927/1927 1948/1948/1948
f 1926/1926/1926 1948/1948/1948 1947/1947/1947
f 1927/1927/1927 1928/1928/1928 1949/1949/1949
f 1927/1927/1927 1949/1949/1949 1948/1948/1948
f 1928/1928/1928 1929/1929/1929 1950/1950/1950
f 1928/1928/1928 1950/1950/1950 1949/1949/1949
f 1929/1929/1929 1930/1930/1930 1951/1951/1951
f 1929/1929/1929 1951/1951/1951 1950/1950/1950
f 1930/1930/1930 1931/1931/1931 1952/1952/1952
f 1930/1930/1930 1952/1952/1952 1951/1951/1951
f 1931/1931/1931 1932/1932/1932 1953/1953/1953
f 1931/1931/1931 1953/1953/1953 1952/1952/1952
f 1932/1932/1932 1933/1933/1933 1954/1954/1954
f 1932/1932/1932 1954/1954/1954 1953/1953/1953
f 1933/1933/1933 1934/1934/1934 1955/1955/1955
f 1933/1933/1933 1955/1955/1955 1954/1954/1954
f 1934/1934/1934 1935/1935/1935 1956/1956/1956
f 1934/1934/1934 1956/1956/1956 1955/1955/1955
f 1935/1935/1935 1936/1936/1936 1957/1957/1957
f 1935/1935/1935 1957/1957/1957 1956/1956/1956
f 1936/1936/1936 1937/1937/1937 1958/1958/1958
f 1936/1936/1936 1958/1958/1958 1957/1957/1957
f 1938/1938/1938 1939/1939/1939 1960/1960/1960
f 1938/1938/1938 1960/1960/1960 1959/1959/1959
f 1939/1939/1939 1940/1940/1940 1961/1961/1961
f 1939/1939/1939 1961/1961/1961 1960/1960/1960
f 1940/1940/1940 1941/1941/1941 1962/1962/1962
f 1940/1940/1940 1962/1962/1962 1961/1961/1961
f 1941/1941/1941 1942/1942/1942 1963/1963/1963
f 1941/1941/1941 1963/1963/1963 1962/1962/1962
f 1942/1942/1942 1943/1943/1943 1964/1964/1964
f 1942/1942/1942 1964/1964/1964 1963/1963/1963
f 1943/1943/1943 1944/1944/1944 1965/1965/1965
f 1943/1943/1943 1965/1965/1965 1964/1964/1964
f 1944/1944/1944 1945/1945/1945 1966/1966/1966
f 1944/1944/1944 1966/1966/1966 1965/1965/1965
f 1945/1945/1945 1946/1946/1946 1967/1967/1967
f 1945/1945/1945 1967/1967/1967 1966/1966/1966
f 1946/1946/1946 1947/1947/1947 1968/1968/1968
f 1946/1946/1946 1968/1968/1968 1967/1967/1967
f 1947/1947/1947 1948/1948/1948 1969/1969/1969
f 1947/1947/1947 1969/1969/1969 1968/1968/1968
f 1948/1948/1948 1949/1949/1949 1970/1970/1970
f 1948/1948/1948 1970/1970/1970 1969/1969/1969
f 1949/1949/1949 1950/1950/1950 1971/1971/1971
f 1949/1949/1949 1971/1971/1971 1970/1970/1970
f 1950/1950/1950 1951/1951/1951 1972/1972/1972
f 1950/1950/1950 1972/1972/1972 1971/1971/1971
f 1951/1951/1951 1952/1952/1952 1973/1973/1973
f 1951/1951/1951 1973/1973/1973 1972/1972/1972
f 1952/1952/1952 1953/1953/1953 1974/1974/1974
f 1952/1952/1952 1974/1974/1974 1973/1973/1973
f 1953/1953/1953 1954/1954/1954 1975/1975/1975
f 1953/1953/1953 1975/1975/1975 1974/1974/1974
f 1954/1954/1954 1955/1955/1955 1976/1976/1976
f 1954/1954/1954 1976/1976/1976 1975/1975/1975
f 1955/1955/1955 1956/1956/1956 1977/1977/1977
f 1955/1955/1955 1977/1977/1977 1976/1976/1976
f 1956/1956/1956 1957/1957/1957 1978/1978/1978
f 1956/1956/1956 1978/1978/1978 1977/1977/1977
f 1957/1957/1957 1958/1958/1958 1979/1979/1979
f 1957/1957/1957 1979/1979/1979 1978/1978/1978
f 1959/1959/1959 1960/1960/1960 1980/1980/1980
f 1960/1960/1960 1961/1961/1961 1980/1980/1980
f 1961/1961/1961 1962/1962/1962 1980/1980/1980
f 1962/1962/1962 1963/1963/1963 1980/1980/1980
f 1963/1963/1963 1964/1964/1964 1980/1980/1980
f 1964/1964/1964 1965/1965/1965 1980/1980/1980
f 1965/1965/1965 1966/1966/1966 1980/1980/1980
f 1966/1966/1966 1967/1967/1967 1980/1980/1980
f 1967/1967/1967 1968/1968/1968 1980/1980/1980
f 1968/1968/1968 1969/1969/1969 1980/1980/1980
f 1969/1969/1969 1970/1970/1970 1980/1980/1980
f 1970/1970/1970 1971/1971/1971 1980/1980/1980
f 1971/1971/1971 1972/1972/1972 1980/1980/1980
f 1972/1972/1972 1973/1973/1973 1980/1980/1980
f 1973/1973/1973 1974/1974/1974 1980/1980/1980
f 1974/1974/1974 1975/1975/1975 1980/1980/1980
f 1975/1975/1975 1976/1976/1976 1980/1980/1980
f 1976/1976/1976 1977/1977/1977 1980/1980/1980
f 1977/1977/1977 1978/1978/1978 1980/1980/1980
f 1978/1978/1978 1979/1979/1979 1980/1980/1980
o Shoulder_-1
v 0.000000 59.515571 14.900905
v 2.062565 59.667667 14.900905
v 1.961616 59.667667 14.503650
v 1.668650 59.667667 14.145280
v 1.212345 59.667667 13.860877
v 0.637368 59.667667 13.678278
v 0.000000 59.667667 13.615359
v -0.637368 59.667667 13.678278
v -1.212345 59.667667 13.860877
v -1.668650 59.667667 14.145280
v -1.961616 59.667667 14.503650
v -2.062565 59.667667 14.900905
v -1.961616 59.667667 15.298161
v -1.668650 59.667667 15.656530
v -1.212345 59.667667 15.940934
v -0.637368 59.667667 16.123532
v -0.000000 59.667667 16.186451
v 0.637368 59.667667 16.123532
v 1.212345 59.667667 15.940934
v 1.668650 59.667667 15.656530
v 1.961616 59.667667 15.298161
v 2.062565 59.667667 14.900905
v 3.984570 60.113589 14.900905
v 3.789551 60.113589 14.133466
v 3.223585 60.113589 13.441150
v 2.342072 60.113589 12.891724
v 1.231300 60.113589 12.538971
v 0.000000 60.113589 12.417421
v -1.231300 60.113589 12.538971
v -2.342072 60.113589 12.891724
v -3.223585 60.113589 13.441150
v -3.789551 60.113589 14.133466
v -3.984570 60.113589 14.900905
v -3.789551 60.113589 15.668344
v -3.223585 60.113589 16.360661
v -2.342072 60.113589 16.910086
v -1.231300 60.113589 17.262839
v -0.000000 60.113589 17.384389
v 1.231300 60.113589 17.262839
v 2.342072 60.113589 16.910086
v 3.223585 60.113589 16.360661
v 3.789551 60.113589 15.668344
v 3.984570 60.113589 14.900905
v 5.635033 60.822949 14.900905
v 5.359235 60.822949 13.815583
v 4.558837 60.822949 12.836499
v 3.312189 60.822949 12.059494
v 1.741321 60.822949 11.560626
v 0.000000 60.822949 11.388728
v -1.741321 60.822949 11.560626
v -3.312189 60.822949 12.059494
v -4.558837 60.822949 12.836499
v -5.359235 60.822949 13.815583
v -5.635033 60.822949 14.900905
v -5.359235 60.822949 15.986228
v -4.558837 60.822949 16.965311
v -3.312189 60.822949 17.742316
v -1.741321 60.822949 18.241184
v -0.000000 60.822949 18.413082
v 1.741321 60.822949 18.241184
v 3.312189 60.822949 17.742316
v 4.558837 60.822949 16.965311
v 5.359235 60.822949 15.986228
v 5.635033 60.822949 14.900905
v 6.901478 61.747405 14.900905
v 6.563695 61.747405 13.571662
v 5.583413 61.747405 12.372535
v 4.056587 61.747405 11.420902
v 2.132674 61.747405 10.809916
v 0.000000 61.747405 10.599384
v -2.132674 61.747405 10.809916
v -4.056587 61.747405 11.420902
v -5.583413 61.747405 12.372535
v -6.563695 61.747405 13.571662
v -6.901478 61.747405 14.900905
v -6.563695 61.747405 16.230148
v -5.583413 61.747405 17.429276
v -4.056587 61.747405 18.380909
v -2.132674 61.747405 18.991895
v -0.000000 61.747405 19.202426
v 2.132674 61.747405 18.991895
v 4.056587 61.747405 18.380909
v 5.583413 61.747405 17.429276
v 6.563695 61.747405 16.230148
v 6.901478 61.747405 14.900905
v 7.697598 62.823957 14.900905
v 7.320851 62.823957 13.418327
v 6.227488 62.823957 12.080874
v 4.524535 62.823957 11.019466
v 2.378689 62.823957 10.337999
v 0.000000 62.823957 10.103182
v -2.378689 62.823957 10.337999
v -4.524535 62.823957 11.019466
v -6.227488 62.823957 12.080874
v -7.320851 62.823957 13.418327
v -7.697598 62.823957 14.900905
v -7.320851 62.823957 16.383483
v -6.227488 62.823957 17.720936
v -4.524535 62.823957 18.782345
v -2.378689 62.823957 19.463811
v -0.000000 62.823957 19.698628
v 2.378689 62.823957 19.463811
v 4.524535 62.823957 18.782345
v 6.227488 62.823957 17.720936
v 7.320851 62.823957 16.383483
v 7.697598 62.823957 14.900905
v 7.969140 63.979239 14.900905
v 7.579103 63.979239 13.366028
v 6.447170 63.979239 11.981394
v 4.684143 63.979239 10.882543
v 2.462600 63.979239 10.177038
v 0.000000 63.979239 9.933937
v -2.462600 63.979239 10.177038
v -4.684143 63.979239 10.882543
v -6.447170 63.979239 11.981394
v -7.579103 63.979239 13.366028
v -7.969140 63.979239 14.900905
v -7.579103 63.979239 16.435783
v -6.447170 63.979239 17.820416
v -4.684143 63.979239 18.919267
v -2.462600 63.979239 19.624773
v -0.000000 63.979239 19.867874
v 2.462600 63.979239 19.624773
v 4.684143 63.979239 18.919267
v 6.447170 63.979239 17.820416
v 7.579103 63.979239 16.435783
v 7.969140 63.979239 14.900905
v 7.697598 65.134521 14.900905
v 7.320851 65.134521 13.418327
v 6.227488 65.134521 12.080874
v 4.524535 65.134521 11.019466
v 2.378689 65.134521 10.337999
v 0.000000 65.134521 10.103182
v -2.378689 65.134521 10.337999
v -4.524535 65.134521 11.019466
v -6.227488 65.134521 12.080874
v -7.320851 65.134521 13.418327
v -7.697598 65.134521 14.900905
v -7.320851 65.134521 16.383483
v -6.227488 65.134521 17.720936
v -4.524535 65.134521 18.782345
v -2.378689 65.134521 19.463811
v -0.000000 65.134521 19.698628
v 2.378689 65.134521 19.463811
v 4.524535 65.134521 18.782345
v 6.227488 65.134521 17.720936
v 7.320851 65.134521 16.383483
v 7.697598 65.134521 14.900905
v 6.901478 66.211073 14.900905
v 6.563695 66.211073 13.571662
v 5.583413 66.211073 12.372535
v 4.056587 66.211073 11.420902
v 2.132674 66.211073 10.809916
v 0.000000 66.211073 10.599384
v -2.132674 66.211073 10.809916
v -4.056587 66.211073 11.420902
v -5.583413 66.211073 12.372535
v -6.563695 66.211073 13.571662
v -6.901478 66.211073 14.900905
v -6.563695 66.211073 16.230148
v -5.583413 66.211073 17.429276
v -4.056587 66.211073 18.380909
v -2.132674 66.211073 18.991895
v -0.000000 66.211073 19.202426
v 2.132674 66.211073 18.991895
v 4.056587 66.211073 18.380909
v 5.583413 66.211073 17.429276
v 6.563695 66.211073 16.230148
v 6.901478 66.211073 14.900905
v 5.635033 67.135529 14.900905
v 5.359235 67.135529 13.815583
v 4.558837 67.135529 12.836499
v 3.312189 67.135529 12.059494
v 1.741321 67.135529 11.560626
v 0.000000 67.135529 11.388728
v -1.741321 67.135529 11.560626
v -3.312189 67.135529 12.059494
v -4.558837 67.135529 12.836499
v -5.359235 67.135529 13.815583
v -5.635033 67.135529 14.900905
v -5.359235 67.135529 15.986228
v -4.558837 67.135529 16.965311
v -3.312189 67.135529 17.742316
v -1.741321 67.135529 18.241184
v -0.000000 67.135529 18.413082
v 1.741321 67.135529 18.241184
v 3.312189 67.135529 17.742316
v 4.558837 67.135529 16.965311
v 5.359235 67.135529 15.986228
v 5.635033 67.135529 14.900905
v 3.984570 67.844888 14.900905
v 3.789551 67.844888 14.133466
v 3.223585 67.844888 13.441150
v 2.342072 67.844888 12.891724
v 1.231300 67.844888 12.538971
v 0.000000 67.844888 12.417421
v -1.231300 67.844888 12.538971
v -2.342072 67.844888 12.891724
v -3.223585 67.844888 13.441150
v -3.789551 67.844888 14.133466
v -3.984570 67.844888 14.900905
v -3.789551 67.844888 15.668344
v -3.223585 67.844888 16.360661
v -2.342072 67.844888 16.910086
v -1.231300 67.844888 17.262839
v -0.000000 67.844888 17.384389
v 1.231300 67.844888 17.262839
v 2.342072 67.844888 16.910086
v 3.223585 67.844888 16.360661
v 3.789551 67.844888 15.668344
v 3.984570 67.844888 14.900905
v 2.062565 68.290811 14.900905
v 1.961616 68.290811 14.503650
v 1.668650 68.290811 14.145280
v 1.212345 68.290811 13.860877
v 0.637368 68.290811 13.678278
v 0.000000 68.290811 13.615359
v -0.637368 68.290811 13.678278
v -1.212345 68.290811 13.860877
v -1.668650 68.290811 14.145280
v -1.961616 68.290811 14.503650
v -2.062565 68.290811 14.900905
v -1.961616 68.290811 15.298161
v -1.668650 68.290811 15.656530
v -1.212345 68.290811 15.940934
v -0.637368 68.290811 16.123532
v -0.000000 68.290811 16.186451
v 0.637368 68.290811 16.123532
v 1.212345 68.290811 15.940934
v 1.668650 68.290811 15.656530
v 1.961616 68.290811 15.298161
v 2.062565 68.290811 14.900905
v 0.000000 68.442907 14.900905
vt 0.5000000 0.6996875
vt 0.0865625 0.8056375
vt 0.1279062 0.8056375
vt 0.1692500 0.8056375
vt 0.2105938 0.8056375
vt 0.2519375 0.8056375
vt 0.2932813 0.8056375
vt 0.3346250 0.8056375
vt 0.3759688 0.8056375
vt 0.4173125 0.8056375
vt 0.4586563 0.8056375
vt 0.5000000 0.8056375
vt 0.5413438 0.8056375
vt 0.5826875 0.8056375
vt 0.6240313 0.8056375
vt 0.6653750 0.8056375
vt 0.7067187 0.8056375
vt 0.7480625 0.8056375
vt 0.7894062 0.8056375
vt 0.8307500 0.8056375
vt 0.8720937 0.8056375
vt 0.9134375 0.8056375
vt 0.0865625 0.7946797
vt 0.1279062 0.7946797
vt 0.1692500 0.7946797
vt 0.2105938 0.7946797
vt 0.2519375 0.7946797
vt 0.2932813 0.7946797
vt 0.3346250 0.7946797
vt 0.3759688 0.7946797
vt 0.4173125 0.7946797
vt 0.4586563 0.7946797
vt 0.5000000 0.7946797
vt 0.5413438 0.7946797
vt 0.5826875 0.7946797
vt 0.6240313 0.7946797
vt 0.6653750 0.7946797
vt 0.7067187 0.7946797
vt 0.7480625 0.7946797
vt 0.7894062 0.7946797
vt 0.8307500 0.7946797
vt 0.8720937 0.7946797
vt 0.9134375 0.7946797
vt 0.0865625 0.7772483
vt 0.1279062 0.7772483
vt 0.1692500 0.7772483
vt 0.2105938 0.7772483
vt 0.2519375 0.7772483
vt 0.2932813 0.7772483
vt 0.3346250 0.7772483
vt 0.3759688 0.7772483
vt 0.4173125 0.7772483
vt 0.4586563 0.7772483
vt 0.5000000 0.7772483
vt 0.5413438 0.7772483
vt 0.5826875 0.7772483
vt 0.6240313 0.7772483
vt 0.6653750 0.7772483
vt 0.7067187 0.7772483
vt 0.7480625 0.7772483
vt 0.7894062 0.7772483
vt 0.8307500 0.7772483
vt 0.8720937 0.7772483
vt 0.9134375 0.7772483
vt 0.0865625 0.7545312
vt 0.1279062 0.7545312
vt 0.1692500 0.7545312
vt 0.2105938 0.7545312
vt 0.2519375 0.7545312
vt 0.2932813 0.7545312
vt 0.3346250 0.7545312
vt 0.3759688 0.7545312
vt 0.4173125 0.7545312
vt 0.4586563 0.7545312
vt 0.5000000 0.7545312
vt 0.5413438 0.7545312
vt 0.5826875 0.7545312
vt 0.6240313 0.7545312
vt 0.6653750 0.7545312
vt 0.7067187 0.7545312
vt 0.7480625 0.7545312
vt 0.7894062 0.7545312
vt 0.8307500 0.7545312
vt 0.8720937 0.7545312
vt 0.9134375 0.7545312
vt 0.0865625 0.7280767
vt 0.1279062 0.7280767
vt 0.1692500 0.7280767
vt 0.2105938 0.7280767
vt 0.2519375 0.7280767
vt 0.2932813 0.7280767
vt 0.3346250 0.7280767
vt 0.3759688 0.7280767
vt 0.4173125 0.7280767
vt 0.4586563 0.7280767
vt 0.5000000 0.7280767
vt 0.5413438 0.7280767
vt 0.5826875 0.7280767
vt 0.6240313 0.7280767
vt 0.6653750 0.7280767
vt 0.7067187 0.7280767
vt 0.7480625 0.7280767
vt 0.7894062 0.7280767
vt 0.8307500 0.7280767
vt 0.8720937 0.7280767
vt 0.9134375 0.7280767
vt 0.0865625 0.6996875
vt 0.1279062 0.6996875
vt 0.1692500 0.6996875
vt 0.2105938 0.6996875
vt 0.2519375 0.6996875
vt 0.2932813 0.6996875
vt 0.3346250 0.6996875
vt 0.3759688 0.6996875
vt 0.4173125 0.6996875
vt 0.4586563 0.6996875
vt 0.5000000 0.6996875
vt 0.5413438 0.6996875
vt 0.5826875 0.6996875
vt 0.6240313 0.6996875
vt 0.6653750 0.6996875
vt 0.7067187 0.6996875
vt 0.7480625 0.6996875
vt 0.7894062 0.6996875
vt 0.8307500 0.6996875
vt 0.8720937 0.6996875
vt 0.9134375 0.6996875
vt 0.0865625 0.6712983
vt 0.1279062 0.6712983
vt 0.1692500 0.6712983
vt 0.2105938 0.6712983
vt 0.2519375 0.6712983
vt 0.2932813 0.6712983
vt 0.3346250 0.6712983
vt 0.3759688 0.6712983
vt 0.4173125 0.6712983
vt 0.4586563 0.6712983
vt 0.5000000 0.6712983
vt 0.5413438 0.6712983
vt 0.5826875 0.6712983
vt 0.6240313 0.6712983
vt 0.6653750 0.6712983
vt 0.7067187 0.6712983
vt 0.7480625 0.6712983
vt 0.7894062 0.6712983
vt 0.8307500 0.6712983
vt 0.8720937 0.6712983
vt 0.9134375 0.6712983
vt 0.0865625 0.6448438
vt 0.1279062 0.6448438
vt 0.1692500 0.6448438
vt 0.2105938 0.6448438
vt 0.2519375 0.6448438
vt 0.2932813 0.6448438
vt 0.3346250 0.6448438
vt 0.3759688 0.6448438
vt 0.4173125 0.6448438
vt 0.4586563 0.6448438
vt 0.5000000 0.6448438
vt 0.5413438 0.6448438
vt 0.5826875 0.6448438
vt 0.6240313 0.6448438
vt 0.6653750 0.6448438
vt 0.7067187 0.6448438
vt 0.7480625 0.6448438
vt 0.7894062 0.6448438
vt 0.8307500 0.6448438
vt 0.8720937 0.6448438
vt 0.9134375 0.6448438
vt 0.0865625 0.6221267
vt 0.1279062 0.6221267
vt 0.1692500 0.6221267
vt 0.2105938 0.6221267
vt 0.2519375 0.6221267
vt 0.2932813 0.6221267
vt 0.3346250 0.6221267
vt 0.3759688 0.6221267
vt 0.4173125 0.6221267
vt 0.4586563 0.6221267
vt 0.5000000 0.6221267
vt 0.5413438 0.6221267
vt 0.5826875 0.6221267
vt 0.6240313 0.6221267
vt 0.6653750 0.6221267
vt 0.7067187 0.6221267
vt 0.7480625 0.6221267
vt 0.7894062 0.6221267
vt 0.8307500 0.6221267
vt 0.8720937 0.6221267
vt 0.9134375 0.6221267
vt 0.0865625 0.6046953
vt 0.1279062 0.6046953
vt 0.1692500 0.6046953
vt 0.2105938 0.6046953
vt 0.2519375 0.6046953
vt 0.2932813 0.6046953
vt 0.3346250 0.6046953
vt 0.3759688 0.6046953
vt 0.4173125 0.6046953
vt 0.4586563 0.6046953
vt 0.5000000 0.6046953
vt 0.5413438 0.6046953
vt 0.5826875 0.6046953
vt 0.6240313 0.6046953
vt 0.6653750 0.6046953
vt 0.7067187 0.6046953
vt 0.7480625 0.6046953
vt 0.7894062 0.6046953
vt 0.8307500 0.6046953
vt 0.8720937 0.6046953
vt 0.9134375 0.6046953
vt 0.0865625 0.5937375
vt 0.1279062 0.5937375
vt 0.1692500 0.5937375
vt 0.2105938 0.5937375
vt 0.2519375 0.5937375
vt 0.2932813 0.5937375
vt 0.3346250 0.5937375
vt 0.3759688 0.5937375
vt 0.4173125 0.5937375
vt 0.4586563 0.5937375
vt 0.5000000 0.5937375
vt 0.5413438 0.5937375
vt 0.5826875 0.5937375
vt 0.6240313 0.5937375
vt 0.6653750 0.5937375
vt 0.7067187 0.5937375
vt 0.7480625 0.5937375
vt 0.7894062 0.5937375
vt 0.8307500 0.5937375
vt 0.8720937 0.5937375
vt 0.9134375 0.5937375
vt 0.5000000 0.6996875
vn 0.0000000 -1.0000000 -0.0000000
vn 0.1734233 -0.9846745 -0.0184516
vn 0.1608718 -0.9815647 -0.1032040
vn 0.1322741 -0.9753215 -0.1767808
vn 0.0911031 -0.9684264 -0.2320572
vn 0.0417351 -0.9634795 -0.2645098
vn -0.0112386 -0.9622569 -0.2719104
vn -0.0632512 -0.9651863 -0.2538004
vn -0.1097215 -0.9712356 -0.2113352
vn -0.1460939 -0.9781914 -0.1476421
vn -0.1682659 -0.9833696 -0.0683432
vn -0.1734233 -0.9846745 0.0184516
vn -0.1608718 -0.9815647 0.1032040
vn -0.1322741 -0.9753215 0.1767808
vn -0.0911031 -0.9684264 0.2320572
vn -0.0417351 -0.9634795 0.2645098
vn 0.0112386 -0.9622569 0.2719104
vn 0.0632512 -0.9651863 0.2538004
vn 0.1097215 -0.9712356 0.2113352
vn 0.1460939 -0.9781914 0.1476421
vn 0.1682659 -0.9833696 0.0683432
vn 0.1734233 -0.9846745 -0.0184516
vn 0.3205091 -0.9470792 -0.0177471
vn 0.2986244 -0.9383444 -0.1741642
vn 0.2454083 -0.9194030 -0.3073643
vn 0.1702402 -0.8985141 -0.4045871
vn 0.0825704 -0.8833962 -0.4612952
vn -0.0102635 -0.8787663 -0.4771419
vn -0.1024885 -0.8859283 -0.4523573
vn -0.1881209 -0.9028376 -0.3866455
vn -0.2593322 -0.9240368 -0.2808966
vn -0.3063858 -0.9413807 -0.1411738
vn -0.3205091 -0.9470792 0.0177471
vn -0.2986244 -0.9383444 0.1741642
vn -0.2454083 -0.9194030 0.3073643
vn -0.1702402 -0.8985141 0.4045871
vn -0.0825704 -0.8833962 0.4612952
vn 0.0102635 -0.8787663 0.4771419
vn 0.1024885 -0.8859283 0.4523573
vn 0.1881209 -0.9028376 0.3866455
vn 0.2593322 -0.9240368 0.2808966
vn 0.3063858 -0.9413807 0.1411738
vn 0.3205091 -0.9470792 -0.0177471
vn 0.4971913 -0.8674887 -0.0162557
vn 0.4602051 -0.8499054 -0.2566554
vn 0.3708373 -0.8117908 -0.4510824
vn 0.2528337 -0.7721680 -0.5829509
vn 0.1236425 -0.7448263 -0.6557029
vn -0.0085968 -0.7360654 -0.6768558
vn -0.1406735 -0.7473989 -0.6493119
vn -0.2690384 -0.7768238 -0.5693533
vn -0.3845312 -0.8172059 -0.4293137
vn -0.4684405 -0.8537336 -0.2273815
vn -0.4971913 -0.8674887 0.0162557
vn -0.4602051 -0.8499054 0.2566554
vn -0.3708373 -0.8117908 0.4510824
vn -0.2528337 -0.7721680 0.5829509
vn -0.1236425 -0.7448263 0.6557029
vn 0.0085968 -0.7360654 0.6768558
vn 0.1406735 -0.7473989 0.6493119
vn 0.2690384 -0.7768238 0.5693533
vn 0.3845312 -0.8172059 0.4293137
vn 0.4684405 -0.8537336 0.2273815
vn 0.4971913 -0.8674887 -0.0162557
vn 0.7017490 -0.7122993 -0.0133476
vn 0.6399076 -0.6855952 -0.3470987
vn 0.4981576 -0.6304443 -0.5952974
vn 0.3295328 -0.5785029 -0.7461518
vn 0.1599449 -0.5452690 -0.8228604
vn -0.0062441 -0.5346269 -0.8450651
vn -0.1726057 -0.5470033 -0.8191426
vn -0.3424452 -0.5818672 -0.7376732
vn -0.5103198 -0.6348058 -0.5801684
vn -0.6481080 -0.6890522 -0.3242887
vn -0.7017490 -0.7122993 0.0133476
vn -0.6399076 -0.6855952 0.3470987
vn -0.4981576 -0.6304443 0.5952974
vn -0.3295328 -0.5785029 0.7461518
vn -0.1599449 -0.5452690 0.8228604
vn 0.0062441 -0.5346269 0.8450651
vn 0.1726057 -0.5470033 0.8191426
vn 0.3424452 -0.5818672 0.7376732
vn 0.5103198 -0.6348058 0.5801684
vn 0.6481080 -0.6890522 0.3242887
vn 0.7017490 -0.7122993 -0.0133476
vn 0.9041250 -0.4271930 -0.0080051
vn 0.8085073 -0.4023951 -0.4294114
vn 0.6047274 -0.3546030 -0.7131350
vn 0.3878581 -0.3141674 -0.8665246
vn 0.1865242 -0.2901268 -0.9386347
vn -0.0032994 -0.2824965 -0.9592626
vn -0.1933421 -0.2906870 -0.9370805
vn -0.3952415 -0.3153213 -0.8627611
vn -0.6124528 -0.3562648 -0.7056749
vn -0.8144337 -0.4038937 -0.4166145
vn -0.9041250 -0.4271930 0.0080051
vn -0.8085073 -0.4023951 0.4294114
vn -0.6047274 -0.3546030 0.7131350
vn -0.3878581 -0.3141674 0.8665246
vn -0.1865242 -0.2901268 0.9386347
vn 0.0032994 -0.2824965 0.9592626
vn 0.1933421 -0.2906870 0.9370805
vn 0.3952415 -0.3153213 0.8627611
vn 0.6124528 -0.3562648 0.7056749
vn 0.8144337 -0.4038937 0.4166145
vn 0.9041250 -0.4271930 -0.0080051
vn 1.0000000 -0.0000000 -0.0000000
vn 0.8867408 0.0000000 -0.4622669
vn 0.6511072 0.0000000 -0.7589858
vn 0.4125120 -0.0000000 -0.9109522
vn 0.1984852 -0.0000000 -0.9801039
vn 0.0000000 0.0000000 -1.0000000
vn -0.1984852 0.0000000 -0.9801039
vn -0.4125120 0.0000000 -0.9109522
vn -0.6511072 -0.0000000 -0.7589858
vn -0.8867408 0.0000000 -0.4622669
vn -1.0000000 0.0000000 -0.0000000
vn -0.8867408 0.0000000 0.4622669
vn -0.6511072 0.0000000 0.7589858
vn -0.4125120 -0.0000000 0.9109522
vn -0.1984852 -0.0000000 0.9801039
vn 0.0000000 -0.0000000 1.0000000
vn 0.1984852 0.0000000 0.9801039
vn 0.4125120 -0.0000000 0.9109522
vn 0.6511072 -0.0000000 0.7589858
vn 0.8867408 0.0000000 0.4622669
vn 1.0000000 -0.0000000 -0.0000000
vn 0.9041250 0.4271930 0.0080051
vn 0.8144337 0.4038937 -0.4166145
vn 0.6124528 0.3562648 -0.7056749
vn 0.3952415 0.3153213 -0.8627611
vn 0.1933421 0.2906870 -0.9370805
vn 0.0032994 0.2824965 -0.9592626
vn -0.1865242 0.2901268 -0.9386347
vn -0.3878581 0.3141674 -0.8665246
vn -0.6047274 0.3546030 -0.7131350
vn -0.8085073 0.4023951 -0.4294114
vn -0.9041250 0.4271930 -0.0080051
vn -0.8144337 0.4038937 0.4166145
vn -0.6124528 0.3562648 0.7056749
vn -0.3952415 0.3153213 0.8627611
vn -0.1933421 0.2906870 0.9370805
vn -0.0032994 0.2824965 0.9592626
vn 0.1865242 0.2901268 0.9386347
vn 0.3878581 0.3141674 0.8665246
vn 0.6047274 0.3546030 0.7131350
vn 0.8085073 0.4023951 0.4294114
vn 0.9041250 0.4271930 0.0080051
vn 0.7017490 0.7122993 0.0133476
vn 0.6481080 0.6890522 -0.3242887
vn 0.5103198 0.6348058 -0.5801684
vn 0.3424452 0.5818672 -0.7376732
vn 0.1726057 0.5470033 -0.8191426
vn 0.0062441 0.5346269 -0.8450651
vn -0.1599449 0.5452690 -0.8228604
vn -0.3295328 0.5785029 -0.7461518
vn -0.4981576 0.6304443 -0.5952974
vn -0.6399076 0.6855952 -0.3470987
vn -0.7017490 0.7122993 -0.0133476
vn -0.6481080 0.6890522 0.3242887
vn -0.5103198 0.6348058 0.5801684
vn -0.3424452 0.5818672 0.7376732
vn -0.1726057 0.5470033 0.8191426
vn -0.0062441 0.5346269 0.8450651
vn 0.1599449 0.5452690 0.8228604
vn 0.3295328 0.5785029 0.7461518
vn 0.4981576 0.6304443 0.5952974
vn 0.6399076 0.6855952 0.3470987
vn 0.7017490 0.7122993 0.0133476
vn 0.4971913 0.8674887 0.0162557
vn 0.4684405 0.8537336 -0.2273815
vn 0.3845312 0.8172059 -0.4293137
vn 0.2690384 0.7768238 -0.5693533
vn 0.1406735 0.7473989 -0.6493119
vn 0.0085968 0.7360654 -0.6768558
vn -0.1236425 0.7448263 -0.6557029
vn -0.2528337 0.7721680 -0.5829509
vn -0.3708373 0.8117908 -0.4510824
vn -0.4602051 0.8499054 -0.2566554
vn -0.4971913 0.8674887 -0.0162557
vn -0.4684405 0.8537336 0.2273815
vn -0.3845312 0.8172059 0.4293137
vn -0.2690384 0.7768238 0.5693533
vn -0.1406735 0.7473989 0.6493119
vn -0.0085968 0.7360654 0.6768558
vn 0.1236425 0.7448263 0.6557029
vn 0.2528337 0.7721680 0.5829509
vn 0.3708373 0.8117908 0.4510824
vn 0.4602051 0.8499054 0.2566554
vn 0.4971913 0.8674887 0.0162557
vn 0.3205091 0.9470792 0.0177471
vn 0.3063858 0.9413807 -0.1411738
vn 0.2593322 0.9240368 -0.2808966
vn 0.1881209 0.9028376 -0.3866455
vn 0.1024885 0.8859283 -0.4523573
vn 0.0102635 0.8787663 -0.4771419
vn -0.0825704 0.8833962 -0.4612952
vn -0.1702402 0.8985141 -0.4045871
vn -0.2454083 0.9194030 -0.3073643
vn -0.2986244 0.9383444 -0.1741642
vn -0.3205091 0.9470792 -0.0177471
vn -0.3063858 0.9413807 0.1411738
vn -0.2593322 0.9240368 0.2808966
vn -0.1881209 0.9028376 0.3866455
vn -0.1024885 0.8859283 0.4523573
vn -0.0102635 0.8787663 0.4771419
vn 0.0825704 0.8833962 0.4612952
vn 0.1702402 0.8985141 0.4045871
vn 0.2454083 0.9194030 0.3073643
vn 0.2986244 0.9383444 0.1741642
vn 0.3205091 0.9470792 0.0177471
vn 0.1734233 0.9846745 0.0184516
vn 0.1682659 0.9833696 -0.0683432
vn 0.1460939 0.9781914 -0.1476421
vn 0.1097215 0.9712356 -0.2113352
vn 0.0632512 0.9651863 -0.2538004
vn 0.0112386 0.9622569 -0.2719104
vn -0.0417351 0.9634795 -0.2645098
vn -0.0911031 0.9684264 -0.2320572
vn -0.1322741 0.9753215 -0.1767808
vn -0.1608718 0.9815647 -0.1032040
vn -0.1734233 0.9846745 -0.0184516
vn -0.1682659 0.9833696 0.0683432
vn -0.1460939 0.9781914 0.1476421
vn -0.1097215 0.9712356 0.2113352
vn -0.0632512 0.9651863 0.2538004
vn -0.0112386 0.9622569 0.2719104
vn 0.0417351 0.9634795 0.2645098
vn 0.0911031 0.9684264 0.2320572
vn 0.1322741 0.9753215 0.1767808
vn 0.1608718 0.9815647 0.1032040
vn 0.1734233 0.9846745 0.0184516
vn -0.0000000 1.0000000 0.0000000
s 1
f 1981/1981/1981 1983/1983/1983 1982/1982/1982
f 1981/1981/1981 1984/1984/1984 1983/1983/1983
f 1981/1981/1981 1985/1985/1985 1984/1984/1984
f 1981/1981/1981 1986/1986/1986 1985/1985/1985
f 1981/1981/1981 1987/1987/1987 1986/1986/1986
f 1981/1981/1981 1988/1988/1988 1987/1987/1987
f 1981/1981/1981 1989/1989/1989 1988/1988/1988
f 1981/1981/1981 1990/1990/1990 1989/1989/1989
f 1981/1981/1981 1991/1991/1991 1990/1990/1990
f 1981/1981/1981 1992/1992/1992 1991/1991/1991
f 1981/1981/1981 1993/1993/1993 1992/1992/1992
f 1981/1981/1981 1994/1994/1994 1993/1993/1993
f 1981/1981/1981 1995/1995/1995 1994/1994/1994
f 1981/1981/1981 1996/1996/1996 1995/1995/1995
f 1981/1981/1981 1997/1997/1997 1996/1996/1996
f 1981/1981/1981 1998/1998/1998 1997/1997/1997
f 1981/1981/1981 1999/1999/1999 1998/1998/1998
f 1981/1981/1981 2000/2000/2000 1999/1999/1999
f 1981/1981/1981 2001/2001/2001 2000/2000/2000
f 1981/1981/1981 2002/2002/2002 2001/2001/2001
f 1982/1982/1982 1983/1983/1983 2004/2004/2004
f 1982/1982/1982 2004/2004/2004 2003/2003/2003
f 1983/1983/1983 1984/1984/1984 2005/2005/2005
f 1983/1983/1983 2005/2005/2005 2004/2004/2004
f 1984/1984/1984 1985/1985/1985 2006/2006/2006
f 1984/1984/1984 2006/2006/2006 2005/2005/2005
f 1985/1985/1985 1986/1986/1986 2007/2007/2007
f 1985/1985/1985 2007/2007/2007 2006/2006/2006
f 1986/1986/1986 1987/1987/1987 2008/2008/2008
f 1986/1986/1986 2008/2008/2008 2007/2007/2007
f 1987/1987/1987 1988/1988/1988 2009/2009/2009
f 1987/1987/1987 2009/2009/2009 2008/2008/2008
f 1988/1988/1988 1989/1989/1989 2010/2010/2010
f 1988/1988/1988 2010/2010/2010 2009/2009/2009
f 1989/1989/1989 1990/1990/1990 2011/2011/2011
f 1989/1989/1989 2011/2011/2011 2010/2010/2010
f 1990/1990/1990 1991/1991/1991 2012/2012/2012
f 1990/1990/1990 2012/2012/2012 2011/2011/2011
f 1991/1991/1991 1992/1992/1992 2013/2013/2013
f 1991/1991/1991 2013/2013/2013 2012/2012/2012
f 1992/1992/1992 1993/1993/1993 2014/2014/2014
f 1992/1992/1992 2014/2014/2014 2013/2013/2013
f 1993/1993/1993 1994/1994/1994 2015/2015/2015
f 1993/1993/1993 2015/2015/2015 2014/2014/2014
f 1994/1994/1994 1995/1995/1995 2016/2016/2016
f 1994/1994/1994 2016/2016/2016 2015/2015/2015
f 1995/1995/1995 1996/1996/1996 2017/2017/2017
f 1995/1995/1995 2017/2017/2017 2016/2016/2016
f 1996/1996/1996 1997/1997/1997 2018/2018/2018
f 1996/1996/1996 2018/2018/2018 2017/2017/2017
f 1997/1997/1997 1998/1998/1998 2019/2019/2019
f 1997/1997/1997 2019/2019/2019 2018/2018/2018
f 1998/1998/1998 1999/1999/1999 2020/2020/2020
f 1998/1998/1998 2020/2020/2020 2019/2019/2019
f 1999/1999/1999 2000/2000/2000 2021/2021/2021
f 1999/1999/1999 2021/2021/2021 2020/2020/2020
f 2000/2000/2000 2001/2001/2001 2022/2022/2022
f 2000/2000/2000 2022/2022/2022 2021/2021/2021
f 2001/2001/2001 2002/2002/2002 2023/2023/2023
f 2001/2001/2001 2023/2023/2023 2022/2022/2022
f 2003/2003/2003 2004/2004/2004 2025/2025/2025
f 2003/2003/2003 2025/2025/2025 2024/2024/2024
f 2004/2004/2004 2005/2005/2005 2026/2026/2026
f 2004/2004/2004 2026/2026/2026 2025/2025/2025
f 2005/2005/2005 2006/2006/2006 2027/2027/2027
f 2005/2005/2005 2027/2027/2027 2026/2026/2026
f 2006/2006/2006 2007/2007/2007 2028/2028/2028
f 2006/2006/2006 2028/2028/2028 2027/2027/2027
f 2007/2007/2007 2008/2008/2008 2029/2029/2029
f 2007/2007/2007 2029/2029/2029 2028/2028/2028
f 2008/2008/2008 2009/2009/2009 2030/2030/2030
f 2008/2008/2008 2030/2030/2030 2029/2029/2029
f 2009/2009/2009 2010/2010/2010 2031/2031/2031
f 2009/2009/2009 2031/2031/2031 2030/2030/2030
f 2010/2010/2010 2011/2011/2011 2032/2032/2032
f 2010/2010/2010 2032/2032/2032 2031/2031/2031
f 2011/2011/2011 2012/2012/2012 2033/2033/2033
f 2011/2011/2011 2033/2033/2033 2032/2032/2032
f 2012/2012/2012 2013/2013/2013 2034/2034/2034
f 2012/2012/2012 2034/2034/2034 2033/2033/2033
f 2013/2013/2013 2014/2014/2014 2035/2035/2035
f 2013/2013/2013 2035/2035/2035 2034/2034/2034
f 2014/2014/2014 2015/2015/2015 2036/2036/2036
f 2014/2014/2014 2036/2036/2036 2035/2035/2035
f 2015/2015/2015 2016/2016/2016 2037/2037/2037
f 2015/2015/2015 2037/2037/2037 2036/2036/2036
f 2016/2016/2016 2017/2017/2017 2038/2038/2038
f 2016/2016/2016 2038/2038/2038 2037/2037/2037
f 2017/2017/2017 2018/2018/2018 2039/2039/2039
f 2017/2017/2017 2039/2039/2039 2038/2038/2038
f 2018/2018/2018 2019/2019/2019 2040/2040/2040
f 2018/2018/2018 2040/2040/2040 2039/2039/2039
f 2019/2019/2019 2020/2020/2020 2041/2041/2041
f 2019/2019/2019 2041/2041/2041 2040/2040/2040
f 2020/2020/2020 2021/2021/2021 2042/2042/2042
f 2020/2020/2020 2042/2042/2042 2041/2041/2041
f 2021/2021/2021 2022/2022/2022 2043/2043/2043
f 2021/2021/2021 2043/2043/2043 2042/2042/2042
f 2022/2022/2022 2023/2023/2023 2044/2044/2044
f 2022/2022/2022 2044/2044/2044 2043/2043/2043
f 2024/2024/2024 2025/2025/2025 2046/2046/2046
f 2024/2024/2024 2046/2046/2046 2045/2045/2045
f 2025/2025/2025 2026/2026/2026 2047/2047/2047
f 2025/2025/2025 2047/2047/2047 2046/2046/2046
f 2026/2026/2026 2027/2027/2027 2048/2048/2048
f 2026/2026/2026 2048/2048/2048 2047/2047/2047
f 2027/2027/2027 2028/2028/2028 2049/2049/2049
f 2027/2027/2027 2049/2049/2049 2048/2048/2048
f 2028/2028/2028 2029/2029/2029 2050/2050/2050
f 2028/2028/2028 2050/2050/2050 2049/2049/2049
f 2029/2029/2029 2030/2030/2030 2051/2051/2051
f 2029/2029/2029 2051/2051/2051 2050/2050/2050
f 2030/2030/2030 2031/2031/2031 2052/2052/2052
f 2030/2030/2030 2052/2052/2052 2051/2051/2051
f 2031/2031/2031 2032/2032/2032 2053/2053/2053
f 2031/2031/2031 2053/2053/2053 2052/2052/2052
f 2032/2032/2032 2033/2033/2033 2054/2054/2054
f 2032/2032/2032 2054/2054/2054 2053/2053/2053
f 2033/2033/2033 2034/2034/2034 2055/2055/2055
f 2033/2033/2033 2055/2055/2055 2054/2054/2054
f 2034/2034/2034 2035/2035/2035 2056/2056/2056
f 2034/2034/2034 2056/2056/2056 2055/2055/2055
f 2035/2035/2035 2036/2036/2036 2057/2057/2057
f 2035/2035/2035 2057/2057/2057 2056/2056/2056
f 2036/2036/2036 2037/2037/2037 2058/2058/2058
f 2036/2036/2036 2058/2058/2058 2057/2057/2057
f 2037/2037/2037 2038/2038/2038 2059/2059/2059
f 2037/2037/2037 2059/2059/2059 2058/2058/2058
f 2038/2038/2038 2039/2039/2039 2060/2060/2060
f 2038/2038/2038 2060/2060/2060 2059/2059/2059
f 2039/2039/2039 2040/2040/2040 2061/2061/2061
f 2039/2039/2039 2061/2061/2061 2060/2060/2060
f 2040/2040/2040 2041/2041/2041 2062/2062/2062
f 2040/2040/2040 2062/2062/2062 2061/2061/2061
f 2041/2041/2041 2042/2042/2042 2063/2063/2063
f 2041/2041/2041 2063/2063/2063 2062/2062/2062
f 2042/2042/2042 2043/2043/2043 2064/2064/2064
f 2042/2042/2042 2064/2064/2064 2063/2063/2063
f 2043/2043/2043 2044/2044/2044 2065/2065/2065
f 2043/2043/2043 2065/2065/2065 2064/2064/2064
f 2045/2045/2045 2046/2046/2046 2067/2067/2067
f 2045/2045/2045 2067/2067/2067 2066/2066/2066
f 2046/2046/2046 2047/2047/2047 2068/2068/2068
f 2046/2046/2046 2068/2068/2068 2067/2067/2067
f 2047/2047/2047 2048/2048/2048 2069/2069/2069
f 2047/2047/2047 2069/2069/2069 2068/2068/2068
f 2048/2048/2048 2049/2049/2049 2070/2070/2070
f 2048/2048/2048 2070/2070/2070 2069/2069/2069
f 2049/2049/2049 2050/2050/2050 2071/2071/2071
f 2049/2049/2049 2071/2071/2071 2070/2070/2070
f 2050/2050/2050 2051/2051/2051 2072/2072/2072
f 2050/2050/2050 2072/2072/2072 2071/2071/2071
f 2051/2051/2051 2052/2052/2052 2073/2073/2073
f 2051/2051/2051 2073/2073/2073 2072/2072/2072
f 2052/2052/2052 2053/2053/2053 2074/2074/2074
f 2052/2052/2052 2074/2074/2074 2073/2073/2073
f 2053/2053/2053 2054/2054/2054 2075/2075/2075
f 2053/2053/2053 2075/2075/2075 2074/2074/2074
f 2054/2054/2054 2055/2055/2055 2076/2076/2076
f 2054/2054/2054 2076/2076/2076 2075/2075/2075
f 2055/2055/2055 2056/2056/2056 2077/2077/2077
f 2055/2055/2055 2077/2077/2077 2076/2076/2076
f 2056/2056/2056 2057/2057/2057 2078/2078/2078
f 2056/2056/2056 2078/2078/2078 2077/2077/2077
f 2057/2057/2057 2058/2058/2058 2079/2079/2079
f 2057/2057/2057 2079/2079/2079 2078/2078/2078
f 2058/2058/2058 2059/2059/2059 2080/2080/2080
f 2058/2058/2058 2080/2080/2080 2079/2079/2079
f 2059/2059/2059 2060/2060/2060 2081/2081/2081
f 2059/2059/2059 2081/2081/2081 2080/2080/2080
f 2060/2060/2060 2061/2061/2061 2082/2082/2082
f 2060/2060/2060 2082/2082/2082 2081/2081/2081
f 2061/2061/2061 2062/2062/2062 2083/2083/2083
f 2061/2061/2061 2083/2083/2083 2082/2082/2082
f 2062/2062/2062 2063/2063/2063 2084/2084/2084
f 2062/2062/2062 2084/2084/2084 2083/2083/2083
f 2063/2063/2063 2064/2064/2064 2085/2085/2085
f 2063/2063/2063 2085/2085/2085 2084/2084/2084
f 2064/2064/2064 2065/2065/2065 2086/2086/2086
f 2064/2064/2064 2086/2086/2086 2085/2085/2085
f 2066/2066/2066 2067/2067/2067 2088/2088/2088
f 2066/2066/2066 2088/2088/2088 2087/2087/2087
f 2067/2067/2067 2068/2068/2068 2089/2089/2089
f 2067/2067/2067 2089/2089/2089 2088/2088/2088
f 2068/2068/2068 2069/2069/2069 2090/2090/2090
f 2068/2068/2068 2090/2090/2090 2089/2089/2089
f 2069/2069/2069 2070/2070/2070 2091/2091/2091
f 2069/2069/2069 2091/2091/2091 2090/2090/2090
f 2070/2070/2070 2071/2071/2071 2092/2092/2092
f 2070/2070/2070 2092/2092/2092 2091/2091/2091
f 2071/2071/2071 2072/2072/2072 2093/2093/2093
f 2071/2071/2071 2093/2093/2093 2092/2092/2092
f 2072/2072/2072 2073/2073/2073 2094/2094/2094
f 2072/2072/2072 2094/2094/2094 2093/2093/2093
f 2073/2073/2073 2074/2074/2074 2095/2095/2095
f 2073/2073/2073 2095/2095/2095 2094/2094/2094
f 2074/2074/2074 2075/2075/2075 2096/2096/2096
f 2074/2074/2074 2096/2096/2096 2095/2095/2095
f 2075/2075/2075 2076/2076/2076 2097/2097/2097
f 2075/2075/2075 2097/2097/2097 2096/2096/2096
f 2076/2076/2076 2077/2077/2077 2098/2098/2098
f 2076/2076/2076 2098/2098/2098 2097/2097/2097
f 2077/2077/2077 2078/2078/2078 2099/2099/2099
f 2077/2077/2077 2099/2099/2099 2098/2098/2098
f 2078/2078/2078 2079/2079/2079 2100/2100/2100
f 2078/2078/2078 2100/2100/2100 2099/2099/2099
f 2079/2079/2079 2080/2080/2080 2101/2101/2101
f 2079/2079/2079 2101/2101/2101 2100/2100/2100
f 2080/2080/2080 2081/2081/2081 2102/2102/2102
f 2080/2080/2080 2102/2102/2102 2101/2101/2101
f 2081/2081/2081 2082/2082/2082 2103/2103/2103
f 2081/2081/2081 2103/2103/2103 2102/2102/2102
f 2082/2082/2082 2083/2083/2083 2104/2104/2104
f 2082/2082/2082 2104/2104/2104 2103/2103/2103
f 2083/2083/2083 2084/2084/2084 2105/2105/2105
f 2083/2083/2083 2105/2105/2105 2104/2104/2104
f 2084/2084/2084 2085/2085/2085 2106/2106/2106
f 2084/2084/2084 2106/2106/2106 2105/2105/2105
f 2085/2085/2085 2086/2086/2086 2107/2107/2107
f 2085/2085/2085 2107/2107/2107 2106/2106/2106
f 2087/2087/2087 2088/2088/2088 2109/2109/2109
f 2087/2087/2087 2109/2109/2109 2108/2108/2108
f 2088/2088/2088 2089/2089/2089 2110/2110/2110
f 2088/2088/2088 2110/2110/2110 2109/2109/2109
f 2089/2089/2089 2090/2090/2090 2111/2111/2111
f 2089/2089/2089 2111/2111/2111 2110/2110/2110
f 2090/2090/2090 2091/2091/2091 2112/2112/2112
f 2090/2090/2090 2112/2112/2112 2111/2111/2111
f 2091/2091/2091 2092/2092/2092 2113/2113/2113
f 2091/2091/2091 2113/2113/2113 2112/2112/2112
f 2092/2092/2092 2093/2093/2093 2114/2114/2114
f 2092/2092/2092 2114/2114/2114 2113/2113/2113
f 2093/2093/2093 2094/2094/2094 2115/2115/2115
f 2093/2093/2093 2115/2115/2115 2114/2114/2114
f 2094/2094/2094 2095/2095/2095 2116/2116/2116
f 2094/2094/2094 2116/2116/2116 2115/2115/2115
f 2095/2095/2095 2096/2096/2096 2117/2117/2117
f 2095/2095/2095 2117/2117/2117 2116/2116/2116
f 2096/2096/2096 2097/2097/2097 2118/2118/2118
f 2096/2096/2096 2118/2118/2118 2117/2117/2117
f 2097/2097/2097 2098/2098/2098 2119/2119/2119
f 2097/2097/2097 2119/2119/2119 2118/2118/2118
f 2098/2098/2098 2099/2099/2099 2120/2120/2120
f 2098/2098/2098 2120/2120/2120 2119/2119/2119
f 2099/2099/2099 2100/2100/2100 2121/2121/2121
f 2099/2099/2099 2121/2121/2121 2120/2120/2120
f 2100/2100/2100 2101/2101/2101 2122/2122/2122
f 2100/2100/2100 2122/2122/2122 2121/2121/2121
f 2101/2101/2101 2102/2102/2102 2123/2123/2123
f 2101/2101/2101 2123/2123/2123 2122/2122/2122
f 2102/2102/2102 2103/2103/2103 2124/2124/2124
f 2102/2102/2102 2124/2124/2124 2123/2123/2123
f 2103/2103/2103 2104/2104/2104 2125/2125/2125
f 2103/2103/2103 2125/2125/2125 2124/2124/2124
f 2104/2104/2104 2105/2105/2105 2126/2126/2126
f 2104/2104/2104 2126/2126/2126 2125/2125/2125
f 2105/2105/2105 2106/2106/2106 2127/2127/2127
f 2105/2105/2105 2127/2127/2127 2126/2126/2126
f 2106/2106/2106 2107/2107/2107 2128/2128/2128
f 2106/2106/2106 2128/2128/2128 2127/2127/2127
f 2108/2108/2108 2109/2109/2109 2130/2130/2130
f 2108/2108/2108 2130/2130/2130 2129/2129/2129
f 2109/2109/2109 2110/2110/2110 2131/2131/2131
f 2109/2109/2109 2131/2131/2131 2130/2130/2130
f 2110/2110/2110 2111/2111/2111 2132/2132/2132
f 2110/2110/2110 2132/2132/2132 2131/2131/2131
f 2111/2111/2111 2112/2112/2112 2133/2133/2133
f 2111/2111/2111 2133/2133/2133 2132/2132/2132
f 2112/2112/2112 2113/2113/2113 2134/2134/2134
f 2112/2112/2112 2134/2134/2134 2133/2133/2133
f 2113/2113/2113 2114/2114/2114 2135/2135/2135
f 2113/2113/2113 2135/2135/2135 2134/2134/2134
f 2114/2114/2114 2115/2115/2115 2136/2136/2136
f 2114/2114/2114 2136/2136/2136 2135/2135/2135
f 2115/2115/2115 2116/2116/2116 2137/2137/2137
f 2115/2115/2115 2137/2137/2137 2136/2136/2136
f 2116/2116/2116 2117/2117/2117 2138/2138/2138
f 2116/2116/2116 2138/2138/2138 2137/2137/2137
f 2117/2117/2117 2118/2118/2118 2139/2139/2139
f 2117/2117/2117 2139/2139/2139 2138/2138/2138
f 2118/2118/2118 2119/2119/2119 2140/2140/2140
f 2118/2118/2118 2140/2140/2140 2139/2139/2139
f 2119/2119/2119 2120/2120/2120 2141/2141/2141
f 2119/2119/2119 2141/2141/2141 2140/2140/2140
f 2120/2120/2120 2121/2121/2121 2142/2142/2142
f 2120/2120/2120 2142/2142/2142 2141/2141/2141
f 2121/2121/2121 2122/2122/2122 2143/2143/2143
f 2121/2121/2121 2143/2143/2143 2142/2142/2142
f 2122/2122/2122 2123/2123/2123 2144/2144/2144
f 2122/2122/2122 2144/2144/2144 2143/2143/2143
f 2123/2123/2123 2124/2124/2124 2145/2145/2145
f 2123/2123/2123 2145/2145/2145 2144/2144/2144
f 2124/2124/2124 2125/2125/2125 2146/2146/2146
f 2124/2124/2124 2146/2146/2146 2145/2145/2145
f 2125/2125/2125 2126/2126/2126 2147/2147/2147
f 2125/2125/2125 2147/2147/2147 2146/2146/2146
f 2126/2126/2126 2127/2127/2127 2148/2148/2148
f 2126/2126/2126 2148/2148/2148 2147/2147/2147
f 2127/2127/2127 2128/2128/2128 2149/2149/2149
f 2127/2127/2127 2149/2149/2149 2148/2148/2148
f 2129/2129/2129 2130/2130/2130 2151/2151/2151
f 2129/2129/2129 2151/2151/2151 2150/2150/2150
f 2130/2130/2130 2131/2131/2131 2152/2152/2152
f 2130/2130/2130 2152/2152/2152 2151/2151/2151
f 2131/2131/2131 2132/2132/2132 2153/2153/2153
f 2131/2131/2131 2153/2153/2153 2152/2152/2152
f 2132/2132/2132 2133/2133/2133 2154/2154/2154
f 2132/2132/2132 2154/2154/2154 2153/2153/2153
f 2133/2133/2133 2134/2134/2134 2155/2155/2155
f 2133/2133/2133 2155/2155/2155 2154/2154/2154
f 2134/2134/2134 2135/2135/2135 2156/2156/2156
f 2134/2134/2134 2156/2156/2156 2155/2155/2155
f 2135/2135/2135 2136/2136/2136 2157/2157/2157
f 2135/2135/2135 2157/2157/2157 2156/2156/2156
f 2136/2136/2136 2137/2137/2137 2158/2158/2158
f 2136/2136/2136 2158/2158/2158 2157/2157/2157
f 2137/2137/2137 2138/2138/2138 2159/2159/2159
f 2137/2137/2137 2159/2159/2159 2158/2158/2158
f 2138/2138/2138 2139/2139/2139 2160/2160/2160
f 2138/2138/2138 2160/2160/2160 2159/2159/2159
f 2139/2139/2139 2140/2140/2140 2161/2161/2161
f 2139/2139/2139 2161/2161/2161 2160/2160/2160
f 2140/2140/2140 2141/2141/2141 2162/2162/2162
f 2140/2140/2140 2162/2162/2162 2161/2161/2161
f 2141/2141/2141 2142/2142/2142 2163/2163/2163
f 2141/2141/2141 2163/2163/2163 2162/2162/2162
f 2142/2142/2142 2143/2143/2143 2164/2164/2164
f 2142/2142/2142 2164/2164/2164 2163/2163/2163
f 2143/2143/2143 2144/2144/2144 2165/2165/2165
f 2143/2143/2143 2165/2165/2165 2164/2164/2164
f 2144/2144/2144 2145/2145/2145 2166/2166/2166
f 2144/2144/2144 2166/2166/2166 2165/2165/2165
f 2145/2145/2145 2146/2146/2146 2167/2167/2167
f 2145/2145/2145 2167/2167/2167 2166/2166/2166
f 2146/2146/2146 2147/2147/2147 2168/2168/2168
f 2146/2146/2146 2168/2168/2168 2167/2167/2167
f 2147/2147/2147 2148/2148/2148 2169/2169/2169
f 2147/2147/2147 2169/2169/2169 2168/2168/2168
f 2148/2148/2148 2149/2149/2149 2170/2170/2170
f 2148/2148/2148 2170/2170/2170 2169/2169/2169
f 2150/2150/2150 2151/2151/2151 2172/2172/2172
f 2150/2150/2150 2172/2172/2172 2171/2171/2171
f 2151/2151/2151 2152/2152/2152 2173/2173/2173
f 2151/2151/2151 2173/2173/2173 2172/2172/2172
f 2152/2152/2152 2153/2153/2153 2174/2174/2174
f 2152/2152/2152 2174/2174/2174 2173/2173/2173
f 2153/2153/2153 2154/2154/2154 2175/2175/2175
f 2153/2153/2153 2175/2175/2175 2174/2174/2174
f 2154/2154/2154 2155/2155/2155 2176/2176/2176
f 2154/2154/2154 2176/2176/2176 2175/2175/2175
f 2155/2155/2155 2156/2156/2156 2177/2177/2177
f 2155/2155/2155 2177/2177/2177 2176/2176/2176
f 2156/2156/2156 2157/2157/2157 2178/2178/2178
f 2156/2156/2156 2178/2178/2178 2177/2177/2177
f 2157/2157/2157 2158/2158/2158 2179/2179/2179
f 2157/2157/2157 2179/2179/2179 2178/2178/2178
f 2158/2158/2158 2159/2159/2159 2180/2180/2180
f 2158/2158/2158 2180/2180/2180 2179/2179/2179
f 2159/2159/2159 2160/2160/2160 2181/2181/2181
f 2159/2159/2159 2181/2181/2181 2180/2180/2180
f 2160/2160/2160 2161/2161/2161 2182/2182/2182
f 2160/2160/2160 2182/2182/2182 2181/2181/2181
f 2161/2161/2161 2162/2162/2162 2183/2183/2183
f 2161/2161/2161 2183/2183/2183 2182/2182/2182
f 2162/2162/2162 2163/2163/2163 2184/2184/2184
f 2162/2162/2162 2184/2184/2184 2183/2183/2183
f 2163/2163/2163 2164/2164/2164 2185/2185/2185
f 2163/2163/2163 2185/2185/2185 2184/2184/2184
f 2164/2164/2164 2165/2165/2165 2186/2186/2186
f 2164/2164/2164 2186/2186/2186 2185/2185/2185
f 2165/2165/2165 2166/2166/2166 2187/2187/2187
f 2165/2165/2165 2187/2187/2187 2186/2186/2186
f 2166/2166/2166 2167/2167/2167 2188/2188/2188
f 2166/2166/2166 2188/2188/2188 2187/2187/2187
f 2167/2167/2167 2168/2168/2168 2189/2189/2189
f 2167/2167/2167 2189/2189/2189 2188/2188/2188
f 2168/2168/2168 2169/2169/2169 2190/2190/2190
f 2168/2168/2168 2190/2190/2190 2189/2189/2189
f 2169/2169/2169 2170/2170/2170 2191/2191/2191
f 2169/2169/2169 2191/2191/2191 2190/2190/2190
f 2171/2171/2171 2172/2172/2172 2193/2193/2193
f 2171/2171/2171 2193/2193/2193 2192/2192/2192
f 2172/2172/2172 2173/2173/2173 2194/2194/2194
f 2172/2172/2172 2194/2194/2194 2193/2193/2193
f 2173/2173/2173 2174/2174/2174 2195/2195/2195
f 2173/2173/2173 2195/2195/2195 2194/2194/2194
f 2174/2174/2174 2175/2175/2175 2196/2196/2196
f 2174/2174/2174 2196/2196/2196 2195/2195/2195
f 2175/2175/2175 2176/2176/2176 2197/2197/2197
f 2175/2175/2175 2197/2197/2197 2196/2196/2196
f 2176/2176/2176 2177/2177/2177 2198/2198/2198
f 2176/2176/2176 2198/2198/2198 2197/2197/2197
f 2177/2177/2177 2178/2178/2178 2199/2199/2199
f 2177/2177/2177 2199/2199/2199 2198/2198/2198
f 2178/2178/2178 2179/2179/2179 2200/2200/2200
f 2178/2178/2178 2200/2200/2200 2199/2199/2199
f 2179/2179/2179 2180/2180/2180 2201/2201/2201
f 2179/2179/2179 2201/2201/2201 2200/2200/2200
f 2180/2180/2180 2181/2181/2181 2202/2202/2202
f 2180/2180/2180 2202/2202/2202 2201/2201/2201
f 2181/2181/2181 2182/2182/2182 2203/2203/2203
f 2181/2181/2181 2203/2203/2203 2202/2202/2202
f 2182/2182/2182 2183/2183/2183 2204/2204/2204
f 2182/2182/2182 2204/2204/2204 2203/2203/2203
f 2183/2183/2183 2184/2184/2184 2205/2205/2205
f 2183/2183/2183 2205/2205/2205 2204/2204/2204
f 2184/2184/2184 2185/2185/2185 2206/2206/2206
f 2184/2184/2184 2206/2206/2206 2205/2205/2205
f 2185/2185/2185 2186/2186/2186 2207/2207/2207
f 2185/2185/2185 2207/2207/2207 2206/2206/2206
f 2186/2186/2186 2187/2187/2187 2208/2208/2208
f 2186/2186/2186 2208/2208/2208 2207/2207/2207
f 2187/2187/2187 2188/2188/2188 2209/2209/2209
f 2187/2187/2187 2209/2209/2209 2208/2208/2208
f 2188/2188/2188 2189/2189/2189 2210/2210/2210
f 2188/2188/2188 2210/2210/2210 2209/2209/2209
f 2189/2189/2189 2190/2190/2190 2211/2211/2211
f 2189/2189/2189 2211/2211/2211 2210/2210/2210
f 2190/2190/2190 2191/2191/2191 2212/2212/2212
f 2190/2190/2190 2212/2212/2212 2211/2211/2211
f 2192/2192/2192 2193/2193/2193 2213/2213/2213
f 2193/2193/2193 2194/2194/2194 2213/2213/2213
f 2194/2194/2194 2195/2195/2195 2213/2213/2213
f 2195/2195/2195 2196/2196/2196 2213/2213/2213
f 2196/2196/2196 2197/2197/2197 2213/2213/2213
f 2197/2197/2197 2198/2198/2198 2213/2213/2213
f 2198/2198/2198 2199/2199/2199 2213/2213/2213
f 2199/2199/2199 2200/2200/2200 2213/2213/2213
f 2200/2200/2200 2201/2201/2201 2213/2213/2213
f 2201/2201/2201 2202/2202/2202 2213/2213/2213
f 2202/2202/2202 2203/2203/2203 2213/2213/2213
f 2203/2203/2203 2204/2204/2204 2213/2213/2213
f 2204/2204/2204 2205/2205/2205 2213/2213/2213
f 2205/2205/2205 2206/2206/2206 2213/2213/2213
f 2206/2206/2206 2207/2207/2207 2213/2213/2213
f 2207/2207/2207 2208/2208/2208 2213/2213/2213
f 2208/2208/2208 2209/2209/2209 2213/2213/2213
f 2209/2209/2209 2210/2210/2210 2213/2213/2213
f 2210/2210/2210 2211/2211/2211 2213/2213/2213
f 2211/2211/2211 2212/2212/2212 2213/2213/2213
o Arm_-1
v -7.340443 63.979239 15.648761
v -7.067061 63.091810 13.845325
v -5.393960 62.380148 12.250959
v -2.652519 61.985205 11.181448
v 0.614285 61.985205 10.848621
v 3.759423 62.380148 11.318398
v 6.159961 63.091810 12.497735
v 7.340443 63.979239 14.153050
v 7.067061 64.866667 15.956486
v 5.393960 65.578330 17.550851
v 2.652519 65.973272 18.620363
v -0.614285 65.973272 18.953190
v -3.759423 65.578330 18.483412
v -6.159961 64.866667 17.304075
v -7.340443 63.979239 15.648761
v -6.600409 61.817442 16.946895
v -6.340472 60.970608 15.243077
v -4.754849 60.289141 13.737925
v -2.157594 59.908012 12.729553
v 0.936875 59.902709 12.417681
v 3.915661 60.274282 12.864080
v 6.188779 60.949136 13.980334
v 7.306010 61.793609 15.545356
v 7.046073 62.640443 17.249175
v 5.460450 63.321910 18.754327
v 2.863195 63.703039 19.762699
v -0.231274 63.708343 20.074571
v -3.210060 63.336769 19.628172
v -5.483178 62.661915 18.511918
v -6.600409 61.817442 16.946895
v -5.553168 58.638087 18.887279
v -5.318544 57.887374 17.304072
v -3.866101 57.293380 15.900734
v -1.483515 56.973752 14.955214
v 1.357315 56.991797 14.654784
v 4.093728 57.343941 15.058947
v 6.183742 57.960436 16.087653
v 7.213406 58.719180 17.537156
v 6.978781 59.469892 19.120363
v 5.526339 60.063886 20.523701
v 3.143752 60.383514 21.469221
v 0.302922 60.365469 21.769651
v -2.433490 60.013326 21.365489
v -4.523505 59.396830 20.336782
v -5.553168 58.638087 18.887279
v -4.178445 55.012338 20.878849
v -3.983317 54.428264 19.395010
v -2.690966 54.002245 18.066313
v -0.557358 53.818658 17.155922
v 1.994920 53.913864 16.844152
v 4.460359 54.269008 17.192753
v 6.350647 54.813748 18.132680
v 7.291390 55.440193 19.477769
v 7.096263 56.024266 20.961608
v 5.803912 56.450285 22.290306
v 3.670304 56.633873 23.200696
v 1.118025 56.538666 23.512466
v -1.347413 56.183522 23.163865
v -3.237702 55.638782 22.223938
v -4.178445 55.012338 20.878849
v -2.413279 51.499669 22.277872
v -2.291153 51.175951 20.850932
v -1.189107 51.030523 19.557208
v 0.674584 51.092189 18.652938
v 2.930795 51.348736 18.317224
v 5.132654 51.749351 18.616558
v 6.844057 52.214687 19.491654
v 7.726039 52.652580 20.769187
v 7.603913 52.976298 22.196128
v 6.501867 53.121726 23.489852
v 4.638176 53.060060 24.394122
v 2.381965 52.803513 24.729836
v 0.180106 52.402898 24.430502
v -1.531297 51.937562 23.555406
v -2.413279 51.499669 22.277872
v 0.061153 48.201313 22.711741
v 0.070755 48.128153 21.371801
v 0.950074 48.252153 20.154142
v 2.524952 48.548753 19.299935
v 4.483463 48.959207 18.978366
v 6.437701 49.402220 19.253127
v 8.000605 49.790047 20.069797
v 8.862623 50.045876 21.266626
v 8.853022 50.119035 22.606565
v 7.973702 49.995036 23.824225
v 6.398825 49.698436 24.678432
v 4.440314 49.287982 25.000000
v 2.486075 48.844969 24.725239
v 0.923171 48.457141 23.908569
v 0.061153 48.201313 22.711741
v 2.955963 45.106375 22.584027
v 2.893109 45.144344 21.369613
v 3.605445 45.376458 20.267665
v 4.951883 45.756745 19.496437
v 6.665744 46.209883 19.208681
v 8.407578 46.646124 19.461389
v 9.832392 46.979063 20.204510
v 10.657985 47.142760 21.290860
v 10.720838 47.104791 22.505274
v 10.008503 46.872677 23.607222
v 8.662065 46.492390 24.378450
v 6.948204 46.039252 24.666207
v 5.206370 45.603011 24.413499
v 3.781556 45.270071 23.670377
v 2.955963 45.106375 22.584027
v 5.600099 42.522683 22.263576
v 5.520929 42.584138 21.159234
v 6.144507 42.826498 20.157788
v 7.347326 43.201761 19.457587
v 8.891154 43.635601 19.197314
v 10.470215 44.042091 19.428519
v 11.771758 44.340721 20.105409
v 12.537996 44.472343 21.093919
v 12.617166 44.410888 22.198261
v 11.993588 44.168528 23.199707
v 10.790769 43.793265 23.899908
v 9.246941 43.359425 24.160182
v 7.667880 42.952935 23.928976
v 6.366337 42.654305 23.252086
v 5.600099 42.522683 22.263576
v 7.386451 40.762465 22.069047
v 7.317321 40.814321 21.039993
v 7.903420 41.033852 20.106709
v 9.028665 41.377578 19.454044
v 10.470186 41.777419 19.211266
v 11.942473 42.154182 19.426460
v 13.153922 42.433245 20.057005
v 13.864589 42.559335 20.978012
v 13.933719 42.507478 22.007067
v 13.347620 42.287947 22.940350
v 12.222376 41.944221 23.593015
v 10.780854 41.544380 23.835793
v 9.308567 41.167617 23.620599
v 8.097119 40.888555 22.990055
v 7.386451 40.762465 22.069047
v 0.000000 63.979239 14.900905
v 10.625520 41.660900 21.523530
vt 0.0078125 0.9921875
vt 0.0078125 0.9486607
vt 0.0078125 0.9051339
vt 0.0078125 0.8616071
vt 0.0078125 0.8180804
vt 0.0078125 0.7745536
vt 0.0078125 0.7310268
vt 0.0078125 0.6875000
vt 0.0078125 0.6439732
vt 0.0078125 0.6004464
vt 0.0078125 0.5569196
vt 0.0078125 0.5133929
vt 0.0078125 0.4698661
vt 0.0078125 0.4263393
vt 0.0078125 0.3828125
vt 0.1308594 0.9921875
vt 0.1308594 0.9486607
vt 0.1308594 0.9051339
vt 0.1308594 0.8616071
vt 0.1308594 0.8180804
vt 0.1308594 0.7745536
vt 0.1308594 0.7310268
vt 0.1308594 0.6875000
vt 0.1308594 0.6439732
vt 0.1308594 0.6004464
vt 0.1308594 0.5569196
vt 0.1308594 0.5133929
vt 0.1308594 0.4698661
vt 0.1308594 0.4263393
vt 0.1308594 0.3828125
vt 0.2539062 0.9921875
vt 0.2539062 0.9486607
vt 0.2539062 0.9051339
vt 0.2539062 0.8616071
vt 0.2539062 0.8180804
vt 0.2539062 0.7745536
vt 0.2539062 0.7310268
vt 0.2539062 0.6875000
vt 0.2539062 0.6439732
vt 0.2539062 0.6004464
vt 0.2539062 0.5569196
vt 0.2539062 0.5133929
vt 0.2539062 0.4698661
vt 0.2539062 0.4263393
vt 0.2539062 0.3828125
vt 0.3769531 0.9921875
vt 0.3769531 0.9486607
vt 0.3769531 0.9051339
vt 0.3769531 0.8616071
vt 0.3769531 0.8180804
vt 0.3769531 0.7745536
vt 0.3769531 0.7310268
vt 0.3769531 0.6875000
vt 0.3769531 0.6439732
vt 0.3769531 0.6004464
vt 0.3769531 0.5569196
vt 0.3769531 0.5133929
vt 0.3769531 0.4698661
vt 0.3769531 0.4263393
vt 0.3769531 0.3828125
vt 0.5000000 0.9921875
vt 0.5000000 0.9486607
vt 0.5000000 0.9051339
vt 0.5000000 0.8616071
vt 0.5000000 0.8180804
vt 0.5000000 0.7745536
vt 0.5000000 0.7310268
vt 0.5000000 0.6875000
vt 0.5000000 0.6439732
vt 0.5000000 0.6004464
vt 0.5000000 0.5569196
vt 0.5000000 0.5133929
vt 0.5000000 0.4698661
vt 0.5000000 0.4263393
vt 0.5000000 0.3828125
vt 0.6230469 0.9921875
vt 0.6230469 0.9486607
vt 0.6230469 0.9051339
vt 0.6230469 0.8616071
vt 0.6230469 0.8180804
vt 0.6230469 0.7745536
vt 0.6230469 0.7310268
vt 0.6230469 0.6875000
vt 0.6230469 0.6439732
vt 0.6230469 0.6004464
vt 0.6230469 0.5569196
vt 0.6230469 0.5133929
vt 0.6230469 0.4698661
vt 0.6230469 0.4263393
vt 0.6230469 0.3828125
vt 0.7460938 0.9921875
vt 0.7460938 0.9486607
vt 0.7460938 0.9051339
vt 0.7460938 0.8616071
vt 0.7460938 0.8180804
vt 0.7460938 0.7745536
vt 0.7460938 0.7310268
vt 0.7460938 0.6875000
vt 0.7460938 0.6439732
vt 0.7460938 0.6004464
vt 0.7460938 0.5569196
vt 0.7460938 0.5133929
vt 0.7460938 0.4698661
vt 0.7460938 0.4263393
vt 0.7460938 0.3828125
vt 0.8691406 0.9921875
vt 0.8691406 0.9486607
vt 0.8691406 0.9051339
vt 0.8691406 0.8616071
vt 0.8691406 0.8180804
vt 0.8691406 0.7745536
vt 0.8691406 0.7310268
vt 0.8691406 0.6875000
vt 0.8691406 0.6439732
vt 0.8691406 0.6004464
vt 0.8691406 0.5569196
vt 0.8691406 0.5133929
vt 0.8691406 0.4698661
vt 0.8691406 0.4263393
vt 0.8691406 0.3828125
vt 0.9921875 0.9921875
vt 0.9921875 0.9486607
vt 0.9921875 0.9051339
vt 0.9921875 0.8616071
vt 0.9921875 0.8180804
vt 0.9921875 0.7745536
vt 0.9921875 0.7310268
vt 0.9921875 0.6875000
vt 0.9921875 0.6439732
vt 0.9921875 0.6004464
vt 0.9921875 0.5569196
vt 0.9921875 0.5133929
vt 0.9921875 0.4698661
vt 0.9921875 0.4263393
vt 0.9921875 0.3828125
vt 0.0078125 0.6875000
vt 0.9921875 0.6875000
vn -0.5362718 0.7782584 -0.3266901
vn -0.5011828 0.5893791 -0.6335993
vn -0.3518210 0.4161476 -0.8384767
vn -0.1616015 0.3260404 -0.9314411
vn 0.0313620 0.3307577 -0.9431944
vn 0.2140598 0.4257127 -0.8791741
vn 0.3626297 0.5953321 -0.7169933
vn 0.4266012 0.7842452 -0.4505229
vn 0.3750319 0.9141935 -0.1536272
vn 0.2433229 0.9670813 0.0744824
vn 0.0801001 0.9765412 0.1998783
vn -0.0934538 0.9693391 0.2272620
vn -0.2712688 0.9498827 0.1553580
vn -0.4370870 0.8988647 -0.0315776
vn -0.5362718 0.7782584 -0.3266901
vn -0.9442200 -0.1346769 0.3005173
vn -0.8401468 -0.4668038 -0.2761296
vn -0.5131677 -0.5972292 -0.6164221
vn -0.2120467 -0.6192747 -0.7559994
vn 0.0584789 -0.5997917 -0.7980164
vn 0.3420441 -0.5454665 -0.7651615
vn 0.6770153 -0.4193942 -0.6047799
vn 0.9758489 -0.1337021 -0.1727502
vn 0.8818356 0.2284416 0.4125292
vn 0.5375975 0.4106407 0.7364531
vn 0.2244427 0.4584086 0.8599343
vn -0.0522522 0.4414830 0.8957469
vn -0.3384399 0.3677929 0.8661333
vn -0.6689774 0.1967559 0.7167680
vn -0.9442200 -0.1346769 0.3005173
vn -0.9357157 -0.1435428 0.3222292
vn -0.8451539 -0.4666452 -0.2606858
vn -0.5221220 -0.5919196 -0.6140193
vn -0.2204022 -0.6100122 -0.7611228
vn 0.0504932 -0.5876543 -0.8075351
vn 0.3333710 -0.5315769 -0.7786461
vn 0.6671961 -0.4064532 -0.6242156
vn 0.9715218 -0.1283265 -0.1991926
vn 0.8904952 0.2254273 0.3952224
vn 0.5479337 0.4023847 0.7333861
vn 0.2332443 0.4454934 0.8643684
vn -0.0439674 0.4247357 0.9042491
vn -0.3290742 0.3486095 0.8775999
vn -0.6571236 0.1788506 0.7322575
vn -0.9357157 -0.1435428 0.3222292
vn -0.9086852 -0.2220397 0.3535386
vn -0.8344769 -0.4949246 -0.2422766
vn -0.5256603 -0.5812452 -0.6211564
vn -0.2270724 -0.5747519 -0.7861923
vn 0.0437782 -0.5349474 -0.8437504
vn 0.3267479 -0.4642626 -0.8232230
vn 0.6599226 -0.3282581 -0.6758319
vn 0.9661453 -0.0589396 -0.2511762
vn 0.8956273 0.2518031 0.3666700
vn 0.5577063 0.3856937 0.7349857
vn 0.2429105 0.3983436 0.8844868
vn -0.0344424 0.3545028 0.9344204
vn -0.3174479 0.2597848 0.9119971
vn -0.6380026 0.0802587 0.7658402
vn -0.9086852 -0.2220397 0.3535386
vn -0.8378783 -0.4023313 0.3689031
vn -0.7921264 -0.5627882 -0.2362310
vn -0.5197919 -0.5510952 -0.6527714
vn -0.2325606 -0.4736105 -0.8494755
vn 0.0370823 -0.3779876 -0.9250677
vn 0.3201706 -0.2592410 -0.9111997
vn 0.6470133 -0.0887479 -0.7572962
vn 0.9367557 0.1532879 -0.3146292
vn 0.8805744 0.3376777 0.3325093
vn 0.5662846 0.3536672 0.7444738
vn 0.2588564 0.2892841 0.9215791
vn -0.0155946 0.1906745 0.9815294
vn -0.2916360 0.0539425 0.9550071
vn -0.5921759 -0.1456097 0.7925437
vn -0.8378783 -0.4023313 0.3689031
vn -0.7340730 -0.5865533 0.3421871
vn -0.7316769 -0.6353762 -0.2468725
vn -0.5125498 -0.5105098 -0.6904146
vn -0.2446293 -0.3342948 -0.9101667
vn 0.0174000 -0.1574714 -0.9873702
vn 0.2882563 0.0239953 -0.9572526
vn 0.5862483 0.2227060 -0.7789191
vn 0.8474734 0.4098551 -0.3373539
vn 0.8400262 0.4511933 0.3012982
vn 0.5766810 0.3285889 0.7479761
vn 0.2839198 0.1655625 0.9444462
vn 0.0164291 -0.0007324 0.9998648
vn -0.2452997 -0.1814345 0.9523180
vn -0.5151634 -0.3892998 0.7635786
vn -0.7340730 -0.5865533 0.3421871
vn -0.6693727 -0.6722552 0.3162485
vn -0.6979181 -0.6702059 -0.2524568
vn -0.5153779 -0.4891039 -0.7036782
vn -0.2617036 -0.2607714 -0.9292521
vn -0.0065245 -0.0458300 -0.9989279
vn 0.2535963 0.1584203 -0.9542494
vn 0.5321075 0.3603204 -0.7661794
vn 0.7816702 0.5214452 -0.3421792
vn 0.8137598 0.5116183 0.2757566
vn 0.5898998 0.3233212 0.7399200
vn 0.3081437 0.1016927 0.9458890
vn 0.0452674 -0.1050145 0.9934399
vn -0.2071901 -0.3066923 0.9289844
vn -0.4600283 -0.5102953 0.7266172
vn -0.6693727 -0.6722552 0.3162485
vn -0.6461868 -0.6964531 0.3120829
vn -0.6867703 -0.6832269 -0.2480877
vn -0.5185104 -0.4874494 -0.7025240
vn -0.2706896 -0.2431373 -0.9314566
vn -0.0183397 -0.0163097 -0.9996988
vn 0.2376502 0.1946206 -0.9516539
vn 0.5093514 0.3973479 -0.7633320
vn 0.7559479 0.5533181 -0.3498312
vn 0.8045219 0.5348191 0.2582886
vn 0.5976821 0.3293413 0.7309654
vn 0.3204755 0.0881418 0.9431471
vn 0.0589223 -0.1325771 0.9894198
vn -0.1907391 -0.3411251 0.9204631
vn -0.4385743 -0.5434054 0.7157954
vn -0.6461868 -0.6964531 0.3120829
vn -0.2566297 -0.9451723 0.2019667
vn -0.2851758 -0.9478251 -0.1424863
vn -0.2211069 -0.8572696 -0.4649736
vn -0.0846142 -0.7120807 -0.6969803
vn 0.0985279 -0.5605521 -0.8222370
vn 0.3202757 -0.4312705 -0.8434627
vn 0.5839657 -0.3405813 -0.7368775
vn 0.8515186 -0.3064776 -0.4254262
vn 0.9358683 -0.3382709 0.0986066
vn 0.7358566 -0.4109833 0.5381522
vn 0.4583551 -0.5052593 0.7311796
vn 0.2158489 -0.6172034 0.7566170
vn 0.0148652 -0.7411340 0.6711926
vn -0.1473941 -0.8616654 0.4856003
vn -0.2566297 -0.9451723 0.2019667
vn -0.0455007 0.8935740 -0.4466041
vn 0.2563950 -0.9643285 -0.0658188
s 1
f 2214/2214/2214 2215/2215/2215 2230/2230/2230
f 2214/2214/2214 2230/2230/2230 2229/2229/2229
f 2215/2215/2215 2216/2216/2216 2231/2231/2231
f 2215/2215/2215 2231/2231/2231 2230/2230/2230
f 2216/2216/2216 2217/2217/2217 2232/2232/2232
f 2216/2216/2216 2232/2232/2232 2231/2231/2231
f 2217/2217/2217 2218/2218/2218 2233/2233/2233
f 2217/2217/2217 2233/2233/2233 2232/2232/2232
f 2218/2218/2218 2219/2219/2219 2234/2234/2234
f 2218/2218/2218 2234/2234/2234 2233/2233/2233
f 2219/2219/2219 2220/2220/2220 2235/2235/2235
f 2219/2219/2219 2235/2235/2235 2234/2234/2234
f 2220/2220/2220 2221/2221/2221 2236/2236/2236
f 2220/2220/2220 2236/2236/2236 2235/2235/2235
f 2221/2221/2221 2222/2222/2222 2237/2237/2237
f 2221/2221/2221 2237/2237/2237 2236/2236/2236
f 2222/2222/2222 2223/2223/2223 2238/2238/2238
f 2222/2222/2222 2238/2238/2238 2237/2237/2237
f 2223/2223/2223 2224/2224/2224 2239/2239/2239
f 2223/2223/2223 2239/2239/2239 2238/2238/2238
f 2224/2224/2224 2225/2225/2225 2240/2240/2240
f 2224/2224/2224 2240/2240/2240 2239/2239/2239
f 2225/2225/2225 2226/2226/2226 2241/2241/2241
f 2225/2225/2225 2241/2241/2241 2240/2240/2240
f 2226/2226/2226 2227/2227/2227 2242/2242/2242
f 2226/2226/2226 2242/2242/2242 2241/2241/2241
f 2227/2227/2227 2228/2228/2228 2243/2243/2243
f 2227/2227/2227 2243/2243/2243 2242/2242/2242
f 2229/2229/2229 2230/2230/2230 2245/2245/2245
f 2229/2229/2229 2245/2245/2245 2244/2244/2244
f 2230/2230/2230 2231/2231/2231 2246/2246/2246
f 2230/2230/2230 2246/2246/2246 2245/2245/2245
f 2231/2231/2231 2232/2232/2232 2247/2247/2247
f 2231/2231/2231 2247/2247/2247 2246/2246/2246
f 2232/2232/2232 2233/2233/2233 2248/2248/2248
f 2232/2232/2232 2248/2248/2248 2247/2247/2247
f 2233/2233/2233 2234/2234/2234 2249/2249/2249
f 2233/2233/2233 2249/2249/2249 2248/2248/2248
f 2234/2234/2234 2235/2235/2235 2250/2250/2250
f 2234/2234/2234 2250/2250/2250 2249/2249/2249
f 2235/2235/2235 2236/2236/2236 2251/2251/2251
f 2235/2235/2235 2251/2251/2251 2250/2250/2250
f 2236/2236/2236 2237/2237/2237 2252/2252/2252
f 2236/2236/2236 2252/2252/2252 2251/2251/2251
f 2237/2237/2237 2238/2238/2238 2253/2253/2253
f 2237/2237/2237 2253/2253/2253 2252/2252/2252
f 2238/2238/2238 2239/2239/2239 2254/2254/2254
f 2238/2238/2238 2254/2254/2254 2253/2253/2253
f 2239/2239/2239 2240/2240/2240 2255/2255/2255
f 2239/2239/2239 2255/2255/2255 2254/2254/2254
f 2240/2240/2240 2241/2241/2241 2256/2256/2256
f 2240/2240/2240 2256/2256/2256 2255/2255/2255
f 2241/2241/2241 2242/2242/2242 2257/2257/2257
f 2241/2241/2241 2257/2257/2257 2256/2256/2256
f 2242/2242/2242 2243/2243/2243 2258/2258/2258
f 2242/2242/2242 2258/2258/2258 2257/2257/2257
f 2244/2244/2244 2245/2245/2245 2260/2260/2260
f 2244/2244/2244 2260/2260/2260 2259/2259/2259
f 2245/2245/2245 2246/2246/2246 2261/2261/2261
f 2245/2245/2245 2261/2261/2261 2260/2260/2260
f 2246/2246/2246 2247/2247/2247 2262/2262/2262
f 2246/2246/2246 2262/2262/2262 2261/2261/2261
f 2247/2247/2247 2248/2248/2248 2263/2263/2263
f 2247/2247/2247 2263/2263/2263 2262/2262/2262
f 2248/2248/2248 2249/2249/2249 2264/2264/2264
f 2248/2248/2248 2264/2264/2264 2263/2263/2263
f 2249/2249/2249 2250/2250/2250 2265/2265/2265
f 2249/2249/2249 2265/2265/2265 2264/2264/2264
f 2250/2250/2250 2251/2251/2251 2266/2266/2266
f 2250/2250/2250 2266/2266/2266 2265/2265/2265
f 2251/2251/2251 2252/2252/2252 2267/2267/2267
f 2251/2251/2251 2267/2267/2267 2266/2266/2266
f 2252/2252/2252 2253/2253/2253 2268/2268/2268
f 2252/2252/2252 2268/2268/2268 2267/2267/2267
f 2253/2253/2253 2254/2254/2254 2269/2269/2269
f 2253/2253/2253 2269/2269/2269 2268/2268/2268
f 2254/2254/2254 2255/2255/2255 2270/2270/2270
f 2254/2254/2254 2270/2270/2270 2269/2269/2269
f 2255/2255/2255 2256/2256/2256 2271/2271/2271
f 2255/2255/2255 2271/2271/2271 2270/2270/2270
f 2256/2256/2256 2257/2257/2257 2272/2272/2272
f 2256/2256/2256 2272/2272/2272 2271/2271/2271
f 2257/2257/2257 2258/2258/2258 2273/2273/2273
f 2257/2257/2257 2273/2273/2273 2272/2272/2272
f 2259/2259/2259 2260/2260/2260 2275/2275/2275
f 2259/2259/2259 2275/2275/2275 2274/2274/2274
f 2260/2260/2260 2261/2261/2261 2276/2276/2276
f 2260/2260/2260 2276/2276/2276 2275/2275/2275
f 2261/2261/2261 2262/2262/2262 2277/2277/2277
f 2261/2261/2261 2277/2277/2277 2276/2276/2276
f 2262/2262/2262 2263/2263/2263 2278/2278/2278
f 2262/2262/2262 2278/2278/2278 2277/2277/2277
f 2263/2263/2263 2264/2264/2264 2279/2279/2279
f 2263/2263/2263 2279/2279/2279 2278/2278/2278
f 2264/2264/2264 2265/2265/2265 2280/2280/2280
f 2264/2264/2264 2280/2280/2280 2279/2279/2279
f 2265/2265/2265 2266/2266/2266 2281/2281/2281
f 2265/2265/2265 2281/2281/2281 2280/2280/2280
f 2266/2266/2266 2267/2267/2267 2282/2282/2282
f 2266/2266/2266 2282/2282/2282 2281/2281/2281
f 2267/2267/2267 2268/2268/2268 2283/2283/2283
f 2267/2267/2267 2283/2283/2283 2282/2282/2282
f 2268/2268/2268 2269/2269/2269 2284/2284/2284
f 2268/2268/2268 2284/2284/2284 2283/2283/2283
f 2269/2269/2269 2270/2270/2270 2285/2285/2285
f 2269/2269/2269 2285/2285/2285 2284/2284/2284
f 2270/2270/2270 2271/2271/2271 2286/2286/2286
f 2270/2270/2270 2286/2286/2286 2285/2285/2285
f 2271/2271/2271 2272/2272/2272 2287/2287/2287
f 2271/2271/2271 2287/2287/2287 2286/2286/2286
f 2272/2272/2272 2273/2273/2273 2288/2288/2288
f 2272/2272/2272 2288/2288/2288 2287/2287/2287
f 2274/2274/2274 2275/2275/2275 2290/2290/2290
f 2274/2274/2274 2290/2290/2290 2289/2289/2289
f 2275/2275/2275 2276/2276/2276 2291/2291/2291
f 2275/2275/2275 2291/2291/2291 2290/2290/2290
f 2276/2276/2276 2277/2277/2277 2292/2292/2292
f 2276/2276/2276 2292/2292/2292 2291/2291/2291
f 2277/2277/2277 2278/2278/2278 2293/2293/2293
f 2277/2277/2277 2293/2293/2293 2292/2292/2292
f 2278/2278/2278 2279/2279/2279 2294/2294/2294
f 2278/2278/2278 2294/2294/2294 2293/2293/2293
f 2279/2279/2279 2280/2280/2280 2295/2295/2295
f 2279/2279/2279 2295/2295/2295 2294/2294/2294
f 2280/2280/2280 2281/2281/2281 2296/2296/2296
f 2280/2280/2280 2296/2296/2296 2295/2295/2295
f 2281/2281/2281 2282/2282/2282 2297/2297/2297
f 2281/2281/2281 2297/2297/2297 2296/2296/2296
f 2282/2282/2282 2283/2283/2283 2298/2298/2298
f 2282/2282/2282 2298/2298/2298 2297/2297/2297
f 2283/2283/2283 2284/2284/2284 2299/2299/2299
f 2283/2283/2283 2299/2299/2299 2298/2298/2298
f 2284/2284/2284 2285/2285/2285 2300/2300/2300
f 2284/2284/2284 2300/2300/2300 2299/2299/2299
f 2285/2285/2285 2286/2286/2286 2301/2301/2301
f 2285/2285/2285 2301/2301/2301 2300/2300/2300
f 2286/2286/2286 2287/2287/2287 2302/2302/2302
f 2286/2286/2286 2302/2302/2302 2301/2301/2301
f 2287/2287/2287 2288/2288/2288 2303/2303/2303
f 2287/2287/2287 2303/2303/2303 2302/2302/2302
f 2289/2289/2289 2290/2290/2290 2305/2305/2305
f 2289/2289/2289 2305/2305/2305 2304/2304/2304
f 2290/2290/2290 2291/2291/2291 2306/2306/2306
f 2290/2290/2290 2306/2306/2306 2305/2305/2305
f 2291/2291/2291 2292/2292/2292 2307/2307/2307
f 2291/2291/2291 2307/2307/2307 2306/2306/2306
f 2292/2292/2292 2293/2293/2293 2308/2308/2308
f 2292/2292/2292 2308/2308/2308 2307/2307/2307
f 2293/2293/2293 2294/2294/2294 2309/2309/2309
f 2293/2293/2293 2309/2309/2309 2308/2308/2308
f 2294/2294/2294 2295/2295/2295 2310/2310/2310
f 2294/2294/2294 2310/2310/2310 2309/2309/2309
f 2295/2295/2295 2296/2296/2296 2311/2311/2311
f 2295/2295/2295 2311/2311/2311 2310/2310/2310
f 2296/2296/2296 2297/2297/2297 2312/2312/2312
f 2296/2296/2296 2312/2312/2312 2311/2311/2311
f 2297/2297/2297 2298/2298/2298 2313/2313/2313
f 2297/2297/2297 2313/2313/2313 2312/2312/2312
f 2298/2298/2298 2299/2299/2299 2314/2314/2314
f 2298/2298/2298 2314/2314/2314 2313/2313/2313
f 2299/2299/2299 2300/2300/2300 2315/2315/2315
f 2299/2299/2299 2315/2315/2315 2314/2314/2314
f 2300/2300/2300 2301/2301/2301 2316/2316/2316
f 2300/2300/2300 2316/2316/2316 2315/2315/2315
f 2301/2301/2301 2302/2302/2302 2317/2317/2317
f 2301/2301/2301 2317/2317/2317 2316/2316/2316
f 2302/2302/2302 2303/2303/2303 2318/2318/2318
f 2302/2302/2302 2318/2318/2318 2317/2317/2317
f 2304/2304/2304 2305/2305/2305 2320/2320/2320
f 2304/2304/2304 2320/2320/2320 2319/2319/2319
f 2305/2305/2305 2306/2306/2306 2321/2321/2321
f 2305/2305/2305 2321/2321/2321 2320/2320/2320
f 2306/2306/2306 2307/2307/2307 2322/2322/2322
f 2306/2306/2306 2322/2322/2322 2321/2321/2321
f 2307/2307/2307 2308/2308/2308 2323/2323/2323
f 2307/2307/2307 2323/2323/2323 2322/2322/2322
f 2308/2308/2308 2309/2309/2309 2324/2324/2324
f 2308/2308/2308 2324/2324/2324 2323/2323/2323
f 2309/2309/2309 2310/2310/2310 2325/2325/2325
f 2309/2309/2309 2325/2325/2325 2324/2324/2324
f 2310/2310/2310 2311/2311/2311 2326/2326/2326
f 2310/2310/2310 2326/2326/2326 2325/2325/2325
f 2311/2311/2311 2312/2312/2312 2327/2327/2327
f 2311/2311/2311 2327/2327/2327 2326/2326/2326
f 2312/2312/2312 2313/2313/2313 2328/2328/2328
f 2312/2312/2312 2328/2328/2328 2327/2327/2327
f 2313/2313/2313 2314/2314/2314 2329/2329/2329
f 2313/2313/2313 2329/2329/2329 2328/2328/2328
f 2314/2314/2314 2315/2315/2315 2330/2330/2330
f 2314/2314/2314 2330/2330/2330 2329/2329/2329
f 2315/2315/2315 2316/2316/2316 2331/2331/2331
f 2315/2315/2315 2331/2331/2331 2330/2330/2330
f 2316/2316/2316 2317/2317/2317 2332/2332/2332
f 2316/2316/2316 2332/2332/2332 2331/2331/2331
f 2317/2317/2317 2318/2318/2318 2333/2333/2333
f 2317/2317/2317 2333/2333/2333 2332/2332/2332
f 2319/2319/2319 2320/2320/2320 2335/2335/2335
f 2319/2319/2319 2335/2335/2335 2334/2334/2334
f 2320/2320/2320 2321/2321/2321 2336/2336/2336
f 2320/2320/2320 2336/2336/2336 2335/2335/2335
f 2321/2321/2321 2322/2322/2322 2337/2337/2337
f 2321/2321/2321 2337/2337/2337 2336/2336/2336
f 2322/2322/2322 2323/2323/2323 2338/2338/2338
f 2322/2322/2322 2338/2338/2338 2337/2337/2337
f 2323/2323/2323 2324/2324/2324 2339/2339/2339
f 2323/2323/2323 2339/2339/2339 2338/2338/2338
f 2324/2324/2324 2325/2325/2325 2340/2340/2340
f 2324/2324/2324 2340/2340/2340 2339/2339/2339
f 2325/2325/2325 2326/2326/2326 2341/2341/2341
f 2325/2325/2325 2341/2341/2341 2340/2340/2340
f 2326/2326/2326 2327/2327/2327 2342/2342/2342
f 2326/2326/2326 2342/2342/2342 2341/2341/2341
f 2327/2327/2327 2328/2328/2328 2343/2343/2343
f 2327/2327/2327 2343/2343/2343 2342/2342/2342
f 2328/2328/2328 2329/2329/2329 2344/2344/2344
f 2328/2328/2328 2344/2344/2344 2343/2343/2343
f 2329/2329/2329 2330/2330/2330 2345/2345/2345
f 2329/2329/2329 2345/2345/2345 2344/2344/2344
f 2330/2330/2330 2331/2331/2331 2346/2346/2346
f 2330/2330/2330 2346/2346/2346 2345/2345/2345
f 2331/2331/2331 2332/2332/2332 2347/2347/2347
f 2331/2331/2331 2347/2347/2347 2346/2346/2346
f 2332/2332/2332 2333/2333/2333 2348/2348/2348
f 2332/2332/2332 2348/2348/2348 2347/2347/2347
f 2349/2349/2349 2215/2215/2215 2214/2214/2214
f 2349/2349/2349 2216/2216/2216 2215/2215/2215
f 2349/2349/2349 2217/2217/2217 2216/2216/2216
f 2349/2349/2349 2218/2218/2218 2217/2217/2217
f 2349/2349/2349 2219/2219/2219 2218/2218/2218
f 2349/2349/2349 2220/2220/2220 2219/2219/2219
f 2349/2349/2349 2221/2221/2221 2220/2220/2220
f 2349/2349/2349 2222/2222/2222 2221/2221/2221
f 2349/2349/2349 2223/2223/2223 2222/2222/2222
f 2349/2349/2349 2224/2224/2224 2223/2223/2223
f 2349/2349/2349 2225/2225/2225 2224/2224/2224
f 2349/2349/2349 2226/2226/2226 2225/2225/2225
f 2349/2349/2349 2227/2227/2227 2226/2226/2226
f 2349/2349/2349 2228/2228/2228 2227/2227/2227
f 2350/2350/2350 2334/2334/2334 2335/2335/2335
f 2350/2350/2350 2335/2335/2335 2336/2336/2336
f 2350/2350/2350 2336/2336/2336 2337/2337/2337
f 2350/2350/2350 2337/2337/2337 2338/2338/2338
f 2350/2350/2350 2338/2338/2338 2339/2339/2339
f 2350/2350/2350 2339/2339/2339 2340/2340/2340
f 2350/2350/2350 2340/2340/2340 2341/2341/2341
f 2350/2350/2350 2341/2341/2341 2342/2342/2342
f 2350/2350/2350 2342/2342/2342 2343/2343/2343
f 2350/2350/2350 2343/2343/2343 2344/2344/2344
f 2350/2350/2350 2344/2344/2344 2345/2345/2345
f 2350/2350/2350 2345/2345/2345 2346/2346/2346
f 2350/2350/2350 2346/2346/2346 2347/2347/2347
f 2350/2350/2350 2347/2347/2347 2348/2348/2348
o Palm_-1
v 10.625520 38.536332 21.523530
v 11.588051 38.642799 21.523530
v 11.540941 38.642799 21.338144
v 11.404224 38.642799 21.170905
v 11.191281 38.642799 21.038183
v 10.922958 38.642799 20.952971
v 10.625520 38.642799 20.923608
v 10.328082 38.642799 20.952971
v 10.059759 38.642799 21.038183
v 9.846817 38.642799 21.170905
v 9.710099 38.642799 21.338144
v 9.662990 38.642799 21.523530
v 9.710099 38.642799 21.708916
v 9.846817 38.642799 21.876155
v 10.059759 38.642799 22.008876
v 10.328082 38.642799 22.094089
v 10.625520 38.642799 22.123451
v 10.922958 38.642799 22.094089
v 11.191281 38.642799 22.008876
v 11.404224 38.642799 21.876155
v 11.540941 38.642799 21.708916
v 11.588051 38.642799 21.523530
v 12.484986 38.954945 21.523530
v 12.393977 38.954945 21.165392
v 12.129860 38.954945 20.842311
v 11.718487 38.954945 20.585912
v 11.200127 38.954945 20.421294
v 10.625520 38.954945 20.364571
v 10.050914 38.954945 20.421294
v 9.532553 38.954945 20.585912
v 9.121181 38.954945 20.842311
v 8.857063 38.954945 21.165392
v 8.766054 38.954945 21.523530
v 8.857063 38.954945 21.881668
v 9.121181 38.954945 22.204749
v 9.532553 38.954945 22.461148
v 10.050914 38.954945 22.625766
v 10.625520 38.954945 22.682489
v 11.200127 38.954945 22.625766
v 11.718487 38.954945 22.461148
v 12.129860 38.954945 22.204749
v 12.393977 38.954945 21.881668
v 12.484986 38.954945 21.523530
v 13.255202 39.451497 21.523530
v 13.126496 39.451497 21.017046
v 12.752978 39.451497 20.560140
v 12.171209 39.451497 20.197538
v 11.438137 39.451497 19.964733
v 10.625520 39.451497 19.884514
v 9.812904 39.451497 19.964733
v 9.079832 39.451497 20.197538
v 8.498063 39.451497 20.560140
v 8.124544 39.451497 21.017046
v 7.995838 39.451497 21.523530
v 8.124544 39.451497 22.030014
v 8.498063 39.451497 22.486919
v 9.079832 39.451497 22.849522
v 9.812904 39.451497 23.082327
v 10.625520 39.451497 23.162546
v 11.438137 39.451497 23.082327
v 12.171209 39.451497 22.849522
v 12.752978 39.451497 22.486919
v 13.126496 39.451497 22.030014
v 13.255202 39.451497 21.523530
v 13.846210 40.098616 21.523530
v 13.688578 40.098616 20.903216
v 13.231113 40.098616 20.343624
v 12.518594 40.098616 19.899528
v 11.620768 40.098616 19.614401
v 10.625520 40.098616 19.516153
v 9.630272 40.098616 19.614401
v 8.732446 40.098616 19.899528
v 8.019928 40.098616 20.343624
v 7.562462 40.098616 20.903216
v 7.404831 40.098616 21.523530
v 7.562462 40.098616 22.143843
v 8.019928 40.098616 22.703436
v 8.732446 40.098616 23.147531
v 9.630272 40.098616 23.432658
v 10.625520 40.098616 23.530906
v 11.620768 40.098616 23.432658
v 12.518594 40.098616 23.147531
v 13.231113 40.098616 22.703436
v 13.688578 40.098616 22.143843
v 13.846210 40.098616 21.523530
v 14.217733 40.852202 21.523530
v 14.041917 40.852202 20.831660
v 13.531681 40.852202 20.207515
v 12.736970 40.852202 19.712191
v 11.735575 40.852202 19.394174
v 10.625520 40.852202 19.284592
v 9.515465 40.852202 19.394174
v 8.514071 40.852202 19.712191
v 7.719359 40.852202 20.207515
v 7.209123 40.852202 20.831660
v 7.033308 40.852202 21.523530
v 7.209123 40.852202 22.215400
v 7.719359 40.852202 22.839544
v 8.514071 40.852202 23.334868
v 9.515465 40.852202 23.652886
v 10.625520 40.852202 23.762467
v 11.735575 40.852202 23.652886
v 12.736970 40.852202 23.334868
v 13.531681 40.852202 22.839544
v 14.041917 40.852202 22.215400
v 14.217733 40.852202 21.523530
v 14.344452 41.660900 21.523530
v 14.162435 41.660900 20.807254
v 13.634199 41.660900 20.161091
v 12.811454 41.660900 19.648294
v 11.774733 41.660900 19.319058
v 10.625520 41.660900 19.205611
v 9.476307 41.660900 19.319058
v 8.439587 41.660900 19.648294
v 7.616841 41.660900 20.161091
v 7.088606 41.660900 20.807254
v 6.906588 41.660900 21.523530
v 7.088606 41.660900 22.239806
v 7.616841 41.660900 22.885968
v 8.439587 41.660900 23.398765
v 9.476307 41.660900 23.728001
v 10.625520 41.660900 23.841448
v 11.774733 41.660900 23.728001
v 12.811454 41.660900 23.398765
v 13.634199 41.660900 22.885968
v 14.162435 41.660900 22.239806
v 14.344452 41.660900 21.523530
v 14.217733 42.469597 21.523530
v 14.041917 42.469597 20.831660
v 13.531681 42.469597 20.207515
v 12.736970 42.469597 19.712191
v 11.735575 42.469597 19.394174
v 10.625520 42.469597 19.284592
v 9.515465 42.469597 19.394174
v 8.514071 42.469597 19.712191
v 7.719359 42.469597 20.207515
v 7.209123 42.469597 20.831660
v 7.033308 42.469597 21.523530
v 7.209123 42.469597 22.215400
v 7.719359 42.469597 22.839544
v 8.514071 42.469597 23.334868
v 9.515465 42.469597 23.652886
v 10.625520 42.469597 23.762467
v 11.735575 42.469597 23.652886
v 12.736970 42.469597 23.334868
v 13.531681 42.469597 22.839544
v 14.041917 42.469597 22.215400
v 14.217733 42.469597 21.523530
v 13.846210 43.223183 21.523530
v 13.688578 43.223183 20.903216
v 13.231113 43.223183 20.343624
v 12.518594 43.223183 19.899528
v 11.620768 43.223183 19.614401
v 10.625520 43.223183 19.516153
v 9.630272 43.223183 19.614401
v 8.732446 43.223183 19.899528
v 8.019928 43.223183 20.343624
v 7.562462 43.223183 20.903216
v 7.404831 43.223183 21.523530
v 7.562462 43.223183 22.143843
v 8.019928 43.223183 22.703436
v 8.732446 43.223183 23.147531
v 9.630272 43.223183 23.432658
v 10.625520 43.223183 23.530906
v 11.620768 43.223183 23.432658
v 12.518594 43.223183 23.147531
v 13.231113 43.223183 22.703436
v 13.688578 43.223183 22.143843
v 13.846210 43.223183 21.523530
v 13.255202 43.870303 21.523530
v 13.126496 43.870303 21.017046
v 12.752978 43.870303 20.560140
v 12.171209 43.870303 20.197538
v 11.438137 43.870303 19.964733
v 10.625520 43.870303 19.884514
v 9.812904 43.870303 19.964733
v 9.079832 43.870303 20.197538
v 8.498063 43.870303 20.560140
v 8.124544 43.870303 21.017046
v 7.995838 43.870303 21.523530
v 8.124544 43.870303 22.030014
v 8.498063 43.870303 22.486919
v 9.079832 43.870303 22.849522
v 9.812904 43.870303 23.082327
v 10.625520 43.870303 23.162546
v 11.438137 43.870303 23.082327
v 12.171209 43.870303 22.849522
v 12.752978 43.870303 22.486919
v 13.126496 43.870303 22.030014
v 13.255202 43.870303 21.523530
v 12.484986 44.366854 21.523530
v 12.393977 44.366854 21.165392
v 12.129860 44.366854 20.842311
v 11.718487 44.366854 20.585912
v 11.200127 44.366854 20.421294
v 10.625520 44.366854 20.364571
v 10.050914 44.366854 20.421294
v 9.532553 44.366854 20.585912
v 9.121181 44.366854 20.842311
v 8.857063 44.366854 21.165392
v 8.766054 44.366854 21.523530
v 8.857063 44.366854 21.881668
v 9.121181 44.366854 22.204749
v 9.532553 44.366854 22.461148
v 10.050914 44.366854 22.625766
v 10.625520 44.366854 22.682489
v 11.200127 44.366854 22.625766
v 11.718487 44.366854 22.461148
v 12.129860 44.366854 22.204749
v 12.393977 44.366854 21.881668
v 12.484986 44.366854 21.523530
v 11.588051 44.679000 21.523530
v 11.540941 44.679000 21.338144
v 11.404224 44.679000 21.170905
v 11.191281 44.679000 21.038183
v 10.922958 44.679000 20.952971
v 10.625520 44.679000 20.923608
v 10.328082 44.679000 20.952971
v 10.059759 44.679000 21.038183
v 9.846817 44.679000 21.170905
v 9.710099 44.679000 21.338144
v 9.662990 44.679000 21.523530
v 9.710099 44.679000 21.708916
v 9.846817 44.679000 21.876155
v 10.059759 44.679000 22.008876
v 10.328082 44.679000 22.094089
v 10.625520 44.679000 22.123451
v 10.922958 44.679000 22.094089
v 11.191281 44.679000 22.008876
v 11.404224 44.679000 21.876155
v 11.540941 44.679000 21.708916
v 11.588051 44.679000 21.523530
v 10.625520 44.785467 21.523530
vt 0.5000000 0.6996875
vt 0.0865625 0.8056375
vt 0.1279062 0.8056375
vt 0.1692500 0.8056375
vt 0.2105938 0.8056375
vt 0.2519375 0.8056375
vt 0.2932813 0.8056375
vt 0.3346250 0.8056375
vt 0.3759688 0.8056375
vt 0.4173125 0.8056375
vt 0.4586563 0.8056375
vt 0.5000000 0.8056375
vt 0.5413438 0.8056375
vt 0.5826875 0.8056375
vt 0.6240313 0.8056375
vt 0.6653750 0.8056375
vt 0.7067187 0.8056375
vt 0.7480625 0.8056375
vt 0.7894062 0.8056375
vt 0.8307500 0.8056375
vt 0.8720937 0.8056375
vt 0.9134375 0.8056375
vt 0.0865625 0.7946797
vt 0.1279062 0.7946797
vt 0.1692500 0.7946797
vt 0.2105938 0.7946797
vt 0.2519375 0.7946797
vt 0.2932813 0.7946797
vt 0.3346250 0.7946797
vt 0.3759688 0.7946797
vt 0.4173125 0.7946797
vt 0.4586563 0.7946797
vt 0.5000000 0.7946797
vt 0.5413438 0.7946797
vt 0.5826875 0.7946797
vt 0.6240313 0.7946797
vt 0.6653750 0.7946797
vt 0.7067187 0.7946797
vt 0.7480625 0.7946797
vt 0.7894062 0.7946797
vt 0.8307500 0.7946797
vt 0.8720937 0.7946797
vt 0.9134375 0.7946797
vt 0.0865625 0.7772483
vt 0.1279062 0.7772483
vt 0.1692500 0.7772483
vt 0.2105938 0.7772483
vt 0.2519375 0.7772483
vt 0.2932813 0.7772483
vt 0.3346250 0.7772483
vt 0.3759688 0.7772483
vt 0.4173125 0.7772483
vt 0.4586563 0.7772483
vt 0.5000000 0.7772483
vt 0.5413438 0.7772483
vt 0.5826875 0.7772483
vt 0.6240313 0.7772483
vt 0.6653750 0.7772483
vt 0.7067187 0.7772483
vt 0.7480625 0.7772483
vt 0.7894062 0.7772483
vt 0.8307500 0.7772483
vt 0.8720937 0.7772483
vt 0.9134375 0.7772483
vt 0.0865625 0.7545312
vt 0.1279062 0.7545312
vt 0.1692500 0.7545312
vt 0.2105938 0.7545312
vt 0.2519375 0.7545312
vt 0.2932813 0.7545312
vt 0.3346250 0.7545312
vt 0.3759688 0.7545312
vt 0.4173125 0.7545312
vt 0.4586563 0.7545312
vt 0.5000000 0.7545312
vt 0.5413438 0.7545312
vt 0.5826875 0.7545312
vt 0.6240313 0.7545312
vt 0.6653750 0.7545312
vt 0.7067187 0.7545312
vt 0.7480625 0.7545312
vt 0.7894062 0.7545312
vt 0.8307500 0.7545312
vt 0.8720937 0.7545312
vt 0.9134375 0.7545312
vt 0.0865625 0.7280767
vt 0.1279062 0.7280767
vt 0.1692500 0.7280767
vt 0.2105938 0.7280767
vt 0.2519375 0.7280767
vt 0.2932813 0.7280767
vt 0.3346250 0.7280767
vt 0.3759688 0.7280767
vt 0.4173125 0.7280767
vt 0.4586563 0.7280767
vt 0.5000000 0.7280767
vt 0.5413438 0.7280767
vt 0.5826875 0.7280767
vt 0.6240313 0.7280767
vt 0.6653750 0.7280767
vt 0.7067187 0.7280767
vt 0.7480625 0.7280767
vt 0.7894062 0.7280767
vt 0.8307500 0.7280767
vt 0.8720937 0.7280767
vt 0.9134375 0.7280767
vt 0.0865625 0.6996875
vt 0.1279062 0.6996875
vt 0.1692500 0.6996875
vt 0.2105938 0.6996875
vt 0.2519375 0.6996875
vt 0.2932813 0.6996875
vt 0.3346250 0.6996875
vt 0.3759688 0.6996875
vt 0.4173125 0.6996875
vt 0.4586563 0.6996875
vt 0.5000000 0.6996875
vt 0.5413438 0.6996875
vt 0.5826875 0.6996875
vt 0.6240313 0.6996875
vt 0.6653750 0.6996875
vt 0.7067187 0.6996875
vt 0.7480625 0.6996875
vt 0.7894062 0.6996875
vt 0.8307500 0.6996875
vt 0.8720937 0.6996875
vt 0.9134375 0.6996875
vt 0.0865625 0.6712983
vt 0.1279062 0.6712983
vt 0.1692500 0.6712983
vt 0.2105938 0.6712983
vt 0.2519375 0.6712983
vt 0.2932813 0.6712983
vt 0.3346250 0.6712983
vt 0.3759688 0.6712983
vt 0.4173125 0.6712983
vt 0.4586563 0.6712983
vt 0.5000000 0.6712983
vt 0.5413438 0.6712983
vt 0.5826875 0.6712983
vt 0.6240313 0.6712983
vt 0.6653750 0.6712983
vt 0.7067187 0.6712983
vt 0.7480625 0.6712983
vt 0.7894062 0.6712983
vt 0.8307500 0.6712983
vt 0.8720937 0.6712983
vt 0.9134375 0.6712983
vt 0.0865625 0.6448438
vt 0.1279062 0.6448438
vt 0.1692500 0.6448438
vt 0.2105938 0.6448438
vt 0.2519375 0.6448438
vt 0.2932813 0.6448438
vt 0.3346250 0.6448438
vt 0.3759688 0.6448438
vt 0.4173125 0.6448438
vt 0.4586563 0.6448438
vt 0.5000000 0.6448438
vt 0.5413438 0.6448438
vt 0.5826875 0.6448438
vt 0.6240313 0.6448438
vt 0.6653750 0.6448438
vt 0.7067187 0.6448438
vt 0.7480625 0.6448438
vt 0.7894062 0.6448438
vt 0.8307500 0.6448438
vt 0.8720937 0.6448438
vt 0.9134375 0.6448438
vt 0.0865625 0.6221267
vt 0.1279062 0.6221267
vt 0.1692500 0.6221267
vt 0.2105938 0.6221267
vt 0.2519375 0.6221267
vt 0.2932813 0.6221267
vt 0.3346250 0.6221267
vt 0.3759688 0.6221267
vt 0.4173125 0.6221267
vt 0.4586563 0.6221267
vt 0.5000000 0.6221267
vt 0.5413438 0.6221267
vt 0.5826875 0.6221267
vt 0.6240313 0.6221267
vt 0.6653750 0.6221267
vt 0.7067187 0.6221267
vt 0.7480625 0.6221267
vt 0.7894062 0.6221267
vt 0.8307500 0.6221267
vt 0.8720937 0.6221267
vt 0.9134375 0.6221267
vt 0.0865625 0.6046953
vt 0.1279062 0.6046953
vt 0.1692500 0.6046953
vt 0.2105938 0.6046953
vt 0.2519375 0.6046953
vt 0.2932813 0.6046953
vt 0.3346250 0.6046953
vt 0.3759688 0.6046953
vt 0.4173125 0.6046953
vt 0.4586563 0.6046953
vt 0.5000000 0.6046953
vt 0.5413438 0.6046953
vt 0.5826875 0.6046953
vt 0.6240313 0.6046953
vt 0.6653750 0.6046953
vt 0.7067187 0.6046953
vt 0.7480625 0.6046953
vt 0.7894062 0.6046953
vt 0.8307500 0.6046953
vt 0.8720937 0.6046953
vt 0.9134375 0.6046953
vt 0.0865625 0.5937375
vt 0.1279062 0.5937375
vt 0.1692500 0.5937375
vt 0.2105938 0.5937375
vt 0.2519375 0.5937375
vt 0.2932813 0.5937375
vt 0.3346250 0.5937375
vt 0.3759688 0.5937375
vt 0.4173125 0.5937375
vt 0.4586563 0.5937375
vt 0.5000000 0.5937375
vt 0.5413438 0.5937375
vt 0.5826875 0.5937375
vt 0.6240313 0.5937375
vt 0.6653750 0.5937375
vt 0.7067187 0.5937375
vt 0.7480625 0.5937375
vt 0.7894062 0.5937375
vt 0.8307500 0.5937375
vt 0.8720937 0.5937375
vt 0.9134375 0.5937375
vt 0.5000000 0.6996875
vn 0.0000000 -1.0000000 0.0000000
vn 0.2553264 -0.9664732 -0.0271658
vn 0.2359800 -0.9598933 -0.1513881
vn 0.1926291 -0.9468986 -0.2574435
vn 0.1316369 -0.9328679 -0.3353048
vn 0.0599725 -0.9230009 -0.3800955
vn -0.0161279 -0.9205874 -0.3902034
vn -0.0910629 -0.9263869 -0.3653968
vn -0.1590425 -0.9385445 -0.3063326
vn -0.2134608 -0.9528369 -0.2157229
vn -0.2473512 -0.9637034 -0.1004646
vn -0.2553264 -0.9664732 0.0271658
vn -0.2359800 -0.9598933 0.1513881
vn -0.1926291 -0.9468986 0.2574435
vn -0.1316369 -0.9328679 0.3353048
vn -0.0599725 -0.9230009 0.3800955
vn 0.0161279 -0.9205874 0.3902034
vn 0.0910629 -0.9263869 0.3653968
vn 0.1590425 -0.9385445 0.3063326
vn 0.2134608 -0.9528369 0.2157229
vn 0.2473512 -0.9637034 0.1004646
vn 0.2553264 -0.9664732 -0.0271658
vn 0.4525045 -0.8914100 -0.0250559
vn 0.4178143 -0.8752440 -0.2436784
vn 0.3369710 -0.8416236 -0.4220430
vn 0.2292426 -0.8066161 -0.5448103
vn 0.1097093 -0.7824980 -0.6129117
vn -0.0135826 -0.7753012 -0.6314456
vn -0.1364742 -0.7864707 -0.6023609
vn -0.2543201 -0.8136957 -0.5227050
vn -0.3576937 -0.8496750 -0.3874372
vn -0.4300102 -0.8808139 -0.1981364
vn -0.4525045 -0.8914100 0.0250559
vn -0.4178143 -0.8752440 0.2436784
vn -0.3369710 -0.8416236 0.4220430
vn -0.2292426 -0.8066161 0.5448103
vn -0.1097093 -0.7824980 0.6129117
vn 0.0135826 -0.7753012 0.6314456
vn 0.1364742 -0.7864707 0.6023609
vn 0.2543201 -0.8136957 0.5227050
vn 0.3576937 -0.8496750 0.3874372
vn 0.4300102 -0.8808139 0.1981364
vn 0.4525045 -0.8914100 -0.0250559
vn 0.6517639 -0.7581225 -0.0213095
vn 0.5947668 -0.7322756 -0.3317001
vn 0.4657766 -0.6797467 -0.5665656
vn 0.3091732 -0.6294880 -0.7128512
vn 0.1486546 -0.5970003 -0.7883479
vn -0.0102825 -0.5869286 -0.8095734
vn -0.1693922 -0.5999878 -0.7818701
vn -0.3299788 -0.6351891 -0.6983186
vn -0.4848542 -0.6869416 -0.5413203
vn -0.6072504 -0.7378099 -0.2947600
vn -0.6517639 -0.7581225 0.0213095
vn -0.5947668 -0.7322756 0.3317001
vn -0.4657766 -0.6797467 0.5665656
vn -0.3091732 -0.6294880 0.7128512
vn -0.1486546 -0.5970003 0.7883479
vn 0.0102825 -0.5869286 0.8095734
vn 0.1693922 -0.5999878 0.7818701
vn 0.3299788 -0.6351891 0.6983186
vn 0.4848542 -0.6869416 0.5413203
vn 0.6072504 -0.7378099 0.2947600
vn 0.6517639 -0.7581225 -0.0213095
vn 0.8280965 -0.5603642 -0.0157508
vn 0.7444480 -0.5317330 -0.4038035
vn 0.5643460 -0.4761394 -0.6743923
vn 0.3652301 -0.4274469 -0.8269801
vn 0.1750545 -0.3978527 -0.9005938
vn -0.0068080 -0.3886046 -0.9213795
vn -0.1890304 -0.3993699 -0.8970904
vn -0.3800478 -0.4305066 -0.8186744
vn -0.5792648 -0.4803793 -0.6585500
vn -0.7553387 -0.5353715 -0.3779429
vn -0.8280965 -0.5603642 0.0157508
vn -0.7444480 -0.5317330 0.4038035
vn -0.5643460 -0.4761394 0.6743923
vn -0.3652301 -0.4274469 0.8269801
vn -0.1750545 -0.3978527 0.9005938
vn 0.0068080 -0.3886046 0.9213795
vn 0.1890304 -0.3993699 0.8970904
vn 0.3800478 -0.4305066 0.8186744
vn 0.5792648 -0.4803793 0.6585500
vn 0.7553387 -0.5353715 0.3779429
vn 0.8280965 -0.5603642 -0.0157508
vn 0.9537659 -0.3004320 -0.0084446
vn 0.8475257 -0.2812098 -0.4501347
vn 0.6270250 -0.2451187 -0.7394298
vn 0.3989503 -0.2154348 -0.8913061
vn 0.1910446 -0.1981054 -0.9613825
vn -0.0033751 -0.1926501 -0.9812617
vn -0.1980465 -0.1985067 -0.9598816
vn -0.4066316 -0.2162722 -0.8876244
vn -0.6352594 -0.2463543 -0.7319529
vn -0.8540532 -0.2823612 -0.4368814
vn -0.9537659 -0.3004320 0.0084446
vn -0.8475257 -0.2812098 0.4501347
vn -0.6270250 -0.2451187 0.7394298
vn -0.3989503 -0.2154348 0.8913061
vn -0.1910446 -0.1981054 0.9613825
vn 0.0033751 -0.1926501 0.9812617
vn 0.1980465 -0.1985067 0.9598816
vn 0.4066316 -0.2162722 0.8876244
vn 0.6352594 -0.2463543 0.7319529
vn 0.8540532 -0.2823612 0.4368814
vn 0.9537659 -0.3004320 -0.0084446
vn 1.0000000 0.0000000 -0.0000000
vn 0.8867408 -0.0000000 -0.4622669
vn 0.6511072 0.0000000 -0.7589858
vn 0.4125120 0.0000000 -0.9109522
vn 0.1984852 0.0000000 -0.9801039
vn 0.0000000 0.0000000 -1.0000000
vn -0.1984852 -0.0000000 -0.9801039
vn -0.4125120 0.0000000 -0.9109522
vn -0.6511072 -0.0000000 -0.7589858
vn -0.8867408 -0.0000000 -0.4622669
vn -1.0000000 0.0000000 -0.0000000
vn -0.8867408 -0.0000000 0.4622669
vn -0.6511072 0.0000000 0.7589858
vn -0.4125120 0.0000000 0.9109522
vn -0.1984852 -0.0000000 0.9801039
vn -0.0000000 0.0000000 1.0000000
vn 0.1984852 -0.0000000 0.9801039
vn 0.4125120 0.0000000 0.9109522
vn 0.6511072 0.0000000 0.7589858
vn 0.8867408 -0.0000000 0.4622669
vn 1.0000000 0.0000000 -0.0000000
vn 0.9537659 0.3004320 0.0084446
vn 0.8540532 0.2823612 -0.4368814
vn 0.6352594 0.2463543 -0.7319529
vn 0.4066316 0.2162722 -0.8876244
vn 0.1980465 0.1985067 -0.9598816
vn 0.0033751 0.1926501 -0.9812617
vn -0.1910446 0.1981054 -0.9613825
vn -0.3989503 0.2154348 -0.8913061
vn -0.6270250 0.2451187 -0.7394298
vn -0.8475257 0.2812098 -0.4501347
vn -0.9537659 0.3004320 -0.0084446
vn -0.8540532 0.2823612 0.4368814
vn -0.6352594 0.2463543 0.7319529
vn -0.4066316 0.2162722 0.8876244
vn -0.1980465 0.1985067 0.9598816
vn -0.0033751 0.1926501 0.9812617
vn 0.1910446 0.1981054 0.9613825
vn 0.3989503 0.2154348 0.8913061
vn 0.6270250 0.2451187 0.7394298
vn 0.8475257 0.2812098 0.4501347
vn 0.9537659 0.3004320 0.0084446
vn 0.8280965 0.5603642 0.0157508
vn 0.7553387 0.5353715 -0.3779429
vn 0.5792648 0.4803793 -0.6585500
vn 0.3800478 0.4305066 -0.8186744
vn 0.1890304 0.3993699 -0.8970904
vn 0.0068080 0.3886046 -0.9213795
vn -0.1750545 0.3978527 -0.9005938
vn -0.3652301 0.4274469 -0.8269801
vn -0.5643460 0.4761394 -0.6743923
vn -0.7444480 0.5317330 -0.4038035
vn -0.8280965 0.5603642 -0.0157508
vn -0.7553387 0.5353715 0.3779429
vn -0.5792648 0.4803793 0.6585500
vn -0.3800478 0.4305066 0.8186744
vn -0.1890304 0.3993699 0.8970904
vn -0.0068080 0.3886046 0.9213795
vn 0.1750545 0.3978527 0.9005938
vn 0.3652301 0.4274469 0.8269801
vn 0.5643460 0.4761394 0.6743923
vn 0.7444480 0.5317330 0.4038035
vn 0.8280965 0.5603642 0.0157508
vn 0.6517639 0.7581225 0.0213095
vn 0.6072504 0.7378099 -0.2947600
vn 0.4848542 0.6869416 -0.5413203
vn 0.3299788 0.6351891 -0.6983186
vn 0.1693922 0.5999878 -0.7818701
vn 0.0102825 0.5869286 -0.8095734
vn -0.1486546 0.5970003 -0.7883479
vn -0.3091732 0.6294880 -0.7128512
vn -0.4657766 0.6797467 -0.5665656
vn -0.5947668 0.7322756 -0.3317001
vn -0.6517639 0.7581225 -0.0213095
vn -0.6072504 0.7378099 0.2947600
vn -0.4848542 0.6869416 0.5413203
vn -0.3299788 0.6351891 0.6983186
vn -0.1693922 0.5999878 0.7818701
vn -0.0102825 0.5869286 0.8095734
vn 0.1486546 0.5970003 0.7883479
vn 0.3091732 0.6294880 0.7128512
vn 0.4657766 0.6797467 0.5665656
vn 0.5947668 0.7322756 0.3317001
vn 0.6517639 0.7581225 0.0213095
vn 0.4525045 0.8914100 0.0250559
vn 0.4300102 0.8808139 -0.1981364
vn 0.3576937 0.8496750 -0.3874372
vn 0.2543201 0.8136957 -0.5227050
vn 0.1364742 0.7864707 -0.6023609
vn 0.0135826 0.7753012 -0.6314456
vn -0.1097093 0.7824980 -0.6129117
vn -0.2292426 0.8066161 -0.5448103
vn -0.3369710 0.8416236 -0.4220430
vn -0.4178143 0.8752440 -0.2436784
vn -0.4525045 0.8914100 -0.0250559
vn -0.4300102 0.8808139 0.1981364
vn -0.3576937 0.8496750 0.3874372
vn -0.2543201 0.8136957 0.5227050
vn -0.1364742 0.7864707 0.6023609
vn -0.0135826 0.7753012 0.6314456
vn 0.1097093 0.7824980 0.6129117
vn 0.2292426 0.8066161 0.5448103
vn 0.3369710 0.8416236 0.4220430
vn 0.4178143 0.8752440 0.2436784
vn 0.4525045 0.8914100 0.0250559
vn 0.2553264 0.9664732 0.0271658
vn 0.2473512 0.9637034 -0.1004646
vn 0.2134608 0.9528369 -0.2157229
vn 0.1590425 0.9385445 -0.3063326
vn 0.0910629 0.9263869 -0.3653968
vn 0.0161279 0.9205874 -0.3902034
vn -0.0599725 0.9230009 -0.3800955
vn -0.1316369 0.9328679 -0.3353048
vn -0.1926291 0.9468986 -0.2574435
vn -0.2359800 0.9598933 -0.1513881
vn -0.2553264 0.9664732 -0.0271658
vn -0.2473512 0.9637034 0.1004646
vn -0.2134608 0.9528369 0.2157229
vn -0.1590425 0.9385445 0.3063326
vn -0.0910629 0.9263869 0.3653968
vn -0.0161279 0.9205874 0.3902034
vn 0.0599725 0.9230009 0.3800955
vn 0.1316369 0.9328679 0.3353048
vn 0.1926291 0.9468986 0.2574435
vn 0.2359800 0.9598933 0.1513881
vn 0.2553264 0.9664732 0.0271658
vn 0.0000000 1.0000000 0.0000000
s 1
f 2351/2351/2351 2353/2353/2353 2352/2352/2352
f 2351/2351/2351 2354/2354/2354 2353/2353/2353
f 2351/2351/2351 2355/2355/2355 2354/2354/2354
f 2351/2351/2351 2356/2356/2356 2355/2355/2355
f 2351/2351/2351 2357/2357/2357 2356/2356/2356
f 2351/2351/2351 2358/2358/2358 2357/2357/2357
f 2351/2351/2351 2359/2359/2359 2358/2358/2358
f 2351/2351/2351 2360/2360/2360 2359/2359/2359
f 2351/2351/2351 2361/2361/2361 2360/2360/2360
f 2351/2351/2351 2362/2362/2362 2361/2361/2361
f 2351/2351/2351 2363/2363/2363 2362/2362/2362
f 2351/2351/2351 2364/2364/2364 2363/2363/2363
f 2351/2351/2351 2365/2365/2365 2364/2364/2364
f 2351/2351/2351 2366/2366/2366 2365/2365/2365
f 2351/2351/2351 2367/2367/2367 2366/2366/2366
f 2351/2351/2351 2368/2368/2368 2367/2367/2367
f 2351/2351/2351 2369/2369/2369 2368/2368/2368
f 2351/2351/2351 2370/2370/2370 2369/2369/2369
f 2351/2351/2351 2371/2371/2371 2370/2370/2370
f 2351/2351/2351 2372/2372/2372 2371/2371/2371
f 2352/2352/2352 2353/2353/2353 2374/2374/2374
f 2352/2352/2352 2374/2374/2374 2373/2373/2373
f 2353/2353/2353 2354/2354/2354 2375/2375/2375
f 2353/2353/2353 2375/2375/2375 2374/2374/2374
f 2354/2354/2354 2355/2355/2355 2376/2376/2376
f 2354/2354/2354 2376/2376/2376 2375/2375/2375
f 2355/2355/2355 2356/2356/2356 2377/2377/2377
f 2355/2355/2355 2377/2377/2377 2376/2376/2376
f 2356/2356/2356 2357/2357/2357 2378/2378/2378
f 2356/2356/2356 2378/2378/2378 2377/2377/2377
f 2357/2357/2357 2358/2358/2358 2379/2379/2379
f 2357/2357/2357 2379/2379/2379 2378/2378/2378
f 2358/2358/2358 2359/2359/2359 2380/2380/2380
f 2358/2358/2358 2380/2380/2380 2379/2379/2379
f 2359/2359/2359 2360/2360/2360 2381/2381/2381
f 2359/2359/2359 2381/2381/2381 2380/2380/2380
f 2360/2360/2360 2361/2361/2361 2382/2382/2382
f 2360/2360/2360 2382/2382/2382 2381/2381/2381
f 2361/2361/2361 2362/2362/2362 2383/2383/2383
f 2361/2361/2361 2383/2383/2383 2382/2382/2382
f 2362/2362/2362 2363/2363/2363 2384/2384/2384
f 2362/2362/2362 2384/2384/2384 2383/2383/2383
f 2363/2363/2363 2364/2364/2364 2385/2385/2385
f 2363/2363/2363 2385/2385/2385 2384/2384/2384
f 2364/2364/2364 2365/2365/2365 2386/2386/2386
f 2364/2364/2364 2386/2386/2386 2385/2385/2385
f 2365/2365/2365 2366/2366/2366 2387/2387/2387
f 2365/2365/2365 2387/2387/2387 2386/2386/2386
f 2366/2366/2366 2367/2367/2367 2388/2388/2388
f 2366/2366/2366 2388/2388/2388 2387/2387/2387
f 2367/2367/2367 2368/2368/2368 2389/2389/2389
f 2367/2367/2367 2389/2389/2389 2388/2388/2388
f 2368/2368/2368 2369/2369/2369 2390/2390/2390
f 2368/2368/2368 2390/2390/2390 2389/2389/2389
f 2369/2369/2369 2370/2370/2370 2391/2391/2391
f 2369/2369/2369 2391/2391/2391 2390/2390/2390
f 2370/2370/2370 2371/2371/2371 2392/2392/2392
f 2370/2370/2370 2392/2392/2392 2391/2391/2391
f 2371/2371/2371 2372/2372/2372 2393/2393/2393
f 2371/2371/2371 2393/2393/2393 2392/2392/2392
f 2373/2373/2373 2374/2374/2374 2395/2395/2395
f 2373/2373/2373 2395/2395/2395 2394/2394/2394
f 2374/2374/2374 2375/2375/2375 2396/2396/2396
f 2374/2374/2374 2396/2396/2396 2395/2395/2395
f 2375/2375/2375 2376/2376/2376 2397/2397/2397
f 2375/2375/2375 2397/2397/2397 2396/2396/2396
f 2376/2376/2376 2377/2377/2377 2398/2398/2398
f 2376/2376/2376 2398/2398/2398 2397/2397/2397
f 2377/2377/2377 2378/2378/2378 2399/2399/2399
f 2377/2377/2377 2399/2399/2399 2398/2398/2398
f 2378/2378/2378 2379/2379/2379 2400/2400/2400
f 2378/2378/2378 2400/2400/2400 2399/2399/2399
f 2379/2379/2379 2380/2380/2380 2401/2401/2401
f 2379/2379/2379 2401/2401/2401 2400/2400/2400
f 2380/2380/2380 2381/2381/2381 2402/2402/2402
f 2380/2380/2380 2402/2402/2402 2401/2401/2401
f 2381/2381/2381 2382/2382/2382 2403/2403/2403
f 2381/2381/2381 2403/2403/2403 2402/2402/2402
f 2382/2382/2382 2383/2383/2383 2404/2404/2404
f 2382/2382/2382 2404/2404/2404 2403/2403/2403
f 2383/2383/2383 2384/2384/2384 2405/2405/2405
f 2383/2383/2383 2405/2405/2405 2404/2404/2404
f 2384/2384/2384 2385/2385/2385 2406/2406/2406
f 2384/2384/2384 2406/2406/2406 2405/2405/2405
f 2385/2385/2385 2386/2386/2386 2407/2407/2407
f 2385/2385/2385 2407/2407/2407 2406/2406/2406
f 2386/2386/2386 2387/2387/2387 2408/2408/2408
f 2386/2386/2386 2408/2408/2408 2407/2407/2407
f 2387/2387/2387 2388/2388/2388 2409/2409/2409
f 2387/2387/2387 2409/2409/2409 2408/2408/2408
f 2388/2388/2388 2389/2389/2389 2410/2410/2410
f 2388/2388/2388 2410/2410/2410 2409/2409/2409
f 2389/2389/2389 2390/2390/2390 2411/2411/2411
f 2389/2389/2389 2411/2411/2411 2410/2410/2410
f 2390/2390/2390 2391/2391/2391 2412/2412/2412
f 2390/2390/2390 2412/2412/2412 2411/2411/2411
f 2391/2391/2391 2392/2392/2392 2413/2413/2413
f 2391/2391/2391 2413/2413/2413 2412/2412/2412
f 2392/2392/2392 2393/2393/2393 2414/2414/2414
f 2392/2392/2392 2414/2414/2414 2413/2413/2413
f 2394/2394/2394 2395/2395/2395 2416/2416/2416
f 2394/2394/2394 2416/2416/2416 2415/2415/2415
f 2395/2395/2395 2396/2396/2396 2417/2417/2417
f 2395/2395/2395 2417/2417/2417 2416/2416/2416
f 2396/2396/2396 2397/2397/2397 2418/2418/2418
f 2396/2396/2396 2418/2418/2418 2417/2417/2417
f 2397/2397/2397 2398/2398/2398 2419/2419/2419
f 2397/2397/2397 2419/2419/2419 2418/2418/2418
f 2398/2398/2398 2399/2399/2399 2420/2420/2420
f 2398/2398/2398 2420/2420/2420 2419/2419/2419
f 2399/2399/2399 2400/2400/2400 2421/2421/2421
f 2399/2399/2399 2421/2421/2421 2420/2420/2420
f 2400/2400/2400 2401/2401/2401 2422/2422/2422
f 2400/2400/2400 2422/2422/2422 2421/2421/2421
f 2401/2401/2401 2402/2402/2402 2423/2423/2423
f 2401/2401/2401 2423/2423/2423 2422/2422/2422
f 2402/2402/2402 2403/2403/2403 2424/2424/2424
f 2402/2402/2402 2424/2424/2424 2423/2423/2423
f 2403/2403/2403 2404/2404/2404 2425/2425/2425
f 2403/2403/2403 2425/2425/2425 2424/2424/2424
f 2404/2404/2404 2405/2405/2405 2426/2426/2426
f 2404/2404/2404 2426/2426/2426 2425/2425/2425
f 2405/2405/2405 2406/2406/2406 2427/2427/2427
f 2405/2405/2405 2427/2427/2427 2426/2426/2426
f 2406/2406/2406 2407/2407/2407 2428/2428/2428
f 2406/2406/2406 2428/2428/2428 2427/2427/2427
f 2407/2407/2407 2408/2408/2408 2429/2429/2429
f 2407/2407/2407 2429/2429/2429 2428/2428/2428
f 2408/2408/2408 2409/2409/2409 2430/2430/2430
f 2408/2408/2408 2430/2430/2430 2429/2429/2429
f 2409/2409/2409 2410/2410/2410 2431/2431/2431
f 2409/2409/2409 2431/2431/2431 2430/2430/2430
f 2410/2410/2410 2411/2411/2411 2432/2432/2432
f 2410/2410/2410 2432/2432/2432 2431/2431/2431
f 2411/2411/2411 2412/2412/2412 2433/2433/2433
f 2411/2411/2411 2433/2433/2433 2432/2432/2432
f 2412/2412/2412 2413/2413/2413 2434/2434/2434
f 2412/2412/2412 2434/2434/2434 2433/2433/2433
f 2413/2413/2413 2414/2414/2414 2435/2435/2435
f 2413/2413/2413 2435/2435/2435 2434/2434/2434
f 2415/2415/2415 2416/2416/2416 2437/2437/2437
f 2415/2415/2415 2437/2437/2437 2436/2436/2436
f 2416/2416/2416 2417/2417/2417 2438/2438/2438
f 2416/2416/2416 2438/2438/2438 2437/2437/2437
f 2417/2417/2417 2418/2418/2418 2439/2439/2439
f 2417/2417/2417 2439/2439/2439 2438/2438/2438
f 2418/2418/2418 2419/2419/2419 2440/2440/2440
f 2418/2418/2418 2440/2440/2440 2439/2439/2439
f 2419/2419/2419 2420/2420/2420 2441/2441/2441
f 2419/2419/2419 2441/2441/2441 2440/2440/2440
f 2420/2420/2420 2421/2421/2421 2442/2442/2442
f 2420/2420/2420 2442/2442/2442 2441/2441/2441
f 2421/2421/2421 2422/2422/2422 2443/2443/2443
f 2421/2421/2421 2443/2443/2443 2442/2442/2442
f 2422/2422/2422 2423/2423/2423 2444/2444/2444
f 2422/2422/2422 2444/2444/2444 2443/2443/2443
f 2423/2423/2423 2424/2424/2424 2445/2445/2445
f 2423/2423/2423 2445/2445/2445 2444/2444/2444
f 2424/2424/2424 2425/2425/2425 2446/2446/2446
f 2424/2424/2424 2446/2446/2446 2445/2445/2445
f 2425/2425/2425 2426/2426/2426 2447/2447/2447
f 2425/2425/2425 2447/2447/2447 2446/2446/2446
f 2426/2426/2426 2427/2427/2427 2448/2448/2448
f 2426/2426/2426 2448/2448/2448 2447/2447/2447
f 2427/2427/2427 2428/2428/2428 2449/2449/2449
f 2427/2427/2427 2449/2449/2449 2448/2448/2448
f 2428/2428/2428 2429/2429/2429 2450/2450/2450
f 2428/2428/2428 2450/2450/2450 2449/2449/2449
f 2429/2429/2429 2430/2430/2430 2451/2451/2451
f 2429/2429/2429 2451/2451/2451 2450/2450/2450
f 2430/2430/2430 2431/2431/2431 2452/2452/2452
f 2430/2430/2430 2452/2452/2452 2451/2451/2451
f 2431/2431/2431 2432/2432/2432 2453/2453/2453
f 2431/2431/2431 2453/2453/2453 2452/2452/2452
f 2432/2432/2432 2433/2433/2433 2454/2454/2454
f 2432/2432/2432 2454/2454/2454 2453/2453/2453
f 2433/2433/2433 2434/2434/2434 2455/2455/2455
f 2433/2433/2433 2455/2455/2455 2454/2454/2454
f 2434/2434/2434 2435/2435/2435 2456/2456/2456
f 2434/2434/2434 2456/2456/2456 2455/2455/2455
f 2436/2436/2436 2437/2437/2437 2458/2458/2458
f 2436/2436/2436 2458/2458/2458 2457/2457/2457
f 2437/2437/2437 2438/2438/2438 2459/2459/2459
f 2437/2437/2437 2459/2459/2459 2458/2458/2458
f 2438/2438/2438 2439/2439/2439 2460/2460/2460
f 2438/2438/2438 2460/2460/2460 2459/2459/2459
f 2439/2439/2439 2440/2440/2440 2461/2461/2461
f 2439/2439/2439 2461/2461/2461 2460/2460/2460
f 2440/2440/2440 2441/2441/2441 2462/2462/2462
f 2440/2440/2440 2462/2462/2462 2461/2461/2461
f 2441/2441/2441 2442/2442/2442 2463/2463/2463
f 2441/2441/2441 2463/2463/2463 2462/2462/2462
f 2442/2442/2442 2443/2443/2443 2464/2464/2464
f 2442/2442/2442 2464/2464/2464 2463/2463/2463
f 2443/2443/2443 2444/2444/2444 2465/2465/2465
f 2443/2443/2443 2465/2465/2465 2464/2464/2464
f 2444/2444/2444 2445/2445/2445 2466/2466/2466
f 2444/2444/2444 2466/2466/2466 2465/2465/2465
f 2445/2445/2445 2446/2446/2446 2467/2467/2467
f 2445/2445/2445 2467/2467/2467 2466/2466/2466
f 2446/2446/2446 2447/2447/2447 2468/2468/2468
f 2446/2446/2446 2468/2468/2468 2467/2467/2467
f 2447/2447/2447 2448/2448/2448 2469/2469/2469
f 2447/2447/2447 2469/2469/2469 2468/2468/2468
f 2448/2448/2448 2449/2449/2449 2470/2470/2470
f 2448/2448/2448 2470/2470/2470 2469/2469/2469
f 2449/2449/2449 2450/2450/2450 2471/2471/2471
f 2449/2449/2449 2471/2471/2471 2470/2470/2470
f 2450/2450/2450 2451/2451/2451 2472/2472/2472
f 2450/2450/2450 2472/2472/2472 2471/2471/2471
f 2451/2451/2451 2452/2452/2452 2473/2473/2473
f 2451/2451/2451 2473/2473/2473 2472/2472/2472
f 2452/2452/2452 2453/2453/2453 2474/2474/2474
f 2452/2452/2452 2474/2474/2474 2473/2473/2473
f 2453/2453/2453 2454/2454/2454 2475/2475/2475
f 2453/2453/2453 2475/2475/2475 2474/2474/2474
f 2454/2454/2454 2455/2455/2455 2476/2476/2476
f 2454/2454/2454 2476/2476/2476 2475/2475/2475
f 2455/2455/2455 2456/2456/2456 2477/2477/2477
f 2455/2455/2455 2477/2477/2477 2476/2476/2476
f 2457/2457/2457 2458/2458/2458 2479/2479/2479
f 2457/2457/2457 2479/2479/2479 2478/2478/2478
f 2458/2458/2458 2459/2459/2459 2480/2480/2480
f 2458/2458/2458 2480/2480/2480 2479/2479/2479
f 2459/2459/2459 2460/2460/2460 2481/2481/2481
f 2459/2459/2459 2481/2481/2481 2480/2480/2480
f 2460/2460/2460 2461/2461/2461 2482/2482/2482
f 2460/2460/2460 2482/2482/2482 2481/2481/2481
f 2461/2461/2461 2462/2462/2462 2483/2483/2483
f 2461/2461/2461 2483/2483/2483 2482/2482/2482
f 2462/2462/2462 2463/2463/2463 2484/2484/2484
f 2462/2462/2462 2484/2484/2484 2483/2483/2483
f 2463/2463/2463 2464/2464/2464 2485/2485/2485
f 2463/2463/2463 2485/2485/2485 2484/2484/2484
f 2464/2464/2464 2465/2465/2465 2486/2486/2486
f 2464/2464/2464 2486/2486/2486 2485/2485/2485
f 2465/2465/2465 2466/2466/2466 2487/2487/2487
f 2465/2465/2465 2487/2487/2487 2486/2486/2486
f 2466/2466/2466 2467/2467/2467 2488/2488/2488
f 2466/2466/2466 2488/2488/2488 2487/2487/2487
f 2467/2467/2467 2468/2468/2468 2489/2489/2489
f 2467/2467/2467 2489/2489/2489 2488/2488/2488
f 2468/2468/2468 2469/2469/2469 2490/2490/2490
f 2468/2468/2468 2490/2490/2490 2489/2489/2489
f 2469/2469/2469 2470/2470/2470 2491/2491/2491
f 2469/2469/2469 2491/2491/2491 2490/2490/2490
f 2470/2470/2470 2471/2471/2471 2492/2492/2492
f 2470/2470/2470 2492/2492/2492 2491/2491/2491
f 2471/2471/2471 2472/2472/2472 2493/2493/2493
f 2471/2471/2471 2493/2493/2493 2492/2492/2492
f 2472/2472/2472 2473/2473/2473 2494/2494/2494
f 2472/2472/2472 2494/2494/2494 2493/2493/2493
f 2473/2473/2473 2474/2474/2474 2495/2495/2495
f 2473/2473/2473 2495/2495/2495 2494/2494/2494
f 2474/2474/2474 2475/2475/2475 2496/2496/2496
f 2474/2474/2474 2496/2496/2496 2495/2495/2495
f 2475/2475/2475 2476/2476/2476 2497/2497/2497
f 2475/2475/2475 2497/2497/2497 2496/2496/2496
f 2476/2476/2476 2477/2477/2477 2498/2498/2498
f 2476/2476/2476 2498/2498/2498 2497/2497/2497
f 2478/2478/2478 2479/2479/2479 2500/2500/2500
f 2478/2478/2478 2500/2500/2500 2499/2499/2499
f 2479/2479/2479 2480/2480/2480 2501/2501/2501
f 2479/2479/2479 2501/2501/2501 2500/2500/2500
f 2480/2480/2480 2481/2481/2481 2502/2502/2502
f 2480/2480/2480 2502/2502/2502 2501/2501/2501
f 2481/2481/2481 2482/2482/2482 2503/2503/2503
f 2481/2481/2481 2503/2503/2503 2502/2502/2502
f 2482/2482/2482 2483/2483/2483 2504/2504/2504
f 2482/2482/2482 2504/2504/2504 2503/2503/2503
f 2483/2483/2483 2484/2484/2484 2505/2505/2505
f 2483/2483/2483 2505/2505/2505 2504/2504/2504
f 2484/2484/2484 2485/2485/2485 2506/2506/2506
f 2484/2484/2484 2506/2506/2506 2505/2505/2505
f 2485/2485/2485 2486/2486/2486 2507/2507/2507
f 2485/2485/2485 2507/2507/2507 2506/2506/2506
f 2486/2486/2486 2487/2487/2487 2508/2508/2508
f 2486/2486/2486 2508/2508/2508 2507/2507/2507
f 2487/2487/2487 2488/2488/2488 2509/2509/2509
f 2487/2487/2487 2509/2509/2509 2508/2508/2508
f 2488/2488/2488 2489/2489/2489 2510/2510/2510
f 2488/2488/2488 2510/2510/2510 2509/2509/2509
f 2489/2489/2489 2490/2490/2490 2511/2511/2511
f 2489/2489/2489 2511/2511/2511 2510/2510/2510
f 2490/2490/2490 2491/2491/2491 2512/2512/2512
f 2490/2490/2490 2512/2512/2512 2511/2511/2511
f 2491/2491/2491 2492/2492/2492 2513/2513/2513
f 2491/2491/2491 2513/2513/2513 2512/2512/2512
f 2492/2492/2492 2493/2493/2493 2514/2514/2514
f 2492/2492/2492 2514/2514/2514 2513/2513/2513
f 2493/2493/2493 2494/2494/2494 2515/2515/2515
f 2493/2493/2493 2515/2515/2515 2514/2514/2514
f 2494/2494/2494 2495/2495/2495 2516/2516/2516
f 2494/2494/2494 2516/2516/2516 2515/2515/2515
f 2495/2495/2495 2496/2496/2496 2517/2517/2517
f 2495/2495/2495 2517/2517/2517 2516/2516/2516
f 2496/2496/2496 2497/2497/2497 2518/2518/2518
f 2496/2496/2496 2518/2518/2518 2517/2517/2517
f 2497/2497/2497 2498/2498/2498 2519/2519/2519
f 2497/2497/2497 2519/2519/2519 2518/2518/2518
f 2499/2499/2499 2500/2500/2500 2521/2521/2521
f 2499/2499/2499 2521/2521/2521 2520/2520/2520
f 2500/2500/2500 2501/2501/2501 2522/2522/2522
f 2500/2500/2500 2522/2522/2522 2521/2521/2521
f 2501/2501/2501 2502/2502/2502 2523/2523/2523
f 2501/2501/2501 2523/2523/2523 2522/2522/2522
f 2502/2502/2502 2503/2503/2503 2524/2524/2524
f 2502/2502/2502 2524/2524/2524 2523/2523/2523
f 2503/2503/2503 2504/2504/2504 2525/2525/2525
f 2503/2503/2503 2525/2525/2525 2524/2524/2524
f 2504/2504/2504 2505/2505/2505 2526/2526/2526
f 2504/2504/2504 2526/2526/2526 2525/2525/2525
f 2505/2505/2505 2506/2506/2506 2527/2527/2527
f 2505/2505/2505 2527/2527/2527 2526/2526/2526
f 2506/2506/2506 2507/2507/2507 2528/2528/2528
f 2506/2506/2506 2528/2528/2528 2527/2527/2527
f 2507/2507/2507 2508/2508/2508 2529/2529/2529
f 2507/2507/2507 2529/2529/2529 2528/2528/2528
f 2508/2508/2508 2509/2509/2509 2530/2530/2530
f 2508/2508/2508 2530/2530/2530 2529/2529/2529
f 2509/2509/2509 2510/2510/2510 2531/2531/2531
f 2509/2509/2509 2531/2531/2531 2530/2530/2530
f 2510/2510/2510 2511/2511/2511 2532/2532/2532
f 2510/2510/2510 2532/2532/2532 2531/2531/2531
f 2511/2511/2511 2512/2512/2512 2533/2533/2533
f 2511/2511/2511 2533/2533/2533 2532/2532/2532
f 2512/2512/2512 2513/2513/2513 2534/2534/2534
f 2512/2512/2512 2534/2534/2534 2533/2533/2533
f 2513/2513/2513 2514/2514/2514 2535/2535/2535
f 2513/2513/2513 2535/2535/2535 2534/2534/2534
f 2514/2514/2514 2515/2515/2515 2536/2536/2536
f 2514/2514/2514 2536/2536/2536 2535/2535/2535
f 2515/2515/2515 2516/2516/2516 2537/2537/2537
f 2515/2515/2515 2537/2537/2537 2536/2536/2536
f 2516/2516/2516 2517/2517/2517 2538/2538/2538
f 2516/2516/2516 2538/2538/2538 2537/2537/2537
f 2517/2517/2517 2518/2518/2518 2539/2539/2539
f 2517/2517/2517 2539/2539/2539 2538/2538/2538
f 2518/2518/2518 2519/2519/2519 2540/2540/2540
f 2518/2518/2518 2540/2540/2540 2539/2539/2539
f 2520/2520/2520 2521/2521/2521 2542/2542/2542
f 2520/2520/2520 2542/2542/2542 2541/2541/2541
f 2521/2521/2521 2522/2522/2522 2543/2543/2543
f 2521/2521/2521 2543/2543/2543 2542/2542/2542
f 2522/2522/2522 2523/2523/2523 2544/2544/2544
f 2522/2522/2522 2544/2544/2544 2543/2543/2543
f 2523/2523/2523 2524/2524/2524 2545/2545/2545
f 2523/2523/2523 2545/2545/2545 2544/2544/2544
f 2524/2524/2524 2525/2525/2525 2546/2546/2546
f 2524/2524/2524 2546/2546/2546 2545/2545/2545
f 2525/2525/2525 2526/2526/2526 2547/2547/2547
f 2525/2525/2525 2547/2547/2547 2546/2546/2546
f 2526/2526/2526 2527/2527/2527 2548/2548/2548
f 2526/2526/2526 2548/2548/2548 2547/2547/2547
f 2527/2527/2527 2528/2528/2528 2549/2549/2549
f 2527/2527/2527 2549/2549/2549 2548/2548/2548
f 2528/2528/2528 2529/2529/2529 2550/2550/2550
f 2528/2528/2528 2550/2550/2550 2549/2549/2549
f 2529/2529/2529 2530/2530/2530 2551/2551/2551
f 2529/2529/2529 2551/2551/2551 2550/2550/2550
f 2530/2530/2530 2531/2531/2531 2552/2552/2552
f 2530/2530/2530 2552/2552/2552 2551/2551/2551
f 2531/2531/2531 2532/2532/2532 2553/2553/2553
f 2531/2531/2531 2553/2553/2553 2552/2552/2552
f 2532/2532/2532 2533/2533/2533 2554/2554/2554
f 2532/2532/2532 2554/2554/2554 2553/2553/2553
f 2533/2533/2533 2534/2534/2534 2555/2555/2555
f 2533/2533/2533 2555/2555/2555 2554/2554/2554
f 2534/2534/2534 2535/2535/2535 2556/2556/2556
f 2534/2534/2534 2556/2556/2556 2555/2555/2555
f 2535/2535/2535 2536/2536/2536 2557/2557/2557
f 2535/2535/2535 2557/2557/2557 2556/2556/2556
f 2536/2536/2536 2537/2537/2537 2558/2558/2558
f 2536/2536/2536 2558/2558/2558 2557/2557/2557
f 2537/2537/2537 2538/2538/2538 2559/2559/2559
f 2537/2537/2537 2559/2559/2559 2558/2558/2558
f 2538/2538/2538 2539/2539/2539 2560/2560/2560
f 2538/2538/2538 2560/2560/2560 2559/2559/2559
f 2539/2539/2539 2540/2540/2540 2561/2561/2561
f 2539/2539/2539 2561/2561/2561 2560/2560/2560
f 2541/2541/2541 2542/2542/2542 2563/2563/2563
f 2541/2541/2541 2563/2563/2563 2562/2562/2562
f 2542/2542/2542 2543/2543/2543 2564/2564/2564
f 2542/2542/2542 2564/2564/2564 2563/2563/2563
f 2543/2543/2543 2544/2544/2544 2565/2565/2565
f 2543/2543/2543 2565/2565/2565 2564/2564/2564
f 2544/2544/2544 2545/2545/2545 2566/2566/2566
f 2544/2544/2544 2566/2566/2566 2565/2565/2565
f 2545/2545/2545 2546/2546/2546 2567/2567/2567
f 2545/2545/2545 2567/2567/2567 2566/2566/2566
f 2546/2546/2546 2547/2547/2547 2568/2568/2568
f 2546/2546/2546 2568/2568/2568 2567/2567/2567
f 2547/2547/2547 2548/2548/2548 2569/2569/2569
f 2547/2547/2547 2569/2569/2569 2568/2568/2568
f 2548/2548/2548 2549/2549/2549 2570/2570/2570
f 2548/2548/2548 2570/2570/2570 2569/2569/2569
f 2549/2549/2549 2550/2550/2550 2571/2571/2571
f 2549/2549/2549 2571/2571/2571 2570/2570/2570
f 2550/2550/2550 2551/2551/2551 2572/2572/2572
f 2550/2550/2550 2572/2572/2572 2571/2571/2571
f 2551/2551/2551 2552/2552/2552 2573/2573/2573
f 2551/2551/2551 2573/2573/2573 2572/2572/2572
f 2552/2552/2552 2553/2553/2553 2574/2574/2574
f 2552/2552/2552 2574/2574/2574 2573/2573/2573
f 2553/2553/2553 2554/2554/2554 2575/2575/2575
f 2553/2553/2553 2575/2575/2575 2574/2574/2574
f 2554/2554/2554 2555/2555/2555 2576/2576/2576
f 2554/2554/2554 2576/2576/2576 2575/2575/2575
f 2555/2555/2555 2556/2556/2556 2577/2577/2577
f 2555/2555/2555 2577/2577/2577 2576/2576/2576
f 2556/2556/2556 2557/2557/2557 2578/2578/2578
f 2556/2556/2556 2578/2578/2578 2577/2577/2577
f 2557/2557/2557 2558/2558/2558 2579/2579/2579
f 2557/2557/2557 2579/2579/2579 2578/2578/2578
f 2558/2558/2558 2559/2559/2559 2580/2580/2580
f 2558/2558/2558 2580/2580/2580 2579/2579/2579
f 2559/2559/2559 2560/2560/2560 2581/2581/2581
f 2559/2559/2559 2581/2581/2581 2580/2580/2580
f 2560/2560/2560 2561/2561/2561 2582/2582/2582
f 2560/2560/2560 2582/2582/2582 2581/2581/2581
f 2562/2562/2562 2563/2563/2563 2583/2583/2583
f 2563/2563/2563 2564/2564/2564 2583/2583/2583
f 2564/2564/2564 2565/2565/2565 2583/2583/2583
f 2565/2565/2565 2566/2566/2566 2583/2583/2583
f 2566/2566/2566 2567/2567/2567 2583/2583/2583
f 2567/2567/2567 2568/2568/2568 2583/2583/2583
f 2568/2568/2568 2569/2569/2569 2583/2583/2583
f 2569/2569/2569 2570/2570/2570 2583/2583/2583
f 2570/2570/2570 2571/2571/2571 2583/2583/2583
f 2571/2571/2571 2572/2572/2572 2583/2583/2583
f 2572/2572/2572 2573/2573/2573 2583/2583/2583
f 2573/2573/2573 2574/2574/2574 2583/2583/2583
f 2574/2574/2574 2575/2575/2575 2583/2583/2583
f 2575/2575/2575 2576/2576/2576 2583/2583/2583
f 2576/2576/2576 2577/2577/2577 2583/2583/2583
f 2577/2577/2577 2578/2578/2578 2583/2583/2583
f 2578/2578/2578 2579/2579/2579 2583/2583/2583
f 2579/2579/2579 2580/2580/2580 2583/2583/2583
f 2580/2580/2580 2581/2581/2581 2583/2583/2583
f 2581/2581/2581 2582/2582/2582 2583/2583/2583
o Finger_-1_0
v 12.404953 42.482661 23.137795
v 12.117180 42.416290 23.606085
v 11.422434 42.256055 23.800057
v 10.727689 42.095821 23.606085
v 10.439916 42.029450 23.137795
v 10.727689 42.095821 22.669504
v 11.422434 42.256055 22.475532
v 12.117180 42.416290 22.669504
v 12.404953 42.482661 23.137795
v 13.392931 41.014511 23.137795
v 13.122137 40.961424 23.569500
v 12.468384 40.833261 23.748318
v 11.814630 40.705098 23.569500
v 11.543837 40.652011 23.137795
v 11.814630 40.705098 22.706089
v 12.468384 40.833261 22.527271
v 13.122137 40.961424 22.706089
v 13.392931 41.014511 23.137795
v 14.131942 39.280277 23.137795
v 13.882970 39.280277 23.512427
v 13.281900 39.280277 23.667605
v 12.680830 39.280277 23.512427
v 12.431859 39.280277 23.137795
v 12.680830 39.280277 22.763162
v 13.281900 39.280277 22.607985
v 13.882970 39.280277 22.763162
v 14.131942 39.280277 23.137795
v 12.928578 38.315766 23.137795
v 12.793790 38.391263 23.424622
v 12.468384 38.573529 23.543430
v 12.142977 38.755796 23.424622
v 12.008189 38.831293 23.137795
v 12.142977 38.755796 22.850967
v 12.468384 38.573529 22.732159
v 12.793790 38.391263 22.850967
v 12.928578 38.315766 23.137795
v 11.659662 38.006221 23.137795
v 11.590180 38.074329 23.348525
v 11.422434 38.238754 23.435813
v 11.254689 38.403180 23.348525
v 11.185206 38.471287 23.137795
v 11.254689 38.403180 22.927064
v 11.422434 38.238754 22.839776
v 11.590180 38.074329 22.927064
v 11.659662 38.006221 23.137795
v 11.422434 42.256055 23.137795
v 11.422434 38.238754 23.137795
vt 0.0078125 0.9921875
vt 0.0078125 0.9160156
vt 0.0078125 0.8398438
vt 0.0078125 0.7636719
vt 0.0078125 0.6875000
vt 0.0078125 0.6113281
vt 0.0078125 0.5351562
vt 0.0078125 0.4589844
vt 0.0078125 0.3828125
vt 0.2539062 0.9921875
vt 0.2539062 0.9160156
vt 0.2539062 0.8398438
vt 0.2539062 0.7636719
vt 0.2539062 0.6875000
vt 0.2539062 0.6113281
vt 0.2539062 0.5351562
vt 0.2539062 0.4589844
vt 0.2539062 0.3828125
vt 0.5000000 0.9921875
vt 0.5000000 0.9160156
vt 0.5000000 0.8398438
vt 0.5000000 0.7636719
vt 0.5000000 0.6875000
vt 0.5000000 0.6113281
vt 0.5000000 0.5351562
vt 0.5000000 0.4589844
vt 0.5000000 0.3828125
vt 0.7460938 0.9921875
vt 0.7460938 0.9160156
vt 0.7460938 0.8398438
vt 0.7460938 0.7636719
vt 0.7460938 0.6875000
vt 0.7460938 0.6113281
vt 0.7460938 0.5351562
vt 0.7460938 0.4589844
vt 0.7460938 0.3828125
vt 0.9921875 0.9921875
vt 0.9921875 0.9160156
vt 0.9921875 0.8398438
vt 0.9921875 0.7636719
vt 0.9921875 0.6875000
vt 0.9921875 0.6113281
vt 0.9921875 0.5351562
vt 0.9921875 0.4589844
vt 0.9921875 0.3828125
vt 0.0078125 0.6875000
vt 0.9921875 0.6875000
vn 0.6126026 0.7754713 0.1528475
vn 0.3029738 0.5055498 0.8078529
vn -0.1275332 0.1827591 0.9748510
vn -0.6393650 -0.1160584 0.7600940
vn -0.9439086 -0.2663778 -0.1951395
vn -0.4562297 -0.0187569 -0.8896643
vn 0.0195554 0.2837856 -0.9586883
vn 0.4344204 0.6161732 -0.6569699
vn 0.6126026 0.7754713 0.1528475
vn 0.8780431 0.4783653 -0.0143840
vn 0.5050834 0.2705200 0.8195790
vn 0.0157711 -0.0269403 0.9995126
vn -0.4577505 -0.3410765 0.8210550
vn -0.8093412 -0.5867286 0.0267667
vn -0.4757408 -0.3622711 -0.8015175
vn 0.0047389 -0.0499004 -0.9987430
vn 0.4959712 0.2484154 -0.8320471
vn 0.8780431 0.4783653 -0.0143840
vn 0.9882495 -0.1183452 -0.0967336
vn 0.5770060 -0.0305912 0.8161668
vn 0.0548068 -0.0267891 0.9981375
vn -0.4428102 -0.1158489 0.8890996
vn -0.9533192 -0.2658347 0.1432283
vn -0.5644895 -0.2035017 -0.7999617
vn -0.0367830 -0.1389945 -0.9896098
vn 0.4751159 -0.1355424 -0.8694211
vn 0.9882495 -0.1183452 -0.0967336
vn 0.4705941 -0.8809847 -0.0490623
vn 0.3425013 -0.6541074 0.6744156
vn 0.0048014 -0.1453774 0.9893646
vn -0.3689544 0.4603336 0.8074439
vn -0.5660991 0.8235995 0.0348668
vn -0.4180762 0.5011821 -0.7576469
vn -0.0775955 -0.1225168 -0.9894284
vn 0.2681738 -0.6355739 -0.7239673
vn 0.4705941 -0.8809847 -0.0490623
vn 0.1169005 -0.9842284 -0.1327735
vn 0.0691496 -0.8607369 0.5043316
vn -0.1300051 -0.3603869 0.9236991
vn -0.4035508 0.3398369 0.8495043
vn -0.5771571 0.7952957 0.1854576
vn -0.5047253 0.5961576 -0.6243784
vn -0.2492327 -0.0728813 -0.9656974
vn -0.0011917 -0.6968297 -0.7172356
vn 0.1169005 -0.9842284 -0.1327735
vn -0.2247374 0.9744194 -0.0000000
vn -0.7000045 -0.7141384 -0.0000000
s 1
f 2584/2584/2584 2585/2585/2585 2594/2594/2594
f 2584/2584/2584 2594/2594/2594 2593/2593/2593
f 2585/2585/2585 2586/2586/2586 2595/2595/2595
f 2585/2585/2585 2595/2595/2595 2594/2594/2594
f 2586/2586/2586 2587/2587/2587 2596/2596/2596
f 2586/2586/2586 2596/2596/2596 2595/2595/2595
f 2587/2587/2587 2588/2588/2588 2597/2597/2597
f 2587/2587/2587 2597/2597/2597 2596/2596/2596
f 2588/2588/2588 2589/2589/2589 2598/2598/2598
f 2588/2588/2588 2598/2598/2598 2597/2597/2597
f 2589/2589/2589 2590/2590/2590 2599/2599/2599
f 2589/2589/2589 2599/2599/2599 2598/2598/2598
f 2590/2590/2590 2591/2591/2591 2600/2600/2600
f 2590/2590/2590 2600/2600/2600 2599/2599/2599
f 2591/2591/2591 2592/2592/2592 2601/2601/2601
f 2591/2591/2591 2601/2601/2601 2600/2600/2600
f 2593/2593/2593 2594/2594/2594 2603/2603/2603
f 2593/2593/2593 2603/2603/2603 2602/2602/2602
f 2594/2594/2594 2595/2595/2595 2604/2604/2604
f 2594/2594/2594 2604/2604/2604 2603/2603/2603
f 2595/2595/2595 2596/2596/2596 2605/2605/2605
f 2595/2595/2595 2605/2605/2605 2604/2604/2604
f 2596/2596/2596 2597/2597/2597 2606/2606/2606
f 2596/2596/2596 2606/2606/2606 2605/2605/2605
f 2597/2597/2597 2598/2598/2598 2607/2607/2607
f 2597/2597/2597 2607/2607/2607 2606/2606/2606
f 2598/2598/2598 2599/2599/2599 2608/2608/2608
f 2598/2598/2598 2608/2608/2608 2607/2607/2607
f 2599/2599/2599 2600/2600/2600 2609/2609/2609
f 2599/2599/2599 2609/2609/2609 2608/2608/2608
f 2600/2600/2600 2601/2601/2601 2610/2610/2610
f 2600/2600/2600 2610/2610/2610 2609/2609/2609
f 2602/2602/2602 2603/2603/2603 2612/2612/2612
f 2602/2602/2602 2612/2612/2612 2611/2611/2611
f 2603/2603/2603 2604/2604/2604 2613/2613/2613
f 2603/2603/2603 2613/2613/2613 2612/2612/2612
f 2604/2604/2604 2605/2605/2605 2614/2614/2614
f 2604/2604/2604 2614/2614/2614 2613/2613/2613
f 2605/2605/2605 2606/2606/2606 2615/2615/2615
f 2605/2605/2605 2615/2615/2615 2614/2614/2614
f 2606/2606/2606 2607/2607/2607 2616/2616/2616
f 2606/2606/2606 2616/2616/2616 2615/2615/2615
f 2607/2607/2607 2608/2608/2608 2617/2617/2617
f 2607/2607/2607 2617/2617/2617 2616/2616/2616
f 2608/2608/2608 2609/2609/2609 2618/2618/2618
f 2608/2608/2608 2618/2618/2618 2617/2617/2617
f 2609/2609/2609 2610/2610/2610 2619/2619/2619
f 2609/2609/2609 2619/2619/2619 2618/2618/2618
f 2611/2611/2611 2612/2612/2612 2621/2621/2621
f 2611/2611/2611 2621/2621/2621 2620/2620/2620
f 2612/2612/2612 2613/2613/2613 2622/2622/2622
f 2612/2612/2612 2622/2622/2622 2621/2621/2621
f 2613/2613/2613 2614/2614/2614 2623/2623/2623
f 2613/2613/2613 2623/2623/2623 2622/2622/2622
f 2614/2614/2614 2615/2615/2615 2624/2624/2624
f 2614/2614/2614 2624/2624/2624 2623/2623/2623
f 2615/2615/2615 2616/2616/2616 2625/2625/2625
f 2615/2615/2615 2625/2625/2625 2624/2624/2624
f 2616/2616/2616 2617/2617/2617 2626/2626/2626
f 2616/2616/2616 2626/2626/2626 2625/2625/2625
f 2617/2617/2617 2618/2618/2618 2627/2627/2627
f 2617/2617/2617 2627/2627/2627 2626/2626/2626
f 2618/2618/2618 2619/2619/2619 2628/2628/2628
f 2618/2618/2618 2628/2628/2628 2627/2627/2627
f 2629/2629/2629 2585/2585/2585 2584/2584/2584
f 2629/2629/2629 2586/2586/2586 2585/2585/2585
f 2629/2629/2629 2587/2587/2587 2586/2586/2586
f 2629/2629/2629 2588/2588/2588 2587/2587/2587
f 2629/2629/2629 2589/2589/2589 2588/2588/2588
f 2629/2629/2629 2590/2590/2590 2589/2589/2589
f 2629/2629/2629 2591/2591/2591 2590/2590/2590
f 2629/2629/2629 2592/2592/2592 2591/2591/2591
f 2630/2630/2630 2620/2620/2620 2621/2621/2621
f 2630/2630/2630 2621/2621/2621 2622/2622/2622
f 2630/2630/2630 2622/2622/2622 2623/2623/2623
f 2630/2630/2630 2623/2623/2623 2624/2624/2624
f 2630/2630/2630 2624/2624/2624 2625/2625/2625
f 2630/2630/2630 2625/2625/2625 2626/2626/2626
f 2630/2630/2630 2626/2626/2626 2627/2627/2627
f 2630/2630/2630 2627/2627/2627 2628/2628/2628
o Finger_-1_1
v 12.404953 42.482661 22.061618
v 12.117180 42.416290 22.529908
v 11.422434 42.256055 22.723881
v 10.727689 42.095821 22.529908
v 10.439916 42.029450 22.061618
v 10.727689 42.095821 21.593328
v 11.422434 42.256055 21.399356
v 12.117180 42.416290 21.593328
v 12.404953 42.482661 22.061618
v 13.392931 41.014511 22.061618
v 13.122137 40.961424 22.493323
v 12.468384 40.833261 22.672141
v 11.814630 40.705098 22.493323
v 11.543837 40.652011 22.061618
v 11.814630 40.705098 21.629913
v 12.468384 40.833261 21.451095
v 13.122137 40.961424 21.629913
v 13.392931 41.014511 22.061618
v 14.131942 39.280277 22.061618
v 13.882970 39.280277 22.436250
v 13.281900 39.280277 22.591428
v 12.680830 39.280277 22.436250
v 12.431859 39.280277 22.061618
v 12.680830 39.280277 21.686986
v 13.281900 39.280277 21.531808
v 13.882970 39.280277 21.686986
v 14.131942 39.280277 22.061618
v 12.928578 38.315766 22.061618
v 12.793790 38.391263 22.348446
v 12.468384 38.573529 22.467254
v 12.142977 38.755796 22.348446
v 12.008189 38.831293 22.061618
v 12.142977 38.755796 21.774790
v 12.468384 38.573529 21.655982
v 12.793790 38.391263 21.774790
v 12.928578 38.315766 22.061618
v 11.659662 38.006221 22.061618
v 11.590180 38.074329 22.272349
v 11.422434 38.238754 22.359636
v 11.254689 38.403180 22.272349
v 11.185206 38.471287 22.061618
v 11.254689 38.403180 21.850887
v 11.422434 38.238754 21.763600
v 11.590180 38.074329 21.850887
v 11.659662 38.006221 22.061618
v 11.422434 42.256055 22.061618
v 11.422434 38.238754 22.061618
vt 0.0078125 0.9921875
vt 0.0078125 0.9160156
vt 0.0078125 0.8398438
vt 0.0078125 0.7636719
vt 0.0078125 0.6875000
vt 0.0078125 0.6113281
vt 0.0078125 0.5351562
vt 0.0078125 0.4589844
vt 0.0078125 0.3828125
vt 0.2539062 0.9921875
vt 0.2539062 0.9160156
vt 0.2539062 0.8398438
vt 0.2539062 0.7636719
vt 0.2539062 0.6875000
vt 0.2539062 0.6113281
vt 0.2539062 0.5351562
vt 0.2539062 0.4589844
vt 0.2539062 0.3828125
vt 0.5000000 0.9921875
vt 0.5000000 0.9160156
vt 0.5000000 0.8398438
vt 0.5000000 0.7636719
vt 0.5000000 0.6875000
vt 0.5000000 0.6113281
vt 0.5000000 0.5351562
vt 0.5000000 0.4589844
vt 0.5000000 0.3828125
vt 0.7460938 0.9921875
vt 0.7460938 0.9160156
vt 0.7460938 0.8398438
vt 0.7460938 0.7636719
vt 0.7460938 0.6875000
vt 0.7460938 0.6113281
vt 0.7460938 0.5351562
vt 0.7460938 0.4589844
vt 0.7460938 0.3828125
vt 0.9921875 0.9921875
vt 0.9921875 0.9160156
vt 0.9921875 0.8398438
vt 0.9921875 0.7636719
vt 0.9921875 0.6875000
vt 0.9921875 0.6113281
vt 0.9921875 0.5351562
vt 0.9921875 0.4589844
vt 0.9921875 0.3828125
vt 0.0078125 0.6875000
vt 0.9921875 0.6875000
vn 0.6126026 0.7754713 0.1528475
vn 0.3029738 0.5055498 0.8078529
vn -0.1275332 0.1827591 0.9748510
vn -0.6393650 -0.1160584 0.7600940
vn -0.9439086 -0.2663778 -0.1951395
vn -0.4562297 -0.0187569 -0.8896643
vn 0.0195554 0.2837856 -0.9586883
vn 0.4344204 0.6161732 -0.6569699
vn 0.6126026 0.7754713 0.1528475
vn 0.8780431 0.4783653 -0.0143840
vn 0.5050834 0.2705200 0.8195790
vn 0.0157711 -0.0269403 0.9995126
vn -0.4577505 -0.3410765 0.8210550
vn -0.8093412 -0.5867286 0.0267667
vn -0.4757408 -0.3622711 -0.8015175
vn 0.0047389 -0.0499004 -0.9987430
vn 0.4959712 0.2484154 -0.8320471
vn 0.8780431 0.4783653 -0.0143840
vn 0.9882495 -0.1183452 -0.0967336
vn 0.5770060 -0.0305912 0.8161668
vn 0.0548068 -0.0267891 0.9981375
vn -0.4428102 -0.1158489 0.8890996
vn -0.9533192 -0.2658347 0.1432283
vn -0.5644895 -0.2035017 -0.7999617
vn -0.0367830 -0.1389945 -0.9896098
vn 0.4751159 -0.1355424 -0.8694211
vn 0.9882495 -0.1183452 -0.0967336
vn 0.4705941 -0.8809847 -0.0490623
vn 0.3425013 -0.6541074 0.6744156
vn 0.0048014 -0.1453774 0.9893646
vn -0.3689544 0.4603336 0.8074439
vn -0.5660991 0.8235995 0.0348668
vn -0.4180762 0.5011821 -0.7576469
vn -0.0775955 -0.1225168 -0.9894284
vn 0.2681738 -0.6355739 -0.7239673
vn 0.4705941 -0.8809847 -0.0490623
vn 0.1169005 -0.9842284 -0.1327735
vn 0.0691496 -0.8607369 0.5043316
vn -0.1300051 -0.3603869 0.9236991
vn -0.4035508 0.3398369 0.8495043
vn -0.5771571 0.7952957 0.1854576
vn -0.5047253 0.5961576 -0.6243784
vn -0.2492327 -0.0728813 -0.9656974
vn -0.0011917 -0.6968297 -0.7172356
vn 0.1169005 -0.9842284 -0.1327735
vn -0.2247374 0.9744194 -0.0000000
vn -0.7000045 -0.7141384 -0.0000000
s 1
f 2631/2631/2631 2632/2632/2632 2641/2641/2641
f 2631/2631/2631 2641/2641/2641 2640/2640/2640
f 2632/2632/2632 2633/2633/2633 2642/2642/2642
f 2632/2632/2632 2642/2642/2642 2641/2641/2641
f 2633/2633/2633 2634/2634/2634 2643/2643/2643
f 2633/2633/2633 2643/2643/2643 2642/2642/2642
f 2634/2634/2634 2635/2635/2635 2644/2644/2644
f 2634/2634/2634 2644/2644/2644 2643/2643/2643
f 2635/2635/2635 2636/2636/2636 2645/2645/2645
f 2635/2635/2635 2645/2645/2645 2644/2644/2644
f 2636/2636/2636 2637/2637/2637 2646/2646/2646
f 2636/2636/2636 2646/2646/2646 2645/2645/2645
f 2637/2637/2637 2638/2638/2638 2647/2647/2647
f 2637/2637/2637 2647/2647/2647 2646/2646/2646
f 2638/2638/2638 2639/2639/2639 2648/2648/2648
f 2638/2638/2638 2648/2648/2648 2647/2647/2647
f 2640/2640/2640 2641/2641/2641 2650/2650/2650
f 2640/2640/2640 2650/2650/2650 2649/2649/2649
f 2641/2641/2641 2642/2642/2642 2651/2651/2651
f 2641/2641/2641 2651/2651/2651 2650/2650/2650
f 2642/2642/2642 2643/2643/2643 2652/2652/2652
f 2642/2642/2642 2652/2652/2652 2651/2651/2651
f 2643/2643/2643 2644/2644/2644 2653/2653/2653
f 2643/2643/2643 2653/2653/2653 2652/2652/2652
f 2644/2644/2644 2645/2645/2645 2654/2654/2654
f 2644/2644/2644 2654/2654/2654 2653/2653/2653
f 2645/2645/2645 2646/2646/2646 2655/2655/2655
f 2645/2645/2645 2655/2655/2655 2654/2654/2654
f 2646/2646/2646 2647/2647/2647 2656/2656/2656
f 2646/2646/2646 2656/2656/2656 2655/2655/2655
f 2647/2647/2647 2648/2648/2648 2657/2657/2657
f 2647/2647/2647 2657/2657/2657 2656/2656/2656
f 2649/2649/2649 2650/2650/2650 2659/2659/2659
f 2649/2649/2649 2659/2659/2659 2658/2658/2658
f 2650/2650/2650 2651/2651/2651 2660/2660/2660
f 2650/2650/2650 2660/2660/2660 2659/2659/2659
f 2651/2651/2651 2652/2652/2652 2661/2661/2661
f 2651/2651/2651 2661/2661/2661 2660/2660/2660
f 2652/2652/2652 2653/2653/2653 2662/2662/2662
f 2652/2652/2652 2662/2662/2662 2661/2661/2661
f 2653/2653/2653 2654/2654/2654 2663/2663/2663
f 2653/2653/2653 2663/2663/2663 2662/2662/2662
f 2654/2654/2654 2655/2655/2655 2664/2664/2664
f 2654/2654/2654 2664/2664/2664 2663/2663/2663
f 2655/2655/2655 2656/2656/2656 2665/2665/2665
f 2655/2655/2655 2665/2665/2665 2664/2664/2664
f 2656/2656/2656 2657/2657/2657 2666/2666/2666
f 2656/2656/2656 2666/2666/2666 2665/2665/2665
f 2658/2658/2658 2659/2659/2659 2668/2668/2668
f 2658/2658/2658 2668/2668/2668 2667/2667/2667
f 2659/2659/2659 2660/2660/2660 2669/2669/2669
f 2659/2659/2659 2669/2669/2669 2668/2668/2668
f 2660/2660/2660 2661/2661/2661 2670/2670/2670
f 2660/2660/2660 2670/2670/2670 2669/2669/2669
f 2661/2661/2661 2662/2662/2662 2671/2671/2671
f 2661/2661/2661 2671/2671/2671 2670/2670/2670
f 2662/2662/2662 2663/2663/2663 2672/2672/2672
f 2662/2662/2662 2672/2672/2672 2671/2671/2671
f 2663/2663/2663 2664/2664/2664 2673/2673/2673
f 2663/2663/2663 2673/2673/2673 2672/2672/2672
f 2664/2664/2664 2665/2665/2665 2674/2674/2674
f 2664/2664/2664 2674/2674/2674 2673/2673/2673
f 2665/2665/2665 2666/2666/2666 2675/2675/2675
f 2665/2665/2665 2675/2675/2675 2674/2674/2674
f 2676/2676/2676 2632/2632/2632 2631/2631/2631
f 2676/2676/2676 2633/2633/2633 2632/2632/2632
f 2676/2676/2676 2634/2634/2634 2633/2633/2633
f 2676/2676/2676 2635/2635/2635 2634/2634/2634
f 2676/2676/2676 2636/2636/2636 2635/2635/2635
f 2676/2676/2676 2637/2637/2637 2636/2636/2636
f 2676/2676/2676 2638/2638/2638 2637/2637/2637
f 2676/2676/2676 2639/2639/2639 2638/2638/2638
f 2677/2677/2677 2667/2667/2667 2668/2668/2668
f 2677/2677/2677 2668/2668/2668 2669/2669/2669
f 2677/2677/2677 2669/2669/2669 2670/2670/2670
f 2677/2677/2677 2670/2670/2670 2671/2671/2671
f 2677/2677/2677 2671/2671/2671 2672/2672/2672
f 2677/2677/2677 2672/2672/2672 2673/2673/2673
f 2677/2677/2677 2673/2673/2673 2674/2674/2674
f 2677/2677/2677 2674/2674/2674 2675/2675/2675
o Finger_-1_2
v 12.404953 42.482661 20.985442
v 12.117180 42.416290 21.453732
v 11.422434 42.256055 21.647704
v 10.727689 42.095821 21.453732
v 10.439916 42.029450 20.985442
v 10.727689 42.095821 20.517151
v 11.422434 42.256055 20.323179
v 12.117180 42.416290 20.517151
v 12.404953 42.482661 20.985442
v 13.392931 41.014511 20.985442
v 13.122137 40.961424 21.417147
v 12.468384 40.833261 21.595965
v 11.814630 40.705098 21.417147
v 11.543837 40.652011 20.985442
v 11.814630 40.705098 20.553736
v 12.468384 40.833261 20.374918
v 13.122137 40.961424 20.553736
v 13.392931 41.014511 20.985442
v 14.131942 39.280277 20.985442
v 13.882970 39.280277 21.360074
v 13.281900 39.280277 21.515252
v 12.680830 39.280277 21.360074
v 12.431859 39.280277 20.985442
v 12.680830 39.280277 20.610809
v 13.281900 39.280277 20.455632
v 13.882970 39.280277 20.610809
v 14.131942 39.280277 20.985442
v 12.928578 38.315766 20.985442
v 12.793790 38.391263 21.272269
v 12.468384 38.573529 21.391077
v 12.142977 38.755796 21.272269
v 12.008189 38.831293 20.985442
v 12.142977 38.755796 20.698614
v 12.468384 38.573529 20.579806
v 12.793790 38.391263 20.698614
v 12.928578 38.315766 20.985442
v 11.659662 38.006221 20.985442
v 11.590180 38.074329 21.196172
v 11.422434 38.238754 21.283460
v 11.254689 38.403180 21.196172
v 11.185206 38.471287 20.985442
v 11.254689 38.403180 20.774711
v 11.422434 38.238754 20.687423
v 11.590180 38.074329 20.774711
v 11.659662 38.006221 20.985442
v 11.422434 42.256055 20.985442
v 11.422434 38.238754 20.985442
vt 0.0078125 0.9921875
vt 0.0078125 0.9160156
vt 0.0078125 0.8398438
vt 0.0078125 0.7636719
vt 0.0078125 0.6875000
vt 0.0078125 0.6113281
vt 0.0078125 0.5351562
vt 0.0078125 0.4589844
vt 0.0078125 0.3828125
vt 0.2539062 0.9921875
vt 0.2539062 0.9160156
vt 0.2539062 0.8398438
vt 0.2539062 0.7636719
vt 0.2539062 0.6875000
vt 0.2539062 0.6113281
vt 0.2539062 0.5351562
vt 0.2539062 0.4589844
vt 0.2539062 0.3828125
vt 0.5000000 0.9921875
vt 0.5000000 0.9160156
vt 0.5000000 0.8398438
vt 0.5000000 0.7636719
vt 0.5000000 0.6875000
vt 0.5000000 0.6113281
vt 0.5000000 0.5351562
vt 0.5000000 0.4589844
vt 0.5000000 0.3828125
vt 0.7460938 0.9921875
vt 0.7460938 0.9160156
vt 0.7460938 0.8398438
vt 0.7460938 0.7636719
vt 0.7460938 0.6875000
vt 0.7460938 0.6113281
vt 0.7460938 0.5351562
vt 0.7460938 0.4589844
vt 0.7460938 0.3828125
vt 0.9921875 0.9921875
vt 0.9921875 0.9160156
vt 0.9921875 0.8398438
vt 0.9921875 0.7636719
vt 0.9921875 0.6875000
vt 0.9921875 0.6113281
vt 0.9921875 0.5351562
vt 0.9921875 0.4589844
vt 0.9921875 0.3828125
vt 0.0078125 0.6875000
vt 0.9921875 0.6875000
vn 0.6126026 0.7754713 0.1528475
vn 0.3029738 0.5055498 0.8078529
vn -0.1275332 0.1827591 0.9748510
vn -0.6393650 -0.1160584 0.7600940
vn -0.9439086 -0.2663778 -0.1951395
vn -0.4562297 -0.0187569 -0.8896643
vn 0.0195554 0.2837856 -0.9586883
vn 0.4344204 0.6161732 -0.6569699
vn 0.6126026 0.7754713 0.1528475
vn 0.8780431 0.4783653 -0.0143840
vn 0.5050834 0.2705200 0.8195790
vn 0.0157711 -0.0269403 0.9995126
vn -0.4577505 -0.3410765 0.8210550
vn -0.8093412 -0.5867286 0.0267667
vn -0.4757408 -0.3622711 -0.8015175
vn 0.0047389 -0.0499004 -0.9987430
vn 0.4959712 0.2484154 -0.8320471
vn 0.8780431 0.4783653 -0.0143840
vn 0.9882495 -0.1183452 -0.0967336
vn 0.5770060 -0.0305912 0.8161668
vn 0.0548068 -0.0267891 0.9981375
vn -0.4428102 -0.1158489 0.8890996
vn -0.9533192 -0.2658347 0.1432283
vn -0.5644895 -0.2035017 -0.7999617
vn -0.0367830 -0.1389945 -0.9896098
vn 0.4751159 -0.1355424 -0.8694211
vn 0.9882495 -0.1183452 -0.0967336
vn 0.4705941 -0.8809847 -0.0490623
vn 0.3425013 -0.6541074 0.6744156
vn 0.0048014 -0.1453774 0.9893646
vn -0.3689544 0.4603336 0.8074439
vn -0.5660991 0.8235995 0.0348668
vn -0.4180762 0.5011821 -0.7576469
vn -0.0775955 -0.1225168 -0.9894284
vn 0.2681738 -0.6355739 -0.7239673
vn 0.4705941 -0.8809847 -0.0490623
vn 0.1169005 -0.9842284 -0.1327735
vn 0.0691496 -0.8607369 0.5043316
vn -0.1300051 -0.3603869 0.9236991
vn -0.4035508 0.3398369 0.8495043
vn -0.5771571 0.7952957 0.1854576
vn -0.5047253 0.5961576 -0.6243784
vn -0.2492327 -0.0728813 -0.9656974
vn -0.0011917 -0.6968297 -0.7172356
vn 0.1169005 -0.9842284 -0.1327735
vn -0.2247374 0.9744194 -0.0000000
vn -0.7000045 -0.7141384 -0.0000000
s 1
f 2678/2678/2678 2679/2679/2679 2688/2688/2688
f 2678/2678/2678 2688/2688/2688 2687/2687/2687
f 2679/2679/2679 2680/2680/2680 2689/2689/2689
f 2679/2679/2679 2689/2689/2689 2688/2688/2688
f 2680/2680/2680 2681/2681/2681 2690/2690/2690
f 2680/2680/2680 2690/2690/2690 2689/2689/2689
f 2681/2681/2681 2682/2682/2682 2691/2691/2691
f 2681/2681/2681 2691/2691/2691 2690/2690/2690
f 2682/2682/2682 2683/2683/2683 2692/2692/2692
f 2682/2682/2682 2692/2692/2692 2691/2691/2691
f 2683/2683/2683 2684/2684/2684 2693/2693/2693
f 2683/2683/2683 2693/2693/2693 2692/2692/2692
f 2684/2684/2684 2685/2685/2685 2694/2694/2694
f 2684/2684/2684 2694/2694/2694 2693/2693/2693
f 2685/2685/2685 2686/2686/2686 2695/2695/2695
f 2685/2685/2685 2695/2695/2695 2694/2694/2694
f 2687/2687/2687 2688/2688/2688 2697/2697/2697
f 2687/2687/2687 2697/2697/2697 2696/2696/2696
f 2688/2688/2688 2689/2689/2689 2698/2698/2698
f 2688/2688/2688 2698/2698/2698 2697/2697/2697
f 2689/2689/2689 2690/2690/2690 2699/2699/2699
f 2689/2689/2689 2699/2699/2699 2698/2698/2698
f 2690/2690/2690 2691/2691/2691 2700/2700/2700
f 2690/2690/2690 2700/2700/2700 2699/2699/2699
f 2691/2691/2691 2692/2692/2692 2701/2701/2701
f 2691/2691/2691 2701/2701/2701 2700/2700/2700
f 2692/2692/2692 2693/2693/2693 2702/2702/2702
f 2692/2692/2692 2702/2702/2702 2701/2701/2701
f 2693/2693/2693 2694/2694/2694 2703/2703/2703
f 2693/2693/2693 2703/2703/2703 2702/2702/2702
f 2694/2694/2694 2695/2695/2695 2704/2704/2704
f 2694/2694/2694 2704/2704/2704 2703/2703/2703
f 2696/2696/2696 2697/2697/2697 2706/2706/2706
f 2696/2696/2696 2706/2706/2706 2705/2705/2705
f 2697/2697/2697 2698/2698/2698 2707/2707/2707
f 2697/2697/2697 2707/2707/2707 2706/2706/2706
f 2698/2698/2698 2699/2699/2699 2708/2708/2708
f 2698/2698/2698 2708/2708/2708 2707/2707/2707
f 2699/2699/2699 2700/2700/2700 2709/2709/2709
f 2699/2699/2699 2709/2709/2709 2708/2708/2708
f 2700/2700/2700 2701/2701/2701 2710/2710/2710
f 2700/2700/2700 2710/2710/2710 2709/2709/2709
f 2701/2701/2701 2702/2702/2702 2711/2711/2711
f 2701/2701/2701 2711/2711/2711 2710/2710/2710
f 2702/2702/2702 2703/2703/2703 2712/2712/2712
f 2702/2702/2702 2712/2712/2712 2711/2711/2711
f 2703/2703/2703 2704/2704/2704 2713/2713/2713
f 2703/2703/2703 2713/2713/2713 2712/2712/2712
f 2705/2705/2705 2706/2706/2706 2715/2715/2715
f 2705/2705/2705 2715/2715/2715 2714/2714/2714
f 2706/2706/2706 2707/2707/2707 2716/2716/2716
f 2706/2706/2706 2716/2716/2716 2715/2715/2715
f 2707/2707/2707 2708/2708/2708 2717/2717/2717
f 2707/2707/2707 2717/2717/2717 2716/2716/2716
f 2708/2708/2708 2709/2709/2709 2718/2718/2718
f 2708/2708/2708 2718/2718/2718 2717/2717/2717
f 2709/2709/2709 2710/2710/2710 2719/2719/2719
f 2709/2709/2709 2719/2719/2719 2718/2718/2718
f 2710/2710/2710 2711/2711/2711 2720/2720/2720
f 2710/2710/2710 2720/2720/2720 2719/2719/2719
f 2711/2711/2711 2712/2712/2712 2721/2721/2721
f 2711/2711/2711 2721/2721/2721 2720/2720/2720
f 2712/2712/2712 2713/2713/2713 2722/2722/2722
f 2712/2712/2712 2722/2722/2722 2721/2721/2721
f 2723/2723/2723 2679/2679/2679 2678/2678/2678
f 2723/2723/2723 2680/2680/2680 2679/2679/2679
f 2723/2723/2723 2681/2681/2681 2680/2680/2680
f 2723/2723/2723 2682/2682/2682 2681/2681/2681
f 2723/2723/2723 2683/2683/2683 2682/2682/2682
f 2723/2723/2723 2684/2684/2684 2683/2683/2683
f 2723/2723/2723 2685/2685/2685 2684/2684/2684
f 2723/2723/2723 2686/2686/2686 2685/2685/2685
f 2724/2724/2724 2714/2714/2714 2715/2715/2715
f 2724/2724/2724 2715/2715/2715 2716/2716/2716
f 2724/2724/2724 2716/2716/2716 2717/2717/2717
f 2724/2724/2724 2717/2717/2717 2718/2718/2718
f 2724/2724/2724 2718/2718/2718 2719/2719/2719
f 2724/2724/2724 2719/2719/2719 2720/2720/2720
f 2724/2724/2724 2720/2720/2720 2721/2721/2721
f 2724/2724/2724 2721/2721/2721 2722/2722/2722
o Finger_-1_3
v 12.404953 42.482661 19.909265
v 12.117180 42.416290 20.377555
v 11.422434 42.256055 20.571528
v 10.727689 42.095821 20.377555
v 10.439916 42.029450 19.909265
v 10.727689 42.095821 19.440975
v 11.422434 42.256055 19.247003
v 12.117180 42.416290 19.440975
v 12.404953 42.482661 19.909265
v 13.392931 41.014511 19.909265
v 13.122137 40.961424 20.340970
v 12.468384 40.833261 20.519788
v 11.814630 40.705098 20.340970
v 11.543837 40.652011 19.909265
v 11.814630 40.705098 19.477560
v 12.468384 40.833261 19.298742
v 13.122137 40.961424 19.477560
v 13.392931 41.014511 19.909265
v 14.131942 39.280277 19.909265
v 13.882970 39.280277 20.283897
v 13.281900 39.280277 20.439075
v 12.680830 39.280277 20.283897
v 12.431859 39.280277 19.909265
v 12.680830 39.280277 19.534633
v 13.281900 39.280277 19.379455
v 13.882970 39.280277 19.534633
v 14.131942 39.280277 19.909265
v 12.928578 38.315766 19.909265
v 12.793790 38.391263 20.196093
v 12.468384 38.573529 20.314901
v 12.142977 38.755796 20.196093
v 12.008189 38.831293 19.909265
v 12.142977 38.755796 19.622437
v 12.468384 38.573529 19.503629
v 12.793790 38.391263 19.622437
v 12.928578 38.315766 19.909265
v 11.659662 38.006221 19.909265
v 11.590180 38.074329 20.119996
v 11.422434 38.238754 20.207283
v 11.254689 38.403180 20.119996
v 11.185206 38.471287 19.909265
v 11.254689 38.403180 19.698534
v 11.422434 38.238754 19.611247
v 11.590180 38.074329 19.698534
v 11.659662 38.006221 19.909265
v 11.422434 42.256055 19.909265
v 11.422434 38.238754 19.909265
vt 0.0078125 0.9921875
vt 0.0078125 0.9160156
vt 0.0078125 0.8398438
vt 0.0078125 0.7636719
vt 0.0078125 0.6875000
vt 0.0078125 0.6113281
vt 0.0078125 0.5351562
vt 0.0078125 0.4589844
vt 0.0078125 0.3828125
vt 0.2539062 0.9921875
vt 0.2539062 0.9160156
vt 0.2539062 0.8398438
vt 0.2539062 0.7636719
vt 0.2539062 0.6875000
vt 0.2539062 0.6113281
vt 0.2539062 0.5351562
vt 0.2539062 0.4589844
vt 0.2539062 0.3828125
vt 0.5000000 0.9921875
vt 0.5000000 0.9160156
vt 0.5000000 0.8398438
vt 0.5000000 0.7636719
vt 0.5000000 0.6875000
vt 0.5000000 0.6113281
vt 0.5000000 0.5351562
vt 0.5000000 0.4589844
vt 0.5000000 0.3828125
vt 0.7460938 0.9921875
vt 0.7460938 0.9160156
vt 0.7460938 0.8398438
vt 0.7460938 0.7636719
vt 0.7460938 0.6875000
vt 0.7460938 0.6113281
vt 0.7460938 0.5351562
vt 0.7460938 0.4589844
vt 0.7460938 0.3828125
vt 0.9921875 0.9921875
vt 0.9921875 0.9160156
vt 0.9921875 0.8398438
vt 0.9921875 0.7636719
vt 0.9921875 0.6875000
vt 0.9921875 0.6113281
vt 0.9921875 0.5351562
vt 0.9921875 0.4589844
vt 0.9921875 0.3828125
vt 0.0078125 0.6875000
vt 0.9921875 0.6875000
vn 0.6126026 0.7754713 0.1528475
vn 0.3029738 0.5055498 0.8078529
vn -0.1275332 0.1827591 0.9748510
vn -0.6393650 -0.1160584 0.7600940
vn -0.9439086 -0.2663778 -0.1951395
vn -0.4562297 -0.0187569 -0.8896643
vn 0.0195554 0.2837856 -0.9586883
vn 0.4344204 0.6161732 -0.6569699
vn 0.6126026 0.7754713 0.1528475
vn 0.8780431 0.4783653 -0.0143840
vn 0.5050834 0.2705200 0.8195790
vn 0.0157711 -0.0269403 0.9995126
vn -0.4577505 -0.3410765 0.8210550
vn -0.8093412 -0.5867286 0.0267667
vn -0.4757408 -0.3622711 -0.8015175
vn 0.0047389 -0.0499004 -0.9987430
vn 0.4959712 0.2484154 -0.8320471
vn 0.8780431 0.4783653 -0.0143840
vn 0.9882495 -0.1183452 -0.0967336
vn 0.5770060 -0.0305912 0.8161668
vn 0.0548068 -0.0267891 0.9981375
vn -0.4428102 -0.1158489 0.8890996
vn -0.9533192 -0.2658347 0.1432283
vn -0.5644895 -0.2035017 -0.7999617
vn -0.0367830 -0.1389945 -0.9896098
vn 0.4751159 -0.1355424 -0.8694211
vn 0.9882495 -0.1183452 -0.0967336
vn 0.4705941 -0.8809847 -0.0490623
vn 0.3425013 -0.6541074 0.6744156
vn 0.0048014 -0.1453774 0.9893646
vn -0.3689544 0.4603336 0.8074439
vn -0.5660991 0.8235995 0.0348668
vn -0.4180762 0.5011821 -0.7576469
vn -0.0775955 -0.1225168 -0.9894284
vn 0.2681738 -0.6355739 -0.7239673
vn 0.4705941 -0.8809847 -0.0490623
vn 0.1169005 -0.9842284 -0.1327735
vn 0.0691496 -0.8607369 0.5043316
vn -0.1300051 -0.3603869 0.9236991
vn -0.4035508 0.3398369 0.8495043
vn -0.5771571 0.7952957 0.1854576
vn -0.5047253 0.5961576 -0.6243784
vn -0.2492327 -0.0728813 -0.9656974
vn -0.0011917 -0.6968297 -0.7172356
vn 0.1169005 -0.9842284 -0.1327735
vn -0.2247374 0.9744194 -0.0000000
vn -0.7000045 -0.7141384 -0.0000000
s 1
f 2725/2725/2725 2726/2726/2726 2735/2735/2735
f 2725/2725/2725 2735/2735/2735 2734/2734/2734
f 2726/2726/2726 2727/2727/2727 2736/2736/2736
f 2726/2726/2726 2736/2736/2736 2735/2735/2735
f 2727/2727/2727 2728/2728/2728 2737/2737/2737
f 2727/2727/2727 2737/2737/2737 2736/2736/2736
f 2728/2728/2728 2729/2729/2729 2738/2738/2738
f 2728/2728/2728 2738/2738/2738 2737/2737/2737
f 2729/2729/2729 2730/2730/2730 2739/2739/2739
f 2729/2729/2729 2739/2739/2739 2738/2738/2738
f 2730/2730/2730 2731/2731/2731 2740/2740/2740
f 2730/2730/2730 2740/2740/2740 2739/2739/2739
f 2731/2731/2731 2732/2732/2732 2741/2741/2741
f 2731/2731/2731 2741/2741/2741 2740/2740/2740
f 2732/2732/2732 2733/2733/2733 2742/2742/2742
f 2732/2732/2732 2742/2742/2742 2741/2741/2741
f 2734/2734/2734 2735/2735/2735 2744/2744/2744
f 2734/2734/2734 2744/2744/2744 2743/2743/2743
f 2735/2735/2735 2736/2736/2736 2745/2745/2745
f 2735/2735/2735 2745/2745/2745 2744/2744/2744
f 2736/2736/2736 2737/2737/2737 2746/2746/2746
f 2736/2736/2736 2746/2746/2746 2745/2745/2745
f 2737/2737/2737 2738/2738/2738 2747/2747/2747
f 2737/2737/2737 2747/2747/2747 2746/2746/2746
f 2738/2738/2738 2739/2739/2739 2748/2748/2748
f 2738/2738/2738 2748/2748/2748 2747/2747/2747
f 2739/2739/2739 2740/2740/2740 2749/2749/2749
f 2739/2739/2739 2749/2749/2749 2748/2748/2748
f 2740/2740/2740 2741/2741/2741 2750/2750/2750
f 2740/2740/2740 2750/2750/2750 2749/2749/2749
f 2741/2741/2741 2742/2742/2742 2751/2751/2751
f 2741/2741/2741 2751/2751/2751 2750/2750/2750
f 2743/2743/2743 2744/2744/2744 2753/2753/2753
f 2743/2743/2743 2753/2753/2753 2752/2752/2752
f 2744/2744/2744 2745/2745/2745 2754/2754/2754
f 2744/2744/2744 2754/2754/2754 2753/2753/2753
f 2745/2745/2745 2746/2746/2746 2755/2755/2755
f 2745/2745/2745 2755/2755/2755 2754/2754/2754
f 2746/2746/2746 2747/2747/2747 2756/2756/2756
f 2746/2746/2746 2756/2756/2756 2755/2755/2755
f 2747/2747/2747 2748/2748/2748 2757/2757/2757
f 2747/2747/2747 2757/2757/2757 2756/2756/2756
f 2748/2748/2748 2749/2749/2749 2758/2758/2758
f 2748/2748/2748 2758/2758/2758 2757/2757/2757
f 2749/2749/2749 2750/2750/2750 2759/2759/2759
f 2749/2749/2749 2759/2759/2759 2758/2758/2758
f 2750/2750/2750 2751/2751/2751 2760/2760/2760
f 2750/2750/2750 2760/2760/2760 2759/2759/2759
f 2752/2752/2752 2753/2753/2753 2762/2762/2762
f 2752/2752/2752 2762/2762/2762 2761/2761/2761
f 2753/2753/2753 2754/2754/2754 2763/2763/2763
f 2753/2753/2753 2763/2763/2763 2762/2762/2762
f 2754/2754/2754 2755/2755/2755 2764/2764/2764
f 2754/2754/2754 2764/2764/2764 2763/2763/2763
f 2755/2755/2755 2756/2756/2756 2765/2765/2765
f 2755/2755/2755 2765/2765/2765 2764/2764/2764
f 2756/2756/2756 2757/2757/2757 2766/2766/2766
f 2756/2756/2756 2766/2766/2766 2765/2765/2765
f 2757/2757/2757 2758/2758/2758 2767/2767/2767
f 2757/2757/2757 2767/2767/2767 2766/2766/2766
f 2758/2758/2758 2759/2759/2759 2768/2768/2768
f 2758/2758/2758 2768/2768/2768 2767/2767/2767
f 2759/2759/2759 2760/2760/2760 2769/2769/2769
f 2759/2759/2759 2769/2769/2769 2768/2768/2768
f 2770/2770/2770 2726/2726/2726 2725/2725/2725
f 2770/2770/2770 2727/2727/2727 2726/2726/2726
f 2770/2770/2770 2728/2728/2728 2727/2727/2727
f 2770/2770/2770 2729/2729/2729 2728/2728/2728
f 2770/2770/2770 2730/2730/2730 2729/2729/2729
f 2770/2770/2770 2731/2731/2731 2730/2730/2730
f 2770/2770/2770 2732/2732/2732 2731/2731/2731
f 2770/2770/2770 2733/2733/2733 2732/2732/2732
f 2771/2771/2771 2761/2761/2761 2762/2762/2762
f 2771/2771/2771 2762/2762/2762 2763/2763/2763
f 2771/2771/2771 2763/2763/2763 2764/2764/2764
f 2771/2771/2771 2764/2764/2764 2765/2765/2765
f 2771/2771/2771 2765/2765/2765 2766/2766/2766
f 2771/2771/2771 2766/2766/2766 2767/2767/2767
f 2771/2771/2771 2767/2767/2767 2768/2768/2768
f 2771/2771/2771 2768/2768/2768 2769/2769/2769
o Thumb_-1
v 10.288206 42.702422 24.065195
v 9.997351 42.169015 23.748061
v 10.074469 41.948070 23.097688
v 10.474385 42.169015 22.495055
v 10.962834 42.702422 22.293177
v 11.253689 43.235830 22.610311
v 11.176572 43.456774 23.260684
v 10.776656 43.235830 23.863317
v 10.288206 42.702422 24.065195
v 12.390825 42.200332 24.266370
v 12.071972 41.743391 23.977253
v 12.053409 41.570420 23.390365
v 12.346011 41.782743 22.849497
v 12.778376 42.255983 22.671482
v 13.097229 42.712923 22.960599
v 13.115792 42.885894 23.547487
v 12.823190 42.673572 24.088355
v 12.390825 42.200332 24.266370
v 14.898242 41.446774 24.101557
v 14.348110 41.183404 23.870334
v 13.951443 41.199745 23.428218
v 13.940602 41.486223 23.034195
v 14.321939 41.875025 22.919078
v 14.872071 42.138395 23.150301
v 15.268738 42.122055 23.592416
v 15.279579 41.835576 23.986439
v 14.898242 41.446774 24.101557
v 15.493085 40.886467 22.732299
v 14.912681 40.833376 22.696622
v 14.456513 41.009010 22.567804
v 14.391797 41.310483 22.421304
v 14.756443 41.561198 22.342940
v 15.336847 41.614288 22.378616
v 15.793015 41.438655 22.507435
v 15.857731 41.137181 22.653935
v 15.493085 40.886467 22.732299
v 15.397671 40.670373 21.617555
v 14.993560 40.645816 21.624186
v 14.676032 40.780090 21.571854
v 14.631091 40.994537 21.491214
v 14.885062 41.163537 21.429505
v 15.289172 41.188094 21.422873
v 15.606700 41.053820 21.475205
v 15.651642 40.839373 21.555845
v 15.397671 40.670373 21.617555
v 10.625520 42.702422 23.179186
v 15.141366 40.916955 21.523530
vt 0.0078125 0.9921875
vt 0.0078125 0.9160156
vt 0.0078125 0.8398438
vt 0.0078125 0.7636719
vt 0.0078125 0.6875000
vt 0.0078125 0.6113281
vt 0.0078125 0.5351562
vt 0.0078125 0.4589844
vt 0.0078125 0.3828125
vt 0.2539062 0.9921875
vt 0.2539062 0.9160156
vt 0.2539062 0.8398438
vt 0.2539062 0.7636719
vt 0.2539062 0.6875000
vt 0.2539062 0.6113281
vt 0.2539062 0.5351562
vt 0.2539062 0.4589844
vt 0.2539062 0.3828125
vt 0.5000000 0.9921875
vt 0.5000000 0.9160156
vt 0.5000000 0.8398438
vt 0.5000000 0.7636719
vt 0.5000000 0.6875000
vt 0.5000000 0.6113281
vt 0.5000000 0.5351562
vt 0.5000000 0.4589844
vt 0.5000000 0.3828125
vt 0.7460938 0.9921875
vt 0.7460938 0.9160156
vt 0.7460938 0.8398438
vt 0.7460938 0.7636719
vt 0.7460938 0.6875000
vt 0.7460938 0.6113281
vt 0.7460938 0.5351562
vt 0.7460938 0.4589844
vt 0.7460938 0.3828125
vt 0.9921875 0.9921875
vt 0.9921875 0.9160156
vt 0.9921875 0.8398438
vt 0.9921875 0.7636719
vt 0.9921875 0.6875000
vt 0.9921875 0.6113281
vt 0.9921875 0.5351562
vt 0.9921875 0.4589844
vt 0.9921875 0.3828125
vt 0.0078125 0.6875000
vt 0.9921875 0.6875000
vn -0.3951573 0.0320003 0.9180559
vn -0.5281590 -0.6989323 0.4822257
vn -0.4381556 -0.8485788 -0.2965363
vn -0.2436776 -0.4325238 -0.8680693
vn -0.0469632 0.2795515 -0.9589814
vn 0.0498595 0.8494455 -0.5253155
vn 0.0058770 0.9934953 0.1137211
vn -0.1573165 0.7147457 0.6814618
vn -0.3951573 0.0320003 0.9180559
vn -0.0373394 -0.0726275 0.9966599
vn -0.1961349 -0.7446858 0.6379453
vn -0.1857000 -0.9808578 -0.0585958
vn -0.0377594 -0.7274199 -0.6851530
vn 0.1666661 -0.0588710 -0.9842543
vn 0.3161305 0.6998298 -0.6405465
vn 0.3102168 0.9434618 0.1168137
vn 0.1726613 0.6167521 0.7679876
vn -0.0373394 -0.0726275 0.9966599
vn 0.1978251 -0.3788444 0.9040698
vn -0.1159929 -0.8228643 0.5562733
vn -0.3104395 -0.9490017 -0.0549832
vn -0.2955947 -0.5787173 -0.7600724
vn -0.0377142 0.1979686 -0.9794826
vn 0.2654322 0.7226189 -0.6382536
vn 0.5267355 0.8499995 0.0071120
vn 0.5320274 0.3639031 0.7645400
vn 0.1978251 -0.3788444 0.9040698
vn 0.3731263 -0.8446665 0.3838168
vn -0.0733584 -0.9628305 0.2599537
vn -0.5846093 -0.8111862 -0.0144525
vn -0.8627824 0.1906043 -0.4682697
vn -0.3139563 0.7982531 -0.5140267
vn 0.1508368 0.8744273 -0.4611130
vn 0.6972767 0.6711002 -0.2518527
vn 0.9212391 -0.2809276 0.2690692
vn 0.3731263 -0.8446665 0.3838168
vn 0.3943043 -0.9186870 -0.0232010
vn -0.0488529 -0.9985352 0.0232579
vn -0.5156855 -0.8486929 -0.1174260
vn -0.8672879 -0.0184945 -0.4974633
vn -0.3948814 0.7144703 -0.5775819
vn 0.0663697 0.8300875 -0.5536694
vn 0.5622243 0.6193829 -0.5479678
vn 0.8883057 -0.3188326 -0.3305432
vn 0.3943043 -0.9186870 -0.0232010
vn -0.7580217 0.5849105 -0.2885876
vn 0.0059555 -0.3508735 -0.9364039
s 1
f 2772/2772/2772 2773/2773/2773 2782/2782/2782
f 2772/2772/2772 2782/2782/2782 2781/2781/2781
f 2773/2773/2773 2774/2774/2774 2783/2783/2783
f 2773/2773/2773 2783/2783/2783 2782/2782/2782
f 2774/2774/2774 2775/2775/2775 2784/2784/2784
f 2774/2774/2774 2784/2784/2784 2783/2783/2783
f 2775/2775/2775 2776/2776/2776 2785/2785/2785
f 2775/2775/2775 2785/2785/2785 2784/2784/2784
f 2776/2776/2776 2777/2777/2777 2786/2786/2786
f 2776/2776/2776 2786/2786/2786 2785/2785/2785
f 2777/2777/2777 2778/2778/2778 2787/2787/2787
f 2777/2777/2777 2787/2787/2787 2786/2786/2786
f 2778/2778/2778 2779/2779/2779 2788/2788/2788
f 2778/2778/2778 2788/2788/2788 2787/2787/2787
f 2779/2779/2779 2780/2780/2780 2789/2789/2789
f 2779/2779/2779 2789/2789/2789 2788/2788/2788
f 2781/2781/2781 2782/2782/2782 2791/2791/2791
f 2781/2781/2781 2791/2791/2791 2790/2790/2790
f 2782/2782/2782 2783/2783/2783 2792/2792/2792
f 2782/2782/2782 2792/2792/2792 2791/2791/2791
f 2783/2783/2783 2784/2784/2784 2793/2793/2793
f 2783/2783/2783 2793/2793/2793 2792/2792/2792
f 2784/2784/2784 2785/2785/2785 2794/2794/2794
f 2784/2784/2784 2794/2794/2794 2793/2793/2793
f 2785/2785/2785 2786/2786/2786 2795/2795/2795
f 2785/2785/2785 2795/2795/2795 2794/2794/2794
f 2786/2786/2786 2787/2787/2787 2796/2796/2796
f 2786/2786/2786 2796/2796/2796 2795/2795/2795
f 2787/2787/2787 2788/2788/2788 2797/2797/2797
f 2787/2787/2787 2797/2797/2797 2796/2796/2796
f 2788/2788/2788 2789/2789/2789 2798/2798/2798
f 2788/2788/2788 2798/2798/2798 2797/2797/2797
f 2790/2790/2790 2791/2791/2791 2800/2800/2800
f 2790/2790/2790 2800/2800/2800 2799/2799/2799
f 2791/2791/2791 2792/2792/2792 2801/2801/2801
f 2791/2791/2791 2801/2801/2801 2800/2800/2800
f 2792/2792/2792 2793/2793/2793 2802/2802/2802
f 2792/2792/2792 2802/2802/2802 2801/2801/2801
f 2793/2793/2793 2794/2794/2794 2803/2803/2803
f 2793/2793/2793 2803/2803/2803 2802/2802/2802
f 2794/2794/2794 2795/2795/2795 2804/2804/2804
f 2794/2794/2794 2804/2804/2804 2803/2803/2803
f 2795/2795/2795 2796/2796/2796 2805/2805/2805
f 2795/2795/2795 2805/2805/2805 2804/2804/2804
f 2796/2796/2796 2797/2797/2797 2806/2806/2806
f 2796/2796/2796 2806/2806/2806 2805/2805/2805
f 2797/2797/2797 2798/2798/2798 2807/2807/2807
f 2797/2797/2797 2807/2807/2807 2806/2806/2806
f 2799/2799/2799 2800/2800/2800 2809/2809/2809
f 2799/2799/2799 2809/2809/2809 2808/2808/2808
f 2800/2800/2800 2801/2801/2801 2810/2810/2810
f 2800/2800/2800 2810/2810/2810 2809/2809/2809
f 2801/2801/2801 2802/2802/2802 2811/2811/2811
f 2801/2801/2801 2811/2811/2811 2810/2810/2810
f 2802/2802/2802 2803/2803/2803 2812/2812/2812
f 2802/2802/2802 2812/2812/2812 2811/2811/2811
f 2803/2803/2803 2804/2804/2804 2813/2813/2813
f 2803/2803/2803 2813/2813/2813 2812/2812/2812
f 2804/2804/2804 2805/2805/2805 2814/2814/2814
f 2804/2804/2804 2814/2814/2814 2813/2813/2813
f 2805/2805/2805 2806/2806/2806 2815/2815/2815
f 2805/2805/2805 2815/2815/2815 2814/2814/2814
f 2806/2806/2806 2807/2807/2807 2816/2816/2816
f 2806/2806/2806 2816/2816/2816 2815/2815/2815
f 2817/2817/2817 2773/2773/2773 2772/2772/2772
f 2817/2817/2817 2774/2774/2774 2773/2773/2773
f 2817/2817/2817 2775/2775/2775 2774/2774/2774
f 2817/2817/2817 2776/2776/2776 2775/2775/2775
f 2817/2817/2817 2777/2777/2777 2776/2776/2776
f 2817/2817/2817 2778/2778/2778 2777/2777/2777
f 2817/2817/2817 2779/2779/2779 2778/2778/2778
f 2817/2817/2817 2780/2780/2780 2779/2779/2779
f 2818/2818/2818 2808/2808/2808 2809/2809/2809
f 2818/2818/2818 2809/2809/2809 2810/2810/2810
f 2818/2818/2818 2810/2810/2810 2811/2811/2811
f 2818/2818/2818 2811/2811/2811 2812/2812/2812
f 2818/2818/2818 2812/2812/2812 2813/2813/2813
f 2818/2818/2818 2813/2813/2813 2814/2814/2814
f 2818/2818/2818 2814/2814/2814 2815/2815/2815
f 2818/2818/2818 2815/2815/2815 2816/2816/2816
o Shoulder_1
v 0.000000 59.515571 -14.900905
v 2.062565 59.667667 -14.900905
v 1.961616 59.667667 -15.298161
v 1.668650 59.667667 -15.656530
v 1.212345 59.667667 -15.940934
v 0.637368 59.667667 -16.123532
v 0.000000 59.667667 -16.186451
v -0.637368 59.667667 -16.123532
v -1.212345 59.667667 -15.940934
v -1.668650 59.667667 -15.656530
v -1.961616 59.667667 -15.298161
v -2.062565 59.667667 -14.900905
v -1.961616 59.667667 -14.503650
v -1.668650 59.667667 -14.145280
v -1.212345 59.667667 -13.860877
v -0.637368 59.667667 -13.678278
v -0.000000 59.667667 -13.615359
v 0.637368 59.667667 -13.678278
v 1.212345 59.667667 -13.860877
v 1.668650 59.667667 -14.145280
v 1.961616 59.667667 -14.503650
v 2.062565 59.667667 -14.900905
v 3.984570 60.113589 -14.900905
v 3.789551 60.113589 -15.668344
v 3.223585 60.113589 -16.360661
v 2.342072 60.113589 -16.910086
v 1.231300 60.113589 -17.262839
v 0.000000 60.113589 -17.384389
v -1.231300 60.113589 -17.262839
v -2.342072 60.113589 -16.910086
v -3.223585 60.113589 -16.360661
v -3.789551 60.113589 -15.668344
v -3.984570 60.113589 -14.900905
v -3.789551 60.113589 -14.133466
v -3.223585 60.113589 -13.441150
v -2.342072 60.113589 -12.891724
v -1.231300 60.113589 -12.538971
v -0.000000 60.113589 -12.417421
v 1.231300 60.113589 -12.538971
v 2.342072 60.113589 -12.891724
v 3.223585 60.113589 -13.441150
v 3.789551 60.113589 -14.133466
v 3.984570 60.113589 -14.900905
v 5.635033 60.822949 -14.900905
v 5.359235 60.822949 -15.986228
v 4.558837 60.822949 -16.965311
v 3.312189 60.822949 -17.742316
v 1.741321 60.822949 -18.241184
v 0.000000 60.822949 -18.413082
v -1.741321 60.822949 -18.241184
v -3.312189 60.822949 -17.742316
v -4.558837 60.822949 -16.965311
v -5.359235 60.822949 -15.986228
v -5.635033 60.822949 -14.900905
v -5.359235 60.822949 -13.815583
v -4.558837 60.822949 -12.836499
v -3.312189 60.822949 -12.059494
v -1.741321 60.822949 -11.560626
v -0.000000 60.822949 -11.388728
v 1.741321 60.822949 -11.560626
v 3.312189 60.822949 -12.059494
v 4.558837 60.822949 -12.836499
v 5.359235 60.822949 -13.815583
v 5.635033 60.822949 -14.900905
v 6.901478 61.747405 -14.900905
v 6.563695 61.747405 -16.230148
v 5.583413 61.747405 -17.429276
v 4.056587 61.747405 -18.380909
v 2.132674 61.747405 -18.991895
v 0.000000 61.747405 -19.202426
v -2.132674 61.747405 -18.991895
v -4.056587 61.747405 -18.380909
v -5.583413 61.747405 -17.429276
v -6.563695 61.747405 -16.230148
v -6.901478 61.747405 -14.900905
v -6.563695 61.747405 -13.571662
v -5.583413 61.747405 -12.372535
v -4.056587 61.747405 -11.420902
v -2.132674 61.747405 -10.809916
v -0.000000 61.747405 -10.599384
v 2.132674 61.747405 -10.809916
v 4.056587 61.747405 -11.420902
v 5.583413 61.747405 -12.372535
v 6.563695 61.747405 -13.571662
v 6.901478 61.747405 -14.900905
v 7.697598 62.823957 -14.900905
v 7.320851 62.823957 -16.383483
v 6.227488 62.823957 -17.720936
v 4.524535 62.823957 -18.782345
v 2.378689 62.823957 -19.463811
v 0.000000 62.823957 -19.698628
v -2.378689 62.823957 -19.463811
v -4.524535 62.823957 -18.782345
v -6.227488 62.823957 -17.720936
v -7.320851 62.823957 -16.383483
v -7.697598 62.823957 -14.900905
v -7.320851 62.823957 -13.418327
v -6.227488 62.823957 -12.080874
v -4.524535 62.823957 -11.019466
v -2.378689 62.823957 -10.337999
v -0.000000 62.823957 -10.103182
v 2.378689 62.823957 -10.337999
v 4.524535 62.823957 -11.019466
v 6.227488 62.823957 -12.080874
v 7.320851 62.823957 -13.418327
v 7.697598 62.823957 -14.900905
v 7.969140 63.979239 -14.900905
v 7.579103 63.979239 -16.435783
v 6.447170 63.979239 -17.820416
v 4.684143 63.979239 -18.919267
v 2.462600 63.979239 -19.624773
v 0.000000 63.979239 -19.867874
v -2.462600 63.979239 -19.624773
v -4.684143 63.979239 -18.919267
v -6.447170 63.979239 -17.820416
v -7.579103 63.979239 -16.435783
v -7.969140 63.979239 -14.900905
v -7.579103 63.979239 -13.366028
v -6.447170 63.979239 -11.981394
v -4.684143 63.979239 -10.882543
v -2.462600 63.979239 -10.177038
v -0.000000 63.979239 -9.933937
v 2.462600 63.979239 -10.177038
v 4.684143 63.979239 -10.882543
v 6.447170 63.979239 -11.981394
v 7.579103 63.979239 -13.366028
v 7.969140 63.979239 -14.900905
v 7.697598 65.134521 -14.900905
v 7.320851 65.134521 -16.383483
v 6.227488 65.134521 -17.720936
v 4.524535 65.134521 -18.782345
v 2.378689 65.134521 -19.463811
v 0.000000 65.134521 -19.698628
v -2.378689 65.134521 -19.463811
v -4.524535 65.134521 -18.782345
v -6.227488 65.134521 -17.720936
v -7.320851 65.134521 -16.383483
v -7.697598 65.134521 -14.900905
v -7.320851 65.134521 -13.418327
v -6.227488 65.134521 -12.080874
v -4.524535 65.134521 -11.019466
v -2.378689 65.134521 -10.337999
v -0.000000 65.134521 -10.103182
v 2.378689 65.134521 -10.337999
v 4.524535 65.134521 -11.019466
v 6.227488 65.134521 -12.080874
v 7.320851 65.134521 -13.418327
v 7.697598 65.134521 -14.900905
v 6.901478 66.211073 -14.900905
v 6.563695 66.211073 -16.230148
v 5.583413 66.211073 -17.429276
v 4.056587 66.211073 -18.380909
v 2.132674 66.211073 -18.991895
v 0.000000 66.211073 -19.202426
v -2.132674 66.211073 -18.991895
v -4.056587 66.211073 -18.380909
v -5.583413 66.211073 -17.429276
v -6.563695 66.211073 -16.230148
v -6.901478 66.211073 -14.900905
v -6.563695 66.211073 -13.571662
v -5.583413 66.211073 -12.372535
v -4.056587 66.211073 -11.420902
v -2.132674 66.211073 -10.809916
v -0.000000 66.211073 -10.599384
v 2.132674 66.211073 -10.809916
v 4.056587 66.211073 -11.420902
v 5.583413 66.211073 -12.372535
v 6.563695 66.211073 -13.571662
v 6.901478 66.211073 -14.900905
v 5.635033 67.135529 -14.900905
v 5.359235 67.135529 -15.986228
v 4.558837 67.135529 -16.965311
v 3.312189 67.135529 -17.742316
v 1.741321 67.135529 -18.241184
v 0.000000 67.135529 -18.413082
v -1.741321 67.135529 -18.241184
v -3.312189 67.135529 -17.742316
v -4.558837 67.135529 -16.965311
v -5.359235 67.135529 -15.986228
v -5.635033 67.135529 -14.900905
v -5.359235 67.135529 -13.815583
v -4.558837 67.135529 -12.836499
v -3.312189 67.135529 -12.059494
v -1.741321 67.135529 -11.560626
v -0.000000 67.135529 -11.388728
v 1.741321 67.135529 -11.560626
v 3.312189 67.135529 -12.059494
v 4.558837 67.135529 -12.836499
v 5.359235 67.135529 -13.815583
v 5.635033 67.135529 -14.900905
v 3.984570 67.844888 -14.900905
v 3.789551 67.844888 -15.668344
v 3.223585 67.844888 -16.360661
v 2.342072 67.844888 -16.910086
v 1.231300 67.844888 -17.262839
v 0.000000 67.844888 -17.384389
v -1.231300 67.844888 -17.262839
v -2.342072 67.844888 -16.910086
v -3.223585 67.844888 -16.360661
v -3.789551 67.844888 -15.668344
v -3.984570 67.844888 -14.900905
v -3.789551 67.844888 -14.133466
v -3.223585 67.844888 -13.441150
v -2.342072 67.844888 -12.891724
v -1.231300 67.844888 -12.538971
v -0.000000 67.844888 -12.417421
v 1.231300 67.844888 -12.538971
v 2.342072 67.844888 -12.891724
v 3.223585 67.844888 -13.441150
v 3.789551 67.844888 -14.133466
v 3.984570 67.844888 -14.900905
v 2.062565 68.290811 -14.900905
v 1.961616 68.290811 -15.298161
v 1.668650 68.290811 -15.656530
v 1.212345 68.290811 -15.940934
v 0.637368 68.290811 -16.123532
v 0.000000 68.290811 -16.186451
v -0.637368 68.290811 -16.123532
v -1.212345 68.290811 -15.940934
v -1.668650 68.290811 -15.656530
v -1.961616 68.290811 -15.298161
v -2.062565 68.290811 -14.900905
v -1.961616 68.290811 -14.503650
v -1.668650 68.290811 -14.145280
v -1.212345 68.290811 -13.860877
v -0.637368 68.290811 -13.678278
v -0.000000 68.290811 -13.615359
v 0.637368 68.290811 -13.678278
v 1.212345 68.290811 -13.860877
v 1.668650 68.290811 -14.145280
v 1.961616 68.290811 -14.503650
v 2.062565 68.290811 -14.900905
v 0.000000 68.442907 -14.900905
vt 0.5000000 0.6996875
vt 0.0865625 0.8056375
vt 0.1279062 0.8056375
vt 0.1692500 0.8056375
vt 0.2105938 0.8056375
vt 0.2519375 0.8056375
vt 0.2932813 0.8056375
vt 0.3346250 0.8056375
vt 0.3759688 0.8056375
vt 0.4173125 0.8056375
vt 0.4586563 0.8056375
vt 0.5000000 0.8056375
vt 0.5413438 0.8056375
vt 0.5826875 0.8056375
vt 0.6240313 0.8056375
vt 0.6653750 0.8056375
vt 0.7067187 0.8056375
vt 0.7480625 0.8056375
vt 0.7894062 0.8056375
vt 0.8307500 0.8056375
vt 0.8720937 0.8056375
vt 0.9134375 0.8056375
vt 0.0865625 0.7946797
vt 0.1279062 0.7946797
vt 0.1692500 0.7946797
vt 0.2105938 0.7946797
vt 0.2519375 0.7946797
vt 0.2932813 0.7946797
vt 0.3346250 0.7946797
vt 0.3759688 0.7946797
vt 0.4173125 0.7946797
vt 0.4586563 0.7946797
vt 0.5000000 0.7946797
vt 0.5413438 0.7946797
vt 0.5826875 0.7946797
vt 0.6240313 0.7946797
vt 0.6653750 0.7946797
vt 0.7067187 0.7946797
vt 0.7480625 0.7946797
vt 0.7894062 0.7946797
vt 0.8307500 0.7946797
vt 0.8720937 0.7946797
vt 0.9134375 0.7946797
vt 0.0865625 0.7772483
vt 0.1279062 0.7772483
vt 0.1692500 0.7772483
vt 0.2105938 0.7772483
vt 0.2519375 0.7772483
vt 0.2932813 0.7772483
vt 0.3346250 0.7772483
vt 0.3759688 0.7772483
vt 0.4173125 0.7772483
vt 0.4586563 0.7772483
vt 0.5000000 0.7772483
vt 0.5413438 0.7772483
vt 0.5826875 0.7772483
vt 0.6240313 0.7772483
vt 0.6653750 0.7772483
vt 0.7067187 0.7772483
vt 0.7480625 0.7772483
vt 0.7894062 0.7772483
vt 0.8307500 0.7772483
vt 0.8720937 0.7772483
vt 0.9134375 0.7772483
vt 0.0865625 0.7545312
vt 0.1279062 0.7545312
vt 0.1692500 0.7545312
vt 0.2105938 0.7545312
vt 0.2519375 0.7545312
vt 0.2932813 0.7545312
vt 0.3346250 0.7545312
vt 0.3759688 0.7545312
vt 0.4173125 0.7545312
vt 0.4586563 0.7545312
vt 0.5000000 0.7545312
vt 0.5413438 0.7545312
vt 0.5826875 0.7545312
vt 0.6240313 0.7545312
vt 0.6653750 0.7545312
vt 0.7067187 0.7545312
vt 0.7480625 0.7545312
vt 0.7894062 0.7545312
vt 0.8307500 0.7545312
vt 0.8720937 0.7545312
vt 0.9134375 0.7545312
vt 0.0865625 0.7280767
vt 0.1279062 0.7280767
vt 0.1692500 0.7280767
vt 0.2105938 0.7280767
vt 0.2519375 0.7280767
vt 0.2932813 0.7280767
vt 0.3346250 0.7280767
vt 0.3759688 0.7280767
vt 0.4173125 0.7280767
vt 0.4586563 0.7280767
vt 0.5000000 0.7280767
vt 0.5413438 0.7280767
vt 0.5826875 0.7280767
vt 0.6240313 0.7280767
vt 0.6653750 0.7280767
vt 0.7067187 0.7280767
vt 0.7480625 0.7280767
vt 0.7894062 0.7280767
vt 0.8307500 0.7280767
vt 0.8720937 0.7280767
vt 0.9134375 0.7280767
vt 0.0865625 0.6996875
vt 0.1279062 0.6996875
vt 0.1692500 0.6996875
vt 0.2105938 0.6996875
vt 0.2519375 0.6996875
vt 0.2932813 0.6996875
vt 0.3346250 0.6996875
vt 0.3759688 0.6996875
vt 0.4173125 0.6996875
vt 0.4586563 0.6996875
vt 0.5000000 0.6996875
vt 0.5413438 0.6996875
vt 0.5826875 0.6996875
vt 0.6240313 0.6996875
vt 0.6653750 0.6996875
vt 0.7067187 0.6996875
vt 0.7480625 0.6996875
vt 0.7894062 0.6996875
vt 0.8307500 0.6996875
vt 0.8720937 0.6996875
vt 0.9134375 0.6996875
vt 0.0865625 0.6712983
vt 0.1279062 0.6712983
vt 0.1692500 0.6712983
vt 0.2105938 0.6712983
vt 0.2519375 0.6712983
vt 0.2932813 0.6712983
vt 0.3346250 0.6712983
vt 0.3759688 0.6712983
vt 0.4173125 0.6712983
vt 0.4586563 0.6712983
vt 0.5000000 0.6712983
vt 0.5413438 0.6712983
vt 0.5826875 0.6712983
vt 0.6240313 0.6712983
vt 0.6653750 0.6712983
vt 0.7067187 0.6712983
vt 0.7480625 0.6712983
vt 0.7894062 0.6712983
vt 0.8307500 0.6712983
vt 0.8720937 0.6712983
vt 0.9134375 0.6712983
vt 0.0865625 0.6448438
vt 0.1279062 0.6448438
vt 0.1692500 0.6448438
vt 0.2105938 0.6448438
vt 0.2519375 0.6448438
vt 0.2932813 0.6448438
vt 0.3346250 0.6448438
vt 0.3759688 0.6448438
vt 0.4173125 0.6448438
vt 0.4586563 0.6448438
vt 0.5000000 0.6448438
vt 0.5413438 0.6448438
vt 0.5826875 0.6448438
vt 0.6240313 0.6448438
vt 0.6653750 0.6448438
vt 0.7067187 0.6448438
vt 0.7480625 0.6448438
vt 0.7894062 0.6448438
vt 0.8307500 0.6448438
vt 0.8720937 0.6448438
vt 0.9134375 0.6448438
vt 0.0865625 0.6221267
vt 0.1279062 0.6221267
vt 0.1692500 0.6221267
vt 0.2105938 0.6221267
vt 0.2519375 0.6221267
vt 0.2932813 0.6221267
vt 0.3346250 0.6221267
vt 0.3759688 0.6221267
vt 0.4173125 0.6221267
vt 0.4586563 0.6221267
vt 0.5000000 0.6221267
vt 0.5413438 0.6221267
vt 0.5826875 0.6221267
vt 0.6240313 0.6221267
vt 0.6653750 0.6221267
vt 0.7067187 0.6221267
vt 0.7480625 0.6221267
vt 0.7894062 0.6221267
vt 0.8307500 0.6221267
vt 0.8720937 0.6221267
vt 0.9134375 0.6221267
vt 0.0865625 0.6046953
vt 0.1279062 0.6046953
vt 0.1692500 0.6046953
vt 0.2105938 0.6046953
vt 0.2519375 0.6046953
vt 0.2932813 0.6046953
vt 0.3346250 0.6046953
vt 0.3759688 0.6046953
vt 0.4173125 0.6046953
vt 0.4586563 0.6046953
vt 0.5000000 0.6046953
vt 0.5413438 0.6046953
vt 0.5826875 0.6046953
vt 0.6240313 0.6046953
vt 0.6653750 0.6046953
vt 0.7067187 0.6046953
vt 0.7480625 0.6046953
vt 0.7894062 0.6046953
vt 0.8307500 0.6046953
vt 0.8720937 0.6046953
vt 0.9134375 0.6046953
vt 0.0865625 0.5937375
vt 0.1279062 0.5937375
vt 0.1692500 0.5937375
vt 0.2105938 0.5937375
vt 0.2519375 0.5937375
vt 0.2932813 0.5937375
vt 0.3346250 0.5937375
vt 0.3759688 0.5937375
vt 0.4173125 0.5937375
vt 0.4586563 0.5937375
vt 0.5000000 0.5937375
vt 0.5413438 0.5937375
vt 0.5826875 0.5937375
vt 0.6240313 0.5937375
vt 0.6653750 0.5937375
vt 0.7067187 0.5937375
vt 0.7480625 0.5937375
vt 0.7894062 0.5937375
vt 0.8307500 0.5937375
vt 0.8720937 0.5937375
vt 0.9134375 0.5937375
vt 0.5000000 0.6996875
vn 0.0000000 -1.0000000 -0.0000000
vn 0.1734233 -0.9846745 -0.0184516
vn 0.1608718 -0.9815647 -0.1032040
vn 0.1322741 -0.9753215 -0.1767808
vn 0.0911031 -0.9684264 -0.2320572
vn 0.0417351 -0.9634795 -0.2645098
vn -0.0112386 -0.9622569 -0.2719104
vn -0.0632512 -0.9651863 -0.2538004
vn -0.1097215 -0.9712356 -0.2113352
vn -0.1460939 -0.9781914 -0.1476421
vn -0.1682659 -0.9833696 -0.0683432
vn -0.1734233 -0.9846745 0.0184516
vn -0.1608718 -0.9815647 0.1032040
vn -0.1322741 -0.9753215 0.1767808
vn -0.0911031 -0.9684264 0.2320572
vn -0.0417351 -0.9634795 0.2645098
vn 0.0112386 -0.9622569 0.2719104
vn 0.0632512 -0.9651863 0.2538004
vn 0.1097215 -0.9712356 0.2113352
vn 0.1460939 -0.9781914 0.1476421
vn 0.1682659 -0.9833696 0.0683432
vn 0.1734233 -0.9846745 -0.0184516
vn 0.3205091 -0.9470792 -0.0177471
vn 0.2986244 -0.9383444 -0.1741642
vn 0.2454083 -0.9194030 -0.3073643
vn 0.1702402 -0.8985141 -0.4045871
vn 0.0825704 -0.8833962 -0.4612952
vn -0.0102635 -0.8787663 -0.4771419
vn -0.1024885 -0.8859283 -0.4523573
vn -0.1881209 -0.9028376 -0.3866455
vn -0.2593322 -0.9240368 -0.2808966
vn -0.3063858 -0.9413807 -0.1411738
vn -0.3205091 -0.9470792 0.0177471
vn -0.2986244 -0.9383444 0.1741642
vn -0.2454083 -0.9194030 0.3073643
vn -0.1702402 -0.8985141 0.4045871
vn -0.0825704 -0.8833962 0.4612952
vn 0.0102635 -0.8787663 0.4771419
vn 0.1024885 -0.8859283 0.4523573
vn 0.1881209 -0.9028376 0.3866455
vn 0.2593322 -0.9240368 0.2808966
vn 0.3063858 -0.9413807 0.1411738
vn 0.3205091 -0.9470792 -0.0177471
vn 0.4971913 -0.8674887 -0.0162557
vn 0.4602051 -0.8499054 -0.2566554
vn 0.3708373 -0.8117908 -0.4510824
vn 0.2528337 -0.7721680 -0.5829509
vn 0.1236425 -0.7448263 -0.6557029
vn -0.0085968 -0.7360654 -0.6768558
vn -0.1406735 -0.7473989 -0.6493119
vn -0.2690384 -0.7768238 -0.5693533
vn -0.3845312 -0.8172059 -0.4293137
vn -0.4684405 -0.8537336 -0.2273815
vn -0.4971913 -0.8674887 0.0162557
vn -0.4602051 -0.8499054 0.2566554
vn -0.3708373 -0.8117908 0.4510824
vn -0.2528337 -0.7721680 0.5829509
vn -0.1236425 -0.7448263 0.6557029
vn 0.0085968 -0.7360654 0.6768558
vn 0.1406735 -0.7473989 0.6493119
vn 0.2690384 -0.7768238 0.5693533
vn 0.3845312 -0.8172059 0.4293137
vn 0.4684405 -0.8537336 0.2273815
vn 0.4971913 -0.8674887 -0.0162557
vn 0.7017490 -0.7122993 -0.0133476
vn 0.6399076 -0.6855952 -0.3470987
vn 0.4981576 -0.6304443 -0.5952974
vn 0.3295328 -0.5785029 -0.7461518
vn 0.1599449 -0.5452690 -0.8228604
vn -0.0062441 -0.5346269 -0.8450651
vn -0.1726057 -0.5470033 -0.8191426
vn -0.3424452 -0.5818672 -0.7376732
vn -0.5103198 -0.6348058 -0.5801684
vn -0.6481080 -0.6890522 -0.3242887
vn -0.7017490 -0.7122993 0.0133476
vn -0.6399076 -0.6855952 0.3470987
vn -0.4981576 -0.6304443 0.5952974
vn -0.3295328 -0.5785029 0.7461518
vn -0.1599449 -0.5452690 0.8228604
vn 0.0062441 -0.5346269 0.8450651
vn 0.1726057 -0.5470033 0.8191426
vn 0.3424452 -0.5818672 0.7376732
vn 0.5103198 -0.6348058 0.5801684
vn 0.6481080 -0.6890522 0.3242887
vn 0.7017490 -0.7122993 -0.0133476
vn 0.9041250 -0.4271930 -0.0080051
vn 0.8085073 -0.4023951 -0.4294114
vn 0.6047274 -0.3546030 -0.7131350
vn 0.3878581 -0.3141674 -0.8665246
vn 0.1865242 -0.2901268 -0.9386347
vn -0.0032994 -0.2824965 -0.9592626
vn -0.1933421 -0.2906870 -0.9370805
vn -0.3952415 -0.3153213 -0.8627611
vn -0.6124528 -0.3562648 -0.7056749
vn -0.8144337 -0.4038937 -0.4166145
vn -0.9041250 -0.4271930 0.0080051
vn -0.8085073 -0.4023951 0.4294114
vn -0.6047274 -0.3546030 0.7131350
vn -0.3878581 -0.3141674 0.8665246
vn -0.1865242 -0.2901268 0.9386347
vn 0.0032994 -0.2824965 0.9592626
vn 0.1933421 -0.2906870 0.9370805
vn 0.3952415 -0.3153213 0.8627611
vn 0.6124528 -0.3562648 0.7056749
vn 0.8144337 -0.4038937 0.4166145
vn 0.9041250 -0.4271930 -0.0080051
vn 1.0000000 -0.0000000 -0.0000000
vn 0.8867408 -0.0000000 -0.4622669
vn 0.6511072 0.0000000 -0.7589858
vn 0.4125120 0.0000000 -0.9109522
vn 0.1984852 -0.0000000 -0.9801039
vn 0.0000000 -0.0000000 -1.0000000
vn -0.1984852 0.0000000 -0.9801039
vn -0.4125120 -0.0000000 -0.9109522
vn -0.6511072 0.0000000 -0.7589858
vn -0.8867408 0.0000000 -0.4622669
vn -1.0000000 0.0000000 -0.0000000
vn -0.8867408 0.0000000 0.4622669
vn -0.6511072 -0.0000000 0.7589858
vn -0.4125120 -0.0000000 0.9109522
vn -0.1984852 0.0000000 0.9801039
vn -0.0000000 0.0000000 1.0000000
vn 0.1984852 0.0000000 0.9801039
vn 0.4125120 0.0000000 0.9109522
vn 0.6511072 -0.0000000 0.7589858
vn 0.8867408 0.0000000 0.4622669
vn 1.0000000 -0.0000000 -0.0000000
vn 0.9041250 0.4271930 0.0080051
vn 0.8144337 0.4038937 -0.4166145
vn 0.6124528 0.3562648 -0.7056749
vn 0.3952415 0.3153213 -0.8627611
vn 0.1933421 0.2906870 -0.9370805
vn 0.0032994 0.2824965 -0.9592626
vn -0.1865242 0.2901268 -0.9386347
vn -0.3878581 0.3141674 -0.8665246
vn -0.6047274 0.3546030 -0.7131350
vn -0.8085073 0.4023951 -0.4294114
vn -0.9041250 0.4271930 -0.0080051
vn -0.8144337 0.4038937 0.4166145
vn -0.6124528 0.3562648 0.7056749
vn -0.3952415 0.3153213 0.8627611
vn -0.1933421 0.2906870 0.9370805
vn -0.0032994 0.2824965 0.9592626
vn 0.1865242 0.2901268 0.9386347
vn 0.3878581 0.3141674 0.8665246
vn 0.6047274 0.3546030 0.7131350
vn 0.8085073 0.4023951 0.4294114
vn 0.9041250 0.4271930 0.0080051
vn 0.7017490 0.7122993 0.0133476
vn 0.6481080 0.6890522 -0.3242887
vn 0.5103198 0.6348058 -0.5801684
vn 0.3424452 0.5818672 -0.7376732
vn 0.1726057 0.5470033 -0.8191426
vn 0.0062441 0.5346269 -0.8450651
vn -0.1599449 0.5452690 -0.8228604
vn -0.3295328 0.5785029 -0.7461518
vn -0.4981576 0.6304443 -0.5952974
vn -0.6399076 0.6855952 -0.3470987
vn -0.7017490 0.7122993 -0.0133476
vn -0.6481080 0.6890522 0.3242887
vn -0.5103198 0.6348058 0.5801684
vn -0.3424452 0.5818672 0.7376732
vn -0.1726057 0.5470033 0.8191426
vn -0.0062441 0.5346269 0.8450651
vn 0.1599449 0.5452690 0.8228604
vn 0.3295328 0.5785029 0.7461518
vn 0.4981576 0.6304443 0.5952974
vn 0.6399076 0.6855952 0.3470987
vn 0.7017490 0.7122993 0.0133476
vn 0.4971913 0.8674887 0.0162557
vn 0.4684405 0.8537336 -0.2273815
vn 0.3845312 0.8172059 -0.4293137
vn 0.2690384 0.7768238 -0.5693533
vn 0.1406735 0.7473989 -0.6493119
vn 0.0085968 0.7360654 -0.6768558
vn -0.1236425 0.7448263 -0.6557029
vn -0.2528337 0.7721680 -0.5829509
vn -0.3708373 0.8117908 -0.4510824
vn -0.4602051 0.8499054 -0.2566554
vn -0.4971913 0.8674887 -0.0162557
vn -0.4684405 0.8537336 0.2273815
vn -0.3845312 0.8172059 0.4293137
vn -0.2690384 0.7768238 0.5693533
vn -0.1406735 0.7473989 0.6493119
vn -0.0085968 0.7360654 0.6768558
vn 0.1236425 0.7448263 0.6557029
vn 0.2528337 0.7721680 0.5829509
vn 0.3708373 0.8117908 0.4510824
vn 0.4602051 0.8499054 0.2566554
vn 0.4971913 0.8674887 0.0162557
vn 0.3205091 0.9470792 0.0177471
vn 0.3063858 0.9413807 -0.1411738
vn 0.2593322 0.9240368 -0.2808966
vn 0.1881209 0.9028376 -0.3866455
vn 0.1024885 0.8859283 -0.4523573
vn 0.0102635 0.8787663 -0.4771419
vn -0.0825704 0.8833962 -0.4612952
vn -0.1702402 0.8985141 -0.4045871
vn -0.2454083 0.9194030 -0.3073643
vn -0.2986244 0.9383444 -0.1741642
vn -0.3205091 0.9470792 -0.0177471
vn -0.3063858 0.9413807 0.1411738
vn -0.2593322 0.9240368 0.2808966
vn -0.1881209 0.9028376 0.3866455
vn -0.1024885 0.8859283 0.4523573
vn -0.0102635 0.8787663 0.4771419
vn 0.0825704 0.8833962 0.4612952
vn 0.1702402 0.8985141 0.4045871
vn 0.2454083 0.9194030 0.3073643
vn 0.2986244 0.9383444 0.1741642
vn 0.3205091 0.9470792 0.0177471
vn 0.1734233 0.9846745 0.0184516
vn 0.1682659 0.9833696 -0.0683432
vn 0.1460939 0.9781914 -0.1476421
vn 0.1097215 0.9712356 -0.2113352
vn 0.0632512 0.9651863 -0.2538004
vn 0.0112386 0.9622569 -0.2719104
vn -0.0417351 0.9634795 -0.2645098
vn -0.0911031 0.9684264 -0.2320572
vn -0.1322741 0.9753215 -0.1767808
vn -0.1608718 0.9815647 -0.1032040
vn -0.1734233 0.9846745 -0.0184516
vn -0.1682659 0.9833696 0.0683432
vn -0.1460939 0.9781914 0.1476421
vn -0.1097215 0.9712356 0.2113352
vn -0.0632512 0.9651863 0.2538004
vn -0.0112386 0.9622569 0.2719104
vn 0.0417351 0.9634795 0.2645098
vn 0.0911031 0.9684264 0.2320572
vn 0.1322741 0.9753215 0.1767808
vn 0.1608718 0.9815647 0.1032040
vn 0.1734233 0.9846745 0.0184516
vn 0.0000000 1.0000000 0.0000000
s 1
f 2819/2819/2819 2821/2821/2821 2820/2820/2820
f 2819/2819/2819 2822/2822/2822 2821/2821/2821
f 2819/2819/2819 2823/2823/2823 2822/2822/2822
f 2819/2819/2819 2824/2824/2824 2823/2823/2823
f 2819/2819/2819 2825/2825/2825 2824/2824/2824
f 2819/2819/2819 2826/2826/2826 2825/2825/2825
f 2819/2819/2819 2827/2827/2827 2826/2826/2826
f 2819/2819/2819 2828/2828/2828 2827/2827/2827
f 2819/2819/2819 2829/2829/2829 2828/2828/2828
f 2819/2819/2819 2830/2830/2830 2829/2829/2829
f 2819/2819/2819 2831/2831/2831 2830/2830/2830
f 2819/2819/2819 2832/2832/2832 2831/2831/2831
f 2819/2819/2819 2833/2833/2833 2832/2832/2832
f 2819/2819/2819 2834/2834/2834 2833/2833/2833
f 2819/2819/2819 2835/2835/2835 2834/2834/2834
f 2819/2819/2819 2836/2836/2836 2835/2835/2835
f 2819/2819/2819 2837/2837/2837 2836/2836/2836
f 2819/2819/2819 2838/2838/2838 2837/2837/2837
f 2819/2819/2819 2839/2839/2839 2838/2838/2838
f 2819/2819/2819 2840/2840/2840 2839/2839/2839
f 2820/2820/2820 2821/2821/2821 2842/2842/2842
f 2820/2820/2820 2842/2842/2842 2841/2841/2841
f 2821/2821/2821 2822/2822/2822 2843/2843/2843
f 2821/2821/2821 2843/2843/2843 2842/2842/2842
f 2822/2822/2822 2823/2823/2823 2844/2844/2844
f 2822/2822/2822 2844/2844/2844 2843/2843/2843
f 2823/2823/2823 2824/2824/2824 2845/2845/2845
f 2823/2823/2823 2845/2845/2845 2844/2844/2844
f 2824/2824/2824 2825/2825/2825 2846/2846/2846
f 2824/2824/2824 2846/2846/2846 2845/2845/2845
f 2825/2825/2825 2826/2826/2826 2847/2847/2847
f 2825/2825/2825 2847/2847/2847 2846/2846/2846
f 2826/2826/2826 2827/2827/2827 2848/2848/2848
f 2826/2826/2826 2848/2848/2848 2847/2847/2847
f 2827/2827/2827 2828/2828/2828 2849/2849/2849
f 2827/2827/2827 2849/2849/2849 2848/2848/2848
f 2828/2828/2828 2829/2829/2829 2850/2850/2850
f 2828/2828/2828 2850/2850/2850 2849/2849/2849
f 2829/2829/2829 2830/2830/2830 2851/2851/2851
f 2829/2829/2829 2851/2851/2851 2850/2850/2850
f 2830/2830/2830 2831/2831/2831 2852/2852/2852
f 2830/2830/2830 2852/2852/2852 2851/2851/2851
f 2831/2831/2831 2832/2832/2832 2853/2853/2853
f 2831/2831/2831 2853/2853/2853 2852/2852/2852
f 2832/2832/2832 2833/2833/2833 2854/2854/2854
f 2832/2832/2832 2854/2854/2854 2853/2853/2853
f 2833/2833/2833 2834/2834/2834 2855/2855/2855
f 2833/2833/2833 2855/2855/2855 2854/2854/2854
f 2834/2834/2834 2835/2835/2835 2856/2856/2856
f 2834/2834/2834 2856/2856/2856 2855/2855/2855
f 2835/2835/2835 2836/2836/2836 2857/2857/2857
f 2835/2835/2835 2857/2857/2857 2856/2856/2856
f 2836/2836/2836 2837/2837/2837 2858/2858/2858
f 2836/2836/2836 2858/2858/2858 2857/2857/2857
f 2837/2837/2837 2838/2838/2838 2859/2859/2859
f 2837/2837/2837 2859/2859/2859 2858/2858/2858
f 2838/2838/2838 2839/2839/2839 2860/2860/2860
f 2838/2838/2838 2860/2860/2860 2859/2859/2859
f 2839/2839/2839 2840/2840/2840 2861/2861/2861
f 2839/2839/2839 2861/2861/2861 2860/2860/2860
f 2841/2841/2841 2842/2842/2842 2863/2863/2863
f 2841/2841/2841 2863/2863/2863 2862/2862/2862
f 2842/2842/2842 2843/2843/2843 2864/2864/2864
f 2842/2842/2842 2864/2864/2864 2863/2863/2863
f 2843/2843/2843 2844/2844/2844 2865/2865/2865
f 2843/2843/2843 2865/2865/2865 2864/2864/2864
f 2844/2844/2844 2845/2845/2845 2866/2866/2866
f 2844/2844/2844 2866/2866/2866 2865/2865/2865
f 2845/2845/2845 2846/2846/2846 2867/2867/2867
f 2845/2845/2845 2867/2867/2867 2866/2866/2866
f 2846/2846/2846 2847/2847/2847 2868/2868/2868
f 2846/2846/2846 2868/2868/2868 2867/2867/2867
f 2847/2847/2847 2848/2848/2848 2869/2869/2869
f 2847/2847/2847 2869/2869/2869 2868/2868/2868
f 2848/2848/2848 2849/2849/2849 2870/2870/2870
f 2848/2848/2848 2870/2870/2870 2869/2869/2869
f 2849/2849/2849 2850/2850/2850 2871/2871/2871
f 2849/2849/2849 2871/2871/2871 2870/2870/2870
f 2850/2850/2850 2851/2851/2851 2872/2872/2872
f 2850/2850/2850 2872/2872/2872 2871/2871/2871
f 2851/2851/2851 2852/2852/2852 2873/2873/2873
f 2851/2851/2851 2873/2873/2873 2872/2872/2872
f 2852/2852/2852 2853/2853/2853 2874/2874/2874
f 2852/2852/2852 2874/2874/2874 2873/2873/2873
f 2853/2853/2853 2854/2854/2854 2875/2875/2875
f 2853/2853/2853 2875/2875/2875 2874/2874/2874
f 2854/2854/2854 2855/2855/2855 2876/2876/2876
f 2854/2854/2854 2876/2876/2876 2875/2875/2875
f 2855/2855/2855 2856/2856/2856 2877/2877/2877
f 2855/2855/2855 2877/2877/2877 2876/2876/2876
f 2856/2856/2856 2857/2857/2857 2878/2878/2878
f 2856/2856/2856 2878/2878/2878 2877/2877/2877
f 2857/2857/2857 2858/2858/2858 2879/2879/2879
f 2857/2857/2857 2879/2879/2879 2878/2878/2878
f 2858/2858/2858 2859/2859/2859 2880/2880/2880
f 2858/2858/2858 2880/2880/2880 2879/2879/2879
f 2859/2859/2859 2860/2860/2860 2881/2881/2881
f 2859/2859/2859 2881/2881/2881 2880/2880/2880
f 2860/2860/2860 2861/2861/2861 2882/2882/2882
f 2860/2860/2860 2882/2882/2882 2881/2881/2881
f 2862/2862/2862 2863/2863/2863 2884/2884/2884
f 2862/2862/2862 2884/2884/2884 2883/2883/2883
f 2863/2863/2863 2864/2864/2864 2885/2885/2885
f 2863/2863/2863 2885/2885/2885 2884/2884/2884
f 2864/2864/2864 2865/2865/2865 2886/2886/2886
f 2864/2864/2864 2886/2886/2886 2885/2885/2885
f 2865/2865/2865 2866/2866/2866 2887/2887/2887
f 2865/2865/2865 2887/2887/2887 2886/2886/2886
f 2866/2866/2866 2867/2867/2867 2888/2888/2888
f 2866/2866/2866 2888/2888/2888 2887/2887/2887
f 2867/2867/2867 2868/2868/2868 2889/2889/2889
f 2867/2867/2867 2889/2889/2889 2888/2888/2888
f 2868/2868/2868 2869/2869/2869 2890/2890/2890
f 2868/2868/2868 2890/2890/2890 2889/2889/2889
f 2869/2869/2869 2870/2870/2870 2891/2891/2891
f 2869/2869/2869 2891/2891/2891 2890/2890/2890
f 2870/2870/2870 2871/2871/2871 2892/2892/2892
f 2870/2870/2870 2892/2892/2892 2891/2891/2891
f 2871/2871/2871 2872/2872/2872 2893/2893/2893
f 2871/2871/2871 2893/2893/2893 2892/2892/2892
f 2872/2872/2872 2873/2873/2873 2894/2894/2894
f 2872/2872/2872 2894/2894/2894 2893/2893/2893
f 2873/2873/2873 2874/2874/2874 2895/2895/2895
f 2873/2873/2873 2895/2895/2895 2894/2894/2894
f 2874/2874/2874 2875/2875/2875 2896/2896/2896
f 2874/2874/2874 2896/2896/2896 2895/2895/2895
f 2875/2875/2875 2876/2876/2876 2897/2897/2897
f 2875/2875/2875 2897/2897/2897 2896/2896/2896
f 2876/2876/2876 2877/2877/2877 2898/2898/2898
f 2876/2876/2876 2898/2898/2898 2897/2897/2897
f 2877/2877/2877 2878/2878/2878 2899/2899/2899
f 2877/2877/2877 2899/2899/2899 2898/2898/2898
f 2878/2878/2878 2879/2879/2879 2900/2900/2900
f 2878/2878/2878 2900/2900/2900 2899/2899/2899
f 2879/2879/2879 2880/2880/2880 2901/2901/2901
f 2879/2879/2879 2901/2901/2901 2900/2900/2900
f 2880/2880/2880 2881/2881/2881 2902/2902/2902
f 2880/2880/2880 2902/2902/2902 2901/2901/2901
f 2881/2881/2881 2882/2882/2882 2903/2903/2903
f 2881/2881/2881 2903/2903/2903 2902/2902/2902
f 2883/2883/2883 2884/2884/2884 2905/2905/2905
f 2883/2883/2883 2905/2905/2905 2904/2904/2904
f 2884/2884/2884 2885/2885/2885 2906/2906/2906
f 2884/2884/2884 2906/2906/2906 2905/2905/2905
f 2885/2885/2885 2886/2886/2886 2907/2907/2907
f 2885/2885/2885 2907/2907/2907 2906/2906/2906
f 2886/2886/2886 2887/2887/2887 2908/2908/2908
f 2886/2886/2886 2908/2908/2908 2907/2907/2907
f 2887/2887/2887 2888/2888/2888 2909/2909/2909
f 2887/2887/2887 2909/2909/2909 2908/2908/2908
f 2888/2888/2888 2889/2889/2889 2910/2910/2910
f 2888/2888/2888 2910/2910/2910 2909/2909/2909
f 2889/2889/2889 2890/2890/2890 2911/2911/2911
f 2889/2889/2889 2911/2911/2911 2910/2910/2910
f 2890/2890/2890 2891/2891/2891 2912/2912/2912
f 2890/2890/2890 2912/2912/2912 2911/2911/2911
f 2891/2891/2891 2892/2892/2892 2913/2913/2913
f 2891/2891/2891 2913/2913/2913 2912/2912/2912
f 2892/2892/2892 2893/2893/2893 2914/2914/2914
f 2892/2892/2892 2914/2914/2914 2913/2913/2913
f 2893/2893/2893 2894/2894/2894 2915/2915/2915
f 2893/2893/2893 2915/2915/2915 2914/2914/2914
f 2894/2894/2894 2895/2895/2895 2916/2916/2916
f 2894/2894/2894 2916/2916/2916 2915/2915/2915
f 2895/2895/2895 2896/2896/2896 2917/2917/2917
f 2895/2895/2895 2917/2917/2917 2916/2916/2916
f 2896/2896/2896 2897/2897/2897 2918/2918/2918
f 2896/2896/2896 2918/2918/2918 2917/2917/2917
f 2897/2897/2897 2898/2898/2898 2919/2919/2919
f 2897/2897/2897 2919/2919/2919 2918/2918/2918
f 2898/2898/2898 2899/2899/2899 2920/2920/2920
f 2898/2898/2898 2920/2920/2920 2919/2919/2919
f 2899/2899/2899 2900/2900/2900 2921/2921/2921
f 2899/2899/2899 2921/2921/2921 2920/2920/2920
f 2900/2900/2900 2901/2901/2901 2922/2922/2922
f 2900/2900/2900 2922/2922/2922 2921/2921/2921
f 2901/2901/2901 2902/2902/2902 2923/2923/2923
f 2901/2901/2901 2923/2923/2923 2922/2922/2922
f 2902/2902/2902 2903/2903/2903 2924/2924/2924
f 2902/2902/2902 2924/2924/2924 2923/2923/2923
f 2904/2904/2904 2905/2905/2905 2926/2926/2926
f 2904/2904/2904 2926/2926/2926 2925/2925/2925
f 2905/2905/2905 2906/2906/2906 2927/2927/2927
f 2905/2905/2905 2927/2927/2927 2926/2926/2926
f 2906/2906/2906 2907/2907/2907 2928/2928/2928
f 2906/2906/2906 2928/2928/2928 2927/2927/2927
f 2907/2907/2907 2908/2908/2908 2929/2929/2929
f 2907/2907/2907 2929/2929/2929 2928/2928/2928
f 2908/2908/2908 2909/2909/2909 2930/2930/2930
f 2908/2908/2908 2930/2930/2930 2929/2929/2929
f 2909/2909/2909 2910/2910/2910 2931/2931/2931
f 2909/2909/2909 2931/2931/2931 2930/2930/2930
f 2910/2910/2910 2911/2911/2911 2932/2932/2932
f 2910/2910/2910 2932/2932/2932 2931/2931/2931
f 2911/2911/2911 2912/2912/2912 2933/2933/2933
f 2911/2911/2911 2933/2933/2933 2932/2932/2932
f 2912/2912/2912 2913/2913/2913 2934/2934/2934
f 2912/2912/2912 2934/2934/2934 2933/2933/2933
f 2913/2913/2913 2914/2914/2914 2935/2935/2935
f 2913/2913/2913 2935/2935/2935 2934/2934/2934
f 2914/2914/2914 2915/2915/2915 2936/2936/2936
f 2914/2914/2914 2936/2936/2936 2935/2935/2935
f 2915/2915/2915 2916/2916/2916 2937/2937/2937
f 2915/2915/2915 2937/2937/2937 2936/2936/2936
f 2916/2916/2916 2917/2917/2917 2938/2938/2938
f 2916/2916/2916 2938/2938/2938 2937/2937/2937
f 2917/2917/2917 2918/2918/2918 2939/2939/2939
f 2917/2917/2917 2939/2939/2939 2938/2938/2938
f 2918/2918/2918 2919/2919/2919 2940/2940/2940
f 2918/2918/2918 2940/2940/2940 2939/2939/2939
f 2919/2919/2919 2920/2920/2920 2941/2941/2941
f 2919/2919/2919 2941/2941/2941 2940/2940/2940
f 2920/2920/2920 2921/2921/2921 2942/2942/2942
f 2920/2920/2920 2942/2942/2942 2941/2941/2941
f 2921/2921/2921 2922/2922/2922 2943/2943/2943
f 2921/2921/2921 2943/2943/2943 2942/2942/2942
f 2922/2922/2922 2923/2923/2923 2944/2944/2944
f 2922/2922/2922 2944/2944/2944 2943/2943/2943
f 2923/2923/2923 2924/2924/2924 2945/2945/2945
f 2923/2923/2923 2945/2945/2945 2944/2944/2944
f 2925/2925/2925 2926/2926/2926 2947/2947/2947
f 2925/2925/2925 2947/2947/2947 2946/2946/2946
f 2926/2926/2926 2927/2927/2927 2948/2948/2948
f 2926/2926/2926 2948/2948/2948 2947/2947/2947
f 2927/2927/2927 2928/2928/2928 2949/2949/2949
f 2927/2927/2927 2949/2949/2949 2948/2948/2948
f 2928/2928/2928 2929/2929/2929 2950/2950/2950
f 2928/2928/2928 2950/2950/2950 2949/2949/2949
f 2929/2929/2929 2930/2930/2930 2951/2951/2951
f 2929/2929/2929 2951/2951/2951 2950/2950/2950
f 2930/2930/2930 2931/2931/2931 2952/2952/2952
f 2930/2930/2930 2952/2952/2952 2951/2951/2951
f 2931/2931/2931 2932/2932/2932 2953/2953/2953
f 2931/2931/2931 2953/2953/2953 2952/2952/2952
f 2932/2932/2932 2933/2933/2933 2954/2954/2954
f 2932/2932/2932 2954/2954/2954 2953/2953/2953
f 2933/2933/2933 2934/2934/2934 2955/2955/2955
f 2933/2933/2933 2955/2955/2955 2954/2954/2954
f 2934/2934/2934 2935/2935/2935 2956/2956/2956
f 2934/2934/2934 2956/2956/2956 2955/2955/2955
f 2935/2935/2935 2936/2936/2936 2957/2957/2957
f 2935/2935/2935 2957/2957/2957 2956/2956/2956
f 2936/2936/2936 2937/2937/2937 2958/2958/2958
f 2936/2936/2936 2958/2958/2958 2957/2957/2957
f 2937/2937/2937 2938/2938/2938 2959/2959/2959
f 2937/2937/2937 2959/2959/2959 2958/2958/2958
f 2938/2938/2938 2939/2939/2939 2960/2960/2960
f 2938/2938/2938 2960/2960/2960 2959/2959/2959
f 2939/2939/2939 2940/2940/2940 2961/2961/2961
f 2939/2939/2939 2961/2961/2961 2960/2960/2960
f 2940/2940/2940 2941/2941/2941 2962/2962/2962
f 2940/2940/2940 2962/2962/2962 2961/2961/2961
f 2941/2941/2941 2942/2942/2942 2963/2963/2963
f 2941/2941/2941 2963/2963/2963 2962/2962/2962
f 2942/2942/2942 2943/2943/2943 2964/2964/2964
f 2942/2942/2942 2964/2964/2964 2963/2963/2963
f 2943/2943/2943 2944/2944/2944 2965/2965/2965
f 2943/2943/2943 2965/2965/2965 2964/2964/2964
f 2944/2944/2944 2945/2945/2945 2966/2966/2966
f 2944/2944/2944 2966/2966/2966 2965/2965/2965
f 2946/2946/2946 2947/2947/2947 2968/2968/2968
f 2946/2946/2946 2968/2968/2968 2967/2967/2967
f 2947/2947/2947 2948/2948/2948 2969/2969/2969
f 2947/2947/2947 2969/2969/2969 2968/2968/2968
f 2948/2948/2948 2949/2949/2949 2970/2970/2970
f 2948/2948/2948 2970/2970/2970 2969/2969/2969
f 2949/2949/2949 2950/2950/2950 2971/2971/2971
f 2949/2949/2949 2971/2971/2971 2970/2970/2970
f 2950/2950/2950 2951/2951/2951 2972/2972/2972
f 2950/2950/2950 2972/2972/2972 2971/2971/2971
f 2951/2951/2951 2952/2952/2952 2973/2973/2973
f 2951/2951/2951 2973/2973/2973 2972/2972/2972
f 2952/2952/2952 2953/2953/2953 2974/2974/2974
f 2952/2952/2952 2974/2974/2974 2973/2973/2973
f 2953/2953/2953 2954/2954/2954 2975/2975/2975
f 2953/2953/2953 2975/2975/2975 2974/2974/2974
f 2954/2954/2954 2955/2955/2955 2976/2976/2976
f 2954/2954/2954 2976/2976/2976 2975/2975/2975
f 2955/2955/2955 2956/2956/2956 2977/2977/2977
f 2955/2955/2955 2977/2977/2977 2976/2976/2976
f 2956/2956/2956 2957/2957/2957 2978/2978/2978
f 2956/2956/2956 2978/2978/2978 2977/2977/2977
f 2957/2957/2957 2958/2958/2958 2979/2979/2979
f 2957/2957/2957 2979/2979/2979 2978/2978/2978
f 2958/2958/2958 2959/2959/2959 2980/2980/2980
f 2958/2958/2958 2980/2980/2980 2979/2979/2979
f 2959/2959/2959 2960/2960/2960 2981/2981/2981
f 2959/2959/2959 2981/2981/2981 2980/2980/2980
f 2960/2960/2960 2961/2961/2961 2982/2982/2982
f 2960/2960/2960 2982/2982/2982 2981/2981/2981
f 2961/2961/2961 2962/2962/2962 2983/2983/2983
f 2961/2961/2961 2983/2983/2983 2982/2982/2982
f 2962/2962/2962 2963/2963/2963 2984/2984/2984
f 2962/2962/2962 2984/2984/2984 2983/2983/2983
f 2963/2963/2963 2964/2964/2964 2985/2985/2985
f 2963/2963/2963 2985/2985/2985 2984/2984/2984
f 2964/2964/2964 2965/2965/2965 2986/2986/2986
f 2964/2964/2964 2986/2986/2986 2985/2985/2985
f 2965/2965/2965 2966/2966/2966 2987/2987/2987
f 2965/2965/2965 2987/2987/2987 2986/2986/2986
f 2967/2967/2967 2968/2968/2968 2989/2989/2989
f 2967/2967/2967 2989/2989/2989 2988/2988/2988
f 2968/2968/2968 2969/2969/2969 2990/2990/2990
f 2968/2968/2968 2990/2990/2990 2989/2989/2989
f 2969/2969/2969 2970/2970/2970 2991/2991/2991
f 2969/2969/2969 2991/2991/2991 2990/2990/2990
f 2970/2970/2970 2971/2971/2971 2992/2992/2992
f 2970/2970/2970 2992/2992/2992 2991/2991/2991
f 2971/2971/2971 2972/2972/2972 2993/2993/2993
f 2971/2971/2971 2993/2993/2993 2992/2992/2992
f 2972/2972/2972 2973/2973/2973 2994/2994/2994
f 2972/2972/2972 2994/2994/2994 2993/2993/2993
f 2973/2973/2973 2974/2974/2974 2995/2995/2995
f 2973/2973/2973 2995/2995/2995 2994/2994/2994
f 2974/2974/2974 2975/2975/2975 2996/2996/2996
f 2974/2974/2974 2996/2996/2996 2995/2995/2995
f 2975/2975/2975 2976/2976/2976 2997/2997/2997
f 2975/2975/2975 2997/2997/2997 2996/2996/2996
f 2976/2976/2976 2977/2977/2977 2998/2998/2998
f 2976/2976/2976 2998/2998/2998 2997/2997/2997
f 2977/2977/2977 2978/2978/2978 2999/2999/2999
f 2977/2977/2977 2999/2999/2999 2998/2998/2998
f 2978/2978/2978 2979/2979/2979 3000/3000/3000
f 2978/2978/2978 3000/3000/3000 2999/2999/2999
f 2979/2979/2979 2980/2980/2980 3001/3001/3001
f 2979/2979/2979 3001/3001/3001 3000/3000/3000
f 2980/2980/2980 2981/2981/2981 3002/3002/3002
f 2980/2980/2980 3002/3002/3002 3001/3001/3001
f 2981/2981/2981 2982/2982/2982 3003/3003/3003
f 2981/2981/2981 3003/3003/3003 3002/3002/3002
f 2982/2982/2982 2983/2983/2983 3004/3004/3004
f 2982/2982/2982 3004/3004/3004 3003/3003/3003
f 2983/2983/2983 2984/2984/2984 3005/3005/3005
f 2983/2983/2983 3005/3005/3005 3004/3004/3004
f 2984/2984/2984 2985/2985/2985 3006/3006/3006
f 2984/2984/2984 3006/3006/3006 3005/3005/3005
f 2985/2985/2985 2986/2986/2986 3007/3007/3007
f 2985/2985/2985 3007/3007/3007 3006/3006/3006
f 2986/2986/2986 2987/2987/2987 3008/3008/3008
f 2986/2986/2986 3008/3008/3008 3007/3007/3007
f 2988/2988/2988 2989/2989/2989 3010/3010/3010
f 2988/2988/2988 3010/3010/3010 3009/3009/3009
f 2989/2989/2989 2990/2990/2990 3011/3011/3011
f 2989/2989/2989 3011/3011/3011 3010/3010/3010
f 2990/2990/2990 2991/2991/2991 3012/3012/3012
f 2990/2990/2990 3012/3012/3012 3011/3011/3011
f 2991/2991/2991 2992/2992/2992 3013/3013/3013
f 2991/2991/2991 3013/3013/3013 3012/3012/3012
f 2992/2992/2992 2993/2993/2993 3014/3014/3014
f 2992/2992/2992 3014/3014/3014 3013/3013/3013
f 2993/2993/2993 2994/2994/2994 3015/3015/3015
f 2993/2993/2993 3015/3015/3015 3014/3014/3014
f 2994/2994/2994 2995/2995/2995 3016/3016/3016
f 2994/2994/2994 3016/3016/3016 3015/3015/3015
f 2995/2995/2995 2996/2996/2996 3017/3017/3017
f 2995/2995/2995 3017/3017/3017 3016/3016/3016
f 2996/2996/2996 2997/2997/2997 3018/3018/3018
f 2996/2996/2996 3018/3018/3018 3017/3017/3017
f 2997/2997/2997 2998/2998/2998 3019/3019/3019
f 2997/2997/2997 3019/3019/3019 3018/3018/3018
f 2998/2998/2998 2999/2999/2999 3020/3020/3020
f 2998/2998/2998 3020/3020/3020 3019/3019/3019
f 2999/2999/2999 3000/3000/3000 3021/3021/3021
f 2999/2999/2999 3021/3021/3021 3020/3020/3020
f 3000/3000/3000 3001/3001/3001 3022/3022/3022
f 3000/3000/3000 3022/3022/3022 3021/3021/3021
f 3001/3001/3001 3002/3002/3002 3023/3023/3023
f 3001/3001/3001 3023/3023/3023 3022/3022/3022
f 3002/3002/3002 3003/3003/3003 3024/3024/3024
f 3002/3002/3002 3024/3024/3024 3023/3023/3023
f 3003/3003/3003 3004/3004/3004 3025/3025/3025
f 3003/3003/3003 3025/3025/3025 3024/3024/3024
f 3004/3004/3004 3005/3005/3005 3026/3026/3026
f 3004/3004/3004 3026/3026/3026 3025/3025/3025
f 3005/3005/3005 3006/3006/3006 3027/3027/3027
f 3005/3005/3005 3027/3027/3027 3026/3026/3026
f 3006/3006/3006 3007/3007/3007 3028/3028/3028
f 3006/3006/3006 3028/3028/3028 3027/3027/3027
f 3007/3007/3007 3008/3008/3008 3029/3029/3029
f 3007/3007/3007 3029/3029/3029 3028/3028/3028
f 3009/3009/3009 3010/3010/3010 3031/3031/3031
f 3009/3009/3009 3031/3031/3031 3030/3030/3030
f 3010/3010/3010 3011/3011/3011 3032/3032/3032
f 3010/3010/3010 3032/3032/3032 3031/3031/3031
f 3011/3011/3011 3012/3012/3012 3033/3033/3033
f 3011/3011/3011 3033/3033/3033 3032/3032/3032
f 3012/3012/3012 3013/3013/3013 3034/3034/3034
f 3012/3012/3012 3034/3034/3034 3033/3033/3033
f 3013/3013/3013 3014/3014/3014 3035/3035/3035
f 3013/3013/3013 3035/3035/3035 3034/3034/3034
f 3014/3014/3014 3015/3015/3015 3036/3036/3036
f 3014/3014/3014 3036/3036/3036 3035/3035/3035
f 3015/3015/3015 3016/3016/3016 3037/3037/3037
f 3015/3015/3015 3037/3037/3037 3036/3036/3036
f 3016/3016/3016 3017/3017/3017 3038/3038/3038
f 3016/3016/3016 3038/3038/3038 3037/3037/3037
f 3017/3017/3017 3018/3018/3018 3039/3039/3039
f 3017/3017/3017 3039/3039/3039 3038/3038/3038
f 3018/3018/3018 3019/3019/3019 3040/3040/3040
f 3018/3018/3018 3040/3040/3040 3039/3039/3039
f 3019/3019/3019 3020/3020/3020 3041/3041/3041
f 3019/3019/3019 3041/3041/3041 3040/3040/3040
f 3020/3020/3020 3021/3021/3021 3042/3042/3042
f 3020/3020/3020 3042/3042/3042 3041/3041/3041
f 3021/3021/3021 3022/3022/3022 3043/3043/3043
f 3021/3021/3021 3043/3043/3043 3042/3042/3042
f 3022/3022/3022 3023/3023/3023 3044/3044/3044
f 3022/3022/3022 3044/3044/3044 3043/3043/3043
f 3023/3023/3023 3024/3024/3024 3045/3045/3045
f 3023/3023/3023 3045/3045/3045 3044/3044/3044
f 3024/3024/3024 3025/3025/3025 3046/3046/3046
f 3024/3024/3024 3046/3046/3046 3045/3045/3045
f 3025/3025/3025 3026/3026/3026 3047/3047/3047
f 3025/3025/3025 3047/3047/3047 3046/3046/3046
f 3026/3026/3026 3027/3027/3027 3048/3048/3048
f 3026/3026/3026 3048/3048/3048 3047/3047/3047
f 3027/3027/3027 3028/3028/3028 3049/3049/3049
f 3027/3027/3027 3049/3049/3049 3048/3048/3048
f 3028/3028/3028 3029/3029/3029 3050/3050/3050
f 3028/3028/3028 3050/3050/3050 3049/3049/3049
f 3030/3030/3030 3031/3031/3031 3051/3051/3051
f 3031/3031/3031 3032/3032/3032 3051/3051/3051
f 3032/3032/3032 3033/3033/3033 3051/3051/3051
f 3033/3033/3033 3034/3034/3034 3051/3051/3051
f 3034/3034/3034 3035/3035/3035 3051/3051/3051
f 3035/3035/3035 3036/3036/3036 3051/3051/3051
f 3036/3036/3036 3037/3037/3037 3051/3051/3051
f 3037/3037/3037 3038/3038/3038 3051/3051/3051
f 3038/3038/3038 3039/3039/3039 3051/3051/3051
f 3039/3039/3039 3040/3040/3040 3051/3051/3051
f 3040/3040/3040 3041/3041/3041 3051/3051/3051
f 3041/3041/3041 3042/3042/3042 3051/3051/3051
f 3042/3042/3042 3043/3043/3043 3051/3051/3051
f 3043/3043/3043 3044/3044/3044 3051/3051/3051
f 3044/3044/3044 3045/3045/3045 3051/3051/3051
f 3045/3045/3045 3046/3046/3046 3051/3051/3051
f 3046/3046/3046 3047/3047/3047 3051/3051/3051
f 3047/3047/3047 3048/3048/3048 3051/3051/3051
f 3048/3048/3048 3049/3049/3049 3051/3051/3051
f 3049/3049/3049 3050/3050/3050 3051/3051/3051
o Arm_1
v 7.340443 63.979239 -14.153050
v 6.159961 63.091810 -12.497735
v 3.759423 62.380148 -11.318398
v 0.614285 61.985205 -10.848621
v -2.652519 61.985205 -11.181448
v -5.393960 62.380148 -12.250959
v -7.067061 63.091810 -13.845325
v -7.340443 63.979239 -15.648761
v -6.159961 64.866667 -17.304075
v -3.759423 65.578330 -18.483412
v -0.614285 65.973272 -18.953190
v 2.652519 65.973272 -18.620363
v 5.393960 65.578330 -17.550851
v 7.067061 64.866667 -15.956486
v 7.340443 63.979239 -14.153050
v 7.306010 61.793609 -15.545356
v 6.188779 60.949136 -13.980334
v 3.915661 60.274282 -12.864080
v 0.936875 59.902709 -12.417681
v -2.157594 59.908012 -12.729553
v -4.754849 60.289141 -13.737925
v -6.340472 60.970608 -15.243077
v -6.600409 61.817442 -16.946895
v -5.483178 62.661915 -18.511918
v -3.210060 63.336769 -19.628172
v -0.231274 63.708343 -20.074571
v 2.863195 63.703039 -19.762699
v 5.460450 63.321910 -18.754327
v 7.046073 62.640443 -17.249175
v 7.306010 61.793609 -15.545356
v 7.213406 58.719180 -17.537156
v 6.183742 57.960436 -16.087653
v 4.093728 57.343941 -15.058947
v 1.357315 56.991797 -14.654784
v -1.483515 56.973752 -14.955214
v -3.866101 57.293380 -15.900734
v -5.318544 57.887374 -17.304072
v -5.553168 58.638087 -18.887279
v -4.523505 59.396830 -20.336782
v -2.433490 60.013326 -21.365489
v 0.302922 60.365469 -21.769651
v 3.143752 60.383514 -21.469221
v 5.526339 60.063886 -20.523701
v 6.978781 59.469892 -19.120363
v 7.213406 58.719180 -17.537156
v 7.291390 55.440193 -19.477769
v 6.350647 54.813748 -18.132680
v 4.460359 54.269008 -17.192753
v 1.994920 53.913864 -16.844152
v -0.557358 53.818658 -17.155922
v -2.690966 54.002245 -18.066313
v -3.983317 54.428264 -19.395010
v -4.178445 55.012338 -20.878849
v -3.237702 55.638782 -22.223938
v -1.347413 56.183522 -23.163865
v 1.118025 56.538666 -23.512466
v 3.670304 56.633873 -23.200696
v 5.803912 56.450285 -22.290306
v 7.096263 56.024266 -20.961608
v 7.291390 55.440193 -19.477769
v 7.726039 52.652580 -20.769187
v 6.844057 52.214687 -19.491654
v 5.132654 51.749351 -18.616558
v 2.930795 51.348736 -18.317224
v 0.674584 51.092189 -18.652938
v -1.189107 51.030523 -19.557208
v -2.291153 51.175951 -20.850932
v -2.413279 51.499669 -22.277872
v -1.531297 51.937562 -23.555406
v 0.180106 52.402898 -24.430502
v 2.381965 52.803513 -24.729836
v 4.638176 53.060060 -24.394122
v 6.501867 53.121726 -23.489852
v 7.603913 52.976298 -22.196128
v 7.726039 52.652580 -20.769187
v 8.862623 50.045876 -21.266626
v 8.000605 49.790047 -20.069797
v 6.437701 49.402220 -19.253127
v 4.483463 48.959207 -18.978366
v 2.524952 48.548753 -19.299935
v 0.950074 48.252153 -20.154142
v 0.070755 48.128153 -21.371801
v 0.061153 48.201313 -22.711741
v 0.923171 48.457141 -23.908569
v 2.486075 48.844969 -24.725239
v 4.440314 49.287982 -25.000000
v 6.398825 49.698436 -24.678432
v 7.973702 49.995036 -23.824225
v 8.853022 50.119035 -22.606565
v 8.862623 50.045876 -21.266626
v 10.657985 47.142760 -21.290860
v 9.832392 46.979063 -20.204510
v 8.407578 46.646124 -19.461389
v 6.665744 46.209883 -19.208681
v 4.951883 45.756745 -19.496437
v 3.605445 45.376458 -20.267665
v 2.893109 45.144344 -21.369613
v 2.955963 45.106375 -22.584027
v 3.781556 45.270071 -23.670377
v 5.206370 45.603011 -24.413499
v 6.948204 46.039252 -24.666207
v 8.662065 46.492390 -24.378450
v 10.008503 46.872677 -23.607222
v 10.720838 47.104791 -22.505274
v 10.657985 47.142760 -21.290860
v 12.537996 44.472343 -21.093919
v 11.771758 44.340721 -20.105409
v 10.470215 44.042091 -19.428519
v 8.891154 43.635601 -19.197314
v 7.347326 43.201761 -19.457587
v 6.144507 42.826498 -20.157788
v 5.520929 42.584138 -21.159234
v 5.600099 42.522683 -22.263576
v 6.366337 42.654305 -23.252086
v 7.667880 42.952935 -23.928976
v 9.246941 43.359425 -24.160182
v 10.790769 43.793265 -23.899908
v 11.993588 44.168528 -23.199707
v 12.617166 44.410888 -22.198261
v 12.537996 44.472343 -21.093919
v 13.864589 42.559335 -20.978012
v 13.153922 42.433245 -20.057005
v 11.942473 42.154182 -19.426460
v 10.470186 41.777419 -19.211266
v 9.028665 41.377578 -19.454044
v 7.903420 41.033852 -20.106709
v 7.317321 40.814321 -21.039993
v 7.386451 40.762465 -22.069047
v 8.097119 40.888555 -22.990055
v 9.308567 41.167617 -23.620599
v 10.780854 41.544380 -23.835793
v 12.222376 41.944221 -23.593015
v 13.347620 42.287947 -22.940350
v 13.933719 42.507478 -22.007067
v 13.864589 42.559335 -20.978012
v 0.000000 63.979239 -14.900905
v 10.625520 41.660900 -21.523530
vt 0.0078125 0.9921875
vt 0.0078125 0.9486607
vt 0.0078125 0.9051339
vt 0.0078125 0.8616071
vt 0.0078125 0.8180804
vt 0.0078125 0.7745536
vt 0.0078125 0.7310268
vt 0.0078125 0.6875000
vt 0.0078125 0.6439732
vt 0.0078125 0.6004464
vt 0.0078125 0.5569196
vt 0.0078125 0.5133929
vt 0.0078125 0.4698661
vt 0.0078125 0.4263393
vt 0.0078125 0.3828125
vt 0.1308594 0.9921875
vt 0.1308594 0.9486607
vt 0.1308594 0.9051339
vt 0.1308594 0.8616071
vt 0.1308594 0.8180804
vt 0.1308594 0.7745536
vt 0.1308594 0.7310268
vt 0.1308594 0.6875000
vt 0.1308594 0.6439732
vt 0.1308594 0.6004464
vt 0.1308594 0.5569196
vt 0.1308594 0.5133929
vt 0.1308594 0.4698661
vt 0.1308594 0.4263393
vt 0.1308594 0.3828125
vt 0.2539062 0.9921875
vt 0.2539062 0.9486607
vt 0.2539062 0.9051339
vt 0.2539062 0.8616071
vt 0.2539062 0.8180804
vt 0.2539062 0.7745536
vt 0.2539062 0.7310268
vt 0.2539062 0.6875000
vt 0.2539062 0.6439732
vt 0.2539062 0.6004464
vt 0.2539062 0.5569196
vt 0.2539062 0.5133929
vt 0.2539062 0.4698661
vt 0.2539062 0.4263393
vt 0.2539062 0.3828125
vt 0.3769531 0.9921875
vt 0.3769531 0.9486607
vt 0.3769531 0.9051339
vt 0.3769531 0.8616071
vt 0.3769531 0.8180804
vt 0.3769531 0.7745536
vt 0.3769531 0.7310268
vt 0.3769531 0.6875000
vt 0.3769531 0.6439732
vt 0.3769531 0.6004464
vt 0.3769531 0.5569196
vt 0.3769531 0.5133929
vt 0.3769531 0.4698661
vt 0.3769531 0.4263393
vt 0.3769531 0.3828125
vt 0.5000000 0.9921875
vt 0.5000000 0.9486607
vt 0.5000000 0.9051339
vt 0.5000000 0.8616071
vt 0.5000000 0.8180804
vt 0.5000000 0.7745536
vt 0.5000000 0.7310268
vt 0.5000000 0.6875000
vt 0.5000000 0.6439732
vt 0.5000000 0.6004464
vt 0.5000000 0.5569196
vt 0.5000000 0.5133929
vt 0.5000000 0.4698661
vt 0.5000000 0.4263393
vt 0.5000000 0.3828125
vt 0.6230469 0.9921875
vt 0.6230469 0.9486607
vt 0.6230469 0.9051339
vt 0.6230469 0.8616071
vt 0.6230469 0.8180804
vt 0.6230469 0.7745536
vt 0.6230469 0.7310268
vt 0.6230469 0.6875000
vt 0.6230469 0.6439732
vt 0.6230469 0.6004464
vt 0.6230469 0.5569196
vt 0.6230469 0.5133929
vt 0.6230469 0.4698661
vt 0.6230469 0.4263393
vt 0.6230469 0.3828125
vt 0.7460938 0.9921875
vt 0.7460938 0.9486607
vt 0.7460938 0.9051339
vt 0.7460938 0.8616071
vt 0.7460938 0.8180804
vt 0.7460938 0.7745536
vt 0.7460938 0.7310268
vt 0.7460938 0.6875000
vt 0.7460938 0.6439732
vt 0.7460938 0.6004464
vt 0.7460938 0.5569196
vt 0.7460938 0.5133929
vt 0.7460938 0.4698661
vt 0.7460938 0.4263393
vt 0.7460938 0.3828125
vt 0.8691406 0.9921875
vt 0.8691406 0.9486607
vt 0.8691406 0.9051339
vt 0.8691406 0.8616071
vt 0.8691406 0.8180804
vt 0.8691406 0.7745536
vt 0.8691406 0.7310268
vt 0.8691406 0.6875000
vt 0.8691406 0.6439732
vt 0.8691406 0.6004464
vt 0.8691406 0.5569196
vt 0.8691406 0.5133929
vt 0.8691406 0.4698661
vt 0.8691406 0.4263393
vt 0.8691406 0.3828125
vt 0.9921875 0.9921875
vt 0.9921875 0.9486607
vt 0.9921875 0.9051339
vt 0.9921875 0.8616071
vt 0.9921875 0.8180804
vt 0.9921875 0.7745536
vt 0.9921875 0.7310268
vt 0.9921875 0.6875000
vt 0.9921875 0.6439732
vt 0.9921875 0.6004464
vt 0.9921875 0.5569196
vt 0.9921875 0.5133929
vt 0.9921875 0.4698661
vt 0.9921875 0.4263393
vt 0.9921875 0.3828125
vt 0.0078125 0.6875000
vt 0.9921875 0.6875000
vn 0.4185282 0.7256175 0.5461807
vn 0.3207112 0.5339745 0.7823143
vn 0.1564657 0.3853819 0.9093950
vn -0.0310152 0.3193811 0.9471187
vn -0.2248414 0.3454717 0.9110958
vn -0.4079624 0.4659068 0.7851735
vn -0.5280834 0.6546267 0.5409176
vn -0.5159784 0.8271900 0.2225375
vn -0.3865883 0.9212586 -0.0428024
vn -0.2132679 0.9582125 -0.1906453
vn -0.0361102 0.9727260 -0.2291292
vn 0.1351131 0.9760409 -0.1705537
vn 0.2918842 0.9563846 -0.0114935
vn 0.4037931 0.8810013 0.2465520
vn 0.4185282 0.7256175 0.5461807
vn 0.9701604 -0.1477029 0.1922825
vn 0.6651329 -0.4260195 0.6132745
vn 0.3320238 -0.5479208 0.7678170
vn 0.0493980 -0.6004494 0.7981355
vn -0.2220068 -0.6185975 0.7536910
vn -0.5255956 -0.5939986 0.6090279
vn -0.8516998 -0.4564194 0.2574662
vn -0.9388969 -0.1175135 -0.3235170
vn -0.6543621 0.2074575 -0.7271669
vn -0.3254278 0.3723516 -0.8691669
vn -0.0407514 0.4427475 -0.8957198
vn 0.2361692 0.4571384 -0.8574664
vn 0.5508575 0.4056437 -0.7293896
vn 0.8925438 0.2164642 -0.3956120
vn 0.9701604 -0.1477029 0.1922825
vn 0.9755147 -0.1163855 0.1866157
vn 0.6766678 -0.4003039 0.6179624
vn 0.3415768 -0.5294928 0.7765067
vn 0.0574211 -0.5877027 0.8070368
vn -0.2138564 -0.6117154 0.7616231
vn -0.5153534 -0.5957117 0.6160670
vn -0.8396330 -0.4736924 0.2657668
vn -0.9362726 -0.1517031 -0.3168276
vn -0.6604383 0.1748525 -0.7302382
vn -0.3321204 0.3480227 -0.8766848
vn -0.0470667 0.4262035 -0.9034021
vn 0.2292238 0.4486056 -0.8638342
vn 0.5419599 0.4077834 -0.7348416
vn 0.8842855 0.2353957 -0.4032717
vn 0.9755147 -0.1163855 0.1866157
vn 0.9767119 -0.0279228 0.2127302
vn 0.6864746 -0.3106849 0.6574402
vn 0.3500322 -0.4567064 0.8178611
vn 0.0636259 -0.5327688 0.8438656
vn -0.2079639 -0.5770983 0.7897522
vn -0.5051663 -0.5896925 0.6301347
vn -0.8168636 -0.5137166 0.2623530
vn -0.9105761 -0.2475318 -0.3310274
vn -0.6508860 0.0654175 -0.7563517
vn -0.3299021 0.2561321 -0.9086039
vn -0.0465740 0.3578621 -0.9326122
vn 0.2286037 0.4066813 -0.8845059
vn 0.5383853 0.3997119 -0.7418703
vn 0.8766871 0.2767731 -0.3934672
vn 0.9767119 -0.0279228 0.2127302
vn 0.9401183 0.1849650 0.2862962
vn 0.6645977 -0.0699983 0.7439154
vn 0.3371148 -0.2524485 0.9069859
vn 0.0528311 -0.3792169 0.9237984
vn -0.2154123 -0.4817297 0.8494316
vn -0.4983166 -0.5664478 0.6563669
vn -0.7692842 -0.5873106 0.2515316
vn -0.8319230 -0.4334998 -0.3463842
vn -0.6016334 -0.1661085 -0.7813100
vn -0.3040770 0.0494812 -0.9513615
vn -0.0287639 0.1984092 -0.9796971
vn 0.2433084 0.3055660 -0.9205599
vn 0.5460877 0.3764733 -0.7483690
vn 0.8608081 0.3674007 -0.3521733
vn 0.9401183 0.1849650 0.2862962
vn 0.8449474 0.4219609 0.3286531
vn 0.5879310 0.2281992 0.7760556
vn 0.2908849 0.0238645 0.9564604
vn 0.0216030 -0.1615318 0.9866310
vn -0.2370688 -0.3415498 0.9094735
vn -0.4995136 -0.5201436 0.6927747
vn -0.7160526 -0.6478634 0.2598878
vn -0.7291417 -0.6039722 -0.3218230
vn -0.5216303 -0.4043029 -0.7512929
vn -0.2553573 -0.1877784 -0.9484366
vn 0.0053969 0.0013282 -0.9999846
vn 0.2716915 0.1738660 -0.9465487
vn 0.5629817 0.3407780 -0.7529422
vn 0.8286872 0.4652042 -0.3112276
vn 0.8449474 0.4219609 0.3286531
vn 0.7866264 0.5305845 0.3157514
vn 0.5432900 0.3707170 0.7532628
vn 0.2649856 0.1662847 0.9498063
vn 0.0052350 -0.0399070 0.9991897
vn -0.2481246 -0.2554499 0.9344408
vn -0.4998745 -0.4839227 0.7182926
vn -0.6872825 -0.6696261 0.2815025
vn -0.6732981 -0.6823228 -0.2847898
vn -0.4731221 -0.5245332 -0.7078279
vn -0.2223323 -0.3185451 -0.9214648
vn 0.0295369 -0.1135377 -0.9930945
vn 0.2911455 0.0954449 -0.9519058
vn 0.5721370 0.3187284 -0.7556927
vn 0.8031372 0.5121804 -0.3043711
vn 0.7866264 0.5305845 0.3157514
vn 0.7712685 0.5600615 0.3024501
vn 0.5326228 0.4131968 0.7386348
vn 0.2597419 0.2119617 0.9421286
vn 0.0028229 0.0022017 0.9999936
vn -0.2490390 -0.2222852 0.9426393
vn -0.4982877 -0.4656387 0.7313617
vn -0.6791569 -0.6709933 0.2975129
vn -0.6593956 -0.7038056 -0.2643011
vn -0.4610456 -0.5609870 -0.6875540
vn -0.2140269 -0.3604840 -0.9078787
vn 0.0355219 -0.1524845 -0.9876673
vn 0.2957480 0.0665913 -0.9529421
vn 0.5735140 0.3068295 -0.7595639
vn 0.7949037 0.5215944 -0.3099474
vn 0.7712685 0.5600615 0.3024501
vn 0.9155399 -0.3115025 0.2544658
vn 0.6840118 -0.3213013 0.6548995
vn 0.4089947 -0.3939143 0.8231372
vn 0.1724832 -0.5110742 0.8420527
vn -0.0243326 -0.6569224 0.7535654
vn -0.1796813 -0.8090381 0.5596178
vn -0.2728785 -0.9250983 0.2640651
vn -0.2775623 -0.9571018 -0.0831581
vn -0.1936739 -0.8977939 -0.3955458
vn -0.0474321 -0.7855736 -0.6169476
vn 0.1402289 -0.6604532 -0.7376567
vn 0.3671933 -0.5434981 -0.7548370
vn 0.6364472 -0.4428243 -0.6315391
vn 0.8888206 -0.3617364 -0.2813266
vn 0.9155399 -0.3115025 0.2544658
vn -0.0455007 0.8935740 0.4466041
vn 0.2563950 -0.9643285 0.0658188
s 1
f 3052/3052/3052 3053/3053/3053 3068/3068/3068
f 3052/3052/3052 3068/3068/3068 3067/3067/3067
f 3053/3053/3053 3054/3054/3054 3069/3069/3069
f 3053/3053/3053 3069/3069/3069 3068/3068/3068
f 3054/3054/3054 3055/3055/3055 3070/3070/3070
f 3054/3054/3054 3070/3070/3070 3069/3069/3069
f 3055/3055/3055 3056/3056/3056 3071/3071/3071
f 3055/3055/3055 3071/3071/3071 3070/3070/3070
f 3056/3056/3056 3057/3057/3057 3072/3072/3072
f 3056/3056/3056 3072/3072/3072 3071/3071/3071
f 3057/3057/3057 3058/3058/3058 3073/3073/3073
f 3057/3057/3057 3073/3073/3073 3072/3072/3072
f 3058/3058/3058 3059/3059/3059 3074/3074/3074
f 3058/3058/3058 3074/3074/3074 3073/3073/3073
f 3059/3059/3059 3060/3060/3060 3075/3075/3075
f 3059/3059/3059 3075/3075/3075 3074/3074/3074
f 3060/3060/3060 3061/3061/3061 3076/3076/3076
f 3060/3060/3060 3076/3076/3076 3075/3075/3075
f 3061/3061/3061 3062/3062/3062 3077/3077/3077
f 3061/3061/3061 3077/3077/3077 3076/3076/3076
f 3062/3062/3062 3063/3063/3063 3078/3078/3078
f 3062/3062/3062 3078/3078/3078 3077/3077/3077
f 3063/3063/3063 3064/3064/3064 3079/3079/3079
f 3063/3063/3063 3079/3079/3079 3078/3078/3078
f 3064/3064/3064 3065/3065/3065 3080/3080/3080
f 3064/3064/3064 3080/3080/3080 3079/3079/3079
f 3065/3065/3065 3066/3066/3066 3081/3081/3081
f 3065/3065/3065 3081/3081/3081 3080/3080/3080
f 3067/3067/3067 3068/3068/3068 3083/3083/3083
f 3067/3067/3067 3083/3083/3083 3082/3082/3082
f 3068/3068/3068 3069/3069/3069 3084/3084/3084
f 3068/3068/3068 3084/3084/3084 3083/3083/3083
f 3069/3069/3069 3070/3070/3070 3085/3085/3085
f 3069/3069/3069 3085/3085/3085 3084/3084/3084
f 3070/3070/3070 3071/3071/3071 3086/3086/3086
f 3070/3070/3070 3086/3086/3086 3085/3085/3085
f 3071/3071/3071 3072/3072/3072 3087/3087/3087
f 3071/3071/3071 3087/3087/3087 3086/3086/3086
f 3072/3072/3072 3073/3073/3073 3088/3088/3088
f 3072/3072/3072 3088/3088/3088 3087/3087/3087
f 3073/3073/3073 3074/3074/3074 3089/3089/3089
f 3073/3073/3073 3089/3089/3089 3088/3088/3088
f 3074/3074/3074 3075/3075/3075 3090/3090/3090
f 3074/3074/3074 3090/3090/3090 3089/3089/3089
f 3075/3075/3075 3076/3076/3076 3091/3091/3091
f 3075/3075/3075 3091/3091/3091 3090/3090/3090
f 3076/3076/3076 3077/3077/3077 3092/3092/3092
f 3076/3076/3076 3092/3092/3092 3091/3091/3091
f 3077/3077/3077 3078/3078/3078 3093/3093/3093
f 3077/3077/3077 3093/3093/3093 3092/3092/3092
f 3078/3078/3078 3079/3079/3079 3094/3094/3094
f 3078/3078/3078 3094/3094/3094 3093/3093/3093
f 3079/3079/3079 3080/3080/3080 3095/3095/3095
f 3079/3079/3079 3095/3095/3095 3094/3094/3094
f 3080/3080/3080 3081/3081/3081 3096/3096/3096
f 3080/3080/3080 3096/3096/3096 3095/3095/3095
f 3082/3082/3082 3083/3083/3083 3098/3098/3098
f 3082/3082/3082 3098/3098/3098 3097/3097/3097
f 3083/3083/3083 3084/3084/3084 3099/3099/3099
f 3083/3083/3083 3099/3099/3099 3098/3098/3098
f 3084/3084/3084 3085/3085/3085 3100/3100/3100
f 3084/3084/3084 3100/3100/3100 3099/3099/3099
f 3085/3085/3085 3086/3086/3086 3101/3101/3101
f 3085/3085/3085 3101/3101/3101 3100/3100/3100
f 3086/3086/3086 3087/3087/3087 3102/3102/3102
f 3086/3086/3086 3102/3102/3102 3101/3101/3101
f 3087/3087/3087 3088/3088/3088 3103/3103/3103
f 3087/3087/3087 3103/3103/3103 3102/3102/3102
f 3088/3088/3088 3089/3089/3089 3104/3104/3104
f 3088/3088/3088 3104/3104/3104 3103/3103/3103
f 3089/3089/3089 3090/3090/3090 3105/3105/3105
f 3089/3089/3089 3105/3105/3105 3104/3104/3104
f 3090/3090/3090 3091/3091/3091 3106/3106/3106
f 3090/3090/3090 3106/3106/3106 3105/3105/3105
f 3091/3091/3091 3092/3092/3092 3107/3107/3107
f 3091/3091/3091 3107/3107/3107 3106/3106/3106
f 3092/3092/3092 3093/3093/3093 3108/3108/3108
f 3092/3092/3092 3108/3108/3108 3107/3107/3107
f 3093/3093/3093 3094/3094/3094 3109/3109/3109
f 3093/3093/3093 3109/3109/3109 3108/3108/3108
f 3094/3094/3094 3095/3095/3095 3110/3110/3110
f 3094/3094/3094 3110/3110/3110 3109/3109/3109
f 3095/3095/3095 3096/3096/3096 3111/3111/3111
f 3095/3095/3095 3111/3111/3111 3110/3110/3110
f 3097/3097/3097 3098/3098/3098 3113/3113/3113
f 3097/3097/3097 3113/3113/3113 3112/3112/3112
f 3098/3098/3098 3099/3099/3099 3114/3114/3114
f 3098/3098/3098 3114/3114/3114 3113/3113/3113
f 3099/3099/3099 3100/3100/3100 3115/3115/3115
f 3099/3099/3099 3115/3115/3115 3114/3114/3114
f 3100/3100/3100 3101/3101/3101 3116/3116/3116
f 3100/3100/3100 3116/3116/3116 3115/3115/3115
f 3101/3101/3101 3102/3102/3102 3117/3117/3117
f 3101/3101/3101 3117/3117/3117 3116/3116/3116
f 3102/3102/3102 3103/3103/3103 3118/3118/3118
f 3102/3102/3102 3118/3118/3118 3117/3117/3117
f 3103/3103/3103 3104/3104/3104 3119/3119/3119
f 3103/3103/3103 3119/3119/3119 3118/3118/3118
f 3104/3104/3104 3105/3105/3105 3120/3120/3120
f 3104/3104/3104 3120/3120/3120 3119/3119/3119
f 3105/3105/3105 3106/3106/3106 3121/3121/3121
f 3105/3105/3105 3121/3121/3121 3120/3120/3120
f 3106/3106/3106 3107/3107/3107 3122/3122/3122
f 3106/3106/3106 3122/3122/3122 3121/3121/3121
f 3107/3107/3107 3108/3108/3108 3123/3123/3123
f 3107/3107/3107 3123/3123/3123 3122/3122/3122
f 3108/3108/3108 3109/3109/3109 3124/3124/3124
f 3108/3108/3108 3124/3124/3124 3123/3123/3123
f 3109/3109/3109 3110/3110/3110 3125/3125/3125
f 3109/3109/3109 3125/3125/3125 3124/3124/3124
f 3110/3110/3110 3111/3111/3111 3126/3126/3126
f 3110/3110/3110 3126/3126/3126 3125/3125/3125
f 3112/3112/3112 3113/3113/3113 3128/3128/3128
f 3112/3112/3112 3128/3128/3128 3127/3127/3127
f 3113/3113/3113 3114/3114/3114 3129/3129/3129
f 3113/3113/3113 3129/3129/3129 3128/3128/3128
f 3114/3114/3114 3115/3115/3115 3130/3130/3130
f 3114/3114/3114 3130/3130/3130 3129/3129/3129
f 3115/3115/3115 3116/3116/3116 3131/3131/3131
f 3115/3115/3115 3131/3131/3131 3130/3130/3130
f 3116/3116/3116 3117/3117/3117 3132/3132/3132
f 3116/3116/3116 3132/3132/3132 3131/3131/3131
f 3117/3117/3117 3118/3118/3118 3133/3133/3133
f 3117/3117/3117 3133/3133/3133 3132/3132/3132
f 3118/3118/3118 3119/3119/3119 3134/3134/3134
f 3118/3118/3118 3134/3134/3134 3133/3133/3133
f 3119/3119/3119 3120/3120/3120 3135/3135/3135
f 3119/3119/3119 3135/3135/3135 3134/3134/3134
f 3120/3120/3120 3121/3121/3121 3136/3136/3136
f 3120/3120/3120 3136/3136/3136 3135/3135/3135
f 3121/3121/3121 3122/3122/3122 3137/3137/3137
f 3121/3121/3121 3137/3137/3137 3136/3136/3136
f 3122/3122/3122 3123/3123/3123 3138/3138/3138
f 3122/3122/3122 3138/3138/3138 3137/3137/3137
f 3123/3123/3123 3124/3124/3124 3139/3139/3139
f 3123/3123/3123 3139/3139/3139 3138/3138/3138
f 3124/3124/3124 3125/3125/3125 3140/3140/3140
f 3124/3124/3124 3140/3140/3140 3139/3139/3139
f 3125/3125/3125 3126/3126/3126 3141/3141/3141
f 3125/3125/3125 3141/3141/3141 3140/3140/3140
f 3127/3127/3127 3128/3128/3128 3143/3143/3143
f 3127/3127/3127 3143/3143/3143 3142/3142/3142
f 3128/3128/3128 3129/3129/3129 3144/3144/3144
f 3128/3128/3128 3144/3144/3144 3143/3143/3143
f 3129/3129/3129 3130/3130/3130 3145/3145/3145
f 3129/3129/3129 3145/3145/3145 3144/3144/3144
f 3130/3130/3130 3131/3131/3131 3146/3146/3146
f 3130/3130/3130 3146/3146/3146 3145/3145/3145
f 3131/3131/3131 3132/3132/3132 3147/3147/3147
f 3131/3131/3131 3147/3147/3147 3146/3146/3146
f 3132/3132/3132 3133/3133/3133 3148/3148/3148
f 3132/3132/3132 3148/3148/3148 3147/3147/3147
f 3133/3133/3133 3134/3134/3134 3149/3149/3149
f 3133/3133/3133 3149/3149/3149 3148/3148/3148
f 3134/3134/3134 3135/3135/3135 3150/3150/3150
f 3134/3134/3134 3150/3150/3150 3149/3149/3149
f 3135/3135/3135 3136/3136/3136 3151/3151/3151
f 3135/3135/3135 3151/3151/3151 3150/3150/3150
f 3136/3136/3136 3137/3137/3137 3152/3152/3152
f 3136/3136/3136 3152/3152/3152 3151/3151/3151
f 3137/3137/3137 3138/3138/3138 3153/3153/3153
f 3137/3137/3137 3153/3153/3153 3152/3152/3152
f 3138/3138/3138 3139/3139/3139 3154/3154/3154
f 3138/3138/3138 3154/3154/3154 3153/3153/3153
f 3139/3139/3139 3140/3140/3140 3155/3155/3155
f 3139/3139/3139 3155/3155/3155 3154/3154/3154
f 3140/3140/3140 3141/3141/3141 3156/3156/3156
f 3140/3140/3140 3156/3156/3156 3155/3155/3155
f 3142/3142/3142 3143/3143/3143 3158/3158/3158
f 3142/3142/3142 3158/3158/3158 3157/3157/3157
f 3143/3143/3143 3144/3144/3144 3159/3159/3159
f 3143/3143/3143 3159/3159/3159 3158/3158/3158
f 3144/3144/3144 3145/3145/3145 3160/3160/3160
f 3144/3144/3144 3160/3160/3160 3159/3159/3159
f 3145/3145/3145 3146/3146/3146 3161/3161/3161
f 3145/3145/3145 3161/3161/3161 3160/3160/3160
f 3146/3146/3146 3147/3147/3147 3162/3162/3162
f 3146/3146/3146 3162/3162/3162 3161/3161/3161
f 3147/3147/3147 3148/3148/3148 3163/3163/3163
f 3147/3147/3147 3163/3163/3163 3162/3162/3162
f 3148/3148/3148 3149/3149/3149 3164/3164/3164
f 3148/3148/3148 3164/3164/3164 3163/3163/3163
f 3149/3149/3149 3150/3150/3150 3165/3165/3165
f 3149/3149/3149 3165/3165/3165 3164/3164/3164
f 3150/3150/3150 3151/3151/3151 3166/3166/3166
f 3150/3150/3150 3166/3166/3166 3165/3165/3165
f 3151/3151/3151 3152/3152/3152 3167/3167/3167
f 3151/3151/3151 3167/3167/3167 3166/3166/3166
f 3152/3152/3152 3153/3153/3153 3168/3168/3168
f 3152/3152/3152 3168/3168/3168 3167/3167/3167
f 3153/3153/3153 3154/3154/3154 3169/3169/3169
f 3153/3153/3153 3169/3169/3169 3168/3168/3168
f 3154/3154/3154 3155/3155/3155 3170/3170/3170
f 3154/3154/3154 3170/3170/3170 3169/3169/3169
f 3155/3155/3155 3156/3156/3156 3171/3171/3171
f 3155/3155/3155 3171/3171/3171 3170/3170/3170
f 3157/3157/3157 3158/3158/3158 3173/3173/3173
f 3157/3157/3157 3173/3173/3173 3172/3172/3172
f 3158/3158/3158 3159/3159/3159 3174/3174/3174
f 3158/3158/3158 3174/3174/3174 3173/3173/3173
f 3159/3159/3159 3160/3160/3160 3175/3175/3175
f 3159/3159/3159 3175/3175/3175 3174/3174/3174
f 3160/3160/3160 3161/3161/3161 3176/3176/3176
f 3160/3160/3160 3176/3176/3176 3175/3175/3175
f 3161/3161/3161 3162/3162/3162 3177/3177/3177
f 3161/3161/3161 3177/3177/3177 3176/3176/3176
f 3162/3162/3162 3163/3163/3163 3178/3178/3178
f 3162/3162/3162 3178/3178/3178 3177/3177/3177
f 3163/3163/3163 3164/3164/3164 3179/3179/3179
f 3163/3163/3163 3179/3179/3179 3178/3178/3178
f 3164/3164/3164 3165/3165/3165 3180/3180/3180
f 3164/3164/3164 3180/3180/3180 3179/3179/3179
f 3165/3165/3165 3166/3166/3166 3181/3181/3181
f 3165/3165/3165 3181/3181/3181 3180/3180/3180
f 3166/3166/3166 3167/3167/3167 3182/3182/3182
f 3166/3166/3166 3182/3182/3182 3181/3181/3181
f 3167/3167/3167 3168/3168/3168 3183/3183/3183
f 3167/3167/3167 3183/3183/3183 3182/3182/3182
f 3168/3168/3168 3169/3169/3169 3184/3184/3184
f 3168/3168/3168 3184/3184/3184 3183/3183/3183
f 3169/3169/3169 3170/3170/3170 3185/3185/3185
f 3169/3169/3169 3185/3185/3185 3184/3184/3184
f 3170/3170/3170 3171/3171/3171 3186/3186/3186
f 3170/3170/3170 3186/3186/3186 3185/3185/3185
f 3187/3187/3187 3053/3053/3053 3052/3052/3052
f 3187/3187/3187 3054/3054/3054 3053/3053/3053
f 3187/3187/3187 3055/3055/3055 3054/3054/3054
f 3187/3187/3187 3056/3056/3056 3055/3055/3055
f 3187/3187/3187 3057/3057/3057 3056/3056/3056
f 3187/3187/3187 3058/3058/3058 3057/3057/3057
f 3187/3187/3187 3059/3059/3059 3058/3058/3058
f 3187/3187/3187 3060/3060/3060 3059/3059/3059
f 3187/3187/3187 3061/3061/3061 3060/3060/3060
f 3187/3187/3187 3062/3062/3062 3061/3061/3061
f 3187/3187/3187 3063/3063/3063 3062/3062/3062
f 3187/3187/3187 3064/3064/3064 3063/3063/3063
f 3187/3187/3187 3065/3065/3065 3064/3064/3064
f 3187/3187/3187 3066/3066/3066 3065/3065/3065
f 3188/3188/3188 3172/3172/3172 3173/3173/3173
f 3188/3188/3188 3173/3173/3173 3174/3174/3174
f 3188/3188/3188 3174/3174/3174 3175/3175/3175
f 3188/3188/3188 3175/3175/3175 3176/3176/3176
f 3188/3188/3188 3176/3176/3176 3177/3177/3177
f 3188/3188/3188 3177/3177/3177 3178/3178/3178
f 3188/3188/3188 3178/3178/3178 3179/3179/3179
f 3188/3188/3188 3179/3179/3179 3180/3180/3180
f 3188/3188/3188 3180/3180/3180 3181/3181/3181
f 3188/3188/3188 3181/3181/3181 3182/3182/3182
f 3188/3188/3188 3182/3182/3182 3183/3183/3183
f 3188/3188/3188 3183/3183/3183 3184/3184/3184
f 3188/3188/3188 3184/3184/3184 3185/3185/3185
f 3188/3188/3188 3185/3185/3185 3186/3186/3186
o Palm_1
v 10.625520 38.536332 -21.523530
v 11.588051 38.642799 -21.523530
v 11.540941 38.642799 -21.708916
v 11.404224 38.642799 -21.876155
v 11.191281 38.642799 -22.008876
v 10.922958 38.642799 -22.094089
v 10.625520 38.642799 -22.123451
v 10.328082 38.642799 -22.094089
v 10.059759 38.642799 -22.008876
v 9.846817 38.642799 -21.876155
v 9.710099 38.642799 -21.708916
v 9.662990 38.642799 -21.523530
v 9.710099 38.642799 -21.338144
v 9.846817 38.642799 -21.170905
v 10.059759 38.642799 -21.038183
v 10.328082 38.642799 -20.952971
v 10.625520 38.642799 -20.923608
v 10.922958 38.642799 -20.952971
v 11.191281 38.642799 -21.038183
v 11.404224 38.642799 -21.170905
v 11.540941 38.642799 -21.338144
v 11.588051 38.642799 -21.523530
v 12.484986 38.954945 -21.523530
v 12.393977 38.954945 -21.881668
v 12.129860 38.954945 -22.204749
v 11.718487 38.954945 -22.461148
v 11.200127 38.954945 -22.625766
v 10.625520 38.954945 -22.682489
v 10.050914 38.954945 -22.625766
v 9.532553 38.954945 -22.461148
v 9.121181 38.954945 -22.204749
v 8.857063 38.954945 -21.881668
v 8.766054 38.954945 -21.523530
v 8.857063 38.954945 -21.165392
v 9.121181 38.954945 -20.842311
v 9.532553 38.954945 -20.585912
v 10.050914 38.954945 -20.421294
v 10.625520 38.954945 -20.364571
v 11.200127 38.954945 -20.421294
v 11.718487 38.954945 -20.585912
v 12.129860 38.954945 -20.842311
v 12.393977 38.954945 -21.165392
v 12.484986 38.954945 -21.523530
v 13.255202 39.451497 -21.523530
v 13.126496 39.451497 -22.030014
v 12.752978 39.451497 -22.486919
v 12.171209 39.451497 -22.849522
v 11.438137 39.451497 -23.082327
v 10.625520 39.451497 -23.162546
v 9.812904 39.451497 -23.082327
v 9.079832 39.451497 -22.849522
v 8.498063 39.451497 -22.486919
v 8.124544 39.451497 -22.030014
v 7.995838 39.451497 -21.523530
v 8.124544 39.451497 -21.017046
v 8.498063 39.451497 -20.560140
v 9.079832 39.451497 -20.197538
v 9.812904 39.451497 -19.964733
v 10.625520 39.451497 -19.884514
v 11.438137 39.451497 -19.964733
v 12.171209 39.451497 -20.197538
v 12.752978 39.451497 -20.560140
v 13.126496 39.451497 -21.017046
v 13.255202 39.451497 -21.523530
v 13.846210 40.098616 -21.523530
v 13.688578 40.098616 -22.143843
v 13.231113 40.098616 -22.703436
v 12.518594 40.098616 -23.147531
v 11.620768 40.098616 -23.432658
v 10.625520 40.098616 -23.530906
v 9.630272 40.098616 -23.432658
v 8.732446 40.098616 -23.147531
v 8.019928 40.098616 -22.703436
v 7.562462 40.098616 -22.143843
v 7.404831 40.098616 -21.523530
v 7.562462 40.098616 -20.903216
v 8.019928 40.098616 -20.343624
v 8.732446 40.098616 -19.899528
v 9.630272 40.098616 -19.614401
v 10.625520 40.098616 -19.516153
v 11.620768 40.098616 -19.614401
v 12.518594 40.098616 -19.899528
v 13.231113 40.098616 -20.343624
v 13.688578 40.098616 -20.903216
v 13.846210 40.098616 -21.523530
v 14.217733 40.852202 -21.523530
v 14.041917 40.852202 -22.215400
v 13.531681 40.852202 -22.839544
v 12.736970 40.852202 -23.334868
v 11.735575 40.852202 -23.652886
v 10.625520 40.852202 -23.762467
v 9.515465 40.852202 -23.652886
v 8.514071 40.852202 -23.334868
v 7.719359 40.852202 -22.839544
v 7.209123 40.852202 -22.215400
v 7.033308 40.852202 -21.523530
v 7.209123 40.852202 -20.831660
v 7.719359 40.852202 -20.207515
v 8.514071 40.852202 -19.712191
v 9.515465 40.852202 -19.394174
v 10.625520 40.852202 -19.284592
v 11.735575 40.852202 -19.394174
v 12.736970 40.852202 -19.712191
v 13.531681 40.852202 -20.207515
v 14.041917 40.852202 -20.831660
v 14.217733 40.852202 -21.523530
v 14.344452 41.660900 -21.523530
v 14.162435 41.660900 -22.239806
v 13.634199 41.660900 -22.885968
v 12.811454 41.660900 -23.398765
v 11.774733 41.660900 -23.728001
v 10.625520 41.660900 -23.841448
v 9.476307 41.660900 -23.728001
v 8.439587 41.660900 -23.398765
v 7.616841 41.660900 -22.885968
v 7.088606 41.660900 -22.239806
v 6.906588 41.660900 -21.523530
v 7.088606 41.660900 -20.807254
v 7.616841 41.660900 -20.161091
v 8.439587 41.660900 -19.648294
v 9.476307 41.660900 -19.319058
v 10.625520 41.660900 -19.205611
v 11.774733 41.660900 -19.319058
v 12.811454 41.660900 -19.648294
v 13.634199 41.660900 -20.161091
v 14.162435 41.660900 -20.807254
v 14.344452 41.660900 -21.523530
v 14.217733 42.469597 -21.523530
v 14.041917 42.469597 -22.215400
v 13.531681 42.469597 -22.839544
v 12.736970 42.469597 -23.334868
v 11.735575 42.469597 -23.652886
v 10.625520 42.469597 -23.762467
v 9.515465 42.469597 -23.652886
v 8.514071 42.469597 -23.334868
v 7.719359 42.469597 -22.839544
v 7.209123 42.469597 -22.215400
v 7.033308 42.469597 -21.523530
v 7.209123 42.469597 -20.831660
v 7.719359 42.469597 -20.207515
v 8.514071 42.469597 -19.712191
v 9.515465 42.469597 -19.394174
v 10.625520 42.469597 -19.284592
v 11.735575 42.469597 -19.394174
v 12.736970 42.469597 -19.712191
v 13.531681 42.469597 -20.207515
v 14.041917 42.469597 -20.831660
v 14.217733 42.469597 -21.523530
v 13.846210 43.223183 -21.523530
v 13.688578 43.223183 -22.143843
v 13.231113 43.223183 -22.703436
v 12.518594 43.223183 -23.147531
v 11.620768 43.223183 -23.432658
v 10.625520 43.223183 -23.530906
v 9.630272 43.223183 -23.432658
v 8.732446 43.223183 -23.147531
v 8.019928 43.223183 -22.703436
v 7.562462 43.223183 -22.143843
v 7.404831 43.223183 -21.523530
v 7.562462 43.223183 -20.903216
v 8.019928 43.223183 -20.343624
v 8.732446 43.223183 -19.899528
v 9.630272 43.223183 -19.614401
v 10.625520 43.223183 -19.516153
v 11.620768 43.223183 -19.614401
v 12.518594 43.223183 -19.899528
v 13.231113 43.223183 -20.343624
v 13.688578 43.223183 -20.903216
v 13.846210 43.223183 -21.523530
v 13.255202 43.870303 -21.523530
v 13.126496 43.870303 -22.030014
v 12.752978 43.870303 -22.486919
v 12.171209 43.870303 -22.849522
v 11.438137 43.870303 -23.082327
v 10.625520 43.870303 -23.162546
v 9.812904 43.870303 -23.082327
v 9.079832 43.870303 -22.849522
v 8.498063 43.870303 -22.486919
v 8.124544 43.870303 -22.030014
v 7.995838 43.870303 -21.523530
v 8.124544 43.870303 -21.017046
v 8.498063 43.870303 -20.560140
v 9.079832 43.870303 -20.197538
v 9.812904 43.870303 -19.964733
v 10.625520 43.870303 -19.884514
v 11.438137 43.870303 -19.964733
v 12.171209 43.870303 -20.197538
v 12.752978 43.870303 -20.560140
v 13.126496 43.870303 -21.017046
v 13.255202 43.870303 -21.523530
v 12.484986 44.366854 -21.523530
v 12.393977 44.366854 -21.881668
v 12.129860 44.366854 -22.204749
v 11.718487 44.366854 -22.461148
v 11.200127 44.366854 -22.625766
v 10.625520 44.366854 -22.682489
v 10.050914 44.366854 -22.625766
v 9.532553 44.366854 -22.461148
v 9.121181 44.366854 -22.204749
v 8.857063 44.366854 -21.881668
v 8.766054 44.366854 -21.523530
v 8.857063 44.366854 -21.165392
v 9.121181 44.366854 -20.842311
v 9.532553 44.366854 -20.585912
v 10.050914 44.366854 -20.421294
v 10.625520 44.366854 -20.364571
v 11.200127 44.366854 -20.421294
v 11.718487 44.366854 -20.585912
v 12.129860 44.366854 -20.842311
v 12.393977 44.366854 -21.165392
v 12.484986 44.366854 -21.523530
v 11.588051 44.679000 -21.523530
v 11.540941 44.679000 -21.708916
v 11.404224 44.679000 -21.876155
v 11.191281 44.679000 -22.008876
v 10.922958 44.679000 -22.094089
v 10.625520 44.679000 -22.123451
v 10.328082 44.679000 -22.094089
v 10.059759 44.679000 -22.008876
v 9.846817 44.679000 -21.876155
v 9.710099 44.679000 -21.708916
v 9.662990 44.679000 -21.523530
v 9.710099 44.679000 -21.338144
v 9.846817 44.679000 -21.170905
v 10.059759 44.679000 -21.038183
v 10.328082 44.679000 -20.952971
v 10.625520 44.679000 -20.923608
v 10.922958 44.679000 -20.952971
v 11.191281 44.679000 -21.038183
v 11.404224 44.679000 -21.170905
v 11.540941 44.679000 -21.338144
v 11.588051 44.679000 -21.523530
v 10.625520 44.785467 -21.523530
vt 0.5000000 0.6996875
vt 0.0865625 0.8056375
vt 0.1279062 0.8056375
vt 0.1692500 0.8056375
vt 0.2105938 0.8056375
vt 0.2519375 0.8056375
vt 0.2932813 0.8056375
vt 0.3346250 0.8056375
vt 0.3759688 0.8056375
vt 0.4173125 0.8056375
vt 0.4586563 0.8056375
vt 0.5000000 0.8056375
vt 0.5413438 0.8056375
vt 0.5826875 0.8056375
vt 0.6240313 0.8056375
vt 0.6653750 0.8056375
vt 0.7067187 0.8056375
vt 0.7480625 0.8056375
vt 0.7894062 0.8056375
vt 0.8307500 0.8056375
vt 0.8720937 0.8056375
vt 0.9134375 0.8056375
vt 0.0865625 0.7946797
vt 0.1279062 0.7946797
vt 0.1692500 0.7946797
vt 0.2105938 0.7946797
vt 0.2519375 0.7946797
vt 0.2932813 0.7946797
vt 0.3346250 0.7946797
vt 0.3759688 0.7946797
vt 0.4173125 0.7946797
vt 0.4586563 0.7946797
vt 0.5000000 0.7946797
vt 0.5413438 0.7946797
vt 0.5826875 0.7946797
vt 0.6240313 0.7946797
vt 0.6653750 0.7946797
vt 0.7067187 0.7946797
vt 0.7480625 0.7946797
vt 0.7894062 0.7946797
vt 0.8307500 0.7946797
vt 0.8720937 0.7946797
vt 0.9134375 0.7946797
vt 0.0865625 0.7772483
vt 0.1279062 0.7772483
vt 0.1692500 0.7772483
vt 0.2105938 0.7772483
vt 0.2519375 0.7772483
vt 0.2932813 0.7772483
vt 0.3346250 0.7772483
vt 0.3759688 0.7772483
vt 0.4173125 0.7772483
vt 0.4586563 0.7772483
vt 0.5000000 0.7772483
vt 0.5413438 0.7772483
vt 0.5826875 0.7772483
vt 0.6240313 0.7772483
vt 0.6653750 0.7772483
vt 0.7067187 0.7772483
vt 0.7480625 0.7772483
vt 0.7894062 0.7772483
vt 0.8307500 0.7772483
vt 0.8720937 0.7772483
vt 0.9134375 0.7772483
vt 0.0865625 0.7545312
vt 0.1279062 0.7545312
vt 0.1692500 0.7545312
vt 0.2105938 0.7545312
vt 0.2519375 0.7545312
vt 0.2932813 0.7545312
vt 0.3346250 0.7545312
vt 0.3759688 0.7545312
vt 0.4173125 0.7545312
vt 0.4586563 0.7545312
vt 0.5000000 0.7545312
vt 0.5413438 0.7545312
vt 0.5826875 0.7545312
vt 0.6240313 0.7545312
vt 0.6653750 0.7545312
vt 0.7067187 0.7545312
vt 0.7480625 0.7545312
vt 0.7894062 0.7545312
vt 0.8307500 0.7545312
vt 0.8720937 0.7545312
vt 0.9134375 0.7545312
vt 0.0865625 0.7280767
vt 0.1279062 0.7280767
vt 0.1692500 0.7280767
vt 0.2105938 0.7280767
vt 0.2519375 0.7280767
vt 0.2932813 0.7280767
vt 0.3346250 0.7280767
vt 0.3759688 0.7280767
vt 0.4173125 0.7280767
vt 0.4586563 0.7280767
vt 0.5000000 0.7280767
vt 0.5413438 0.7280767
vt 0.5826875 0.7280767
vt 0.6240313 0.7280767
vt 0.6653750 0.7280767
vt 0.7067187 0.7280767
vt 0.7480625 0.7280767
vt 0.7894062 0.7280767
vt 0.8307500 0.7280767
vt 0.8720937 0.7280767
vt 0.9134375 0.7280767
vt 0.0865625 0.6996875
vt 0.1279062 0.6996875
vt 0.1692500 0.6996875
vt 0.2105938 0.6996875
vt 0.2519375 0.6996875
vt 0.2932813 0.6996875
vt 0.3346250 0.6996875
vt 0.3759688 0.6996875
vt 0.4173125 0.6996875
vt 0.4586563 0.6996875
vt 0.5000000 0.6996875
vt 0.5413438 0.6996875
vt 0.5826875 0.6996875
vt 0.6240313 0.6996875
vt 0.6653750 0.6996875
vt 0.7067187 0.6996875
vt 0.7480625 0.6996875
vt 0.7894062 0.6996875
vt 0.8307500 0.6996875
vt 0.8720937 0.6996875
vt 0.9134375 0.6996875
vt 0.0865625 0.6712983
vt 0.1279062 0.6712983
vt 0.1692500 0.6712983
vt 0.2105938 0.6712983
vt 0.2519375 0.6712983
vt 0.2932813 0.6712983
vt 0.3346250 0.6712983
vt 0.3759688 0.6712983
vt 0.4173125 0.6712983
vt 0.4586563 0.6712983
vt 0.5000000 0.6712983
vt 0.5413438 0.6712983
vt 0.5826875 0.6712983
vt 0.6240313 0.6712983
vt 0.6653750 0.6712983
vt 0.7067187 0.6712983
vt 0.7480625 0.6712983
vt 0.7894062 0.6712983
vt 0.8307500 0.6712983
vt 0.8720937 0.6712983
vt 0.9134375 0.6712983
vt 0.0865625 0.6448438
vt 0.1279062 0.6448438
vt 0.1692500 0.6448438
vt 0.2105938 0.6448438
vt 0.2519375 0.6448438
vt 0.2932813 0.6448438
vt 0.3346250 0.6448438
vt 0.3759688 0.6448438
vt 0.4173125 0.6448438
vt 0.4586563 0.6448438
vt 0.5000000 0.6448438
vt 0.5413438 0.6448438
vt 0.5826875 0.6448438
vt 0.6240313 0.6448438
vt 0.6653750 0.6448438
vt 0.7067187 0.6448438
vt 0.7480625 0.6448438
vt 0.7894062 0.6448438
vt 0.8307500 0.6448438
vt 0.8720937 0.6448438
vt 0.9134375 0.6448438
vt 0.0865625 0.6221267
vt 0.1279062 0.6221267
vt 0.1692500 0.6221267
vt 0.2105938 0.6221267
vt 0.2519375 0.6221267
vt 0.2932813 0.6221267
vt 0.3346250 0.6221267
vt 0.3759688 0.6221267
vt 0.4173125 0.6221267
vt 0.4586563 0.6221267
vt 0.5000000 0.6221267
vt 0.5413438 0.6221267
vt 0.5826875 0.6221267
vt 0.6240313 0.6221267
vt 0.6653750 0.6221267
vt 0.7067187 0.6221267
vt 0.7480625 0.6221267
vt 0.7894062 0.6221267
vt 0.8307500 0.6221267
vt 0.8720937 0.6221267
vt 0.9134375 0.6221267
vt 0.0865625 0.6046953
vt 0.1279062 0.6046953
vt 0.1692500 0.6046953
vt 0.2105938 0.6046953
vt 0.2519375 0.6046953
vt 0.2932813 0.6046953
vt 0.3346250 0.6046953
vt 0.3759688 0.6046953
vt 0.4173125 0.6046953
vt 0.4586563 0.6046953
vt 0.5000000 0.6046953
vt 0.5413438 0.6046953
vt 0.5826875 0.6046953
vt 0.6240313 0.6046953
vt 0.6653750 0.6046953
vt 0.7067187 0.6046953
vt 0.7480625 0.6046953
vt 0.7894062 0.6046953
vt 0.8307500 0.6046953
vt 0.8720937 0.6046953
vt 0.9134375 0.6046953
vt 0.0865625 0.5937375
vt 0.1279062 0.5937375
vt 0.1692500 0.5937375
vt 0.2105938 0.5937375
vt 0.2519375 0.5937375
vt 0.2932813 0.5937375
vt 0.3346250 0.5937375
vt 0.3759688 0.5937375
vt 0.4173125 0.5937375
vt 0.4586563 0.5937375
vt 0.5000000 0.5937375
vt 0.5413438 0.5937375
vt 0.5826875 0.5937375
vt 0.6240313 0.5937375
vt 0.6653750 0.5937375
vt 0.7067187 0.5937375
vt 0.7480625 0.5937375
vt 0.7894062 0.5937375
vt 0.8307500 0.5937375
vt 0.8720937 0.5937375
vt 0.9134375 0.5937375
vt 0.5000000 0.6996875
vn 0.0000000 -1.0000000 0.0000000
vn 0.2553264 -0.9664732 -0.0271658
vn 0.2359800 -0.9598933 -0.1513881
vn 0.1926291 -0.9468986 -0.2574435
vn 0.1316369 -0.9328679 -0.3353048
vn 0.0599725 -0.9230009 -0.3800955
vn -0.0161279 -0.9205874 -0.3902034
vn -0.0910629 -0.9263869 -0.3653968
vn -0.1590425 -0.9385445 -0.3063326
vn -0.2134608 -0.9528369 -0.2157229
vn -0.2473512 -0.9637034 -0.1004646
vn -0.2553264 -0.9664732 0.0271658
vn -0.2359800 -0.9598933 0.1513881
vn -0.1926291 -0.9468986 0.2574435
vn -0.1316369 -0.9328679 0.3353048
vn -0.0599725 -0.9230009 0.3800955
vn 0.0161279 -0.9205874 0.3902034
vn 0.0910629 -0.9263869 0.3653968
vn 0.1590425 -0.9385445 0.3063326
vn 0.2134608 -0.9528369 0.2157229
vn 0.2473512 -0.9637034 0.1004646
vn 0.2553264 -0.9664732 -0.0271658
vn 0.4525045 -0.8914100 -0.0250559
vn 0.4178143 -0.8752440 -0.2436784
vn 0.3369710 -0.8416236 -0.4220430
vn 0.2292426 -0.8066161 -0.5448103
vn 0.1097093 -0.7824980 -0.6129117
vn -0.0135826 -0.7753012 -0.6314456
vn -0.1364742 -0.7864707 -0.6023609
vn -0.2543201 -0.8136957 -0.5227050
vn -0.3576937 -0.8496750 -0.3874372
vn -0.4300102 -0.8808139 -0.1981364
vn -0.4525045 -0.8914100 0.0250559
vn -0.4178143 -0.8752440 0.2436784
vn -0.3369710 -0.8416236 0.4220430
vn -0.2292426 -0.8066161 0.5448103
vn -0.1097093 -0.7824980 0.6129117
vn 0.0135826 -0.7753012 0.6314456
vn 0.1364742 -0.7864707 0.6023609
vn 0.2543201 -0.8136957 0.5227050
vn 0.3576937 -0.8496750 0.3874372
vn 0.4300102 -0.8808139 0.1981364
vn 0.4525045 -0.8914100 -0.0250559
vn 0.6517639 -0.7581225 -0.0213095
vn 0.5947668 -0.7322756 -0.3317001
vn 0.4657766 -0.6797467 -0.5665656
vn 0.3091732 -0.6294880 -0.7128512
vn 0.1486546 -0.5970003 -0.7883479
vn -0.0102825 -0.5869286 -0.8095734
vn -0.1693922 -0.5999878 -0.7818701
vn -0.3299788 -0.6351891 -0.6983186
vn -0.4848542 -0.6869416 -0.5413203
vn -0.6072504 -0.7378099 -0.2947600
vn -0.6517639 -0.7581225 0.0213095
vn -0.5947668 -0.7322756 0.3317001
vn -0.4657766 -0.6797467 0.5665656
vn -0.3091732 -0.6294880 0.7128512
vn -0.1486546 -0.5970003 0.7883479
vn 0.0102825 -0.5869286 0.8095734
vn 0.1693922 -0.5999878 0.7818701
vn 0.3299788 -0.6351891 0.6983186
vn 0.4848542 -0.6869416 0.5413203
vn 0.6072504 -0.7378099 0.2947600
vn 0.6517639 -0.7581225 -0.0213095
vn 0.8280965 -0.5603642 -0.0157508
vn 0.7444480 -0.5317330 -0.4038035
vn 0.5643460 -0.4761394 -0.6743923
vn 0.3652301 -0.4274469 -0.8269801
vn 0.1750545 -0.3978527 -0.9005938
vn -0.0068080 -0.3886046 -0.9213795
vn -0.1890304 -0.3993699 -0.8970904
vn -0.3800478 -0.4305066 -0.8186744
vn -0.5792648 -0.4803793 -0.6585500
vn -0.7553387 -0.5353715 -0.3779429
vn -0.8280965 -0.5603642 0.0157508
vn -0.7444480 -0.5317330 0.4038035
vn -0.5643460 -0.4761394 0.6743923
vn -0.3652301 -0.4274469 0.8269801
vn -0.1750545 -0.3978527 0.9005938
vn 0.0068080 -0.3886046 0.9213795
vn 0.1890304 -0.3993699 0.8970904
vn 0.3800478 -0.4305066 0.8186744
vn 0.5792648 -0.4803793 0.6585500
vn 0.7553387 -0.5353715 0.3779429
vn 0.8280965 -0.5603642 -0.0157508
vn 0.9537659 -0.3004320 -0.0084446
vn 0.8475257 -0.2812098 -0.4501347
vn 0.6270250 -0.2451187 -0.7394298
vn 0.3989503 -0.2154348 -0.8913061
vn 0.1910446 -0.1981054 -0.9613825
vn -0.0033751 -0.1926501 -0.9812617
vn -0.1980465 -0.1985067 -0.9598816
vn -0.4066316 -0.2162722 -0.8876244
vn -0.6352594 -0.2463543 -0.7319529
vn -0.8540532 -0.2823612 -0.4368814
vn -0.9537659 -0.3004320 0.0084446
vn -0.8475257 -0.2812098 0.4501347
vn -0.6270250 -0.2451187 0.7394298
vn -0.3989503 -0.2154348 0.8913061
vn -0.1910446 -0.1981054 0.9613825
vn 0.0033751 -0.1926501 0.9812617
vn 0.1980465 -0.1985067 0.9598816
vn 0.4066316 -0.2162722 0.8876244
vn 0.6352594 -0.2463543 0.7319529
vn 0.8540532 -0.2823612 0.4368814
vn 0.9537659 -0.3004320 -0.0084446
vn 1.0000000 -0.0000000 -0.0000000
vn 0.8867408 -0.0000000 -0.4622669
vn 0.6511072 0.0000000 -0.7589858
vn 0.4125120 -0.0000000 -0.9109522
vn 0.1984852 0.0000000 -0.9801039
vn 0.0000000 -0.0000000 -1.0000000
vn -0.1984852 -0.0000000 -0.9801039
vn -0.4125120 0.0000000 -0.9109522
vn -0.6511072 0.0000000 -0.7589858
vn -0.8867408 -0.0000000 -0.4622669
vn -1.0000000 0.0000000 -0.0000000
vn -0.8867408 0.0000000 0.4622669
vn -0.6511072 0.0000000 0.7589858
vn -0.4125120 0.0000000 0.9109522
vn -0.1984852 0.0000000 0.9801039
vn -0.0000000 0.0000000 1.0000000
vn 0.1984852 -0.0000000 0.9801039
vn 0.4125120 0.0000000 0.9109522
vn 0.6511072 -0.0000000 0.7589858
vn 0.8867408 0.0000000 0.4622669
vn 1.0000000 -0.0000000 -0.0000000
vn 0.9537659 0.3004320 0.0084446
vn 0.8540532 0.2823612 -0.4368814
vn 0.6352594 0.2463543 -0.7319529
vn 0.4066316 0.2162722 -0.8876244
vn 0.1980465 0.1985067 -0.9598816
vn 0.0033751 0.1926501 -0.9812617
vn -0.1910446 0.1981054 -0.9613825
vn -0.3989503 0.2154348 -0.8913061
vn -0.6270250 0.2451187 -0.7394298
vn -0.8475257 0.2812098 -0.4501347
vn -0.9537659 0.3004320 -0.0084446
vn -0.8540532 0.2823612 0.4368814
vn -0.6352594 0.2463543 0.7319529
vn -0.4066316 0.2162722 0.8876244
vn -0.1980465 0.1985067 0.9598816
vn -0.0033751 0.1926501 0.9812617
vn 0.1910446 0.1981054 0.9613825
vn 0.3989503 0.2154348 0.8913061
vn 0.6270250 0.2451187 0.7394298
vn 0.8475257 0.2812098 0.4501347
vn 0.9537659 0.3004320 0.0084446
vn 0.8280965 0.5603642 0.0157508
vn 0.7553387 0.5353715 -0.3779429
vn 0.5792648 0.4803793 -0.6585500
vn 0.3800478 0.4305066 -0.8186744
vn 0.1890304 0.3993699 -0.8970904
vn 0.0068080 0.3886046 -0.9213795
vn -0.1750545 0.3978527 -0.9005938
vn -0.3652301 0.4274469 -0.8269801
vn -0.5643460 0.4761394 -0.6743923
vn -0.7444480 0.5317330 -0.4038035
vn -0.8280965 0.5603642 -0.0157508
vn -0.7553387 0.5353715 0.3779429
vn -0.5792648 0.4803793 0.6585500
vn -0.3800478 0.4305066 0.8186744
vn -0.1890304 0.3993699 0.8970904
vn -0.0068080 0.3886046 0.9213795
vn 0.1750545 0.3978527 0.9005938
vn 0.3652301 0.4274469 0.8269801
vn 0.5643460 0.4761394 0.6743923
vn 0.7444480 0.5317330 0.4038035
vn 0.8280965 0.5603642 0.0157508
vn 0.6517639 0.7581225 0.0213095
vn 0.6072504 0.7378099 -0.2947600
vn 0.4848542 0.6869416 -0.5413203
vn 0.3299788 0.6351891 -0.6983186
vn 0.1693922 0.5999878 -0.7818701
vn 0.0102825 0.5869286 -0.8095734
vn -0.1486546 0.5970003 -0.7883479
vn -0.3091732 0.6294880 -0.7128512
vn -0.4657766 0.6797467 -0.5665656
vn -0.5947668 0.7322756 -0.3317001
vn -0.6517639 0.7581225 -0.0213095
vn -0.6072504 0.7378099 0.2947600
vn -0.4848542 0.6869416 0.5413203
vn -0.3299788 0.6351891 0.6983186
vn -0.1693922 0.5999878 0.7818701
vn -0.0102825 0.5869286 0.8095734
vn 0.1486546 0.5970003 0.7883479
vn 0.3091732 0.6294880 0.7128512
vn 0.4657766 0.6797467 0.5665656
vn 0.5947668 0.7322756 0.3317001
vn 0.6517639 0.7581225 0.0213095
vn 0.4525045 0.8914100 0.0250559
vn 0.4300102 0.8808139 -0.1981364
vn 0.3576937 0.8496750 -0.3874372
vn 0.2543201 0.8136957 -0.5227050
vn 0.1364742 0.7864707 -0.6023609
vn 0.0135826 0.7753012 -0.6314456
vn -0.1097093 0.7824980 -0.6129117
vn -0.2292426 0.8066161 -0.5448103
vn -0.3369710 0.8416236 -0.4220430
vn -0.4178143 0.8752440 -0.2436784
vn -0.4525045 0.8914100 -0.0250559
vn -0.4300102 0.8808139 0.1981364
vn -0.3576937 0.8496750 0.3874372
vn -0.2543201 0.8136957 0.5227050
vn -0.1364742 0.7864707 0.6023609
vn -0.0135826 0.7753012 0.6314456
vn 0.1097093 0.7824980 0.6129117
vn 0.2292426 0.8066161 0.5448103
vn 0.3369710 0.8416236 0.4220430
vn 0.4178143 0.8752440 0.2436784
vn 0.4525045 0.8914100 0.0250559
vn 0.2553264 0.9664732 0.0271658
vn 0.2473512 0.9637034 -0.1004646
vn 0.2134608 0.9528369 -0.2157229
vn 0.1590425 0.9385445 -0.3063326
vn 0.0910629 0.9263869 -0.3653968
vn 0.0161279 0.9205874 -0.3902034
vn -0.0599725 0.9230009 -0.3800955
vn -0.1316369 0.9328679 -0.3353048
vn -0.1926291 0.9468986 -0.2574435
vn -0.2359800 0.9598933 -0.1513881
vn -0.2553264 0.9664732 -0.0271658
vn -0.2473512 0.9637034 0.1004646
vn -0.2134608 0.9528369 0.2157229
vn -0.1590425 0.9385445 0.3063326
vn -0.0910629 0.9263869 0.3653968
vn -0.0161279 0.9205874 0.3902034
vn 0.0599725 0.9230009 0.3800955
vn 0.1316369 0.9328679 0.3353048
vn 0.1926291 0.9468986 0.2574435
vn 0.2359800 0.9598933 0.1513881
vn 0.2553264 0.9664732 0.0271658
vn 0.0000000 1.0000000 0.0000000
s 1
f 3189/3189/3189 3191/3191/3191 3190/3190/3190
f 3189/3189/3189 3192/3192/3192 3191/3191/3191
f 3189/3189/3189 3193/3193/3193 3192/3192/3192
f 3189/3189/3189 3194/3194/3194 3193/3193/3193
f 3189/3189/3189 3195/3195/3195 3194/3194/3194
f 3189/3189/3189 3196/3196/3196 3195/3195/3195
f 3189/3189/3189 3197/3197/3197 3196/3196/3196
f 3189/3189/3189 3198/3198/3198 3197/3197/3197
f 3189/3189/3189 3199/3199/3199 3198/3198/3198
f 3189/3189/3189 3200/3200/3200 3199/3199/3199
f 3189/3189/3189 3201/3201/3201 3200/3200/3200
f 3189/3189/3189 3202/3202/3202 3201/3201/3201
f 3189/3189/3189 3203/3203/3203 3202/3202/3202
f 3189/3189/3189 3204/3204/3204 3203/3203/3203
f 3189/3189/3189 3205/3205/3205 3204/3204/3204
f 3189/3189/3189 3206/3206/3206 3205/3205/3205
f 3189/3189/3189 3207/3207/3207 3206/3206/3206
f 3189/3189/3189 3208/3208/3208 3207/3207/3207
f 3189/3189/3189 3209/3209/3209 3208/3208/3208
f 3189/3189/3189 3210/3210/3210 3209/3209/3209
f 3190/3190/3190 3191/3191/3191 3212/3212/3212
f 3190/3190/3190 3212/3212/3212 3211/3211/3211
f 3191/3191/3191 3192/3192/3192 3213/3213/3213
f 3191/3191/3191 3213/3213/3213 3212/3212/3212
f 3192/3192/3192 3193/3193/3193 3214/3214/3214
f 3192/3192/3192 3214/3214/3214 3213/3213/3213
f 3193/3193/3193 3194/3194/3194 3215/3215/3215
f 3193/3193/3193 3215/3215/3215 3214/3214/3214
f 3194/3194/3194 3195/3195/3195 3216/3216/3216
f 3194/3194/3194 3216/3216/3216 3215/3215/3215
f 3195/3195/3195 3196/3196/3196 3217/3217/3217
f 3195/3195/3195 3217/3217/3217 3216/3216/3216
f 3196/3196/3196 3197/3197/3197 3218/3218/3218
f 3196/3196/3196 3218/3218/3218 3217/3217/3217
f 3197/3197/3197 3198/3198/3198 3219/3219/3219
f 3197/3197/3197 3219/3219/3219 3218/3218/3218
f 3198/3198/3198 3199/3199/3199 3220/3220/3220
f 3198/3198/3198 3220/3220/3220 3219/3219/3219
f 3199/3199/3199 3200/3200/3200 3221/3221/3221
f 3199/3199/3199 3221/3221/3221 3220/3220/3220
f 3200/3200/3200 3201/3201/3201 3222/3222/3222
f 3200/3200/3200 3222/3222/3222 3221/3221/3221
f 3201/3201/3201 3202/3202/3202 3223/3223/3223
f 3201/3201/3201 3223/3223/3223 3222/3222/3222
f 3202/3202/3202 3203/3203/3203 3224/3224/3224
f 3202/3202/3202 3224/3224/3224 3223/3223/3223
f 3203/3203/3203 3204/3204/3204 3225/3225/3225
f 3203/3203/3203 3225/3225/3225 3224/3224/3224
f 3204/3204/3204 3205/3205/3205 3226/3226/3226
f 3204/3204/3204 3226/3226/3226 3225/3225/3225
f 3205/3205/3205 3206/3206/3206 3227/3227/3227
f 3205/3205/3205 3227/3227/3227 3226/3226/3226
f 3206/3206/3206 3207/3207/3207 3228/3228/3228
f 3206/3206/3206 3228/3228/3228 3227/3227/3227
f 3207/3207/3207 3208/3208/3208 3229/3229/3229
f 3207/3207/3207 3229/3229/3229 3228/3228/3228
f 3208/3208/3208 3209/3209/3209 3230/3230/3230
f 3208/3208/3208 3230/3230/3230 3229/3229/3229
f 3209/3209/3209 3210/3210/3210 3231/3231/3231
f 3209/3209/3209 3231/3231/3231 3230/3230/3230
f 3211/3211/3211 3212/3212/3212 3233/3233/3233
f 3211/3211/3211 3233/3233/3233 3232/3232/3232
f 3212/3212/3212 3213/3213/3213 3234/3234/3234
f 3212/3212/3212 3234/3234/3234 3233/3233/3233
f 3213/3213/3213 3214/3214/3214 3235/3235/3235
f 3213/3213/3213 3235/3235/3235 3234/3234/3234
f 3214/3214/3214 3215/3215/3215 3236/3236/3236
f 3214/3214/3214 3236/3236/3236 3235/3235/3235
f 3215/3215/3215 3216/3216/3216 3237/3237/3237
f 3215/3215/3215 3237/3237/3237 3236/3236/3236
f 3216/3216/3216 3217/3217/3217 3238/3238/3238
f 3216/3216/3216 3238/3238/3238 3237/3237/3237
f 3217/3217/3217 3218/3218/3218 3239/3239/3239
f 3217/3217/3217 3239/3239/3239 3238/3238/3238
f 3218/3218/3218 3219/3219/3219 3240/3240/3240
f 3218/3218/3218 3240/3240/3240 3239/3239/3239
f 3219/3219/3219 3220/3220/3220 3241/3241/3241
f 3219/3219/3219 3241/3241/3241 3240/3240/3240
f 3220/3220/3220 3221/3221/3221 3242/3242/3242
f 3220/3220/3220 3242/3242/3242 3241/3241/3241
f 3221/3221/3221 3222/3222/3222 3243/3243/3243
f 3221/3221/3221 3243/3243/3243 3242/3242/3242
f 3222/3222/3222 3223/3223/3223 3244/3244/3244
f 3222/3222/3222 3244/3244/3244 3243/3243/3243
f 3223/3223/3223 3224/3224/3224 3245/3245/3245
f 3223/3223/3223 3245/3245/3245 3244/3244/3244
f 3224/3224/3224 3225/3225/3225 3246/3246/3246
f 3224/3224/3224 3246/3246/3246 3245/3245/3245
f 3225/3225/3225 3226/3226/3226 3247/3247/3247
f 3225/3225/3225 3247/3247/3247 3246/3246/3246
f 3226/3226/3226 3227/3227/3227 3248/3248/3248
f 3226/3226/3226 3248/3248/3248 3247/3247/3247
f 3227/3227/3227 3228/3228/3228 3249/3249/3249
f 3227/3227/3227 3249/3249/3249 3248/3248/3248
f 3228/3228/3228 3229/3229/3229 3250/3250/3250
f 3228/3228/3228 3250/3250/3250 3249/3249/3249
f 3229/3229/3229 3230/3230/3230 3251/3251/3251
f 3229/3229/3229 3251/3251/3251 3250/3250/3250
f 3230/3230/3230 3231/3231/3231 3252/3252/3252
f 3230/3230/3230 3252/3252/3252 3251/3251/3251
f 3232/3232/3232 3233/3233/3233 3254/3254/3254
f 3232/3232/3232 3254/3254/3254 3253/3253/3253
f 3233/3233/3233 3234/3234/3234 3255/3255/3255
f 3233/3233/3233 3255/3255/3255 3254/3254/3254
f 3234/3234/3234 3235/3235/3235 3256/3256/3256
f 3234/3234/3234 3256/3256/3256 3255/3255/3255
f 3235/3235/3235 3236/3236/3236 3257/3257/3257
f 3235/3235/3235 3257/3257/3257 3256/3256/3256
f 3236/3236/3236 3237/3237/3237 3258/3258/3258
f 3236/3236/3236 3258/3258/3258 3257/3257/3257
f 3237/3237/3237 3238/3238/3238 3259/3259/3259
f 3237/3237/3237 3259/3259/3259 3258/3258/3258
f 3238/3238/3238 3239/3239/3239 3260/3260/3260
f 3238/3238/3238 3260/3260/3260 3259/3259/3259
f 3239/3239/3239 3240/3240/3240 3261/3261/3261
f 3239/3239/3239 3261/3261/3261 3260/3260/3260
f 3240/3240/3240 3241/3241/3241 3262/3262/3262
f 3240/3240/3240 3262/3262/3262 3261/3261/3261
f 3241/3241/3241 3242/3242/3242 3263/3263/3263
f 3241/3241/3241 3263/3263/3263 3262/3262/3262
f 3242/3242/3242 3243/3243/3243 3264/3264/3264
f 3242/3242/3242 3264/3264/3264 3263/3263/3263
f 3243/3243/3243 3244/3244/3244 3265/3265/3265
f 3243/3243/3243 3265/3265/3265 3264/3264/3264
f 3244/3244/3244 3245/3245/3245 3266/3266/3266
f 3244/3244/3244 3266/3266/3266 3265/3265/3265
f 3245/3245/3245 3246/3246/3246 3267/3267/3267
f 3245/3245/3245 3267/3267/3267 3266/3266/3266
f 3246/3246/3246 3247/3247/3247 3268/3268/3268
f 3246/3246/3246 3268/3268/3268 3267/3267/3267
f 3247/3247/3247 3248/3248/3248 3269/3269/3269
f 3247/3247/3247 3269/3269/3269 3268/3268/3268
f 3248/3248/3248 3249/3249/3249 3270/3270/3270
f 3248/3248/3248 3270/3270/3270 3269/3269/3269
f 3249/3249/3249 3250/3250/3250 3271/3271/3271
f 3249/3249/3249 3271/3271/3271 3270/3270/3270
f 3250/3250/3250 3251/3251/3251 3272/3272/3272
f 3250/3250/3250 3272/3272/3272 3271/3271/3271
f 3251/3251/3251 3252/3252/3252 3273/3273/3273
f 3251/3251/3251 3273/3273/3273 3272/3272/3272
f 3253/3253/3253 3254/3254/3254 3275/3275/3275
f 3253/3253/3253 3275/3275/3275 3274/3274/3274
f 3254/3254/3254 3255/3255/3255 3276/3276/3276
f 3254/3254/3254 3276/3276/3276 3275/3275/3275
f 3255/3255/3255 3256/3256/3256 3277/3277/3277
f 3255/3255/3255 3277/3277/3277 3276/3276/3276
f 3256/3256/3256 3257/3257/3257 3278/3278/3278
f 3256/3256/3256 3278/3278/3278 3277/3277/3277
f 3257/3257/3257 3258/3258/3258 3279/3279/3279
f 3257/3257/3257 3279/3279/3279 3278/3278/3278
f 3258/3258/3258 3259/3259/3259 3280/3280/3280
f 3258/3258/3258 3280/3280/3280 3279/3279/3279
f 3259/3259/3259 3260/3260/3260 3281/3281/3281
f 3259/3259/3259 3281/3281/3281 3280/3280/3280
f 3260/3260/3260 3261/3261/3261 3282/3282/3282
f 3260/3260/3260 3282/3282/3282 3281/3281/3281
f 3261/3261/3261 3262/3262/3262 3283/3283/3283
f 3261/3261/3261 3283/3283/3283 3282/3282/3282
f 3262/3262/3262 3263/3263/3263 3284/3284/3284
f 3262/3262/3262 3284/3284/3284 3283/3283/3283
f 3263/3263/3263 3264/3264/3264 3285/3285/3285
f 3263/3263/3263 3285/3285/3285 3284/3284/3284
f 3264/3264/3264 3265/3265/3265 3286/3286/3286
f 3264/3264/3264 3286/3286/3286 3285/3285/3285
f 3265/3265/3265 3266/3266/3266 3287/3287/3287
f 3265/3265/3265 3287/3287/3287 3286/3286/3286
f 3266/3266/3266 3267/3267/3267 3288/3288/3288
f 3266/3266/3266 3288/3288/3288 3287/3287/3287
f 3267/3267/3267 3268/3268/3268 3289/3289/3289
f 3267/3267/3267 3289/3289/3289 3288/3288/3288
f 3268/3268/3268 3269/3269/3269 3290/3290/3290
f 3268/3268/3268 3290/3290/3290 3289/3289/3289
f 3269/3269/3269 3270/3270/3270 3291/3291/3291
f 3269/3269/3269 3291/3291/3291 3290/3290/3290
f 3270/3270/3270 3271/3271/3271 3292/3292/3292
f 3270/3270/3270 3292/3292/3292 3291/3291/3291
f 3271/3271/3271 3272/3272/3272 3293/3293/3293
f 3271/3271/3271 3293/3293/3293 3292/3292/3292
f 3272/3272/3272 3273/3273/3273 3294/3294/3294
f 3272/3272/3272 3294/3294/3294 3293/3293/3293
f 3274/3274/3274 3275/3275/3275 3296/3296/3296
f 3274/3274/3274 3296/3296/3296 3295/3295/3295
f 3275/3275/3275 3276/3276/3276 3297/3297/3297
f 3275/3275/3275 3297/3297/3297 3296/3296/3296
f 3276/3276/3276 3277/3277/3277 3298/3298/3298
f 3276/3276/3276 3298/3298/3298 3297/3297/3297
f 3277/3277/3277 3278/3278/3278 3299/3299/3299
f 3277/3277/3277 3299/3299/3299 3298/3298/3298
f 3278/3278/3278 3279/3279/3279 3300/3300/3300
f 3278/3278/3278 3300/3300/3300 3299/3299/3299
f 3279/3279/3279 3280/3280/3280 3301/3301/3301
f 3279/3279/3279 3301/3301/3301 3300/3300/3300
f 3280/3280/3280 3281/3281/3281 3302/3302/3302
f 3280/3280/3280 3302/3302/3302 3301/3301/3301
f 3281/3281/3281 3282/3282/3282 3303/3303/3303
f 3281/3281/3281 3303/3303/3303 3302/3302/3302
f 3282/3282/3282 3283/3283/3283 3304/3304/3304
f 3282/3282/3282 3304/3304/3304 3303/3303/3303
f 3283/3283/3283 3284/3284/3284 3305/3305/3305
f 3283/3283/3283 3305/3305/3305 3304/3304/3304
f 3284/3284/3284 3285/3285/3285 3306/3306/3306
f 3284/3284/3284 3306/3306/3306 3305/3305/3305
f 3285/3285/3285 3286/3286/3286 3307/3307/3307
f 3285/3285/3285 3307/3307/3307 3306/3306/3306
f 3286/3286/3286 3287/3287/3287 3308/3308/3308
f 3286/3286/3286 3308/3308/3308 3307/3307/3307
f 3287/3287/3287 3288/3288/3288 3309/3309/3309
f 3287/3287/3287 3309/3309/3309 3308/3308/3308
f 3288/3288/3288 3289/3289/3289 3310/3310/3310
f 3288/3288/3288 3310/3310/3310 3309/3309/3309
f 3289/3289/3289 3290/3290/3290 3311/3311/3311
f 3289/3289/3289 3311/3311/3311 3310/3310/3310
f 3290/3290/3290 3291/3291/3291 3312/3312/3312
f 3290/3290/3290 3312/3312/3312 3311/3311/3311
f 3291/3291/3291 3292/3292/3292 3313/3313/3313
f 3291/3291/3291 3313/3313/3313 3312/3312/3312
f 3292/3292/3292 3293/3293/3293 3314/3314/3314
f 3292/3292/3292 3314/3314/3314 3313/3313/3313
f 3293/3293/3293 3294/3294/3294 3315/3315/3315
f 3293/3293/3293 3315/3315/3315 3314/3314/3314
f 3295/3295/3295 3296/3296/3296 3317/3317/3317
f 3295/3295/3295 3317/3317/3317 3316/3316/3316
f 3296/3296/3296 3297/3297/3297 3318/3318/3318
f 3296/3296/3296 3318/3318/3318 3317/3317/3317
f 3297/3297/3297 3298/3298/3298 3319/3319/3319
f 3297/3297/3297 3319/3319/3319 3318/3318/3318
f 3298/3298/3298 3299/3299/3299 3320/3320/3320
f 3298/3298/3298 3320/3320/3320 3319/3319/3319
f 3299/3299/3299 3300/3300/3300 3321/3321/3321
f 3299/3299/3299 3321/3321/3321 3320/3320/3320
f 3300/3300/3300 3301/3301/3301 3322/3322/3322
f 3300/3300/3300 3322/3322/3322 3321/3321/3321
f 3301/3301/3301 3302/3302/3302 3323/3323/3323
f 3301/3301/3301 3323/3323/3323 3322/3322/3322
f 3302/3302/3302 3303/3303/3303 3324/3324/3324
f 3302/3302/3302 3324/3324/3324 3323/3323/3323
f 3303/3303/3303 3304/3304/3304 3325/3325/3325
f 3303/3303/3303 3325/3325/3325 3324/3324/3324
f 3304/3304/3304 3305/3305/3305 3326/3326/3326
f 3304/3304/3304 3326/3326/3326 3325/3325/3325
f 3305/3305/3305 3306/3306/3306 3327/3327/3327
f 3305/3305/3305 3327/3327/3327 3326/3326/3326
f 3306/3306/3306 3307/3307/3307 3328/3328/3328
f 3306/3306/3306 3328/3328/3328 3327/3327/3327
f 3307/3307/3307 3308/3308/3308 3329/3329/3329
f 3307/3307/3307 3329/3329/3329 3328/3328/3328
f 3308/3308/3308 3309/3309/3309 3330/3330/3330
f 3308/3308/3308 3330/3330/3330 3329/3329/3329
f 3309/3309/3309 3310/3310/3310 3331/3331/3331
f 3309/3309/3309 3331/3331/3331 3330/3330/3330
f 3310/3310/3310 3311/3311/3311 3332/3332/3332
f 3310/3310/3310 3332/3332/3332 3331/3331/3331
f 3311/3311/3311 3312/3312/3312 3333/3333/3333
f 3311/3311/3311 3333/3333/3333 3332/3332/3332
f 3312/3312/3312 3313/3313/3313 3334/3334/3334
f 3312/3312/3312 3334/3334/3334 3333/3333/3333
f 3313/3313/3313 3314/3314/3314 3335/3335/3335
f 3313/3313/3313 3335/3335/3335 3334/3334/3334
f 3314/3314/3314 3315/3315/3315 3336/3336/3336
f 3314/3314/3314 3336/3336/3336 3335/3335/3335
f 3316/3316/3316 3317/3317/3317 3338/3338/3338
f 3316/3316/3316 3338/3338/3338 3337/3337/3337
f 3317/3317/3317 3318/3318/3318 3339/3339/3339
f 3317/3317/3317 3339/3339/3339 3338/3338/3338
f 3318/3318/3318 3319/3319/3319 3340/3340/3340
f 3318/3318/3318 3340/3340/3340 3339/3339/3339
f 3319/3319/3319 3320/3320/3320 3341/3341/3341
f 3319/3319/3319 3341/3341/3341 3340/3340/3340
f 3320/3320/3320 3321/3321/3321 3342/3342/3342
f 3320/3320/3320 3342/3342/3342 3341/3341/3341
f 3321/3321/3321 3322/3322/3322 3343/3343/3343
f 3321/3321/3321 3343/3343/3343 3342/3342/3342
f 3322/3322/3322 3323/3323/3323 3344/3344/3344
f 3322/3322/3322 3344/3344/3344 3343/3343/3343
f 3323/3323/3323 3324/3324/3324 3345/3345/3345
f 3323/3323/3323 3345/3345/3345 3344/3344/3344
f 3324/3324/3324 3325/3325/3325 3346/3346/3346
f 3324/3324/3324 3346/3346/3346 3345/3345/3345
f 3325/3325/3325 3326/3326/3326 3347/3347/3347
f 3325/3325/3325 3347/3347/3347 3346/3346/3346
f 3326/3326/3326 3327/3327/3327 3348/3348/3348
f 3326/3326/3326 3348/3348/3348 3347/3347/3347
f 3327/3327/3327 3328/3328/3328 3349/3349/3349
f 3327/3327/3327 3349/3349/3349 3348/3348/3348
f 3328/3328/3328 3329/3329/3329 3350/3350/3350
f 3328/3328/3328 3350/3350/3350 3349/3349/3349
f 3329/3329/3329 3330/3330/3330 3351/3351/3351
f 3329/3329/3329 3351/3351/3351 3350/3350/3350
f 3330/3330/3330 3331/3331/3331 3352/3352/3352
f 3330/3330/3330 3352/3352/3352 3351/3351/3351
f 3331/3331/3331 3332/3332/3332 3353/3353/3353
f 3331/3331/3331 3353/3353/3353 3352/3352/3352
f 3332/3332/3332 3333/3333/3333 3354/3354/3354
f 3332/3332/3332 3354/3354/3354 3353/3353/3353
f 3333/3333/3333 3334/3334/3334 3355/3355/3355
f 3333/3333/3333 3355/3355/3355 3354/3354/3354
f 3334/3334/3334 3335/3335/3335 3356/3356/3356
f 3334/3334/3334 3356/3356/3356 3355/3355/3355
f 3335/3335/3335 3336/3336/3336 3357/3357/3357
f 3335/3335/3335 3357/3357/3357 3356/3356/3356
f 3337/3337/3337 3338/3338/3338 3359/3359/3359
f 3337/3337/3337 3359/3359/3359 3358/3358/3358
f 3338/3338/3338 3339/3339/3339 3360/3360/3360
f 3338/3338/3338 3360/3360/3360 3359/3359/3359
f 3339/3339/3339 3340/3340/3340 3361/3361/3361
f 3339/3339/3339 3361/3361/3361 3360/3360/3360
f 3340/3340/3340 3341/3341/3341 3362/3362/3362
f 3340/3340/3340 3362/3362/3362 3361/3361/3361
f 3341/3341/3341 3342/3342/3342 3363/3363/3363
f 3341/3341/3341 3363/3363/3363 3362/3362/3362
f 3342/3342/3342 3343/3343/3343 3364/3364/3364
f 3342/3342/3342 3364/3364/3364 3363/3363/3363
f 3343/3343/3343 3344/3344/3344 3365/3365/3365
f 3343/3343/3343 3365/3365/3365 3364/3364/3364
f 3344/3344/3344 3345/3345/3345 3366/3366/3366
f 3344/3344/3344 3366/3366/3366 3365/3365/3365
f 3345/3345/3345 3346/3346/3346 3367/3367/3367
f 3345/3345/3345 3367/3367/3367 3366/3366/3366
f 3346/3346/3346 3347/3347/3347 3368/3368/3368
f 3346/3346/3346 3368/3368/3368 3367/3367/3367
f 3347/3347/3347 3348/3348/3348 3369/3369/3369
f 3347/3347/3347 3369/3369/3369 3368/3368/3368
f 3348/3348/3348 3349/3349/3349 3370/3370/3370
f 3348/3348/3348 3370/3370/3370 3369/3369/3369
f 3349/3349/3349 3350/3350/3350 3371/3371/3371
f 3349/3349/3349 3371/3371/3371 3370/3370/3370
f 3350/3350/3350 3351/3351/3351 3372/3372/3372
f 3350/3350/3350 3372/3372/3372 3371/3371/3371
f 3351/3351/3351 3352/3352/3352 3373/3373/3373
f 3351/3351/3351 3373/3373/3373 3372/3372/3372
f 3352/3352/3352 3353/3353/3353 3374/3374/3374
f 3352/3352/3352 3374/3374/3374 3373/3373/3373
f 3353/3353/3353 3354/3354/3354 3375/3375/3375
f 3353/3353/3353 3375/3375/3375 3374/3374/3374
f 3354/3354/3354 3355/3355/3355 3376/3376/3376
f 3354/3354/3354 3376/3376/3376 3375/3375/3375
f 3355/3355/3355 3356/3356/3356 3377/3377/3377
f 3355/3355/3355 3377/3377/3377 3376/3376/3376
f 3356/3356/3356 3357/3357/3357 3378/3378/3378
f 3356/3356/3356 3378/3378/3378 3377/3377/3377
f 3358/3358/3358 3359/3359/3359 3380/3380/3380
f 3358/3358/3358 3380/3380/3380 3379/3379/3379
f 3359/3359/3359 3360/3360/3360 3381/3381/3381
f 3359/3359/3359 3381/3381/3381 3380/3380/3380
f 3360/3360/3360 3361/3361/3361 3382/3382/3382
f 3360/3360/3360 3382/3382/3382 3381/3381/3381
f 3361/3361/3361 3362/3362/3362 3383/3383/3383
f 3361/3361/3361 3383/3383/3383 3382/3382/3382
f 3362/3362/3362 3363/3363/3363 3384/3384/3384
f 3362/3362/3362 3384/3384/3384 3383/3383/3383
f 3363/3363/3363 3364/3364/3364 3385/3385/3385
f 3363/3363/3363 3385/3385/3385 3384/3384/3384
f 3364/3364/3364 3365/3365/3365 3386/3386/3386
f 3364/3364/3364 3386/3386/3386 3385/3385/3385
f 3365/3365/3365 3366/3366/3366 3387/3387/3387
f 3365/3365/3365 3387/3387/3387 3386/3386/3386
f 3366/3366/3366 3367/3367/3367 3388/3388/3388
f 3366/3366/3366 3388/3388/3388 3387/3387/3387
f 3367/3367/3367 3368/3368/3368 3389/3389/3389
f 3367/3367/3367 3389/3389/3389 3388/3388/3388
f 3368/3368/3368 3369/3369/3369 3390/3390/3390
f 3368/3368/3368 3390/3390/3390 3389/3389/3389
f 3369/3369/3369 3370/3370/3370 3391/3391/3391
f 3369/3369/3369 3391/3391/3391 3390/3390/3390
f 3370/3370/3370 3371/3371/3371 3392/3392/3392
f 3370/3370/3370 3392/3392/3392 3391/3391/3391
f 3371/3371/3371 3372/3372/3372 3393/3393/3393
f 3371/3371/3371 3393/3393/3393 3392/3392/3392
f 3372/3372/3372 3373/3373/3373 3394/3394/3394
f 3372/3372/3372 3394/3394/3394 3393/3393/3393
f 3373/3373/3373 3374/3374/3374 3395/3395/3395
f 3373/3373/3373 3395/3395/3395 3394/3394/3394
f 3374/3374/3374 3375/3375/3375 3396/3396/3396
f 3374/3374/3374 3396/3396/3396 3395/3395/3395
f 3375/3375/3375 3376/3376/3376 3397/3397/3397
f 3375/3375/3375 3397/3397/3397 3396/3396/3396
f 3376/3376/3376 3377/3377/3377 3398/3398/3398
f 3376/3376/3376 3398/3398/3398 3397/3397/3397
f 3377/3377/3377 3378/3378/3378 3399/3399/3399
f 3377/3377/3377 3399/3399/3399 3398/3398/3398
f 3379/3379/3379 3380/3380/3380 3401/3401/3401
f 3379/3379/3379 3401/3401/3401 3400/3400/3400
f 3380/3380/3380 3381/3381/3381 3402/3402/3402
f 3380/3380/3380 3402/3402/3402 3401/3401/3401
f 3381/3381/3381 3382/3382/3382 3403/3403/3403
f 3381/3381/3381 3403/3403/3403 3402/3402/3402
f 3382/3382/3382 3383/3383/3383 3404/3404/3404
f 3382/3382/3382 3404/3404/3404 3403/3403/3403
f 3383/3383/3383 3384/3384/3384 3405/3405/3405
f 3383/3383/3383 3405/3405/3405 3404/3404/3404
f 3384/3384/3384 3385/3385/3385 3406/3406/3406
f 3384/3384/3384 3406/3406/3406 3405/3405/3405
f 3385/3385/3385 3386/3386/3386 3407/3407/3407
f 3385/3385/3385 3407/3407/3407 3406/3406/3406
f 3386/3386/3386 3387/3387/3387 3408/3408/3408
f 3386/3386/3386 3408/3408/3408 3407/3407/3407
f 3387/3387/3387 3388/3388/3388 3409/3409/3409
f 3387/3387/3387 3409/3409/3409 3408/3408/3408
f 3388/3388/3388 3389/3389/3389 3410/3410/3410
f 3388/3388/3388 3410/3410/3410 3409/3409/3409
f 3389/3389/3389 3390/3390/3390 3411/3411/3411
f 3389/3389/3389 3411/3411/3411 3410/3410/3410
f 3390/3390/3390 3391/3391/3391 3412/3412/3412
f 3390/3390/3390 3412/3412/3412 3411/3411/3411
f 3391/3391/3391 3392/3392/3392 3413/3413/3413
f 3391/3391/3391 3413/3413/3413 3412/3412/3412
f 3392/3392/3392 3393/3393/3393 3414/3414/3414
f 3392/3392/3392 3414/3414/3414 3413/3413/3413
f 3393/3393/3393 3394/3394/3394 3415/3415/3415
f 3393/3393/3393 3415/3415/3415 3414/3414/3414
f 3394/3394/3394 3395/3395/3395 3416/3416/3416
f 3394/3394/3394 3416/3416/3416 3415/3415/3415
f 3395/3395/3395 3396/3396/3396 3417/3417/3417
f 3395/3395/3395 3417/3417/3417 3416/3416/3416
f 3396/3396/3396 3397/3397/3397 3418/3418/3418
f 3396/3396/3396 3418/3418/3418 3417/3417/3417
f 3397/3397/3397 3398/3398/3398 3419/3419/3419
f 3397/3397/3397 3419/3419/3419 3418/3418/3418
f 3398/3398/3398 3399/3399/3399 3420/3420/3420
f 3398/3398/3398 3420/3420/3420 3419/3419/3419
f 3400/3400/3400 3401/3401/3401 3421/3421/3421
f 3401/3401/3401 3402/3402/3402 3421/3421/3421
f 3402/3402/3402 3403/3403/3403 3421/3421/3421
f 3403/3403/3403 3404/3404/3404 3421/3421/3421
f 3404/3404/3404 3405/3405/3405 3421/3421/3421
f 3405/3405/3405 3406/3406/3406 3421/3421/3421
f 3406/3406/3406 3407/3407/3407 3421/3421/3421
f 3407/3407/3407 3408/3408/3408 3421/3421/3421
f 3408/3408/3408 3409/3409/3409 3421/3421/3421
f 3409/3409/3409 3410/3410/3410 3421/3421/3421
f 3410/3410/3410 3411/3411/3411 3421/3421/3421
f 3411/3411/3411 3412/3412/3412 3421/3421/3421
f 3412/3412/3412 3413/3413/3413 3421/3421/3421
f 3413/3413/3413 3414/3414/3414 3421/3421/3421
f 3414/3414/3414 3415/3415/3415 3421/3421/3421
f 3415/3415/3415 3416/3416/3416 3421/3421/3421
f 3416/3416/3416 3417/3417/3417 3421/3421/3421
f 3417/3417/3417 3418/3418/3418 3421/3421/3421
f 3418/3418/3418 3419/3419/3419 3421/3421/3421
f 3419/3419/3419 3420/3420/3420 3421/3421/3421
o Finger_1_0
v 12.404953 42.482661 -19.909265
v 12.117180 42.416290 -19.440975
v 11.422434 42.256055 -19.247003
v 10.727689 42.095821 -19.440975
v 10.439916 42.029450 -19.909265
v 10.727689 42.095821 -20.377555
v 11.422434 42.256055 -20.571528
v 12.117180 42.416290 -20.377555
v 12.404953 42.482661 -19.909265
v 13.392931 41.014511 -19.909265
v 13.122137 40.961424 -19.477560
v 12.468384 40.833261 -19.298742
v 11.814630 40.705098 -19.477560
v 11.543837 40.652011 -19.909265
v 11.814630 40.705098 -20.340970
v 12.468384 40.833261 -20.519788
v 13.122137 40.961424 -20.340970
v 13.392931 41.014511 -19.909265
v 14.131942 39.280277 -19.909265
v 13.882970 39.280277 -19.534633
v 13.281900 39.280277 -19.379455
v 12.680830 39.280277 -19.534633
v 12.431859 39.280277 -19.909265
v 12.680830 39.280277 -20.283897
v 13.281900 39.280277 -20.439075
v 13.882970 39.280277 -20.283897
v 14.131942 39.280277 -19.909265
v 12.928578 38.315766 -19.909265
v 12.793790 38.391263 -19.622437
v 12.468384 38.573529 -19.503629
v 12.142977 38.755796 -19.622437
v 12.008189 38.831293 -19.909265
v 12.142977 38.755796 -20.196093
v 12.468384 38.573529 -20.314901
v 12.793790 38.391263 -20.196093
v 12.928578 38.315766 -19.909265
v 11.659662 38.006221 -19.909265
v 11.590180 38.074329 -19.698534
v 11.422434 38.238754 -19.611247
v 11.254689 38.403180 -19.698534
v 11.185206 38.471287 -19.909265
v 11.254689 38.403180 -20.119996
v 11.422434 38.238754 -20.207283
v 11.590180 38.074329 -20.119996
v 11.659662 38.006221 -19.909265
v 11.422434 42.256055 -19.909265
v 11.422434 38.238754 -19.909265
vt 0.0078125 0.9921875
vt 0.0078125 0.9160156
vt 0.0078125 0.8398438
vt 0.0078125 0.7636719
vt 0.0078125 0.6875000
vt 0.0078125 0.6113281
vt 0.0078125 0.5351562
vt 0.0078125 0.4589844
vt 0.0078125 0.3828125
vt 0.2539062 0.9921875
vt 0.2539062 0.9160156
vt 0.2539062 0.8398438
vt 0.2539062 0.7636719
vt 0.2539062 0.6875000
vt 0.2539062 0.6113281
vt 0.2539062 0.5351562
vt 0.2539062 0.4589844
vt 0.2539062 0.3828125
vt 0.5000000 0.9921875
vt 0.5000000 0.9160156
vt 0.5000000 0.8398438
vt 0.5000000 0.7636719
vt 0.5000000 0.6875000
vt 0.5000000 0.6113281
vt 0.5000000 0.5351562
vt 0.5000000 0.4589844
vt 0.5000000 0.3828125
vt 0.7460938 0.9921875
vt 0.7460938 0.9160156
vt 0.7460938 0.8398438
vt 0.7460938 0.7636719
vt 0.7460938 0.6875000
vt 0.7460938 0.6113281
vt 0.7460938 0.5351562
vt 0.7460938 0.4589844
vt 0.7460938 0.3828125
vt 0.9921875 0.9921875
vt 0.9921875 0.9160156
vt 0.9921875 0.8398438
vt 0.9921875 0.7636719
vt 0.9921875 0.6875000
vt 0.9921875 0.6113281
vt 0.9921875 0.5351562
vt 0.9921875 0.4589844
vt 0.9921875 0.3828125
vt 0.0078125 0.6875000
vt 0.9921875 0.6875000
vn 0.6126026 0.7754713 0.1528475
vn 0.3029738 0.5055498 0.8078529
vn -0.1275332 0.1827591 0.9748510
vn -0.6393650 -0.1160584 0.7600940
vn -0.9439086 -0.2663778 -0.1951395
vn -0.4562297 -0.0187569 -0.8896643
vn 0.0195554 0.2837856 -0.9586883
vn 0.4344204 0.6161732 -0.6569699
vn 0.6126026 0.7754713 0.1528475
vn 0.8780431 0.4783653 -0.0143840
vn 0.5050834 0.2705200 0.8195790
vn 0.0157711 -0.0269403 0.9995126
vn -0.4577505 -0.3410765 0.8210550
vn -0.8093412 -0.5867286 0.0267667
vn -0.4757408 -0.3622711 -0.8015175
vn 0.0047389 -0.0499004 -0.9987430
vn 0.4959712 0.2484154 -0.8320471
vn 0.8780431 0.4783653 -0.0143840
vn 0.9882495 -0.1183452 -0.0967336
vn 0.5770060 -0.0305912 0.8161668
vn 0.0548068 -0.0267891 0.9981375
vn -0.4428102 -0.1158489 0.8890996
vn -0.9533192 -0.2658347 0.1432283
vn -0.5644895 -0.2035017 -0.7999617
vn -0.0367830 -0.1389945 -0.9896098
vn 0.4751159 -0.1355424 -0.8694211
vn 0.9882495 -0.1183452 -0.0967336
vn 0.4705941 -0.8809847 -0.0490623
vn 0.3425013 -0.6541074 0.6744156
vn 0.0048014 -0.1453774 0.9893646
vn -0.3689544 0.4603336 0.8074439
vn -0.5660991 0.8235995 0.0348668
vn -0.4180762 0.5011821 -0.7576469
vn -0.0775955 -0.1225168 -0.9894284
vn 0.2681738 -0.6355739 -0.7239673
vn 0.4705941 -0.8809847 -0.0490623
vn 0.1169005 -0.9842284 -0.1327735
vn 0.0691496 -0.8607369 0.5043316
vn -0.1300051 -0.3603869 0.9236991
vn -0.4035508 0.3398369 0.8495043
vn -0.5771571 0.7952957 0.1854576
vn -0.5047253 0.5961576 -0.6243784
vn -0.2492327 -0.0728813 -0.9656974
vn -0.0011917 -0.6968297 -0.7172356
vn 0.1169005 -0.9842284 -0.1327735
vn -0.2247374 0.9744194 -0.0000000
vn -0.7000045 -0.7141384 -0.0000000
s 1
f 3422/3422/3422 3423/3423/3423 3432/3432/3432
f 3422/3422/3422 3432/3432/3432 3431/3431/3431
f 3423/3423/3423 3424/3424/3424 3433/3433/3433
f 3423/3423/3423 3433/3433/3433 3432/3432/3432
f 3424/3424/3424 3425/3425/3425 3434/3434/3434
f 3424/3424/3424 3434/3434/3434 3433/3433/3433
f 3425/3425/3425 3426/3426/3426 3435/3435/3435
f 3425/3425/3425 3435/3435/3435 3434/3434/3434
f 3426/3426/3426 3427/3427/3427 3436/3436/3436
f 3426/3426/3426 3436/3436/3436 3435/3435/3435
f 3427/3427/3427 3428/3428/3428 3437/3437/3437
f 3427/3427/3427 3437/3437/3437 3436/3436/3436
f 3428/3428/3428 3429/3429/3429 3438/3438/3438
f 3428/3428/3428 3438/3438/3438 3437/3437/3437
f 3429/3429/3429 3430/3430/3430 3439/3439/3439
f 3429/3429/3429 3439/3439/3439 3438/3438/3438
f 3431/3431/3431 3432/3432/3432 3441/3441/3441
f 3431/3431/3431 3441/3441/3441 3440/3440/3440
f 3432/3432/3432 3433/3433/3433 3442/3442/3442
f 3432/3432/3432 3442/3442/3442 3441/3441/3441
f 3433/3433/3433 3434/3434/3434 3443/3443/3443
f 3433/3433/3433 3443/3443/3443 3442/3442/3442
f 3434/3434/3434 3435/3435/3435 3444/3444/3444
f 3434/3434/3434 3444/3444/3444 3443/3443/3443
f 3435/3435/3435 3436/3436/3436 3445/3445/3445
f 3435/3435/3435 3445/3445/3445 3444/3444/3444
f 3436/3436/3436 3437/3437/3437 3446/3446/3446
f 3436/3436/3436 3446/3446/3446 3445/3445/3445
f 3437/3437/3437 3438/3438/3438 3447/3447/3447
f 3437/3437/3437 3447/3447/3447 3446/3446/3446
f 3438/3438/3438 3439/3439/3439 3448/3448/3448
f 3438/3438/3438 3448/3448/3448 3447/3447/3447
f 3440/3440/3440 3441/3441/3441 3450/3450/3450
f 3440/3440/3440 3450/3450/3450 3449/3449/3449
f 3441/3441/3441 3442/3442/3442 3451/3451/3451
f 3441/3441/3441 3451/3451/3451 3450/3450/3450
f 3442/3442/3442 3443/3443/3443 3452/3452/3452
f 3442/3442/3442 3452/3452/3452 3451/3451/3451
f 3443/3443/3443 3444/3444/3444 3453/3453/3453
f 3443/3443/3443 3453/3453/3453 3452/3452/3452
f 3444/3444/3444 3445/3445/3445 3454/3454/3454
f 3444/3444/3444 3454/3454/3454 3453/3453/3453
f 3445/3445/3445 3446/3446/3446 3455/3455/3455
f 3445/3445/3445 3455/3455/3455 3454/3454/3454
f 3446/3446/3446 3447/3447/3447 3456/3456/3456
f 3446/3446/3446 3456/3456/3456 3455/3455/3455
f 3447/3447/3447 3448/3448/3448 3457/3457/3457
f 3447/3447/3447 3457/3457/3457 3456/3456/3456
f 3449/3449/3449 3450/3450/3450 3459/3459/3459
f 3449/3449/3449 3459/3459/3459 3458/3458/3458
f 3450/3450/3450 3451/3451/3451 3460/3460/3460
f 3450/3450/3450 3460/3460/3460 3459/3459/3459
f 3451/3451/3451 3452/3452/3452 3461/3461/3461
f 3451/3451/3451 3461/3461/3461 3460/3460/3460
f 3452/3452/3452 3453/3453/3453 3462/3462/3462
f 3452/3452/3452 3462/3462/3462 3461/3461/3461
f 3453/3453/3453 3454/3454/3454 3463/3463/3463
f 3453/3453/3453 3463/3463/3463 3462/3462/3462
f 3454/3454/3454 3455/3455/3455 3464/3464/3464
f 3454/3454/3454 3464/3464/3464 3463/3463/3463
f 3455/3455/3455 3456/3456/3456 3465/3465/3465
f 3455/3455/3455 3465/3465/3465 3464/3464/3464
f 3456/3456/3456 3457/3457/3457 3466/3466/3466
f 3456/3456/3456 3466/3466/3466 3465/3465/3465
f 3467/3467/3467 3423/3423/3423 3422/3422/3422
f 3467/3467/3467 3424/3424/3424 3423/3423/3423
f 3467/3467/3467 3425/3425/3425 3424/3424/3424
f 3467/3467/3467 3426/3426/3426 3425/3425/3425
f 3467/3467/3467 3427/3427/3427 3426/3426/3426
f 3467/3467/3467 3428/3428/3428 3427/3427/3427
f 3467/3467/3467 3429/3429/3429 3428/3428/3428
f 3467/3467/3467 3430/3430/3430 3429/3429/3429
f 3468/3468/3468 3458/3458/3458 3459/3459/3459
f 3468/3468/3468 3459/3459/3459 3460/3460/3460
f 3468/3468/3468 3460/3460/3460 3461/3461/3461
f 3468/3468/3468 3461/3461/3461 3462/3462/3462
f 3468/3468/3468 3462/3462/3462 3463/3463/3463
f 3468/3468/3468 3463/3463/3463 3464/3464/3464
f 3468/3468/3468 3464/3464/3464 3465/3465/3465
f 3468/3468/3468 3465/3465/3465 3466/3466/3466
o Finger_1_1
v 12.404953 42.482661 -20.985442
v 12.117180 42.416290 -20.517151
v 11.422434 42.256055 -20.323179
v 10.727689 42.095821 -20.517151
v 10.439916 42.029450 -20.985442
v 10.727689 42.095821 -21.453732
v 11.422434 42.256055 -21.647704
v 12.117180 42.416290 -21.453732
v 12.404953 42.482661 -20.985442
v 13.392931 41.014511 -20.985442
v 13.122137 40.961424 -20.553736
v 12.468384 40.833261 -20.374918
v 11.814630 40.705098 -20.553736
v 11.543837 40.652011 -20.985442
v 11.814630 40.705098 -21.417147
v 12.468384 40.833261 -21.595965
v 13.122137 40.961424 -21.417147
v 13.392931 41.014511 -20.985442
v 14.131942 39.280277 -20.985442
v 13.882970 39.280277 -20.610809
v 13.281900 39.280277 -20.455632
v 12.680830 39.280277 -20.610809
v 12.431859 39.280277 -20.985442
v 12.680830 39.280277 -21.360074
v 13.281900 39.280277 -21.515252
v 13.882970 39.280277 -21.360074
v 14.131942 39.280277 -20.985442
v 12.928578 38.315766 -20.985442
v 12.793790 38.391263 -20.698614
v 12.468384 38.573529 -20.579806
v 12.142977 38.755796 -20.698614
v 12.008189 38.831293 -20.985442
v 12.142977 38.755796 -21.272269
v 12.468384 38.573529 -21.391077
v 12.793790 38.391263 -21.272269
v 12.928578 38.315766 -20.985442
v 11.659662 38.006221 -20.985442
v 11.590180 38.074329 -20.774711
v 11.422434 38.238754 -20.687423
v 11.254689 38.403180 -20.774711
v 11.185206 38.471287 -20.985442
v 11.254689 38.403180 -21.196172
v 11.422434 38.238754 -21.283460
v 11.590180 38.074329 -21.196172
v 11.659662 38.006221 -20.985442
v 11.422434 42.256055 -20.985442
v 11.422434 38.238754 -20.985442
vt 0.0078125 0.9921875
vt 0.0078125 0.9160156
vt 0.0078125 0.8398438
vt 0.0078125 0.7636719
vt 0.0078125 0.6875000
vt 0.0078125 0.6113281
vt 0.0078125 0.5351562
vt 0.0078125 0.4589844
vt 0.0078125 0.3828125
vt 0.2539062 0.9921875
vt 0.2539062 0.9160156
vt 0.2539062 0.8398438
vt 0.2539062 0.7636719
vt 0.2539062 0.6875000
vt 0.2539062 0.6113281
vt 0.2539062 0.5351562
vt 0.2539062 0.4589844
vt 0.2539062 0.3828125
vt 0.5000000 0.9921875
vt 0.5000000 0.9160156
vt 0.5000000 0.8398438
vt 0.5000000 0.7636719
vt 0.5000000 0.6875000
vt 0.5000000 0.6113281
vt 0.5000000 0.5351562
vt 0.5000000 0.4589844
vt 0.5000000 0.3828125
vt 0.7460938 0.9921875
vt 0.7460938 0.9160156
vt 0.7460938 0.8398438
vt 0.7460938 0.7636719
vt 0.7460938 0.6875000
vt 0.7460938 0.6113281
vt 0.7460938 0.5351562
vt 0.7460938 0.4589844
vt 0.7460938 0.3828125
vt 0.9921875 0.9921875
vt 0.9921875 0.9160156
vt 0.9921875 0.8398438
vt 0.9921875 0.7636719
vt 0.9921875 0.6875000
vt 0.9921875 0.6113281
vt 0.9921875 0.5351562
vt 0.9921875 0.4589844
vt 0.9921875 0.3828125
vt 0.0078125 0.6875000
vt 0.9921875 0.6875000
vn 0.6126026 0.7754713 0.1528475
vn 0.3029738 0.5055498 0.8078529
vn -0.1275332 0.1827591 0.9748510
vn -0.6393650 -0.1160584 0.7600940
vn -0.9439086 -0.2663778 -0.1951395
vn -0.4562297 -0.0187569 -0.8896643
vn 0.0195554 0.2837856 -0.9586883
vn 0.4344204 0.6161732 -0.6569699
vn 0.6126026 0.7754713 0.1528475
vn 0.8780431 0.4783653 -0.0143840
vn 0.5050834 0.2705200 0.8195790
vn 0.0157711 -0.0269403 0.9995126
vn -0.4577505 -0.3410765 0.8210550
vn -0.8093412 -0.5867286 0.0267667
vn -0.4757408 -0.3622711 -0.8015175
vn 0.0047389 -0.0499004 -0.9987430
vn 0.4959712 0.2484154 -0.8320471
vn 0.8780431 0.4783653 -0.0143840
vn 0.9882495 -0.1183452 -0.0967336
vn 0.5770060 -0.0305912 0.8161668
vn 0.0548068 -0.0267891 0.9981375
vn -0.4428102 -0.1158489 0.8890996
vn -0.9533192 -0.2658347 0.1432283
vn -0.5644895 -0.2035017 -0.7999617
vn -0.0367830 -0.1389945 -0.9896098
vn 0.4751159 -0.1355424 -0.8694211
vn 0.9882495 -0.1183452 -0.0967336
vn 0.4705941 -0.8809847 -0.0490623
vn 0.3425013 -0.6541074 0.6744156
vn 0.0048014 -0.1453774 0.9893646
vn -0.3689544 0.4603336 0.8074439
vn -0.5660991 0.8235995 0.0348668
vn -0.4180762 0.5011821 -0.7576469
vn -0.0775955 -0.1225168 -0.9894284
vn 0.2681738 -0.6355739 -0.7239673
vn 0.4705941 -0.8809847 -0.0490623
vn 0.1169005 -0.9842284 -0.1327735
vn 0.0691496 -0.8607369 0.5043316
vn -0.1300051 -0.3603869 0.9236991
vn -0.4035508 0.3398369 0.8495043
vn -0.5771571 0.7952957 0.1854576
vn -0.5047253 0.5961576 -0.6243784
vn -0.2492327 -0.0728813 -0.9656974
vn -0.0011917 -0.6968297 -0.7172356
vn 0.1169005 -0.9842284 -0.1327735
vn -0.2247374 0.9744194 -0.0000000
vn -0.7000045 -0.7141384 -0.0000000
s 1
f 3469/3469/3469 3470/3470/3470 3479/3479/3479
f 3469/3469/3469 3479/3479/3479 3478/3478/3478
f 3470/3470/3470 3471/3471/3471 3480/3480/3480
f 3470/3470/3470 3480/3480/3480 3479/3479/3479
f 3471/3471/3471 3472/3472/3472 3481/3481/3481
f 3471/3471/3471 3481/3481/3481 3480/3480/3480
f 3472/3472/3472 3473/3473/3473 3482/3482/3482
f 3472/3472/3472 3482/3482/3482 3481/3481/3481
f 3473/3473/3473 3474/3474/3474 3483/3483/3483
f 3473/3473/3473 3483/3483/3483 3482/3482/3482
f 3474/3474/3474 3475/3475/3475 3484/3484/3484
f 3474/3474/3474 3484/3484/3484 3483/3483/3483
f 3475/3475/3475 3476/3476/3476 3485/3485/3485
f 3475/3475/3475 3485/3485/3485 3484/3484/3484
f 3476/3476/3476 3477/3477/3477 3486/3486/3486
f 3476/3476/3476 3486/3486/3486 3485/3485/3485
f 3478/3478/3478 3479/3479/3479 3488/3488/3488
f 3478/3478/3478 3488/3488/3488 3487/3487/3487
f 3479/3479/3479 3480/3480/3480 3489/3489/3489
f 3479/3479/3479 3489/3489/3489 3488/3488/3488
f 3480/3480/3480 3481/3481/3481 3490/3490/3490
f 3480/3480/3480 3490/3490/3490 3489/3489/3489
f 3481/3481/3481 3482/3482/3482 3491/3491/3491
f 3481/3481/3481 3491/3491/3491 3490/3490/3490
f 3482/3482/3482 3483/3483/3483 3492/3492/3492
f 3482/3482/3482 3492/3492/3492 3491/3491/3491
f 3483/3483/3483 3484/3484/3484 3493/3493/3493
f 3483/3483/3483 3493/3493/3493 3492/3492/3492
f 3484/3484/3484 3485/3485/3485 3494/3494/3494
f 3484/3484/3484 3494/3494/3494 3493/3493/3493
f 3485/3485/3485 3486/3486/3486 3495/3495/3495
f 3485/3485/3485 3495/3495/3495 3494/3494/3494
f 3487/3487/3487 3488/3488/3488 3497/3497/3497
f 3487/3487/3487 3497/3497/3497 3496/3496/3496
f 3488/3488/3488 3489/3489/3489 3498/3498/3498
f 3488/3488/3488 3498/3498/3498 3497/3497/3497
f 3489/3489/3489 3490/3490/3490 3499/3499/3499
f 3489/3489/3489 3499/3499/3499 3498/3498/3498
f 3490/3490/3490 3491/3491/3491 3500/3500/3500
f 3490/3490/3490 3500/3500/3500 3499/3499/3499
f 3491/3491/3491 3492/3492/3492 3501/3501/3501
f 3491/3491/3491 3501/3501/3501 3500/3500/3500
f 3492/3492/3492 3493/3493/3493 3502/3502/3502
f 3492/3492/3492 3502/3502/3502 3501/3501/3501
f 3493/3493/3493 3494/3494/3494 3503/3503/3503
f 3493/3493/3493 3503/3503/3503 3502/3502/3502
f 3494/3494/3494 3495/3495/3495 3504/3504/3504
f 3494/3494/3494 3504/3504/3504 3503/3503/3503
f 3496/3496/3496 3497/3497/3497 3506/3506/3506
f 3496/3496/3496 3506/3506/3506 3505/3505/3505
f 3497/3497/3497 3498/3498/3498 3507/3507/3507
f 3497/3497/3497 3507/3507/3507 3506/3506/3506
f 3498/3498/3498 3499/3499/3499 3508/3508/3508
f 3498/3498/3498 3508/3508/3508 3507/3507/3507
f 3499/3499/3499 3500/3500/3500 3509/3509/3509
f 3499/3499/3499 3509/3509/3509 3508/3508/3508
f 3500/3500/3500 3501/3501/3501 3510/3510/3510
f 3500/3500/3500 3510/3510/3510 3509/3509/3509
f 3501/3501/3501 3502/3502/3502 3511/3511/3511
f 3501/3501/3501 3511/3511/3511 3510/3510/3510
f 3502/3502/3502 3503/3503/3503 3512/3512/3512
f 3502/3502/3502 3512/3512/3512 3511/3511/3511
f 3503/3503/3503 3504/3504/3504 3513/3513/3513
f 3503/3503/3503 3513/3513/3513 3512/3512/3512
f 3514/3514/3514 3470/3470/3470 3469/3469/3469
f 3514/3514/3514 3471/3471/3471 3470/3470/3470
f 3514/3514/3514 3472/3472/3472 3471/3471/3471
f 3514/3514/3514 3473/3473/3473 3472/3472/3472
f 3514/3514/3514 3474/3474/3474 3473/3473/3473
f 3514/3514/3514 3475/3475/3475 3474/3474/3474
f 3514/3514/3514 3476/3476/3476 3475/3475/3475
f 3514/3514/3514 3477/3477/3477 3476/3476/3476
f 3515/3515/3515 3505/3505/3505 3506/3506/3506
f 3515/3515/3515 3506/3506/3506 3507/3507/3507
f 3515/3515/3515 3507/3507/3507 3508/3508/3508
f 3515/3515/3515 3508/3508/3508 3509/3509/3509
f 3515/3515/3515 3509/3509/3509 3510/3510/3510
f 3515/3515/3515 3510/3510/3510 3511/3511/3511
f 3515/3515/3515 3511/3511/3511 3512/3512/3512
f 3515/3515/3515 3512/3512/3512 3513/3513/3513
o Finger_1_2
v 12.404953 42.482661 -22.061618
v 12.117180 42.416290 -21.593328
v 11.422434 42.256055 -21.399356
v 10.727689 42.095821 -21.593328
v 10.439916 42.029450 -22.061618
v 10.727689 42.095821 -22.529908
v 11.422434 42.256055 -22.723881
v 12.117180 42.416290 -22.529908
v 12.404953 42.482661 -22.061618
v 13.392931 41.014511 -22.061618
v 13.122137 40.961424 -21.629913
v 12.468384 40.833261 -21.451095
v 11.814630 40.705098 -21.629913
v 11.543837 40.652011 -22.061618
v 11.814630 40.705098 -22.493323
v 12.468384 40.833261 -22.672141
v 13.122137 40.961424 -22.493323
v 13.392931 41.014511 -22.061618
v 14.131942 39.280277 -22.061618
v 13.882970 39.280277 -21.686986
v 13.281900 39.280277 -21.531808
v 12.680830 39.280277 -21.686986
v 12.431859 39.280277 -22.061618
v 12.680830 39.280277 -22.436250
v 13.281900 39.280277 -22.591428
v 13.882970 39.280277 -22.436250
v 14.131942 39.280277 -22.061618
v 12.928578 38.315766 -22.061618
v 12.793790 38.391263 -21.774790
v 12.468384 38.573529 -21.655982
v 12.142977 38.755796 -21.774790
v 12.008189 38.831293 -22.061618
v 12.142977 38.755796 -22.348446
v 12.468384 38.573529 -22.467254
v 12.793790 38.391263 -22.348446
v 12.928578 38.315766 -22.061618
v 11.659662 38.006221 -22.061618
v 11.590180 38.074329 -21.850887
v 11.422434 38.238754 -21.763600
v 11.254689 38.403180 -21.850887
v 11.185206 38.471287 -22.061618
v 11.254689 38.403180 -22.272349
v 11.422434 38.238754 -22.359636
v 11.590180 38.074329 -22.272349
v 11.659662 38.006221 -22.061618
v 11.422434 42.256055 -22.061618
v 11.422434 38.238754 -22.061618
vt 0.0078125 0.9921875
vt 0.0078125 0.9160156
vt 0.0078125 0.8398438
vt 0.0078125 0.7636719
vt 0.0078125 0.6875000
vt 0.0078125 0.6113281
vt 0.0078125 0.5351562
vt 0.0078125 0.4589844
vt 0.0078125 0.3828125
vt 0.2539062 0.9921875
vt 0.2539062 0.9160156
vt 0.2539062 0.8398438
vt 0.2539062 0.7636719
vt 0.2539062 0.6875000
vt 0.2539062 0.6113281
vt 0.2539062 0.5351562
vt 0.2539062 0.4589844
vt 0.2539062 0.3828125
vt 0.5000000 0.9921875
vt 0.5000000 0.9160156
vt 0.5000000 0.8398438
vt 0.5000000 0.7636719
vt 0.5000000 0.6875000
vt 0.5000000 0.6113281
vt 0.5000000 0.5351562
vt 0.5000000 0.4589844
vt 0.5000000 0.3828125
vt 0.7460938 0.9921875
vt 0.7460938 0.9160156
vt 0.7460938 0.8398438
vt 0.7460938 0.7636719
vt 0.7460938 0.6875000
vt 0.7460938 0.6113281
vt 0.7460938 0.5351562
vt 0.7460938 0.4589844
vt 0.7460938 0.3828125
vt 0.9921875 0.9921875
vt 0.9921875 0.9160156
vt 0.9921875 0.8398438
vt 0.9921875 0.7636719
vt 0.9921875 0.6875000
vt 0.9921875 0.6113281
vt 0.9921875 0.5351562
vt 0.9921875 0.4589844
vt 0.9921875 0.3828125
vt 0.0078125 0.6875000
vt 0.9921875 0.6875000
vn 0.6126026 0.7754713 0.1528475
vn 0.3029738 0.5055498 0.8078529
vn -0.1275332 0.1827591 0.9748510
vn -0.6393650 -0.1160584 0.7600940
vn -0.9439086 -0.2663778 -0.1951395
vn -0.4562297 -0.0187569 -0.8896643
vn 0.0195554 0.2837856 -0.9586883
vn 0.4344204 0.6161732 -0.6569699
vn 0.6126026 0.7754713 0.1528475
vn 0.8780431 0.4783653 -0.0143840
vn 0.5050834 0.2705200 0.8195790
vn 0.0157711 -0.0269403 0.9995126
vn -0.4577505 -0.3410765 0.8210550
vn -0.8093412 -0.5867286 0.0267667
vn -0.4757408 -0.3622711 -0.8015175
vn 0.0047389 -0.0499004 -0.9987430
vn 0.4959712 0.2484154 -0.8320471
vn 0.8780431 0.4783653 -0.0143840
vn 0.9882495 -0.1183452 -0.0967336
vn 0.5770060 -0.0305912 0.8161668
vn 0.0548068 -0.0267891 0.9981375
vn -0.4428102 -0.1158489 0.8890996
vn -0.9533192 -0.2658347 0.1432283
vn -0.5644895 -0.2035017 -0.7999617
vn -0.0367830 -0.1389945 -0.9896098
vn 0.4751159 -0.1355424 -0.8694211
vn 0.9882495 -0.1183452 -0.0967336
vn 0.4705941 -0.8809847 -0.0490623
vn 0.3425013 -0.6541074 0.6744156
vn 0.0048014 -0.1453774 0.9893646
vn -0.3689544 0.4603336 0.8074439
vn -0.5660991 0.8235995 0.0348668
vn -0.4180762 0.5011821 -0.7576469
vn -0.0775955 -0.1225168 -0.9894284
vn 0.2681738 -0.6355739 -0.7239673
vn 0.4705941 -0.8809847 -0.0490623
vn 0.1169005 -0.9842284 -0.1327735
vn 0.0691496 -0.8607369 0.5043316
vn -0.1300051 -0.3603869 0.9236991
vn -0.4035508 0.3398369 0.8495043
vn -0.5771571 0.7952957 0.1854576
vn -0.5047253 0.5961576 -0.6243784
vn -0.2492327 -0.0728813 -0.9656974
vn -0.0011917 -0.6968297 -0.7172356
vn 0.1169005 -0.9842284 -0.1327735
vn -0.2247374 0.9744194 -0.0000000
vn -0.7000045 -0.7141384 -0.0000000
s 1
f 3516/3516/3516 3517/3517/3517 3526/3526/3526
f 3516/3516/3516 3526/3526/3526 3525/3525/3525
f 3517/3517/3517 3518/3518/3518 3527/3527/3527
f 3517/3517/3517 3527/3527/3527 3526/3526/3526
f 3518/3518/3518 3519/3519/3519 3528/3528/3528
f 3518/3518/3518 3528/3528/3528 3527/3527/3527
f 3519/3519/3519 3520/3520/3520 3529/3529/3529
f 3519/3519/3519 3529/3529/3529 3528/3528/3528
f 3520/3520/3520 3521/3521/3521 3530/3530/3530
f 3520/3520/3520 3530/3530/3530 3529/3529/3529
f 3521/3521/3521 3522/3522/3522 3531/3531/3531
f 3521/3521/3521 3531/3531/3531 3530/3530/3530
f 3522/3522/3522 3523/3523/3523 3532/3532/3532
f 3522/3522/3522 3532/3532/3532 3531/3531/3531
f 3523/3523/3523 3524/3524/3524 3533/3533/3533
f 3523/3523/3523 3533/3533/3533 3532/3532/3532
f 3525/3525/3525 3526/3526/3526 3535/3535/3535
f 3525/3525/3525 3535/3535/3535 3534/3534/3534
f 3526/3526/3526 3527/3527/3527 3536/3536/3536
f 3526/3526/3526 3536/3536/3536 3535/3535/3535
f 3527/3527/3527 3528/3528/3528 3537/3537/3537
f 3527/3527/3527 3537/3537/3537 3536/3536/3536
f 3528/3528/3528 3529/3529/3529 3538/3538/3538
f 3528/3528/3528 3538/3538/3538 3537/3537/3537
f 3529/3529/3529 3530/3530/3530 3539/3539/3539
f 3529/3529/3529 3539/3539/3539 3538/3538/3538
f 3530/3530/3530 3531/3531/3531 3540/3540/3540
f 3530/3530/3530 3540/3540/3540 3539/3539/3539
f 3531/3531/3531 3532/3532/3532 3541/3541/3541
f 3531/3531/3531 3541/3541/3541 3540/3540/3540
f 3532/3532/3532 3533/3533/3533 3542/3542/3542
f 3532/3532/3532 3542/3542/3542 3541/3541/3541
f 3534/3534/3534 3535/3535/3535 3544/3544/3544
f 3534/3534/3534 3544/3544/3544 3543/3543/3543
f 3535/3535/3535 3536/3536/3536 3545/3545/3545
f 3535/3535/3535 3545/3545/3545 3544/3544/3544
f 3536/3536/3536 3537/3537/3537 3546/3546/3546
f 3536/3536/3536 3546/3546/3546 3545/3545/3545
f 3537/3537/3537 3538/3538/3538 3547/3547/3547
f 3537/3537/3537 3547/3547/3547 3546/3546/3546
f 3538/3538/3538 3539/3539/3539 3548/3548/3548
f 3538/3538/3538 3548/3548/3548 3547/3547/3547
f 3539/3539/3539 3540/3540/3540 3549/3549/3549
f 3539/3539/3539 3549/3549/3549 3548/3548/3548
f 3540/3540/3540 3541/3541/3541 3550/3550/3550
f 3540/3540/3540 3550/3550/3550 3549/3549/3549
f 3541/3541/3541 3542/3542/3542 3551/3551/3551
f 3541/3541/3541 3551/3551/3551 3550/3550/3550
f 3543/3543/3543 3544/3544/3544 3553/3553/3553
f 3543/3543/3543 3553/3553/3553 3552/3552/3552
f 3544/3544/3544 3545/3545/3545 3554/3554/3554
f 3544/3544/3544 3554/3554/3554 3553/3553/3553
f 3545/3545/3545 3546/3546/3546 3555/3555/3555
f 3545/3545/3545 3555/3555/3555 3554/3554/3554
f 3546/3546/3546 3547/3547/3547 3556/3556/3556
f 3546/3546/3546 3556/3556/3556 3555/3555/3555
f 3547/3547/3547 3548/3548/3548 3557/3557/3557
f 3547/3547/3547 3557/3557/3557 3556/3556/3556
f 3548/3548/3548 3549/3549/3549 3558/3558/3558
f 3548/3548/3548 3558/3558/3558 3557/3557/3557
f 3549/3549/3549 3550/3550/3550 3559/3559/3559
f 3549/3549/3549 3559/3559/3559 3558/3558/3558
f 3550/3550/3550 3551/3551/3551 3560/3560/3560
f 3550/3550/3550 3560/3560/3560 3559/3559/3559
f 3561/3561/3561 3517/3517/3517 3516/3516/3516
f 3561/3561/3561 3518/3518/3518 3517/3517/3517
f 3561/3561/3561 3519/3519/3519 3518/3518/3518
f 3561/3561/3561 3520/3520/3520 3519/3519/3519
f 3561/3561/3561 3521/3521/3521 3520/3520/3520
f 3561/3561/3561 3522/3522/3522 3521/3521/3521
f 3561/3561/3561 3523/3523/3523 3522/3522/3522
f 3561/3561/3561 3524/3524/3524 3523/3523/3523
f 3562/3562/3562 3552/3552/3552 3553/3553/3553
f 3562/3562/3562 3553/3553/3553 3554/3554/3554
f 3562/3562/3562 3554/3554/3554 3555/3555/3555
f 3562/3562/3562 3555/3555/3555 3556/3556/3556
f 3562/3562/3562 3556/3556/3556 3557/3557/3557
f 3562/3562/3562 3557/3557/3557 3558/3558/3558
f 3562/3562/3562 3558/3558/3558 3559/3559/3559
f 3562/3562/3562 3559/3559/3559 3560/3560/3560
o Finger_1_3
v 12.404953 42.482661 -23.137795
v 12.117180 42.416290 -22.669504
v 11.422434 42.256055 -22.475532
v 10.727689 42.095821 -22.669504
v 10.439916 42.029450 -23.137795
v 10.727689 42.095821 -23.606085
v 11.422434 42.256055 -23.800057
v 12.117180 42.416290 -23.606085
v 12.404953 42.482661 -23.137795
v 13.392931 41.014511 -23.137795
v 13.122137 40.961424 -22.706089
v 12.468384 40.833261 -22.527271
v 11.814630 40.705098 -22.706089
v 11.543837 40.652011 -23.137795
v 11.814630 40.705098 -23.569500
v 12.468384 40.833261 -23.748318
v 13.122137 40.961424 -23.569500
v 13.392931 41.014511 -23.137795
v 14.131942 39.280277 -23.137795
v 13.882970 39.280277 -22.763162
v 13.281900 39.280277 -22.607985
v 12.680830 39.280277 -22.763162
v 12.431859 39.280277 -23.137795
v 12.680830 39.280277 -23.512427
v 13.281900 39.280277 -23.667605
v 13.882970 39.280277 -23.512427
v 14.131942 39.280277 -23.137795
v 12.928578 38.315766 -23.137795
v 12.793790 38.391263 -22.850967
v 12.468384 38.573529 -22.732159
v 12.142977 38.755796 -22.850967
v 12.008189 38.831293 -23.137795
v 12.142977 38.755796 -23.424622
v 12.468384 38.573529 -23.543430
v 12.793790 38.391263 -23.424622
v 12.928578 38.315766 -23.137795
v 11.659662 38.006221 -23.137795
v 11.590180 38.074329 -22.927064
v 11.422434 38.238754 -22.839776
v 11.254689 38.403180 -22.927064
v 11.185206 38.471287 -23.137795
v 11.254689 38.403180 -23.348525
v 11.422434 38.238754 -23.435813
v 11.590180 38.074329 -23.348525
v 11.659662 38.006221 -23.137795
v 11.422434 42.256055 -23.137795
v 11.422434 38.238754 -23.137795
vt 0.0078125 0.9921875
vt 0.0078125 0.9160156
vt 0.0078125 0.8398438
vt 0.0078125 0.7636719
vt 0.0078125 0.6875000
vt 0.0078125 0.6113281
vt 0.0078125 0.5351562
vt 0.0078125 0.4589844
vt 0.0078125 0.3828125
vt 0.2539062 0.9921875
vt 0.2539062 0.9160156
vt 0.2539062 0.8398438
vt 0.2539062 0.7636719
vt 0.2539062 0.6875000
vt 0.2539062 0.6113281
vt 0.2539062 0.5351562
vt 0.2539062 0.4589844
vt 0.2539062 0.3828125
vt 0.5000000 0.9921875
vt 0.5000000 0.9160156
vt 0.5000000 0.8398438
vt 0.5000000 0.7636719
vt 0.5000000 0.6875000
vt 0.5000000 0.6113281
vt 0.5000000 0.5351562
vt 0.5000000 0.4589844
vt 0.5000000 0.3828125
vt 0.7460938 0.9921875
vt 0.7460938 0.9160156
vt 0.7460938 0.8398438
vt 0.7460938 0.7636719
vt 0.7460938 0.6875000
vt 0.7460938 0.6113281
vt 0.7460938 0.5351562
vt 0.7460938 0.4589844
vt 0.7460938 0.3828125
vt 0.9921875 0.9921875
vt 0.9921875 0.9160156
vt 0.9921875 0.8398438
vt 0.9921875 0.7636719
vt 0.9921875 0.6875000
vt 0.9921875 0.6113281
vt 0.9921875 0.5351562
vt 0.9921875 0.4589844
vt 0.9921875 0.3828125
vt 0.0078125 0.6875000
vt 0.9921875 0.6875000
vn 0.6126026 0.7754713 0.1528475
vn 0.3029738 0.5055498 0.8078529
vn -0.1275332 0.1827591 0.9748510
vn -0.6393650 -0.1160584 0.7600940
vn -0.9439086 -0.2663778 -0.1951395
vn -0.4562297 -0.0187569 -0.8896643
vn 0.0195554 0.2837856 -0.9586883
vn 0.4344204 0.6161732 -0.6569699
vn 0.6126026 0.7754713 0.1528475
vn 0.8780431 0.4783653 -0.0143840
vn 0.5050834 0.2705200 0.8195790
vn 0.0157711 -0.0269403 0.9995126
vn -0.4577505 -0.3410765 0.8210550
vn -0.8093412 -0.5867286 0.0267667
vn -0.4757408 -0.3622711 -0.8015175
vn 0.0047389 -0.0499004 -0.9987430
vn 0.4959712 0.2484154 -0.8320471
vn 0.8780431 0.4783653 -0.0143840
vn 0.9882495 -0.1183452 -0.0967336
vn 0.5770060 -0.0305912 0.8161668
vn 0.0548068 -0.0267891 0.9981375
vn -0.4428102 -0.1158489 0.8890996
vn -0.9533192 -0.2658347 0.1432283
vn -0.5644895 -0.2035017 -0.7999617
vn -0.0367830 -0.1389945 -0.9896098
vn 0.4751159 -0.1355424 -0.8694211
vn 0.9882495 -0.1183452 -0.0967336
vn 0.4705941 -0.8809847 -0.0490623
vn 0.3425013 -0.6541074 0.6744156
vn 0.0048014 -0.1453774 0.9893646
vn -0.3689544 0.4603336 0.8074439
vn -0.5660991 0.8235995 0.0348668
vn -0.4180762 0.5011821 -0.7576469
vn -0.0775955 -0.1225168 -0.9894284
vn 0.2681738 -0.6355739 -0.7239673
vn 0.4705941 -0.8809847 -0.0490623
vn 0.1169005 -0.9842284 -0.1327735
vn 0.0691496 -0.8607369 0.5043316
vn -0.1300051 -0.3603869 0.9236991
vn -0.4035508 0.3398369 0.8495043
vn -0.5771571 0.7952957 0.1854576
vn -0.5047253 0.5961576 -0.6243784
vn -0.2492327 -0.0728813 -0.9656974
vn -0.0011917 -0.6968297 -0.7172356
vn 0.1169005 -0.9842284 -0.1327735
vn -0.2247374 0.9744194 -0.0000000
vn -0.7000045 -0.7141384 -0.0000000
s 1
f 3563/3563/3563 3564/3564/3564 3573/3573/3573
f 3563/3563/3563 3573/3573/3573 3572/3572/3572
f 3564/3564/3564 3565/3565/3565 3574/3574/3574
f 3564/3564/3564 3574/3574/3574 3573/3573/3573
f 3565/3565/3565 3566/3566/3566 3575/3575/3575
f 3565/3565/3565 3575/3575/3575 3574/3574/3574
f 3566/3566/3566 3567/3567/3567 3576/3576/3576
f 3566/3566/3566 3576/3576/3576 3575/3575/3575
f 3567/3567/3567 3568/3568/3568 3577/3577/3577
f 3567/3567/3567 3577/3577/3577 3576/3576/3576
f 3568/3568/3568 3569/3569/3569 3578/3578/3578
f 3568/3568/3568 3578/3578/3578 3577/3577/3577
f 3569/3569/3569 3570/3570/3570 3579/3579/3579
f 3569/3569/3569 3579/3579/3579 3578/3578/3578
f 3570/3570/3570 3571/3571/3571 3580/3580/3580
f 3570/3570/3570 3580/3580/3580 3579/3579/3579
f 3572/3572/3572 3573/3573/3573 3582/3582/3582
f 3572/3572/3572 3582/3582/3582 3581/3581/3581
f 3573/3573/3573 3574/3574/3574 3583/3583/3583
f 3573/3573/3573 3583/3583/3583 3582/3582/3582
f 3574/3574/3574 3575/3575/3575 3584/3584/3584
f 3574/3574/3574 3584/3584/3584 3583/3583/3583
f 3575/3575/3575 3576/3576/3576 3585/3585/3585
f 3575/3575/3575 3585/3585/3585 3584/3584/3584
f 3576/3576/3576 3577/3577/3577 3586/3586/3586
f 3576/3576/3576 3586/3586/3586 3585/3585/3585
f 3577/3577/3577 3578/3578/3578 3587/3587/3587
f 3577/3577/3577 3587/3587/3587 3586/3586/3586
f 3578/3578/3578 3579/3579/3579 3588/3588/3588
f 3578/3578/3578 3588/3588/3588 3587/3587/3587
f 3579/3579/3579 3580/3580/3580 3589/3589/3589
f 3579/3579/3579 3589/3589/3589 3588/3588/3588
f 3581/3581/3581 3582/3582/3582 3591/3591/3591
f 3581/3581/3581 3591/3591/3591 3590/3590/3590
f 3582/3582/3582 3583/3583/3583 3592/3592/3592
f 3582/3582/3582 3592/3592/3592 3591/3591/3591
f 3583/3583/3583 3584/3584/3584 3593/3593/3593
f 3583/3583/3583 3593/3593/3593 3592/3592/3592
f 3584/3584/3584 3585/3585/3585 3594/3594/3594
f 3584/3584/3584 3594/3594/3594 3593/3593/3593
f 3585/3585/3585 3586/3586/3586 3595/3595/3595
f 3585/3585/3585 3595/3595/3595 3594/3594/3594
f 3586/3586/3586 3587/3587/3587 3596/3596/3596
f 3586/3586/3586 3596/3596/3596 3595/3595/3595
f 3587/3587/3587 3588/3588/3588 3597/3597/3597
f 3587/3587/3587 3597/3597/3597 3596/3596/3596
f 3588/3588/3588 3589/3589/3589 3598/3598/3598
f 3588/3588/3588 3598/3598/3598 3597/3597/3597
f 3590/3590/3590 3591/3591/3591 3600/3600/3600
f 3590/3590/3590 3600/3600/3600 3599/3599/3599
f 3591/3591/3591 3592/3592/3592 3601/3601/3601
f 3591/3591/3591 3601/3601/3601 3600/3600/3600
f 3592/3592/3592 3593/3593/3593 3602/3602/3602
f 3592/3592/3592 3602/3602/3602 3601/3601/3601
f 3593/3593/3593 3594/3594/3594 3603/3603/3603
f 3593/3593/3593 3603/3603/3603 3602/3602/3602
f 3594/3594/3594 3595/3595/3595 3604/3604/3604
f 3594/3594/3594 3604/3604/3604 3603/3603/3603
f 3595/3595/3595 3596/3596/3596 3605/3605/3605
f 3595/3595/3595 3605/3605/3605 3604/3604/3604
f 3596/3596/3596 3597/3597/3597 3606/3606/3606
f 3596/3596/3596 3606/3606/3606 3605/3605/3605
f 3597/3597/3597 3598/3598/3598 3607/3607/3607
f 3597/3597/3597 3607/3607/3607 3606/3606/3606
f 3608/3608/3608 3564/3564/3564 3563/3563/3563
f 3608/3608/3608 3565/3565/3565 3564/3564/3564
f 3608/3608/3608 3566/3566/3566 3565/3565/3565
f 3608/3608/3608 3567/3567/3567 3566/3566/3566
f 3608/3608/3608 3568/3568/3568 3567/3567/3567
f 3608/3608/3608 3569/3569/3569 3568/3568/3568
f 3608/3608/3608 3570/3570/3570 3569/3569/3569
f 3608/3608/3608 3571/3571/3571 3570/3570/3570
f 3609/3609/3609 3599/3599/3599 3600/3600/3600
f 3609/3609/3609 3600/3600/3600 3601/3601/3601
f 3609/3609/3609 3601/3601/3601 3602/3602/3602
f 3609/3609/3609 3602/3602/3602 3603/3603/3603
f 3609/3609/3609 3603/3603/3603 3604/3604/3604
f 3609/3609/3609 3604/3604/3604 3605/3605/3605
f 3609/3609/3609 3605/3605/3605 3606/3606/3606
f 3609/3609/3609 3606/3606/3606 3607/3607/3607
o Thumb_1
v 10.962834 42.702422 -22.293177
v 10.474385 42.169015 -22.495055
v 10.074469 41.948070 -23.097688
v 9.997351 42.169015 -23.748061
v 10.288206 42.702422 -24.065195
v 10.776656 43.235830 -23.863317
v 11.176572 43.456774 -23.260684
v 11.253689 43.235830 -22.610311
v 10.962834 42.702422 -22.293177
v 12.778376 42.255983 -22.671482
v 12.346011 41.782743 -22.849497
v 12.053409 41.570420 -23.390365
v 12.071972 41.743391 -23.977253
v 12.390825 42.200332 -24.266370
v 12.823190 42.673572 -24.088355
v 13.115792 42.885894 -23.547487
v 13.097229 42.712923 -22.960599
v 12.778376 42.255983 -22.671482
v 14.321939 41.875025 -22.919078
v 13.940602 41.486223 -23.034195
v 13.951443 41.199745 -23.428218
v 14.348110 41.183404 -23.870334
v 14.898242 41.446774 -24.101557
v 15.279579 41.835576 -23.986439
v 15.268738 42.122055 -23.592416
v 14.872071 42.138395 -23.150301
v 14.321939 41.875025 -22.919078
v 14.756443 41.561198 -22.342940
v 14.391797 41.310483 -22.421304
v 14.456513 41.009010 -22.567804
v 14.912681 40.833376 -22.696622
v 15.493085 40.886467 -22.732299
v 15.857731 41.137181 -22.653935
v 15.793015 41.438655 -22.507435
v 15.336847 41.614288 -22.378616
v 14.756443 41.561198 -22.342940
v 14.885062 41.163537 -21.429505
v 14.631091 40.994537 -21.491214
v 14.676032 40.780090 -21.571854
v 14.993560 40.645816 -21.624186
v 15.397671 40.670373 -21.617555
v 15.651642 40.839373 -21.555845
v 15.606700 41.053820 -21.475205
v 15.289172 41.188094 -21.422873
v 14.885062 41.163537 -21.429505
v 10.625520 42.702422 -23.179186
v 15.141366 40.916955 -21.523530
vt 0.0078125 0.9921875
vt 0.0078125 0.9160156
vt 0.0078125 0.8398438
vt 0.0078125 0.7636719
vt 0.0078125 0.6875000
vt 0.0078125 0.6113281
vt 0.0078125 0.5351562
vt 0.0078125 0.4589844
vt 0.0078125 0.3828125
vt 0.2539062 0.9921875
vt 0.2539062 0.9160156
vt 0.2539062 0.8398438
vt 0.2539062 0.7636719
vt 0.2539062 0.6875000
vt 0.2539062 0.6113281
vt 0.2539062 0.5351562
vt 0.2539062 0.4589844
vt 0.2539062 0.3828125
vt 0.5000000 0.9921875
vt 0.5000000 0.9160156
vt 0.5000000 0.8398438
vt 0.5000000 0.7636719
vt 0.5000000 0.6875000
vt 0.5000000 0.6113281
vt 0.5000000 0.5351562
vt 0.5000000 0.4589844
vt 0.5000000 0.3828125
vt 0.7460938 0.9921875
vt 0.7460938 0.9160156
vt 0.7460938 0.8398438
vt 0.7460938 0.7636719
vt 0.7460938 0.6875000
vt 0.7460938 0.6113281
vt 0.7460938 0.5351562
vt 0.7460938 0.4589844
vt 0.7460938 0.3828125
vt 0.9921875 0.9921875
vt 0.9921875 0.9160156
vt 0.9921875 0.8398438
vt 0.9921875 0.7636719
vt 0.9921875 0.6875000
vt 0.9921875 0.6113281
vt 0.9921875 0.5351562
vt 0.9921875 0.4589844
vt 0.9921875 0.3828125
vt 0.0078125 0.6875000
vt 0.9921875 0.6875000
vn -0.1051236 0.0422862 0.9935597
vn -0.3097251 -0.6155691 0.7246689
vn -0.4815765 -0.8750414 0.0488539
vn -0.5078403 -0.5094647 -0.6946538
vn -0.3174027 0.2866239 -0.9039371
vn -0.0950428 0.8498351 -0.5184084
vn 0.0313165 0.9950120 0.0947125
vn 0.0315946 0.7077689 0.7057372
vn -0.1051236 0.0422862 0.9935597
vn 0.1862227 0.0230547 0.9822370
vn -0.0232903 -0.6726537 0.7395908
vn -0.1781077 -0.9781930 0.1068461
vn -0.1850598 -0.7702395 -0.6103147
vn -0.0378170 -0.1068791 -0.9935526
vn 0.1549067 0.6041209 -0.7816916
vn 0.2858333 0.9477979 -0.1413451
vn 0.3103422 0.7377364 0.5995271
vn 0.1862227 0.0230547 0.9822370
vn -0.0145125 0.3539191 0.9351634
vn -0.2523792 -0.4584969 0.8521064
vn -0.2653118 -0.9410005 0.2100660
vn -0.0842168 -0.9099698 -0.4060327
vn 0.1942290 -0.5050434 -0.8409556
vn 0.4679663 0.3006605 -0.8310300
vn 0.4435711 0.8805104 -0.1671712
vn 0.2349218 0.8352720 0.4971242
vn -0.0145125 0.3539191 0.9351634
vn -0.2801628 0.8073158 0.5193747
vn -0.8374082 0.2387417 0.4916806
vn -0.6338755 -0.7678021 0.0931762
vn -0.1225983 -0.9762864 -0.1784223
vn 0.3191159 -0.8878232 -0.3315645
vn 0.8665450 -0.3830259 -0.3199858
vn 0.7646372 0.6296926 0.1371757
vn 0.2031978 0.8858858 0.4170336
vn -0.2801628 0.8073158 0.5193747
vn -0.1802702 0.8068266 0.5626130
vn -0.6967466 0.4261677 0.5769967
vn -0.7497080 -0.6022883 0.2742018
vn -0.2386892 -0.9709928 0.0141584
vn 0.1916182 -0.9813225 -0.0169886
vn 0.7020987 -0.6938062 0.1602824
vn 0.8017188 0.3166088 0.5069574
vn 0.2674471 0.7913427 0.5497716
vn -0.1802702 0.8068266 0.5626130
vn -0.7580217 0.5849105 0.2885876
vn 0.0059555 -0.3508735 0.9364039
s 1
f 3610/3610/3610 3611/3611/3611 3620/3620/3620
f 3610/3610/3610 3620/3620/3620 3619/3619/3619
f 3611/3611/3611 3612/3612/3612 3621/3621/3621
f 3611/3611/3611 3621/3621/3621 3620/3620/3620
f 3612/3612/3612 3613/3613/3613 3622/3622/3622
f 3612/3612/3612 3622/3622/3622 3621/3621/3621
f 3613/3613/3613 3614/3614/3614 3623/3623/3623
f 3613/3613/3613 3623/3623/3623 3622/3622/3622
f 3614/3614/3614 3615/3615/3615 3624/3624/3624
f 3614/3614/3614 3624/3624/3624 3623/3623/3623
f 3615/3615/3615 3616/3616/3616 3625/3625/3625
f 3615/3615/3615 3625/3625/3625 3624/3624/3624
f 3616/3616/3616 3617/3617/3617 3626/3626/3626
f 3616/3616/3616 3626/3626/3626 3625/3625/3625
f 3617/3617/3617 3618/3618/3618 3627/3627/3627
f 3617/3617/3617 3627/3627/3627 3626/3626/3626
f 3619/3619/3619 3620/3620/3620 3629/3629/3629
f 3619/3619/3619 3629/3629/3629 3628/3628/3628
f 3620/3620/3620 3621/3621/3621 3630/3630/3630
f 3620/3620/3620 3630/3630/3630 3629/3629/3629
f 3621/3621/3621 3622/3622/3622 3631/3631/3631
f 3621/3621/3621 3631/3631/3631 3630/3630/3630
f 3622/3622/3622 3623/3623/3623 3632/3632/3632
f 3622/3622/3622 3632/3632/3632 3631/3631/3631
f 3623/3623/3623 3624/3624/3624 3633/3633/3633
f 3623/3623/3623 3633/3633/3633 3632/3632/3632
f 3624/3624/3624 3625/3625/3625 3634/3634/3634
f 3624/3624/3624 3634/3634/3634 3633/3633/3633
f 3625/3625/3625 3626/3626/3626 3635/3635/3635
f 3625/3625/3625 3635/3635/3635 3634/3634/3634
f 3626/3626/3626 3627/3627/3627 3636/3636/3636
f 3626/3626/3626 3636/3636/3636 3635/3635/3635
f 3628/3628/3628 3629/3629/3629 3638/3638/3638
f 3628/3628/3628 3638/3638/3638 3637/3637/3637
f 3629/3629/3629 3630/3630/3630 3639/3639/3639
f 3629/3629/3629 3639/3639/3639 3638/3638/3638
f 3630/3630/3630 3631/3631/3631 3640/3640/3640
f 3630/3630/3630 3640/3640/3640 3639/3639/3639
f 3631/3631/3631 3632/3632/3632 3641/3641/3641
f 3631/3631/3631 3641/3641/3641 3640/3640/3640
f 3632/3632/3632 3633/3633/3633 3642/3642/3642
f 3632/3632/3632 3642/3642/3642 3641/3641/3641
f 3633/3633/3633 3634/3634/3634 3643/3643/3643
f 3633/3633/3633 3643/3643/3643 3642/3642/3642
f 3634/3634/3634 3635/3635/3635 3644/3644/3644
f 3634/3634/3634 3644/3644/3644 3643/3643/3643
f 3635/3635/3635 3636/3636/3636 3645/3645/3645
f 3635/3635/3635 3645/3645/3645 3644/3644/3644
f 3637/3637/3637 3638/3638/3638 3647/3647/3647
f 3637/3637/3637 3647/3647/3647 3646/3646/3646
f 3638/3638/3638 3639/3639/3639 3648/3648/3648
f 3638/3638/3638 3648/3648/3648 3647/3647/3647
f 3639/3639/3639 3640/3640/3640 3649/3649/3649
f 3639/3639/3639 3649/3649/3649 3648/3648/3648
f 3640/3640/3640 3641/3641/3641 3650/3650/3650
f 3640/3640/3640 3650/3650/3650 3649/3649/3649
f 3641/3641/3641 3642/3642/3642 3651/3651/3651
f 3641/3641/3641 3651/3651/3651 3650/3650/3650
f 3642/3642/3642 3643/3643/3643 3652/3652/3652
f 3642/3642/3642 3652/3652/3652 3651/3651/3651
f 3643/3643/3643 3644/3644/3644 3653/3653/3653
f 3643/3643/3643 3653/3653/3653 3652/3652/3652
f 3644/3644/3644 3645/3645/3645 3654/3654/3654
f 3644/3644/3644 3654/3654/3654 3653/3653/3653
f 3655/3655/3655 3611/3611/3611 3610/3610/3610
f 3655/3655/3655 3612/3612/3612 3611/3611/3611
f 3655/3655/3655 3613/3613/3613 3612/3612/3612
f 3655/3655/3655 3614/3614/3614 3613/3613/3613
f 3655/3655/3655 3615/3615/3615 3614/3614/3614
f 3655/3655/3655 3616/3616/3616 3615/3615/3615
f 3655/3655/3655 3617/3617/3617 3616/3616/3616
f 3655/3655/3655 3618/3618/3618 3617/3617/3617
f 3656/3656/3656 3646/3646/3646 3647/3647/3647
f 3656/3656/3656 3647/3647/3647 3648/3648/3648
f 3656/3656/3656 3648/3648/3648 3649/3649/3649
f 3656/3656/3656 3649/3649/3649 3650/3650/3650
f 3656/3656/3656 3650/3650/3650 3651/3651/3651
f 3656/3656/3656 3651/3651/3651 3652/3652/3652
f 3656/3656/3656 3652/3652/3652 3653/3653/3653
f 3656/3656/3656 3653/3653/3653 3654/3654/3654
o Nose
v 14.610090 74.840830 -0.000000
v 15.503869 74.927018 -0.000000
v 15.460124 74.927018 -0.132419
v 15.333172 74.927018 -0.251875
v 15.135440 74.927018 -0.346676
v 14.886283 74.927018 -0.407542
v 14.610090 74.927018 -0.428515
v 14.333898 74.927018 -0.407542
v 14.084741 74.927018 -0.346676
v 13.887008 74.927018 -0.251875
v 13.760057 74.927018 -0.132419
v 13.716312 74.927018 -0.000000
v 13.760057 74.927018 0.132419
v 13.887008 74.927018 0.251875
v 14.084741 74.927018 0.346676
v 14.333898 74.927018 0.407542
v 14.610090 74.927018 0.428515
v 14.886283 74.927018 0.407542
v 15.135440 74.927018 0.346676
v 15.333172 74.927018 0.251875
v 15.460124 74.927018 0.132419
v 15.503869 74.927018 0.000000
v 16.336737 75.179707 -0.000000
v 16.252229 75.179707 -0.255813
v 16.006977 75.179707 -0.486585
v 15.624988 75.179707 -0.669727
v 15.143654 75.179707 -0.787311
v 14.610090 75.179707 -0.827828
v 14.076527 75.179707 -0.787311
v 13.595193 75.179707 -0.669727
v 13.213203 75.179707 -0.486585
v 12.967951 75.179707 -0.255813
v 12.883443 75.179707 -0.000000
v 12.967951 75.179707 0.255813
v 13.213203 75.179707 0.486585
v 13.595193 75.179707 0.669727
v 14.076527 75.179707 0.787311
v 14.610090 75.179707 0.827828
v 15.143654 75.179707 0.787311
v 15.624988 75.179707 0.669727
v 16.006977 75.179707 0.486585
v 16.252229 75.179707 0.255813
v 16.336737 75.179707 0.000000
v 17.051938 75.581678 -0.000000
v 16.932425 75.581678 -0.361774
v 16.585587 75.581678 -0.688135
v 16.045372 75.581678 -0.947137
v 15.364663 75.581678 -1.113426
v 14.610090 75.581678 -1.170726
v 13.855518 75.581678 -1.113426
v 13.174808 75.581678 -0.947137
v 12.634594 75.581678 -0.688135
v 12.287755 75.581678 -0.361774
v 12.168243 75.581678 -0.000000
v 12.287755 75.581678 0.361774
v 12.634594 75.581678 0.688135
v 13.174808 75.581678 0.947137
v 13.855518 75.581678 1.113426
v 14.610090 75.581678 1.170726
v 15.364663 75.581678 1.113426
v 16.045372 75.581678 0.947137
v 16.585587 75.581678 0.688135
v 16.932425 75.581678 0.361774
v 17.051938 75.581678 0.000000
v 17.600731 76.105536 -0.000000
v 17.454358 76.105536 -0.443081
v 17.029569 76.105536 -0.842790
v 16.367945 76.105536 -1.160001
v 15.534249 76.105536 -1.363663
v 14.610090 76.105536 -1.433840
v 13.685932 76.105536 -1.363663
v 12.852236 76.105536 -1.160001
v 12.190611 76.105536 -0.842790
v 11.765822 76.105536 -0.443081
v 11.619450 76.105536 -0.000000
v 11.765822 76.105536 0.443081
v 12.190611 76.105536 0.842790
v 12.852236 76.105536 1.160001
v 13.685932 76.105536 1.363663
v 14.610090 76.105536 1.433840
v 15.534249 76.105536 1.363663
v 16.367945 76.105536 1.160001
v 17.029569 76.105536 0.842790
v 17.454358 76.105536 0.443081
v 17.600731 76.105536 0.000000
v 17.945716 76.715582 -0.000000
v 17.782459 76.715582 -0.494193
v 17.308668 76.715582 -0.940010
v 16.570722 76.715582 -1.293813
v 15.640855 76.715582 -1.520969
v 14.610090 76.715582 -1.599241
v 13.579325 76.715582 -1.520969
v 12.649459 76.715582 -1.293813
v 11.911512 76.715582 -0.940010
v 11.437722 76.715582 -0.494193
v 11.274464 76.715582 -0.000000
v 11.437722 76.715582 0.494193
v 11.911512 76.715582 0.940010
v 12.649459 76.715582 1.293813
v 13.579325 76.715582 1.520969
v 14.610090 76.715582 1.599241
v 15.640855 76.715582 1.520969
v 16.570722 76.715582 1.293813
v 17.308668 76.715582 0.940010
v 17.782459 76.715582 0.494193
v 17.945716 76.715582 0.000000
v 18.063384 77.370242 -0.000000
v 17.894368 77.370242 -0.511626
v 17.403864 77.370242 -0.973170
v 16.639886 77.370242 -1.339454
v 15.677217 77.370242 -1.574623
v 14.610090 77.370242 -1.655656
v 13.542964 77.370242 -1.574623
v 12.580295 77.370242 -1.339454
v 11.816317 77.370242 -0.973170
v 11.325812 77.370242 -0.511626
v 11.156796 77.370242 -0.000000
v 11.325812 77.370242 0.511626
v 11.816317 77.370242 0.973170
v 12.580295 77.370242 1.339454
v 13.542964 77.370242 1.574623
v 14.610090 77.370242 1.655656
v 15.677217 77.370242 1.574623
v 16.639886 77.370242 1.339454
v 17.403864 77.370242 0.973170
v 17.894368 77.370242 0.511626
v 18.063384 77.370242 0.000000
v 17.945716 78.024902 -0.000000
v 17.782459 78.024902 -0.494193
v 17.308668 78.024902 -0.940010
v 16.570722 78.024902 -1.293813
v 15.640855 78.024902 -1.520969
v 14.610090 78.024902 -1.599241
v 13.579325 78.024902 -1.520969
v 12.649459 78.024902 -1.293813
v 11.911512 78.024902 -0.940010
v 11.437722 78.024902 -0.494193
v 11.274464 78.024902 -0.000000
v 11.437722 78.024902 0.494193
v 11.911512 78.024902 0.940010
v 12.649459 78.024902 1.293813
v 13.579325 78.024902 1.520969
v 14.610090 78.024902 1.599241
v 15.640855 78.024902 1.520969
v 16.570722 78.024902 1.293813
v 17.308668 78.024902 0.940010
v 17.782459 78.024902 0.494193
v 17.945716 78.024902 0.000000
v 17.600731 78.634948 -0.000000
v 17.454358 78.634948 -0.443081
v 17.029569 78.634948 -0.842790
v 16.367945 78.634948 -1.160001
v 15.534249 78.634948 -1.363663
v 14.610090 78.634948 -1.433840
v 13.685932 78.634948 -1.363663
v 12.852236 78.634948 -1.160001
v 12.190611 78.634948 -0.842790
v 11.765822 78.634948 -0.443081
v 11.619450 78.634948 -0.000000
v 11.765822 78.634948 0.443081
v 12.190611 78.634948 0.842790
v 12.852236 78.634948 1.160001
v 13.685932 78.634948 1.363663
v 14.610090 78.634948 1.433840
v 15.534249 78.634948 1.363663
v 16.367945 78.634948 1.160001
v 17.029569 78.634948 0.842790
v 17.454358 78.634948 0.443081
v 17.600731 78.634948 0.000000
v 17.051938 79.158806 -0.000000
v 16.932425 79.158806 -0.361774
v 16.585587 79.158806 -0.688135
v 16.045372 79.158806 -0.947137
v 15.364663 79.158806 -1.113426
v 14.610090 79.158806 -1.170726
v 13.855518 79.158806 -1.113426
v 13.174808 79.158806 -0.947137
v 12.634594 79.158806 -0.688135
v 12.287755 79.158806 -0.361774
v 12.168243 79.158806 -0.000000
v 12.287755 79.158806 0.361774
v 12.634594 79.158806 0.688135
v 13.174808 79.158806 0.947137
v 13.855518 79.158806 1.113426
v 14.610090 79.158806 1.170726
v 15.364663 79.158806 1.113426
v 16.045372 79.158806 0.947137
v 16.585587 79.158806 0.688135
v 16.932425 79.158806 0.361774
v 17.051938 79.158806 0.000000
v 16.336737 79.560777 -0.000000
v 16.252229 79.560777 -0.255813
v 16.006977 79.560777 -0.486585
v 15.624988 79.560777 -0.669727
v 15.143654 79.560777 -0.787311
v 14.610090 79.560777 -0.827828
v 14.076527 79.560777 -0.787311
v 13.595193 79.560777 -0.669727
v 13.213203 79.560777 -0.486585
v 12.967951 79.560777 -0.255813
v 12.883443 79.560777 -0.000000
v 12.967951 79.560777 0.255813
v 13.213203 79.560777 0.486585
v 13.595193 79.560777 0.669727
v 14.076527 79.560777 0.787311
v 14.610090 79.560777 0.827828
v 15.143654 79.560777 0.787311
v 15.624988 79.560777 0.669727
v 16.006977 79.560777 0.486585
v 16.252229 79.560777 0.255813
v 16.336737 79.560777 0.000000
v 15.503869 79.813466 -0.000000
v 15.460124 79.813466 -0.132419
v 15.333172 79.813466 -0.251875
v 15.135440 79.813466 -0.346676
v 14.886283 79.813466 -0.407542
v 14.610090 79.813466 -0.428515
v 14.333898 79.813466 -0.407542
v 14.084741 79.813466 -0.346676
v 13.887008 79.813466 -0.251875
v 13.760057 79.813466 -0.132419
v 13.716312 79.813466 -0.000000
v 13.760057 79.813466 0.132419
v 13.887008 79.813466 0.251875
v 14.084741 79.813466 0.346676
v 14.333898 79.813466 0.407542
v 14.610090 79.813466 0.428515
v 14.886283 79.813466 0.407542
v 15.135440 79.813466 0.346676
v 15.333172 79.813466 0.251875
v 15.460124 79.813466 0.132419
v 15.503869 79.813466 0.000000
v 14.610090 79.899654 -0.000000
vt 0.5000000 0.6996875
vt 0.0865625 0.8056375
vt 0.1279062 0.8056375
vt 0.1692500 0.8056375
vt 0.2105938 0.8056375
vt 0.2519375 0.8056375
vt 0.2932813 0.8056375
vt 0.3346250 0.8056375
vt 0.3759688 0.8056375
vt 0.4173125 0.8056375
vt 0.4586563 0.8056375
vt 0.5000000 0.8056375
vt 0.5413438 0.8056375
vt 0.5826875 0.8056375
vt 0.6240313 0.8056375
vt 0.6653750 0.8056375
vt 0.7067187 0.8056375
vt 0.7480625 0.8056375
vt 0.7894062 0.8056375
vt 0.8307500 0.8056375
vt 0.8720937 0.8056375
vt 0.9134375 0.8056375
vt 0.0865625 0.7946797
vt 0.1279062 0.7946797
vt 0.1692500 0.7946797
vt 0.2105938 0.7946797
vt 0.2519375 0.7946797
vt 0.2932813 0.7946797
vt 0.3346250 0.7946797
vt 0.3759688 0.7946797
vt 0.4173125 0.7946797
vt 0.4586563 0.7946797
vt 0.5000000 0.7946797
vt 0.5413438 0.7946797
vt 0.5826875 0.7946797
vt 0.6240313 0.7946797
vt 0.6653750 0.7946797
vt 0.7067187 0.7946797
vt 0.7480625 0.7946797
vt 0.7894062 0.7946797
vt 0.8307500 0.7946797
vt 0.8720937 0.7946797
vt 0.9134375 0.7946797
vt 0.0865625 0.7772483
vt 0.1279062 0.7772483
vt 0.1692500 0.7772483
vt 0.2105938 0.7772483
vt 0.2519375 0.7772483
vt 0.2932813 0.7772483
vt 0.3346250 0.7772483
vt 0.3759688 0.7772483
vt 0.4173125 0.7772483
vt 0.4586563 0.7772483
vt 0.5000000 0.7772483
vt 0.5413438 0.7772483
vt 0.5826875 0.7772483
vt 0.6240313 0.7772483
vt 0.6653750 0.7772483
vt 0.7067187 0.7772483
vt 0.7480625 0.7772483
vt 0.7894062 0.7772483
vt 0.8307500 0.7772483
vt 0.8720937 0.7772483
vt 0.9134375 0.7772483
vt 0.0865625 0.7545312
vt 0.1279062 0.7545312
vt 0.1692500 0.7545312
vt 0.2105938 0.7545312
vt 0.2519375 0.7545312
vt 0.2932813 0.7545312
vt 0.3346250 0.7545312
vt 0.3759688 0.7545312
vt 0.4173125 0.7545312
vt 0.4586563 0.7545312
vt 0.5000000 0.7545312
vt 0.5413438 0.7545312
vt 0.5826875 0.7545312
vt 0.6240313 0.7545312
vt 0.6653750 0.7545312
vt 0.7067187 0.7545312
vt 0.7480625 0.7545312
vt 0.7894062 0.7545312
vt 0.8307500 0.7545312
vt 0.8720937 0.7545312
vt 0.9134375 0.7545312
vt 0.0865625 0.7280767
vt 0.1279062 0.7280767
vt 0.1692500 0.7280767
vt 0.2105938 0.7280767
vt 0.2519375 0.7280767
vt 0.2932813 0.7280767
vt 0.3346250 0.7280767
vt 0.3759688 0.7280767
vt 0.4173125 0.7280767
vt 0.4586563 0.7280767
vt 0.5000000 0.7280767
vt 0.5413438 0.7280767
vt 0.5826875 0.7280767
vt 0.6240313 0.7280767
vt 0.6653750 0.7280767
vt 0.7067187 0.7280767
vt 0.7480625 0.7280767
vt 0.7894062 0.7280767
vt 0.8307500 0.7280767
vt 0.8720937 0.7280767
vt 0.9134375 0.7280767
vt 0.0865625 0.6996875
vt 0.1279062 0.6996875
vt 0.1692500 0.6996875
vt 0.2105938 0.6996875
vt 0.2519375 0.6996875
vt 0.2932813 0.6996875
vt 0.3346250 0.6996875
vt 0.3759688 0.6996875
vt 0.4173125 0.6996875
vt 0.4586563 0.6996875
vt 0.5000000 0.6996875
vt 0.5413438 0.6996875
vt 0.5826875 0.6996875
vt 0.6240313 0.6996875
vt 0.6653750 0.6996875
vt 0.7067187 0.6996875
vt 0.7480625 0.6996875
vt 0.7894062 0.6996875
vt 0.8307500 0.6996875
vt 0.8720937 0.6996875
vt 0.9134375 0.6996875
vt 0.0865625 0.6712983
vt 0.1279062 0.6712983
vt 0.1692500 0.6712983
vt 0.2105938 0.6712983
vt 0.2519375 0.6712983
vt 0.2932813 0.6712983
vt 0.3346250 0.6712983
vt 0.3759688 0.6712983
vt 0.4173125 0.6712983
vt 0.4586563 0.6712983
vt 0.5000000 0.6712983
vt 0.5413438 0.6712983
vt 0.5826875 0.6712983
vt 0.6240313 0.6712983
vt 0.6653750 0.6712983
vt 0.7067187 0.6712983
vt 0.7480625 0.6712983
vt 0.7894062 0.6712983
vt 0.8307500 0.6712983
vt 0.8720937 0.6712983
vt 0.9134375 0.6712983
vt 0.0865625 0.6448438
vt 0.1279062 0.6448438
vt 0.1692500 0.6448438
vt 0.2105938 0.6448438
vt 0.2519375 0.6448438
vt 0.2932813 0.6448438
vt 0.3346250 0.6448438
vt 0.3759688 0.6448438
vt 0.4173125 0.6448438
vt 0.4586563 0.6448438
vt 0.5000000 0.6448438
vt 0.5413438 0.6448438
vt 0.5826875 0.6448438
vt 0.6240313 0.6448438
vt 0.6653750 0.6448438
vt 0.7067187 0.6448438
vt 0.7480625 0.6448438
vt 0.7894062 0.6448438
vt 0.8307500 0.6448438
vt 0.8720937 0.6448438
vt 0.9134375 0.6448438
vt 0.0865625 0.6221267
vt 0.1279062 0.6221267
vt 0.1692500 0.6221267
vt 0.2105938 0.6221267
vt 0.2519375 0.6221267
vt 0.2932813 0.6221267
vt 0.3346250 0.6221267
vt 0.3759688 0.6221267
vt 0.4173125 0.6221267
vt 0.4586563 0.6221267
vt 0.5000000 0.6221267
vt 0.5413438 0.6221267
vt 0.5826875 0.6221267
vt 0.6240313 0.6221267
vt 0.6653750 0.6221267
vt 0.7067187 0.6221267
vt 0.7480625 0.6221267
vt 0.7894062 0.6221267
vt 0.8307500 0.6221267
vt 0.8720937 0.6221267
vt 0.9134375 0.6221267
vt 0.0865625 0.6046953
vt 0.1279062 0.6046953
vt 0.1692500 0.6046953
vt 0.2105938 0.6046953
vt 0.2519375 0.6046953
vt 0.2932813 0.6046953
vt 0.3346250 0.6046953
vt 0.3759688 0.6046953
vt 0.4173125 0.6046953
vt 0.4586563 0.6046953
vt 0.5000000 0.6046953
vt 0.5413438 0.6046953
vt 0.5826875 0.6046953
vt 0.6240313 0.6046953
vt 0.6653750 0.6046953
vt 0.7067187 0.6046953
vt 0.7480625 0.6046953
vt 0.7894062 0.6046953
vt 0.8307500 0.6046953
vt 0.8720937 0.6046953
vt 0.9134375 0.6046953
vt 0.0865625 0.5937375
vt 0.1279062 0.5937375
vt 0.1692500 0.5937375
vt 0.2105938 0.5937375
vt 0.2519375 0.5937375
vt 0.2932813 0.5937375
vt 0.3346250 0.5937375
vt 0.3759688 0.5937375
vt 0.4173125 0.5937375
vt 0.4586563 0.5937375
vt 0.5000000 0.5937375
vt 0.5413438 0.5937375
vt 0.5826875 0.5937375
vt 0.6240313 0.5937375
vt 0.6653750 0.5937375
vt 0.7067187 0.5937375
vt 0.7480625 0.5937375
vt 0.7894062 0.5937375
vt 0.8307500 0.5937375
vt 0.8720937 0.5937375
vt 0.9134375 0.5937375
vt 0.5000000 0.6996875
vn -0.0000000 -1.0000000 -0.0000000
vn 0.2243302 -0.9740191 -0.0310283
vn 0.2064338 -0.9631951 -0.1721634
vn 0.1671039 -0.9422237 -0.2903288
vn 0.1131966 -0.9201556 -0.3748336
vn 0.0512627 -0.9049762 -0.4223626
vn -0.0137657 -0.9013045 -0.4329674
vn -0.0779971 -0.9101545 -0.4068602
vn -0.1372445 -0.9290143 -0.3436516
vn -0.1858801 -0.9517418 -0.2442050
vn -0.2169243 -0.9694456 -0.1145384
vn -0.2243302 -0.9740191 0.0310283
vn -0.2064338 -0.9631951 0.1721634
vn -0.1671039 -0.9422237 0.2903288
vn -0.1131966 -0.9201556 0.3748336
vn -0.0512627 -0.9049762 0.4223626
vn 0.0137657 -0.9013045 0.4329674
vn 0.0779971 -0.9101545 0.4068602
vn 0.1372445 -0.9290143 0.3436516
vn 0.1858801 -0.9517418 0.2442050
vn 0.2169243 -0.9694456 0.1145384
vn 0.2243302 -0.9740191 -0.0310283
vn 0.4045177 -0.9140665 -0.0291185
vn 0.3688890 -0.8863949 -0.2796874
vn 0.2903893 -0.8319394 -0.4728116
vn 0.1930409 -0.7791239 -0.5964069
vn 0.0910290 -0.7447411 -0.6611160
vn -0.0112222 -0.7347687 -0.6782249
vn -0.1135057 -0.7503009 -0.6512795
vn -0.2151260 -0.7895142 -0.5747940
vn -0.3099821 -0.8446250 -0.4364857
vn -0.3812644 -0.8958129 -0.2283785
vn -0.4045177 -0.9140665 0.0291185
vn -0.3688890 -0.8863949 0.2796874
vn -0.2903893 -0.8319394 0.4728116
vn -0.1930409 -0.7791239 0.5964069
vn -0.0910290 -0.7447411 0.6611160
vn 0.0112222 -0.7347687 0.6782249
vn 0.1135057 -0.7503009 0.6512795
vn 0.2151260 -0.7895142 0.5747940
vn 0.3099821 -0.8446250 0.4364857
vn 0.3812644 -0.8958129 0.2283785
vn 0.4045177 -0.9140665 -0.0291185
vn 0.5995435 -0.7999364 -0.0254828
vn 0.5329939 -0.7527241 -0.3864244
vn 0.3983210 -0.6667889 -0.6298674
vn 0.2545051 -0.5943848 -0.7628459
vn 0.1197363 -0.5515789 -0.8254841
vn -0.0082299 -0.5388517 -0.8423604
vn -0.1367011 -0.5554012 -0.8202697
vn -0.2727312 -0.6021955 -0.7503188
vn -0.4171130 -0.6778726 -0.6053970
vn -0.5471326 -0.7625265 -0.3452524
vn -0.5995435 -0.7999364 0.0254828
vn -0.5329939 -0.7527241 0.3864244
vn -0.3983210 -0.6667889 0.6298674
vn -0.2545051 -0.5943848 0.7628459
vn -0.1197363 -0.5515789 0.8254841
vn 0.0082299 -0.5388517 0.8423604
vn 0.1367011 -0.5554012 0.8202697
vn 0.2727312 -0.6021955 0.7503188
vn 0.4171130 -0.6778726 0.6053970
vn 0.5471326 -0.7625265 0.3452524
vn 0.5995435 -0.7999364 -0.0254828
vn 0.7898042 -0.6130481 -0.0195293
vn 0.6790806 -0.5563733 -0.4788510
vn 0.4794665 -0.4640156 -0.7448499
vn 0.2953117 -0.3964442 -0.8692658
vn 0.1379787 -0.3597054 -0.9228076
vn -0.0053268 -0.3487712 -0.9371928
vn -0.1491784 -0.3615225 -0.9203517
vn -0.3081606 -0.4004095 -0.8629654
vn -0.4945191 -0.4704094 -0.7308665
vn -0.6926916 -0.5631695 -0.4505757
vn -0.7898042 -0.6130481 0.0195293
vn -0.6790806 -0.5563733 0.4788510
vn -0.4794665 -0.4640156 0.7448499
vn -0.2953117 -0.3964442 0.8692658
vn -0.1379787 -0.3597054 0.9228076
vn 0.0053268 -0.3487712 0.9371928
vn 0.1491784 -0.3615225 0.9203517
vn 0.3081606 -0.4004095 0.8629654
vn 0.4945191 -0.4704094 0.7308665
vn 0.6926916 -0.5631695 0.4505757
vn 0.7898042 -0.6130481 -0.0195293
vn 0.9404365 -0.3397970 -0.0108246
vn 0.7852924 -0.2988785 -0.5422061
vn 0.5306473 -0.2379486 -0.8135072
vn 0.3191287 -0.1976736 -0.9268668
vn 0.1487222 -0.1768980 -0.9729279
vn -0.0026069 -0.1706887 -0.9853216
vn -0.1542637 -0.1773607 -0.9719804
vn -0.3257326 -0.1987222 -0.9243418
vn -0.5390462 -0.2397843 -0.8074235
vn -0.7940402 -0.3011260 -0.5280372
vn -0.9404365 -0.3397970 0.0108246
vn -0.7852924 -0.2988785 0.5422061
vn -0.5306473 -0.2379486 0.8135072
vn -0.3191287 -0.1976736 0.9268668
vn -0.1487222 -0.1768980 0.9729279
vn 0.0026069 -0.1706887 0.9853216
vn 0.1542637 -0.1773607 0.9719804
vn 0.3257326 -0.1987222 0.9243418
vn 0.5390462 -0.2397843 0.8074235
vn 0.7940402 -0.3011260 0.5280372
vn 0.9404365 -0.3397970 -0.0108246
vn 1.0000000 -0.0000000 -0.0000000
vn 0.8278096 -0.0000000 -0.5610091
vn 0.5507818 -0.0000000 -0.8346493
vn 0.3289497 -0.0000000 -0.9443475
vn 0.1539239 -0.0000000 -0.9880827
vn 0.0000000 -0.0000000 -1.0000000
vn -0.1539239 0.0000000 -0.9880827
vn -0.3289497 0.0000000 -0.9443475
vn -0.5507818 0.0000000 -0.8346493
vn -0.8278096 -0.0000000 -0.5610091
vn -1.0000000 -0.0000000 -0.0000000
vn -0.8278096 0.0000000 0.5610091
vn -0.5507818 -0.0000000 0.8346493
vn -0.3289497 0.0000000 0.9443475
vn -0.1539239 0.0000000 0.9880827
vn -0.0000000 -0.0000000 1.0000000
vn 0.1539239 0.0000000 0.9880827
vn 0.3289497 0.0000000 0.9443475
vn 0.5507818 0.0000000 0.8346493
vn 0.8278096 0.0000000 0.5610091
vn 1.0000000 -0.0000000 -0.0000000
vn 0.9404365 0.3397970 0.0108246
vn 0.7940402 0.3011260 -0.5280372
vn 0.5390462 0.2397843 -0.8074235
vn 0.3257326 0.1987222 -0.9243418
vn 0.1542637 0.1773607 -0.9719804
vn 0.0026069 0.1706887 -0.9853216
vn -0.1487222 0.1768980 -0.9729279
vn -0.3191287 0.1976736 -0.9268668
vn -0.5306473 0.2379486 -0.8135072
vn -0.7852924 0.2988785 -0.5422061
vn -0.9404365 0.3397970 -0.0108246
vn -0.7940402 0.3011260 0.5280372
vn -0.5390462 0.2397843 0.8074235
vn -0.3257326 0.1987222 0.9243418
vn -0.1542637 0.1773607 0.9719804
vn -0.0026069 0.1706887 0.9853216
vn 0.1487222 0.1768980 0.9729279
vn 0.3191287 0.1976736 0.9268668
vn 0.5306473 0.2379486 0.8135072
vn 0.7852924 0.2988785 0.5422061
vn 0.9404365 0.3397970 0.0108246
vn 0.7898042 0.6130481 0.0195293
vn 0.6926916 0.5631695 -0.4505757
vn 0.4945191 0.4704094 -0.7308665
vn 0.3081606 0.4004095 -0.8629654
vn 0.1491784 0.3615225 -0.9203517
vn 0.0053268 0.3487712 -0.9371928
vn -0.1379787 0.3597054 -0.9228076
vn -0.2953117 0.3964442 -0.8692658
vn -0.4794665 0.4640156 -0.7448499
vn -0.6790806 0.5563733 -0.4788510
vn -0.7898042 0.6130481 -0.0195293
vn -0.6926916 0.5631695 0.4505757
vn -0.4945191 0.4704094 0.7308665
vn -0.3081606 0.4004095 0.8629654
vn -0.1491784 0.3615225 0.9203517
vn -0.0053268 0.3487712 0.9371928
vn 0.1379787 0.3597054 0.9228076
vn 0.2953117 0.3964442 0.8692658
vn 0.4794665 0.4640156 0.7448499
vn 0.6790806 0.5563733 0.4788510
vn 0.7898042 0.6130481 0.0195293
vn 0.5995435 0.7999364 0.0254828
vn 0.5471326 0.7625265 -0.3452524
vn 0.4171130 0.6778726 -0.6053970
vn 0.2727312 0.6021955 -0.7503188
vn 0.1367011 0.5554012 -0.8202697
vn 0.0082299 0.5388517 -0.8423604
vn -0.1197363 0.5515789 -0.8254841
vn -0.2545051 0.5943848 -0.7628459
vn -0.3983210 0.6667889 -0.6298674
vn -0.5329939 0.7527241 -0.3864244
vn -0.5995435 0.7999364 -0.0254828
vn -0.5471326 0.7625265 0.3452524
vn -0.4171130 0.6778726 0.6053970
vn -0.2727312 0.6021955 0.7503188
vn -0.1367011 0.5554012 0.8202697
vn -0.0082299 0.5388517 0.8423604
vn 0.1197363 0.5515789 0.8254841
vn 0.2545051 0.5943848 0.7628459
vn 0.3983210 0.6667889 0.6298674
vn 0.5329939 0.7527241 0.3864244
vn 0.5995435 0.7999364 0.0254828
vn 0.4045177 0.9140665 0.0291185
vn 0.3812644 0.8958129 -0.2283785
vn 0.3099821 0.8446250 -0.4364857
vn 0.2151260 0.7895142 -0.5747940
vn 0.1135057 0.7503009 -0.6512795
vn 0.0112222 0.7347687 -0.6782249
vn -0.0910290 0.7447411 -0.6611160
vn -0.1930409 0.7791239 -0.5964069
vn -0.2903893 0.8319394 -0.4728116
vn -0.3688890 0.8863949 -0.2796874
vn -0.4045177 0.9140665 -0.0291185
vn -0.3812644 0.8958129 0.2283785
vn -0.3099821 0.8446250 0.4364857
vn -0.2151260 0.7895142 0.5747940
vn -0.1135057 0.7503009 0.6512795
vn -0.0112222 0.7347687 0.6782249
vn 0.0910290 0.7447411 0.6611160
vn 0.1930409 0.7791239 0.5964069
vn 0.2903893 0.8319394 0.4728116
vn 0.3688890 0.8863949 0.2796874
vn 0.4045177 0.9140665 0.0291185
vn 0.2243302 0.9740191 0.0310283
vn 0.2169243 0.9694456 -0.1145384
vn 0.1858801 0.9517418 -0.2442050
vn 0.1372445 0.9290143 -0.3436516
vn 0.0779971 0.9101545 -0.4068602
vn 0.0137657 0.9013045 -0.4329674
vn -0.0512627 0.9049762 -0.4223626
vn -0.1131966 0.9201556 -0.3748336
vn -0.1671039 0.9422237 -0.2903288
vn -0.2064338 0.9631951 -0.1721634
vn -0.2243302 0.9740191 -0.0310283
vn -0.2169243 0.9694456 0.1145384
vn -0.1858801 0.9517418 0.2442050
vn -0.1372445 0.9290143 0.3436516
vn -0.0779971 0.9101545 0.4068602
vn -0.0137657 0.9013045 0.4329674
vn 0.0512627 0.9049762 0.4223626
vn 0.1131966 0.9201556 0.3748336
vn 0.1671039 0.9422237 0.2903288
vn 0.2064338 0.9631951 0.1721634
vn 0.2243302 0.9740191 0.0310283
vn -0.0000000 1.0000000 -0.0000000
s 1
f 3657/3657/3657 3659/3659/3659 3658/3658/3658
f 3657/3657/3657 3660/3660/3660 3659/3659/3659
f 3657/3657/3657 3661/3661/3661 3660/3660/3660
f 3657/3657/3657 3662/3662/3662 3661/3661/3661
f 3657/3657/3657 3663/3663/3663 3662/3662/3662
f 3657/3657/3657 3664/3664/3664 3663/3663/3663
f 3657/3657/3657 3665/3665/3665 3664/3664/3664
f 3657/3657/3657 3666/3666/3666 3665/3665/3665
f 3657/3657/3657 3667/3667/3667 3666/3666/3666
f 3657/3657/3657 3668/3668/3668 3667/3667/3667
f 3657/3657/3657 3669/3669/3669 3668/3668/3668
f 3657/3657/3657 3670/3670/3670 3669/3669/3669
f 3657/3657/3657 3671/3671/3671 3670/3670/3670
f 3657/3657/3657 3672/3672/3672 3671/3671/3671
f 3657/3657/3657 3673/3673/3673 3672/3672/3672
f 3657/3657/3657 3674/3674/3674 3673/3673/3673
f 3657/3657/3657 3675/3675/3675 3674/3674/3674
f 3657/3657/3657 3676/3676/3676 3675/3675/3675
f 3657/3657/3657 3677/3677/3677 3676/3676/3676
f 3657/3657/3657 3678/3678/3678 3677/3677/3677
f 3658/3658/3658 3659/3659/3659 3680/3680/3680
f 3658/3658/3658 3680/3680/3680 3679/3679/3679
f 3659/3659/3659 3660/3660/3660 3681/3681/3681
f 3659/3659/3659 3681/3681/3681 3680/3680/3680
f 3660/3660/3660 3661/3661/3661 3682/3682/3682
f 3660/3660/3660 3682/3682/3682 3681/3681/3681
f 3661/3661/3661 3662/3662/3662 3683/3683/3683
f 3661/3661/3661 3683/3683/3683 3682/3682/3682
f 3662/3662/3662 3663/3663/3663 3684/3684/3684
f 3662/3662/3662 3684/3684/3684 3683/3683/3683
f 3663/3663/3663 3664/3664/3664 3685/3685/3685
f 3663/3663/3663 3685/3685/3685 3684/3684/3684
f 3664/3664/3664 3665/3665/3665 3686/3686/3686
f 3664/3664/3664 3686/3686/3686 3685/3685/3685
f 3665/3665/3665 3666/3666/3666 3687/3687/3687
f 3665/3665/3665 3687/3687/3687 3686/3686/3686
f 3666/3666/3666 3667/3667/3667 3688/3688/3688
f 3666/3666/3666 3688/3688/3688 3687/3687/3687
f 3667/3667/3667 3668/3668/3668 3689/3689/3689
f 3667/3667/3667 3689/3689/3689 3688/3688/3688
f 3668/3668/3668 3669/3669/3669 3690/3690/3690
f 3668/3668/3668 3690/3690/3690 3689/3689/3689
f 3669/3669/3669 3670/3670/3670 3691/3691/3691
f 3669/3669/3669 3691/3691/3691 3690/3690/3690
f 3670/3670/3670 3671/3671/3671 3692/3692/3692
f 3670/3670/3670 3692/3692/3692 3691/3691/3691
f 3671/3671/3671 3672/3672/3672 3693/3693/3693
f 3671/3671/3671 3693/3693/3693 3692/3692/3692
f 3672/3672/3672 3673/3673/3673 3694/3694/3694
f 3672/3672/3672 3694/3694/3694 3693/3693/3693
f 3673/3673/3673 3674/3674/3674 3695/3695/3695
f 3673/3673/3673 3695/3695/3695 3694/3694/3694
f 3674/3674/3674 3675/3675/3675 3696/3696/3696
f 3674/3674/3674 3696/3696/3696 3695/3695/3695
f 3675/3675/3675 3676/3676/3676 3697/3697/3697
f 3675/3675/3675 3697/3697/3697 3696/3696/3696
f 3676/3676/3676 3677/3677/3677 3698/3698/3698
f 3676/3676/3676 3698/3698/3698 3697/3697/3697
f 3677/3677/3677 3678/3678/3678 3699/3699/3699
f 3677/3677/3677 3699/3699/3699 3698/3698/3698
f 3679/3679/3679 3680/3680/3680 3701/3701/3701
f 3679/3679/3679 3701/3701/3701 3700/3700/3700
f 3680/3680/3680 3681/3681/3681 3702/3702/3702
f 3680/3680/3680 3702/3702/3702 3701/3701/3701
f 3681/3681/3681 3682/3682/3682 3703/3703/3703
f 3681/3681/3681 3703/3703/3703 3702/3702/3702
f 3682/3682/3682 3683/3683/3683 3704/3704/3704
f 3682/3682/3682 3704/3704/3704 3703/3703/3703
f 3683/3683/3683 3684/3684/3684 3705/3705/3705
f 3683/3683/3683 3705/3705/3705 3704/3704/3704
f 3684/3684/3684 3685/3685/3685 3706/3706/3706
f 3684/3684/3684 3706/3706/3706 3705/3705/3705
f 3685/3685/3685 3686/3686/3686 3707/3707/3707
f 3685/3685/3685 3707/3707/3707 3706/3706/3706
f 3686/3686/3686 3687/3687/3687 3708/3708/3708
f 3686/3686/3686 3708/3708/3708 3707/3707/3707
f 3687/3687/3687 3688/3688/3688 3709/3709/3709
f 3687/3687/3687 3709/3709/3709 3708/3708/3708
f 3688/3688/3688 3689/3689/3689 3710/3710/3710
f 3688/3688/3688 3710/3710/3710 3709/3709/3709
f 3689/3689/3689 3690/3690/3690 3711/3711/3711
f 3689/3689/3689 3711/3711/3711 3710/3710/3710
f 3690/3690/3690 3691/3691/3691 3712/3712/3712
f 3690/3690/3690 3712/3712/3712 3711/3711/3711
f 3691/3691/3691 3692/3692/3692 3713/3713/3713
f 3691/3691/3691 3713/3713/3713 3712/3712/3712
f 3692/3692/3692 3693/3693/3693 3714/3714/3714
f 3692/3692/3692 3714/3714/3714 3713/3713/3713
f 3693/3693/3693 3694/3694/3694 3715/3715/3715
f 3693/3693/3693 3715/3715/3715 3714/3714/3714
f 3694/3694/3694 3695/3695/3695 3716/3716/3716
f 3694/3694/3694 3716/3716/3716 3715/3715/3715
f 3695/3695/3695 3696/3696/3696 3717/3717/3717
f 3695/3695/3695 3717/3717/3717 3716/3716/3716
f 3696/3696/3696 3697/3697/3697 3718/3718/3718
f 3696/3696/3696 3718/3718/3718 3717/3717/3717
f 3697/3697/3697 3698/3698/3698 3719/3719/3719
f 3697/3697/3697 3719/3719/3719 3718/3718/3718
f 3698/3698/3698 3699/3699/3699 3720/3720/3720
f 3698/3698/3698 3720/3720/3720 3719/3719/3719
f 3700/3700/3700 3701/3701/3701 3722/3722/3722
f 3700/3700/3700 3722/3722/3722 3721/3721/3721
f 3701/3701/3701 3702/3702/3702 3723/3723/3723
f 3701/3701/3701 3723/3723/3723 3722/3722/3722
f 3702/3702/3702 3703/3703/3703 3724/3724/3724
f 3702/3702/3702 3724/3724/3724 3723/3723/3723
f 3703/3703/3703 3704/3704/3704 3725/3725/3725
f 3703/3703/3703 3725/3725/3725 3724/3724/3724
f 3704/3704/3704 3705/3705/3705 3726/3726/3726
f 3704/3704/3704 3726/3726/3726 3725/3725/3725
f 3705/3705/3705 3706/3706/3706 3727/3727/3727
f 3705/3705/3705 3727/3727/3727 3726/3726/3726
f 3706/3706/3706 3707/3707/3707 3728/3728/3728
f 3706/3706/3706 3728/3728/3728 3727/3727/3727
f 3707/3707/3707 3708/3708/3708 3729/3729/3729
f 3707/3707/3707 3729/3729/3729 3728/3728/3728
f 3708/3708/3708 3709/3709/3709 3730/3730/3730
f 3708/3708/3708 3730/3730/3730 3729/3729/3729
f 3709/3709/3709 3710/3710/3710 3731/3731/3731
f 3709/3709/3709 3731/3731/3731 3730/3730/3730
f 3710/3710/3710 3711/3711/3711 3732/3732/3732
f 3710/3710/3710 3732/3732/3732 3731/3731/3731
f 3711/3711/3711 3712/3712/3712 3733/3733/3733
f 3711/3711/3711 3733/3733/3733 3732/3732/3732
f 3712/3712/3712 3713/3713/3713 3734/3734/3734
f 3712/3712/3712 3734/3734/3734 3733/3733/3733
f 3713/3713/3713 3714/3714/3714 3735/3735/3735
f 3713/3713/3713 3735/3735/3735 3734/3734/3734
f 3714/3714/3714 3715/3715/3715 3736/3736/3736
f 3714/3714/3714 3736/3736/3736 3735/3735/3735
f 3715/3715/3715 3716/3716/3716 3737/3737/3737
f 3715/3715/3715 3737/3737/3737 3736/3736/3736
f 3716/3716/3716 3717/3717/3717 3738/3738/3738
f 3716/3716/3716 3738/3738/3738 3737/3737/3737
f 3717/3717/3717 3718/3718/3718 3739/3739/3739
f 3717/3717/3717 3739/3739/3739 3738/3738/3738
f 3718/3718/3718 3719/3719/3719 3740/3740/3740
f 3718/3718/3718 3740/3740/3740 3739/3739/3739
f 3719/3719/3719 3720/3720/3720 3741/3741/3741
f 3719/3719/3719 3741/3741/3741 3740/3740/3740
f 3721/3721/3721 3722/3722/3722 3743/3743/3743
f 3721/3721/3721 3743/3743/3743 3742/3742/3742
f 3722/3722/3722 3723/3723/3723 3744/3744/3744
f 3722/3722/3722 3744/3744/3744 3743/3743/3743
f 3723/3723/3723 3724/3724/3724 3745/3745/3745
f 3723/3723/3723 3745/3745/3745 3744/3744/3744
f 3724/3724/3724 3725/3725/3725 3746/3746/3746
f 3724/3724/3724 3746/3746/3746 3745/3745/3745
f 3725/3725/3725 3726/3726/3726 3747/3747/3747
f 3725/3725/3725 3747/3747/3747 3746/3746/3746
f 3726/3726/3726 3727/3727/3727 3748/3748/3748
f 3726/3726/3726 3748/3748/3748 3747/3747/3747
f 3727/3727/3727 3728/3728/3728 3749/3749/3749
f 3727/3727/3727 3749/3749/3749 3748/3748/3748
f 3728/3728/3728 3729/3729/3729 3750/3750/3750
f 3728/3728/3728 3750/3750/3750 3749/3749/3749
f 3729/3729/3729 3730/3730/3730 3751/3751/3751
f 3729/3729/3729 3751/3751/3751 3750/3750/3750
f 3730/3730/3730 3731/3731/3731 3752/3752/3752
f 3730/3730/3730 3752/3752/3752 3751/3751/3751
f 3731/3731/3731 3732/3732/3732 3753/3753/3753
f 3731/3731/3731 3753/3753/3753 3752/3752/3752
f 3732/3732/3732 3733/3733/3733 3754/3754/3754
f 3732/3732/3732 3754/3754/3754 3753/3753/3753
f 3733/3733/3733 3734/3734/3734 3755/3755/3755
f 3733/3733/3733 3755/3755/3755 3754/3754/3754
f 3734/3734/3734 3735/3735/3735 3756/3756/3756
f 3734/3734/3734 3756/3756/3756 3755/3755/3755
f 3735/3735/3735 3736/3736/3736 3757/3757/3757
f 3735/3735/3735 3757/3757/3757 3756/3756/3756
f 3736/3736/3736 3737/3737/3737 3758/3758/3758
f 3736/3736/3736 3758/3758/3758 3757/3757/3757
f 3737/3737/3737 3738/3738/3738 3759/3759/3759
f 3737/3737/3737 3759/3759/3759 3758/3758/3758
f 3738/3738/3738 3739/3739/3739 3760/3760/3760
f 3738/3738/3738 3760/3760/3760 3759/3759/3759
f 3739/3739/3739 3740/3740/3740 3761/3761/3761
f 3739/3739/3739 3761/3761/3761 3760/3760/3760
f 3740/3740/3740 3741/3741/3741 3762/3762/3762
f 3740/3740/3740 3762/3762/3762 3761/3761/3761
f 3742/3742/3742 3743/3743/3743 3764/3764/3764
f 3742/3742/3742 3764/3764/3764 3763/3763/3763
f 3743/3743/3743 3744/3744/3744 3765/3765/3765
f 3743/3743/3743 3765/3765/3765 3764/3764/3764
f 3744/3744/3744 3745/3745/3745 3766/3766/3766
f 3744/3744/3744 3766/3766/3766 3765/3765/3765
f 3745/3745/3745 3746/3746/3746 3767/3767/3767
f 3745/3745/3745 3767/3767/3767 3766/3766/3766
f 3746/3746/3746 3747/3747/3747 3768/3768/3768
f 3746/3746/3746 3768/3768/3768 3767/3767/3767
f 3747/3747/3747 3748/3748/3748 3769/3769/3769
f 3747/3747/3747 3769/3769/3769 3768/3768/3768
f 3748/3748/3748 3749/3749/3749 3770/3770/3770
f 3748/3748/3748 3770/3770/3770 3769/3769/3769
f 3749/3749/3749 3750/3750/3750 3771/3771/3771
f 3749/3749/3749 3771/3771/3771 3770/3770/3770
f 3750/3750/3750 3751/3751/3751 3772/3772/3772
f 3750/3750/3750 3772/3772/3772 3771/3771/3771
f 3751/3751/3751 3752/3752/3752 3773/3773/3773
f 3751/3751/3751 3773/3773/3773 3772/3772/3772
f 3752/3752/3752 3753/3753/3753 3774/3774/3774
f 3752/3752/3752 3774/3774/3774 3773/3773/3773
f 3753/3753/3753 3754/3754/3754 3775/3775/3775
f 3753/3753/3753 3775/3775/3775 3774/3774/3774
f 3754/3754/3754 3755/3755/3755 3776/3776/3776
f 3754/3754/3754 3776/3776/3776 3775/3775/3775
f 3755/3755/3755 3756/3756/3756 3777/3777/3777
f 3755/3755/3755 3777/3777/3777 3776/3776/3776
f 3756/3756/3756 3757/3757/3757 3778/3778/3778
f 3756/3756/3756 3778/3778/3778 3777/3777/3777
f 3757/3757/3757 3758/3758/3758 3779/3779/3779
f 3757/3757/3757 3779/3779/3779 3778/3778/3778
f 3758/3758/3758 3759/3759/3759 3780/3780/3780
f 3758/3758/3758 3780/3780/3780 3779/3779/3779
f 3759/3759/3759 3760/3760/3760 3781/3781/3781
f 3759/3759/3759 3781/3781/3781 3780/3780/3780
f 3760/3760/3760 3761/3761/3761 3782/3782/3782
f 3760/3760/3760 3782/3782/3782 3781/3781/3781
f 3761/3761/3761 3762/3762/3762 3783/3783/3783
f 3761/3761/3761 3783/3783/3783 3782/3782/3782
f 3763/3763/3763 3764/3764/3764 3785/3785/3785
f 3763/3763/3763 3785/3785/3785 3784/3784/3784
f 3764/3764/3764 3765/3765/3765 3786/3786/3786
f 3764/3764/3764 3786/3786/3786 3785/3785/3785
f 3765/3765/3765 3766/3766/3766 3787/3787/3787
f 3765/3765/3765 3787/3787/3787 3786/3786/3786
f 3766/3766/3766 3767/3767/3767 3788/3788/3788
f 3766/3766/3766 3788/3788/3788 3787/3787/3787
f 3767/3767/3767 3768/3768/3768 3789/3789/3789
f 3767/3767/3767 3789/3789/3789 3788/3788/3788
f 3768/3768/3768 3769/3769/3769 3790/3790/3790
f 3768/3768/3768 3790/3790/3790 3789/3789/3789
f 3769/3769/3769 3770/3770/3770 3791/3791/3791
f 3769/3769/3769 3791/3791/3791 3790/3790/3790
f 3770/3770/3770 3771/3771/3771 3792/3792/3792
f 3770/3770/3770 3792/3792/3792 3791/3791/3791
f 3771/3771/3771 3772/3772/3772 3793/3793/3793
f 3771/3771/3771 3793/3793/3793 3792/3792/3792
f 3772/3772/3772 3773/3773/3773 3794/3794/3794
f 3772/3772/3772 3794/3794/3794 3793/3793/3793
f 3773/3773/3773 3774/3774/3774 3795/3795/3795
f 3773/3773/3773 3795/3795/3795 3794/3794/3794
f 3774/3774/3774 3775/3775/3775 3796/3796/3796
f 3774/3774/3774 3796/3796/3796 3795/3795/3795
f 3775/3775/3775 3776/3776/3776 3797/3797/3797
f 3775/3775/3775 3797/3797/3797 3796/3796/3796
f 3776/3776/3776 3777/3777/3777 3798/3798/3798
f 3776/3776/3776 3798/3798/3798 3797/3797/3797
f 3777/3777/3777 3778/3778/3778 3799/3799/3799
f 3777/3777/3777 3799/3799/3799 3798/3798/3798
f 3778/3778/3778 3779/3779/3779 3800/3800/3800
f 3778/3778/3778 3800/3800/3800 3799/3799/3799
f 3779/3779/3779 3780/3780/3780 3801/3801/3801
f 3779/3779/3779 3801/3801/3801 3800/3800/3800
f 3780/3780/3780 3781/3781/3781 3802/3802/3802
f 3780/3780/3780 3802/3802/3802 3801/3801/3801
f 3781/3781/3781 3782/3782/3782 3803/3803/3803
f 3781/3781/3781 3803/3803/3803 3802/3802/3802
f 3782/3782/3782 3783/3783/3783 3804/3804/3804
f 3782/3782/3782 3804/3804/3804 3803/3803/3803
f 3784/3784/3784 3785/3785/3785 3806/3806/3806
f 3784/3784/3784 3806/3806/3806 3805/3805/3805
f 3785/3785/3785 3786/3786/3786 3807/3807/3807
f 3785/3785/3785 3807/3807/3807 3806/3806/3806
f 3786/3786/3786 3787/3787/3787 3808/3808/3808
f 3786/3786/3786 3808/3808/3808 3807/3807/3807
f 3787/3787/3787 3788/3788/3788 3809/3809/3809
f 3787/3787/3787 3809/3809/3809 3808/3808/3808
f 3788/3788/3788 3789/3789/3789 3810/3810/3810
f 3788/3788/3788 3810/3810/3810 3809/3809/3809
f 3789/3789/3789 3790/3790/3790 3811/3811/3811
f 3789/3789/3789 3811/3811/3811 3810/3810/3810
f 3790/3790/3790 3791/3791/3791 3812/3812/3812
f 3790/3790/3790 3812/3812/3812 3811/3811/3811
f 3791/3791/3791 3792/3792/3792 3813/3813/3813
f 3791/3791/3791 3813/3813/3813 3812/3812/3812
f 3792/3792/3792 3793/3793/3793 3814/3814/3814
f 3792/3792/3792 3814/3814/3814 3813/3813/3813
f 3793/3793/3793 3794/3794/3794 3815/3815/3815
f 3793/3793/3793 3815/3815/3815 3814/3814/3814
f 3794/3794/3794 3795/3795/3795 3816/3816/3816
f 3794/3794/3794 3816/3816/3816 3815/3815/3815
f 3795/3795/3795 3796/3796/3796 3817/3817/3817
f 3795/3795/3795 3817/3817/3817 3816/3816/3816
f 3796/3796/3796 3797/3797/3797 3818/3818/3818
f 3796/3796/3796 3818/3818/3818 3817/3817/3817
f 3797/3797/3797 3798/3798/3798 3819/3819/3819
f 3797/3797/3797 3819/3819/3819 3818/3818/3818
f 3798/3798/3798 3799/3799/3799 3820/3820/3820
f 3798/3798/3798 3820/3820/3820 3819/3819/3819
f 3799/3799/3799 3800/3800/3800 3821/3821/3821
f 3799/3799/3799 3821/3821/3821 3820/3820/3820
f 3800/3800/3800 3801/3801/3801 3822/3822/3822
f 3800/3800/3800 3822/3822/3822 3821/3821/3821
f 3801/3801/3801 3802/3802/3802 3823/3823/3823
f 3801/3801/3801 3823/3823/3823 3822/3822/3822
f 3802/3802/3802 3803/3803/3803 3824/3824/3824
f 3802/3802/3802 3824/3824/3824 3823/3823/3823
f 3803/3803/3803 3804/3804/3804 3825/3825/3825
f 3803/3803/3803 3825/3825/3825 3824/3824/3824
f 3805/3805/3805 3806/3806/3806 3827/3827/3827
f 3805/3805/3805 3827/3827/3827 3826/3826/3826
f 3806/3806/3806 3807/3807/3807 3828/3828/3828
f 3806/3806/3806 3828/3828/3828 3827/3827/3827
f 3807/3807/3807 3808/3808/3808 3829/3829/3829
f 3807/3807/3807 3829/3829/3829 3828/3828/3828
f 3808/3808/3808 3809/3809/3809 3830/3830/3830
f 3808/3808/3808 3830/3830/3830 3829/3829/3829
f 3809/3809/3809 3810/3810/3810 3831/3831/3831
f 3809/3809/3809 3831/3831/3831 3830/3830/3830
f 3810/3810/3810 3811/3811/3811 3832/3832/3832
f 3810/3810/3810 3832/3832/3832 3831/3831/3831
f 3811/3811/3811 3812/3812/3812 3833/3833/3833
f 3811/3811/3811 3833/3833/3833 3832/3832/3832
f 3812/3812/3812 3813/3813/3813 3834/3834/3834
f 3812/3812/3812 3834/3834/3834 3833/3833/3833
f 3813/3813/3813 3814/3814/3814 3835/3835/3835
f 3813/3813/3813 3835/3835/3835 3834/3834/3834
f 3814/3814/3814 3815/3815/3815 3836/3836/3836
f 3814/3814/3814 3836/3836/3836 3835/3835/3835
f 3815/3815/3815 3816/3816/3816 3837/3837/3837
f 3815/3815/3815 3837/3837/3837 3836/3836/3836
f 3816/3816/3816 3817/3817/3817 3838/3838/3838
f 3816/3816/3816 3838/3838/3838 3837/3837/3837
f 3817/3817/3817 3818/3818/3818 3839/3839/3839
f 3817/3817/3817 3839/3839/3839 3838/3838/3838
f 3818/3818/3818 3819/3819/3819 3840/3840/3840
f 3818/3818/3818 3840/3840/3840 3839/3839/3839
f 3819/3819/3819 3820/3820/3820 3841/3841/3841
f 3819/3819/3819 3841/3841/3841 3840/3840/3840
f 3820/3820/3820 3821/3821/3821 3842/3842/3842
f 3820/3820/3820 3842/3842/3842 3841/3841/3841
f 3821/3821/3821 3822/3822/3822 3843/3843/3843
f 3821/3821/3821 3843/3843/3843 3842/3842/3842
f 3822/3822/3822 3823/3823/3823 3844/3844/3844
f 3822/3822/3822 3844/3844/3844 3843/3843/3843
f 3823/3823/3823 3824/3824/3824 3845/3845/3845
f 3823/3823/3823 3845/3845/3845 3844/3844/3844
f 3824/3824/3824 3825/3825/3825 3846/3846/3846
f 3824/3824/3824 3846/3846/3846 3845/3845/3845
f 3826/3826/3826 3827/3827/3827 3848/3848/3848
f 3826/3826/3826 3848/3848/3848 3847/3847/3847
f 3827/3827/3827 3828/3828/3828 3849/3849/3849
f 3827/3827/3827 3849/3849/3849 3848/3848/3848
f 3828/3828/3828 3829/3829/3829 3850/3850/3850
f 3828/3828/3828 3850/3850/3850 3849/3849/3849
f 3829/3829/3829 3830/3830/3830 3851/3851/3851
f 3829/3829/3829 3851/3851/3851 3850/3850/3850
f 3830/3830/3830 3831/3831/3831 3852/3852/3852
f 3830/3830/3830 3852/3852/3852 3851/3851/3851
f 3831/3831/3831 3832/3832/3832 3853/3853/3853
f 3831/3831/3831 3853/3853/3853 3852/3852/3852
f 3832/3832/3832 3833/3833/3833 3854/3854/3854
f 3832/3832/3832 3854/3854/3854 3853/3853/3853
f 3833/3833/3833 3834/3834/3834 3855/3855/3855
f 3833/3833/3833 3855/3855/3855 3854/3854/3854
f 3834/3834/3834 3835/3835/3835 3856/3856/3856
f 3834/3834/3834 3856/3856/3856 3855/3855/3855
f 3835/3835/3835 3836/3836/3836 3857/3857/3857
f 3835/3835/3835 3857/3857/3857 3856/3856/3856
f 3836/3836/3836 3837/3837/3837 3858/3858/3858
f 3836/3836/3836 3858/3858/3858 3857/3857/3857
f 3837/3837/3837 3838/3838/3838 3859/3859/3859
f 3837/3837/3837 3859/3859/3859 3858/3858/3858
f 3838/3838/3838 3839/3839/3839 3860/3860/3860
f 3838/3838/3838 3860/3860/3860 3859/3859/3859
f 3839/3839/3839 3840/3840/3840 3861/3861/3861
f 3839/3839/3839 3861/3861/3861 3860/3860/3860
f 3840/3840/3840 3841/3841/3841 3862/3862/3862
f 3840/3840/3840 3862/3862/3862 3861/3861/3861
f 3841/3841/3841 3842/3842/3842 3863/3863/3863
f 3841/3841/3841 3863/3863/3863 3862/3862/3862
f 3842/3842/3842 3843/3843/3843 3864/3864/3864
f 3842/3842/3842 3864/3864/3864 3863/3863/3863
f 3843/3843/3843 3844/3844/3844 3865/3865/3865
f 3843/3843/3843 3865/3865/3865 3864/3864/3864
f 3844/3844/3844 3845/3845/3845 3866/3866/3866
f 3844/3844/3844 3866/3866/3866 3865/3865/3865
f 3845/3845/3845 3846/3846/3846 3867/3867/3867
f 3845/3845/3845 3867/3867/3867 3866/3866/3866
f 3847/3847/3847 3848/3848/3848 3869/3869/3869
f 3847/3847/3847 3869/3869/3869 3868/3868/3868
f 3848/3848/3848 3849/3849/3849 3870/3870/3870
f 3848/3848/3848 3870/3870/3870 3869/3869/3869
f 3849/3849/3849 3850/3850/3850 3871/3871/3871
f 3849/3849/3849 3871/3871/3871 3870/3870/3870
f 3850/3850/3850 3851/3851/3851 3872/3872/3872
f 3850/3850/3850 3872/3872/3872 3871/3871/3871
f 3851/3851/3851 3852/3852/3852 3873/3873/3873
f 3851/3851/3851 3873/3873/3873 3872/3872/3872
f 3852/3852/3852 3853/3853/3853 3874/3874/3874
f 3852/3852/3852 3874/3874/3874 3873/3873/3873
f 3853/3853/3853 3854/3854/3854 3875/3875/3875
f 3853/3853/3853 3875/3875/3875 3874/3874/3874
f 3854/3854/3854 3855/3855/3855 3876/3876/3876
f 3854/3854/3854 3876/3876/3876 3875/3875/3875
f 3855/3855/3855 3856/3856/3856 3877/3877/3877
f 3855/3855/3855 3877/3877/3877 3876/3876/3876
f 3856/3856/3856 3857/3857/3857 3878/3878/3878
f 3856/3856/3856 3878/3878/3878 3877/3877/3877
f 3857/3857/3857 3858/3858/3858 3879/3879/3879
f 3857/3857/3857 3879/3879/3879 3878/3878/3878
f 3858/3858/3858 3859/3859/3859 3880/3880/3880
f 3858/3858/3858 3880/3880/3880 3879/3879/3879
f 3859/3859/3859 3860/3860/3860 3881/3881/3881
f 3859/3859/3859 3881/3881/3881 3880/3880/3880
f 3860/3860/3860 3861/3861/3861 3882/3882/3882
f 3860/3860/3860 3882/3882/3882 3881/3881/3881
f 3861/3861/3861 3862/3862/3862 3883/3883/3883
f 3861/3861/3861 3883/3883/3883 3882/3882/3882
f 3862/3862/3862 3863/3863/3863 3884/3884/3884
f 3862/3862/3862 3884/3884/3884 3883/3883/3883
f 3863/3863/3863 3864/3864/3864 3885/3885/3885
f 3863/3863/3863 3885/3885/3885 3884/3884/3884
f 3864/3864/3864 3865/3865/3865 3886/3886/3886
f 3864/3864/3864 3886/3886/3886 3885/3885/3885
f 3865/3865/3865 3866/3866/3866 3887/3887/3887
f 3865/3865/3865 3887/3887/3887 3886/3886/3886
f 3866/3866/3866 3867/3867/3867 3888/3888/3888
f 3866/3866/3866 3888/3888/3888 3887/3887/3887
f 3868/3868/3868 3869/3869/3869 3889/3889/3889
f 3869/3869/3869 3870/3870/3870 3889/3889/3889
f 3870/3870/3870 3871/3871/3871 3889/3889/3889
f 3871/3871/3871 3872/3872/3872 3889/3889/3889
f 3872/3872/3872 3873/3873/3873 3889/3889/3889
f 3873/3873/3873 3874/3874/3874 3889/3889/3889
f 3874/3874/3874 3875/3875/3875 3889/3889/3889
f 3875/3875/3875 3876/3876/3876 3889/3889/3889
f 3876/3876/3876 3877/3877/3877 3889/3889/3889
f 3877/3877/3877 3878/3878/3878 3889/3889/3889
f 3878/3878/3878 3879/3879/3879 3889/3889/3889
f 3879/3879/3879 3880/3880/3880 3889/3889/3889
f 3880/3880/3880 3881/3881/3881 3889/3889/3889
f 3881/3881/3881 3882/3882/3882 3889/3889/3889
f 3882/3882/3882 3883/3883/3883 3889/3889/3889
f 3883/3883/3883 3884/3884/3884 3889/3889/3889
f 3884/3884/3884 3885/3885/3885 3889/3889/3889
f 3885/3885/3885 3886/3886/3886 3889/3889/3889
f 3886/3886/3886 3887/3887/3887 3889/3889/3889
f 3887/3887/3887 3888/3888/3888 3889/3889/3889
o Eye_-1
v 13.281900 78.858131 3.642444
v 13.790177 78.971390 3.642444
v 13.722080 78.971390 3.389007
v 13.536038 78.971390 3.203478
v 13.281900 78.971390 3.135570
v 13.027762 78.971390 3.203478
v 12.841720 78.971390 3.389007
v 12.773624 78.971390 3.642444
v 12.841720 78.971390 3.895880
v 13.027762 78.971390 4.081409
v 13.281900 78.971390 4.149317
v 13.536038 78.971390 4.081409
v 13.722080 78.971390 3.895880
v 13.790177 78.971390 3.642444
v 14.221072 79.293924 3.642444
v 14.095247 79.293924 3.174153
v 13.751486 79.293924 2.831341
v 13.281900 79.293924 2.705863
v 12.812314 79.293924 2.831341
v 12.468553 79.293924 3.174153
v 12.342728 79.293924 3.642444
v 12.468553 79.293924 4.110734
v 12.812314 79.293924 4.453546
v 13.281900 79.293924 4.579024
v 13.751486 79.293924 4.453546
v 14.095247 79.293924 4.110734
v 14.221072 79.293924 3.642444
v 14.508988 79.776630 3.642444
v 14.344589 79.776630 3.030593
v 13.895444 79.776630 2.582687
v 13.281900 79.776630 2.418742
v 12.668356 79.776630 2.582687
v 12.219211 79.776630 3.030593
v 12.054813 79.776630 3.642444
v 12.219211 79.776630 4.254294
v 12.668356 79.776630 4.702200
v 13.281900 79.776630 4.866145
v 13.895444 79.776630 4.702200
v 14.344589 79.776630 4.254294
v 14.508988 79.776630 3.642444
v 14.610090 80.346021 3.642444
v 14.432147 80.346021 2.980181
v 13.945995 80.346021 2.495371
v 13.281900 80.346021 2.317919
v 12.617805 80.346021 2.495371
v 12.131654 80.346021 2.980181
v 11.953710 80.346021 3.642444
v 12.131654 80.346021 4.304706
v 12.617805 80.346021 4.789516
v 13.281900 80.346021 4.966968
v 13.945995 80.346021 4.789516
v 14.432147 80.346021 4.304706
v 14.610090 80.346021 3.642444
v 14.508988 80.915411 3.642444
v 14.344589 80.915411 3.030593
v 13.895444 80.915411 2.582687
v 13.281900 80.915411 2.418742
v 12.668356 80.915411 2.582687
v 12.219211 80.915411 3.030593
v 12.054813 80.915411 3.642444
v 12.219211 80.915411 4.254294
v 12.668356 80.915411 4.702200
v 13.281900 80.915411 4.866145
v 13.895444 80.915411 4.702200
v 14.344589 80.915411 4.254294
v 14.508988 80.915411 3.642444
v 14.221072 81.398117 3.642444
v 14.095247 81.398117 3.174153
v 13.751486 81.398117 2.831341
v 13.281900 81.398117 2.705863
v 12.812314 81.398117 2.831341
v 12.468553 81.398117 3.174153
v 12.342728 81.398117 3.642444
v 12.468553 81.398117 4.110734
v 12.812314 81.398117 4.453546
v 13.281900 81.398117 4.579024
v 13.751486 81.398117 4.453546
v 14.095247 81.398117 4.110734
v 14.221072 81.398117 3.642444
v 13.790177 81.720651 3.642444
v 13.722080 81.720651 3.389007
v 13.536038 81.720651 3.203478
v 13.281900 81.720651 3.135570
v 13.027762 81.720651 3.203478
v 12.841720 81.720651 3.389007
v 12.773624 81.720651 3.642444
v 12.841720 81.720651 3.895880
v 13.027762 81.720651 4.081409
v 13.281900 81.720651 4.149317
v 13.536038 81.720651 4.081409
v 13.722080 81.720651 3.895880
v 13.790177 81.720651 3.642444
v 13.281900 81.833910 3.642444
vt 0.4980469 0.0910937
vt 0.4242187 0.1383398
vt 0.4365234 0.1383398
vt 0.4488281 0.1383398
vt 0.4611328 0.1383398
vt 0.4734375 0.1383398
vt 0.4857422 0.1383398
vt 0.4980469 0.1383398
vt 0.5103516 0.1383398
vt 0.5226563 0.1383398
vt 0.5349609 0.1383398
vt 0.5472656 0.1383398
vt 0.5595703 0.1383398
vt 0.5718750 0.1383398
vt 0.4242187 0.1215234
vt 0.4365234 0.1215234
vt 0.4488281 0.1215234
vt 0.4611328 0.1215234
vt 0.4734375 0.1215234
vt 0.4857422 0.1215234
vt 0.4980469 0.1215234
vt 0.5103516 0.1215234
vt 0.5226563 0.1215234
vt 0.5349609 0.1215234
vt 0.5472656 0.1215234
vt 0.5595703 0.1215234
vt 0.5718750 0.1215234
vt 0.4242187 0.1047070
vt 0.4365234 0.1047070
vt 0.4488281 0.1047070
vt 0.4611328 0.1047070
vt 0.4734375 0.1047070
vt 0.4857422 0.1047070
vt 0.4980469 0.1047070
vt 0.5103516 0.1047070
vt 0.5226563 0.1047070
vt 0.5349609 0.1047070
vt 0.5472656 0.1047070
vt 0.5595703 0.1047070
vt 0.5718750 0.1047070
vt 0.4242187 0.0878906
vt 0.4365234 0.0878906
vt 0.4488281 0.0878906
vt 0.4611328 0.0878906
vt 0.4734375 0.0878906
vt 0.4857422 0.0878906
vt 0.4980469 0.0878906
vt 0.5103516 0.0878906
vt 0.5226563 0.0878906
vt 0.5349609 0.0878906
vt 0.5472656 0.0878906
vt 0.5595703 0.0878906
vt 0.5718750 0.0878906
vt 0.4242187 0.0710742
vt 0.4365234 0.0710742
vt 0.4488281 0.0710742
vt 0.4611328 0.0710742
vt 0.4734375 0.0710742
vt 0.4857422 0.0710742
vt 0.4980469 0.0710742
vt 0.5103516 0.0710742
vt 0.5226563 0.0710742
vt 0.5349609 0.0710742
vt 0.5472656 0.0710742
vt 0.5595703 0.0710742
vt 0.5718750 0.0710742
vt 0.4242187 0.0542578
vt 0.4365234 0.0542578
vt 0.4488281 0.0542578
vt 0.4611328 0.0542578
vt 0.4734375 0.0542578
vt 0.4857422 0.0542578
vt 0.4980469 0.0542578
vt 0.5103516 0.0542578
vt 0.5226563 0.0542578
vt 0.5349609 0.0542578
vt 0.5472656 0.0542578
vt 0.5595703 0.0542578
vt 0.5718750 0.0542578
vt 0.4242187 0.0374414
vt 0.4365234 0.0374414
vt 0.4488281 0.0374414
vt 0.4611328 0.0374414
vt 0.4734375 0.0374414
vt 0.4857422 0.0374414
vt 0.4980469 0.0374414
vt 0.5103516 0.0374414
vt 0.5226563 0.0374414
vt 0.5349609 0.0374414
vt 0.5472656 0.0374414
vt 0.5595703 0.0374414
vt 0.5718750 0.0374414
vt 0.4980469 0.0910937
vn 0.0000000 -1.0000000 0.0000000
vn 0.4803903 -0.8754871 -0.0524173
vn 0.3898088 -0.8752961 -0.2861920
vn 0.1948217 -0.8750198 -0.4431534
vn -0.0522396 -0.8749344 -0.4814155
vn -0.2853466 -0.8751251 -0.3908111
vn -0.4421233 -0.8754015 -0.1954460
vn -0.4803903 -0.8754871 0.0524173
vn -0.3898088 -0.8752961 0.2861920
vn -0.1948217 -0.8750198 0.4431534
vn 0.0522396 -0.8749344 0.4814155
vn 0.2853466 -0.8751251 0.3908111
vn 0.4421233 -0.8754015 0.1954460
vn 0.4803903 -0.8754871 -0.0524173
vn 0.7623588 -0.6459978 -0.0386773
vn 0.6406344 -0.6456930 -0.4155335
vn 0.3473337 -0.6451755 -0.6805203
vn -0.0385087 -0.6449626 -0.7632433
vn -0.4141131 -0.6452663 -0.6419827
vn -0.6792825 -0.6457840 -0.3486233
vn -0.7623588 -0.6459978 0.0386773
vn -0.6406344 -0.6456930 0.4155335
vn -0.3473337 -0.6451755 0.6805203
vn 0.0385087 -0.6449626 0.7632433
vn 0.4141131 -0.6452663 0.6419827
vn 0.6792825 -0.6457840 0.3486233
vn 0.7623588 -0.6459978 -0.0386773
vn 0.9411363 -0.3374230 -0.0202022
vn 0.8044449 -0.3372009 -0.4890439
vn 0.4522689 -0.3367886 -0.8258488
vn -0.0200972 -0.3365983 -0.9414339
vn -0.4871422 -0.3368191 -0.8057576
vn -0.8246531 -0.3372316 -0.4541169
vn -0.9411363 -0.3374230 0.0202022
vn -0.8044449 -0.3372009 0.4890439
vn -0.4522689 -0.3367886 0.8258488
vn 0.0200972 -0.3365983 0.9414339
vn 0.4871422 -0.3368191 0.8057576
vn 0.8246531 -0.3372316 0.4541169
vn 0.9411363 -0.3374230 -0.0202022
vn 1.0000000 0.0000000 0.0000000
vn 0.8654261 -0.0000000 -0.5010366
vn 0.4989641 -0.0000000 -0.8666226
vn 0.0000000 0.0000000 -1.0000000
vn -0.4989641 -0.0000000 -0.8666226
vn -0.8654261 0.0000000 -0.5010366
vn -1.0000000 -0.0000000 0.0000000
vn -0.8654261 -0.0000000 0.5010366
vn -0.4989641 -0.0000000 0.8666226
vn 0.0000000 0.0000000 1.0000000
vn 0.4989641 -0.0000000 0.8666226
vn 0.8654261 0.0000000 0.5010366
vn 1.0000000 0.0000000 0.0000000
vn 0.9411363 0.3374230 0.0202022
vn 0.8246531 0.3372316 -0.4541169
vn 0.4871422 0.3368191 -0.8057576
vn 0.0200972 0.3365983 -0.9414339
vn -0.4522689 0.3367886 -0.8258488
vn -0.8044449 0.3372009 -0.4890439
vn -0.9411363 0.3374230 -0.0202022
vn -0.8246531 0.3372316 0.4541169
vn -0.4871422 0.3368191 0.8057576
vn -0.0200972 0.3365983 0.9414339
vn 0.4522689 0.3367886 0.8258488
vn 0.8044449 0.3372009 0.4890439
vn 0.9411363 0.3374230 0.0202022
vn 0.7623588 0.6459978 0.0386773
vn 0.6792825 0.6457840 -0.3486233
vn 0.4141131 0.6452663 -0.6419827
vn 0.0385087 0.6449626 -0.7632433
vn -0.3473337 0.6451755 -0.6805203
vn -0.6406344 0.6456930 -0.4155335
vn -0.7623588 0.6459978 -0.0386773
vn -0.6792825 0.6457840 0.3486233
vn -0.4141131 0.6452663 0.6419827
vn -0.0385087 0.6449626 0.7632433
vn 0.3473337 0.6451755 0.6805203
vn 0.6406344 0.6456930 0.4155335
vn 0.7623588 0.6459978 0.0386773
vn 0.4803903 0.8754871 0.0524173
vn 0.4421233 0.8754015 -0.1954460
vn 0.2853466 0.8751251 -0.3908111
vn 0.0522396 0.8749344 -0.4814155
vn -0.1948217 0.8750198 -0.4431534
vn -0.3898088 0.8752961 -0.2861920
vn -0.4803903 0.8754871 -0.0524173
vn -0.4421233 0.8754015 0.1954460
vn -0.2853466 0.8751251 0.3908111
vn -0.0522396 0.8749344 0.4814155
vn 0.1948217 0.8750198 0.4431534
vn 0.3898088 0.8752961 0.2861920
vn 0.4803903 0.8754871 0.0524173
vn 0.0000000 1.0000000 -0.0000000
s 1
f 3890/3890/3890 3892/3892/3892 3891/3891/3891
f 3890/3890/3890 3893/3893/3893 3892/3892/3892
f 3890/3890/3890 3894/3894/3894 3893/3893/3893
f 3890/3890/3890 3895/3895/3895 3894/3894/3894
f 3890/3890/3890 3896/3896/3896 3895/3895/3895
f 3890/3890/3890 3897/3897/3897 3896/3896/3896
f 3890/3890/3890 3898/3898/3898 3897/3897/3897
f 3890/3890/3890 3899/3899/3899 3898/3898/3898
f 3890/3890/3890 3900/3900/3900 3899/3899/3899
f 3890/3890/3890 3901/3901/3901 3900/3900/3900
f 3890/3890/3890 3902/3902/3902 3901/3901/3901
f 3890/3890/3890 3903/3903/3903 3902/3902/3902
f 3891/3891/3891 3892/3892/3892 3905/3905/3905
f 3891/3891/3891 3905/3905/3905 3904/3904/3904
f 3892/3892/3892 3893/3893/3893 3906/3906/3906
f 3892/3892/3892 3906/3906/3906 3905/3905/3905
f 3893/3893/3893 3894/3894/3894 3907/3907/3907
f 3893/3893/3893 3907/3907/3907 3906/3906/3906
f 3894/3894/3894 3895/3895/3895 3908/3908/3908
f 3894/3894/3894 3908/3908/3908 3907/3907/3907
f 3895/3895/3895 3896/3896/3896 3909/3909/3909
f 3895/3895/3895 3909/3909/3909 3908/3908/3908
f 3896/3896/3896 3897/3897/3897 3910/3910/3910
f 3896/3896/3896 3910/3910/3910 3909/3909/3909
f 3897/3897/3897 3898/3898/3898 3911/3911/3911
f 3897/3897/3897 3911/3911/3911 3910/3910/3910
f 3898/3898/3898 3899/3899/3899 3912/3912/3912
f 3898/3898/3898 3912/3912/3912 3911/3911/3911
f 3899/3899/3899 3900/3900/3900 3913/3913/3913
f 3899/3899/3899 3913/3913/3913 3912/3912/3912
f 3900/3900/3900 3901/3901/3901 3914/3914/3914
f 3900/3900/3900 3914/3914/3914 3913/3913/3913
f 3901/3901/3901 3902/3902/3902 3915/3915/3915
f 3901/3901/3901 3915/3915/3915 3914/3914/3914
f 3902/3902/3902 3903/3903/3903 3916/3916/3916
f 3902/3902/3902 3916/3916/3916 3915/3915/3915
f 3904/3904/3904 3905/3905/3905 3918/3918/3918
f 3904/3904/3904 3918/3918/3918 3917/3917/3917
f 3905/3905/3905 3906/3906/3906 3919/3919/3919
f 3905/3905/3905 3919/3919/3919 3918/3918/3918
f 3906/3906/3906 3907/3907/3907 3920/3920/3920
f 3906/3906/3906 3920/3920/3920 3919/3919/3919
f 3907/3907/3907 3908/3908/3908 3921/3921/3921
f 3907/3907/3907 3921/3921/3921 3920/3920/3920
f 3908/3908/3908 3909/3909/3909 3922/3922/3922
f 3908/3908/3908 3922/3922/3922 3921/3921/3921
f 3909/3909/3909 3910/3910/3910 3923/3923/3923
f 3909/3909/3909 3923/3923/3923 3922/3922/3922
f 3910/3910/3910 3911/3911/3911 3924/3924/3924
f 3910/3910/3910 3924/3924/3924 3923/3923/3923
f 3911/3911/3911 3912/3912/3912 3925/3925/3925
f 3911/3911/3911 3925/3925/3925 3924/3924/3924
f 3912/3912/3912 3913/3913/3913 3926/3926/3926
f 3912/3912/3912 3926/3926/3926 3925/3925/3925
f 3913/3913/3913 3914/3914/3914 3927/3927/3927
f 3913/3913/3913 3927/3927/3927 3926/3926/3926
f 3914/3914/3914 3915/3915/3915 3928/3928/3928
f 3914/3914/3914 3928/3928/3928 3927/3927/3927
f 3915/3915/3915 3916/3916/3916 3929/3929/3929
f 3915/3915/3915 3929/3929/3929 3928/3928/3928
f 3917/3917/3917 3918/3918/3918 3931/3931/3931
f 3917/3917/3917 3931/3931/3931 3930/3930/3930
f 3918/3918/3918 3919/3919/3919 3932/3932/3932
f 3918/3918/3918 3932/3932/3932 3931/3931/3931
f 3919/3919/3919 3920/3920/3920 3933/3933/3933
f 3919/3919/3919 3933/3933/3933 3932/3932/3932
f 3920/3920/3920 3921/3921/3921 3934/3934/3934
f 3920/3920/3920 3934/3934/3934 3933/3933/3933
f 3921/3921/3921 3922/3922/3922 3935/3935/3935
f 3921/3921/3921 3935/3935/3935 3934/3934/3934
f 3922/3922/3922 3923/3923/3923 3936/3936/3936
f 3922/3922/3922 3936/3936/3936 3935/3935/3935
f 3923/3923/3923 3924/3924/3924 3937/3937/3937
f 3923/3923/3923 3937/3937/3937 3936/3936/3936
f 3924/3924/3924 3925/3925/3925 3938/3938/3938
f 3924/3924/3924 3938/3938/3938 3937/3937/3937
f 3925/3925/3925 3926/3926/3926 3939/3939/3939
f 3925/3925/3925 3939/3939/3939 3938/3938/3938
f 3926/3926/3926 3927/3927/3927 3940/3940/3940
f 3926/3926/3926 3940/3940/3940 3939/3939/3939
f 3927/3927/3927 3928/3928/3928 3941/3941/3941
f 3927/3927/3927 3941/3941/3941 3940/3940/3940
f 3928/3928/3928 3929/3929/3929 3942/3942/3942
f 3928/3928/3928 3942/3942/3942 3941/3941/3941
f 3930/3930/3930 3931/3931/3931 3944/3944/3944
f 3930/3930/3930 3944/3944/3944 3943/3943/3943
f 3931/3931/3931 3932/3932/3932 3945/3945/3945
f 3931/3931/3931 3945/3945/3945 3944/3944/3944
f 3932/3932/3932 3933/3933/3933 3946/3946/3946
f 3932/3932/3932 3946/3946/3946 3945/3945/3945
f 3933/3933/3933 3934/3934/3934 3947/3947/3947
f 3933/3933/3933 3947/3947/3947 3946/3946/3946
f 3934/3934/3934 3935/3935/3935 3948/3948/3948
f 3934/3934/3934 3948/3948/3948 3947/3947/3947
f 3935/3935/3935 3936/3936/3936 3949/3949/3949
f 3935/3935/3935 3949/3949/3949 3948/3948/3948
f 3936/3936/3936 3937/3937/3937 3950/3950/3950
f 3936/3936/3936 3950/3950/3950 3949/3949/3949
f 3937/3937/3937 3938/3938/3938 3951/3951/3951
f 3937/3937/3937 3951/3951/3951 3950/3950/3950
f 3938/3938/3938 3939/3939/3939 3952/3952/3952
f 3938/3938/3938 3952/3952/3952 3951/3951/3951
f 3939/3939/3939 3940/3940/3940 3953/3953/3953
f 3939/3939/3939 3953/3953/3953 3952/3952/3952
f 3940/3940/3940 3941/3941/3941 3954/3954/3954
f 3940/3940/3940 3954/3954/3954 3953/3953/3953
f 3941/3941/3941 3942/3942/3942 3955/3955/3955
f 3941/3941/3941 3955/3955/3955 3954/3954/3954
f 3943/3943/3943 3944/3944/3944 3957/3957/3957
f 3943/3943/3943 3957/3957/3957 3956/3956/3956
f 3944/3944/3944 3945/3945/3945 3958/3958/3958
f 3944/3944/3944 3958/3958/3958 3957/3957/3957
f 3945/3945/3945 3946/3946/3946 3959/3959/3959
f 3945/3945/3945 3959/3959/3959 3958/3958/3958
f 3946/3946/3946 3947/3947/3947 3960/3960/3960
f 3946/3946/3946 3960/3960/3960 3959/3959/3959
f 3947/3947/3947 3948/3948/3948 3961/3961/3961
f 3947/3947/3947 3961/3961/3961 3960/3960/3960
f 3948/3948/3948 3949/3949/3949 3962/3962/3962
f 3948/3948/3948 3962/3962/3962 3961/3961/3961
f 3949/3949/3949 3950/3950/3950 3963/3963/3963
f 3949/3949/3949 3963/3963/3963 3962/3962/3962
f 3950/3950/3950 3951/3951/3951 3964/3964/3964
f 3950/3950/3950 3964/3964/3964 3963/3963/3963
f 3951/3951/3951 3952/3952/3952 3965/3965/3965
f 3951/3951/3951 3965/3965/3965 3964/3964/3964
f 3952/3952/3952 3953/3953/3953 3966/3966/3966
f 3952/3952/3952 3966/3966/3966 3965/3965/3965
f 3953/3953/3953 3954/3954/3954 3967/3967/3967
f 3953/3953/3953 3967/3967/3967 3966/3966/3966
f 3954/3954/3954 3955/3955/3955 3968/3968/3968
f 3954/3954/3954 3968/3968/3968 3967/3967/3967
f 3956/3956/3956 3957/3957/3957 3970/3970/3970
f 3956/3956/3956 3970/3970/3970 3969/3969/3969
f 3957/3957/3957 3958/3958/3958 3971/3971/3971
f 3957/3957/3957 3971/3971/3971 3970/3970/3970
f 3958/3958/3958 3959/3959/3959 3972/3972/3972
f 3958/3958/3958 3972/3972/3972 3971/3971/3971
f 3959/3959/3959 3960/3960/3960 3973/3973/3973
f 3959/3959/3959 3973/3973/3973 3972/3972/3972
f 3960/3960/3960 3961/3961/3961 3974/3974/3974
f 3960/3960/3960 3974/3974/3974 3973/3973/3973
f 3961/3961/3961 3962/3962/3962 3975/3975/3975
f 3961/3961/3961 3975/3975/3975 3974/3974/3974
f 3962/3962/3962 3963/3963/3963 3976/3976/3976
f 3962/3962/3962 3976/3976/3976 3975/3975/3975
f 3963/3963/3963 3964/3964/3964 3977/3977/3977
f 3963/3963/3963 3977/3977/3977 3976/3976/3976
f 3964/3964/3964 3965/3965/3965 3978/3978/3978
f 3964/3964/3964 3978/3978/3978 3977/3977/3977
f 3965/3965/3965 3966/3966/3966 3979/3979/3979
f 3965/3965/3965 3979/3979/3979 3978/3978/3978
f 3966/3966/3966 3967/3967/3967 3980/3980/3980
f 3966/3966/3966 3980/3980/3980 3979/3979/3979
f 3967/3967/3967 3968/3968/3968 3981/3981/3981
f 3967/3967/3967 3981/3981/3981 3980/3980/3980
f 3969/3969/3969 3970/3970/3970 3982/3982/3982
f 3970/3970/3970 3971/3971/3971 3982/3982/3982
f 3971/3971/3971 3972/3972/3972 3982/3982/3982
f 3972/3972/3972 3973/3973/3973 3982/3982/3982
f 3973/3973/3973 3974/3974/3974 3982/3982/3982
f 3974/3974/3974 3975/3975/3975 3982/3982/3982
f 3975/3975/3975 3976/3976/3976 3982/3982/3982
f 3976/3976/3976 3977/3977/3977 3982/3982/3982
f 3977/3977/3977 3978/3978/3978 3982/3982/3982
f 3978/3978/3978 3979/3979/3979 3982/3982/3982
f 3979/3979/3979 3980/3980/3980 3982/3982/3982
f 3980/3980/3980 3981/3981/3981 3982/3982/3982
o Eye_glint_-1
v 14.397580 80.420415 3.642444
v 14.556963 80.460283 3.642444
v 14.510281 80.460283 3.525371
v 14.397580 80.460283 3.476878
v 14.284879 80.460283 3.525371
v 14.238197 80.460283 3.642444
v 14.284879 80.460283 3.759516
v 14.397580 80.460283 3.808009
v 14.510281 80.460283 3.759516
v 14.556963 80.460283 3.642444
v 14.673639 80.569204 3.642444
v 14.592783 80.569204 3.439668
v 14.397580 80.569204 3.355675
v 14.202377 80.569204 3.439668
v 14.121521 80.569204 3.642444
v 14.202377 80.569204 3.845219
v 14.397580 80.569204 3.929212
v 14.592783 80.569204 3.845219
v 14.673639 80.569204 3.642444
v 14.716345 80.717993 3.642444
v 14.622981 80.717993 3.408298
v 14.397580 80.717993 3.311312
v 14.172179 80.717993 3.408298
v 14.078814 80.717993 3.642444
v 14.172179 80.717993 3.876589
v 14.397580 80.717993 3.973575
v 14.622981 80.717993 3.876589
v 14.716345 80.717993 3.642444
v 14.673639 80.866782 3.642444
v 14.592783 80.866782 3.439668
v 14.397580 80.866782 3.355675
v 14.202377 80.866782 3.439668
v 14.121521 80.866782 3.642444
v 14.202377 80.866782 3.845219
v 14.397580 80.866782 3.929212
v 14.592783 80.866782 3.845219
v 14.673639 80.866782 3.642444
v 14.556963 80.975703 3.642444
v 14.510281 80.975703 3.525371
v 14.397580 80.975703 3.476878
v 14.284879 80.975703 3.525371
v 14.238197 80.975703 3.642444
v 14.284879 80.975703 3.759516
v 14.397580 80.975703 3.808009
v 14.510281 80.975703 3.759516
v 14.556963 80.975703 3.642444
v 14.397580 81.015571 3.642444
vt 0.9042969 0.0910937
vt 0.8304687 0.1327344
vt 0.8489258 0.1327344
vt 0.8673828 0.1327344
vt 0.8858398 0.1327344
vt 0.9042969 0.1327344
vt 0.9227539 0.1327344
vt 0.9412109 0.1327344
vt 0.9596680 0.1327344
vt 0.9781250 0.1327344
vt 0.8304687 0.1103125
vt 0.8489258 0.1103125
vt 0.8673828 0.1103125
vt 0.8858398 0.1103125
vt 0.9042969 0.1103125
vt 0.9227539 0.1103125
vt 0.9412109 0.1103125
vt 0.9596680 0.1103125
vt 0.9781250 0.1103125
vt 0.8304687 0.0878906
vt 0.8489258 0.0878906
vt 0.8673828 0.0878906
vt 0.8858398 0.0878906
vt 0.9042969 0.0878906
vt 0.9227539 0.0878906
vt 0.9412109 0.0878906
vt 0.9596680 0.0878906
vt 0.9781250 0.0878906
vt 0.8304687 0.0654687
vt 0.8489258 0.0654687
vt 0.8673828 0.0654687
vt 0.8858398 0.0654687
vt 0.9042969 0.0654687
vt 0.9227539 0.0654687
vt 0.9412109 0.0654687
vt 0.9596680 0.0654687
vt 0.9781250 0.0654687
vt 0.8304687 0.0430469
vt 0.8489258 0.0430469
vt 0.8673828 0.0430469
vt 0.8858398 0.0430469
vt 0.9042969 0.0430469
vt 0.9227539 0.0430469
vt 0.9412109 0.0430469
vt 0.9596680 0.0430469
vt 0.9781250 0.0430469
vt 0.9042969 0.0910937
vn 0.0000000 -1.0000000 -0.0000000
vn 0.5399568 -0.8375369 -0.0835374
vn 0.3226870 -0.8433947 -0.4296028
vn -0.0876956 -0.8463929 -0.5252891
vn -0.4447220 -0.8404729 -0.3095605
vn -0.5399568 -0.8375369 0.0835374
vn -0.3226870 -0.8433947 0.4296028
vn 0.0876956 -0.8463929 0.5252891
vn 0.4447220 -0.8404729 0.3095605
vn 0.5399568 -0.8375369 -0.0835374
vn 0.8637603 -0.5014149 -0.0500120
vn 0.5830040 -0.5092492 -0.6330653
vn -0.0534280 -0.5156594 -0.8551262
vn -0.6554036 -0.5075303 -0.5593382
vn -0.8637603 -0.5014149 0.0500120
vn -0.5830040 -0.5092492 0.6330653
vn 0.0534280 -0.5156594 0.8551262
vn 0.6554036 -0.5075303 0.5593382
vn 0.8637603 -0.5014149 -0.0500120
vn 1.0000000 0.0000000 -0.0000000
vn 0.7204305 -0.0000000 -0.6935271
vn 0.0000000 0.0000000 -1.0000000
vn -0.7204305 0.0000000 -0.6935271
vn -1.0000000 -0.0000000 -0.0000000
vn -0.7204305 -0.0000000 0.6935271
vn 0.0000000 -0.0000000 1.0000000
vn 0.7204305 0.0000000 0.6935271
vn 1.0000000 0.0000000 -0.0000000
vn 0.8637603 0.5014149 0.0500120
vn 0.6554036 0.5075303 -0.5593382
vn 0.0534280 0.5156594 -0.8551262
vn -0.5830040 0.5092492 -0.6330653
vn -0.8637603 0.5014149 -0.0500120
vn -0.6554036 0.5075303 0.5593382
vn -0.0534280 0.5156594 0.8551262
vn 0.5830040 0.5092492 0.6330653
vn 0.8637603 0.5014149 0.0500120
vn 0.5399568 0.8375369 0.0835374
vn 0.4447220 0.8404729 -0.3095605
vn 0.0876956 0.8463929 -0.5252891
vn -0.3226870 0.8433947 -0.4296028
vn -0.5399568 0.8375369 -0.0835374
vn -0.4447220 0.8404729 0.3095605
vn -0.0876956 0.8463929 0.5252891
vn 0.3226870 0.8433947 0.4296028
vn 0.5399568 0.8375369 0.0835374
vn 0.0000000 1.0000000 0.0000000
s 1
f 3983/3983/3983 3985/3985/3985 3984/3984/3984
f 3983/3983/3983 3986/3986/3986 3985/3985/3985
f 3983/3983/3983 3987/3987/3987 3986/3986/3986
f 3983/3983/3983 3988/3988/3988 3987/3987/3987
f 3983/3983/3983 3989/3989/3989 3988/3988/3988
f 3983/3983/3983 3990/3990/3990 3989/3989/3989
f 3983/3983/3983 3991/3991/3991 3990/3990/3990
f 3983/3983/3983 3992/3992/3992 3991/3991/3991
f 3984/3984/3984 3985/3985/3985 3994/3994/3994
f 3984/3984/3984 3994/3994/3994 3993/3993/3993
f 3985/3985/3985 3986/3986/3986 3995/3995/3995
f 3985/3985/3985 3995/3995/3995 3994/3994/3994
f 3986/3986/3986 3987/3987/3987 3996/3996/3996
f 3986/3986/3986 3996/3996/3996 3995/3995/3995
f 3987/3987/3987 3988/3988/3988 3997/3997/3997
f 3987/3987/3987 3997/3997/3997 3996/3996/3996
f 3988/3988/3988 3989/3989/3989 3998/3998/3998
f 3988/3988/3988 3998/3998/3998 3997/3997/3997
f 3989/3989/3989 3990/3990/3990 3999/3999/3999
f 3989/3989/3989 3999/3999/3999 3998/3998/3998
f 3990/3990/3990 3991/3991/3991 4000/4000/4000
f 3990/3990/3990 4000/4000/4000 3999/3999/3999
f 3991/3991/3991 3992/3992/3992 4001/4001/4001
f 3991/3991/3991 4001/4001/4001 4000/4000/4000
f 3993/3993/3993 3994/3994/3994 4003/4003/4003
f 3993/3993/3993 4003/4003/4003 4002/4002/4002
f 3994/3994/3994 3995/3995/3995 4004/4004/4004
f 3994/3994/3994 4004/4004/4004 4003/4003/4003
f 3995/3995/3995 3996/3996/3996 4005/4005/4005
f 3995/3995/3995 4005/4005/4005 4004/4004/4004
f 3996/3996/3996 3997/3997/3997 4006/4006/4006
f 3996/3996/3996 4006/4006/4006 4005/4005/4005
f 3997/3997/3997 3998/3998/3998 4007/4007/4007
f 3997/3997/3997 4007/4007/4007 4006/4006/4006
f 3998/3998/3998 3999/3999/3999 4008/4008/4008
f 3998/3998/3998 4008/4008/4008 4007/4007/4007
f 3999/3999/3999 4000/4000/4000 4009/4009/4009
f 3999/3999/3999 4009/4009/4009 4008/4008/4008
f 4000/4000/4000 4001/4001/4001 4010/4010/4010
f 4000/4000/4000 4010/4010/4010 4009/4009/4009
f 4002/4002/4002 4003/4003/4003 4012/4012/4012
f 4002/4002/4002 4012/4012/4012 4011/4011/4011
f 4003/4003/4003 4004/4004/4004 4013/4013/4013
f 4003/4003/4003 4013/4013/4013 4012/4012/4012
f 4004/4004/4004 4005/4005/4005 4014/4014/4014
f 4004/4004/4004 4014/4014/4014 4013/4013/4013
f 4005/4005/4005 4006/4006/4006 4015/4015/4015
f 4005/4005/4005 4015/4015/4015 4014/4014/4014
f 4006/4006/4006 4007/4007/4007 4016/4016/4016
f 4006/4006/4006 4016/4016/4016 4015/4015/4015
f 4007/4007/4007 4008/4008/4008 4017/4017/4017
f 4007/4007/4007 4017/4017/4017 4016/4016/4016
f 4008/4008/4008 4009/4009/4009 4018/4018/4018
f 4008/4008/4008 4018/4018/4018 4017/4017/4017
f 4009/4009/4009 4010/4010/4010 4019/4019/4019
f 4009/4009/4009 4019/4019/4019 4018/4018/4018
f 4011/4011/4011 4012/4012/4012 4021/4021/4021
f 4011/4011/4011 4021/4021/4021 4020/4020/4020
f 4012/4012/4012 4013/4013/4013 4022/4022/4022
f 4012/4012/4012 4022/4022/4022 4021/4021/4021
f 4013/4013/4013 4014/4014/4014 4023/4023/4023
f 4013/4013/4013 4023/4023/4023 4022/4022/4022
f 4014/4014/4014 4015/4015/4015 4024/4024/4024
f 4014/4014/4014 4024/4024/4024 4023/4023/4023
f 4015/4015/4015 4016/4016/4016 4025/4025/4025
f 4015/4015/4015 4025/4025/4025 4024/4024/4024
f 4016/4016/4016 4017/4017/4017 4026/4026/4026
f 4016/4016/4016 4026/4026/4026 4025/4025/4025
f 4017/4017/4017 4018/4018/4018 4027/4027/4027
f 4017/4017/4017 4027/4027/4027 4026/4026/4026
f 4018/4018/4018 4019/4019/4019 4028/4028/4028
f 4018/4018/4018 4028/4028/4028 4027/4027/4027
f 4020/4020/4020 4021/4021/4021 4029/4029/4029
f 4021/4021/4021 4022/4022/4022 4029/4029/4029
f 4022/4022/4022 4023/4023/4023 4029/4029/4029
f 4023/4023/4023 4024/4024/4024 4029/4029/4029
f 4024/4024/4024 4025/4025/4025 4029/4029/4029
f 4025/4025/4025 4026/4026/4026 4029/4029/4029
f 4026/4026/4026 4027/4027/4027 4029/4029/4029
f 4027/4027/4027 4028/4028/4028 4029/4029/4029
o Eye_1
v 13.281900 78.858131 -3.642444
v 13.790177 78.971390 -3.642444
v 13.722080 78.971390 -3.895880
v 13.536038 78.971390 -4.081409
v 13.281900 78.971390 -4.149317
v 13.027762 78.971390 -4.081409
v 12.841720 78.971390 -3.895880
v 12.773624 78.971390 -3.642444
v 12.841720 78.971390 -3.389007
v 13.027762 78.971390 -3.203478
v 13.281900 78.971390 -3.135570
v 13.536038 78.971390 -3.203478
v 13.722080 78.971390 -3.389007
v 13.790177 78.971390 -3.642444
v 14.221072 79.293924 -3.642444
v 14.095247 79.293924 -4.110734
v 13.751486 79.293924 -4.453546
v 13.281900 79.293924 -4.579024
v 12.812314 79.293924 -4.453546
v 12.468553 79.293924 -4.110734
v 12.342728 79.293924 -3.642444
v 12.468553 79.293924 -3.174153
v 12.812314 79.293924 -2.831341
v 13.281900 79.293924 -2.705863
v 13.751486 79.293924 -2.831341
v 14.095247 79.293924 -3.174153
v 14.221072 79.293924 -3.642444
v 14.508988 79.776630 -3.642444
v 14.344589 79.776630 -4.254294
v 13.895444 79.776630 -4.702200
v 13.281900 79.776630 -4.866145
v 12.668356 79.776630 -4.702200
v 12.219211 79.776630 -4.254294
v 12.054813 79.776630 -3.642444
v 12.219211 79.776630 -3.030593
v 12.668356 79.776630 -2.582687
v 13.281900 79.776630 -2.418742
v 13.895444 79.776630 -2.582687
v 14.344589 79.776630 -3.030593
v 14.508988 79.776630 -3.642444
v 14.610090 80.346021 -3.642444
v 14.432147 80.346021 -4.304706
v 13.945995 80.346021 -4.789516
v 13.281900 80.346021 -4.966968
v 12.617805 80.346021 -4.789516
v 12.131654 80.346021 -4.304706
v 11.953710 80.346021 -3.642444
v 12.131654 80.346021 -2.980181
v 12.617805 80.346021 -2.495371
v 13.281900 80.346021 -2.317919
v 13.945995 80.346021 -2.495371
v 14.432147 80.346021 -2.980181
v 14.610090 80.346021 -3.642444
v 14.508988 80.915411 -3.642444
v 14.344589 80.915411 -4.254294
v 13.895444 80.915411 -4.702200
v 13.281900 80.915411 -4.866145
v 12.668356 80.915411 -4.702200
v 12.219211 80.915411 -4.254294
v 12.054813 80.915411 -3.642444
v 12.219211 80.915411 -3.030593
v 12.668356 80.915411 -2.582687
v 13.281900 80.915411 -2.418742
v 13.895444 80.915411 -2.582687
v 14.344589 80.915411 -3.030593
v 14.508988 80.915411 -3.642444
v 14.221072 81.398117 -3.642444
v 14.095247 81.398117 -4.110734
v 13.751486 81.398117 -4.453546
v 13.281900 81.398117 -4.579024
v 12.812314 81.398117 -4.453546
v 12.468553 81.398117 -4.110734
v 12.342728 81.398117 -3.642444
v 12.468553 81.398117 -3.174153
v 12.812314 81.398117 -2.831341
v 13.281900 81.398117 -2.705863
v 13.751486 81.398117 -2.831341
v 14.095247 81.398117 -3.174153
v 14.221072 81.398117 -3.642444
v 13.790177 81.720651 -3.642444
v 13.722080 81.720651 -3.895880
v 13.536038 81.720651 -4.081409
v 13.281900 81.720651 -4.149317
v 13.027762 81.720651 -4.081409
v 12.841720 81.720651 -3.895880
v 12.773624 81.720651 -3.642444
v 12.841720 81.720651 -3.389007
v 13.027762 81.720651 -3.203478
v 13.281900 81.720651 -3.135570
v 13.536038 81.720651 -3.203478
v 13.722080 81.720651 -3.389007
v 13.790177 81.720651 -3.642444
v 13.281900 81.833910 -3.642444
vt 0.4980469 0.0910937
vt 0.4242187 0.1383398
vt 0.4365234 0.1383398
vt 0.4488281 0.1383398
vt 0.4611328 0.1383398
vt 0.4734375 0.1383398
vt 0.4857422 0.1383398
vt 0.4980469 0.1383398
vt 0.5103516 0.1383398
vt 0.5226563 0.1383398
vt 0.5349609 0.1383398
vt 0.5472656 0.1383398
vt 0.5595703 0.1383398
vt 0.5718750 0.1383398
vt 0.4242187 0.1215234
vt 0.4365234 0.1215234
vt 0.4488281 0.1215234
vt 0.4611328 0.1215234
vt 0.4734375 0.1215234
vt 0.4857422 0.1215234
vt 0.4980469 0.1215234
vt 0.5103516 0.1215234
vt 0.5226563 0.1215234
vt 0.5349609 0.1215234
vt 0.5472656 0.1215234
vt 0.5595703 0.1215234
vt 0.5718750 0.1215234
vt 0.4242187 0.1047070
vt 0.4365234 0.1047070
vt 0.4488281 0.1047070
vt 0.4611328 0.1047070
vt 0.4734375 0.1047070
vt 0.4857422 0.1047070
vt 0.4980469 0.1047070
vt 0.5103516 0.1047070
vt 0.5226563 0.1047070
vt 0.5349609 0.1047070
vt 0.5472656 0.1047070
vt 0.5595703 0.1047070
vt 0.5718750 0.1047070
vt 0.4242187 0.0878906
vt 0.4365234 0.0878906
vt 0.4488281 0.0878906
vt 0.4611328 0.0878906
vt 0.4734375 0.0878906
vt 0.4857422 0.0878906
vt 0.4980469 0.0878906
vt 0.5103516 0.0878906
vt 0.5226563 0.0878906
vt 0.5349609 0.0878906
vt 0.5472656 0.0878906
vt 0.5595703 0.0878906
vt 0.5718750 0.0878906
vt 0.4242187 0.0710742
vt 0.4365234 0.0710742
vt 0.4488281 0.0710742
vt 0.4611328 0.0710742
vt 0.4734375 0.0710742
vt 0.4857422 0.0710742
vt 0.4980469 0.0710742
vt 0.5103516 0.0710742
vt 0.5226563 0.0710742
vt 0.5349609 0.0710742
vt 0.5472656 0.0710742
vt 0.5595703 0.0710742
vt 0.5718750 0.0710742
vt 0.4242187 0.0542578
vt 0.4365234 0.0542578
vt 0.4488281 0.0542578
vt 0.4611328 0.0542578
vt 0.4734375 0.0542578
vt 0.4857422 0.0542578
vt 0.4980469 0.0542578
vt 0.5103516 0.0542578
vt 0.5226563 0.0542578
vt 0.5349609 0.0542578
vt 0.5472656 0.0542578
vt 0.5595703 0.0542578
vt 0.5718750 0.0542578
vt 0.4242187 0.0374414
vt 0.4365234 0.0374414
vt 0.4488281 0.0374414
vt 0.4611328 0.0374414
vt 0.4734375 0.0374414
vt 0.4857422 0.0374414
vt 0.4980469 0.0374414
vt 0.5103516 0.0374414
vt 0.5226563 0.0374414
vt 0.5349609 0.0374414
vt 0.5472656 0.0374414
vt 0.5595703 0.0374414
vt 0.5718750 0.0374414
vt 0.4980469 0.0910937
vn 0.0000000 -1.0000000 0.0000000
vn 0.4803903 -0.8754871 -0.0524173
vn 0.3898088 -0.8752961 -0.2861920
vn 0.1948217 -0.8750198 -0.4431534
vn -0.0522396 -0.8749344 -0.4814155
vn -0.2853466 -0.8751251 -0.3908111
vn -0.4421233 -0.8754015 -0.1954460
vn -0.4803903 -0.8754871 0.0524173
vn -0.3898088 -0.8752961 0.2861920
vn -0.1948217 -0.8750198 0.4431534
vn 0.0522396 -0.8749344 0.4814155
vn 0.2853466 -0.8751251 0.3908111
vn 0.4421233 -0.8754015 0.1954460
vn 0.4803903 -0.8754871 -0.0524173
vn 0.7623588 -0.6459978 -0.0386773
vn 0.6406344 -0.6456930 -0.4155335
vn 0.3473337 -0.6451755 -0.6805203
vn -0.0385087 -0.6449626 -0.7632433
vn -0.4141131 -0.6452663 -0.6419827
vn -0.6792825 -0.6457840 -0.3486233
vn -0.7623588 -0.6459978 0.0386773
vn -0.6406344 -0.6456930 0.4155335
vn -0.3473337 -0.6451755 0.6805203
vn 0.0385087 -0.6449626 0.7632433
vn 0.4141131 -0.6452663 0.6419827
vn 0.6792825 -0.6457840 0.3486233
vn 0.7623588 -0.6459978 -0.0386773
vn 0.9411363 -0.3374230 -0.0202022
vn 0.8044449 -0.3372009 -0.4890439
vn 0.4522689 -0.3367886 -0.8258488
vn -0.0200972 -0.3365983 -0.9414339
vn -0.4871422 -0.3368191 -0.8057576
vn -0.8246531 -0.3372316 -0.4541169
vn -0.9411363 -0.3374230 0.0202022
vn -0.8044449 -0.3372009 0.4890439
vn -0.4522689 -0.3367886 0.8258488
vn 0.0200972 -0.3365983 0.9414339
vn 0.4871422 -0.3368191 0.8057576
vn 0.8246531 -0.3372316 0.4541169
vn 0.9411363 -0.3374230 -0.0202022
vn 1.0000000 0.0000000 0.0000000
vn 0.8654261 -0.0000000 -0.5010366
vn 0.4989641 -0.0000000 -0.8666226
vn 0.0000000 0.0000000 -1.0000000
vn -0.4989641 -0.0000000 -0.8666226
vn -0.8654261 0.0000000 -0.5010366
vn -1.0000000 0.0000000 0.0000000
vn -0.8654261 -0.0000000 0.5010366
vn -0.4989641 -0.0000000 0.8666226
vn -0.0000000 0.0000000 1.0000000
vn 0.4989641 -0.0000000 0.8666226
vn 0.8654261 0.0000000 0.5010366
vn 1.0000000 0.0000000 0.0000000
vn 0.9411363 0.3374230 0.0202022
vn 0.8246531 0.3372316 -0.4541169
vn 0.4871422 0.3368191 -0.8057576
vn 0.0200972 0.3365983 -0.9414339
vn -0.4522689 0.3367886 -0.8258488
vn -0.8044449 0.3372009 -0.4890439
vn -0.9411363 0.3374230 -0.0202022
vn -0.8246531 0.3372316 0.4541169
vn -0.4871422 0.3368191 0.8057576
vn -0.0200972 0.3365983 0.9414339
vn 0.4522689 0.3367886 0.8258488
vn 0.8044449 0.3372009 0.4890439
vn 0.9411363 0.3374230 0.0202022
vn 0.7623588 0.6459978 0.0386773
vn 0.6792825 0.6457840 -0.3486233
vn 0.4141131 0.6452663 -0.6419827
vn 0.0385087 0.6449626 -0.7632433
vn -0.3473337 0.6451755 -0.6805203
vn -0.6406344 0.6456930 -0.4155335
vn -0.7623588 0.6459978 -0.0386773
vn -0.6792825 0.6457840 0.3486233
vn -0.4141131 0.6452663 0.6419827
vn -0.0385087 0.6449626 0.7632433
vn 0.3473337 0.6451755 0.6805203
vn 0.6406344 0.6456930 0.4155335
vn 0.7623588 0.6459978 0.0386773
vn 0.4803903 0.8754871 0.0524173
vn 0.4421233 0.8754015 -0.1954460
vn 0.2853466 0.8751251 -0.3908111
vn 0.0522396 0.8749344 -0.4814155
vn -0.1948217 0.8750198 -0.4431534
vn -0.3898088 0.8752961 -0.2861920
vn -0.4803903 0.8754871 -0.0524173
vn -0.4421233 0.8754015 0.1954460
vn -0.2853466 0.8751251 0.3908111
vn -0.0522396 0.8749344 0.4814155
vn 0.1948217 0.8750198 0.4431534
vn 0.3898088 0.8752961 0.2861920
vn 0.4803903 0.8754871 0.0524173
vn 0.0000000 1.0000000 -0.0000000
s 1
f 4030/4030/4030 4032/4032/4032 4031/4031/4031
f 4030/4030/4030 4033/4033/4033 4032/4032/4032
f 4030/4030/4030 4034/4034/4034 4033/4033/4033
f 4030/4030/4030 4035/4035/4035 4034/4034/4034
f 4030/4030/4030 4036/4036/4036 4035/4035/4035
f 4030/4030/4030 4037/4037/4037 4036/4036/4036
f 4030/4030/4030 4038/4038/4038 4037/4037/4037
f 4030/4030/4030 4039/4039/4039 4038/4038/4038
f 4030/4030/4030 4040/4040/4040 4039/4039/4039
f 4030/4030/4030 4041/4041/4041 4040/4040/4040
f 4030/4030/4030 4042/4042/4042 4041/4041/4041
f 4030/4030/4030 4043/4043/4043 4042/4042/4042
f 4031/4031/4031 4032/4032/4032 4045/4045/4045
f 4031/4031/4031 4045/4045/4045 4044/4044/4044
f 4032/4032/4032 4033/4033/4033 4046/4046/4046
f 4032/4032/4032 4046/4046/4046 4045/4045/4045
f 4033/4033/4033 4034/4034/4034 4047/4047/4047
f 4033/4033/4033 4047/4047/4047 4046/4046/4046
f 4034/4034/4034 4035/4035/4035 4048/4048/4048
f 4034/4034/4034 4048/4048/4048 4047/4047/4047
f 4035/4035/4035 4036/4036/4036 4049/4049/4049
f 4035/4035/4035 4049/4049/4049 4048/4048/4048
f 4036/4036/4036 4037/4037/4037 4050/4050/4050
f 4036/4036/4036 4050/4050/4050 4049/4049/4049
f 4037/4037/4037 4038/4038/4038 4051/4051/4051
f 4037/4037/4037 4051/4051/4051 4050/4050/4050
f 4038/4038/4038 4039/4039/4039 4052/4052/4052
f 4038/4038/4038 4052/4052/4052 4051/4051/4051
f 4039/4039/4039 4040/4040/4040 4053/4053/4053
f 4039/4039/4039 4053/4053/4053 4052/4052/4052
f 4040/4040/4040 4041/4041/4041 4054/4054/4054
f 4040/4040/4040 4054/4054/4054 4053/4053/4053
f 4041/4041/4041 4042/4042/4042 4055/4055/4055
f 4041/4041/4041 4055/4055/4055 4054/4054/4054
f 4042/4042/4042 4043/4043/4043 4056/4056/4056
f 4042/4042/4042 4056/4056/4056 4055/4055/4055
f 4044/4044/4044 4045/4045/4045 4058/4058/4058
f 4044/4044/4044 4058/4058/4058 4057/4057/4057
f 4045/4045/4045 4046/4046/4046 4059/4059/4059
f 4045/4045/4045 4059/4059/4059 4058/4058/4058
f 4046/4046/4046 4047/4047/4047 4060/4060/4060
f 4046/4046/4046 4060/4060/4060 4059/4059/4059
f 4047/4047/4047 4048/4048/4048 4061/4061/4061
f 4047/4047/4047 4061/4061/4061 4060/4060/4060
f 4048/4048/4048 4049/4049/4049 4062/4062/4062
f 4048/4048/4048 4062/4062/4062 4061/4061/4061
f 4049/4049/4049 4050/4050/4050 4063/4063/4063
f 4049/4049/4049 4063/4063/4063 4062/4062/4062
f 4050/4050/4050 4051/4051/4051 4064/4064/4064
f 4050/4050/4050 4064/4064/4064 4063/4063/4063
f 4051/4051/4051 4052/4052/4052 4065/4065/4065
f 4051/4051/4051 4065/4065/4065 4064/4064/4064
f 4052/4052/4052 4053/4053/4053 4066/4066/4066
f 4052/4052/4052 4066/4066/4066 4065/4065/4065
f 4053/4053/4053 4054/4054/4054 4067/4067/4067
f 4053/4053/4053 4067/4067/4067 4066/4066/4066
f 4054/4054/4054 4055/4055/4055 4068/4068/4068
f 4054/4054/4054 4068/4068/4068 4067/4067/4067
f 4055/4055/4055 4056/4056/4056 4069/4069/4069
f 4055/4055/4055 4069/4069/4069 4068/4068/4068
f 4057/4057/4057 4058/4058/4058 4071/4071/4071
f 4057/4057/4057 4071/4071/4071 4070/4070/4070
f 4058/4058/4058 4059/4059/4059 4072/4072/4072
f 4058/4058/4058 4072/4072/4072 4071/4071/4071
f 4059/4059/4059 4060/4060/4060 4073/4073/4073
f 4059/4059/4059 4073/4073/4073 4072/4072/4072
f 4060/4060/4060 4061/4061/4061 4074/4074/4074
f 4060/4060/4060 4074/4074/4074 4073/4073/4073
f 4061/4061/4061 4062/4062/4062 4075/4075/4075
f 4061/4061/4061 4075/4075/4075 4074/4074/4074
f 4062/4062/4062 4063/4063/4063 4076/4076/4076
f 4062/4062/4062 4076/4076/4076 4075/4075/4075
f 4063/4063/4063 4064/4064/4064 4077/4077/4077
f 4063/4063/4063 4077/4077/4077 4076/4076/4076
f 4064/4064/4064 4065/4065/4065 4078/4078/4078
f 4064/4064/4064 4078/4078/4078 4077/4077/4077
f 4065/4065/4065 4066/4066/4066 4079/4079/4079
f 4065/4065/4065 4079/4079/4079 4078/4078/4078
f 4066/4066/4066 4067/4067/4067 4080/4080/4080
f 4066/4066/4066 4080/4080/4080 4079/4079/4079
f 4067/4067/4067 4068/4068/4068 4081/4081/4081
f 4067/4067/4067 4081/4081/4081 4080/4080/4080
f 4068/4068/4068 4069/4069/4069 4082/4082/4082
f 4068/4068/4068 4082/4082/4082 4081/4081/4081
f 4070/4070/4070 4071/4071/4071 4084/4084/4084
f 4070/4070/4070 4084/4084/4084 4083/4083/4083
f 4071/4071/4071 4072/4072/4072 4085/4085/4085
f 4071/4071/4071 4085/4085/4085 4084/4084/4084
f 4072/4072/4072 4073/4073/4073 4086/4086/4086
f 4072/4072/4072 4086/4086/4086 4085/4085/4085
f 4073/4073/4073 4074/4074/4074 4087/4087/4087
f 4073/4073/4073 4087/4087/4087 4086/4086/4086
f 4074/4074/4074 4075/4075/4075 4088/4088/4088
f 4074/4074/4074 4088/4088/4088 4087/4087/4087
f 4075/4075/4075 4076/4076/4076 4089/4089/4089
f 4075/4075/4075 4089/4089/4089 4088/4088/4088
f 4076/4076/4076 4077/4077/4077 4090/4090/4090
f 4076/4076/4076 4090/4090/4090 4089/4089/4089
f 4077/4077/4077 4078/4078/4078 4091/4091/4091
f 4077/4077/4077 4091/4091/4091 4090/4090/4090
f 4078/4078/4078 4079/4079/4079 4092/4092/4092
f 4078/4078/4078 4092/4092/4092 4091/4091/4091
f 4079/4079/4079 4080/4080/4080 4093/4093/4093
f 4079/4079/4079 4093/4093/4093 4092/4092/4092
f 4080/4080/4080 4081/4081/4081 4094/4094/4094
f 4080/4080/4080 4094/4094/4094 4093/4093/4093
f 4081/4081/4081 4082/4082/4082 4095/4095/4095
f 4081/4081/4081 4095/4095/4095 4094/4094/4094
f 4083/4083/4083 4084/4084/4084 4097/4097/4097
f 4083/4083/4083 4097/4097/4097 4096/4096/4096
f 4084/4084/4084 4085/4085/4085 4098/4098/4098
f 4084/4084/4084 4098/4098/4098 4097/4097/4097
f 4085/4085/4085 4086/4086/4086 4099/4099/4099
f 4085/4085/4085 4099/4099/4099 4098/4098/4098
f 4086/4086/4086 4087/4087/4087 4100/4100/4100
f 4086/4086/4086 4100/4100/4100 4099/4099/4099
f 4087/4087/4087 4088/4088/4088 4101/4101/4101
f 4087/4087/4087 4101/4101/4101 4100/4100/4100
f 4088/4088/4088 4089/4089/4089 4102/4102/4102
f 4088/4088/4088 4102/4102/4102 4101/4101/4101
f 4089/4089/4089 4090/4090/4090 4103/4103/4103
f 4089/4089/4089 4103/4103/4103 4102/4102/4102
f 4090/4090/4090 4091/4091/4091 4104/4104/4104
f 4090/4090/4090 4104/4104/4104 4103/4103/4103
f 4091/4091/4091 4092/4092/4092 4105/4105/4105
f 4091/4091/4091 4105/4105/4105 4104/4104/4104
f 4092/4092/4092 4093/4093/4093 4106/4106/4106
f 4092/4092/4092 4106/4106/4106 4105/4105/4105
f 4093/4093/4093 4094/4094/4094 4107/4107/4107
f 4093/4093/4093 4107/4107/4107 4106/4106/4106
f 4094/4094/4094 4095/4095/4095 4108/4108/4108
f 4094/4094/4094 4108/4108/4108 4107/4107/4107
f 4096/4096/4096 4097/4097/4097 4110/4110/4110
f 4096/4096/4096 4110/4110/4110 4109/4109/4109
f 4097/4097/4097 4098/4098/4098 4111/4111/4111
f 4097/4097/4097 4111/4111/4111 4110/4110/4110
f 4098/4098/4098 4099/4099/4099 4112/4112/4112
f 4098/4098/4098 4112/4112/4112 4111/4111/4111
f 4099/4099/4099 4100/4100/4100 4113/4113/4113
f 4099/4099/4099 4113/4113/4113 4112/4112/4112
f 4100/4100/4100 4101/4101/4101 4114/4114/4114
f 4100/4100/4100 4114/4114/4114 4113/4113/4113
f 4101/4101/4101 4102/4102/4102 4115/4115/4115
f 4101/4101/4101 4115/4115/4115 4114/4114/4114
f 4102/4102/4102 4103/4103/4103 4116/4116/4116
f 4102/4102/4102 4116/4116/4116 4115/4115/4115
f 4103/4103/4103 4104/4104/4104 4117/4117/4117
f 4103/4103/4103 4117/4117/4117 4116/4116/4116
f 4104/4104/4104 4105/4105/4105 4118/4118/4118
f 4104/4104/4104 4118/4118/4118 4117/4117/4117
f 4105/4105/4105 4106/4106/4106 4119/4119/4119
f 4105/4105/4105 4119/4119/4119 4118/4118/4118
f 4106/4106/4106 4107/4107/4107 4120/4120/4120
f 4106/4106/4106 4120/4120/4120 4119/4119/4119
f 4107/4107/4107 4108/4108/4108 4121/4121/4121
f 4107/4107/4107 4121/4121/4121 4120/4120/4120
f 4109/4109/4109 4110/4110/4110 4122/4122/4122
f 4110/4110/4110 4111/4111/4111 4122/4122/4122
f 4111/4111/4111 4112/4112/4112 4122/4122/4122
f 4112/4112/4112 4113/4113/4113 4122/4122/4122
f 4113/4113/4113 4114/4114/4114 4122/4122/4122
f 4114/4114/4114 4115/4115/4115 4122/4122/4122
f 4115/4115/4115 4116/4116/4116 4122/4122/4122
f 4116/4116/4116 4117/4117/4117 4122/4122/4122
f 4117/4117/4117 4118/4118/4118 4122/4122/4122
f 4118/4118/4118 4119/4119/4119 4122/4122/4122
f 4119/4119/4119 4120/4120/4120 4122/4122/4122
f 4120/4120/4120 4121/4121/4121 4122/4122/4122
o Eye_glint_1
v 14.397580 80.420415 -3.642444
v 14.556963 80.460283 -3.642444
v 14.510281 80.460283 -3.759516
v 14.397580 80.460283 -3.808009
v 14.284879 80.460283 -3.759516
v 14.238197 80.460283 -3.642444
v 14.284879 80.460283 -3.525371
v 14.397580 80.460283 -3.476878
v 14.510281 80.460283 -3.525371
v 14.556963 80.460283 -3.642444
v 14.673639 80.569204 -3.642444
v 14.592783 80.569204 -3.845219
v 14.397580 80.569204 -3.929212
v 14.202377 80.569204 -3.845219
v 14.121521 80.569204 -3.642444
v 14.202377 80.569204 -3.439668
v 14.397580 80.569204 -3.355675
v 14.592783 80.569204 -3.439668
v 14.673639 80.569204 -3.642444
v 14.716345 80.717993 -3.642444
v 14.622981 80.717993 -3.876589
v 14.397580 80.717993 -3.973575
v 14.172179 80.717993 -3.876589
v 14.078814 80.717993 -3.642444
v 14.172179 80.717993 -3.408298
v 14.397580 80.717993 -3.311312
v 14.622981 80.717993 -3.408298
v 14.716345 80.717993 -3.642444
v 14.673639 80.866782 -3.642444
v 14.592783 80.866782 -3.845219
v 14.397580 80.866782 -3.929212
v 14.202377 80.866782 -3.845219
v 14.121521 80.866782 -3.642444
v 14.202377 80.866782 -3.439668
v 14.397580 80.866782 -3.355675
v 14.592783 80.866782 -3.439668
v 14.673639 80.866782 -3.642444
v 14.556963 80.975703 -3.642444
v 14.510281 80.975703 -3.759516
v 14.397580 80.975703 -3.808009
v 14.284879 80.975703 -3.759516
v 14.238197 80.975703 -3.642444
v 14.284879 80.975703 -3.525371
v 14.397580 80.975703 -3.476878
v 14.510281 80.975703 -3.525371
v 14.556963 80.975703 -3.642444
v 14.397580 81.015571 -3.642444
vt 0.9042969 0.0910937
vt 0.8304687 0.1327344
vt 0.8489258 0.1327344
vt 0.8673828 0.1327344
vt 0.8858398 0.1327344
vt 0.9042969 0.1327344
vt 0.9227539 0.1327344
vt 0.9412109 0.1327344
vt 0.9596680 0.1327344
vt 0.9781250 0.1327344
vt 0.8304687 0.1103125
vt 0.8489258 0.1103125
vt 0.8673828 0.1103125
vt 0.8858398 0.1103125
vt 0.9042969 0.1103125
vt 0.9227539 0.1103125
vt 0.9412109 0.1103125
vt 0.9596680 0.1103125
vt 0.9781250 0.1103125
vt 0.8304687 0.0878906
vt 0.8489258 0.0878906
vt 0.8673828 0.0878906
vt 0.8858398 0.0878906
vt 0.9042969 0.0878906
vt 0.9227539 0.0878906
vt 0.9412109 0.0878906
vt 0.9596680 0.0878906
vt 0.9781250 0.0878906
vt 0.8304687 0.0654687
vt 0.8489258 0.0654687
vt 0.8673828 0.0654687
vt 0.8858398 0.0654687
vt 0.9042969 0.0654687
vt 0.9227539 0.0654687
vt 0.9412109 0.0654687
vt 0.9596680 0.0654687
vt 0.9781250 0.0654687
vt 0.8304687 0.0430469
vt 0.8489258 0.0430469
vt 0.8673828 0.0430469
vt 0.8858398 0.0430469
vt 0.9042969 0.0430469
vt 0.9227539 0.0430469
vt 0.9412109 0.0430469
vt 0.9596680 0.0430469
vt 0.9781250 0.0430469
vt 0.9042969 0.0910937
vn 0.0000000 -1.0000000 -0.0000000
vn 0.5399568 -0.8375369 -0.0835374
vn 0.3226870 -0.8433947 -0.4296028
vn -0.0876956 -0.8463929 -0.5252891
vn -0.4447220 -0.8404729 -0.3095605
vn -0.5399568 -0.8375369 0.0835374
vn -0.3226870 -0.8433947 0.4296028
vn 0.0876956 -0.8463929 0.5252891
vn 0.4447220 -0.8404729 0.3095605
vn 0.5399568 -0.8375369 -0.0835374
vn 0.8637603 -0.5014149 -0.0500120
vn 0.5830040 -0.5092492 -0.6330653
vn -0.0534280 -0.5156594 -0.8551262
vn -0.6554036 -0.5075303 -0.5593382
vn -0.8637603 -0.5014149 0.0500120
vn -0.5830040 -0.5092492 0.6330653
vn 0.0534280 -0.5156594 0.8551262
vn 0.6554036 -0.5075303 0.5593382
vn 0.8637603 -0.5014149 -0.0500120
vn 1.0000000 -0.0000000 -0.0000000
vn 0.7204305 -0.0000000 -0.6935271
vn 0.0000000 0.0000000 -1.0000000
vn -0.7204305 0.0000000 -0.6935271
vn -1.0000000 0.0000000 -0.0000000
vn -0.7204305 -0.0000000 0.6935271
vn -0.0000000 -0.0000000 1.0000000
vn 0.7204305 0.0000000 0.6935271
vn 1.0000000 -0.0000000 -0.0000000
vn 0.8637603 0.5014149 0.0500120
vn 0.6554036 0.5075303 -0.5593382
vn 0.0534280 0.5156594 -0.8551262
vn -0.5830040 0.5092492 -0.6330653
vn -0.8637603 0.5014149 -0.0500120
vn -0.6554036 0.5075303 0.5593382
vn -0.0534280 0.5156594 0.8551262
vn 0.5830040 0.5092492 0.6330653
vn 0.8637603 0.5014149 0.0500120
vn 0.5399568 0.8375369 0.0835374
vn 0.4447220 0.8404729 -0.3095605
vn 0.0876956 0.8463929 -0.5252891
vn -0.3226870 0.8433947 -0.4296028
vn -0.5399568 0.8375369 -0.0835374
vn -0.4447220 0.8404729 0.3095605
vn -0.0876956 0.8463929 0.5252891
vn 0.3226870 0.8433947 0.4296028
vn 0.5399568 0.8375369 0.0835374
vn 0.0000000 1.0000000 0.0000000
s 1
f 4123/4123/4123 4125/4125/4125 4124/4124/4124
f 4123/4123/4123 4126/4126/4126 4125/4125/4125
f 4123/4123/4123 4127/4127/4127 4126/4126/4126
f 4123/4123/4123 4128/4128/4128 4127/4127/4127
f 4123/4123/4123 4129/4129/4129 4128/4128/4128
f 4123/4123/4123 4130/4130/4130 4129/4129/4129
f 4123/4123/4123 4131/4131/4131 4130/4130/4130
f 4123/4123/4123 4132/4132/4132 4131/4131/4131
f 4124/4124/4124 4125/4125/4125 4134/4134/4134
f 4124/4124/4124 4134/4134/4134 4133/4133/4133
f 4125/4125/4125 4126/4126/4126 4135/4135/4135
f 4125/4125/4125 4135/4135/4135 4134/4134/4134
f 4126/4126/4126 4127/4127/4127 4136/4136/4136
f 4126/4126/4126 4136/4136/4136 4135/4135/4135
f 4127/4127/4127 4128/4128/4128 4137/4137/4137
f 4127/4127/4127 4137/4137/4137 4136/4136/4136
f 4128/4128/4128 4129/4129/4129 4138/4138/4138
f 4128/4128/4128 4138/4138/4138 4137/4137/4137
f 4129/4129/4129 4130/4130/4130 4139/4139/4139
f 4129/4129/4129 4139/4139/4139 4138/4138/4138
f 4130/4130/4130 4131/4131/4131 4140/4140/4140
f 4130/4130/4130 4140/4140/4140 4139/4139/4139
f 4131/4131/4131 4132/4132/4132 4141/4141/4141
f 4131/4131/4131 4141/4141/4141 4140/4140/4140
f 4133/4133/4133 4134/4134/4134 4143/4143/4143
f 4133/4133/4133 4143/4143/4143 4142/4142/4142
f 4134/4134/4134 4135/4135/4135 4144/4144/4144
f 4134/4134/4134 4144/4144/4144 4143/4143/4143
f 4135/4135/4135 4136/4136/4136 4145/4145/4145
f 4135/4135/4135 4145/4145/4145 4144/4144/4144
f 4136/4136/4136 4137/4137/4137 4146/4146/4146
f 4136/4136/4136 4146/4146/4146 4145/4145/4145
f 4137/4137/4137 4138/4138/4138 4147/4147/4147
f 4137/4137/4137 4147/4147/4147 4146/4146/4146
f 4138/4138/4138 4139/4139/4139 4148/4148/4148
f 4138/4138/4138 4148/4148/4148 4147/4147/4147
f 4139/4139/4139 4140/4140/4140 4149/4149/4149
f 4139/4139/4139 4149/4149/4149 4148/4148/4148
f 4140/4140/4140 4141/4141/4141 4150/4150/4150
f 4140/4140/4140 4150/4150/4150 4149/4149/4149
f 4142/4142/4142 4143/4143/4143 4152/4152/4152
f 4142/4142/4142 4152/4152/4152 4151/4151/4151
f 4143/4143/4143 4144/4144/4144 4153/4153/4153
f 4143/4143/4143 4153/4153/4153 4152/4152/4152
f 4144/4144/4144 4145/4145/4145 4154/4154/4154
f 4144/4144/4144 4154/4154/4154 4153/4153/4153
f 4145/4145/4145 4146/4146/4146 4155/4155/4155
f 4145/4145/4145 4155/4155/4155 4154/4154/4154
f 4146/4146/4146 4147/4147/4147 4156/4156/4156
f 4146/4146/4146 4156/4156/4156 4155/4155/4155
f 4147/4147/4147 4148/4148/4148 4157/4157/4157
f 4147/4147/4147 4157/4157/4157 4156/4156/4156
f 4148/4148/4148 4149/4149/4149 4158/4158/4158
f 4148/4148/4148 4158/4158/4158 4157/4157/4157
f 4149/4149/4149 4150/4150/4150 4159/4159/4159
f 4149/4149/4149 4159/4159/4159 4158/4158/4158
f 4151/4151/4151 4152/4152/4152 4161/4161/4161
f 4151/4151/4151 4161/4161/4161 4160/4160/4160
f 4152/4152/4152 4153/4153/4153 4162/4162/4162
f 4152/4152/4152 4162/4162/4162 4161/4161/4161
f 4153/4153/4153 4154/4154/4154 4163/4163/4163
f 4153/4153/4153 4163/4163/4163 4162/4162/4162
f 4154/4154/4154 4155/4155/4155 4164/4164/4164
f 4154/4154/4154 4164/4164/4164 4163/4163/4163
f 4155/4155/4155 4156/4156/4156 4165/4165/4165
f 4155/4155/4155 4165/4165/4165 4164/4164/4164
f 4156/4156/4156 4157/4157/4157 4166/4166/4166
f 4156/4156/4156 4166/4166/4166 4165/4165/4165
f 4157/4157/4157 4158/4158/4158 4167/4167/4167
f 4157/4157/4157 4167/4167/4167 4166/4166/4166
f 4158/4158/4158 4159/4159/4159 4168/4168/4168
f 4158/4158/4158 4168/4168/4168 4167/4167/4167
f 4160/4160/4160 4161/4161/4161 4169/4169/4169
f 4161/4161/4161 4162/4162/4162 4169/4169/4169
f 4162/4162/4162 4163/4163/4163 4169/4169/4169
f 4163/4163/4163 4164/4164/4164 4169/4169/4169
f 4164/4164/4164 4165/4165/4165 4169/4169/4169
f 4165/4165/4165 4166/4166/4166 4169/4169/4169
f 4166/4166/4166 4167/4167/4167 4169/4169/4169
f 4167/4167/4167 4168/4168/4168 4169/4169/4169
o Wart_0
v 10.625520 45.231834 -0.000000
v 11.562349 45.402331 -0.000000
v 11.287958 45.402331 -0.447288
v 10.625520 45.402331 -0.632561
v 9.963082 45.402331 -0.447288
v 9.688692 45.402331 -0.000000
v 9.963082 45.402331 0.447288
v 10.625520 45.402331 0.632561
v 11.287958 45.402331 0.447288
v 11.562349 45.402331 0.000000
v 12.141341 45.848698 -0.000000
v 11.697367 45.848698 -0.723727
v 10.625520 45.848698 -1.023505
v 9.553673 45.848698 -0.723727
v 9.109700 45.848698 -0.000000
v 9.553673 45.848698 0.723727
v 10.625520 45.848698 1.023505
v 11.697367 45.848698 0.723727
v 12.141341 45.848698 0.000000
v 12.141341 46.400437 -0.000000
v 11.697367 46.400437 -0.723727
v 10.625520 46.400437 -1.023505
v 9.553673 46.400437 -0.723727
v 9.109700 46.400437 -0.000000
v 9.553673 46.400437 0.723727
v 10.625520 46.400437 1.023505
v 11.697367 46.400437 0.723727
v 12.141341 46.400437 0.000000
v 11.562349 46.846804 -0.000000
v 11.287958 46.846804 -0.447288
v 10.625520 46.846804 -0.632561
v 9.963082 46.846804 -0.447288
v 9.688692 46.846804 -0.000000
v 9.963082 46.846804 0.447288
v 10.625520 46.846804 0.632561
v 11.287958 46.846804 0.447288
v 11.562349 46.846804 0.000000
v 10.625520 47.017301 -0.000000
vt 0.1855469 0.2807812
vt 0.0362500 0.3206562
vt 0.0735742 0.3206562
vt 0.1108984 0.3206562
vt 0.1482227 0.3206562
vt 0.1855469 0.3206562
vt 0.2228711 0.3206562
vt 0.2601953 0.3206562
vt 0.2975195 0.3206562
vt 0.3348437 0.3206562
vt 0.0362500 0.2917812
vt 0.0735742 0.2917812
vt 0.1108984 0.2917812
vt 0.1482227 0.2917812
vt 0.1855469 0.2917812
vt 0.2228711 0.2917812
vt 0.2601953 0.2917812
vt 0.2975195 0.2917812
vt 0.3348437 0.2917812
vt 0.0362500 0.2629063
vt 0.0735742 0.2629063
vt 0.1108984 0.2629063
vt 0.1482227 0.2629063
vt 0.1855469 0.2629063
vt 0.2228711 0.2629063
vt 0.2601953 0.2629063
vt 0.2975195 0.2629063
vt 0.3348437 0.2629063
vt 0.0362500 0.2340313
vt 0.0735742 0.2340313
vt 0.1108984 0.2340313
vt 0.1482227 0.2340313
vt 0.1855469 0.2340313
vt 0.2228711 0.2340313
vt 0.2601953 0.2340313
vt 0.2975195 0.2340313
vt 0.3348437 0.2340313
vt 0.1855469 0.2807812
vn -0.0000000 -1.0000000 -0.0000000
vn 0.4398942 -0.8925045 -0.0996435
vn 0.2458990 -0.8329590 -0.4956944
vn -0.0607757 -0.8062114 -0.5884976
vn -0.3454980 -0.8598311 -0.3759276
vn -0.4398942 -0.8925045 0.0996435
vn -0.2458990 -0.8329590 0.4956944
vn 0.0607757 -0.8062114 0.5884976
vn 0.3454980 -0.8598311 0.3759276
vn 0.4398942 -0.8925045 -0.0996435
vn 0.8798566 -0.4723048 -0.0527304
vn 0.4876636 -0.3858206 -0.7831517
vn -0.0256795 -0.3406484 -0.9398400
vn -0.5425029 -0.3958216 -0.7409560
vn -0.8798566 -0.4723048 0.0527304
vn -0.4876636 -0.3858206 0.7831517
vn 0.0256795 -0.3406484 0.9398400
vn 0.5425029 -0.3958216 0.7409560
vn 0.8798566 -0.4723048 -0.0527304
vn 0.8798566 0.4723048 0.0527304
vn 0.5425029 0.3958216 -0.7409560
vn 0.0256795 0.3406484 -0.9398400
vn -0.4876636 0.3858206 -0.7831517
vn -0.8798566 0.4723048 -0.0527304
vn -0.5425029 0.3958216 0.7409560
vn -0.0256795 0.3406484 0.9398400
vn 0.4876636 0.3858206 0.7831517
vn 0.8798566 0.4723048 0.0527304
vn 0.4398942 0.8925045 0.0996435
vn 0.3454980 0.8598311 -0.3759276
vn 0.0607757 0.8062114 -0.5884976
vn -0.2458990 0.8329590 -0.4956944
vn -0.4398942 0.8925045 -0.0996435
vn -0.3454980 0.8598311 0.3759276
vn -0.0607757 0.8062114 0.5884976
vn 0.2458990 0.8329590 0.4956944
vn 0.4398942 0.8925045 0.0996435
vn -0.0000000 1.0000000 0.0000000
s 1
f 4170/4170/4170 4172/4172/4172 4171/4171/4171
f 4170/4170/4170 4173/4173/4173 4172/4172/4172
f 4170/4170/4170 4174/4174/4174 4173/4173/4173
f 4170/4170/4170 4175/4175/4175 4174/4174/4174
f 4170/4170/4170 4176/4176/4176 4175/4175/4175
f 4170/4170/4170 4177/4177/4177 4176/4176/4176
f 4170/4170/4170 4178/4178/4178 4177/4177/4177
f 4170/4170/4170 4179/4179/4179 4178/4178/4178
f 4171/4171/4171 4172/4172/4172 4181/4181/4181
f 4171/4171/4171 4181/4181/4181 4180/4180/4180
f 4172/4172/4172 4173/4173/4173 4182/4182/4182
f 4172/4172/4172 4182/4182/4182 4181/4181/4181
f 4173/4173/4173 4174/4174/4174 4183/4183/4183
f 4173/4173/4173 4183/4183/4183 4182/4182/4182
f 4174/4174/4174 4175/4175/4175 4184/4184/4184
f 4174/4174/4174 4184/4184/4184 4183/4183/4183
f 4175/4175/4175 4176/4176/4176 4185/4185/4185
f 4175/4175/4175 4185/4185/4185 4184/4184/4184
f 4176/4176/4176 4177/4177/4177 4186/4186/4186
f 4176/4176/4176 4186/4186/4186 4185/4185/4185
f 4177/4177/4177 4178/4178/4178 4187/4187/4187
f 4177/4177/4177 4187/4187/4187 4186/4186/4186
f 4178/4178/4178 4179/4179/4179 4188/4188/4188
f 4178/4178/4178 4188/4188/4188 4187/4187/4187
f 4180/4180/4180 4181/4181/4181 4190/4190/4190
f 4180/4180/4180 4190/4190/4190 4189/4189/4189
f 4181/4181/4181 4182/4182/4182 4191/4191/4191
f 4181/4181/4181 4191/4191/4191 4190/4190/4190
f 4182/4182/4182 4183/4183/4183 4192/4192/4192
f 4182/4182/4182 4192/4192/4192 4191/4191/4191
f 4183/4183/4183 4184/4184/4184 4193/4193/4193
f 4183/4183/4183 4193/4193/4193 4192/4192/4192
f 4184/4184/4184 4185/4185/4185 4194/4194/4194
f 4184/4184/4184 4194/4194/4194 4193/4193/4193
f 4185/4185/4185 4186/4186/4186 4195/4195/4195
f 4185/4185/4185 4195/4195/4195 4194/4194/4194
f 4186/4186/4186 4187/4187/4187 4196/4196/4196
f 4186/4186/4186 4196/4196/4196 4195/4195/4195
f 4187/4187/4187 4188/4188/4188 4197/4197/4197
f 4187/4187/4187 4197/4197/4197 4196/4196/4196
f 4189/4189/4189 4190/4190/4190 4199/4199/4199
f 4189/4189/4189 4199/4199/4199 4198/4198/4198
f 4190/4190/4190 4191/4191/4191 4200/4200/4200
f 4190/4190/4190 4200/4200/4200 4199/4199/4199
f 4191/4191/4191 4192/4192/4192 4201/4201/4201
f 4191/4191/4191 4201/4201/4201 4200/4200/4200
f 4192/4192/4192 4193/4193/4193 4202/4202/4202
f 4192/4192/4192 4202/4202/4202 4201/4201/4201
f 4193/4193/4193 4194/4194/4194 4203/4203/4203
f 4193/4193/4193 4203/4203/4203 4202/4202/4202
f 4194/4194/4194 4195/4195/4195 4204/4204/4204
f 4194/4194/4194 4204/4204/4204 4203/4203/4203
f 4195/4195/4195 4196/4196/4196 4205/4205/4205
f 4195/4195/4195 4205/4205/4205 4204/4204/4204
f 4196/4196/4196 4197/4197/4197 4206/4206/4206
f 4196/4196/4196 4206/4206/4206 4205/4205/4205
f 4198/4198/4198 4199/4199/4199 4207/4207/4207
f 4199/4199/4199 4200/4200/4200 4207/4207/4207
f 4200/4200/4200 4201/4201/4201 4207/4207/4207
f 4201/4201/4201 4202/4202/4202 4207/4207/4207
f 4202/4202/4202 4203/4203/4203 4207/4207/4207
f 4203/4203/4203 4204/4204/4204 4207/4207/4207
f 4204/4204/4204 4205/4205/4205 4207/4207/4207
f 4205/4205/4205 4206/4206/4206 4207/4207/4207
o Wart_1
v -7.835192 46.719723 -8.946678
v -6.898363 46.890220 -8.946678
v -7.172754 46.890220 -9.393966
v -7.835192 46.890220 -9.579239
v -8.497630 46.890220 -9.393966
v -8.772020 46.890220 -8.946678
v -8.497630 46.890220 -8.499390
v -7.835192 46.890220 -8.314117
v -7.172754 46.890220 -8.499390
v -6.898363 46.890220 -8.946678
v -6.319371 47.336587 -8.946678
v -6.763345 47.336587 -9.670405
v -7.835192 47.336587 -9.970183
v -8.907039 47.336587 -9.670405
v -9.351012 47.336587 -8.946678
v -8.907039 47.336587 -8.222951
v -7.835192 47.336587 -7.923173
v -6.763345 47.336587 -8.222951
v -6.319371 47.336587 -8.946678
v -6.319371 47.888327 -8.946678
v -6.763345 47.888327 -9.670405
v -7.835192 47.888327 -9.970183
v -8.907039 47.888327 -9.670405
v -9.351012 47.888327 -8.946678
v -8.907039 47.888327 -8.222951
v -7.835192 47.888327 -7.923173
v -6.763345 47.888327 -8.222951
v -6.319371 47.888327 -8.946678
v -6.898363 48.334693 -8.946678
v -7.172754 48.334693 -9.393966
v -7.835192 48.334693 -9.579239
v -8.497630 48.334693 -9.393966
v -8.772020 48.334693 -8.946678
v -8.497630 48.334693 -8.499390
v -7.835192 48.334693 -8.314117
v -7.172754 48.334693 -8.499390
v -6.898363 48.334693 -8.946678
v -7.835192 48.505190 -8.946678
vt 0.1855469 0.2807812
vt 0.0362500 0.3206562
vt 0.0735742 0.3206562
vt 0.1108984 0.3206562
vt 0.1482227 0.3206562
vt 0.1855469 0.3206562
vt 0.2228711 0.3206562
vt 0.2601953 0.3206562
vt 0.2975195 0.3206562
vt 0.3348437 0.3206562
vt 0.0362500 0.2917812
vt 0.0735742 0.2917812
vt 0.1108984 0.2917812
vt 0.1482227 0.2917812
vt 0.1855469 0.2917812
vt 0.2228711 0.2917812
vt 0.2601953 0.2917812
vt 0.2975195 0.2917812
vt 0.3348437 0.2917812
vt 0.0362500 0.2629063
vt 0.0735742 0.2629063
vt 0.1108984 0.2629063
vt 0.1482227 0.2629063
vt 0.1855469 0.2629063
vt 0.2228711 0.2629063
vt 0.2601953 0.2629063
vt 0.2975195 0.2629063
vt 0.3348437 0.2629063
vt 0.0362500 0.2340313
vt 0.0735742 0.2340313
vt 0.1108984 0.2340313
vt 0.1482227 0.2340313
vt 0.1855469 0.2340313
vt 0.2228711 0.2340313
vt 0.2601953 0.2340313
vt 0.2975195 0.2340313
vt 0.3348437 0.2340313
vt 0.1855469 0.2807812
vn 0.0000000 -1.0000000 0.0000000
vn 0.4398942 -0.8925045 -0.0996435
vn 0.2458990 -0.8329590 -0.4956944
vn -0.0607757 -0.8062114 -0.5884976
vn -0.3454980 -0.8598311 -0.3759276
vn -0.4398942 -0.8925045 0.0996435
vn -0.2458990 -0.8329590 0.4956944
vn 0.0607757 -0.8062114 0.5884976
vn 0.3454980 -0.8598311 0.3759276
vn 0.4398942 -0.8925045 -0.0996435
vn 0.8798566 -0.4723048 -0.0527304
vn 0.4876636 -0.3858206 -0.7831517
vn -0.0256795 -0.3406484 -0.9398400
vn -0.5425029 -0.3958216 -0.7409560
vn -0.8798566 -0.4723048 0.0527304
vn -0.4876636 -0.3858206 0.7831517
vn 0.0256795 -0.3406484 0.9398400
vn 0.5425029 -0.3958216 0.7409560
vn 0.8798566 -0.4723048 -0.0527304
vn 0.8798566 0.4723048 0.0527304
vn 0.5425029 0.3958216 -0.7409560
vn 0.0256795 0.3406484 -0.9398400
vn -0.4876636 0.3858206 -0.7831517
vn -0.8798566 0.4723048 -0.0527304
vn -0.5425029 0.3958216 0.7409560
vn -0.0256795 0.3406484 0.9398400
vn 0.4876636 0.3858206 0.7831517
vn 0.8798566 0.4723048 0.0527304
vn 0.4398942 0.8925045 0.0996435
vn 0.3454980 0.8598311 -0.3759276
vn 0.0607757 0.8062114 -0.5884976
vn -0.2458990 0.8329590 -0.4956944
vn -0.4398942 0.8925045 -0.0996435
vn -0.3454980 0.8598311 0.3759276
vn -0.0607757 0.8062114 0.5884976
vn 0.2458990 0.8329590 0.4956944
vn 0.4398942 0.8925045 0.0996435
vn 0.0000000 1.0000000 0.0000000
s 1
f 4208/4208/4208 4210/4210/4210 4209/4209/4209
f 4208/4208/4208 4211/4211/4211 4210/4210/4210
f 4208/4208/4208 4212/4212/4212 4211/4211/4211
f 4208/4208/4208 4213/4213/4213 4212/4212/4212
f 4208/4208/4208 4214/4214/4214 4213/4213/4213
f 4208/4208/4208 4215/4215/4215 4214/4214/4214
f 4208/4208/4208 4216/4216/4216 4215/4215/4215
f 4208/4208/4208 4217/4217/4217 4216/4216/4216
f 4209/4209/4209 4210/4210/4210 4219/4219/4219
f 4209/4209/4209 4219/4219/4219 4218/4218/4218
f 4210/4210/4210 4211/4211/4211 4220/4220/4220
f 4210/4210/4210 4220/4220/4220 4219/4219/4219
f 4211/4211/4211 4212/4212/4212 4221/4221/4221
f 4211/4211/4211 4221/4221/4221 4220/4220/4220
f 4212/4212/4212 4213/4213/4213 4222/4222/4222
f 4212/4212/4212 4222/4222/4222 4221/4221/4221
f 4213/4213/4213 4214/4214/4214 4223/4223/4223
f 4213/4213/4213 4223/4223/4223 4222/4222/4222
f 4214/4214/4214 4215/4215/4215 4224/4224/4224
f 4214/4214/4214 4224/4224/4224 4223/4223/4223
f 4215/4215/4215 4216/4216/4216 4225/4225/4225
f 4215/4215/4215 4225/4225/4225 4224/4224/4224
f 4216/4216/4216 4217/4217/4217 4226/4226/4226
f 4216/4216/4216 4226/4226/4226 4225/4225/4225
f 4218/4218/4218 4219/4219/4219 4228/4228/4228
f 4218/4218/4218 4228/4228/4228 4227/4227/4227
f 4219/4219/4219 4220/4220/4220 4229/4229/4229
f 4219/4219/4219 4229/4229/4229 4228/4228/4228
f 4220/4220/4220 4221/4221/4221 4230/4230/4230
f 4220/4220/4220 4230/4230/4230 4229/4229/4229
f 4221/4221/4221 4222/4222/4222 4231/4231/4231
f 4221/4221/4221 4231/4231/4231 4230/4230/4230
f 4222/4222/4222 4223/4223/4223 4232/4232/4232
f 4222/4222/4222 4232/4232/4232 4231/4231/4231
f 4223/4223/4223 4224/4224/4224 4233/4233/4233
f 4223/4223/4223 4233/4233/4233 4232/4232/4232
f 4224/4224/4224 4225/4225/4225 4234/4234/4234
f 4224/4224/4224 4234/4234/4234 4233/4233/4233
f 4225/4225/4225 4226/4226/4226 4235/4235/4235
f 4225/4225/4225 4235/4235/4235 4234/4234/4234
f 4227/4227/4227 4228/4228/4228 4237/4237/4237
f 4227/4227/4227 4237/4237/4237 4236/4236/4236
f 4228/4228/4228 4229/4229/4229 4238/4238/4238
f 4228/4228/4228 4238/4238/4238 4237/4237/4237
f 4229/4229/4229 4230/4230/4230 4239/4239/4239
f 4229/4229/4229 4239/4239/4239 4238/4238/4238
f 4230/4230/4230 4231/4231/4231 4240/4240/4240
f 4230/4230/4230 4240/4240/4240 4239/4239/4239
f 4231/4231/4231 4232/4232/4232 4241/4241/4241
f 4231/4231/4231 4241/4241/4241 4240/4240/4240
f 4232/4232/4232 4233/4233/4233 4242/4242/4242
f 4232/4232/4232 4242/4242/4242 4241/4241/4241
f 4233/4233/4233 4234/4234/4234 4243/4243/4243
f 4233/4233/4233 4243/4243/4243 4242/4242/4242
f 4234/4234/4234 4235/4235/4235 4244/4244/4244
f 4234/4234/4234 4244/4244/4244 4243/4243/4243
f 4236/4236/4236 4237/4237/4237 4245/4245/4245
f 4237/4237/4237 4238/4238/4238 4245/4245/4245
f 4238/4238/4238 4239/4239/4239 4245/4245/4245
f 4239/4239/4239 4240/4240/4240 4245/4245/4245
f 4240/4240/4240 4241/4241/4241 4245/4245/4245
f 4241/4241/4241 4242/4242/4242 4245/4245/4245
f 4242/4242/4242 4243/4243/4243 4245/4245/4245
f 4243/4243/4243 4244/4244/4244 4245/4245/4245
o Wart_2
v 0.929722 48.207612 13.194448
v 1.866551 48.378109 13.194448
v 1.592160 48.378109 12.747160
v 0.929722 48.378109 12.561888
v 0.267284 48.378109 12.747160
v -0.007106 48.378109 13.194448
v 0.267284 48.378109 13.641736
v 0.929722 48.378109 13.827009
v 1.592160 48.378109 13.641736
v 1.866551 48.378109 13.194448
v 2.445543 48.824476 13.194448
v 2.001569 48.824476 12.470721
v 0.929722 48.824476 12.170944
v -0.142125 48.824476 12.470721
v -0.586098 48.824476 13.194448
v -0.142125 48.824476 13.918175
v 0.929722 48.824476 14.217953
v 2.001569 48.824476 13.918175
v 2.445543 48.824476 13.194448
v 2.445543 49.376216 13.194448
v 2.001569 49.376216 12.470721
v 0.929722 49.376216 12.170944
v -0.142125 49.376216 12.470721
v -0.586098 49.376216 13.194448
v -0.142125 49.376216 13.918175
v 0.929722 49.376216 14.217953
v 2.001569 49.376216 13.918175
v 2.445543 49.376216 13.194448
v 1.866551 49.822583 13.194448
v 1.592160 49.822583 12.747160
v 0.929722 49.822583 12.561888
v 0.267284 49.822583 12.747160
v -0.007106 49.822583 13.194448
v 0.267284 49.822583 13.641736
v 0.929722 49.822583 13.827009
v 1.592160 49.822583 13.641736
v 1.866551 49.822583 13.194448
v 0.929722 49.993080 13.194448
vt 0.1855469 0.2807812
vt 0.0362500 0.3206562
vt 0.0735742 0.3206562
vt 0.1108984 0.3206562
vt 0.1482227 0.3206562
vt 0.1855469 0.3206562
vt 0.2228711 0.3206562
vt 0.2601953 0.3206562
vt 0.2975195 0.3206562
vt 0.3348437 0.3206562
vt 0.0362500 0.2917812
vt 0.0735742 0.2917812
vt 0.1108984 0.2917812
vt 0.1482227 0.2917812
vt 0.1855469 0.2917812
vt 0.2228711 0.2917812
vt 0.2601953 0.2917812
vt 0.2975195 0.2917812
vt 0.3348437 0.2917812
vt 0.0362500 0.2629063
vt 0.0735742 0.2629063
vt 0.1108984 0.2629063
vt 0.1482227 0.2629063
vt 0.1855469 0.2629063
vt 0.2228711 0.2629063
vt 0.2601953 0.2629063
vt 0.2975195 0.2629063
vt 0.3348437 0.2629063
vt 0.0362500 0.2340313
vt 0.0735742 0.2340313
vt 0.1108984 0.2340313
vt 0.1482227 0.2340313
vt 0.1855469 0.2340313
vt 0.2228711 0.2340313
vt 0.2601953 0.2340313
vt 0.2975195 0.2340313
vt 0.3348437 0.2340313
vt 0.1855469 0.2807812
vn 0.0000000 -1.0000000 0.0000000
vn 0.4398942 -0.8925045 -0.0996435
vn 0.2458990 -0.8329590 -0.4956944
vn -0.0607757 -0.8062114 -0.5884976
vn -0.3454980 -0.8598311 -0.3759276
vn -0.4398942 -0.8925045 0.0996435
vn -0.2458990 -0.8329590 0.4956944
vn 0.0607757 -0.8062114 0.5884976
vn 0.3454980 -0.8598311 0.3759276
vn 0.4398942 -0.8925045 -0.0996435
vn 0.8798566 -0.4723048 -0.0527304
vn 0.4876636 -0.3858206 -0.7831517
vn -0.0256795 -0.3406484 -0.9398400
vn -0.5425029 -0.3958216 -0.7409560
vn -0.8798566 -0.4723048 0.0527304
vn -0.4876636 -0.3858206 0.7831517
vn 0.0256795 -0.3406484 0.9398400
vn 0.5425029 -0.3958216 0.7409560
vn 0.8798566 -0.4723048 -0.0527304
vn 0.8798566 0.4723048 0.0527304
vn 0.5425029 0.3958216 -0.7409560
vn 0.0256795 0.3406484 -0.9398400
vn -0.4876636 0.3858206 -0.7831517
vn -0.8798566 0.4723048 -0.0527304
vn -0.5425029 0.3958216 0.7409560
vn -0.0256795 0.3406484 0.9398400
vn 0.4876636 0.3858206 0.7831517
vn 0.8798566 0.4723048 0.0527304
vn 0.4398942 0.8925045 0.0996435
vn 0.3454980 0.8598311 -0.3759276
vn 0.0607757 0.8062114 -0.5884976
vn -0.2458990 0.8329590 -0.4956944
vn -0.4398942 0.8925045 -0.0996435
vn -0.3454980 0.8598311 0.3759276
vn -0.0607757 0.8062114 0.5884976
vn 0.2458990 0.8329590 0.4956944
vn 0.4398942 0.8925045 0.0996435
vn 0.0000000 1.0000000 0.0000000
s 1
f 4246/4246/4246 4248/4248/4248 4247/4247/4247
f 4246/4246/4246 4249/4249/4249 4248/4248/4248
f 4246/4246/4246 4250/4250/4250 4249/4249/4249
f 4246/4246/4246 4251/4251/4251 4250/4250/4250
f 4246/4246/4246 4252/4252/4252 4251/4251/4251
f 4246/4246/4246 4253/4253/4253 4252/4252/4252
f 4246/4246/4246 4254/4254/4254 4253/4253/4253
f 4246/4246/4246 4255/4255/4255 4254/4254/4254
f 4247/4247/4247 4248/4248/4248 4257/4257/4257
f 4247/4247/4247 4257/4257/4257 4256/4256/4256
f 4248/4248/4248 4249/4249/4249 4258/4258/4258
f 4248/4248/4248 4258/4258/4258 4257/4257/4257
f 4249/4249/4249 4250/4250/4250 4259/4259/4259
f 4249/4249/4249 4259/4259/4259 4258/4258/4258
f 4250/4250/4250 4251/4251/4251 4260/4260/4260
f 4250/4250/4250 4260/4260/4260 4259/4259/4259
f 4251/4251/4251 4252/4252/4252 4261/4261/4261
f 4251/4251/4251 4261/4261/4261 4260/4260/4260
f 4252/4252/4252 4253/4253/4253 4262/4262/4262
f 4252/4252/4252 4262/4262/4262 4261/4261/4261
f 4253/4253/4253 4254/4254/4254 4263/4263/4263
f 4253/4253/4253 4263/4263/4263 4262/4262/4262
f 4254/4254/4254 4255/4255/4255 4264/4264/4264
f 4254/4254/4254 4264/4264/4264 4263/4263/4263
f 4256/4256/4256 4257/4257/4257 4266/4266/4266
f 4256/4256/4256 4266/4266/4266 4265/4265/4265
f 4257/4257/4257 4258/4258/4258 4267/4267/4267
f 4257/4257/4257 4267/4267/4267 4266/4266/4266
f 4258/4258/4258 4259/4259/4259 4268/4268/4268
f 4258/4258/4258 4268/4268/4268 4267/4267/4267
f 4259/4259/4259 4260/4260/4260 4269/4269/4269
f 4259/4259/4259 4269/4269/4269 4268/4268/4268
f 4260/4260/4260 4261/4261/4261 4270/4270/4270
f 4260/4260/4260 4270/4270/4270 4269/4269/4269
f 4261/4261/4261 4262/4262/4262 4271/4271/4271
f 4261/4261/4261 4271/4271/4271 4270/4270/4270
f 4262/4262/4262 4263/4263/4263 4272/4272/4272
f 4262/4262/4262 4272/4272/4272 4271/4271/4271
f 4263/4263/4263 4264/4264/4264 4273/4273/4273
f 4263/4263/4263 4273/4273/4273 4272/4272/4272
f 4265/4265/4265 4266/4266/4266 4275/4275/4275
f 4265/4265/4265 4275/4275/4275 4274/4274/4274
f 4266/4266/4266 4267/4267/4267 4276/4276/4276
f 4266/4266/4266 4276/4276/4276 4275/4275/4275
f 4267/4267/4267 4268/4268/4268 4277/4277/4277
f 4267/4267/4267 4277/4277/4277 4276/4276/4276
f 4268/4268/4268 4269/4269/4269 4278/4278/4278
f 4268/4268/4268 4278/4278/4278 4277/4277/4277
f 4269/4269/4269 4270/4270/4270 4279/4279/4279
f 4269/4269/4269 4279/4279/4279 4278/4278/4278
f 4270/4270/4270 4271/4271/4271 4280/4280/4280
f 4270/4270/4270 4280/4280/4280 4279/4279/4279
f 4271/4271/4271 4272/4272/4272 4281/4281/4281
f 4271/4271/4271 4281/4281/4281 4280/4280/4280
f 4272/4272/4272 4273/4273/4273 4282/4282/4282
f 4272/4272/4272 4282/4282/4282 4281/4281/4281
f 4274/4274/4274 4275/4275/4275 4283/4283/4283
f 4275/4275/4275 4276/4276/4276 4283/4283/4283
f 4276/4276/4276 4277/4277/4277 4283/4283/4283
f 4277/4277/4277 4278/4278/4278 4283/4283/4283
f 4278/4278/4278 4279/4279/4279 4283/4283/4283
f 4279/4279/4279 4280/4280/4280 4283/4283/4283
f 4280/4280/4280 4281/4281/4281 4283/4283/4283
f 4281/4281/4281 4282/4282/4282 4283/4283/4283
o Wart_3
v 6.464049 49.695502 -10.512329
v 7.400878 49.865999 -10.512329
v 7.126487 49.865999 -10.959617
v 6.464049 49.865999 -11.144889
v 5.801611 49.865999 -10.959617
v 5.527221 49.865999 -10.512329
v 5.801611 49.865999 -10.065041
v 6.464049 49.865999 -9.879768
v 7.126487 49.865999 -10.065041
v 7.400878 49.865999 -10.512329
v 7.979870 50.312365 -10.512329
v 7.535896 50.312365 -11.236056
v 6.464049 50.312365 -11.535833
v 5.392202 50.312365 -11.236056
v 4.948229 50.312365 -10.512329
v 5.392202 50.312365 -9.788601
v 6.464049 50.312365 -9.488824
v 7.535896 50.312365 -9.788601
v 7.979870 50.312365 -10.512329
v 7.979870 50.864105 -10.512329
v 7.535896 50.864105 -11.236056
v 6.464049 50.864105 -11.535833
v 5.392202 50.864105 -11.236056
v 4.948229 50.864105 -10.512329
v 5.392202 50.864105 -9.788601
v 6.464049 50.864105 -9.488824
v 7.535896 50.864105 -9.788601
v 7.979870 50.864105 -10.512329
v 7.400878 51.310472 -10.512329
v 7.126487 51.310472 -10.959617
v 6.464049 51.310472 -11.144889
v 5.801611 51.310472 -10.959617
v 5.527221 51.310472 -10.512329
v 5.801611 51.310472 -10.065041
v 6.464049 51.310472 -9.879768
v 7.126487 51.310472 -10.065041
v 7.400878 51.310472 -10.512329
v 6.464049 51.480969 -10.512329
vt 0.1855469 0.2807812
vt 0.0362500 0.3206562
vt 0.0735742 0.3206562
vt 0.1108984 0.3206562
vt 0.1482227 0.3206562
vt 0.1855469 0.3206562
vt 0.2228711 0.3206562
vt 0.2601953 0.3206562
vt 0.2975195 0.3206562
vt 0.3348437 0.3206562
vt 0.0362500 0.2917812
vt 0.0735742 0.2917812
vt 0.1108984 0.2917812
vt 0.1482227 0.2917812
vt 0.1855469 0.2917812
vt 0.2228711 0.2917812
vt 0.2601953 0.2917812
vt 0.2975195 0.2917812
vt 0.3348437 0.2917812
vt 0.0362500 0.2629063
vt 0.0735742 0.2629063
vt 0.1108984 0.2629063
vt 0.1482227 0.2629063
vt 0.1855469 0.2629063
vt 0.2228711 0.2629063
vt 0.2601953 0.2629063
vt 0.2975195 0.2629063
vt 0.3348437 0.2629063
vt 0.0362500 0.2340313
vt 0.0735742 0.2340313
vt 0.1108984 0.2340313
vt 0.1482227 0.2340313
vt 0.1855469 0.2340313
vt 0.2228711 0.2340313
vt 0.2601953 0.2340313
vt 0.2975195 0.2340313
vt 0.3348437 0.2340313
vt 0.1855469 0.2807812
vn 0.0000000 -1.0000000 -0.0000000
vn 0.4398942 -0.8925045 -0.0996435
vn 0.2458990 -0.8329590 -0.4956944
vn -0.0607757 -0.8062114 -0.5884976
vn -0.3454980 -0.8598311 -0.3759276
vn -0.4398942 -0.8925045 0.0996435
vn -0.2458990 -0.8329590 0.4956944
vn 0.0607757 -0.8062114 0.5884976
vn 0.3454980 -0.8598311 0.3759276
vn 0.4398942 -0.8925045 -0.0996435
vn 0.8798566 -0.4723048 -0.0527304
vn 0.4876636 -0.3858206 -0.7831517
vn -0.0256795 -0.3406484 -0.9398400
vn -0.5425029 -0.3958216 -0.7409560
vn -0.8798566 -0.4723048 0.0527304
vn -0.4876636 -0.3858206 0.7831517
vn 0.0256795 -0.3406484 0.9398400
vn 0.5425029 -0.3958216 0.7409560
vn 0.8798566 -0.4723048 -0.0527304
vn 0.8798566 0.4723048 0.0527304
vn 0.5425029 0.3958216 -0.7409560
vn 0.0256795 0.3406484 -0.9398400
vn -0.4876636 0.3858206 -0.7831517
vn -0.8798566 0.4723048 -0.0527304
vn -0.5425029 0.3958216 0.7409560
vn -0.0256795 0.3406484 0.9398400
vn 0.4876636 0.3858206 0.7831517
vn 0.8798566 0.4723048 0.0527304
vn 0.4398942 0.8925045 0.0996435
vn 0.3454980 0.8598311 -0.3759276
vn 0.0607757 0.8062114 -0.5884976
vn -0.2458990 0.8329590 -0.4956944
vn -0.4398942 0.8925045 -0.0996435
vn -0.3454980 0.8598311 0.3759276
vn -0.0607757 0.8062114 0.5884976
vn 0.2458990 0.8329590 0.4956944
vn 0.4398942 0.8925045 0.0996435
vn 0.0000000 1.0000000 0.0000000
s 1
f 4284/4284/4284 4286/4286/4286 4285/4285/4285
f 4284/4284/4284 4287/4287/4287 4286/4286/4286
f 4284/4284/4284 4288/4288/4288 4287/4287/4287
f 4284/4284/4284 4289/4289/4289 4288/4288/4288
f 4284/4284/4284 4290/4290/4290 4289/4289/4289
f 4284/4284/4284 4291/4291/4291 4290/4290/4290
f 4284/4284/4284 4292/4292/4292 4291/4291/4291
f 4284/4284/4284 4293/4293/4293 4292/4292/4292
f 4285/4285/4285 4286/4286/4286 4295/4295/4295
f 4285/4285/4285 4295/4295/4295 4294/4294/4294
f 4286/4286/4286 4287/4287/4287 4296/4296/4296
f 4286/4286/4286 4296/4296/4296 4295/4295/4295
f 4287/4287/4287 4288/4288/4288 4297/4297/4297
f 4287/4287/4287 4297/4297/4297 4296/4296/4296
f 4288/4288/4288 4289/4289/4289 4298/4298/4298
f 4288/4288/4288 4298/4298/4298 4297/4297/4297
f 4289/4289/4289 4290/4290/4290 4299/4299/4299
f 4289/4289/4289 4299/4299/4299 4298/4298/4298
f 4290/4290/4290 4291/4291/4291 4300/4300/4300
f 4290/4290/4290 4300/4300/4300 4299/4299/4299
f 4291/4291/4291 4292/4292/4292 4301/4301/4301
f 4291/4291/4291 4301/4301/4301 4300/4300/4300
f 4292/4292/4292 4293/4293/4293 4302/4302/4302
f 4292/4292/4292 4302/4302/4302 4301/4301/4301
f 4294/4294/4294 4295/4295/4295 4304/4304/4304
f 4294/4294/4294 4304/4304/4304 4303/4303/4303
f 4295/4295/4295 4296/4296/4296 4305/4305/4305
f 4295/4295/4295 4305/4305/4305 4304/4304/4304
f 4296/4296/4296 4297/4297/4297 4306/4306/4306
f 4296/4296/4296 4306/4306/4306 4305/4305/4305
f 4297/4297/4297 4298/4298/4298 4307/4307/4307
f 4297/4297/4297 4307/4307/4307 4306/4306/4306
f 4298/4298/4298 4299/4299/4299 4308/4308/4308
f 4298/4298/4298 4308/4308/4308 4307/4307/4307
f 4299/4299/4299 4300/4300/4300 4309/4309/4309
f 4299/4299/4299 4309/4309/4309 4308/4308/4308
f 4300/4300/4300 4301/4301/4301 4310/4310/4310
f 4300/4300/4300 4310/4310/4310 4309/4309/4309
f 4301/4301/4301 4302/4302/4302 4311/4311/4311
f 4301/4301/4301 4311/4311/4311 4310/4310/4310
f 4303/4303/4303 4304/4304/4304 4313/4313/4313
f 4303/4303/4303 4313/4313/4313 4312/4312/4312
f 4304/4304/4304 4305/4305/4305 4314/4314/4314
f 4304/4304/4304 4314/4314/4314 4313/4313/4313
f 4305/4305/4305 4306/4306/4306 4315/4315/4315
f 4305/4305/4305 4315/4315/4315 4314/4314/4314
f 4306/4306/4306 4307/4307/4307 4316/4316/4316
f 4306/4306/4306 4316/4316/4316 4315/4315/4315
f 4307/4307/4307 4308/4308/4308 4317/4317/4317
f 4307/4307/4307 4317/4317/4317 4316/4316/4316
f 4308/4308/4308 4309/4309/4309 4318/4318/4318
f 4308/4308/4308 4318/4318/4318 4317/4317/4317
f 4309/4309/4309 4310/4310/4310 4319/4319/4319
f 4309/4309/4309 4319/4319/4319 4318/4318/4318
f 4310/4310/4310 4311/4311/4311 4320/4320/4320
f 4310/4310/4310 4320/4320/4320 4319/4319/4319
f 4312/4312/4312 4313/4313/4313 4321/4321/4321
f 4313/4313/4313 4314/4314/4314 4321/4321/4321
f 4314/4314/4314 4315/4315/4315 4321/4321/4321
f 4315/4315/4315 4316/4316/4316 4321/4321/4321
f 4316/4316/4316 4317/4317/4317 4321/4321/4321
f 4317/4317/4317 4318/4318/4318 4321/4321/4321
f 4318/4318/4318 4319/4319/4319 4321/4321/4321
f 4319/4319/4319 4320/4320/4320 4321/4321/4321
o Wart_4
v -10.462821 51.183391 2.309002
v -9.525992 51.353888 2.309002
v -9.800383 51.353888 1.861714
v -10.462821 51.353888 1.676441
v -11.125259 51.353888 1.861714
v -11.399649 51.353888 2.309002
v -11.125259 51.353888 2.756290
v -10.462821 51.353888 2.941562
v -9.800383 51.353888 2.756290
v -9.525992 51.353888 2.309002
v -8.947000 51.800255 2.309002
v -9.390974 51.800255 1.585275
v -10.462821 51.800255 1.285497
v -11.534668 51.800255 1.585275
v -11.978641 51.800255 2.309002
v -11.534668 51.800255 3.032729
v -10.462821 51.800255 3.332506
v -9.390974 51.800255 3.032729
v -8.947000 51.800255 2.309002
v -8.947000 52.351994 2.309002
v -9.390974 52.351994 1.585275
v -10.462821 52.351994 1.285497
v -11.534668 52.351994 1.585275
v -11.978641 52.351994 2.309002
v -11.534668 52.351994 3.032729
v -10.462821 52.351994 3.332506
v -9.390974 52.351994 3.032729
v -8.947000 52.351994 2.309002
v -9.525992 52.798361 2.309002
v -9.800383 52.798361 1.861714
v -10.462821 52.798361 1.676441
v -11.125259 52.798361 1.861714
v -11.399649 52.798361 2.309002
v -11.125259 52.798361 2.756290
v -10.462821 52.798361 2.941562
v -9.800383 52.798361 2.756290
v -9.525992 52.798361 2.309002
v -10.462821 52.968858 2.309002
vt 0.1855469 0.2807812
vt 0.0362500 0.3206562
vt 0.0735742 0.3206562
vt 0.1108984 0.3206562
vt 0.1482227 0.3206562
vt 0.1855469 0.3206562
vt 0.2228711 0.3206562
vt 0.2601953 0.3206562
vt 0.2975195 0.3206562
vt 0.3348437 0.3206562
vt 0.0362500 0.2917812
vt 0.0735742 0.2917812
vt 0.1108984 0.2917812
vt 0.1482227 0.2917812
vt 0.1855469 0.2917812
vt 0.2228711 0.2917812
vt 0.2601953 0.2917812
vt 0.2975195 0.2917812
vt 0.3348437 0.2917812
vt 0.0362500 0.2629063
vt 0.0735742 0.2629063
vt 0.1108984 0.2629063
vt 0.1482227 0.2629063
vt 0.1855469 0.2629063
vt 0.2228711 0.2629063
vt 0.2601953 0.2629063
vt 0.2975195 0.2629063
vt 0.3348437 0.2629063
vt 0.0362500 0.2340313
vt 0.0735742 0.2340313
vt 0.1108984 0.2340313
vt 0.1482227 0.2340313
vt 0.1855469 0.2340313
vt 0.2228711 0.2340313
vt 0.2601953 0.2340313
vt 0.2975195 0.2340313
vt 0.3348437 0.2340313
vt 0.1855469 0.2807812
vn 0.0000000 -1.0000000 -0.0000000
vn 0.4398942 -0.8925045 -0.0996435
vn 0.2458990 -0.8329590 -0.4956944
vn -0.0607757 -0.8062114 -0.5884976
vn -0.3454980 -0.8598311 -0.3759276
vn -0.4398942 -0.8925045 0.0996435
vn -0.2458990 -0.8329590 0.4956944
vn 0.0607757 -0.8062114 0.5884976
vn 0.3454980 -0.8598311 0.3759276
vn 0.4398942 -0.8925045 -0.0996435
vn 0.8798566 -0.4723048 -0.0527304
vn 0.4876636 -0.3858206 -0.7831517
vn -0.0256795 -0.3406484 -0.9398400
vn -0.5425029 -0.3958216 -0.7409560
vn -0.8798566 -0.4723048 0.0527304
vn -0.4876636 -0.3858206 0.7831517
vn 0.0256795 -0.3406484 0.9398400
vn 0.5425029 -0.3958216 0.7409560
vn 0.8798566 -0.4723048 -0.0527304
vn 0.8798566 0.4723048 0.0527304
vn 0.5425029 0.3958216 -0.7409560
vn 0.0256795 0.3406484 -0.9398400
vn -0.4876636 0.3858206 -0.7831517
vn -0.8798566 0.4723048 -0.0527304
vn -0.5425029 0.3958216 0.7409560
vn -0.0256795 0.3406484 0.9398400
vn 0.4876636 0.3858206 0.7831517
vn 0.8798566 0.4723048 0.0527304
vn 0.4398942 0.8925045 0.0996435
vn 0.3454980 0.8598311 -0.3759276
vn 0.0607757 0.8062114 -0.5884976
vn -0.2458990 0.8329590 -0.4956944
vn -0.4398942 0.8925045 -0.0996435
vn -0.3454980 0.8598311 0.3759276
vn -0.0607757 0.8062114 0.5884976
vn 0.2458990 0.8329590 0.4956944
vn 0.4398942 0.8925045 0.0996435
vn 0.0000000 1.0000000 0.0000000
s 1
f 4322/4322/4322 4324/4324/4324 4323/4323/4323
f 4322/4322/4322 4325/4325/4325 4324/4324/4324
f 4322/4322/4322 4326/4326/4326 4325/4325/4325
f 4322/4322/4322 4327/4327/4327 4326/4326/4326
f 4322/4322/4322 4328/4328/4328 4327/4327/4327
f 4322/4322/4322 4329/4329/4329 4328/4328/4328
f 4322/4322/4322 4330/4330/4330 4329/4329/4329
f 4322/4322/4322 4331/4331/4331 4330/4330/4330
f 4323/4323/4323 4324/4324/4324 4333/4333/4333
f 4323/4323/4323 4333/4333/4333 4332/4332/4332
f 4324/4324/4324 4325/4325/4325 4334/4334/4334
f 4324/4324/4324 4334/4334/4334 4333/4333/4333
f 4325/4325/4325 4326/4326/4326 4335/4335/4335
f 4325/4325/4325 4335/4335/4335 4334/4334/4334
f 4326/4326/4326 4327/4327/4327 4336/4336/4336
f 4326/4326/4326 4336/4336/4336 4335/4335/4335
f 4327/4327/4327 4328/4328/4328 4337/4337/4337
f 4327/4327/4327 4337/4337/4337 4336/4336/4336
f 4328/4328/4328 4329/4329/4329 4338/4338/4338
f 4328/4328/4328 4338/4338/4338 4337/4337/4337
f 4329/4329/4329 4330/4330/4330 4339/4339/4339
f 4329/4329/4329 4339/4339/4339 4338/4338/4338
f 4330/4330/4330 4331/4331/4331 4340/4340/4340
f 4330/4330/4330 4340/4340/4340 4339/4339/4339
f 4332/4332/4332 4333/4333/4333 4342/4342/4342
f 4332/4332/4332 4342/4342/4342 4341/4341/4341
f 4333/4333/4333 4334/4334/4334 4343/4343/4343
f 4333/4333/4333 4343/4343/4343 4342/4342/4342
f 4334/4334/4334 4335/4335/4335 4344/4344/4344
f 4334/4334/4334 4344/4344/4344 4343/4343/4343
f 4335/4335/4335 4336/4336/4336 4345/4345/4345
f 4335/4335/4335 4345/4345/4345 4344/4344/4344
f 4336/4336/4336 4337/4337/4337 4346/4346/4346
f 4336/4336/4336 4346/4346/4346 4345/4345/4345
f 4337/4337/4337 4338/4338/4338 4347/4347/4347
f 4337/4337/4337 4347/4347/4347 4346/4346/4346
f 4338/4338/4338 4339/4339/4339 4348/4348/4348
f 4338/4338/4338 4348/4348/4348 4347/4347/4347
f 4339/4339/4339 4340/4340/4340 4349/4349/4349
f 4339/4339/4339 4349/4349/4349 4348/4348/4348
f 4341/4341/4341 4342/4342/4342 4351/4351/4351
f 4341/4341/4341 4351/4351/4351 4350/4350/4350
f 4342/4342/4342 4343/4343/4343 4352/4352/4352
f 4342/4342/4342 4352/4352/4352 4351/4351/4351
f 4343/4343/4343 4344/4344/4344 4353/4353/4353
f 4343/4343/4343 4353/4353/4353 4352/4352/4352
f 4344/4344/4344 4345/4345/4345 4354/4354/4354
f 4344/4344/4344 4354/4354/4354 4353/4353/4353
f 4345/4345/4345 4346/4346/4346 4355/4355/4355
f 4345/4345/4345 4355/4355/4355 4354/4354/4354
f 4346/4346/4346 4347/4347/4347 4356/4356/4356
f 4346/4346/4346 4356/4356/4356 4355/4355/4355
f 4347/4347/4347 4348/4348/4348 4357/4357/4357
f 4347/4347/4347 4357/4357/4357 4356/4356/4356
f 4348/4348/4348 4349/4349/4349 4358/4358/4358
f 4348/4348/4348 4358/4358/4358 4357/4357/4357
f 4350/4350/4350 4351/4351/4351 4359/4359/4359
f 4351/4351/4351 4352/4352/4352 4359/4359/4359
f 4352/4352/4352 4353/4353/4353 4359/4359/4359
f 4353/4353/4353 4354/4354/4354 4359/4359/4359
f 4354/4354/4354 4355/4355/4355 4359/4359/4359
f 4355/4355/4355 4356/4356/4356 4359/4359/4359
f 4356/4356/4356 4357/4357/4357 4359/4359/4359
f 4357/4357/4357 4358/4358/4358 4359/4359/4359
o Wart_5
v 8.966387 52.671280 7.107042
v 9.903216 52.841777 7.107042
v 9.628825 52.841777 6.659754
v 8.966387 52.841777 6.474481
v 8.303949 52.841777 6.659754
v 8.029559 52.841777 7.107042
v 8.303949 52.841777 7.554330
v 8.966387 52.841777 7.739603
v 9.628825 52.841777 7.554330
v 9.903216 52.841777 7.107042
v 10.482208 53.288144 7.107042
v 10.038234 53.288144 6.383315
v 8.966387 53.288144 6.083537
v 7.894540 53.288144 6.383315
v 7.450567 53.288144 7.107042
v 7.894540 53.288144 7.830769
v 8.966387 53.288144 8.130547
v 10.038234 53.288144 7.830769
v 10.482208 53.288144 7.107042
v 10.482208 53.839884 7.107042
v 10.038234 53.839884 6.383315
v 8.966387 53.839884 6.083537
v 7.894540 53.839884 6.383315
v 7.450567 53.839884 7.107042
v 7.894540 53.839884 7.830769
v 8.966387 53.839884 8.130547
v 10.038234 53.839884 7.830769
v 10.482208 53.839884 7.107042
v 9.903216 54.286250 7.107042
v 9.628825 54.286250 6.659754
v 8.966387 54.286250 6.474481
v 8.303949 54.286250 6.659754
v 8.029559 54.286250 7.107042
v 8.303949 54.286250 7.554330
v 8.966387 54.286250 7.739603
v 9.628825 54.286250 7.554330
v 9.903216 54.286250 7.107042
v 8.966387 54.456747 7.107042
vt 0.1855469 0.2807812
vt 0.0362500 0.3206562
vt 0.0735742 0.3206562
vt 0.1108984 0.3206562
vt 0.1482227 0.3206562
vt 0.1855469 0.3206562
vt 0.2228711 0.3206562
vt 0.2601953 0.3206562
vt 0.2975195 0.3206562
vt 0.3348437 0.3206562
vt 0.0362500 0.2917812
vt 0.0735742 0.2917812
vt 0.1108984 0.2917812
vt 0.1482227 0.2917812
vt 0.1855469 0.2917812
vt 0.2228711 0.2917812
vt 0.2601953 0.2917812
vt 0.2975195 0.2917812
vt 0.3348437 0.2917812
vt 0.0362500 0.2629063
vt 0.0735742 0.2629063
vt 0.1108984 0.2629063
vt 0.1482227 0.2629063
vt 0.1855469 0.2629063
vt 0.2228711 0.2629063
vt 0.2601953 0.2629063
vt 0.2975195 0.2629063
vt 0.3348437 0.2629063
vt 0.0362500 0.2340313
vt 0.0735742 0.2340313
vt 0.1108984 0.2340313
vt 0.1482227 0.2340313
vt 0.1855469 0.2340313
vt 0.2228711 0.2340313
vt 0.2601953 0.2340313
vt 0.2975195 0.2340313
vt 0.3348437 0.2340313
vt 0.1855469 0.2807812
vn 0.0000000 -1.0000000 0.0000000
vn 0.4398942 -0.8925045 -0.0996435
vn 0.2458990 -0.8329590 -0.4956944
vn -0.0607757 -0.8062114 -0.5884976
vn -0.3454980 -0.8598311 -0.3759276
vn -0.4398942 -0.8925045 0.0996435
vn -0.2458990 -0.8329590 0.4956944
vn 0.0607757 -0.8062114 0.5884976
vn 0.3454980 -0.8598311 0.3759276
vn 0.4398942 -0.8925045 -0.0996435
vn 0.8798566 -0.4723048 -0.0527304
vn 0.4876636 -0.3858206 -0.7831517
vn -0.0256795 -0.3406484 -0.9398400
vn -0.5425029 -0.3958216 -0.7409560
vn -0.8798566 -0.4723048 0.0527304
vn -0.4876636 -0.3858206 0.7831517
vn 0.0256795 -0.3406484 0.9398400
vn 0.5425029 -0.3958216 0.7409560
vn 0.8798566 -0.4723048 -0.0527304
vn 0.8798566 0.4723048 0.0527304
vn 0.5425029 0.3958216 -0.7409560
vn 0.0256795 0.3406484 -0.9398400
vn -0.4876636 0.3858206 -0.7831517
vn -0.8798566 0.4723048 -0.0527304
vn -0.5425029 0.3958216 0.7409560
vn -0.0256795 0.3406484 0.9398400
vn 0.4876636 0.3858206 0.7831517
vn 0.8798566 0.4723048 0.0527304
vn 0.4398942 0.8925045 0.0996435
vn 0.3454980 0.8598311 -0.3759276
vn 0.0607757 0.8062114 -0.5884976
vn -0.2458990 0.8329590 -0.4956944
vn -0.4398942 0.8925045 -0.0996435
vn -0.3454980 0.8598311 0.3759276
vn -0.0607757 0.8062114 0.5884976
vn 0.2458990 0.8329590 0.4956944
vn 0.4398942 0.8925045 0.0996435
vn 0.0000000 1.0000000 0.0000000
s 1
f 4360/4360/4360 4362/4362/4362 4361/4361/4361
f 4360/4360/4360 4363/4363/4363 4362/4362/4362
f 4360/4360/4360 4364/4364/4364 4363/4363/4363
f 4360/4360/4360 4365/4365/4365 4364/4364/4364
f 4360/4360/4360 4366/4366/4366 4365/4365/4365
f 4360/4360/4360 4367/4367/4367 4366/4366/4366
f 4360/4360/4360 4368/4368/4368 4367/4367/4367
f 4360/4360/4360 4369/4369/4369 4368/4368/4368
f 4361/4361/4361 4362/4362/4362 4371/4371/4371
f 4361/4361/4361 4371/4371/4371 4370/4370/4370
f 4362/4362/4362 4363/4363/4363 4372/4372/4372
f 4362/4362/4362 4372/4372/4372 4371/4371/4371
f 4363/4363/4363 4364/4364/4364 4373/4373/4373
f 4363/4363/4363 4373/4373/4373 4372/4372/4372
f 4364/4364/4364 4365/4365/4365 4374/4374/4374
f 4364/4364/4364 4374/4374/4374 4373/4373/4373
f 4365/4365/4365 4366/4366/4366 4375/4375/4375
f 4365/4365/4365 4375/4375/4375 4374/4374/4374
f 4366/4366/4366 4367/4367/4367 4376/4376/4376
f 4366/4366/4366 4376/4376/4376 4375/4375/4375
f 4367/4367/4367 4368/4368/4368 4377/4377/4377
f 4367/4367/4367 4377/4377/4377 4376/4376/4376
f 4368/4368/4368 4369/4369/4369 4378/4378/4378
f 4368/4368/4368 4378/4378/4378 4377/4377/4377
f 4370/4370/4370 4371/4371/4371 4380/4380/4380
f 4370/4370/4370 4380/4380/4380 4379/4379/4379
f 4371/4371/4371 4372/4372/4372 4381/4381/4381
f 4371/4371/4371 4381/4381/4381 4380/4380/4380
f 4372/4372/4372 4373/4373/4373 4382/4382/4382
f 4372/4372/4372 4382/4382/4382 4381/4381/4381
f 4373/4373/4373 4374/4374/4374 4383/4383/4383
f 4373/4373/4373 4383/4383/4383 4382/4382/4382
f 4374/4374/4374 4375/4375/4375 4384/4384/4384
f 4374/4374/4374 4384/4384/4384 4383/4383/4383
f 4375/4375/4375 4376/4376/4376 4385/4385/4385
f 4375/4375/4375 4385/4385/4385 4384/4384/4384
f 4376/4376/4376 4377/4377/4377 4386/4386/4386
f 4376/4376/4376 4386/4386/4386 4385/4385/4385
f 4377/4377/4377 4378/4378/4378 4387/4387/4387
f 4377/4377/4377 4387/4387/4387 4386/4386/4386
f 4379/4379/4379 4380/4380/4380 4389/4389/4389
f 4379/4379/4379 4389/4389/4389 4388/4388/4388
f 4380/4380/4380 4381/4381/4381 4390/4390/4390
f 4380/4380/4380 4390/4390/4390 4389/4389/4389
f 4381/4381/4381 4382/4382/4382 4391/4391/4391
f 4381/4381/4381 4391/4391/4391 4390/4390/4390
f 4382/4382/4382 4383/4383/4383 4392/4392/4392
f 4382/4382/4382 4392/4392/4392 4391/4391/4391
f 4383/4383/4383 4384/4384/4384 4393/4393/4393
f 4383/4383/4383 4393/4393/4393 4392/4392/4392
f 4384/4384/4384 4385/4385/4385 4394/4394/4394
f 4384/4384/4384 4394/4394/4394 4393/4393/4393
f 4385/4385/4385 4386/4386/4386 4395/4395/4395
f 4385/4385/4385 4395/4395/4395 4394/4394/4394
f 4386/4386/4386 4387/4387/4387 4396/4396/4396
f 4386/4386/4386 4396/4396/4396 4395/4395/4395
f 4388/4388/4388 4389/4389/4389 4397/4397/4397
f 4389/4389/4389 4390/4390/4390 4397/4397/4397
f 4390/4390/4390 4391/4391/4391 4397/4397/4397
f 4391/4391/4391 4392/4392/4392 4397/4397/4397
f 4392/4392/4392 4393/4393/4393 4397/4397/4397
f 4393/4393/4393 4394/4394/4394 4397/4397/4397
f 4394/4394/4394 4395/4395/4395 4397/4397/4397
f 4395/4395/4395 4396/4396/4396 4397/4397/4397
o Wart_6
v -2.760695 54.159170 -12.790378
v -1.823866 54.329666 -12.790378
v -2.098257 54.329666 -13.237666
v -2.760695 54.329666 -13.422938
v -3.423132 54.329666 -13.237666
v -3.697523 54.329666 -12.790378
v -3.423132 54.329666 -12.343090
v -2.760695 54.329666 -12.157817
v -2.098257 54.329666 -12.343090
v -1.823866 54.329666 -12.790378
v -1.244874 54.776033 -12.790378
v -1.688848 54.776033 -13.514105
v -2.760695 54.776033 -13.813882
v -3.832542 54.776033 -13.514105
v -4.276515 54.776033 -12.790378
v -3.832542 54.776033 -12.066651
v -2.760695 54.776033 -11.766873
v -1.688848 54.776033 -12.066651
v -1.244874 54.776033 -12.790378
v -1.244874 55.327773 -12.790378
v -1.688848 55.327773 -13.514105
v -2.760695 55.327773 -13.813882
v -3.832542 55.327773 -13.514105
v -4.276515 55.327773 -12.790378
v -3.832542 55.327773 -12.066651
v -2.760695 55.327773 -11.766873
v -1.688848 55.327773 -12.066651
v -1.244874 55.327773 -12.790378
v -1.823866 55.774140 -12.790378
v -2.098257 55.774140 -13.237666
v -2.760695 55.774140 -13.422938
v -3.423132 55.774140 -13.237666
v -3.697523 55.774140 -12.790378
v -3.423132 55.774140 -12.343090
v -2.760695 55.774140 -12.157817
v -2.098257 55.774140 -12.343090
v -1.823866 55.774140 -12.790378
v -2.760695 55.944637 -12.790378
vt 0.1855469 0.2807812
vt 0.0362500 0.3206562
vt 0.0735742 0.3206562
vt 0.1108984 0.3206562
vt 0.1482227 0.3206562
vt 0.1855469 0.3206562
vt 0.2228711 0.3206562
vt 0.2601953 0.3206562
vt 0.2975195 0.3206562
vt 0.3348437 0.3206562
vt 0.0362500 0.2917812
vt 0.0735742 0.2917812
vt 0.1108984 0.2917812
vt 0.1482227 0.2917812
vt 0.1855469 0.2917812
vt 0.2228711 0.2917812
vt 0.2601953 0.2917812
vt 0.2975195 0.2917812
vt 0.3348437 0.2917812
vt 0.0362500 0.2629063
vt 0.0735742 0.2629063
vt 0.1108984 0.2629063
vt 0.1482227 0.2629063
vt 0.1855469 0.2629063
vt 0.2228711 0.2629063
vt 0.2601953 0.2629063
vt 0.2975195 0.2629063
vt 0.3348437 0.2629063
vt 0.0362500 0.2340313
vt 0.0735742 0.2340313
vt 0.1108984 0.2340313
vt 0.1482227 0.2340313
vt 0.1855469 0.2340313
vt 0.2228711 0.2340313
vt 0.2601953 0.2340313
vt 0.2975195 0.2340313
vt 0.3348437 0.2340313
vt 0.1855469 0.2807812
vn 0.0000000 -1.0000000 -0.0000000
vn 0.4398942 -0.8925045 -0.0996435
vn 0.2458990 -0.8329590 -0.4956944
vn -0.0607757 -0.8062114 -0.5884976
vn -0.3454980 -0.8598311 -0.3759276
vn -0.4398942 -0.8925045 0.0996435
vn -0.2458990 -0.8329590 0.4956944
vn 0.0607757 -0.8062114 0.5884976
vn 0.3454980 -0.8598311 0.3759276
vn 0.4398942 -0.8925045 -0.0996435
vn 0.8798566 -0.4723048 -0.0527304
vn 0.4876636 -0.3858206 -0.7831517
vn -0.0256795 -0.3406484 -0.9398400
vn -0.5425029 -0.3958216 -0.7409560
vn -0.8798566 -0.4723048 0.0527304
vn -0.4876636 -0.3858206 0.7831517
vn 0.0256795 -0.3406484 0.9398400
vn 0.5425029 -0.3958216 0.7409560
vn 0.8798566 -0.4723048 -0.0527304
vn 0.8798566 0.4723048 0.0527304
vn 0.5425029 0.3958216 -0.7409560
vn 0.0256795 0.3406484 -0.9398400
vn -0.4876636 0.3858206 -0.7831517
vn -0.8798566 0.4723048 -0.0527304
vn -0.5425029 0.3958216 0.7409560
vn -0.0256795 0.3406484 0.9398400
vn 0.4876636 0.3858206 0.7831517
vn 0.8798566 0.4723048 0.0527304
vn 0.4398942 0.8925045 0.0996435
vn 0.3454980 0.8598311 -0.3759276
vn 0.0607757 0.8062114 -0.5884976
vn -0.2458990 0.8329590 -0.4956944
vn -0.4398942 0.8925045 -0.0996435
vn -0.3454980 0.8598311 0.3759276
vn -0.0607757 0.8062114 0.5884976
vn 0.2458990 0.8329590 0.4956944
vn 0.4398942 0.8925045 0.0996435
vn 0.0000000 1.0000000 -0.0000000
s 1
f 4398/4398/4398 4400/4400/4400 4399/4399/4399
f 4398/4398/4398 4401/4401/4401 4400/4400/4400
f 4398/4398/4398 4402/4402/4402 4401/4401/4401
f 4398/4398/4398 4403/4403/4403 4402/4402/4402
f 4398/4398/4398 4404/4404/4404 4403/4403/4403
f 4398/4398/4398 4405/4405/4405 4404/4404/4404
f 4398/4398/4398 4406/4406/4406 4405/4405/4405
f 4398/4398/4398 4407/4407/4407 4406/4406/4406
f 4399/4399/4399 4400/4400/4400 4409/4409/4409
f 4399/4399/4399 4409/4409/4409 4408/4408/4408
f 4400/4400/4400 4401/4401/4401 4410/4410/4410
f 4400/4400/4400 4410/4410/4410 4409/4409/4409
f 4401/4401/4401 4402/4402/4402 4411/4411/4411
f 4401/4401/4401 4411/4411/4411 4410/4410/4410
f 4402/4402/4402 4403/4403/4403 4412/4412/4412
f 4402/4402/4402 4412/4412/4412 4411/4411/4411
f 4403/4403/4403 4404/4404/4404 4413/4413/4413
f 4403/4403/4403 4413/4413/4413 4412/4412/4412
f 4404/4404/4404 4405/4405/4405 4414/4414/4414
f 4404/4404/4404 4414/4414/4414 4413/4413/4413
f 4405/4405/4405 4406/4406/4406 4415/4415/4415
f 4405/4405/4405 4415/4415/4415 4414/4414/4414
f 4406/4406/4406 4407/4407/4407 4416/4416/4416
f 4406/4406/4406 4416/4416/4416 4415/4415/4415
f 4408/4408/4408 4409/4409/4409 4418/4418/4418
f 4408/4408/4408 4418/4418/4418 4417/4417/4417
f 4409/4409/4409 4410/4410/4410 4419/4419/4419
f 4409/4409/4409 4419/4419/4419 4418/4418/4418
f 4410/4410/4410 4411/4411/4411 4420/4420/4420
f 4410/4410/4410 4420/4420/4420 4419/4419/4419
f 4411/4411/4411 4412/4412/4412 4421/4421/4421
f 4411/4411/4411 4421/4421/4421 4420/4420/4420
f 4412/4412/4412 4413/4413/4413 4422/4422/4422
f 4412/4412/4412 4422/4422/4422 4421/4421/4421
f 4413/4413/4413 4414/4414/4414 4423/4423/4423
f 4413/4413/4413 4423/4423/4423 4422/4422/4422
f 4414/4414/4414 4415/4415/4415 4424/4424/4424
f 4414/4414/4414 4424/4424/4424 4423/4423/4423
f 4415/4415/4415 4416/4416/4416 4425/4425/4425
f 4415/4415/4415 4425/4425/4425 4424/4424/4424
f 4417/4417/4417 4418/4418/4418 4427/4427/4427
f 4417/4417/4417 4427/4427/4427 4426/4426/4426
f 4418/4418/4418 4419/4419/4419 4428/4428/4428
f 4418/4418/4418 4428/4428/4428 4427/4427/4427
f 4419/4419/4419 4420/4420/4420 4429/4429/4429
f 4419/4419/4419 4429/4429/4429 4428/4428/4428
f 4420/4420/4420 4421/4421/4421 4430/4430/4430
f 4420/4420/4420 4430/4430/4430 4429/4429/4429
f 4421/4421/4421 4422/4422/4422 4431/4431/4431
f 4421/4421/4421 4431/4431/4431 4430/4430/4430
f 4422/4422/4422 4423/4423/4423 4432/4432/4432
f 4422/4422/4422 4432/4432/4432 4431/4431/4431
f 4423/4423/4423 4424/4424/4424 4433/4433/4433
f 4423/4423/4423 4433/4433/4433 4432/4432/4432
f 4424/4424/4424 4425/4425/4425 4434/4434/4434
f 4424/4424/4424 4434/4434/4434 4433/4433/4433
f 4426/4426/4426 4427/4427/4427 4435/4435/4435
f 4427/4427/4427 4428/4428/4428 4435/4435/4435
f 4428/4428/4428 4429/4429/4429 4435/4435/4435
f 4429/4429/4429 4430/4430/4430 4435/4435/4435
f 4430/4430/4430 4431/4431/4431 4435/4435/4435
f 4431/4431/4431 4432/4432/4432 4435/4435/4435
f 4432/4432/4432 4433/4433/4433 4435/4435/4435
f 4433/4433/4433 4434/4434/4434 4435/4435/4435
o Wart_7
v -4.894950 55.647059 11.756046
v -3.958121 55.817556 11.756046
v -4.232512 55.817556 11.308759
v -4.894950 55.817556 11.123486
v -5.557387 55.817556 11.308759
v -5.831778 55.817556 11.756046
v -5.557387 55.817556 12.203334
v -4.894950 55.817556 12.388607
v -4.232512 55.817556 12.203334
v -3.958121 55.817556 11.756046
v -3.379129 56.263923 11.756046
v -3.823103 56.263923 11.032319
v -4.894950 56.263923 10.732542
v -5.966797 56.263923 11.032319
v -6.410770 56.263923 11.756046
v -5.966797 56.263923 12.479774
v -4.894950 56.263923 12.779551
v -3.823103 56.263923 12.479774
v -3.379129 56.263923 11.756046
v -3.379129 56.815662 11.756046
v -3.823103 56.815662 11.032319
v -4.894950 56.815662 10.732542
v -5.966797 56.815662 11.032319
v -6.410770 56.815662 11.756046
v -5.966797 56.815662 12.479774
v -4.894950 56.815662 12.779551
v -3.823103 56.815662 12.479774
v -3.379129 56.815662 11.756046
v -3.958121 57.262029 11.756046
v -4.232512 57.262029 11.308759
v -4.894950 57.262029 11.123486
v -5.557387 57.262029 11.308759
v -5.831778 57.262029 11.756046
v -5.557387 57.262029 12.203334
v -4.894950 57.262029 12.388607
v -4.232512 57.262029 12.203334
v -3.958121 57.262029 11.756046
v -4.894950 57.432526 11.756046
vt 0.1855469 0.2807812
vt 0.0362500 0.3206562
vt 0.0735742 0.3206562
vt 0.1108984 0.3206562
vt 0.1482227 0.3206562
vt 0.1855469 0.3206562
vt 0.2228711 0.3206562
vt 0.2601953 0.3206562
vt 0.2975195 0.3206562
vt 0.3348437 0.3206562
vt 0.0362500 0.2917812
vt 0.0735742 0.2917812
vt 0.1108984 0.2917812
vt 0.1482227 0.2917812
vt 0.1855469 0.2917812
vt 0.2228711 0.2917812
vt 0.2601953 0.2917812
vt 0.2975195 0.2917812
vt 0.3348437 0.2917812
vt 0.0362500 0.2629063
vt 0.0735742 0.2629063
vt 0.1108984 0.2629063
vt 0.1482227 0.2629063
vt 0.1855469 0.2629063
vt 0.2228711 0.2629063
vt 0.2601953 0.2629063
vt 0.2975195 0.2629063
vt 0.3348437 0.2629063
vt 0.0362500 0.2340313
vt 0.0735742 0.2340313
vt 0.1108984 0.2340313
vt 0.1482227 0.2340313
vt 0.1855469 0.2340313
vt 0.2228711 0.2340313
vt 0.2601953 0.2340313
vt 0.2975195 0.2340313
vt 0.3348437 0.2340313
vt 0.1855469 0.2807812
vn 0.0000000 -1.0000000 -0.0000000
vn 0.4398942 -0.8925045 -0.0996435
vn 0.2458990 -0.8329590 -0.4956944
vn -0.0607757 -0.8062114 -0.5884976
vn -0.3454980 -0.8598311 -0.3759276
vn -0.4398942 -0.8925045 0.0996435
vn -0.2458990 -0.8329590 0.4956944
vn 0.0607757 -0.8062114 0.5884976
vn 0.3454980 -0.8598311 0.3759276
vn 0.4398942 -0.8925045 -0.0996435
vn 0.8798566 -0.4723048 -0.0527304
vn 0.4876636 -0.3858206 -0.7831517
vn -0.0256795 -0.3406484 -0.9398400
vn -0.5425029 -0.3958216 -0.7409560
vn -0.8798566 -0.4723048 0.0527304
vn -0.4876636 -0.3858206 0.7831517
vn 0.0256795 -0.3406484 0.9398400
vn 0.5425029 -0.3958216 0.7409560
vn 0.8798566 -0.4723048 -0.0527304
vn 0.8798566 0.4723048 0.0527304
vn 0.5425029 0.3958216 -0.7409560
vn 0.0256795 0.3406484 -0.9398400
vn -0.4876636 0.3858206 -0.7831517
vn -0.8798566 0.4723048 -0.0527304
vn -0.5425029 0.3958216 0.7409560
vn -0.0256795 0.3406484 0.9398400
vn 0.4876636 0.3858206 0.7831517
vn 0.8798566 0.4723048 0.0527304
vn 0.4398942 0.8925045 0.0996435
vn 0.3454980 0.8598311 -0.3759276
vn 0.0607757 0.8062114 -0.5884976
vn -0.2458990 0.8329590 -0.4956944
vn -0.4398942 0.8925045 -0.0996435
vn -0.3454980 0.8598311 0.3759276
vn -0.0607757 0.8062114 0.5884976
vn 0.2458990 0.8329590 0.4956944
vn 0.4398942 0.8925045 0.0996435
vn 0.0000000 1.0000000 -0.0000000
s 1
f 4436/4436/4436 4438/4438/4438 4437/4437/4437
f 4436/4436/4436 4439/4439/4439 4438/4438/4438
f 4436/4436/4436 4440/4440/4440 4439/4439/4439
f 4436/4436/4436 4441/4441/4441 4440/4440/4440
f 4436/4436/4436 4442/4442/4442 4441/4441/4441
f 4436/4436/4436 4443/4443/4443 4442/4442/4442
f 4436/4436/4436 4444/4444/4444 4443/4443/4443
f 4436/4436/4436 4445/4445/4445 4444/4444/4444
f 4437/4437/4437 4438/4438/4438 4447/4447/4447
f 4437/4437/4437 4447/4447/4447 4446/4446/4446
f 4438/4438/4438 4439/4439/4439 4448/4448/4448
f 4438/4438/4438 4448/4448/4448 4447/4447/4447
f 4439/4439/4439 4440/4440/4440 4449/4449/4449
f 4439/4439/4439 4449/4449/4449 4448/4448/4448
f 4440/4440/4440 4441/4441/4441 4450/4450/4450
f 4440/4440/4440 4450/4450/4450 4449/4449/4449
f 4441/4441/4441 4442/4442/4442 4451/4451/4451
f 4441/4441/4441 4451/4451/4451 4450/4450/4450
f 4442/4442/4442 4443/4443/4443 4452/4452/4452
f 4442/4442/4442 4452/4452/4452 4451/4451/4451
f 4443/4443/4443 4444/4444/4444 4453/4453/4453
f 4443/4443/4443 4453/4453/4453 4452/4452/4452
f 4444/4444/4444 4445/4445/4445 4454/4454/4454
f 4444/4444/4444 4454/4454/4454 4453/4453/4453
f 4446/4446/4446 4447/4447/4447 4456/4456/4456
f 4446/4446/4446 4456/4456/4456 4455/4455/4455
f 4447/4447/4447 4448/4448/4448 4457/4457/4457
f 4447/4447/4447 4457/4457/4457 4456/4456/4456
f 4448/4448/4448 4449/4449/4449 4458/4458/4458
f 4448/4448/4448 4458/4458/4458 4457/4457/4457
f 4449/4449/4449 4450/4450/4450 4459/4459/4459
f 4449/4449/4449 4459/4459/4459 4458/4458/4458
f 4450/4450/4450 4451/4451/4451 4460/4460/4460
f 4450/4450/4450 4460/4460/4460 4459/4459/4459
f 4451/4451/4451 4452/4452/4452 4461/4461/4461
f 4451/4451/4451 4461/4461/4461 4460/4460/4460
f 4452/4452/4452 4453/4453/4453 4462/4462/4462
f 4452/4452/4452 4462/4462/4462 4461/4461/4461
f 4453/4453/4453 4454/4454/4454 4463/4463/4463
f 4453/4453/4453 4463/4463/4463 4462/4462/4462
f 4455/4455/4455 4456/4456/4456 4465/4465/4465
f 4455/4455/4455 4465/4465/4465 4464/4464/4464
f 4456/4456/4456 4457/4457/4457 4466/4466/4466
f 4456/4456/4456 4466/4466/4466 4465/4465/4465
f 4457/4457/4457 4458/4458/4458 4467/4467/4467
f 4457/4457/4457 4467/4467/4467 4466/4466/4466
f 4458/4458/4458 4459/4459/4459 4468/4468/4468
f 4458/4458/4458 4468/4468/4468 4467/4467/4467
f 4459/4459/4459 4460/4460/4460 4469/4469/4469
f 4459/4459/4459 4469/4469/4469 4468/4468/4468
f 4460/4460/4460 4461/4461/4461 4470/4470/4470
f 4460/4460/4460 4470/4470/4470 4469/4469/4469
f 4461/4461/4461 4462/4462/4462 4471/4471/4471
f 4461/4461/4461 4471/4471/4471 4470/4470/4470
f 4462/4462/4462 4463/4463/4463 4472/4472/4472
f 4462/4462/4462 4472/4472/4472 4471/4471/4471
f 4464/4464/4464 4465/4465/4465 4473/4473/4473
f 4465/4465/4465 4466/4466/4466 4473/4473/4473
f 4466/4466/4466 4467/4467/4467 4473/4473/4473
f 4467/4467/4467 4468/4468/4468 4473/4473/4473
f 4468/4468/4468 4469/4469/4469 4473/4473/4473
f 4469/4469/4469 4470/4470/4470 4473/4473/4473
f 4470/4470/4470 4471/4471/4471 4473/4473/4473
f 4471/4471/4471 4472/4472/4472 4473/4473/4473
o Wart_8
v 9.979705 57.134948 -4.547292
v 10.916533 57.305445 -4.547292
v 10.642143 57.305445 -4.994580
v 9.979705 57.305445 -5.179852
v 9.317267 57.305445 -4.994580
v 9.042876 57.305445 -4.547292
v 9.317267 57.305445 -4.100004
v 9.979705 57.305445 -3.914731
v 10.642143 57.305445 -4.100004
v 10.916533 57.305445 -4.547292
v 11.495525 57.751812 -4.547292
v 11.051552 57.751812 -5.271019
v 9.979705 57.751812 -5.570796
v 8.907858 57.751812 -5.271019
v 8.463884 57.751812 -4.547292
v 8.907858 57.751812 -3.823565
v 9.979705 57.751812 -3.523787
v 11.051552 57.751812 -3.823565
v 11.495525 57.751812 -4.547292
v 11.495525 58.303552 -4.547292
v 11.051552 58.303552 -5.271019
v 9.979705 58.303552 -5.570796
v 8.907858 58.303552 -5.271019
v 8.463884 58.303552 -4.547292
v 8.907858 58.303552 -3.823565
v 9.979705 58.303552 -3.523787
v 11.051552 58.303552 -3.823565
v 11.495525 58.303552 -4.547292
v 10.916533 58.749918 -4.547292
v 10.642143 58.749918 -4.994580
v 9.979705 58.749918 -5.179852
v 9.317267 58.749918 -4.994580
v 9.042876 58.749918 -4.547292
v 9.317267 58.749918 -4.100004
v 9.979705 58.749918 -3.914731
v 10.642143 58.749918 -4.100004
v 10.916533 58.749918 -4.547292
v 9.979705 58.920415 -4.547292
vt 0.1855469 0.2807812
vt 0.0362500 0.3206562
vt 0.0735742 0.3206562
vt 0.1108984 0.3206562
vt 0.1482227 0.3206562
vt 0.1855469 0.3206562
vt 0.2228711 0.3206562
vt 0.2601953 0.3206562
vt 0.2975195 0.3206562
vt 0.3348437 0.3206562
vt 0.0362500 0.2917812
vt 0.0735742 0.2917812
vt 0.1108984 0.2917812
vt 0.1482227 0.2917812
vt 0.1855469 0.2917812
vt 0.2228711 0.2917812
vt 0.2601953 0.2917812
vt 0.2975195 0.2917812
vt 0.3348437 0.2917812
vt 0.0362500 0.2629063
vt 0.0735742 0.2629063
vt 0.1108984 0.2629063
vt 0.1482227 0.2629063
vt 0.1855469 0.2629063
vt 0.2228711 0.2629063
vt 0.2601953 0.2629063
vt 0.2975195 0.2629063
vt 0.3348437 0.2629063
vt 0.0362500 0.2340313
vt 0.0735742 0.2340313
vt 0.1108984 0.2340313
vt 0.1482227 0.2340313
vt 0.1855469 0.2340313
vt 0.2228711 0.2340313
vt 0.2601953 0.2340313
vt 0.2975195 0.2340313
vt 0.3348437 0.2340313
vt 0.1855469 0.2807812
vn 0.0000000 -1.0000000 -0.0000000
vn 0.4398942 -0.8925045 -0.0996435
vn 0.2458990 -0.8329590 -0.4956944
vn -0.0607757 -0.8062114 -0.5884976
vn -0.3454980 -0.8598311 -0.3759276
vn -0.4398942 -0.8925045 0.0996435
vn -0.2458990 -0.8329590 0.4956944
vn 0.0607757 -0.8062114 0.5884976
vn 0.3454980 -0.8598311 0.3759276
vn 0.4398942 -0.8925045 -0.0996435
vn 0.8798566 -0.4723048 -0.0527304
vn 0.4876636 -0.3858206 -0.7831517
vn -0.0256795 -0.3406484 -0.9398400
vn -0.5425029 -0.3958216 -0.7409560
vn -0.8798566 -0.4723048 0.0527304
vn -0.4876636 -0.3858206 0.7831517
vn 0.0256795 -0.3406484 0.9398400
vn 0.5425029 -0.3958216 0.7409560
vn 0.8798566 -0.4723048 -0.0527304
vn 0.8798566 0.4723048 0.0527304
vn 0.5425029 0.3958216 -0.7409560
vn 0.0256795 0.3406484 -0.9398400
vn -0.4876636 0.3858206 -0.7831517
vn -0.8798566 0.4723048 -0.0527304
vn -0.5425029 0.3958216 0.7409560
vn -0.0256795 0.3406484 0.9398400
vn 0.4876636 0.3858206 0.7831517
vn 0.8798566 0.4723048 0.0527304
vn 0.4398942 0.8925045 0.0996435
vn 0.3454980 0.8598311 -0.3759276
vn 0.0607757 0.8062114 -0.5884976
vn -0.2458990 0.8329590 -0.4956944
vn -0.4398942 0.8925045 -0.0996435
vn -0.3454980 0.8598311 0.3759276
vn -0.0607757 0.8062114 0.5884976
vn 0.2458990 0.8329590 0.4956944
vn 0.4398942 0.8925045 0.0996435
vn 0.0000000 1.0000000 0.0000000
s 1
f 4474/4474/4474 4476/4476/4476 4475/4475/4475
f 4474/4474/4474 4477/4477/4477 4476/4476/4476
f 4474/4474/4474 4478/4478/4478 4477/4477/4477
f 4474/4474/4474 4479/4479/4479 4478/4478/4478
f 4474/4474/4474 4480/4480/4480 4479/4479/4479
f 4474/4474/4474 4481/4481/4481 4480/4480/4480
f 4474/4474/4474 4482/4482/4482 4481/4481/4481
f 4474/4474/4474 4483/4483/4483 4482/4482/4482
f 4475/4475/4475 4476/4476/4476 4485/4485/4485
f 4475/4475/4475 4485/4485/4485 4484/4484/4484
f 4476/4476/4476 4477/4477/4477 4486/4486/4486
f 4476/4476/4476 4486/4486/4486 4485/4485/4485
f 4477/4477/4477 4478/4478/4478 4487/4487/4487
f 4477/4477/4477 4487/4487/4487 4486/4486/4486
f 4478/4478/4478 4479/4479/4479 4488/4488/4488
f 4478/4478/4478 4488/4488/4488 4487/4487/4487
f 4479/4479/4479 4480/4480/4480 4489/4489/4489
f 4479/4479/4479 4489/4489/4489 4488/4488/4488
f 4480/4480/4480 4481/4481/4481 4490/4490/4490
f 4480/4480/4480 4490/4490/4490 4489/4489/4489
f 4481/4481/4481 4482/4482/4482 4491/4491/4491
f 4481/4481/4481 4491/4491/4491 4490/4490/4490
f 4482/4482/4482 4483/4483/4483 4492/4492/4492
f 4482/4482/4482 4492/4492/4492 4491/4491/4491
f 4484/4484/4484 4485/4485/4485 4494/4494/4494
f 4484/4484/4484 4494/4494/4494 4493/4493/4493
f 4485/4485/4485 4486/4486/4486 4495/4495/4495
f 4485/4485/4485 4495/4495/4495 4494/4494/4494
f 4486/4486/4486 4487/4487/4487 4496/4496/4496
f 4486/4486/4486 4496/4496/4496 4495/4495/4495
f 4487/4487/4487 4488/4488/4488 4497/4497/4497
f 4487/4487/4487 4497/4497/4497 4496/4496/4496
f 4488/4488/4488 4489/4489/4489 4498/4498/4498
f 4488/4488/4488 4498/4498/4498 4497/4497/4497
f 4489/4489/4489 4490/4490/4490 4499/4499/4499
f 4489/4489/4489 4499/4499/4499 4498/4498/4498
f 4490/4490/4490 4491/4491/4491 4500/4500/4500
f 4490/4490/4490 4500/4500/4500 4499/4499/4499
f 4491/4491/4491 4492/4492/4492 4501/4501/4501
f 4491/4491/4491 4501/4501/4501 4500/4500/4500
f 4493/4493/4493 4494/4494/4494 4503/4503/4503
f 4493/4493/4493 4503/4503/4503 4502/4502/4502
f 4494/4494/4494 4495/4495/4495 4504/4504/4504
f 4494/4494/4494 4504/4504/4504 4503/4503/4503
f 4495/4495/4495 4496/4496/4496 4505/4505/4505
f 4495/4495/4495 4505/4505/4505 4504/4504/4504
f 4496/4496/4496 4497/4497/4497 4506/4506/4506
f 4496/4496/4496 4506/4506/4506 4505/4505/4505
f 4497/4497/4497 4498/4498/4498 4507/4507/4507
f 4497/4497/4497 4507/4507/4507 4506/4506/4506
f 4498/4498/4498 4499/4499/4499 4508/4508/4508
f 4498/4498/4498 4508/4508/4508 4507/4507/4507
f 4499/4499/4499 4500/4500/4500 4509/4509/4509
f 4499/4499/4499 4509/4509/4509 4508/4508/4508
f 4500/4500/4500 4501/4501/4501 4510/4510/4510
f 4500/4500/4500 4510/4510/4510 4509/4509/4509
f 4502/4502/4502 4503/4503/4503 4511/4511/4511
f 4503/4503/4503 4504/4504/4504 4511/4511/4511
f 4504/4504/4504 4505/4505/4505 4511/4511/4511
f 4505/4505/4505 4506/4506/4506 4511/4511/4511
f 4506/4506/4506 4507/4507/4507 4511/4511/4511
f 4507/4507/4507 4508/4508/4508 4511/4511/4511
f 4508/4508/4508 4509/4509/4509 4511/4511/4511
f 4509/4509/4509 4510/4510/4510 4511/4511/4511
o Wart_9
v -9.822994 58.622837 -5.049758
v -8.886165 58.793334 -5.049758
v -9.160556 58.793334 -5.497046
v -9.822994 58.793334 -5.682318
v -10.485431 58.793334 -5.497046
v -10.759822 58.793334 -5.049758
v -10.485431 58.793334 -4.602470
v -9.822994 58.793334 -4.417197
v -9.160556 58.793334 -4.602470
v -8.886165 58.793334 -5.049758
v -8.307173 59.239701 -5.049758
v -8.751147 59.239701 -5.773485
v -9.822994 59.239701 -6.073262
v -10.894840 59.239701 -5.773485
v -11.338814 59.239701 -5.049758
v -10.894840 59.239701 -4.326031
v -9.822994 59.239701 -4.026253
v -8.751147 59.239701 -4.326031
v -8.307173 59.239701 -5.049758
v -8.307173 59.791441 -5.049758
v -8.751147 59.791441 -5.773485
v -9.822994 59.791441 -6.073262
v -10.894840 59.791441 -5.773485
v -11.338814 59.791441 -5.049758
v -10.894840 59.791441 -4.326031
v -9.822994 59.791441 -4.026253
v -8.751147 59.791441 -4.326031
v -8.307173 59.791441 -5.049758
v -8.886165 60.237808 -5.049758
v -9.160556 60.237808 -5.497046
v -9.822994 60.237808 -5.682318
v -10.485431 60.237808 -5.497046
v -10.759822 60.237808 -5.049758
v -10.485431 60.237808 -4.602470
v -9.822994 60.237808 -4.417197
v -9.160556 60.237808 -4.602470
v -8.886165 60.237808 -5.049758
v -9.822994 60.408304 -5.049758
vt 0.1855469 0.2807812
vt 0.0362500 0.3206562
vt 0.0735742 0.3206562
vt 0.1108984 0.3206562
vt 0.1482227 0.3206562
vt 0.1855469 0.3206562
vt 0.2228711 0.3206562
vt 0.2601953 0.3206562
vt 0.2975195 0.3206562
vt 0.3348437 0.3206562
vt 0.0362500 0.2917812
vt 0.0735742 0.2917812
vt 0.1108984 0.2917812
vt 0.1482227 0.2917812
vt 0.1855469 0.2917812
vt 0.2228711 0.2917812
vt 0.2601953 0.2917812
vt 0.2975195 0.2917812
vt 0.3348437 0.2917812
vt 0.0362500 0.2629063
vt 0.0735742 0.2629063
vt 0.1108984 0.2629063
vt 0.1482227 0.2629063
vt 0.1855469 0.2629063
vt 0.2228711 0.2629063
vt 0.2601953 0.2629063
vt 0.2975195 0.2629063
vt 0.3348437 0.2629063
vt 0.0362500 0.2340313
vt 0.0735742 0.2340313
vt 0.1108984 0.2340313
vt 0.1482227 0.2340313
vt 0.1855469 0.2340313
vt 0.2228711 0.2340313
vt 0.2601953 0.2340313
vt 0.2975195 0.2340313
vt 0.3348437 0.2340313
vt 0.1855469 0.2807812
vn 0.0000000 -1.0000000 -0.0000000
vn 0.4398942 -0.8925045 -0.0996435
vn 0.2458990 -0.8329590 -0.4956944
vn -0.0607757 -0.8062114 -0.5884976
vn -0.3454980 -0.8598311 -0.3759276
vn -0.4398942 -0.8925045 0.0996435
vn -0.2458990 -0.8329590 0.4956944
vn 0.0607757 -0.8062114 0.5884976
vn 0.3454980 -0.8598311 0.3759276
vn 0.4398942 -0.8925045 -0.0996435
vn 0.8798566 -0.4723048 -0.0527304
vn 0.4876636 -0.3858206 -0.7831517
vn -0.0256795 -0.3406484 -0.9398400
vn -0.5425029 -0.3958216 -0.7409560
vn -0.8798566 -0.4723048 0.0527304
vn -0.4876636 -0.3858206 0.7831517
vn 0.0256795 -0.3406484 0.9398400
vn 0.5425029 -0.3958216 0.7409560
vn 0.8798566 -0.4723048 -0.0527304
vn 0.8798566 0.4723048 0.0527304
vn 0.5425029 0.3958216 -0.7409560
vn 0.0256795 0.3406484 -0.9398400
vn -0.4876636 0.3858206 -0.7831517
vn -0.8798566 0.4723048 -0.0527304
vn -0.5425029 0.3958216 0.7409560
vn -0.0256795 0.3406484 0.9398400
vn 0.4876636 0.3858206 0.7831517
vn 0.8798566 0.4723048 0.0527304
vn 0.4398942 0.8925045 0.0996435
vn 0.3454980 0.8598311 -0.3759276
vn 0.0607757 0.8062114 -0.5884976
vn -0.2458990 0.8329590 -0.4956944
vn -0.4398942 0.8925045 -0.0996435
vn -0.3454980 0.8598311 0.3759276
vn -0.0607757 0.8062114 0.5884976
vn 0.2458990 0.8329590 0.4956944
vn 0.4398942 0.8925045 0.0996435
vn -0.0000000 1.0000000 0.0000000
s 1
f 4512/4512/4512 4514/4514/4514 4513/4513/4513
f 4512/4512/4512 4515/4515/4515 4514/4514/4514
f 4512/4512/4512 4516/4516/4516 4515/4515/4515
f 4512/4512/4512 4517/4517/4517 4516/4516/4516
f 4512/4512/4512 4518/4518/4518 4517/4517/4517
f 4512/4512/4512 4519/4519/4519 4518/4518/4518
f 4512/4512/4512 4520/4520/4520 4519/4519/4519
f 4512/4512/4512 4521/4521/4521 4520/4520/4520
f 4513/4513/4513 4514/4514/4514 4523/4523/4523
f 4513/4513/4513 4523/4523/4523 4522/4522/4522
f 4514/4514/4514 4515/4515/4515 4524/4524/4524
f 4514/4514/4514 4524/4524/4524 4523/4523/4523
f 4515/4515/4515 4516/4516/4516 4525/4525/4525
f 4515/4515/4515 4525/4525/4525 4524/4524/4524
f 4516/4516/4516 4517/4517/4517 4526/4526/4526
f 4516/4516/4516 4526/4526/4526 4525/4525/4525
f 4517/4517/4517 4518/4518/4518 4527/4527/4527
f 4517/4517/4517 4527/4527/4527 4526/4526/4526
f 4518/4518/4518 4519/4519/4519 4528/4528/4528
f 4518/4518/4518 4528/4528/4528 4527/4527/4527
f 4519/4519/4519 4520/4520/4520 4529/4529/4529
f 4519/4519/4519 4529/4529/4529 4528/4528/4528
f 4520/4520/4520 4521/4521/4521 4530/4530/4530
f 4520/4520/4520 4530/4530/4530 4529/4529/4529
f 4522/4522/4522 4523/4523/4523 4532/4532/4532
f 4522/4522/4522 4532/4532/4532 4531/4531/4531
f 4523/4523/4523 4524/4524/4524 4533/4533/4533
f 4523/4523/4523 4533/4533/4533 4532/4532/4532
f 4524/4524/4524 4525/4525/4525 4534/4534/4534
f 4524/4524/4524 4534/4534/4534 4533/4533/4533
f 4525/4525/4525 4526/4526/4526 4535/4535/4535
f 4525/4525/4525 4535/4535/4535 4534/4534/4534
f 4526/4526/4526 4527/4527/4527 4536/4536/4536
f 4526/4526/4526 4536/4536/4536 4535/4535/4535
f 4527/4527/4527 4528/4528/4528 4537/4537/4537
f 4527/4527/4527 4537/4537/4537 4536/4536/4536
f 4528/4528/4528 4529/4529/4529 4538/4538/4538
f 4528/4528/4528 4538/4538/4538 4537/4537/4537
f 4529/4529/4529 4530/4530/4530 4539/4539/4539
f 4529/4529/4529 4539/4539/4539 4538/4538/4538
f 4531/4531/4531 4532/4532/4532 4541/4541/4541
f 4531/4531/4531 4541/4541/4541 4540/4540/4540
f 4532/4532/4532 4533/4533/4533 4542/4542/4542
f 4532/4532/4532 4542/4542/4542 4541/4541/4541
f 4533/4533/4533 4534/4534/4534 4543/4543/4543
f 4533/4533/4533 4543/4543/4543 4542/4542/4542
f 4534/4534/4534 4535/4535/4535 4544/4544/4544
f 4534/4534/4534 4544/4544/4544 4543/4543/4543
f 4535/4535/4535 4536/4536/4536 4545/4545/4545
f 4535/4535/4535 4545/4545/4545 4544/4544/4544
f 4536/4536/4536 4537/4537/4537 4546/4546/4546
f 4536/4536/4536 4546/4546/4546 4545/4545/4545
f 4537/4537/4537 4538/4538/4538 4547/4547/4547
f 4537/4537/4537 4547/4547/4547 4546/4546/4546
f 4538/4538/4538 4539/4539/4539 4548/4548/4548
f 4538/4538/4538 4548/4548/4548 4547/4547/4547
f 4540/4540/4540 4541/4541/4541 4549/4549/4549
f 4541/4541/4541 4542/4542/4542 4549/4549/4549
f 4542/4542/4542 4543/4543/4543 4549/4549/4549
f 4543/4543/4543 4544/4544/4544 4549/4549/4549
f 4544/4544/4544 4545/4545/4545 4549/4549/4549
f 4545/4545/4545 4546/4546/4546 4549/4549/4549
f 4546/4546/4546 4547/4547/4547 4549/4549/4549
f 4547/4547/4547 4548/4548/4548 4549/4549/4549
o Wart_10
v 4.507123 60.110727 11.994611
v 5.443951 60.281224 11.994611
v 5.169560 60.281224 11.547323
v 4.507123 60.281224 11.362050
v 3.844685 60.281224 11.547323
v 3.570294 60.281224 11.994611
v 3.844685 60.281224 12.441899
v 4.507123 60.281224 12.627172
v 5.169560 60.281224 12.441899
v 5.443951 60.281224 11.994611
v 6.022943 60.727590 11.994611
v 5.578970 60.727590 11.270884
v 4.507123 60.727590 10.971106
v 3.435276 60.727590 11.270884
v 2.991302 60.727590 11.994611
v 3.435276 60.727590 12.718338
v 4.507123 60.727590 13.018116
v 5.578970 60.727590 12.718338
v 6.022943 60.727590 11.994611
v 6.022943 61.279330 11.994611
v 5.578970 61.279330 11.270884
v 4.507123 61.279330 10.971106
v 3.435276 61.279330 11.270884
v 2.991302 61.279330 11.994611
v 3.435276 61.279330 12.718338
v 4.507123 61.279330 13.018116
v 5.578970 61.279330 12.718338
v 6.022943 61.279330 11.994611
v 5.443951 61.725697 11.994611
v 5.169560 61.725697 11.547323
v 4.507123 61.725697 11.362050
v 3.844685 61.725697 11.547323
v 3.570294 61.725697 11.994611
v 3.844685 61.725697 12.441899
v 4.507123 61.725697 12.627172
v 5.169560 61.725697 12.441899
v 5.443951 61.725697 11.994611
v 4.507123 61.896194 11.994611
vt 0.1855469 0.2807812
vt 0.0362500 0.3206562
vt 0.0735742 0.3206562
vt 0.1108984 0.3206562
vt 0.1482227 0.3206562
vt 0.1855469 0.3206562
vt 0.2228711 0.3206562
vt 0.2601953 0.3206562
vt 0.2975195 0.3206562
vt 0.3348437 0.3206562
vt 0.0362500 0.2917812
vt 0.0735742 0.2917812
vt 0.1108984 0.2917812
vt 0.1482227 0.2917812
vt 0.1855469 0.2917812
vt 0.2228711 0.2917812
vt 0.2601953 0.2917812
vt 0.2975195 0.2917812
vt 0.3348437 0.2917812
vt 0.0362500 0.2629063
vt 0.0735742 0.2629063
vt 0.1108984 0.2629063
vt 0.1482227 0.2629063
vt 0.1855469 0.2629063
vt 0.2228711 0.2629063
vt 0.2601953 0.2629063
vt 0.2975195 0.2629063
vt 0.3348437 0.2629063
vt 0.0362500 0.2340313
vt 0.0735742 0.2340313
vt 0.1108984 0.2340313
vt 0.1482227 0.2340313
vt 0.1855469 0.2340313
vt 0.2228711 0.2340313
vt 0.2601953 0.2340313
vt 0.2975195 0.2340313
vt 0.3348437 0.2340313
vt 0.1855469 0.2807812
vn 0.0000000 -1.0000000 0.0000000
vn 0.4398942 -0.8925045 -0.0996435
vn 0.2458990 -0.8329590 -0.4956944
vn -0.0607757 -0.8062114 -0.5884976
vn -0.3454980 -0.8598311 -0.3759276
vn -0.4398942 -0.8925045 0.0996435
vn -0.2458990 -0.8329590 0.4956944
vn 0.0607757 -0.8062114 0.5884976
vn 0.3454980 -0.8598311 0.3759276
vn 0.4398942 -0.8925045 -0.0996435
vn 0.8798566 -0.4723048 -0.0527304
vn 0.4876636 -0.3858206 -0.7831517
vn -0.0256795 -0.3406484 -0.9398400
vn -0.5425029 -0.3958216 -0.7409560
vn -0.8798566 -0.4723048 0.0527304
vn -0.4876636 -0.3858206 0.7831517
vn 0.0256795 -0.3406484 0.9398400
vn 0.5425029 -0.3958216 0.7409560
vn 0.8798566 -0.4723048 -0.0527304
vn 0.8798566 0.4723048 0.0527304
vn 0.5425029 0.3958216 -0.7409560
vn 0.0256795 0.3406484 -0.9398400
vn -0.4876636 0.3858206 -0.7831517
vn -0.8798566 0.4723048 -0.0527304
vn -0.5425029 0.3958216 0.7409560
vn -0.0256795 0.3406484 0.9398400
vn 0.4876636 0.3858206 0.7831517
vn 0.8798566 0.4723048 0.0527304
vn 0.4398942 0.8925045 0.0996435
vn 0.3454980 0.8598311 -0.3759276
vn 0.0607757 0.8062114 -0.5884976
vn -0.2458990 0.8329590 -0.4956944
vn -0.4398942 0.8925045 -0.0996435
vn -0.3454980 0.8598311 0.3759276
vn -0.0607757 0.8062114 0.5884976
vn 0.2458990 0.8329590 0.4956944
vn 0.4398942 0.8925045 0.0996435
vn 0.0000000 1.0000000 0.0000000
s 1
f 4550/4550/4550 4552/4552/4552 4551/4551/4551
f 4550/4550/4550 4553/4553/4553 4552/4552/4552
f 4550/4550/4550 4554/4554/4554 4553/4553/4553
f 4550/4550/4550 4555/4555/4555 4554/4554/4554
f 4550/4550/4550 4556/4556/4556 4555/4555/4555
f 4550/4550/4550 4557/4557/4557 4556/4556/4556
f 4550/4550/4550 4558/4558/4558 4557/4557/4557
f 4550/4550/4550 4559/4559/4559 4558/4558/4558
f 4551/4551/4551 4552/4552/4552 4561/4561/4561
f 4551/4551/4551 4561/4561/4561 4560/4560/4560
f 4552/4552/4552 4553/4553/4553 4562/4562/4562
f 4552/4552/4552 4562/4562/4562 4561/4561/4561
f 4553/4553/4553 4554/4554/4554 4563/4563/4563
f 4553/4553/4553 4563/4563/4563 4562/4562/4562
f 4554/4554/4554 4555/4555/4555 4564/4564/4564
f 4554/4554/4554 4564/4564/4564 4563/4563/4563
f 4555/4555/4555 4556/4556/4556 4565/4565/4565
f 4555/4555/4555 4565/4565/4565 4564/4564/4564
f 4556/4556/4556 4557/4557/4557 4566/4566/4566
f 4556/4556/4556 4566/4566/4566 4565/4565/4565
f 4557/4557/4557 4558/4558/4558 4567/4567/4567
f 4557/4557/4557 4567/4567/4567 4566/4566/4566
f 4558/4558/4558 4559/4559/4559 4568/4568/4568
f 4558/4558/4558 4568/4568/4568 4567/4567/4567
f 4560/4560/4560 4561/4561/4561 4570/4570/4570
f 4560/4560/4560 4570/4570/4570 4569/4569/4569
f 4561/4561/4561 4562/4562/4562 4571/4571/4571
f 4561/4561/4561 4571/4571/4571 4570/4570/4570
f 4562/4562/4562 4563/4563/4563 4572/4572/4572
f 4562/4562/4562 4572/4572/4572 4571/4571/4571
f 4563/4563/4563 4564/4564/4564 4573/4573/4573
f 4563/4563/4563 4573/4573/4573 4572/4572/4572
f 4564/4564/4564 4565/4565/4565 4574/4574/4574
f 4564/4564/4564 4574/4574/4574 4573/4573/4573
f 4565/4565/4565 4566/4566/4566 4575/4575/4575
f 4565/4565/4565 4575/4575/4575 4574/4574/4574
f 4566/4566/4566 4567/4567/4567 4576/4576/4576
f 4566/4566/4566 4576/4576/4576 4575/4575/4575
f 4567/4567/4567 4568/4568/4568 4577/4577/4577
f 4567/4567/4567 4577/4577/4577 4576/4576/4576
f 4569/4569/4569 4570/4570/4570 4579/4579/4579
f 4569/4569/4569 4579/4579/4579 4578/4578/4578
f 4570/4570/4570 4571/4571/4571 4580/4580/4580
f 4570/4570/4570 4580/4580/4580 4579/4579/4579
f 4571/4571/4571 4572/4572/4572 4581/4581/4581
f 4571/4571/4571 4581/4581/4581 4580/4580/4580
f 4572/4572/4572 4573/4573/4573 4582/4582/4582
f 4572/4572/4572 4582/4582/4582 4581/4581/4581
f 4573/4573/4573 4574/4574/4574 4583/4583/4583
f 4573/4573/4573 4583/4583/4583 4582/4582/4582
f 4574/4574/4574 4575/4575/4575 4584/4584/4584
f 4574/4574/4574 4584/4584/4584 4583/4583/4583
f 4575/4575/4575 4576/4576/4576 4585/4585/4585
f 4575/4575/4575 4585/4585/4585 4584/4584/4584
f 4576/4576/4576 4577/4577/4577 4586/4586/4586
f 4576/4576/4576 4586/4586/4586 4585/4585/4585
f 4578/4578/4578 4579/4579/4579 4587/4587/4587
f 4579/4579/4579 4580/4580/4580 4587/4587/4587
f 4580/4580/4580 4581/4581/4581 4587/4587/4587
f 4581/4581/4581 4582/4582/4582 4587/4587/4587
f 4582/4582/4582 4583/4583/4583 4587/4587/4587
f 4583/4583/4583 4584/4584/4584 4587/4587/4587
f 4584/4584/4584 4585/4585/4585 4587/4587/4587
f 4585/4585/4585 4586/4586/4586 4587/4587/4587
o Wart_11
v 3.175946 61.598616 -12.639744
v 4.112774 61.769113 -12.639744
v 3.838384 61.769113 -13.087032
v 3.175946 61.769113 -13.272304
v 2.513508 61.769113 -13.087032
v 2.239117 61.769113 -12.639744
v 2.513508 61.769113 -12.192456
v 3.175946 61.769113 -12.007183
v 3.838384 61.769113 -12.192456
v 4.112774 61.769113 -12.639744
v 4.691766 62.215480 -12.639744
v 4.247793 62.215480 -13.363471
v 3.175946 62.215480 -13.663248
v 2.104099 62.215480 -13.363471
v 1.660125 62.215480 -12.639744
v 2.104099 62.215480 -11.916017
v 3.175946 62.215480 -11.616239
v 4.247793 62.215480 -11.916017
v 4.691766 62.215480 -12.639744
v 4.691766 62.767219 -12.639744
v 4.247793 62.767219 -13.363471
v 3.175946 62.767219 -13.663248
v 2.104099 62.767219 -13.363471
v 1.660125 62.767219 -12.639744
v 2.104099 62.767219 -11.916017
v 3.175946 62.767219 -11.616239
v 4.247793 62.767219 -11.916017
v 4.691766 62.767219 -12.639744
v 4.112774 63.213586 -12.639744
v 3.838384 63.213586 -13.087032
v 3.175946 63.213586 -13.272304
v 2.513508 63.213586 -13.087032
v 2.239117 63.213586 -12.639744
v 2.513508 63.213586 -12.192456
v 3.175946 63.213586 -12.007183
v 3.838384 63.213586 -12.192456
v 4.112774 63.213586 -12.639744
v 3.175946 63.384083 -12.639744
vt 0.1855469 0.2807812
vt 0.0362500 0.3206562
vt 0.0735742 0.3206562
vt 0.1108984 0.3206562
vt 0.1482227 0.3206562
vt 0.1855469 0.3206562
vt 0.2228711 0.3206562
vt 0.2601953 0.3206562
vt 0.2975195 0.3206562
vt 0.3348437 0.3206562
vt 0.0362500 0.2917812
vt 0.0735742 0.2917812
vt 0.1108984 0.2917812
vt 0.1482227 0.2917812
vt 0.1855469 0.2917812
vt 0.2228711 0.2917812
vt 0.2601953 0.2917812
vt 0.2975195 0.2917812
vt 0.3348437 0.2917812
vt 0.0362500 0.2629063
vt 0.0735742 0.2629063
vt 0.1108984 0.2629063
vt 0.1482227 0.2629063
vt 0.1855469 0.2629063
vt 0.2228711 0.2629063
vt 0.2601953 0.2629063
vt 0.2975195 0.2629063
vt 0.3348437 0.2629063
vt 0.0362500 0.2340313
vt 0.0735742 0.2340313
vt 0.1108984 0.2340313
vt 0.1482227 0.2340313
vt 0.1855469 0.2340313
vt 0.2228711 0.2340313
vt 0.2601953 0.2340313
vt 0.2975195 0.2340313
vt 0.3348437 0.2340313
vt 0.1855469 0.2807812
vn 0.0000000 -1.0000000 -0.0000000
vn 0.4398942 -0.8925045 -0.0996435
vn 0.2458990 -0.8329590 -0.4956944
vn -0.0607757 -0.8062114 -0.5884976
vn -0.3454980 -0.8598311 -0.3759276
vn -0.4398942 -0.8925045 0.0996435
vn -0.2458990 -0.8329590 0.4956944
vn 0.0607757 -0.8062114 0.5884976
vn 0.3454980 -0.8598311 0.3759276
vn 0.4398942 -0.8925045 -0.0996435
vn 0.8798566 -0.4723048 -0.0527304
vn 0.4876636 -0.3858206 -0.7831517
vn -0.0256795 -0.3406484 -0.9398400
vn -0.5425029 -0.3958216 -0.7409560
vn -0.8798566 -0.4723048 0.0527304
vn -0.4876636 -0.3858206 0.7831517
vn 0.0256795 -0.3406484 0.9398400
vn 0.5425029 -0.3958216 0.7409560
vn 0.8798566 -0.4723048 -0.0527304
vn 0.8798566 0.4723048 0.0527304
vn 0.5425029 0.3958216 -0.7409560
vn 0.0256795 0.3406484 -0.9398400
vn -0.4876636 0.3858206 -0.7831517
vn -0.8798566 0.4723048 -0.0527304
vn -0.5425029 0.3958216 0.7409560
vn -0.0256795 0.3406484 0.9398400
vn 0.4876636 0.3858206 0.7831517
vn 0.8798566 0.4723048 0.0527304
vn 0.4398942 0.8925045 0.0996435
vn 0.3454980 0.8598311 -0.3759276
vn 0.0607757 0.8062114 -0.5884976
vn -0.2458990 0.8329590 -0.4956944
vn -0.4398942 0.8925045 -0.0996435
vn -0.3454980 0.8598311 0.3759276
vn -0.0607757 0.8062114 0.5884976
vn 0.2458990 0.8329590 0.4956944
vn 0.4398942 0.8925045 0.0996435
vn 0.0000000 1.0000000 -0.0000000
s 1
f 4588/4588/4588 4590/4590/4590 4589/4589/4589
f 4588/4588/4588 4591/4591/4591 4590/4590/4590
f 4588/4588/4588 4592/4592/4592 4591/4591/4591
f 4588/4588/4588 4593/4593/4593 4592/4592/4592
f 4588/4588/4588 4594/4594/4594 4593/4593/4593
f 4588/4588/4588 4595/4595/4595 4594/4594/4594
f 4588/4588/4588 4596/4596/4596 4595/4595/4595
f 4588/4588/4588 4597/4597/4597 4596/4596/4596
f 4589/4589/4589 4590/4590/4590 4599/4599/4599
f 4589/4589/4589 4599/4599/4599 4598/4598/4598
f 4590/4590/4590 4591/4591/4591 4600/4600/4600
f 4590/4590/4590 4600/4600/4600 4599/4599/4599
f 4591/4591/4591 4592/4592/4592 4601/4601/4601
f 4591/4591/4591 4601/4601/4601 4600/4600/4600
f 4592/4592/4592 4593/4593/4593 4602/4602/4602
f 4592/4592/4592 4602/4602/4602 4601/4601/4601
f 4593/4593/4593 4594/4594/4594 4603/4603/4603
f 4593/4593/4593 4603/4603/4603 4602/4602/4602
f 4594/4594/4594 4595/4595/4595 4604/4604/4604
f 4594/4594/4594 4604/4604/4604 4603/4603/4603
f 4595/4595/4595 4596/4596/4596 4605/4605/4605
f 4595/4595/4595 4605/4605/4605 4604/4604/4604
f 4596/4596/4596 4597/4597/4597 4606/4606/4606
f 4596/4596/4596 4606/4606/4606 4605/4605/4605
f 4598/4598/4598 4599/4599/4599 4608/4608/4608
f 4598/4598/4598 4608/4608/4608 4607/4607/4607
f 4599/4599/4599 4600/4600/4600 4609/4609/4609
f 4599/4599/4599 4609/4609/4609 4608/4608/4608
f 4600/4600/4600 4601/4601/4601 4610/4610/4610
f 4600/4600/4600 4610/4610/4610 4609/4609/4609
f 4601/4601/4601 4602/4602/4602 4611/4611/4611
f 4601/4601/4601 4611/4611/4611 4610/4610/4610
f 4602/4602/4602 4603/4603/4603 4612/4612/4612
f 4602/4602/4602 4612/4612/4612 4611/4611/4611
f 4603/4603/4603 4604/4604/4604 4613/4613/4613
f 4603/4603/4603 4613/4613/4613 4612/4612/4612
f 4604/4604/4604 4605/4605/4605 4614/4614/4614
f 4604/4604/4604 4614/4614/4614 4613/4613/4613
f 4605/4605/4605 4606/4606/4606 4615/4615/4615
f 4605/4605/4605 4615/4615/4615 4614/4614/4614
f 4607/4607/4607 4608/4608/4608 4617/4617/4617
f 4607/4607/4607 4617/4617/4617 4616/4616/4616
f 4608/4608/4608 4609/4609/4609 4618/4618/4618
f 4608/4608/4608 4618/4618/4618 4617/4617/4617
f 4609/4609/4609 4610/4610/4610 4619/4619/4619
f 4609/4609/4609 4619/4619/4619 4618/4618/4618
f 4610/4610/4610 4611/4611/4611 4620/4620/4620
f 4610/4610/4610 4620/4620/4620 4619/4619/4619
f 4611/4611/4611 4612/4612/4612 4621/4621/4621
f 4611/4611/4611 4621/4621/4621 4620/4620/4620
f 4612/4612/4612 4613/4613/4613 4622/4622/4622
f 4612/4612/4612 4622/4622/4622 4621/4621/4621
f 4613/4613/4613 4614/4614/4614 4623/4623/4623
f 4613/4613/4613 4623/4623/4623 4622/4622/4622
f 4614/4614/4614 4615/4615/4615 4624/4624/4624
f 4614/4614/4614 4624/4624/4624 4623/4623/4623
f 4616/4616/4616 4617/4617/4617 4625/4625/4625
f 4617/4617/4617 4618/4618/4618 4625/4625/4625
f 4618/4618/4618 4619/4619/4619 4625/4625/4625
f 4619/4619/4619 4620/4620/4620 4625/4625/4625
f 4620/4620/4620 4621/4621/4621 4625/4625/4625
f 4621/4621/4621 4622/4622/4622 4625/4625/4625
f 4622/4622/4622 4623/4623/4623 4625/4625/4625
f 4623/4623/4623 4624/4624/4624 4625/4625/4625
o Wart_12
v -9.190967 63.086505 6.646324
v -8.254139 63.257002 6.646324
v -8.528530 63.257002 6.199036
v -9.190967 63.257002 6.013764
v -9.853405 63.257002 6.199036
v -10.127796 63.257002 6.646324
v -9.853405 63.257002 7.093612
v -9.190967 63.257002 7.278885
v -8.528530 63.257002 7.093612
v -8.254139 63.257002 6.646324
v -7.675147 63.703369 6.646324
v -8.119120 63.703369 5.922597
v -9.190967 63.703369 5.622820
v -10.262814 63.703369 5.922597
v -10.706788 63.703369 6.646324
v -10.262814 63.703369 7.370051
v -9.190967 63.703369 7.669829
v -8.119120 63.703369 7.370051
v -7.675147 63.703369 6.646324
v -7.675147 64.255109 6.646324
v -8.119120 64.255109 5.922597
v -9.190967 64.255109 5.622820
v -10.262814 64.255109 5.922597
v -10.706788 64.255109 6.646324
v -10.262814 64.255109 7.370051
v -9.190967 64.255109 7.669829
v -8.119120 64.255109 7.370051
v -7.675147 64.255109 6.646324
v -8.254139 64.701475 6.646324
v -8.528530 64.701475 6.199036
v -9.190967 64.701475 6.013764
v -9.853405 64.701475 6.199036
v -10.127796 64.701475 6.646324
v -9.853405 64.701475 7.093612
v -9.190967 64.701475 7.278885
v -8.528530 64.701475 7.093612
v -8.254139 64.701475 6.646324
v -9.190967 64.871972 6.646324
vt 0.1855469 0.2807812
vt 0.0362500 0.3206562
vt 0.0735742 0.3206562
vt 0.1108984 0.3206562
vt 0.1482227 0.3206562
vt 0.1855469 0.3206562
vt 0.2228711 0.3206562
vt 0.2601953 0.3206562
vt 0.2975195 0.3206562
vt 0.3348437 0.3206562
vt 0.0362500 0.2917812
vt 0.0735742 0.2917812
vt 0.1108984 0.2917812
vt 0.1482227 0.2917812
vt 0.1855469 0.2917812
vt 0.2228711 0.2917812
vt 0.2601953 0.2917812
vt 0.2975195 0.2917812
vt 0.3348437 0.2917812
vt 0.0362500 0.2629063
vt 0.0735742 0.2629063
vt 0.1108984 0.2629063
vt 0.1482227 0.2629063
vt 0.1855469 0.2629063
vt 0.2228711 0.2629063
vt 0.2601953 0.2629063
vt 0.2975195 0.2629063
vt 0.3348437 0.2629063
vt 0.0362500 0.2340313
vt 0.0735742 0.2340313
vt 0.1108984 0.2340313
vt 0.1482227 0.2340313
vt 0.1855469 0.2340313
vt 0.2228711 0.2340313
vt 0.2601953 0.2340313
vt 0.2975195 0.2340313
vt 0.3348437 0.2340313
vt 0.1855469 0.2807812
vn 0.0000000 -1.0000000 0.0000000
vn 0.4398942 -0.8925045 -0.0996435
vn 0.2458990 -0.8329590 -0.4956944
vn -0.0607757 -0.8062114 -0.5884976
vn -0.3454980 -0.8598311 -0.3759276
vn -0.4398942 -0.8925045 0.0996435
vn -0.2458990 -0.8329590 0.4956944
vn 0.0607757 -0.8062114 0.5884976
vn 0.3454980 -0.8598311 0.3759276
vn 0.4398942 -0.8925045 -0.0996435
vn 0.8798566 -0.4723048 -0.0527304
vn 0.4876636 -0.3858206 -0.7831517
vn -0.0256795 -0.3406484 -0.9398400
vn -0.5425029 -0.3958216 -0.7409560
vn -0.8798566 -0.4723048 0.0527304
vn -0.4876636 -0.3858206 0.7831517
vn 0.0256795 -0.3406484 0.9398400
vn 0.5425029 -0.3958216 0.7409560
vn 0.8798566 -0.4723048 -0.0527304
vn 0.8798566 0.4723048 0.0527304
vn 0.5425029 0.3958216 -0.7409560
vn 0.0256795 0.3406484 -0.9398400
vn -0.4876636 0.3858206 -0.7831517
vn -0.8798566 0.4723048 -0.0527304
vn -0.5425029 0.3958216 0.7409560
vn -0.0256795 0.3406484 0.9398400
vn 0.4876636 0.3858206 0.7831517
vn 0.8798566 0.4723048 0.0527304
vn 0.4398942 0.8925045 0.0996435
vn 0.3454980 0.8598311 -0.3759276
vn 0.0607757 0.8062114 -0.5884976
vn -0.2458990 0.8329590 -0.4956944
vn -0.4398942 0.8925045 -0.0996435
vn -0.3454980 0.8598311 0.3759276
vn -0.0607757 0.8062114 0.5884976
vn 0.2458990 0.8329590 0.4956944
vn 0.4398942 0.8925045 0.0996435
vn 0.0000000 1.0000000 -0.0000000
s 1
f 4626/4626/4626 4628/4628/4628 4627/4627/4627
f 4626/4626/4626 4629/4629/4629 4628/4628/4628
f 4626/4626/4626 4630/4630/4630 4629/4629/4629
f 4626/4626/4626 4631/4631/4631 4630/4630/4630
f 4626/4626/4626 4632/4632/4632 4631/4631/4631
f 4626/4626/4626 4633/4633/4633 4632/4632/4632
f 4626/4626/4626 4634/4634/4634 4633/4633/4633
f 4626/4626/4626 4635/4635/4635 4634/4634/4634
f 4627/4627/4627 4628/4628/4628 4637/4637/4637
f 4627/4627/4627 4637/4637/4637 4636/4636/4636
f 4628/4628/4628 4629/4629/4629 4638/4638/4638
f 4628/4628/4628 4638/4638/4638 4637/4637/4637
f 4629/4629/4629 4630/4630/4630 4639/4639/4639
f 4629/4629/4629 4639/4639/4639 4638/4638/4638
f 4630/4630/4630 4631/4631/4631 4640/4640/4640
f 4630/4630/4630 4640/4640/4640 4639/4639/4639
f 4631/4631/4631 4632/4632/4632 4641/4641/4641
f 4631/4631/4631 4641/4641/4641 4640/4640/4640
f 4632/4632/4632 4633/4633/4633 4642/4642/4642
f 4632/4632/4632 4642/4642/4642 4641/4641/4641
f 4633/4633/4633 4634/4634/4634 4643/4643/4643
f 4633/4633/4633 4643/4643/4643 4642/4642/4642
f 4634/4634/4634 4635/4635/4635 4644/4644/4644
f 4634/4634/4634 4644/4644/4644 4643/4643/4643
f 4636/4636/4636 4637/4637/4637 4646/4646/4646
f 4636/4636/4636 4646/4646/4646 4645/4645/4645
f 4637/4637/4637 4638/4638/4638 4647/4647/4647
f 4637/4637/4637 4647/4647/4647 4646/4646/4646
f 4638/4638/4638 4639/4639/4639 4648/4648/4648
f 4638/4638/4638 4648/4648/4648 4647/4647/4647
f 4639/4639/4639 4640/4640/4640 4649/4649/4649
f 4639/4639/4639 4649/4649/4649 4648/4648/4648
f 4640/4640/4640 4641/4641/4641 4650/4650/4650
f 4640/4640/4640 4650/4650/4650 4649/4649/4649
f 4641/4641/4641 4642/4642/4642 4651/4651/4651
f 4641/4641/4641 4651/4651/4651 4650/4650/4650
f 4642/4642/4642 4643/4643/4643 4652/4652/4652
f 4642/4642/4642 4652/4652/4652 4651/4651/4651
f 4643/4643/4643 4644/4644/4644 4653/4653/4653
f 4643/4643/4643 4653/4653/4653 4652/4652/4652
f 4645/4645/4645 4646/4646/4646 4655/4655/4655
f 4645/4645/4645 4655/4655/4655 4654/4654/4654
f 4646/4646/4646 4647/4647/4647 4656/4656/4656
f 4646/4646/4646 4656/4656/4656 4655/4655/4655
f 4647/4647/4647 4648/4648/4648 4657/4657/4657
f 4647/4647/4647 4657/4657/4657 4656/4656/4656
f 4648/4648/4648 4649/4649/4649 4658/4658/4658
f 4648/4648/4648 4658/4658/4658 4657/4657/4657
f 4649/4649/4649 4650/4650/4650 4659/4659/4659
f 4649/4649/4649 4659/4659/4659 4658/4658/4658
f 4650/4650/4650 4651/4651/4651 4660/4660/4660
f 4650/4650/4650 4660/4660/4660 4659/4659/4659
f 4651/4651/4651 4652/4652/4652 4661/4661/4661
f 4651/4651/4651 4661/4661/4661 4660/4660/4660
f 4652/4652/4652 4653/4653/4653 4662/4662/4662
f 4652/4652/4652 4662/4662/4662 4661/4661/4661
f 4654/4654/4654 4655/4655/4655 4663/4663/4663
f 4655/4655/4655 4656/4656/4656 4663/4663/4663
f 4656/4656/4656 4657/4657/4657 4663/4663/4663
f 4657/4657/4657 4658/4658/4658 4663/4663/4663
f 4658/4658/4658 4659/4659/4659 4663/4663/4663
f 4659/4659/4659 4660/4660/4660 4663/4663/4663
f 4660/4660/4660 4661/4661/4661 4663/4663/4663
f 4661/4661/4661 4662/4662/4662 4663/4663/4663
o Wart_13
v 10.378778 64.574394 2.837828
v 11.315606 64.744891 2.837828
v 11.041215 64.744891 2.390540
v 10.378778 64.744891 2.205268
v 9.716340 64.744891 2.390540
v 9.441949 64.744891 2.837828
v 9.716340 64.744891 3.285116
v 10.378778 64.744891 3.470389
v 11.041215 64.744891 3.285116
v 11.315606 64.744891 2.837828
v 11.894598 65.191258 2.837828
v 11.450625 65.191258 2.114101
v 10.378778 65.191258 1.814324
v 9.306931 65.191258 2.114101
v 8.862957 65.191258 2.837828
v 9.306931 65.191258 3.561555
v 10.378778 65.191258 3.861333
v 11.450625 65.191258 3.561555
v 11.894598 65.191258 2.837828
v 11.894598 65.742998 2.837828
v 11.450625 65.742998 2.114101
v 10.378778 65.742998 1.814324
v 9.306931 65.742998 2.114101
v 8.862957 65.742998 2.837828
v 9.306931 65.742998 3.561555
v 10.378778 65.742998 3.861333
v 11.450625 65.742998 3.561555
v 11.894598 65.742998 2.837828
v 11.315606 66.189365 2.837828
v 11.041215 66.189365 2.390540
v 10.378778 66.189365 2.205268
v 9.716340 66.189365 2.390540
v 9.441949 66.189365 2.837828
v 9.716340 66.189365 3.285116
v 10.378778 66.189365 3.470389
v 11.041215 66.189365 3.285116
v 11.315606 66.189365 2.837828
v 10.378778 66.359862 2.837828
vt 0.1855469 0.2807812
vt 0.0362500 0.3206562
vt 0.0735742 0.3206562
vt 0.1108984 0.3206562
vt 0.1482227 0.3206562
vt 0.1855469 0.3206562
vt 0.2228711 0.3206562
vt 0.2601953 0.3206562
vt 0.2975195 0.3206562
vt 0.3348437 0.3206562
vt 0.0362500 0.2917812
vt 0.0735742 0.2917812
vt 0.1108984 0.2917812
vt 0.1482227 0.2917812
vt 0.1855469 0.2917812
vt 0.2228711 0.2917812
vt 0.2601953 0.2917812
vt 0.2975195 0.2917812
vt 0.3348437 0.2917812
vt 0.0362500 0.2629063
vt 0.0735742 0.2629063
vt 0.1108984 0.2629063
vt 0.1482227 0.2629063
vt 0.1855469 0.2629063
vt 0.2228711 0.2629063
vt 0.2601953 0.2629063
vt 0.2975195 0.2629063
vt 0.3348437 0.2629063
vt 0.0362500 0.2340313
vt 0.0735742 0.2340313
vt 0.1108984 0.2340313
vt 0.1482227 0.2340313
vt 0.1855469 0.2340313
vt 0.2228711 0.2340313
vt 0.2601953 0.2340313
vt 0.2975195 0.2340313
vt 0.3348437 0.2340313
vt 0.1855469 0.2807812
vn 0.0000000 -1.0000000 -0.0000000
vn 0.4398942 -0.8925045 -0.0996435
vn 0.2458990 -0.8329590 -0.4956944
vn -0.0607757 -0.8062114 -0.5884976
vn -0.3454980 -0.8598311 -0.3759276
vn -0.4398942 -0.8925045 0.0996435
vn -0.2458990 -0.8329590 0.4956944
vn 0.0607757 -0.8062114 0.5884976
vn 0.3454980 -0.8598311 0.3759276
vn 0.4398942 -0.8925045 -0.0996435
vn 0.8798566 -0.4723048 -0.0527304
vn 0.4876636 -0.3858206 -0.7831517
vn -0.0256795 -0.3406484 -0.9398400
vn -0.5425029 -0.3958216 -0.7409560
vn -0.8798566 -0.4723048 0.0527304
vn -0.4876636 -0.3858206 0.7831517
vn 0.0256795 -0.3406484 0.9398400
vn 0.5425029 -0.3958216 0.7409560
vn 0.8798566 -0.4723048 -0.0527304
vn 0.8798566 0.4723048 0.0527304
vn 0.5425029 0.3958216 -0.7409560
vn 0.0256795 0.3406484 -0.9398400
vn -0.4876636 0.3858206 -0.7831517
vn -0.8798566 0.4723048 -0.0527304
vn -0.5425029 0.3958216 0.7409560
vn -0.0256795 0.3406484 0.9398400
vn 0.4876636 0.3858206 0.7831517
vn 0.8798566 0.4723048 0.0527304
vn 0.4398942 0.8925045 0.0996435
vn 0.3454980 0.8598311 -0.3759276
vn 0.0607757 0.8062114 -0.5884976
vn -0.2458990 0.8329590 -0.4956944
vn -0.4398942 0.8925045 -0.0996435
vn -0.3454980 0.8598311 0.3759276
vn -0.0607757 0.8062114 0.5884976
vn 0.2458990 0.8329590 0.4956944
vn 0.4398942 0.8925045 0.0996435
vn 0.0000000 1.0000000 0.0000000
s 1
f 4664/4664/4664 4666/4666/4666 4665/4665/4665
f 4664/4664/4664 4667/4667/4667 4666/4666/4666
f 4664/4664/4664 4668/4668/4668 4667/4667/4667
f 4664/4664/4664 4669/4669/4669 4668/4668/4668
f 4664/4664/4664 4670/4670/4670 4669/4669/4669
f 4664/4664/4664 4671/4671/4671 4670/4670/4670
f 4664/4664/4664 4672/4672/4672 4671/4671/4671
f 4664/4664/4664 4673/4673/4673 4672/4672/4672
f 4665/4665/4665 4666/4666/4666 4675/4675/4675
f 4665/4665/4665 4675/4675/4675 4674/4674/4674
f 4666/4666/4666 4667/4667/4667 4676/4676/4676
f 4666/4666/4666 4676/4676/4676 4675/4675/4675
f 4667/4667/4667 4668/4668/4668 4677/4677/4677
f 4667/4667/4667 4677/4677/4677 4676/4676/4676
f 4668/4668/4668 4669/4669/4669 4678/4678/4678
f 4668/4668/4668 4678/4678/4678 4677/4677/4677
f 4669/4669/4669 4670/4670/4670 4679/4679/4679
f 4669/4669/4669 4679/4679/4679 4678/4678/4678
f 4670/4670/4670 4671/4671/4671 4680/4680/4680
f 4670/4670/4670 4680/4680/4680 4679/4679/4679
f 4671/4671/4671 4672/4672/4672 4681/4681/4681
f 4671/4671/4671 4681/4681/4681 4680/4680/4680
f 4672/4672/4672 4673/4673/4673 4682/4682/4682
f 4672/4672/4672 4682/4682/4682 4681/4681/4681
f 4674/4674/4674 4675/4675/4675 4684/4684/4684
f 4674/4674/4674 4684/4684/4684 4683/4683/4683
f 4675/4675/4675 4676/4676/4676 4685/4685/4685
f 4675/4675/4675 4685/4685/4685 4684/4684/4684
f 4676/4676/4676 4677/4677/4677 4686/4686/4686
f 4676/4676/4676 4686/4686/4686 4685/4685/4685
f 4677/4677/4677 4678/4678/4678 4687/4687/4687
f 4677/4677/4677 4687/4687/4687 4686/4686/4686
f 4678/4678/4678 4679/4679/4679 4688/4688/4688
f 4678/4678/4678 4688/4688/4688 4687/4687/4687
f 4679/4679/4679 4680/4680/4680 4689/4689/4689
f 4679/4679/4679 4689/4689/4689 4688/4688/4688
f 4680/4680/4680 4681/4681/4681 4690/4690/4690
f 4680/4680/4680 4690/4690/4690 4689/4689/4689
f 4681/4681/4681 4682/4682/4682 4691/4691/4691
f 4681/4681/4681 4691/4691/4691 4690/4690/4690
f 4683/4683/4683 4684/4684/4684 4693/4693/4693
f 4683/4683/4683 4693/4693/4693 4692/4692/4692
f 4684/4684/4684 4685/4685/4685 4694/4694/4694
f 4684/4684/4684 4694/4694/4694 4693/4693/4693
f 4685/4685/4685 4686/4686/4686 4695/4695/4695
f 4685/4685/4685 4695/4695/4695 4694/4694/4694
f 4686/4686/4686 4687/4687/4687 4696/4696/4696
f 4686/4686/4686 4696/4696/4696 4695/4695/4695
f 4687/4687/4687 4688/4688/4688 4697/4697/4697
f 4687/4687/4687 4697/4697/4697 4696/4696/4696
f 4688/4688/4688 4689/4689/4689 4698/4698/4698
f 4688/4688/4688 4698/4698/4698 4697/4697/4697
f 4689/4689/4689 4690/4690/4690 4699/4699/4699
f 4689/4689/4689 4699/4699/4699 4698/4698/4698
f 4690/4690/4690 4691/4691/4691 4700/4700/4700
f 4690/4690/4690 4700/4700/4700 4699/4699/4699
f 4692/4692/4692 4693/4693/4693 4701/4701/4701
f 4693/4693/4693 4694/4694/4694 4701/4701/4701
f 4694/4694/4694 4695/4695/4695 4701/4701/4701
f 4695/4695/4695 4696/4696/4696 4701/4701/4701
f 4696/4696/4696 4697/4697/4697 4701/4701/4701
f 4697/4697/4697 4698/4698/4698 4701/4701/4701
f 4698/4698/4698 4699/4699/4699 4701/4701/4701
f 4699/4699/4699 4700/4700/4700 4701/4701/4701
o Wart_14
v -6.115523 66.062284 -10.831518
v -5.178695 66.232781 -10.831518
v -5.453085 66.232781 -11.278806
v -6.115523 66.232781 -11.464078
v -6.777961 66.232781 -11.278806
v -7.052352 66.232781 -10.831518
v -6.777961 66.232781 -10.384230
v -6.115523 66.232781 -10.198957
v -5.453085 66.232781 -10.384230
v -5.178695 66.232781 -10.831518
v -4.599703 66.679147 -10.831518
v -5.043676 66.679147 -11.555245
v -6.115523 66.679147 -11.855022
v -7.187370 66.679147 -11.555245
v -7.631344 66.679147 -10.831518
v -7.187370 66.679147 -10.107791
v -6.115523 66.679147 -9.808013
v -5.043676 66.679147 -10.107791
v -4.599703 66.679147 -10.831518
v -4.599703 67.230887 -10.831518
v -5.043676 67.230887 -11.555245
v -6.115523 67.230887 -11.855022
v -7.187370 67.230887 -11.555245
v -7.631344 67.230887 -10.831518
v -7.187370 67.230887 -10.107791
v -6.115523 67.230887 -9.808013
v -5.043676 67.230887 -10.107791
v -4.599703 67.230887 -10.831518
v -5.178695 67.677254 -10.831518
v -5.453085 67.677254 -11.278806
v -6.115523 67.677254 -11.464078
v -6.777961 67.677254 -11.278806
v -7.052352 67.677254 -10.831518
v -6.777961 67.677254 -10.384230
v -6.115523 67.677254 -10.198957
v -5.453085 67.677254 -10.384230
v -5.178695 67.677254 -10.831518
v -6.115523 67.847751 -10.831518
vt 0.1855469 0.2807812
vt 0.0362500 0.3206562
vt 0.0735742 0.3206562
vt 0.1108984 0.3206562
vt 0.1482227 0.3206562
vt 0.1855469 0.3206562
vt 0.2228711 0.3206562
vt 0.2601953 0.3206562
vt 0.2975195 0.3206562
vt 0.3348437 0.3206562
vt 0.0362500 0.2917812
vt 0.0735742 0.2917812
vt 0.1108984 0.2917812
vt 0.1482227 0.2917812
vt 0.1855469 0.2917812
vt 0.2228711 0.2917812
vt 0.2601953 0.2917812
vt 0.2975195 0.2917812
vt 0.3348437 0.2917812
vt 0.0362500 0.2629063
vt 0.0735742 0.2629063
vt 0.1108984 0.2629063
vt 0.1482227 0.2629063
vt 0.1855469 0.2629063
vt 0.2228711 0.2629063
vt 0.2601953 0.2629063
vt 0.2975195 0.2629063
vt 0.3348437 0.2629063
vt 0.0362500 0.2340313
vt 0.0735742 0.2340313
vt 0.1108984 0.2340313
vt 0.1482227 0.2340313
vt 0.1855469 0.2340313
vt 0.2228711 0.2340313
vt 0.2601953 0.2340313
vt 0.2975195 0.2340313
vt 0.3348437 0.2340313
vt 0.1855469 0.2807812
vn 0.0000000 -1.0000000 -0.0000000
vn 0.4398942 -0.8925045 -0.0996435
vn 0.2458990 -0.8329590 -0.4956944
vn -0.0607757 -0.8062114 -0.5884976
vn -0.3454980 -0.8598311 -0.3759276
vn -0.4398942 -0.8925045 0.0996435
vn -0.2458990 -0.8329590 0.4956944
vn 0.0607757 -0.8062114 0.5884976
vn 0.3454980 -0.8598311 0.3759276
vn 0.4398942 -0.8925045 -0.0996435
vn 0.8798566 -0.4723048 -0.0527304
vn 0.4876636 -0.3858206 -0.7831517
vn -0.0256795 -0.3406484 -0.9398400
vn -0.5425029 -0.3958216 -0.7409560
vn -0.8798566 -0.4723048 0.0527304
vn -0.4876636 -0.3858206 0.7831517
vn 0.0256795 -0.3406484 0.9398400
vn 0.5425029 -0.3958216 0.7409560
vn 0.8798566 -0.4723048 -0.0527304
vn 0.8798566 0.4723048 0.0527304
vn 0.5425029 0.3958216 -0.7409560
vn 0.0256795 0.3406484 -0.9398400
vn -0.4876636 0.3858206 -0.7831517
vn -0.8798566 0.4723048 -0.0527304
vn -0.5425029 0.3958216 0.7409560
vn -0.0256795 0.3406484 0.9398400
vn 0.4876636 0.3858206 0.7831517
vn 0.8798566 0.4723048 0.0527304
vn 0.4398942 0.8925045 0.0996435
vn 0.3454980 0.8598311 -0.3759276
vn 0.0607757 0.8062114 -0.5884976
vn -0.2458990 0.8329590 -0.4956944
vn -0.4398942 0.8925045 -0.0996435
vn -0.3454980 0.8598311 0.3759276
vn -0.0607757 0.8062114 0.5884976
vn 0.2458990 0.8329590 0.4956944
vn 0.4398942 0.8925045 0.0996435
vn 0.0000000 1.0000000 -0.0000000
s 1
f 4702/4702/4702 4704/4704/4704 4703/4703/4703
f 4702/4702/4702 4705/4705/4705 4704/4704/4704
f 4702/4702/4702 4706/4706/4706 4705/4705/4705
f 4702/4702/4702 4707/4707/4707 4706/4706/4706
f 4702/4702/4702 4708/4708/4708 4707/4707/4707
f 4702/4702/4702 4709/4709/4709 4708/4708/4708
f 4702/4702/4702 4710/4710/4710 4709/4709/4709
f 4702/4702/4702 4711/4711/4711 4710/4710/4710
f 4703/4703/4703 4704/4704/4704 4713/4713/4713
f 4703/4703/4703 4713/4713/4713 4712/4712/4712
f 4704/4704/4704 4705/4705/4705 4714/4714/4714
f 4704/4704/4704 4714/4714/4714 4713/4713/4713
f 4705/4705/4705 4706/4706/4706 4715/4715/4715
f 4705/4705/4705 4715/4715/4715 4714/4714/4714
f 4706/4706/4706 4707/4707/4707 4716/4716/4716
f 4706/4706/4706 4716/4716/4716 4715/4715/4715
f 4707/4707/4707 4708/4708/4708 4717/4717/4717
f 4707/4707/4707 4717/4717/4717 4716/4716/4716
f 4708/4708/4708 4709/4709/4709 4718/4718/4718
f 4708/4708/4708 4718/4718/4718 4717/4717/4717
f 4709/4709/4709 4710/4710/4710 4719/4719/4719
f 4709/4709/4709 4719/4719/4719 4718/4718/4718
f 4710/4710/4710 4711/4711/4711 4720/4720/4720
f 4710/4710/4710 4720/4720/4720 4719/4719/4719
f 4712/4712/4712 4713/4713/4713 4722/4722/4722
f 4712/4712/4712 4722/4722/4722 4721/4721/4721
f 4713/4713/4713 4714/4714/4714 4723/4723/4723
f 4713/4713/4713 4723/4723/4723 4722/4722/4722
f 4714/4714/4714 4715/4715/4715 4724/4724/4724
f 4714/4714/4714 4724/4724/4724 4723/4723/4723
f 4715/4715/4715 4716/4716/4716 4725/4725/4725
f 4715/4715/4715 4725/4725/4725 4724/4724/4724
f 4716/4716/4716 4717/4717/4717 4726/4726/4726
f 4716/4716/4716 4726/4726/4726 4725/4725/4725
f 4717/4717/4717 4718/4718/4718 4727/4727/4727
f 4717/4717/4717 4727/4727/4727 4726/4726/4726
f 4718/4718/4718 4719/4719/4719 4728/4728/4728
f 4718/4718/4718 4728/4728/4728 4727/4727/4727
f 4719/4719/4719 4720/4720/4720 4729/4729/4729
f 4719/4719/4719 4729/4729/4729 4728/4728/4728
f 4721/4721/4721 4722/4722/4722 4731/4731/4731
f 4721/4721/4721 4731/4731/4731 4730/4730/4730
f 4722/4722/4722 4723/4723/4723 4732/4732/4732
f 4722/4722/4722 4732/4732/4732 4731/4731/4731
f 4723/4723/4723 4724/4724/4724 4733/4733/4733
f 4723/4723/4723 4733/4733/4733 4732/4732/4732
f 4724/4724/4724 4725/4725/4725 4734/4734/4734
f 4724/4724/4724 4734/4734/4734 4733/4733/4733
f 4725/4725/4725 4726/4726/4726 4735/4735/4735
f 4725/4725/4725 4735/4735/4735 4734/4734/4734
f 4726/4726/4726 4727/4727/4727 4736/4736/4736
f 4726/4726/4726 4736/4736/4736 4735/4735/4735
f 4727/4727/4727 4728/4728/4728 4737/4737/4737
f 4727/4727/4727 4737/4737/4737 4736/4736/4736
f 4728/4728/4728 4729/4729/4729 4738/4738/4738
f 4728/4728/4728 4738/4738/4738 4737/4737/4737
f 4730/4730/4730 4731/4731/4731 4739/4739/4739
f 4731/4731/4731 4732/4732/4732 4739/4739/4739
f 4732/4732/4732 4733/4733/4733 4739/4739/4739
f 4733/4733/4733 4734/4734/4734 4739/4739/4739
f 4734/4734/4734 4735/4735/4735 4739/4739/4739
f 4735/4735/4735 4736/4736/4736 4739/4739/4739
f 4736/4736/4736 4737/4737/4737 4739/4739/4739
f 4737/4737/4737 4738/4738/4738 4739/4739/4739
o Wart_15
v -1.359681 67.550173 13.136358
v -0.422852 67.720670 13.136358
v -0.697243 67.720670 12.689070
v -1.359681 67.720670 12.503797
v -2.022119 67.720670 12.689070
v -2.296509 67.720670 13.136358
v -2.022119 67.720670 13.583646
v -1.359681 67.720670 13.768919
v -0.697243 67.720670 13.583646
v -0.422852 67.720670 13.136358
v 0.156140 68.167037 13.136358
v -0.287834 68.167037 12.412631
v -1.359681 68.167037 12.112853
v -2.431528 68.167037 12.412631
v -2.875501 68.167037 13.136358
v -2.431528 68.167037 13.860085
v -1.359681 68.167037 14.159863
v -0.287834 68.167037 13.860085
v 0.156140 68.167037 13.136358
v 0.156140 68.718776 13.136358
v -0.287834 68.718776 12.412631
v -1.359681 68.718776 12.112853
v -2.431528 68.718776 12.412631
v -2.875501 68.718776 13.136358
v -2.431528 68.718776 13.860085
v -1.359681 68.718776 14.159863
v -0.287834 68.718776 13.860085
v 0.156140 68.718776 13.136358
v -0.422852 69.165143 13.136358
v -0.697243 69.165143 12.689070
v -1.359681 69.165143 12.503797
v -2.022119 69.165143 12.689070
v -2.296509 69.165143 13.136358
v -2.022119 69.165143 13.583646
v -1.359681 69.165143 13.768919
v -0.697243 69.165143 13.583646
v -0.422852 69.165143 13.136358
v -1.359681 69.335640 13.136358
vt 0.1855469 0.2807812
vt 0.0362500 0.3206562
vt 0.0735742 0.3206562
vt 0.1108984 0.3206562
vt 0.1482227 0.3206562
vt 0.1855469 0.3206562
vt 0.2228711 0.3206562
vt 0.2601953 0.3206562
vt 0.2975195 0.3206562
vt 0.3348437 0.3206562
vt 0.0362500 0.2917812
vt 0.0735742 0.2917812
vt 0.1108984 0.2917812
vt 0.1482227 0.2917812
vt 0.1855469 0.2917812
vt 0.2228711 0.2917812
vt 0.2601953 0.2917812
vt 0.2975195 0.2917812
vt 0.3348437 0.2917812
vt 0.0362500 0.2629063
vt 0.0735742 0.2629063
vt 0.1108984 0.2629063
vt 0.1482227 0.2629063
vt 0.1855469 0.2629063
vt 0.2228711 0.2629063
vt 0.2601953 0.2629063
vt 0.2975195 0.2629063
vt 0.3348437 0.2629063
vt 0.0362500 0.2340313
vt 0.0735742 0.2340313
vt 0.1108984 0.2340313
vt 0.1482227 0.2340313
vt 0.1855469 0.2340313
vt 0.2228711 0.2340313
vt 0.2601953 0.2340313
vt 0.2975195 0.2340313
vt 0.3348437 0.2340313
vt 0.1855469 0.2807812
vn 0.0000000 -1.0000000 0.0000000
vn 0.4398942 -0.8925045 -0.0996435
vn 0.2458990 -0.8329590 -0.4956944
vn -0.0607757 -0.8062114 -0.5884976
vn -0.3454980 -0.8598311 -0.3759276
vn -0.4398942 -0.8925045 0.0996435
vn -0.2458990 -0.8329590 0.4956944
vn 0.0607757 -0.8062114 0.5884976
vn 0.3454980 -0.8598311 0.3759276
vn 0.4398942 -0.8925045 -0.0996435
vn 0.8798566 -0.4723048 -0.0527304
vn 0.4876636 -0.3858206 -0.7831517
vn -0.0256795 -0.3406484 -0.9398400
vn -0.5425029 -0.3958216 -0.7409560
vn -0.8798566 -0.4723048 0.0527304
vn -0.4876636 -0.3858206 0.7831517
vn 0.0256795 -0.3406484 0.9398400
vn 0.5425029 -0.3958216 0.7409560
vn 0.8798566 -0.4723048 -0.0527304
vn 0.8798566 0.4723048 0.0527304
vn 0.5425029 0.3958216 -0.7409560
vn 0.0256795 0.3406484 -0.9398400
vn -0.4876636 0.3858206 -0.7831517
vn -0.8798566 0.4723048 -0.0527304
vn -0.5425029 0.3958216 0.7409560
vn -0.0256795 0.3406484 0.9398400
vn 0.4876636 0.3858206 0.7831517
vn 0.8798566 0.4723048 0.0527304
vn 0.4398942 0.8925045 0.0996435
vn 0.3454980 0.8598311 -0.3759276
vn 0.0607757 0.8062114 -0.5884976
vn -0.2458990 0.8329590 -0.4956944
vn -0.4398942 0.8925045 -0.0996435
vn -0.3454980 0.8598311 0.3759276
vn -0.0607757 0.8062114 0.5884976
vn 0.2458990 0.8329590 0.4956944
vn 0.4398942 0.8925045 0.0996435
vn 0.0000000 1.0000000 -0.0000000
s 1
f 4740/4740/4740 4742/4742/4742 4741/4741/4741
f 4740/4740/4740 4743/4743/4743 4742/4742/4742
f 4740/4740/4740 4744/4744/4744 4743/4743/4743
f 4740/4740/4740 4745/4745/4745 4744/4744/4744
f 4740/4740/4740 4746/4746/4746 4745/4745/4745
f 4740/4740/4740 4747/4747/4747 4746/4746/4746
f 4740/4740/4740 4748/4748/4748 4747/4747/4747
f 4740/4740/4740 4749/4749/4749 4748/4748/4748
f 4741/4741/4741 4742/4742/4742 4751/4751/4751
f 4741/4741/4741 4751/4751/4751 4750/4750/4750
f 4742/4742/4742 4743/4743/4743 4752/4752/4752
f 4742/4742/4742 4752/4752/4752 4751/4751/4751
f 4743/4743/4743 4744/4744/4744 4753/4753/4753
f 4743/4743/4743 4753/4753/4753 4752/4752/4752
f 4744/4744/4744 4745/4745/4745 4754/4754/4754
f 4744/4744/4744 4754/4754/4754 4753/4753/4753
f 4745/4745/4745 4746/4746/4746 4755/4755/4755
f 4745/4745/4745 4755/4755/4755 4754/4754/4754
f 4746/4746/4746 4747/4747/4747 4756/4756/4756
f 4746/4746/4746 4756/4756/4756 4755/4755/4755
f 4747/4747/4747 4748/4748/4748 4757/4757/4757
f 4747/4747/4747 4757/4757/4757 4756/4756/4756
f 4748/4748/4748 4749/4749/4749 4758/4758/4758
f 4748/4748/4748 4758/4758/4758 4757/4757/4757
f 4750/4750/4750 4751/4751/4751 4760/4760/4760
f 4750/4750/4750 4760/4760/4760 4759/4759/4759
f 4751/4751/4751 4752/4752/4752 4761/4761/4761
f 4751/4751/4751 4761/4761/4761 4760/4760/4760
f 4752/4752/4752 4753/4753/4753 4762/4762/4762
f 4752/4752/4752 4762/4762/4762 4761/4761/4761
f 4753/4753/4753 4754/4754/4754 4763/4763/4763
f 4753/4753/4753 4763/4763/4763 4762/4762/4762
f 4754/4754/4754 4755/4755/4755 4764/4764/4764
f 4754/4754/4754 4764/4764/4764 4763/4763/4763
f 4755/4755/4755 4756/4756/4756 4765/4765/4765
f 4755/4755/4755 4765/4765/4765 4764/4764/4764
f 4756/4756/4756 4757/4757/4757 4766/4766/4766
f 4756/4756/4756 4766/4766/4766 4765/4765/4765
f 4757/4757/4757 4758/4758/4758 4767/4767/4767
f 4757/4757/4757 4767/4767/4767 4766/4766/4766
f 4759/4759/4759 4760/4760/4760 4769/4769/4769
f 4759/4759/4759 4769/4769/4769 4768/4768/4768
f 4760/4760/4760 4761/4761/4761 4770/4770/4770
f 4760/4760/4760 4770/4770/4770 4769/4769/4769
f 4761/4761/4761 4762/4762/4762 4771/4771/4771
f 4761/4761/4761 4771/4771/4771 4770/4770/4770
f 4762/4762/4762 4763/4763/4763 4772/4772/4772
f 4762/4762/4762 4772/4772/4772 4771/4771/4771
f 4763/4763/4763 4764/4764/4764 4773/4773/4773
f 4763/4763/4763 4773/4773/4773 4772/4772/4772
f 4764/4764/4764 4765/4765/4765 4774/4774/4774
f 4764/4764/4764 4774/4774/4774 4773/4773/4773
f 4765/4765/4765 4766/4766/4766 4775/4775/4775
f 4765/4765/4765 4775/4775/4775 4774/4774/4774
f 4766/4766/4766 4767/4767/4767 4776/4776/4776
f 4766/4766/4766 4776/4776/4776 4775/4775/4775
f 4768/4768/4768 4769/4769/4769 4777/4777/4777
f 4769/4769/4769 4770/4770/4770 4777/4777/4777
f 4770/4770/4770 4771/4771/4771 4777/4777/4777
f 4771/4771/4771 4772/4772/4772 4777/4777/4777
f 4772/4772/4772 4773/4773/4773 4777/4777/4777
f 4773/4773/4773 4774/4774/4774 4777/4777/4777
f 4774/4774/4774 4775/4775/4775 4777/4777/4777
f 4775/4775/4775 4776/4776/4776 4777/4777/4777
o Wart_16
v 8.120763 69.038062 -8.541818
v 9.057592 69.208559 -8.541818
v 8.783201 69.208559 -8.989106
v 8.120763 69.208559 -9.174379
v 7.458325 69.208559 -8.989106
v 7.183935 69.208559 -8.541818
v 7.458325 69.208559 -8.094530
v 8.120763 69.208559 -7.909257
v 8.783201 69.208559 -8.094530
v 9.057592 69.208559 -8.541818
v 9.636584 69.654926 -8.541818
v 9.192610 69.654926 -9.265545
v 8.120763 69.654926 -9.565323
v 7.048916 69.654926 -9.265545
v 6.604943 69.654926 -8.541818
v 7.048916 69.654926 -7.818091
v 8.120763 69.654926 -7.518313
v 9.192610 69.654926 -7.818091
v 9.636584 69.654926 -8.541818
v 9.636584 70.206666 -8.541818
v 9.192610 70.206666 -9.265545
v 8.120763 70.206666 -9.565323
v 7.048916 70.206666 -9.265545
v 6.604943 70.206666 -8.541818
v 7.048916 70.206666 -7.818091
v 8.120763 70.206666 -7.518313
v 9.192610 70.206666 -7.818091
v 9.636584 70.206666 -8.541818
v 9.057592 70.653032 -8.541818
v 8.783201 70.653032 -8.989106
v 8.120763 70.653032 -9.174379
v 7.458325 70.653032 -8.989106
v 7.183935 70.653032 -8.541818
v 7.458325 70.653032 -8.094530
v 8.120763 70.653032 -7.909257
v 8.783201 70.653032 -8.094530
v 9.057592 70.653032 -8.541818
v 8.120763 70.823529 -8.541818
vt 0.1855469 0.2807812
vt 0.0362500 0.3206562
vt 0.0735742 0.3206562
vt 0.1108984 0.3206562
vt 0.1482227 0.3206562
vt 0.1855469 0.3206562
vt 0.2228711 0.3206562
vt 0.2601953 0.3206562
vt 0.2975195 0.3206562
vt 0.3348437 0.3206562
vt 0.0362500 0.2917812
vt 0.0735742 0.2917812
vt 0.1108984 0.2917812
vt 0.1482227 0.2917812
vt 0.1855469 0.2917812
vt 0.2228711 0.2917812
vt 0.2601953 0.2917812
vt 0.2975195 0.2917812
vt 0.3348437 0.2917812
vt 0.0362500 0.2629063
vt 0.0735742 0.2629063
vt 0.1108984 0.2629063
vt 0.1482227 0.2629063
vt 0.1855469 0.2629063
vt 0.2228711 0.2629063
vt 0.2601953 0.2629063
vt 0.2975195 0.2629063
vt 0.3348437 0.2629063
vt 0.0362500 0.2340313
vt 0.0735742 0.2340313
vt 0.1108984 0.2340313
vt 0.1482227 0.2340313
vt 0.1855469 0.2340313
vt 0.2228711 0.2340313
vt 0.2601953 0.2340313
vt 0.2975195 0.2340313
vt 0.3348437 0.2340313
vt 0.1855469 0.2807812
vn 0.0000000 -1.0000000 -0.0000000
vn 0.4398942 -0.8925045 -0.0996435
vn 0.2458990 -0.8329590 -0.4956944
vn -0.0607757 -0.8062114 -0.5884976
vn -0.3454980 -0.8598311 -0.3759276
vn -0.4398942 -0.8925045 0.0996435
vn -0.2458990 -0.8329590 0.4956944
vn 0.0607757 -0.8062114 0.5884976
vn 0.3454980 -0.8598311 0.3759276
vn 0.4398942 -0.8925045 -0.0996435
vn 0.8798566 -0.4723048 -0.0527304
vn 0.4876636 -0.3858206 -0.7831517
vn -0.0256795 -0.3406484 -0.9398400
vn -0.5425029 -0.3958216 -0.7409560
vn -0.8798566 -0.4723048 0.0527304
vn -0.4876636 -0.3858206 0.7831517
vn 0.0256795 -0.3406484 0.9398400
vn 0.5425029 -0.3958216 0.7409560
vn 0.8798566 -0.4723048 -0.0527304
vn 0.8798566 0.4723048 0.0527304
vn 0.5425029 0.3958216 -0.7409560
vn 0.0256795 0.3406484 -0.9398400
vn -0.4876636 0.3858206 -0.7831517
vn -0.8798566 0.4723048 -0.0527304
vn -0.5425029 0.3958216 0.7409560
vn -0.0256795 0.3406484 0.9398400
vn 0.4876636 0.3858206 0.7831517
vn 0.8798566 0.4723048 0.0527304
vn 0.4398942 0.8925045 0.0996435
vn 0.3454980 0.8598311 -0.3759276
vn 0.0607757 0.8062114 -0.5884976
vn -0.2458990 0.8329590 -0.4956944
vn -0.4398942 0.8925045 -0.0996435
vn -0.3454980 0.8598311 0.3759276
vn -0.0607757 0.8062114 0.5884976
vn 0.2458990 0.8329590 0.4956944
vn 0.4398942 0.8925045 0.0996435
vn 0.0000000 1.0000000 -0.0000000
s 1
f 4778/4778/4778 4780/4780/4780 4779/4779/4779
f 4778/4778/4778 4781/4781/4781 4780/4780/4780
f 4778/4778/4778 4782/4782/4782 4781/4781/4781
f 4778/4778/4778 4783/4783/4783 4782/4782/4782
f 4778/4778/4778 4784/4784/4784 4783/4783/4783
f 4778/4778/4778 4785/4785/4785 4784/4784/4784
f 4778/4778/4778 4786/4786/4786 4785/4785/4785
f 4778/4778/4778 4787/4787/4787 4786/4786/4786
f 4779/4779/4779 4780/4780/4780 4789/4789/4789
f 4779/4779/4779 4789/4789/4789 4788/4788/4788
f 4780/4780/4780 4781/4781/4781 4790/4790/4790
f 4780/4780/4780 4790/4790/4790 4789/4789/4789
f 4781/4781/4781 4782/4782/4782 4791/4791/4791
f 4781/4781/4781 4791/4791/4791 4790/4790/4790
f 4782/4782/4782 4783/4783/4783 4792/4792/4792
f 4782/4782/4782 4792/4792/4792 4791/4791/4791
f 4783/4783/4783 4784/4784/4784 4793/4793/4793
f 4783/4783/4783 4793/4793/4793 4792/4792/4792
f 4784/4784/4784 4785/4785/4785 4794/4794/4794
f 4784/4784/4784 4794/4794/4794 4793/4793/4793
f 4785/4785/4785 4786/4786/4786 4795/4795/4795
f 4785/4785/4785 4795/4795/4795 4794/4794/4794
f 4786/4786/4786 4787/4787/4787 4796/4796/4796
f 4786/4786/4786 4796/4796/4796 4795/4795/4795
f 4788/4788/4788 4789/4789/4789 4798/4798/4798
f 4788/4788/4788 4798/4798/4798 4797/4797/4797
f 4789/4789/4789 4790/4790/4790 4799/4799/4799
f 4789/4789/4789 4799/4799/4799 4798/4798/4798
f 4790/4790/4790 4791/4791/4791 4800/4800/4800
f 4790/4790/4790 4800/4800/4800 4799/4799/4799
f 4791/4791/4791 4792/4792/4792 4801/4801/4801
f 4791/4791/4791 4801/4801/4801 4800/4800/4800
f 4792/4792/4792 4793/4793/4793 4802/4802/4802
f 4792/4792/4792 4802/4802/4802 4801/4801/4801
f 4793/4793/4793 4794/4794/4794 4803/4803/4803
f 4793/4793/4793 4803/4803/4803 4802/4802/4802
f 4794/4794/4794 4795/4795/4795 4804/4804/4804
f 4794/4794/4794 4804/4804/4804 4803/4803/4803
f 4795/4795/4795 4796/4796/4796 4805/4805/4805
f 4795/4795/4795 4805/4805/4805 4804/4804/4804
f 4797/4797/4797 4798/4798/4798 4807/4807/4807
f 4797/4797/4797 4807/4807/4807 4806/4806/4806
f 4798/4798/4798 4799/4799/4799 4808/4808/4808
f 4798/4798/4798 4808/4808/4808 4807/4807/4807
f 4799/4799/4799 4800/4800/4800 4809/4809/4809
f 4799/4799/4799 4809/4809/4809 4808/4808/4808
f 4800/4800/4800 4801/4801/4801 4810/4810/4810
f 4800/4800/4800 4810/4810/4810 4809/4809/4809
f 4801/4801/4801 4802/4802/4802 4811/4811/4811
f 4801/4801/4801 4811/4811/4811 4810/4810/4810
f 4802/4802/4802 4803/4803/4803 4812/4812/4812
f 4802/4802/4802 4812/4812/4812 4811/4811/4811
f 4803/4803/4803 4804/4804/4804 4813/4813/4813
f 4803/4803/4803 4813/4813/4813 4812/4812/4812
f 4804/4804/4804 4805/4805/4805 4814/4814/4814
f 4804/4804/4804 4814/4814/4814 4813/4813/4813
f 4806/4806/4806 4807/4807/4807 4815/4815/4815
f 4807/4807/4807 4808/4808/4808 4815/4815/4815
f 4808/4808/4808 4809/4809/4809 4815/4815/4815
f 4809/4809/4809 4810/4810/4810 4815/4815/4815
f 4810/4810/4810 4811/4811/4811 4815/4815/4815
f 4811/4811/4811 4812/4812/4812 4815/4815/4815
f 4812/4812/4812 4813/4813/4813 4815/4815/4815
f 4813/4813/4813 4814/4814/4814 4815/4815/4815
o Wart_17
v -10.616719 45.231834 -0.538992
v -9.679890 45.402331 -0.538992
v -9.954281 45.402331 -0.986280
v -10.616719 45.402331 -1.171553
v -11.279157 45.402331 -0.986280
v -11.553548 45.402331 -0.538992
v -11.279157 45.402331 -0.091704
v -10.616719 45.402331 0.093568
v -9.954281 45.402331 -0.091704
v -9.679890 45.402331 -0.538992
v -9.100898 45.848698 -0.538992
v -9.544872 45.848698 -1.262719
v -10.616719 45.848698 -1.562497
v -11.688566 45.848698 -1.262719
v -12.132539 45.848698 -0.538992
v -11.688566 45.848698 0.184735
v -10.616719 45.848698 0.484512
v -9.544872 45.848698 0.184735
v -9.100898 45.848698 -0.538992
v -9.100898 46.400437 -0.538992
v -9.544872 46.400437 -1.262719
v -10.616719 46.400437 -1.562497
v -11.688566 46.400437 -1.262719
v -12.132539 46.400437 -0.538992
v -11.688566 46.400437 0.184735
v -10.616719 46.400437 0.484512
v -9.544872 46.400437 0.184735
v -9.100898 46.400437 -0.538992
v -9.679890 46.846804 -0.538992
v -9.954281 46.846804 -0.986280
v -10.616719 46.846804 -1.171553
v -11.279157 46.846804 -0.986280
v -11.553548 46.846804 -0.538992
v -11.279157 46.846804 -0.091704
v -10.616719 46.846804 0.093568
v -9.954281 46.846804 -0.091704
v -9.679890 46.846804 -0.538992
v -10.616719 47.017301 -0.538992
vt 0.1855469 0.2807812
vt 0.0362500 0.3206562
vt 0.0735742 0.3206562
vt 0.1108984 0.3206562
vt 0.1482227 0.3206562
vt 0.1855469 0.3206562
vt 0.2228711 0.3206562
vt 0.2601953 0.3206562
vt 0.2975195 0.3206562
vt 0.3348437 0.3206562
vt 0.0362500 0.2917812
vt 0.0735742 0.2917812
vt 0.1108984 0.2917812
vt 0.1482227 0.2917812
vt 0.1855469 0.2917812
vt 0.2228711 0.2917812
vt 0.2601953 0.2917812
vt 0.2975195 0.2917812
vt 0.3348437 0.2917812
vt 0.0362500 0.2629063
vt 0.0735742 0.2629063
vt 0.1108984 0.2629063
vt 0.1482227 0.2629063
vt 0.1855469 0.2629063
vt 0.2228711 0.2629063
vt 0.2601953 0.2629063
vt 0.2975195 0.2629063
vt 0.3348437 0.2629063
vt 0.0362500 0.2340313
vt 0.0735742 0.2340313
vt 0.1108984 0.2340313
vt 0.1482227 0.2340313
vt 0.1855469 0.2340313
vt 0.2228711 0.2340313
vt 0.2601953 0.2340313
vt 0.2975195 0.2340313
vt 0.3348437 0.2340313
vt 0.1855469 0.2807812
vn -0.0000000 -1.0000000 -0.0000000
vn 0.4398942 -0.8925045 -0.0996435
vn 0.2458990 -0.8329590 -0.4956944
vn -0.0607757 -0.8062114 -0.5884976
vn -0.3454980 -0.8598311 -0.3759276
vn -0.4398942 -0.8925045 0.0996435
vn -0.2458990 -0.8329590 0.4956944
vn 0.0607757 -0.8062114 0.5884976
vn 0.3454980 -0.8598311 0.3759276
vn 0.4398942 -0.8925045 -0.0996435
vn 0.8798566 -0.4723048 -0.0527304
vn 0.4876636 -0.3858206 -0.7831517
vn -0.0256795 -0.3406484 -0.9398400
vn -0.5425029 -0.3958216 -0.7409560
vn -0.8798566 -0.4723048 0.0527304
vn -0.4876636 -0.3858206 0.7831517
vn 0.0256795 -0.3406484 0.9398400
vn 0.5425029 -0.3958216 0.7409560
vn 0.8798566 -0.4723048 -0.0527304
vn 0.8798566 0.4723048 0.0527304
vn 0.5425029 0.3958216 -0.7409560
vn 0.0256795 0.3406484 -0.9398400
vn -0.4876636 0.3858206 -0.7831517
vn -0.8798566 0.4723048 -0.0527304
vn -0.5425029 0.3958216 0.7409560
vn -0.0256795 0.3406484 0.9398400
vn 0.4876636 0.3858206 0.7831517
vn 0.8798566 0.4723048 0.0527304
vn 0.4398942 0.8925045 0.0996435
vn 0.3454980 0.8598311 -0.3759276
vn 0.0607757 0.8062114 -0.5884976
vn -0.2458990 0.8329590 -0.4956944
vn -0.4398942 0.8925045 -0.0996435
vn -0.3454980 0.8598311 0.3759276
vn -0.0607757 0.8062114 0.5884976
vn 0.2458990 0.8329590 0.4956944
vn 0.4398942 0.8925045 0.0996435
vn 0.0000000 1.0000000 -0.0000000
s 1
f 4816/4816/4816 4818/4818/4818 4817/4817/4817
f 4816/4816/4816 4819/4819/4819 4818/4818/4818
f 4816/4816/4816 4820/4820/4820 4819/4819/4819
f 4816/4816/4816 4821/4821/4821 4820/4820/4820
f 4816/4816/4816 4822/4822/4822 4821/4821/4821
f 4816/4816/4816 4823/4823/4823 4822/4822/4822
f 4816/4816/4816 4824/4824/4824 4823/4823/4823
f 4816/4816/4816 4825/4825/4825 4824/4824/4824
f 4817/4817/4817 4818/4818/4818 4827/4827/4827
f 4817/4817/4817 4827/4827/4827 4826/4826/4826
f 4818/4818/4818 4819/4819/4819 4828/4828/4828
f 4818/4818/4818 4828/4828/4828 4827/4827/4827
f 4819/4819/4819 4820/4820/4820 4829/4829/4829
f 4819/4819/4819 4829/4829/4829 4828/4828/4828
f 4820/4820/4820 4821/4821/4821 4830/4830/4830
f 4820/4820/4820 4830/4830/4830 4829/4829/4829
f 4821/4821/4821 4822/4822/4822 4831/4831/4831
f 4821/4821/4821 4831/4831/4831 4830/4830/4830
f 4822/4822/4822 4823/4823/4823 4832/4832/4832
f 4822/4822/4822 4832/4832/4832 4831/4831/4831
f 4823/4823/4823 4824/4824/4824 4833/4833/4833
f 4823/4823/4823 4833/4833/4833 4832/4832/4832
f 4824/4824/4824 4825/4825/4825 4834/4834/4834
f 4824/4824/4824 4834/4834/4834 4833/4833/4833
f 4826/4826/4826 4827/4827/4827 4836/4836/4836
f 4826/4826/4826 4836/4836/4836 4835/4835/4835
f 4827/4827/4827 4828/4828/4828 4837/4837/4837
f 4827/4827/4827 4837/4837/4837 4836/4836/4836
f 4828/4828/4828 4829/4829/4829 4838/4838/4838
f 4828/4828/4828 4838/4838/4838 4837/4837/4837
f 4829/4829/4829 4830/4830/4830 4839/4839/4839
f 4829/4829/4829 4839/4839/4839 4838/4838/4838
f 4830/4830/4830 4831/4831/4831 4840/4840/4840
f 4830/4830/4830 4840/4840/4840 4839/4839/4839
f 4831/4831/4831 4832/4832/4832 4841/4841/4841
f 4831/4831/4831 4841/4841/4841 4840/4840/4840
f 4832/4832/4832 4833/4833/4833 4842/4842/4842
f 4832/4832/4832 4842/4842/4842 4841/4841/4841
f 4833/4833/4833 4834/4834/4834 4843/4843/4843
f 4833/4833/4833 4843/4843/4843 4842/4842/4842
f 4835/4835/4835 4836/4836/4836 4845/4845/4845
f 4835/4835/4835 4845/4845/4845 4844/4844/4844
f 4836/4836/4836 4837/4837/4837 4846/4846/4846
f 4836/4836/4836 4846/4846/4846 4845/4845/4845
f 4837/4837/4837 4838/4838/4838 4847/4847/4847
f 4837/4837/4837 4847/4847/4847 4846/4846/4846
f 4838/4838/4838 4839/4839/4839 4848/4848/4848
f 4838/4838/4838 4848/4848/4848 4847/4847/4847
f 4839/4839/4839 4840/4840/4840 4849/4849/4849
f 4839/4839/4839 4849/4849/4849 4848/4848/4848
f 4840/4840/4840 4841/4841/4841 4850/4850/4850
f 4840/4840/4840 4850/4850/4850 4849/4849/4849
f 4841/4841/4841 4842/4842/4842 4851/4851/4851
f 4841/4841/4841 4851/4851/4851 4850/4850/4850
f 4842/4842/4842 4843/4843/4843 4852/4852/4852
f 4842/4842/4842 4852/4852/4852 4851/4851/4851
f 4844/4844/4844 4845/4845/4845 4853/4853/4853
f 4845/4845/4845 4846/4846/4846 4853/4853/4853
f 4846/4846/4846 4847/4847/4847 4853/4853/4853
f 4847/4847/4847 4848/4848/4848 4853/4853/4853
f 4848/4848/4848 4849/4849/4849 4853/4853/4853
f 4849/4849/4849 4850/4850/4850 4853/4853/4853
f 4850/4850/4850 4851/4851/4851 4853/4853/4853
f 4851/4851/4851 4852/4852/4852 4853/4853/4853
o Wart_18
v 7.536640 46.719723 9.336717
v 8.473469 46.890220 9.336717
v 8.199078 46.890220 8.889429
v 7.536640 46.890220 8.704156
v 6.874202 46.890220 8.889429
v 6.599812 46.890220 9.336717
v 6.874202 46.890220 9.784005
v 7.536640 46.890220 9.969278
v 8.199078 46.890220 9.784005
v 8.473469 46.890220 9.336717
v 9.052461 47.336587 9.336717
v 8.608487 47.336587 8.612990
v 7.536640 47.336587 8.313212
v 6.464793 47.336587 8.612990
v 6.020820 47.336587 9.336717
v 6.464793 47.336587 10.060444
v 7.536640 47.336587 10.360222
v 8.608487 47.336587 10.060444
v 9.052461 47.336587 9.336717
v 9.052461 47.888327 9.336717
v 8.608487 47.888327 8.612990
v 7.536640 47.888327 8.313212
v 6.464793 47.888327 8.612990
v 6.020820 47.888327 9.336717
v 6.464793 47.888327 10.060444
v 7.536640 47.888327 10.360222
v 8.608487 47.888327 10.060444
v 9.052461 47.888327 9.336717
v 8.473469 48.334693 9.336717
v 8.199078 48.334693 8.889429
v 7.536640 48.334693 8.704156
v 6.874202 48.334693 8.889429
v 6.599812 48.334693 9.336717
v 6.874202 48.334693 9.784005
v 7.536640 48.334693 9.969278
v 8.199078 48.334693 9.784005
v 8.473469 48.334693 9.336717
v 7.536640 48.505190 9.336717
vt 0.1855469 0.2807812
vt 0.0362500 0.3206562
vt 0.0735742 0.3206562
vt 0.1108984 0.3206562
vt 0.1482227 0.3206562
vt 0.1855469 0.3206562
vt 0.2228711 0.3206562
vt 0.2601953 0.3206562
vt 0.2975195 0.3206562
vt 0.3348437 0.3206562
vt 0.0362500 0.2917812
vt 0.0735742 0.2917812
vt 0.1108984 0.2917812
vt 0.1482227 0.2917812
vt 0.1855469 0.2917812
vt 0.2228711 0.2917812
vt 0.2601953 0.2917812
vt 0.2975195 0.2917812
vt 0.3348437 0.2917812
vt 0.0362500 0.2629063
vt 0.0735742 0.2629063
vt 0.1108984 0.2629063
vt 0.1482227 0.2629063
vt 0.1855469 0.2629063
vt 0.2228711 0.2629063
vt 0.2601953 0.2629063
vt 0.2975195 0.2629063
vt 0.3348437 0.2629063
vt 0.0362500 0.2340313
vt 0.0735742 0.2340313
vt 0.1108984 0.2340313
vt 0.1482227 0.2340313
vt 0.1855469 0.2340313
vt 0.2228711 0.2340313
vt 0.2601953 0.2340313
vt 0.2975195 0.2340313
vt 0.3348437 0.2340313
vt 0.1855469 0.2807812
vn 0.0000000 -1.0000000 0.0000000
vn 0.4398942 -0.8925045 -0.0996435
vn 0.2458990 -0.8329590 -0.4956944
vn -0.0607757 -0.8062114 -0.5884976
vn -0.3454980 -0.8598311 -0.3759276
vn -0.4398942 -0.8925045 0.0996435
vn -0.2458990 -0.8329590 0.4956944
vn 0.0607757 -0.8062114 0.5884976
vn 0.3454980 -0.8598311 0.3759276
vn 0.4398942 -0.8925045 -0.0996435
vn 0.8798566 -0.4723048 -0.0527304
vn 0.4876636 -0.3858206 -0.7831517
vn -0.0256795 -0.3406484 -0.9398400
vn -0.5425029 -0.3958216 -0.7409560
vn -0.8798566 -0.4723048 0.0527304
vn -0.4876636 -0.3858206 0.7831517
vn 0.0256795 -0.3406484 0.9398400
vn 0.5425029 -0.3958216 0.7409560
vn 0.8798566 -0.4723048 -0.0527304
vn 0.8798566 0.4723048 0.0527304
vn 0.5425029 0.3958216 -0.7409560
vn 0.0256795 0.3406484 -0.9398400
vn -0.4876636 0.3858206 -0.7831517
vn -0.8798566 0.4723048 -0.0527304
vn -0.5425029 0.3958216 0.7409560
vn -0.0256795 0.3406484 0.9398400
vn 0.4876636 0.3858206 0.7831517
vn 0.8798566 0.4723048 0.0527304
vn 0.4398942 0.8925045 0.0996435
vn 0.3454980 0.8598311 -0.3759276
vn 0.0607757 0.8062114 -0.5884976
vn -0.2458990 0.8329590 -0.4956944
vn -0.4398942 0.8925045 -0.0996435
vn -0.3454980 0.8598311 0.3759276
vn -0.0607757 0.8062114 0.5884976
vn 0.2458990 0.8329590 0.4956944
vn 0.4398942 0.8925045 0.0996435
vn 0.0000000 1.0000000 0.0000000
s 1
f 4854/4854/4854 4856/4856/4856 4855/4855/4855
f 4854/4854/4854 4857/4857/4857 4856/4856/4856
f 4854/4854/4854 4858/4858/4858 4857/4857/4857
f 4854/4854/4854 4859/4859/4859 4858/4858/4858
f 4854/4854/4854 4860/4860/4860 4859/4859/4859
f 4854/4854/4854 4861/4861/4861 4860/4860/4860
f 4854/4854/4854 4862/4862/4862 4861/4861/4861
f 4854/4854/4854 4863/4863/4863 4862/4862/4862
f 4855/4855/4855 4856/4856/4856 4865/4865/4865
f 4855/4855/4855 4865/4865/4865 4864/4864/4864
f 4856/4856/4856 4857/4857/4857 4866/4866/4866
f 4856/4856/4856 4866/4866/4866 4865/4865/4865
f 4857/4857/4857 4858/4858/4858 4867/4867/4867
f 4857/4857/4857 4867/4867/4867 4866/4866/4866
f 4858/4858/4858 4859/4859/4859 4868/4868/4868
f 4858/4858/4858 4868/4868/4868 4867/4867/4867
f 4859/4859/4859 4860/4860/4860 4869/4869/4869
f 4859/4859/4859 4869/4869/4869 4868/4868/4868
f 4860/4860/4860 4861/4861/4861 4870/4870/4870
f 4860/4860/4860 4870/4870/4870 4869/4869/4869
f 4861/4861/4861 4862/4862/4862 4871/4871/4871
f 4861/4861/4861 4871/4871/4871 4870/4870/4870
f 4862/4862/4862 4863/4863/4863 4872/4872/4872
f 4862/4862/4862 4872/4872/4872 4871/4871/4871
f 4864/4864/4864 4865/4865/4865 4874/4874/4874
f 4864/4864/4864 4874/4874/4874 4873/4873/4873
f 4865/4865/4865 4866/4866/4866 4875/4875/4875
f 4865/4865/4865 4875/4875/4875 4874/4874/4874
f 4866/4866/4866 4867/4867/4867 4876/4876/4876
f 4866/4866/4866 4876/4876/4876 4875/4875/4875
f 4867/4867/4867 4868/4868/4868 4877/4877/4877
f 4867/4867/4867 4877/4877/4877 4876/4876/4876
f 4868/4868/4868 4869/4869/4869 4878/4878/4878
f 4868/4868/4868 4878/4878/4878 4877/4877/4877
f 4869/4869/4869 4870/4870/4870 4879/4879/4879
f 4869/4869/4869 4879/4879/4879 4878/4878/4878
f 4870/4870/4870 4871/4871/4871 4880/4880/4880
f 4870/4870/4870 4880/4880/4880 4879/4879/4879
f 4871/4871/4871 4872/4872/4872 4881/4881/4881
f 4871/4871/4871 4881/4881/4881 4880/4880/4880
f 4873/4873/4873 4874/4874/4874 4883/4883/4883
f 4873/4873/4873 4883/4883/4883 4882/4882/4882
f 4874/4874/4874 4875/4875/4875 4884/4884/4884
f 4874/4874/4874 4884/4884/4884 4883/4883/4883
f 4875/4875/4875 4876/4876/4876 4885/4885/4885
f 4875/4875/4875 4885/4885/4885 4884/4884/4884
f 4876/4876/4876 4877/4877/4877 4886/4886/4886
f 4876/4876/4876 4886/4886/4886 4885/4885/4885
f 4877/4877/4877 4878/4878/4878 4887/4887/4887
f 4877/4877/4877 4887/4887/4887 4886/4886/4886
f 4878/4878/4878 4879/4879/4879 4888/4888/4888
f 4878/4878/4878 4888/4888/4888 4887/4887/4887
f 4879/4879/4879 4880/4880/4880 4889/4889/4889
f 4879/4879/4879 4889/4889/4889 4888/4888/4888
f 4880/4880/4880 4881/4881/4881 4890/4890/4890
f 4880/4880/4880 4890/4890/4890 4889/4889/4889
f 4882/4882/4882 4883/4883/4883 4891/4891/4891
f 4883/4883/4883 4884/4884/4884 4891/4891/4891
f 4884/4884/4884 4885/4885/4885 4891/4891/4891
f 4885/4885/4885 4886/4886/4886 4891/4891/4891
f 4886/4886/4886 4887/4887/4887 4891/4891/4891
f 4887/4887/4887 4888/4888/4888 4891/4891/4891
f 4888/4888/4888 4889/4889/4889 4891/4891/4891
f 4889/4889/4889 4890/4890/4890 4891/4891/4891
o Wart_19
v -0.498223 48.207612 -13.230681
v 0.438605 48.378109 -13.230681
v 0.164214 48.378109 -13.677968
v -0.498223 48.378109 -13.863241
v -1.160661 48.378109 -13.677968
v -1.435052 48.378109 -13.230681
v -1.160661 48.378109 -12.783393
v -0.498223 48.378109 -12.598120
v 0.164214 48.378109 -12.783393
v 0.438605 48.378109 -13.230681
v 1.017597 48.824476 -13.230681
v 0.573624 48.824476 -13.954408
v -0.498223 48.824476 -14.254185
v -1.570070 48.824476 -13.954408
v -2.014044 48.824476 -13.230681
v -1.570070 48.824476 -12.506953
v -0.498223 48.824476 -12.207176
v 0.573624 48.824476 -12.506953
v 1.017597 48.824476 -13.230681
v 1.017597 49.376216 -13.230681
v 0.573624 49.376216 -13.954408
v -0.498223 49.376216 -14.254185
v -1.570070 49.376216 -13.954408
v -2.014044 49.376216 -13.230681
v -1.570070 49.376216 -12.506953
v -0.498223 49.376216 -12.207176
v 0.573624 49.376216 -12.506953
v 1.017597 49.376216 -13.230681
v 0.438605 49.822583 -13.230681
v 0.164214 49.822583 -13.677968
v -0.498223 49.822583 -13.863241
v -1.160661 49.822583 -13.677968
v -1.435052 49.822583 -13.230681
v -1.160661 49.822583 -12.783393
v -0.498223 49.822583 -12.598120
v 0.164214 49.822583 -12.783393
v 0.438605 49.822583 -13.230681
v -0.498223 49.993080 -13.230681
vt 0.1855469 0.2807812
vt 0.0362500 0.3206562
vt 0.0735742 0.3206562
vt 0.1108984 0.3206562
vt 0.1482227 0.3206562
vt 0.1855469 0.3206562
vt 0.2228711 0.3206562
vt 0.2601953 0.3206562
vt 0.2975195 0.3206562
vt 0.3348437 0.3206562
vt 0.0362500 0.2917812
vt 0.0735742 0.2917812
vt 0.1108984 0.2917812
vt 0.1482227 0.2917812
vt 0.1855469 0.2917812
vt 0.2228711 0.2917812
vt 0.2601953 0.2917812
vt 0.2975195 0.2917812
vt 0.3348437 0.2917812
vt 0.0362500 0.2629063
vt 0.0735742 0.2629063
vt 0.1108984 0.2629063
vt 0.1482227 0.2629063
vt 0.1855469 0.2629063
vt 0.2228711 0.2629063
vt 0.2601953 0.2629063
vt 0.2975195 0.2629063
vt 0.3348437 0.2629063
vt 0.0362500 0.2340313
vt 0.0735742 0.2340313
vt 0.1108984 0.2340313
vt 0.1482227 0.2340313
vt 0.1855469 0.2340313
vt 0.2228711 0.2340313
vt 0.2601953 0.2340313
vt 0.2975195 0.2340313
vt 0.3348437 0.2340313
vt 0.1855469 0.2807812
vn 0.0000000 -1.0000000 0.0000000
vn 0.4398942 -0.8925045 -0.0996435
vn 0.2458990 -0.8329590 -0.4956944
vn -0.0607757 -0.8062114 -0.5884976
vn -0.3454980 -0.8598311 -0.3759276
vn -0.4398942 -0.8925045 0.0996435
vn -0.2458990 -0.8329590 0.4956944
vn 0.0607757 -0.8062114 0.5884976
vn 0.3454980 -0.8598311 0.3759276
vn 0.4398942 -0.8925045 -0.0996435
vn 0.8798566 -0.4723048 -0.0527304
vn 0.4876636 -0.3858206 -0.7831517
vn -0.0256795 -0.3406484 -0.9398400
vn -0.5425029 -0.3958216 -0.7409560
vn -0.8798566 -0.4723048 0.0527304
vn -0.4876636 -0.3858206 0.7831517
vn 0.0256795 -0.3406484 0.9398400
vn 0.5425029 -0.3958216 0.7409560
vn 0.8798566 -0.4723048 -0.0527304
vn 0.8798566 0.4723048 0.0527304
vn 0.5425029 0.3958216 -0.7409560
vn 0.0256795 0.3406484 -0.9398400
vn -0.4876636 0.3858206 -0.7831517
vn -0.8798566 0.4723048 -0.0527304
vn -0.5425029 0.3958216 0.7409560
vn -0.0256795 0.3406484 0.9398400
vn 0.4876636 0.3858206 0.7831517
vn 0.8798566 0.4723048 0.0527304
vn 0.4398942 0.8925045 0.0996435
vn 0.3454980 0.8598311 -0.3759276
vn 0.0607757 0.8062114 -0.5884976
vn -0.2458990 0.8329590 -0.4956944
vn -0.4398942 0.8925045 -0.0996435
vn -0.3454980 0.8598311 0.3759276
vn -0.0607757 0.8062114 0.5884976
vn 0.2458990 0.8329590 0.4956944
vn 0.4398942 0.8925045 0.0996435
vn 0.0000000 1.0000000 -0.0000000
s 1
f 4892/4892/4892 4894/4894/4894 4893/4893/4893
f 4892/4892/4892 4895/4895/4895 4894/4894/4894
f 4892/4892/4892 4896/4896/4896 4895/4895/4895
f 4892/4892/4892 4897/4897/4897 4896/4896/4896
f 4892/4892/4892 4898/4898/4898 4897/4897/4897
f 4892/4892/4892 4899/4899/4899 4898/4898/4898
f 4892/4892/4892 4900/4900/4900 4899/4899/4899
f 4892/4892/4892 4901/4901/4901 4900/4900/4900
f 4893/4893/4893 4894/4894/4894 4903/4903/4903
f 4893/4893/4893 4903/4903/4903 4902/4902/4902
f 4894/4894/4894 4895/4895/4895 4904/4904/4904
f 4894/4894/4894 4904/4904/4904 4903/4903/4903
f 4895/4895/4895 4896/4896/4896 4905/4905/4905
f 4895/4895/4895 4905/4905/4905 4904/4904/4904
f 4896/4896/4896 4897/4897/4897 4906/4906/4906
f 4896/4896/4896 4906/4906/4906 4905/4905/4905
f 4897/4897/4897 4898/4898/4898 4907/4907/4907
f 4897/4897/4897 4907/4907/4907 4906/4906/4906
f 4898/4898/4898 4899/4899/4899 4908/4908/4908
f 4898/4898/4898 4908/4908/4908 4907/4907/4907
f 4899/4899/4899 4900/4900/4900 4909/4909/4909
f 4899/4899/4899 4909/4909/4909 4908/4908/4908
f 4900/4900/4900 4901/4901/4901 4910/4910/4910
f 4900/4900/4900 4910/4910/4910 4909/4909/4909
f 4902/4902/4902 4903/4903/4903 4912/4912/4912
f 4902/4902/4902 4912/4912/4912 4911/4911/4911
f 4903/4903/4903 4904/4904/4904 4913/4913/4913
f 4903/4903/4903 4913/4913/4913 4912/4912/4912
f 4904/4904/4904 4905/4905/4905 4914/4914/4914
f 4904/4904/4904 4914/4914/4914 4913/4913/4913
f 4905/4905/4905 4906/4906/4906 4915/4915/4915
f 4905/4905/4905 4915/4915/4915 4914/4914/4914
f 4906/4906/4906 4907/4907/4907 4916/4916/4916
f 4906/4906/4906 4916/4916/4916 4915/4915/4915
f 4907/4907/4907 4908/4908/4908 4917/4917/4917
f 4907/4907/4907 4917/4917/4917 4916/4916/4916
f 4908/4908/4908 4909/4909/4909 4918/4918/4918
f 4908/4908/4908 4918/4918/4918 4917/4917/4917
f 4909/4909/4909 4910/4910/4910 4919/4919/4919
f 4909/4909/4909 4919/4919/4919 4918/4918/4918
f 4911/4911/4911 4912/4912/4912 4921/4921/4921
f 4911/4911/4911 4921/4921/4921 4920/4920/4920
f 4912/4912/4912 4913/4913/4913 4922/4922/4922
f 4912/4912/4912 4922/4922/4922 4921/4921/4921
f 4913/4913/4913 4914/4914/4914 4923/4923/4923
f 4913/4913/4913 4923/4923/4923 4922/4922/4922
f 4914/4914/4914 4915/4915/4915 4924/4924/4924
f 4914/4914/4914 4924/4924/4924 4923/4923/4923
f 4915/4915/4915 4916/4916/4916 4925/4925/4925
f 4915/4915/4915 4925/4925/4925 4924/4924/4924
f 4916/4916/4916 4917/4917/4917 4926/4926/4926
f 4916/4916/4916 4926/4926/4926 4925/4925/4925
f 4917/4917/4917 4918/4918/4918 4927/4927/4927
f 4917/4917/4917 4927/4927/4927 4926/4926/4926
f 4918/4918/4918 4919/4919/4919 4928/4928/4928
f 4918/4918/4918 4928/4928/4928 4927/4927/4927
f 4920/4920/4920 4921/4921/4921 4929/4929/4929
f 4921/4921/4921 4922/4922/4922 4929/4929/4929
f 4922/4922/4922 4923/4923/4923 4929/4929/4929
f 4923/4923/4923 4924/4924/4924 4929/4929/4929
f 4924/4924/4924 4925/4925/4925 4929/4929/4929
f 4925/4925/4925 4926/4926/4926 4929/4929/4929
f 4926/4926/4926 4927/4927/4927 4929/4929/4929
f 4927/4927/4927 4928/4928/4928 4929/4929/4929
o Wart_20
v -6.801867 49.695502 10.175724
v -5.865038 49.865999 10.175724
v -6.139429 49.865999 9.728436
v -6.801867 49.865999 9.543164
v -7.464304 49.865999 9.728436
v -7.738695 49.865999 10.175724
v -7.464304 49.865999 10.623012
v -6.801867 49.865999 10.808285
v -6.139429 49.865999 10.623012
v -5.865038 49.865999 10.175724
v -5.286046 50.312365 10.175724
v -5.730020 50.312365 9.451997
v -6.801867 50.312365 9.152220
v -7.873714 50.312365 9.451997
v -8.317687 50.312365 10.175724
v -7.873714 50.312365 10.899451
v -6.801867 50.312365 11.199229
v -5.730020 50.312365 10.899451
v -5.286046 50.312365 10.175724
v -5.286046 50.864105 10.175724
v -5.730020 50.864105 9.451997
v -6.801867 50.864105 9.152220
v -7.873714 50.864105 9.451997
v -8.317687 50.864105 10.175724
v -7.873714 50.864105 10.899451
v -6.801867 50.864105 11.199229
v -5.730020 50.864105 10.899451
v -5.286046 50.864105 10.175724
v -5.865038 51.310472 10.175724
v -6.139429 51.310472 9.728436
v -6.801867 51.310472 9.543164
v -7.464304 51.310472 9.728436
v -7.738695 51.310472 10.175724
v -7.464304 51.310472 10.623012
v -6.801867 51.310472 10.808285
v -6.139429 51.310472 10.623012
v -5.865038 51.310472 10.175724
v -6.801867 51.480969 10.175724
vt 0.1855469 0.2807812
vt 0.0362500 0.3206562
vt 0.0735742 0.3206562
vt 0.1108984 0.3206562
vt 0.1482227 0.3206562
vt 0.1855469 0.3206562
vt 0.2228711 0.3206562
vt 0.2601953 0.3206562
vt 0.2975195 0.3206562
vt 0.3348437 0.3206562
vt 0.0362500 0.2917812
vt 0.0735742 0.2917812
vt 0.1108984 0.2917812
vt 0.1482227 0.2917812
vt 0.1855469 0.2917812
vt 0.2228711 0.2917812
vt 0.2601953 0.2917812
vt 0.2975195 0.2917812
vt 0.3348437 0.2917812
vt 0.0362500 0.2629063
vt 0.0735742 0.2629063
vt 0.1108984 0.2629063
vt 0.1482227 0.2629063
vt 0.1855469 0.2629063
vt 0.2228711 0.2629063
vt 0.2601953 0.2629063
vt 0.2975195 0.2629063
vt 0.3348437 0.2629063
vt 0.0362500 0.2340313
vt 0.0735742 0.2340313
vt 0.1108984 0.2340313
vt 0.1482227 0.2340313
vt 0.1855469 0.2340313
vt 0.2228711 0.2340313
vt 0.2601953 0.2340313
vt 0.2975195 0.2340313
vt 0.3348437 0.2340313
vt 0.1855469 0.2807812
vn 0.0000000 -1.0000000 -0.0000000
vn 0.4398942 -0.8925045 -0.0996435
vn 0.2458990 -0.8329590 -0.4956944
vn -0.0607757 -0.8062114 -0.5884976
vn -0.3454980 -0.8598311 -0.3759276
vn -0.4398942 -0.8925045 0.0996435
vn -0.2458990 -0.8329590 0.4956944
vn 0.0607757 -0.8062114 0.5884976
vn 0.3454980 -0.8598311 0.3759276
vn 0.4398942 -0.8925045 -0.0996435
vn 0.8798566 -0.4723048 -0.0527304
vn 0.4876636 -0.3858206 -0.7831517
vn -0.0256795 -0.3406484 -0.9398400
vn -0.5425029 -0.3958216 -0.7409560
vn -0.8798566 -0.4723048 0.0527304
vn -0.4876636 -0.3858206 0.7831517
vn 0.0256795 -0.3406484 0.9398400
vn 0.5425029 -0.3958216 0.7409560
vn 0.8798566 -0.4723048 -0.0527304
vn 0.8798566 0.4723048 0.0527304
vn 0.5425029 0.3958216 -0.7409560
vn 0.0256795 0.3406484 -0.9398400
vn -0.4876636 0.3858206 -0.7831517
vn -0.8798566 0.4723048 -0.0527304
vn -0.5425029 0.3958216 0.7409560
vn -0.0256795 0.3406484 0.9398400
vn 0.4876636 0.3858206 0.7831517
vn 0.8798566 0.4723048 0.0527304
vn 0.4398942 0.8925045 0.0996435
vn 0.3454980 0.8598311 -0.3759276
vn 0.0607757 0.8062114 -0.5884976
vn -0.2458990 0.8329590 -0.4956944
vn -0.4398942 0.8925045 -0.0996435
vn -0.3454980 0.8598311 0.3759276
vn -0.0607757 0.8062114 0.5884976
vn 0.2458990 0.8329590 0.4956944
vn 0.4398942 0.8925045 0.0996435
vn 0.0000000 1.0000000 0.0000000
s 1
f 4930/4930/4930 4932/4932/4932 4931/4931/4931
f 4930/4930/4930 4933/4933/4933 4932/4932/4932
f 4930/4930/4930 4934/4934/4934 4933/4933/4933
f 4930/4930/4930 4935/4935/4935 4934/4934/4934
f 4930/4930/4930 4936/4936/4936 4935/4935/4935
f 4930/4930/4930 4937/4937/4937 4936/4936/4936
f 4930/4930/4930 4938/4938/4938 4937/4937/4937
f 4930/4930/4930 4939/4939/4939 4938/4938/4938
f 4931/4931/4931 4932/4932/4932 4941/4941/4941
f 4931/4931/4931 4941/4941/4941 4940/4940/4940
f 4932/4932/4932 4933/4933/4933 4942/4942/4942
f 4932/4932/4932 4942/4942/4942 4941/4941/4941
f 4933/4933/4933 4934/4934/4934 4943/4943/4943
f 4933/4933/4933 4943/4943/4943 4942/4942/4942
f 4934/4934/4934 4935/4935/4935 4944/4944/4944
f 4934/4934/4934 4944/4944/4944 4943/4943/4943
f 4935/4935/4935 4936/4936/4936 4945/4945/4945
f 4935/4935/4935 4945/4945/4945 4944/4944/4944
f 4936/4936/4936 4937/4937/4937 4946/4946/4946
f 4936/4936/4936 4946/4946/4946 4945/4945/4945
f 4937/4937/4937 4938/4938/4938 4947/4947/4947
f 4937/4937/4937 4947/4947/4947 4946/4946/4946
f 4938/4938/4938 4939/4939/4939 4948/4948/4948
f 4938/4938/4938 4948/4948/4948 4947/4947/4947
f 4940/4940/4940 4941/4941/4941 4950/4950/4950
f 4940/4940/4940 4950/4950/4950 4949/4949/4949
f 4941/4941/4941 4942/4942/4942 4951/4951/4951
f 4941/4941/4941 4951/4951/4951 4950/4950/4950
f 4942/4942/4942 4943/4943/4943 4952/4952/4952
f 4942/4942/4942 4952/4952/4952 4951/4951/4951
f 4943/4943/4943 4944/4944/4944 4953/4953/4953
f 4943/4943/4943 4953/4953/4953 4952/4952/4952
f 4944/4944/4944 4945/4945/4945 4954/4954/4954
f 4944/4944/4944 4954/4954/4954 4953/4953/4953
f 4945/4945/4945 4946/4946/4946 4955/4955/4955
f 4945/4945/4945 4955/4955/4955 4954/4954/4954
f 4946/4946/4946 4947/4947/4947 4956/4956/4956
f 4946/4946/4946 4956/4956/4956 4955/4955/4955
f 4947/4947/4947 4948/4948/4948 4957/4957/4957
f 4947/4947/4947 4957/4957/4957 4956/4956/4956
f 4949/4949/4949 4950/4950/4950 4959/4959/4959
f 4949/4949/4949 4959/4959/4959 4958/4958/4958
f 4950/4950/4950 4951/4951/4951 4960/4960/4960
f 4950/4950/4950 4960/4960/4960 4959/4959/4959
f 4951/4951/4951 4952/4952/4952 4961/4961/4961
f 4951/4951/4951 4961/4961/4961 4960/4960/4960
f 4952/4952/4952 4953/4953/4953 4962/4962/4962
f 4952/4952/4952 4962/4962/4962 4961/4961/4961
f 4953/4953/4953 4954/4954/4954 4963/4963/4963
f 4953/4953/4953 4963/4963/4963 4962/4962/4962
f 4954/4954/4954 4955/4955/4955 4964/4964/4964
f 4954/4954/4954 4964/4964/4964 4963/4963/4963
f 4955/4955/4955 4956/4956/4956 4965/4965/4965
f 4955/4955/4955 4965/4965/4965 4964/4964/4964
f 4956/4956/4956 4957/4957/4957 4966/4966/4966
f 4956/4956/4956 4966/4966/4966 4965/4965/4965
f 4958/4958/4958 4959/4959/4959 4967/4967/4967
f 4959/4959/4959 4960/4960/4960 4967/4967/4967
f 4960/4960/4960 4961/4961/4961 4967/4967/4967
f 4961/4961/4961 4962/4962/4962 4967/4967/4967
f 4962/4962/4962 4963/4963/4963 4967/4967/4967
f 4963/4963/4963 4964/4964/4964 4967/4967/4967
f 4964/4964/4964 4965/4965/4965 4967/4967/4967
f 4965/4965/4965 4966/4966/4966 4967/4967/4967
o Wart_21
v 10.529531 51.183391 -1.776350
v 11.466359 51.353888 -1.776350
v 11.191969 51.353888 -2.223638
v 10.529531 51.353888 -2.408911
v 9.867093 51.353888 -2.223638
v 9.592702 51.353888 -1.776350
v 9.867093 51.353888 -1.329062
v 10.529531 51.353888 -1.143789
v 11.191969 51.353888 -1.329062
v 11.466359 51.353888 -1.776350
v 12.045351 51.800255 -1.776350
v 11.601378 51.800255 -2.500077
v 10.529531 51.800255 -2.799855
v 9.457684 51.800255 -2.500077
v 9.013710 51.800255 -1.776350
v 9.457684 51.800255 -1.052623
v 10.529531 51.800255 -0.752845
v 11.601378 51.800255 -1.052623
v 12.045351 51.800255 -1.776350
v 12.045351 52.351994 -1.776350
v 11.601378 52.351994 -2.500077
v 10.529531 52.351994 -2.799855
v 9.457684 52.351994 -2.500077
v 9.013710 52.351994 -1.776350
v 9.457684 52.351994 -1.052623
v 10.529531 52.351994 -0.752845
v 11.601378 52.351994 -1.052623
v 12.045351 52.351994 -1.776350
v 11.466359 52.798361 -1.776350
v 11.191969 52.798361 -2.223638
v 10.529531 52.798361 -2.408911
v 9.867093 52.798361 -2.223638
v 9.592702 52.798361 -1.776350
v 9.867093 52.798361 -1.329062
v 10.529531 52.798361 -1.143789
v 11.191969 52.798361 -1.329062
v 11.466359 52.798361 -1.776350
v 10.529531 52.968858 -1.776350
vt 0.1855469 0.2807812
vt 0.0362500 0.3206562
vt 0.0735742 0.3206562
vt 0.1108984 0.3206562
vt 0.1482227 0.3206562
vt 0.1855469 0.3206562
vt 0.2228711 0.3206562
vt 0.2601953 0.3206562
vt 0.2975195 0.3206562
vt 0.3348437 0.3206562
vt 0.0362500 0.2917812
vt 0.0735742 0.2917812
vt 0.1108984 0.2917812
vt 0.1482227 0.2917812
vt 0.1855469 0.2917812
vt 0.2228711 0.2917812
vt 0.2601953 0.2917812
vt 0.2975195 0.2917812
vt 0.3348437 0.2917812
vt 0.0362500 0.2629063
vt 0.0735742 0.2629063
vt 0.1108984 0.2629063
vt 0.1482227 0.2629063
vt 0.1855469 0.2629063
vt 0.2228711 0.2629063
vt 0.2601953 0.2629063
vt 0.2975195 0.2629063
vt 0.3348437 0.2629063
vt 0.0362500 0.2340313
vt 0.0735742 0.2340313
vt 0.1108984 0.2340313
vt 0.1482227 0.2340313
vt 0.1855469 0.2340313
vt 0.2228711 0.2340313
vt 0.2601953 0.2340313
vt 0.2975195 0.2340313
vt 0.3348437 0.2340313
vt 0.1855469 0.2807812
vn 0.0000000 -1.0000000 -0.0000000
vn 0.4398942 -0.8925045 -0.0996435
vn 0.2458990 -0.8329590 -0.4956944
vn -0.0607757 -0.8062114 -0.5884976
vn -0.3454980 -0.8598311 -0.3759276
vn -0.4398942 -0.8925045 0.0996435
vn -0.2458990 -0.8329590 0.4956944
vn 0.0607757 -0.8062114 0.5884976
vn 0.3454980 -0.8598311 0.3759276
vn 0.4398942 -0.8925045 -0.0996435
vn 0.8798566 -0.4723048 -0.0527304
vn 0.4876636 -0.3858206 -0.7831517
vn -0.0256795 -0.3406484 -0.9398400
vn -0.5425029 -0.3958216 -0.7409560
vn -0.8798566 -0.4723048 0.0527304
vn -0.4876636 -0.3858206 0.7831517
vn 0.0256795 -0.3406484 0.9398400
vn 0.5425029 -0.3958216 0.7409560
vn 0.8798566 -0.4723048 -0.0527304
vn 0.8798566 0.4723048 0.0527304
vn 0.5425029 0.3958216 -0.7409560
vn 0.0256795 0.3406484 -0.9398400
vn -0.4876636 0.3858206 -0.7831517
vn -0.8798566 0.4723048 -0.0527304
vn -0.5425029 0.3958216 0.7409560
vn -0.0256795 0.3406484 0.9398400
vn 0.4876636 0.3858206 0.7831517
vn 0.8798566 0.4723048 0.0527304
vn 0.4398942 0.8925045 0.0996435
vn 0.3454980 0.8598311 -0.3759276
vn 0.0607757 0.8062114 -0.5884976
vn -0.2458990 0.8329590 -0.4956944
vn -0.4398942 0.8925045 -0.0996435
vn -0.3454980 0.8598311 0.3759276
vn -0.0607757 0.8062114 0.5884976
vn 0.2458990 0.8329590 0.4956944
vn 0.4398942 0.8925045 0.0996435
vn 0.0000000 1.0000000 0.0000000
s 1
f 4968/4968/4968 4970/4970/4970 4969/4969/4969
f 4968/4968/4968 4971/4971/4971 4970/4970/4970
f 4968/4968/4968 4972/4972/4972 4971/4971/4971
f 4968/4968/4968 4973/4973/4973 4972/4972/4972
f 4968/4968/4968 4974/4974/4974 4973/4973/4973
f 4968/4968/4968 4975/4975/4975 4974/4974/4974
f 4968/4968/4968 4976/4976/4976 4975/4975/4975
f 4968/4968/4968 4977/4977/4977 4976/4976/4976
f 4969/4969/4969 4970/4970/4970 4979/4979/4979
f 4969/4969/4969 4979/4979/4979 4978/4978/4978
f 4970/4970/4970 4971/4971/4971 4980/4980/4980
f 4970/4970/4970 4980/4980/4980 4979/4979/4979
f 4971/4971/4971 4972/4972/4972 4981/4981/4981
f 4971/4971/4971 4981/4981/4981 4980/4980/4980
f 4972/4972/4972 4973/4973/4973 4982/4982/4982
f 4972/4972/4972 4982/4982/4982 4981/4981/4981
f 4973/4973/4973 4974/4974/4974 4983/4983/4983
f 4973/4973/4973 4983/4983/4983 4982/4982/4982
f 4974/4974/4974 4975/4975/4975 4984/4984/4984
f 4974/4974/4974 4984/4984/4984 4983/4983/4983
f 4975/4975/4975 4976/4976/4976 4985/4985/4985
f 4975/4975/4975 4985/4985/4985 4984/4984/4984
f 4976/4976/4976 4977/4977/4977 4986/4986/4986
f 4976/4976/4976 4986/4986/4986 4985/4985/4985
f 4978/4978/4978 4979/4979/4979 4988/4988/4988
f 4978/4978/4978 4988/4988/4988 4987/4987/4987
f 4979/4979/4979 4980/4980/4980 4989/4989/4989
f 4979/4979/4979 4989/4989/4989 4988/4988/4988
f 4980/4980/4980 4981/4981/4981 4990/4990/4990
f 4980/4980/4980 4990/4990/4990 4989/4989/4989
f 4981/4981/4981 4982/4982/4982 4991/4991/4991
f 4981/4981/4981 4991/4991/4991 4990/4990/4990
f 4982/4982/4982 4983/4983/4983 4992/4992/4992
f 4982/4982/4982 4992/4992/4992 4991/4991/4991
f 4983/4983/4983 4984/4984/4984 4993/4993/4993
f 4983/4983/4983 4993/4993/4993 4992/4992/4992
f 4984/4984/4984 4985/4985/4985 4994/4994/4994
f 4984/4984/4984 4994/4994/4994 4993/4993/4993
f 4985/4985/4985 4986/4986/4986 4995/4995/4995
f 4985/4985/4985 4995/4995/4995 4994/4994/4994
f 4987/4987/4987 4988/4988/4988 4997/4997/4997
f 4987/4987/4987 4997/4997/4997 4996/4996/4996
f 4988/4988/4988 4989/4989/4989 4998/4998/4998
f 4988/4988/4988 4998/4998/4998 4997/4997/4997
f 4989/4989/4989 4990/4990/4990 4999/4999/4999
f 4989/4989/4989 4999/4999/4999 4998/4998/4998
f 4990/4990/4990 4991/4991/4991 5000/5000/5000
f 4990/4990/4990 5000/5000/5000 4999/4999/4999
f 4991/4991/4991 4992/4992/4992 5001/5001/5001
f 4991/4991/4991 5001/5001/5001 5000/5000/5000
f 4992/4992/4992 4993/4993/4993 5002/5002/5002
f 4992/4992/4992 5002/5002/5002 5001/5001/5001
f 4993/4993/4993 4994/4994/4994 5003/5003/5003
f 4993/4993/4993 5003/5003/5003 5002/5002/5002
f 4994/4994/4994 4995/4995/4995 5004/5004/5004
f 4994/4994/4994 5004/5004/5004 5003/5003/5003
f 4996/4996/4996 4997/4997/4997 5005/5005/5005
f 4997/4997/4997 4998/4998/4998 5005/5005/5005
f 4998/4998/4998 4999/4999/4999 5005/5005/5005
f 4999/4999/4999 5000/5000/5000 5005/5005/5005
f 5000/5000/5000 5001/5001/5001 5005/5005/5005
f 5001/5001/5001 5002/5002/5002 5005/5005/5005
f 5002/5002/5002 5003/5003/5003 5005/5005/5005
f 5003/5003/5003 5004/5004/5004 5005/5005/5005
o Wart_22
v -8.726953 52.671280 -7.555986
v -7.790125 52.841777 -7.555986
v -8.064515 52.841777 -8.003274
v -8.726953 52.841777 -8.188547
v -9.389391 52.841777 -8.003274
v -9.663782 52.841777 -7.555986
v -9.389391 52.841777 -7.108698
v -8.726953 52.841777 -6.923425
v -8.064515 52.841777 -7.108698
v -7.790125 52.841777 -7.555986
v -7.211133 53.288144 -7.555986
v -7.655106 53.288144 -8.279713
v -8.726953 53.288144 -8.579491
v -9.798800 53.288144 -8.279713
v -10.242774 53.288144 -7.555986
v -9.798800 53.288144 -6.832259
v -8.726953 53.288144 -6.532481
v -7.655106 53.288144 -6.832259
v -7.211133 53.288144 -7.555986
v -7.211133 53.839884 -7.555986
v -7.655106 53.839884 -8.279713
v -8.726953 53.839884 -8.579491
v -9.798800 53.839884 -8.279713
v -10.242774 53.839884 -7.555986
v -9.798800 53.839884 -6.832259
v -8.726953 53.839884 -6.532481
v -7.655106 53.839884 -6.832259
v -7.211133 53.839884 -7.555986
v -7.790125 54.286250 -7.555986
v -8.064515 54.286250 -8.003274
v -8.726953 54.286250 -8.188547
v -9.389391 54.286250 -8.003274
v -9.663782 54.286250 -7.555986
v -9.389391 54.286250 -7.108698
v -8.726953 54.286250 -6.923425
v -8.064515 54.286250 -7.108698
v -7.790125 54.286250 -7.555986
v -8.726953 54.456747 -7.555986
vt 0.1855469 0.2807812
vt 0.0362500 0.3206562
vt 0.0735742 0.3206562
vt 0.1108984 0.3206562
vt 0.1482227 0.3206562
vt 0.1855469 0.3206562
vt 0.2228711 0.3206562
vt 0.2601953 0.3206562
vt 0.2975195 0.3206562
vt 0.3348437 0.3206562
vt 0.0362500 0.2917812
vt 0.0735742 0.2917812
vt 0.1108984 0.2917812
vt 0.1482227 0.2917812
vt 0.1855469 0.2917812
vt 0.2228711 0.2917812
vt 0.2601953 0.2917812
vt 0.2975195 0.2917812
vt 0.3348437 0.2917812
vt 0.0362500 0.2629063
vt 0.0735742 0.2629063
vt 0.1108984 0.2629063
vt 0.1482227 0.2629063
vt 0.1855469 0.2629063
vt 0.2228711 0.2629063
vt 0.2601953 0.2629063
vt 0.2975195 0.2629063
vt 0.3348437 0.2629063
vt 0.0362500 0.2340313
vt 0.0735742 0.2340313
vt 0.1108984 0.2340313
vt 0.1482227 0.2340313
vt 0.1855469 0.2340313
vt 0.2228711 0.2340313
vt 0.2601953 0.2340313
vt 0.2975195 0.2340313
vt 0.3348437 0.2340313
vt 0.1855469 0.2807812
vn 0.0000000 -1.0000000 -0.0000000
vn 0.4398942 -0.8925045 -0.0996435
vn 0.2458990 -0.8329590 -0.4956944
vn -0.0607757 -0.8062114 -0.5884976
vn -0.3454980 -0.8598311 -0.3759276
vn -0.4398942 -0.8925045 0.0996435
vn -0.2458990 -0.8329590 0.4956944
vn 0.0607757 -0.8062114 0.5884976
vn 0.3454980 -0.8598311 0.3759276
vn 0.4398942 -0.8925045 -0.0996435
vn 0.8798566 -0.4723048 -0.0527304
vn 0.4876636 -0.3858206 -0.7831517
vn -0.0256795 -0.3406484 -0.9398400
vn -0.5425029 -0.3958216 -0.7409560
vn -0.8798566 -0.4723048 0.0527304
vn -0.4876636 -0.3858206 0.7831517
vn 0.0256795 -0.3406484 0.9398400
vn 0.5425029 -0.3958216 0.7409560
vn 0.8798566 -0.4723048 -0.0527304
vn 0.8798566 0.4723048 0.0527304
vn 0.5425029 0.3958216 -0.7409560
vn 0.0256795 0.3406484 -0.9398400
vn -0.4876636 0.3858206 -0.7831517
vn -0.8798566 0.4723048 -0.0527304
vn -0.5425029 0.3958216 0.7409560
vn -0.0256795 0.3406484 0.9398400
vn 0.4876636 0.3858206 0.7831517
vn 0.8798566 0.4723048 0.0527304
vn 0.4398942 0.8925045 0.0996435
vn 0.3454980 0.8598311 -0.3759276
vn 0.0607757 0.8062114 -0.5884976
vn -0.2458990 0.8329590 -0.4956944
vn -0.4398942 0.8925045 -0.0996435
vn -0.3454980 0.8598311 0.3759276
vn -0.0607757 0.8062114 0.5884976
vn 0.2458990 0.8329590 0.4956944
vn 0.4398942 0.8925045 0.0996435
vn 0.0000000 1.0000000 -0.0000000
s 1
f 5006/5006/5006 5008/5008/5008 5007/5007/5007
f 5006/5006/5006 5009/5009/5009 5008/5008/5008
f 5006/5006/5006 5010/5010/5010 5009/5009/5009
f 5006/5006/5006 5011/5011/5011 5010/5010/5010
f 5006/5006/5006 5012/5012/5012 5011/5011/5011
f 5006/5006/5006 5013/5013/5013 5012/5012/5012
f 5006/5006/5006 5014/5014/5014 5013/5013/5013
f 5006/5006/5006 5015/5015/5015 5014/5014/5014
f 5007/5007/5007 5008/5008/5008 5017/5017/5017
f 5007/5007/5007 5017/5017/5017 5016/5016/5016
f 5008/5008/5008 5009/5009/5009 5018/5018/5018
f 5008/5008/5008 5018/5018/5018 5017/5017/5017
f 5009/5009/5009 5010/5010/5010 5019/5019/5019
f 5009/5009/5009 5019/5019/5019 5018/5018/5018
f 5010/5010/5010 5011/5011/5011 5020/5020/5020
f 5010/5010/5010 5020/5020/5020 5019/5019/5019
f 5011/5011/5011 5012/5012/5012 5021/5021/5021
f 5011/5011/5011 5021/5021/5021 5020/5020/5020
f 5012/5012/5012 5013/5013/5013 5022/5022/5022
f 5012/5012/5012 5022/5022/5022 5021/5021/5021
f 5013/5013/5013 5014/5014/5014 5023/5023/5023
f 5013/5013/5013 5023/5023/5023 5022/5022/5022
f 5014/5014/5014 5015/5015/5015 5024/5024/5024
f 5014/5014/5014 5024/5024/5024 5023/5023/5023
f 5016/5016/5016 5017/5017/5017 5026/5026/5026
f 5016/5016/5016 5026/5026/5026 5025/5025/5025
f 5017/5017/5017 5018/5018/5018 5027/5027/5027
f 5017/5017/5017 5027/5027/5027 5026/5026/5026
f 5018/5018/5018 5019/5019/5019 5028/5028/5028
f 5018/5018/5018 5028/5028/5028 5027/5027/5027
f 5019/5019/5019 5020/5020/5020 5029/5029/5029
f 5019/5019/5019 5029/5029/5029 5028/5028/5028
f 5020/5020/5020 5021/5021/5021 5030/5030/5030
f 5020/5020/5020 5030/5030/5030 5029/5029/5029
f 5021/5021/5021 5022/5022/5022 5031/5031/5031
f 5021/5021/5021 5031/5031/5031 5030/5030/5030
f 5022/5022/5022 5023/5023/5023 5032/5032/5032
f 5022/5022/5022 5032/5032/5032 5031/5031/5031
f 5023/5023/5023 5024/5024/5024 5033/5033/5033
f 5023/5023/5023 5033/5033/5033 5032/5032/5032
f 5025/5025/5025 5026/5026/5026 5035/5035/5035
f 5025/5025/5025 5035/5035/5035 5034/5034/5034
f 5026/5026/5026 5027/5027/5027 5036/5036/5036
f 5026/5026/5026 5036/5036/5036 5035/5035/5035
f 5027/5027/5027 5028/5028/5028 5037/5037/5037
f 5027/5027/5027 5037/5037/5037 5036/5036/5036
f 5028/5028/5028 5029/5029/5029 5038/5038/5038
f 5028/5028/5028 5038/5038/5038 5037/5037/5037
f 5029/5029/5029 5030/5030/5030 5039/5039/5039
f 5029/5029/5029 5039/5039/5039 5038/5038/5038
f 5030/5030/5030 5031/5031/5031 5040/5040/5040
f 5030/5030/5030 5040/5040/5040 5039/5039/5039
f 5031/5031/5031 5032/5032/5032 5041/5041/5041
f 5031/5031/5031 5041/5041/5041 5040/5040/5040
f 5032/5032/5032 5033/5033/5033 5042/5042/5042
f 5032/5032/5032 5042/5042/5042 5041/5041/5041
f 5034/5034/5034 5035/5035/5035 5043/5043/5043
f 5035/5035/5035 5036/5036/5036 5043/5043/5043
f 5036/5036/5036 5037/5037/5037 5043/5043/5043
f 5037/5037/5037 5038/5038/5038 5043/5043/5043
f 5038/5038/5038 5039/5039/5039 5043/5043/5043
f 5039/5039/5039 5040/5040/5040 5043/5043/5043
f 5040/5040/5040 5041/5041/5041 5043/5043/5043
f 5041/5041/5041 5042/5042/5042 5043/5043/5043
o Wart_23
v 2.340870 54.159170 12.919823
v 3.277699 54.329666 12.919823
v 3.003308 54.329666 12.472535
v 2.340870 54.329666 12.287262
v 1.678432 54.329666 12.472535
v 1.404041 54.329666 12.919823
v 1.678432 54.329666 13.367111
v 2.340870 54.329666 13.552384
v 3.003308 54.329666 13.367111
v 3.277699 54.329666 12.919823
v 3.856690 54.776033 12.919823
v 3.412717 54.776033 12.196096
v 2.340870 54.776033 11.896318
v 1.269023 54.776033 12.196096
v 0.825049 54.776033 12.919823
v 1.269023 54.776033 13.643550
v 2.340870 54.776033 13.943328
v 3.412717 54.776033 13.643550
v 3.856690 54.776033 12.919823
v 3.856690 55.327773 12.919823
v 3.412717 55.327773 12.196096
v 2.340870 55.327773 11.896318
v 1.269023 55.327773 12.196096
v 0.825049 55.327773 12.919823
v 1.269023 55.327773 13.643550
v 2.340870 55.327773 13.943328
v 3.412717 55.327773 13.643550
v 3.856690 55.327773 12.919823
v 3.277699 55.774140 12.919823
v 3.003308 55.774140 12.472535
v 2.340870 55.774140 12.287262
v 1.678432 55.774140 12.472535
v 1.404041 55.774140 12.919823
v 1.678432 55.774140 13.367111
v 2.340870 55.774140 13.552384
v 3.003308 55.774140 13.367111
v 3.277699 55.774140 12.919823
v 2.340870 55.944637 12.919823
vt 0.1855469 0.2807812
vt 0.0362500 0.3206562
vt 0.0735742 0.3206562
vt 0.1108984 0.3206562
vt 0.1482227 0.3206562
vt 0.1855469 0.3206562
vt 0.2228711 0.3206562
vt 0.2601953 0.3206562
vt 0.2975195 0.3206562
vt 0.3348437 0.3206562
vt 0.0362500 0.2917812
vt 0.0735742 0.2917812
vt 0.1108984 0.2917812
vt 0.1482227 0.2917812
vt 0.1855469 0.2917812
vt 0.2228711 0.2917812
vt 0.2601953 0.2917812
vt 0.2975195 0.2917812
vt 0.3348437 0.2917812
vt 0.0362500 0.2629063
vt 0.0735742 0.2629063
vt 0.1108984 0.2629063
vt 0.1482227 0.2629063
vt 0.1855469 0.2629063
vt 0.2228711 0.2629063
vt 0.2601953 0.2629063
vt 0.2975195 0.2629063
vt 0.3348437 0.2629063
vt 0.0362500 0.2340313
vt 0.0735742 0.2340313
vt 0.1108984 0.2340313
vt 0.1482227 0.2340313
vt 0.1855469 0.2340313
vt 0.2228711 0.2340313
vt 0.2601953 0.2340313
vt 0.2975195 0.2340313
vt 0.3348437 0.2340313
vt 0.1855469 0.2807812
vn 0.0000000 -1.0000000 0.0000000
vn 0.4398942 -0.8925045 -0.0996435
vn 0.2458990 -0.8329590 -0.4956944
vn -0.0607757 -0.8062114 -0.5884976
vn -0.3454980 -0.8598311 -0.3759276
vn -0.4398942 -0.8925045 0.0996435
vn -0.2458990 -0.8329590 0.4956944
vn 0.0607757 -0.8062114 0.5884976
vn 0.3454980 -0.8598311 0.3759276
vn 0.4398942 -0.8925045 -0.0996435
vn 0.8798566 -0.4723048 -0.0527304
vn 0.4876636 -0.3858206 -0.7831517
vn -0.0256795 -0.3406484 -0.9398400
vn -0.5425029 -0.3958216 -0.7409560
vn -0.8798566 -0.4723048 0.0527304
vn -0.4876636 -0.3858206 0.7831517
vn 0.0256795 -0.3406484 0.9398400
vn 0.5425029 -0.3958216 0.7409560
vn 0.8798566 -0.4723048 -0.0527304
vn 0.8798566 0.4723048 0.0527304
vn 0.5425029 0.3958216 -0.7409560
vn 0.0256795 0.3406484 -0.9398400
vn -0.4876636 0.3858206 -0.7831517
vn -0.8798566 0.4723048 -0.0527304
vn -0.5425029 0.3958216 0.7409560
vn -0.0256795 0.3406484 0.9398400
vn 0.4876636 0.3858206 0.7831517
vn 0.8798566 0.4723048 0.0527304
vn 0.4398942 0.8925045 0.0996435
vn 0.3454980 0.8598311 -0.3759276
vn 0.0607757 0.8062114 -0.5884976
vn -0.2458990 0.8329590 -0.4956944
vn -0.4398942 0.8925045 -0.0996435
vn -0.3454980 0.8598311 0.3759276
vn -0.0607757 0.8062114 0.5884976
vn 0.2458990 0.8329590 0.4956944
vn 0.4398942 0.8925045 0.0996435
vn 0.0000000 1.0000000 0.0000000
s 1
f 5044/5044/5044 5046/5046/5046 5045/5045/5045
f 5044/5044/5044 5047/5047/5047 5046/5046/5046
f 5044/5044/5044 5048/5048/5048 5047/5047/5047
f 5044/5044/5044 5049/5049/5049 5048/5048/5048
f 5044/5044/5044 5050/5050/5050 5049/5049/5049
f 5044/5044/5044 5051/5051/5051 5050/5050/5050
f 5044/5044/5044 5052/5052/5052 5051/5051/5051
f 5044/5044/5044 5053/5053/5053 5052/5052/5052
f 5045/5045/5045 5046/5046/5046 5055/5055/5055
f 5045/5045/5045 5055/5055/5055 5054/5054/5054
f 5046/5046/5046 5047/5047/5047 5056/5056/5056
f 5046/5046/5046 5056/5056/5056 5055/5055/5055
f 5047/5047/5047 5048/5048/5048 5057/5057/5057
f 5047/5047/5047 5057/5057/5057 5056/5056/5056
f 5048/5048/5048 5049/5049/5049 5058/5058/5058
f 5048/5048/5048 5058/5058/5058 5057/5057/5057
f 5049/5049/5049 5050/5050/5050 5059/5059/5059
f 5049/5049/5049 5059/5059/5059 5058/5058/5058
f 5050/5050/5050 5051/5051/5051 5060/5060/5060
f 5050/5050/5050 5060/5060/5060 5059/5059/5059
f 5051/5051/5051 5052/5052/5052 5061/5061/5061
f 5051/5051/5051 5061/5061/5061 5060/5060/5060
f 5052/5052/5052 5053/5053/5053 5062/5062/5062
f 5052/5052/5052 5062/5062/5062 5061/5061/5061
f 5054/5054/5054 5055/5055/5055 5064/5064/5064
f 5054/5054/5054 5064/5064/5064 5063/5063/5063
f 5055/5055/5055 5056/5056/5056 5065/5065/5065
f 5055/5055/5055 5065/5065/5065 5064/5064/5064
f 5056/5056/5056 5057/5057/5057 5066/5066/5066
f 5056/5056/5056 5066/5066/5066 5065/5065/5065
f 5057/5057/5057 5058/5058/5058 5067/5067/5067
f 5057/5057/5057 5067/5067/5067 5066/5066/5066
f 5058/5058/5058 5059/5059/5059 5068/5068/5068
f 5058/5058/5058 5068/5068/5068 5067/5067/5067
f 5059/5059/5059 5060/5060/5060 5069/5069/5069
f 5059/5059/5059 5069/5069/5069 5068/5068/5068
f 5060/5060/5060 5061/5061/5061 5070/5070/5070
f 5060/5060/5060 5070/5070/5070 5069/5069/5069
f 5061/5061/5061 5062/5062/5062 5071/5071/5071
f 5061/5061/5061 5071/5071/5071 5070/5070/5070
f 5063/5063/5063 5064/5064/5064 5073/5073/5073
f 5063/5063/5063 5073/5073/5073 5072/5072/5072
f 5064/5064/5064 5065/5065/5065 5074/5074/5074
f 5064/5064/5064 5074/5074/5074 5073/5073/5073
f 5065/5065/5065 5066/5066/5066 5075/5075/5075
f 5065/5065/5065 5075/5075/5075 5074/5074/5074
f 5066/5066/5066 5067/5067/5067 5076/5076/5076
f 5066/5066/5066 5076/5076/5076 5075/5075/5075
f 5067/5067/5067 5068/5068/5068 5077/5077/5077
f 5067/5067/5067 5077/5077/5077 5076/5076/5076
f 5068/5068/5068 5069/5069/5069 5078/5078/5078
f 5068/5068/5068 5078/5078/5078 5077/5077/5077
f 5069/5069/5069 5070/5070/5070 5079/5079/5079
f 5069/5069/5069 5079/5079/5079 5078/5078/5078
f 5070/5070/5070 5071/5071/5071 5080/5080/5080
f 5070/5070/5070 5080/5080/5080 5079/5079/5079
f 5072/5072/5072 5073/5073/5073 5081/5081/5081
f 5073/5073/5073 5074/5074/5074 5081/5081/5081
f 5074/5074/5074 5075/5075/5075 5081/5081/5081
f 5075/5075/5075 5076/5076/5076 5081/5081/5081
f 5076/5076/5076 5077/5077/5077 5081/5081/5081
f 5077/5077/5077 5078/5078/5078 5081/5081/5081
f 5078/5078/5078 5079/5079/5079 5081/5081/5081
f 5079/5079/5079 5080/5080/5080 5081/5081/5081
o Wart_24
v 5.274668 55.647059 -11.498007
v 6.211496 55.817556 -11.498007
v 5.937105 55.817556 -11.945294
v 5.274668 55.817556 -12.130567
v 4.612230 55.817556 -11.945294
v 4.337839 55.817556 -11.498007
v 4.612230 55.817556 -11.050719
v 5.274668 55.817556 -10.865446
v 5.937105 55.817556 -11.050719
v 6.211496 55.817556 -11.498007
v 6.790488 56.263923 -11.498007
v 6.346515 56.263923 -12.221734
v 5.274668 56.263923 -12.521511
v 4.202821 56.263923 -12.221734
v 3.758847 56.263923 -11.498007
v 4.202821 56.263923 -10.774279
v 5.274668 56.263923 -10.474502
v 6.346515 56.263923 -10.774279
v 6.790488 56.263923 -11.498007
v 6.790488 56.815662 -11.498007
v 6.346515 56.815662 -12.221734
v 5.274668 56.815662 -12.521511
v 4.202821 56.815662 -12.221734
v 3.758847 56.815662 -11.498007
v 4.202821 56.815662 -10.774279
v 5.274668 56.815662 -10.474502
v 6.346515 56.815662 -10.774279
v 6.790488 56.815662 -11.498007
v 6.211496 57.262029 -11.498007
v 5.937105 57.262029 -11.945294
v 5.274668 57.262029 -12.130567
v 4.612230 57.262029 -11.945294
v 4.337839 57.262029 -11.498007
v 4.612230 57.262029 -11.050719
v 5.274668 57.262029 -10.865446
v 5.937105 57.262029 -11.050719
v 6.211496 57.262029 -11.498007
v 5.274668 57.432526 -11.498007
vt 0.1855469 0.2807812
vt 0.0362500 0.3206562
vt 0.0735742 0.3206562
vt 0.1108984 0.3206562
vt 0.1482227 0.3206562
vt 0.1855469 0.3206562
vt 0.2228711 0.3206562
vt 0.2601953 0.3206562
vt 0.2975195 0.3206562
vt 0.3348437 0.3206562
vt 0.0362500 0.2917812
vt 0.0735742 0.2917812
vt 0.1108984 0.2917812
vt 0.1482227 0.2917812
vt 0.1855469 0.2917812
vt 0.2228711 0.2917812
vt 0.2601953 0.2917812
vt 0.2975195 0.2917812
vt 0.3348437 0.2917812
vt 0.0362500 0.2629063
vt 0.0735742 0.2629063
vt 0.1108984 0.2629063
vt 0.1482227 0.2629063
vt 0.1855469 0.2629063
vt 0.2228711 0.2629063
vt 0.2601953 0.2629063
vt 0.2975195 0.2629063
vt 0.3348437 0.2629063
vt 0.0362500 0.2340313
vt 0.0735742 0.2340313
vt 0.1108984 0.2340313
vt 0.1482227 0.2340313
vt 0.1855469 0.2340313
vt 0.2228711 0.2340313
vt 0.2601953 0.2340313
vt 0.2975195 0.2340313
vt 0.3348437 0.2340313
vt 0.1855469 0.2807812
vn 0.0000000 -1.0000000 0.0000000
vn 0.4398942 -0.8925045 -0.0996435
vn 0.2458990 -0.8329590 -0.4956944
vn -0.0607757 -0.8062114 -0.5884976
vn -0.3454980 -0.8598311 -0.3759276
vn -0.4398942 -0.8925045 0.0996435
vn -0.2458990 -0.8329590 0.4956944
vn 0.0607757 -0.8062114 0.5884976
vn 0.3454980 -0.8598311 0.3759276
vn 0.4398942 -0.8925045 -0.0996435
vn 0.8798566 -0.4723048 -0.0527304
vn 0.4876636 -0.3858206 -0.7831517
vn -0.0256795 -0.3406484 -0.9398400
vn -0.5425029 -0.3958216 -0.7409560
vn -0.8798566 -0.4723048 0.0527304
vn -0.4876636 -0.3858206 0.7831517
vn 0.0256795 -0.3406484 0.9398400
vn 0.5425029 -0.3958216 0.7409560
vn 0.8798566 -0.4723048 -0.0527304
vn 0.8798566 0.4723048 0.0527304
vn 0.5425029 0.3958216 -0.7409560
vn 0.0256795 0.3406484 -0.9398400
vn -0.4876636 0.3858206 -0.7831517
vn -0.8798566 0.4723048 -0.0527304
vn -0.5425029 0.3958216 0.7409560
vn -0.0256795 0.3406484 0.9398400
vn 0.4876636 0.3858206 0.7831517
vn 0.8798566 0.4723048 0.0527304
vn 0.4398942 0.8925045 0.0996435
vn 0.3454980 0.8598311 -0.3759276
vn 0.0607757 0.8062114 -0.5884976
vn -0.2458990 0.8329590 -0.4956944
vn -0.4398942 0.8925045 -0.0996435
vn -0.3454980 0.8598311 0.3759276
vn -0.0607757 0.8062114 0.5884976
vn 0.2458990 0.8329590 0.4956944
vn 0.4398942 0.8925045 0.0996435
vn 0.0000000 1.0000000 0.0000000
s 1
f 5082/5082/5082 5084/5084/5084 5083/5083/5083
f 5082/5082/5082 5085/5085/5085 5084/5084/5084
f 5082/5082/5082 5086/5086/5086 5085/5085/5085
f 5082/5082/5082 5087/5087/5087 5086/5086/5086
f 5082/5082/5082 5088/5088/5088 5087/5087/5087
f 5082/5082/5082 5089/5089/5089 5088/5088/5088
f 5082/5082/5082 5090/5090/5090 5089/5089/5089
f 5082/5082/5082 5091/5091/5091 5090/5090/5090
f 5083/5083/5083 5084/5084/5084 5093/5093/5093
f 5083/5083/5083 5093/5093/5093 5092/5092/5092
f 5084/5084/5084 5085/5085/5085 5094/5094/5094
f 5084/5084/5084 5094/5094/5094 5093/5093/5093
f 5085/5085/5085 5086/5086/5086 5095/5095/5095
f 5085/5085/5085 5095/5095/5095 5094/5094/5094
f 5086/5086/5086 5087/5087/5087 5096/5096/5096
f 5086/5086/5086 5096/5096/5096 5095/5095/5095
f 5087/5087/5087 5088/5088/5088 5097/5097/5097
f 5087/5087/5087 5097/5097/5097 5096/5096/5096
f 5088/5088/5088 5089/5089/5089 5098/5098/5098
f 5088/5088/5088 5098/5098/5098 5097/5097/5097
f 5089/5089/5089 5090/5090/5090 5099/5099/5099
f 5089/5089/5089 5099/5099/5099 5098/5098/5098
f 5090/5090/5090 5091/5091/5091 5100/5100/5100
f 5090/5090/5090 5100/5100/5100 5099/5099/5099
f 5092/5092/5092 5093/5093/5093 5102/5102/5102
f 5092/5092/5092 5102/5102/5102 5101/5101/5101
f 5093/5093/5093 5094/5094/5094 5103/5103/5103
f 5093/5093/5093 5103/5103/5103 5102/5102/5102
f 5094/5094/5094 5095/5095/5095 5104/5104/5104
f 5094/5094/5094 5104/5104/5104 5103/5103/5103
f 5095/5095/5095 5096/5096/5096 5105/5105/5105
f 5095/5095/5095 5105/5105/5105 5104/5104/5104
f 5096/5096/5096 5097/5097/5097 5106/5106/5106
f 5096/5096/5096 5106/5106/5106 5105/5105/5105
f 5097/5097/5097 5098/5098/5098 5107/5107/5107
f 5097/5097/5097 5107/5107/5107 5106/5106/5106
f 5098/5098/5098 5099/5099/5099 5108/5108/5108
f 5098/5098/5098 5108/5108/5108 5107/5107/5107
f 5099/5099/5099 5100/5100/5100 5109/5109/5109
f 5099/5099/5099 5109/5109/5109 5108/5108/5108
f 5101/5101/5101 5102/5102/5102 5111/5111/5111
f 5101/5101/5101 5111/5111/5111 5110/5110/5110
f 5102/5102/5102 5103/5103/5103 5112/5112/5112
f 5102/5102/5102 5112/5112/5112 5111/5111/5111
f 5103/5103/5103 5104/5104/5104 5113/5113/5113
f 5103/5103/5103 5113/5113/5113 5112/5112/5112
f 5104/5104/5104 5105/5105/5105 5114/5114/5114
f 5104/5104/5104 5114/5114/5114 5113/5113/5113
f 5105/5105/5105 5106/5106/5106 5115/5115/5115
f 5105/5105/5105 5115/5115/5115 5114/5114/5114
f 5106/5106/5106 5107/5107/5107 5116/5116/5116
f 5106/5106/5106 5116/5116/5116 5115/5115/5115
f 5107/5107/5107 5108/5108/5108 5117/5117/5117
f 5107/5107/5107 5117/5117/5117 5116/5116/5116
f 5108/5108/5108 5109/5109/5109 5118/5118/5118
f 5108/5108/5108 5118/5118/5118 5117/5117/5117
f 5110/5110/5110 5111/5111/5111 5119/5119/5119
f 5111/5111/5111 5112/5112/5112 5119/5119/5119
f 5112/5112/5112 5113/5113/5113 5119/5119/5119
f 5113/5113/5113 5114/5114/5114 5119/5119/5119
f 5114/5114/5114 5115/5115/5115 5119/5119/5119
f 5115/5115/5115 5116/5116/5116 5119/5119/5119
f 5116/5116/5116 5117/5117/5117 5119/5119/5119
f 5117/5117/5117 5118/5118/5118 5119/5119/5119
o Wart_25
v -10.119883 57.134948 4.037293
v -9.183055 57.305445 4.037293
v -9.457445 57.305445 3.590005
v -10.119883 57.305445 3.404732
v -10.782321 57.305445 3.590005
v -11.056712 57.305445 4.037293
v -10.782321 57.305445 4.484581
v -10.119883 57.305445 4.669853
v -9.457445 57.305445 4.484581
v -9.183055 57.305445 4.037293
v -8.604063 57.751812 4.037293
v -9.048036 57.751812 3.313566
v -10.119883 57.751812 3.013788
v -11.191730 57.751812 3.313566
v -11.635704 57.751812 4.037293
v -11.191730 57.751812 4.761020
v -10.119883 57.751812 5.060797
v -9.048036 57.751812 4.761020
v -8.604063 57.751812 4.037293
v -8.604063 58.303552 4.037293
v -9.048036 58.303552 3.313566
v -10.119883 58.303552 3.013788
v -11.191730 58.303552 3.313566
v -11.635704 58.303552 4.037293
v -11.191730 58.303552 4.761020
v -10.119883 58.303552 5.060797
v -9.048036 58.303552 4.761020
v -8.604063 58.303552 4.037293
v -9.183055 58.749918 4.037293
v -9.457445 58.749918 3.590005
v -10.119883 58.749918 3.404732
v -10.782321 58.749918 3.590005
v -11.056712 58.749918 4.037293
v -10.782321 58.749918 4.484581
v -10.119883 58.749918 4.669853
v -9.457445 58.749918 4.484581
v -9.183055 58.749918 4.037293
v -10.119883 58.920415 4.037293
vt 0.1855469 0.2807812
vt 0.0362500 0.3206562
vt 0.0735742 0.3206562
vt 0.1108984 0.3206562
vt 0.1482227 0.3206562
vt 0.1855469 0.3206562
vt 0.2228711 0.3206562
vt 0.2601953 0.3206562
vt 0.2975195 0.3206562
vt 0.3348437 0.3206562
vt 0.0362500 0.2917812
vt 0.0735742 0.2917812
vt 0.1108984 0.2917812
vt 0.1482227 0.2917812
vt 0.1855469 0.2917812
vt 0.2228711 0.2917812
vt 0.2601953 0.2917812
vt 0.2975195 0.2917812
vt 0.3348437 0.2917812
vt 0.0362500 0.2629063
vt 0.0735742 0.2629063
vt 0.1108984 0.2629063
vt 0.1482227 0.2629063
vt 0.1855469 0.2629063
vt 0.2228711 0.2629063
vt 0.2601953 0.2629063
vt 0.2975195 0.2629063
vt 0.3348437 0.2629063
vt 0.0362500 0.2340313
vt 0.0735742 0.2340313
vt 0.1108984 0.2340313
vt 0.1482227 0.2340313
vt 0.1855469 0.2340313
vt 0.2228711 0.2340313
vt 0.2601953 0.2340313
vt 0.2975195 0.2340313
vt 0.3348437 0.2340313
vt 0.1855469 0.2807812
vn 0.0000000 -1.0000000 -0.0000000
vn 0.4398942 -0.8925045 -0.0996435
vn 0.2458990 -0.8329590 -0.4956944
vn -0.0607757 -0.8062114 -0.5884976
vn -0.3454980 -0.8598311 -0.3759276
vn -0.4398942 -0.8925045 0.0996435
vn -0.2458990 -0.8329590 0.4956944
vn 0.0607757 -0.8062114 0.5884976
vn 0.3454980 -0.8598311 0.3759276
vn 0.4398942 -0.8925045 -0.0996435
vn 0.8798566 -0.4723048 -0.0527304
vn 0.4876636 -0.3858206 -0.7831517
vn -0.0256795 -0.3406484 -0.9398400
vn -0.5425029 -0.3958216 -0.7409560
vn -0.8798566 -0.4723048 0.0527304
vn -0.4876636 -0.3858206 0.7831517
vn 0.0256795 -0.3406484 0.9398400
vn 0.5425029 -0.3958216 0.7409560
vn 0.8798566 -0.4723048 -0.0527304
vn 0.8798566 0.4723048 0.0527304
vn 0.5425029 0.3958216 -0.7409560
vn 0.0256795 0.3406484 -0.9398400
vn -0.4876636 0.3858206 -0.7831517
vn -0.8798566 0.4723048 -0.0527304
vn -0.5425029 0.3958216 0.7409560
vn -0.0256795 0.3406484 0.9398400
vn 0.4876636 0.3858206 0.7831517
vn 0.8798566 0.4723048 0.0527304
vn 0.4398942 0.8925045 0.0996435
vn 0.3454980 0.8598311 -0.3759276
vn 0.0607757 0.8062114 -0.5884976
vn -0.2458990 0.8329590 -0.4956944
vn -0.4398942 0.8925045 -0.0996435
vn -0.3454980 0.8598311 0.3759276
vn -0.0607757 0.8062114 0.5884976
vn 0.2458990 0.8329590 0.4956944
vn 0.4398942 0.8925045 0.0996435
vn 0.0000000 1.0000000 -0.0000000
s 1
f 5120/5120/5120 5122/5122/5122 5121/5121/5121
f 5120/5120/5120 5123/5123/5123 5122/5122/5122
f 5120/5120/5120 5124/5124/5124 5123/5123/5123
f 5120/5120/5120 5125/5125/5125 5124/5124/5124
f 5120/5120/5120 5126/5126/5126 5125/5125/5125
f 5120/5120/5120 5127/5127/5127 5126/5126/5126
f 5120/5120/5120 5128/5128/5128 5127/5127/5127
f 5120/5120/5120 5129/5129/5129 5128/5128/5128
f 5121/5121/5121 5122/5122/5122 5131/5131/5131
f 5121/5121/5121 5131/5131/5131 5130/5130/5130
f 5122/5122/5122 5123/5123/5123 5132/5132/5132
f 5122/5122/5122 5132/5132/5132 5131/5131/5131
f 5123/5123/5123 5124/5124/5124 5133/5133/5133
f 5123/5123/5123 5133/5133/5133 5132/5132/5132
f 5124/5124/5124 5125/5125/5125 5134/5134/5134
f 5124/5124/5124 5134/5134/5134 5133/5133/5133
f 5125/5125/5125 5126/5126/5126 5135/5135/5135
f 5125/5125/5125 5135/5135/5135 5134/5134/5134
f 5126/5126/5126 5127/5127/5127 5136/5136/5136
f 5126/5126/5126 5136/5136/5136 5135/5135/5135
f 5127/5127/5127 5128/5128/5128 5137/5137/5137
f 5127/5127/5127 5137/5137/5137 5136/5136/5136
f 5128/5128/5128 5129/5129/5129 5138/5138/5138
f 5128/5128/5128 5138/5138/5138 5137/5137/5137
f 5130/5130/5130 5131/5131/5131 5140/5140/5140
f 5130/5130/5130 5140/5140/5140 5139/5139/5139
f 5131/5131/5131 5132/5132/5132 5141/5141/5141
f 5131/5131/5131 5141/5141/5141 5140/5140/5140
f 5132/5132/5132 5133/5133/5133 5142/5142/5142
f 5132/5132/5132 5142/5142/5142 5141/5141/5141
f 5133/5133/5133 5134/5134/5134 5143/5143/5143
f 5133/5133/5133 5143/5143/5143 5142/5142/5142
f 5134/5134/5134 5135/5135/5135 5144/5144/5144
f 5134/5134/5134 5144/5144/5144 5143/5143/5143
f 5135/5135/5135 5136/5136/5136 5145/5145/5145
f 5135/5135/5135 5145/5145/5145 5144/5144/5144
f 5136/5136/5136 5137/5137/5137 5146/5146/5146
f 5136/5136/5136 5146/5146/5146 5145/5145/5145
f 5137/5137/5137 5138/5138/5138 5147/5147/5147
f 5137/5137/5137 5147/5147/5147 5146/5146/5146
f 5139/5139/5139 5140/5140/5140 5149/5149/5149
f 5139/5139/5139 5149/5149/5149 5148/5148/5148
f 5140/5140/5140 5141/5141/5141 5150/5150/5150
f 5140/5140/5140 5150/5150/5150 5149/5149/5149
f 5141/5141/5141 5142/5142/5142 5151/5151/5151
f 5141/5141/5141 5151/5151/5151 5150/5150/5150
f 5142/5142/5142 5143/5143/5143 5152/5152/5152
f 5142/5142/5142 5152/5152/5152 5151/5151/5151
f 5143/5143/5143 5144/5144/5144 5153/5153/5153
f 5143/5143/5143 5153/5153/5153 5152/5152/5152
f 5144/5144/5144 5145/5145/5145 5154/5154/5154
f 5144/5144/5144 5154/5154/5154 5153/5153/5153
f 5145/5145/5145 5146/5146/5146 5155/5155/5155
f 5145/5145/5145 5155/5155/5155 5154/5154/5154
f 5146/5146/5146 5147/5147/5147 5156/5156/5156
f 5146/5146/5146 5156/5156/5156 5155/5155/5155
f 5148/5148/5148 5149/5149/5149 5157/5157/5157
f 5149/5149/5149 5150/5150/5150 5157/5157/5157
f 5150/5150/5150 5151/5151/5151 5157/5157/5157
f 5151/5151/5151 5152/5152/5152 5157/5157/5157
f 5152/5152/5152 5153/5153/5153 5157/5157/5157
f 5153/5153/5153 5154/5154/5154 5157/5157/5157
f 5154/5154/5154 5155/5155/5155 5157/5157/5157
f 5155/5155/5155 5156/5156/5156 5157/5157/5157
