# Project Broom original creature MK_SALAMANDER; CC-BY-SA-4.0
# OBJ axes X=forward Y=up Z=-BlenderY; one diffuse skin via MODELDEF
o Continuous_serpentine_body
v -26.928218 3.299673 -18.117433
v -26.929753 3.265151 -18.122345
v -26.933629 3.232981 -18.137372
v -26.939582 3.205357 -18.161489
v -26.947207 3.184160 -18.193053
v -26.955984 3.170835 -18.229912
v -26.965314 3.166290 -18.269555
v -26.974562 3.170835 -18.309280
v -26.983098 3.184160 -18.346380
v -26.990340 3.205357 -18.378327
v -26.995794 3.232981 -18.402943
v -26.999089 3.265151 -18.418551
v -27.000000 3.299673 -18.424087
v -26.998465 3.334195 -18.419175
v -26.994589 3.366364 -18.404148
v -26.988635 3.393989 -18.380031
v -26.981010 3.415186 -18.348467
v -26.972234 3.428511 -18.311608
v -26.962903 3.433056 -18.271965
v -26.953655 3.428511 -18.232240
v -26.945119 3.415186 -18.195140
v -26.937878 3.393989 -18.163193
v -26.932423 3.366364 -18.138577
v -26.929129 3.334195 -18.122969
v -26.928218 3.299673 -18.117433
v -26.203397 3.280064 -18.545529
v -26.207870 3.191381 -18.557609
v -26.218861 3.108762 -18.595145
v -26.235622 3.037839 -18.655581
v -26.257010 2.983443 -18.734798
v -26.281568 2.949283 -18.827397
v -26.307622 2.937687 -18.927067
v -26.333396 2.949443 -19.027017
v -26.357135 2.983752 -19.120435
v -26.377220 3.038275 -19.200954
v -26.392282 3.109297 -19.263088
v -26.401296 3.191977 -19.302602
v -26.403647 3.280682 -19.316803
v -26.399174 3.369365 -19.304723
v -26.388183 3.451983 -19.267186
v -26.371422 3.522907 -19.206750
v -26.350034 3.577302 -19.127534
v -26.325476 3.611462 -19.034935
v -26.299422 3.623059 -18.935265
v -26.273648 3.611302 -18.835315
v -26.249909 3.576993 -18.741897
v -26.229824 3.522470 -18.661378
v -26.214762 3.451448 -18.599244
v -26.205748 3.368768 -18.559730
v -26.203397 3.280064 -18.545529
v -25.208814 3.237138 -19.293773
v -25.217444 3.072248 -19.315884
v -25.238494 2.918648 -19.384996
v -25.270528 2.786806 -19.496397
v -25.311365 2.685705 -19.642497
v -25.358220 2.622237 -19.813339
v -25.407902 2.600726 -19.997280
v -25.457023 2.622638 -20.181786
v -25.502237 2.686480 -20.354282
v -25.540463 2.787902 -20.503012
v -25.569095 2.919991 -20.617843
v -25.586182 3.073746 -20.690946
v -25.590559 3.238688 -20.717342
v -25.581929 3.403578 -20.695231
v -25.560880 3.557178 -20.626120
v -25.528845 3.689020 -20.514718
v -25.488009 3.790121 -20.368618
v -25.441153 3.853589 -20.197776
v -25.391472 3.875100 -20.013835
v -25.342350 3.853188 -19.829329
v -25.297136 3.789346 -19.656834
v -25.258911 3.687924 -19.508103
v -25.230279 3.555835 -19.393273
v -25.213192 3.402081 -19.320169
v -25.208814 3.237138 -19.293773
v -24.063543 3.195204 -20.063390
v -24.074616 2.940609 -20.099999
v -24.102694 2.703380 -20.211450
v -24.145863 2.499686 -20.390150
v -24.201183 2.343407 -20.623918
v -24.264882 2.245194 -20.896825
v -24.332620 2.211739 -21.190273
v -24.399780 2.245323 -21.484263
v -24.461787 2.343656 -21.758760
v -24.514413 2.500038 -21.995058
v -24.554073 2.703812 -22.177054
v -24.578064 2.941090 -22.292344
v -24.584750 3.195703 -22.333073
v -24.573677 3.450298 -22.296464
v -24.545599 3.687526 -22.185012
v -24.502430 3.891221 -22.006313
v -24.447110 4.047500 -21.772544
v -24.383411 4.145713 -21.499637
v -24.315673 4.179168 -21.206189
v -24.248512 4.145584 -20.912200
v -24.186506 4.047251 -20.637702
v -24.133880 3.890868 -20.401404
v -24.094220 3.687095 -20.219409
v -24.070229 3.449817 -20.104118
v -24.063543 3.195204 -20.063390
v -22.896890 3.175455 -20.571639
v -22.905102 2.826377 -20.628061
v -22.929898 2.501135 -20.792526
v -22.969587 2.221895 -21.053827
v -23.021466 2.007686 -21.394157
v -23.081997 1.873107 -21.790323
v -23.147058 1.827327 -22.215326
v -23.212212 1.873468 -22.640203
v -23.273021 2.008385 -23.036000
v -23.325340 2.222883 -23.375744
v -23.365605 2.502345 -23.636282
v -23.391070 2.827726 -23.799858
v -23.400000 3.176852 -23.855325
v -23.391788 3.525930 -23.798903
v -23.366992 3.851172 -23.634438
v -23.327303 4.130412 -23.373137
v -23.275424 4.344621 -23.032807
v -23.214893 4.479200 -22.636642
v -23.149833 4.524980 -22.211639
v -23.084678 4.478839 -21.786761
v -23.023869 4.343922 -21.390964
v -22.971550 4.129424 -21.051220
v -22.931286 3.849962 -20.790683
v -22.905820 3.524581 -20.627106
v -22.896890 3.175455 -20.571639
v -21.876261 3.188769 -20.590937
v -21.870000 2.749769 -20.670612
v -21.868789 2.341667 -20.892376
v -21.872713 1.992275 -21.241116
v -21.881504 1.725404 -21.693065
v -21.894562 1.559241 -22.217426
v -21.910998 1.505109 -22.778462
v -21.929691 1.566697 -23.337941
v -21.949368 1.739808 -23.857735
v -21.968688 2.012645 -24.302420
v -21.986335 2.366615 -24.641693
v -22.001104 2.777595 -24.852432
v -22.011991 3.217577 -24.920275
v -22.018253 3.656578 -24.840601
v -22.019463 4.064680 -24.618837
v -22.015539 4.414072 -24.270097
v -22.006749 4.680943 -23.818147
v -21.993691 4.847106 -23.293787
v -21.977255 4.901238 -22.732751
v -21.958561 4.839650 -22.173272
v -21.938884 4.666539 -21.653478
v -21.919564 4.393701 -21.208793
v -21.901918 4.039732 -20.869520
v -21.887148 3.628752 -20.658781
v -21.876261 3.188769 -20.590937
v -21.093905 3.231569 -20.057800
v -21.057115 2.717777 -20.151105
v -21.001627 2.243640 -20.406454
v -20.931221 1.841470 -20.806443
v -20.850696 1.538674 -21.323815
v -20.765539 1.355887 -21.923312
v -20.681555 1.305566 -22.564079
v -20.604465 1.391140 -23.202448
v -20.539524 1.606777 -23.794916
v -20.491158 1.937783 -24.301107
v -20.462662 2.361599 -24.686525
v -20.455978 2.849343 -24.924904
v -20.471562 3.367777 -25.000000
v -20.508352 3.881569 -24.906694
v -20.563841 4.355706 -24.651346
v -20.634246 4.757876 -24.251356
v -20.714771 5.060672 -23.733984
v -20.799928 5.243458 -23.134488
v -20.883913 5.293779 -22.493721
v -20.961002 5.208205 -21.855352
v -21.025943 4.992568 -21.262884
v -21.074309 4.661562 -20.756693
v -21.102806 4.237746 -20.371275
v -21.109489 3.750002 -20.132895
v -21.093905 3.231569 -20.057800
v -20.247530 3.364379 -18.942360
v -20.180555 2.791164 -19.030691
v -20.074333 2.266282 -19.286216
v -19.936102 1.825503 -19.691522
v -19.775284 1.498864 -20.218987
v -19.602837 1.308626 -20.832666
v -19.430513 1.267754 -21.490739
v -19.270056 1.379031 -22.148357
v -19.132401 1.634876 -22.760705
v -19.026929 2.017853 -23.286054
v -18.960827 2.501862 -23.688601
v -18.938601 3.053920 -23.940914
v -18.961765 3.636403 -24.025797
v -19.028740 4.209618 -23.937466
v -19.134962 4.734500 -23.681941
v -19.273192 5.175280 -23.276635
v -19.434011 5.501918 -22.749170
v -19.606458 5.692156 -22.135490
v -19.778782 5.733029 -21.477418
v -19.939239 5.621751 -20.819800
v -20.076894 5.365906 -20.207452
v -20.182366 4.982929 -19.682103
v -20.248468 4.498920 -19.279556
v -20.270694 3.946863 -19.027243
v -20.247530 3.364379 -18.942360
v -19.209755 3.604231 -17.262372
v -19.122650 2.977491 -17.343602
v -18.982257 2.406378 -17.595493
v -18.798144 1.929812 -18.000877
v -18.582858 1.580270 -18.532130
v -18.351069 1.381573 -19.153047
v -18.118575 1.347262 -19.821314
v -17.901218 1.479675 -20.491388
v -17.713812 1.769788 -21.117607
v -17.569128 2.197831 -21.657294
v -17.477026 2.734633 -22.073670
v -17.443783 3.343613 -22.338360
v -17.471663 3.983268 -22.433325
v -17.558768 4.610007 -22.352095
v -17.699160 5.181121 -22.100205
v -17.883273 5.657687 -21.694820
v -18.098560 6.007228 -21.163567
v -18.330348 6.205925 -20.542651
v -18.562843 6.240236 -19.874384
v -18.780200 6.107823 -19.204309
v -18.967606 5.817710 -18.578091
v -19.112290 5.389667 -18.038404
v -19.204392 4.852865 -17.622028
v -19.237635 4.243886 -17.357338
v -19.209755 3.604231 -17.262372
v -18.113910 3.895320 -15.136576
v -18.012724 3.217711 -15.214051
v -17.845805 2.602507 -15.463562
v -17.624526 2.091632 -15.868106
v -17.363969 1.719903 -16.400114
v -17.081889 1.512651 -17.023330
v -16.797510 1.484001 -17.695283
v -16.530213 1.635904 -18.370181
v -16.298211 1.958010 -19.002031
v -16.117318 2.428367 -19.547772
v -15.999859 3.014920 -19.970214
v -15.953839 3.677699 -20.240568
v -15.982395 4.371534 -20.340409
v -16.083581 5.049142 -20.262934
v -16.250501 5.664347 -20.013423
v -16.471779 6.175221 -19.608879
v -16.732337 6.546951 -19.076871
v -17.014416 6.754203 -18.453655
v -17.298795 6.782853 -17.781702
v -17.566093 6.630949 -17.106804
v -17.798094 6.308844 -16.474954
v -17.978988 5.838487 -15.929213
v -18.096447 5.251933 -15.506771
v -18.142466 4.589155 -15.236417
v -18.113910 3.895320 -15.136576
v -17.039268 4.188988 -12.683228
v -16.928114 3.460157 -12.762055
v -16.739006 2.800357 -13.012086
v -16.484829 2.254552 -13.416283
v -16.182907 1.859937 -13.947099
v -15.853815 1.643406 -14.568362
v -15.519980 1.619714 -15.237733
v -15.204151 1.790475 -15.909595
v -14.927853 2.144054 -16.538162
v -14.709915 2.656353 -17.080599
v -14.565188 3.292461 -17.499938
v -14.503536 4.009028 -17.767604
v -14.529160 4.757221 -17.865354
v -14.640314 5.486051 -17.786528
v -14.829423 6.145852 -17.536496
v -15.083599 6.691657 -17.132300
v -15.385521 7.086271 -16.601483
v -15.714613 7.302803 -15.980220
v -16.048449 7.326495 -15.310849
v -16.364277 7.155733 -14.638987
v -16.640575 6.802155 -14.010420
v -16.858513 6.289856 -13.467984
v -17.003240 5.653748 -13.048644
v -17.064892 4.937181 -12.780979
v -17.039268 4.188988 -12.683228
v -16.060900 4.437453 -10.034476
v -15.943099 3.654077 -10.121880
v -15.734185 2.946509 -10.376360
v -15.448396 2.362967 -10.780573
v -15.105208 1.943220 -11.306973
v -14.728009 1.715872 -11.919686
v -14.342503 1.696416 -12.576958
v -13.974963 1.886180 -13.233995
v -13.650436 2.272229 -13.846023
v -13.391038 2.828257 -14.371333
v -13.214446 3.516370 -14.774125
v -13.132695 4.289675 -15.026949
v -13.151356 5.095472 -15.112577
v -13.269157 5.878848 -15.025173
v -13.478071 6.586416 -14.770693
v -13.763860 7.169957 -14.366480
v -14.107048 7.589705 -13.840080
v -14.484247 7.817053 -13.227367
v -14.869753 7.836508 -12.570095
v -15.237293 7.646745 -11.913058
v -15.561820 7.260695 -11.301030
v -15.821218 6.704668 -10.775720
v -15.997810 6.016554 -10.372929
v -16.079561 5.243250 -10.120104
v -16.060900 4.437453 -10.034476
v -15.294413 4.588457 -7.470883
v -15.170432 3.744845 -7.569930
v -14.937460 2.984534 -7.817850
v -14.611375 2.359336 -8.197749
v -14.214399 1.911859 -8.683736
v -13.773586 1.672597 -9.242693
v -13.318975 1.657856 -9.836527
v -12.881548 1.868639 -10.424770
v -12.491115 2.290583 -10.967333
v -12.174284 2.894933 -11.427243
v -11.952644 3.640503 -11.773157
v -11.841302 4.476484 -11.981501
v -11.847845 5.345905 -12.038078
v -11.971827 6.189516 -11.939031
v -12.204798 6.949828 -11.691110
v -12.530883 7.575025 -11.311212
v -12.927859 8.022503 -10.825224
v -13.368672 8.261765 -10.266268
v -13.823283 8.276506 -9.672434
v -14.260710 8.065723 -9.084191
v -14.651143 7.643779 -8.541627
v -14.967975 7.039429 -8.081717
v -15.189614 6.293859 -7.735804
v -15.300956 5.457878 -7.527459
v -15.294413 4.588457 -7.470883
v -14.788726 4.622751 -4.724198
v -14.655031 3.709467 -4.829064
v -14.391725 2.887155 -5.049599
v -14.016754 2.211854 -5.370774
v -13.555669 1.729586 -5.770702
v -13.039894 1.473215 -6.222127
v -12.504578 1.460213 -6.694287
v -11.986201 1.691466 -7.155003
v -11.520090 2.151215 -7.572880
v -11.138010 2.808128 -7.919439
v -10.865999 3.617438 -8.171064
v -10.722593 4.523992 -8.310605
v -10.717567 5.466010 -8.328555
v -10.851262 6.379294 -8.223689
v -11.114567 7.201606 -8.003154
v -11.489539 7.876906 -7.681979
v -11.950623 8.359175 -7.282051
v -12.466398 8.615546 -6.830626
v -13.001715 8.628548 -6.358466
v -13.520092 8.397294 -5.897750
v -13.986202 7.937546 -5.479873
v -14.368283 7.280632 -5.133314
v -14.640294 6.471322 -4.881689
v -14.783699 5.564768 -4.742148
v -14.788726 4.622751 -4.724198
v -14.416219 4.573942 -1.266455
v -14.270774 3.582964 -1.376033
v -13.978837 2.690528 -1.578320
v -13.560304 1.957450 -1.859530
v -13.043697 1.433689 -2.200501
v -12.464221 1.154939 -2.577994
v -11.861368 1.140196 -2.966285
v -11.276220 1.390464 -3.338912
v -10.748655 1.888688 -3.670481
v -10.314625 2.600915 -3.938396
v -10.003708 3.478609 -4.124400
v -9.837093 4.461954 -4.215816
v -9.826135 5.483939 -4.206415
v -9.971580 6.474917 -4.096837
v -10.263517 7.367353 -3.894550
v -10.682050 8.100431 -3.613339
v -11.198657 8.624191 -3.272369
v -11.778133 8.902942 -2.894876
v -12.380986 8.917685 -2.506585
v -12.966134 8.667417 -2.133958
v -13.493699 8.169193 -1.802389
v -13.927729 7.456965 -1.534474
v -14.238646 6.579272 -1.348470
v -14.405261 5.595927 -1.257054
v -14.416219 4.573942 -1.266455
v -14.072423 4.477214 2.759566
v -13.915537 3.406334 2.639399
v -13.599153 2.441824 2.427277
v -13.144829 1.649412 2.137656
v -12.583528 1.083101 1.790273
v -11.953502 0.781483 1.408803
v -11.297686 0.765114 1.019241
v -10.660772 1.035109 0.648135
v -10.086166 1.573068 0.320777
v -9.613025 2.342330 0.059474
v -9.273594 3.290471 -0.117966
v -9.091004 4.352878 -0.199450
v -9.077698 5.457148 -0.179426
v -9.234583 6.528028 -0.059259
v -9.550968 7.492538 0.152864
v -10.005291 8.284950 0.442484
v -10.566592 8.851261 0.789867
v -11.196618 9.152879 1.171338
v -11.852434 9.169248 1.560899
v -12.489348 8.899253 1.932005
v -13.063954 8.361294 2.259363
v -13.537095 7.592032 2.520666
v -13.876526 6.643890 2.698106
v -14.059117 5.581484 2.779590
v -14.072423 4.477214 2.759566
v -13.647776 4.376971 7.080756
v -13.481009 3.229803 6.943491
v -13.146162 2.196826 6.689310
v -12.666055 1.348435 6.335533
v -12.073407 0.742447 5.906270
v -11.408604 0.420158 5.430776
v -10.716954 0.403533 4.941453
v -10.045590 0.693704 4.471648
v -9.440265 1.270897 4.053379
v -8.942230 2.095777 3.715148
v -8.585427 3.112129 3.480007
v -8.394170 4.250691 3.363979
v -8.381493 5.433872 3.374972
v -8.548260 6.581040 3.512236
v -8.883107 7.614017 3.766418
v -9.363214 8.462408 4.120195
v -9.955863 9.068396 4.549457
v -10.620665 9.390684 5.024952
v -11.312315 9.407309 5.514275
v -11.983679 9.117138 5.984079
v -12.589004 8.539946 6.402349
v -13.087039 7.715066 6.740579
v -13.443842 6.698714 6.975721
v -13.635099 5.560152 7.091748
v -13.647776 4.376971 7.080756
v -12.958145 4.332504 11.533806
v -12.785723 3.118188 11.370568
v -12.446610 2.024617 11.028857
v -11.963918 1.126315 10.531959
v -11.370541 0.484502 9.913738
v -10.706916 0.142914 9.216324
v -10.018269 0.124831 8.487244
v -9.351529 0.431485 7.776185
v -8.752135 1.041979 7.131604
v -8.260933 1.914707 6.597427
v -7.911398 2.990196 6.210059
v -7.727350 4.195151 5.995897
v -7.721333 5.447459 5.969537
v -7.893755 6.661775 6.132775
v -8.232868 7.755346 6.474486
v -8.715560 8.653647 6.971384
v -9.308937 9.295461 7.589605
v -9.972562 9.637049 8.287019
v -10.661209 9.655132 9.016099
v -11.327949 9.348477 9.727158
v -11.927343 8.737984 10.371740
v -12.418545 7.865256 10.905916
v -12.768080 6.789767 11.293284
v -12.952128 5.584811 11.507446
v -12.958145 4.332504 11.533806
v -11.776101 4.430213 15.686190
v -11.605343 3.162909 15.492634
v -11.287718 2.018563 15.029454
v -10.844869 1.075160 14.328216
v -10.306976 0.396992 13.436709
v -9.710697 0.030275 12.415686
v -9.096666 0.000000 11.334729
v -8.506728 0.308230 10.267503
v -7.981088 0.933960 9.286738
v -7.555566 1.834547 8.459271
v -7.259161 2.948618 7.841494
v -7.112072 4.200251 7.475505
v -7.124324 5.504148 7.386248
v -7.295081 6.771453 7.579805
v -7.612707 7.915799 8.042984
v -8.055556 8.859202 8.744222
v -8.593449 9.537369 9.635729
v -9.189728 9.904087 10.656752
v -9.803759 9.934362 11.737709
v -10.393696 9.626132 12.804935
v -10.919337 9.000402 13.785700
v -11.344859 8.099815 14.613167
v -11.641264 6.985744 15.230944
v -11.788353 5.734111 15.596933
v -11.776101 4.430213 15.686190
v -10.202031 4.676226 18.902781
v -10.036505 3.374517 18.688217
v -9.752041 2.193709 18.134371
v -9.368022 1.214271 17.278987
v -8.910621 0.502952 16.180358
v -8.411007 0.108226 14.913355
v -7.903228 0.056993 13.564320
v -7.421890 0.352745 12.225189
v -6.999794 0.975326 10.987221
v -6.665706 1.882309 9.934782
v -6.442392 3.011884 9.139594
v -6.345072 4.287073 8.655847
v -6.380378 5.620974 8.516508
v -6.545904 6.922682 8.731072
v -6.830368 8.103491 9.284919
v -7.214387 9.082928 10.140302
v -7.671789 9.794247 11.238931
v -8.171402 10.188973 12.505935
v -8.679181 10.240206 13.854969
v -9.160519 9.944454 15.194100
v -9.582615 9.321873 16.432068
v -9.916703 8.414890 17.484507
v -10.140017 7.285315 18.279695
v -10.237337 6.010126 18.763442
v -10.202031 4.676226 18.902781
v -8.475459 4.995656 21.357949
v -8.316126 3.674860 21.130149
v -8.062458 2.471596 20.522604
v -7.731744 1.467863 19.576714
v -7.346519 0.732065 18.356943
v -6.933037 0.314345 16.946413
v -6.519476 0.243169 15.441252
v -6.134019 0.523389 13.944033
v -5.802935 1.135907 12.556790
v -5.548786 2.038982 11.374060
v -5.388892 3.171071 10.476444
v -5.334150 4.455023 9.925114
v -5.388290 5.803340 9.757643
v -5.547623 7.124135 9.985442
v -5.801290 8.327400 10.592988
v -6.132005 9.331132 11.538877
v -6.517230 10.066930 12.758649
v -6.930712 10.484651 14.169178
v -7.344273 10.555827 15.674339
v -7.729730 10.275607 17.171558
v -8.060814 9.663088 18.558802
v -8.314963 8.760013 19.741532
v -8.474857 7.627925 20.639147
v -8.529599 6.343972 21.190477
v -8.475459 4.995656 21.357949
v -6.594081 5.376068 23.232367
v -6.444240 4.045057 22.993725
v -6.227193 2.826605 22.346073
v -5.957733 1.803746 21.333547
v -5.654221 1.046186 20.025149
v -5.337342 0.605552 18.510045
v -5.028691 0.511872 16.891485
v -4.749302 0.771531 15.279773
v -4.518215 1.366834 13.784743
v -4.351177 2.257210 12.508280
v -4.259573 3.381983 11.537373
v -4.249644 4.664502 10.938187
v -4.322068 6.017363 10.751555
v -4.471909 7.348374 10.990197
v -4.688955 8.566826 11.637849
v -4.958416 9.589686 12.650374
v -5.261927 10.347246 13.958772
v -5.578806 10.787879 15.473877
v -5.887457 10.881559 17.092436
v -6.166846 10.621900 18.704149
v -6.397934 10.026598 20.199178
v -6.564971 9.136221 21.475641
v -6.656576 8.011448 22.446549
v -6.666504 6.728930 23.045735
v -6.594081 5.376068 23.232367
v -4.600703 5.801958 24.486411
v -4.464615 4.463345 24.238756
v -4.293842 3.230618 23.560722
v -4.100023 2.187784 22.498516
v -3.896365 1.405911 21.124525
v -3.696748 0.938283 19.532384
v -3.514775 0.816767 17.830596
v -3.362847 1.049645 16.135135
v -3.251319 1.621046 14.561542
v -3.187789 2.492031 13.217057
v -3.176589 3.603243 12.193303
v -3.218481 4.878954 11.560048
v -3.310610 6.232228 11.360446
v -3.446698 7.570841 11.608101
v -3.617471 8.803569 12.286136
v -3.811291 9.846403 13.348342
v -4.014948 10.628276 14.722333
v -4.214566 11.095904 16.314473
v -4.396539 11.217420 18.016261
v -4.548466 10.984542 19.711723
v -4.659995 10.413141 21.285315
v -4.723524 9.542156 22.629801
v -4.734724 8.430944 23.653555
v -4.692832 7.155232 24.286810
v -4.600703 5.801958 24.486411
v -2.504414 6.266852 25.000000
v -2.388558 4.916687 24.746898
v -2.281010 3.663345 24.051963
v -2.189099 2.592240 22.962553
v -2.119090 1.776367 21.552909
v -2.075753 1.271326 19.919096
v -2.062041 1.111534 18.172457
v -2.078889 1.307881 16.432022
v -2.125150 1.846986 14.816397
v -2.197669 2.692111 13.435687
v -2.291505 3.785660 12.383983
v -2.400264 5.053112 11.732958
v -2.516534 6.408090 11.526977
v -2.632390 7.758256 11.780079
v -2.739938 9.011597 12.475014
v -2.831849 10.082702 13.564425
v -2.901858 10.898575 14.974069
v -2.945195 11.403616 16.607881
v -2.958907 11.563408 18.354520
v -2.942059 11.367061 20.094956
v -2.895799 10.827956 21.710580
v -2.823279 9.982832 23.091290
v -2.729443 8.889282 24.142994
v -2.620684 7.621831 24.794020
v -2.504414 6.266852 25.000000
v -0.209308 6.704568 24.415458
v -0.170415 5.326302 24.170454
v -0.202258 4.037201 23.499726
v -0.302667 2.925115 22.448982
v -0.464798 2.065830 21.089829
v -0.677603 1.517905 19.514891
v -0.926579 1.318680 17.831498
v -1.194760 1.481733 16.154370
v -1.463868 1.995951 14.597800
v -1.715566 2.826291 13.267867
v -1.932699 3.916168 12.255202
v -2.100472 5.191307 11.628817
v -2.207449 6.564810 11.431400
v -2.246342 7.943076 11.676404
v -2.214499 9.232177 12.347132
v -2.114091 10.344263 13.397876
v -1.951960 11.203548 14.757029
v -1.739155 11.751473 16.331966
v -1.490179 11.950698 18.015359
v -1.221998 11.787645 19.692488
v -0.952889 11.273427 21.249057
v -0.701192 10.443087 22.578991
v -0.484058 9.353210 23.591656
v -0.316286 8.078071 24.218041
v -0.209308 6.704568 24.415458
v 1.969397 6.726711 22.202698
v 1.885575 5.320475 22.047680
v 1.671678 4.008274 21.522933
v 1.342282 2.879529 20.664218
v 0.919834 2.011165 19.530056
v 0.433125 1.462358 18.197736
v -0.084678 1.270509 16.758055
v -0.598287 1.448691 15.309125
v -1.072701 1.984763 13.949688
v -1.475589 2.842191 12.772387
v -1.779494 3.962544 11.857453
v -1.963707 5.269471 11.267238
v -2.015673 6.673907 11.041963
v -1.931852 8.080142 11.196981
v -1.717954 9.392344 11.721728
v -1.388558 10.521088 12.580443
v -0.966111 11.389452 13.714606
v -0.479401 11.938259 15.046925
v 0.038402 12.130108 16.486606
v 0.552011 11.951926 17.935536
v 1.026425 11.415854 19.294973
v 1.429312 10.558426 20.472274
v 1.733218 9.438073 21.387208
v 1.917431 8.131147 21.977424
v 1.969397 6.726711 22.202698
v 3.658070 6.459982 19.129810
v 3.523682 5.029919 19.051847
v 3.225431 3.700802 18.655163
v 2.783642 2.563206 17.966792
v 2.228423 1.694657 17.033644
v 1.597610 1.154346 15.919313
v 0.934192 0.979093 14.699738
v 0.283381 1.180843 13.458031
v -0.310472 1.745845 12.278813
v -0.806897 2.635597 11.242445
v -1.172063 3.789462 10.419554
v -1.381085 5.128807 9.866218
v -1.419718 6.562358 9.620148
v -1.285330 7.992421 9.698111
v -0.987079 9.321538 10.094795
v -0.545290 10.459134 10.783166
v 0.009929 11.327683 11.716314
v 0.640742 11.867994 12.830645
v 1.304160 12.043246 14.050220
v 1.954971 11.841497 15.291927
v 2.548824 11.276495 16.471145
v 3.045249 10.386743 17.507513
v 3.410415 9.232878 18.330404
v 3.619437 7.893533 18.883740
v 3.658070 6.459982 19.129810
v 5.028214 6.256791 15.818166
v 4.912050 4.792069 15.691989
v 4.611355 3.431611 15.282604
v 4.146619 2.268130 14.617909
v 3.549514 1.380916 13.743201
v 2.860733 0.830431 12.718092
v 2.127213 0.654189 11.612440
v 1.398944 0.864202 10.501593
v 0.725555 1.446156 9.461255
v 0.152938 2.360394 8.562322
v -0.279886 3.544610 7.866055
v -0.543420 4.918103 7.419904
v -0.619704 6.387272 7.254273
v -0.503540 7.851994 7.380449
v -0.202844 9.212452 7.789834
v 0.261892 10.375933 8.454530
v 0.858996 11.263146 9.329237
v 1.547778 11.813632 10.354346
v 2.281298 11.989873 11.459999
v 3.009567 11.779861 12.570845
v 3.682955 11.197906 13.611183
v 4.255573 10.283669 14.510116
v 4.688397 9.099452 15.206383
v 4.951930 7.725959 15.652535
v 5.028214 6.256791 15.818166
v 6.199357 6.351571 12.552380
v 6.150490 4.862949 12.227448
v 5.901764 3.478233 11.645832
v 5.470130 2.291789 10.847168
v 4.885002 1.384471 9.885884
v 4.186257 0.818111 8.827489
v 3.421513 0.631306 7.744111
v 2.642885 0.836787 6.709581
v 1.903436 1.420550 5.794400
v 1.253559 2.342812 5.060936
v 0.737540 3.540724 4.559174
v 0.390547 4.932649 4.323308
v 0.236225 6.423730 4.369412
v 0.285092 7.912352 4.694343
v 0.533818 9.297069 5.275959
v 0.965452 10.483513 6.074623
v 1.550580 11.390831 7.035908
v 2.249325 11.957191 8.094303
v 3.014069 12.143995 9.177681
v 3.792697 11.938515 10.212211
v 4.532146 11.354752 11.127392
v 5.182024 10.432489 11.860855
v 5.698042 9.234577 12.362617
v 6.045036 7.842652 12.598483
v 6.199357 6.351571 12.552380
v 7.186721 6.926951 9.673321
v 7.261470 5.496072 8.955506
v 7.123870 4.165148 8.002466
v 6.783297 3.024878 6.879151
v 6.262960 2.152970 5.662111
v 5.598321 1.608844 4.434286
v 4.834672 1.429579 3.279350
v 4.024056 1.627394 2.276011
v 3.221714 2.188806 1.492644
v 2.482325 3.075558 0.982634
v 1.856276 4.227218 0.780738
v 1.386233 5.565302 0.900715
v 1.104228 6.998623 1.334388
v 1.029478 8.429501 2.052203
v 1.167079 9.760425 3.005242
v 1.507652 10.900695 4.128558
v 2.027988 11.772603 5.345598
v 2.692628 12.316730 6.573423
v 3.456277 12.495994 7.728358
v 4.266893 12.298180 8.731697
v 5.069235 11.736767 9.515064
v 5.808624 10.850015 10.025074
v 6.434672 9.698355 10.226970
v 6.904715 8.360271 10.106994
v 7.186721 6.926951 9.673321
v 8.043745 8.216343 7.316810
v 8.284018 7.047785 6.079538
v 8.298651 5.964712 4.633759
v 8.086645 5.040936 3.078001
v 7.662450 4.339409 1.518287
v 7.054973 3.907939 0.060907
v 6.305612 3.775931 -1.194819
v 5.465436 3.952380 -2.163317
v 4.591701 4.425262 -2.778584
v 3.743951 5.162351 -2.998691
v 2.979958 6.113416 -2.808639
v 2.351787 7.213642 -2.221379
v 1.902248 8.388051 -1.276931
v 1.661974 9.556610 -0.039659
v 1.647342 10.639682 1.406120
v 1.859347 11.563459 2.961877
v 2.283543 12.264986 4.521592
v 2.891020 12.696455 5.978972
v 3.640381 12.828464 7.234698
v 4.480557 12.652014 8.203196
v 5.354292 12.179132 8.818463
v 6.202042 11.442043 9.038570
v 6.966035 10.490979 8.848518
v 7.594206 9.390753 8.261258
v 8.043745 8.216343 7.316810
v 8.832455 10.800922 5.173167
v 9.174035 9.932022 3.630401
v 9.279052 9.122773 1.899933
v 9.140350 8.428322 0.099691
v 8.767380 7.895996 -1.647640
v 8.185561 7.562072 -3.222984
v 7.434541 7.449306 -4.518984
v 6.565502 7.565383 -5.447318
v 5.637667 7.902393 -5.944723
v 4.714268 8.437369 -5.977301
v 3.858231 9.133853 -5.542833
v 3.127894 9.944381 -4.670925
v 2.573029 10.813717 -3.420999
v 2.231449 11.682617 -1.878233
v 2.126432 12.491866 -0.147765
v 2.265134 13.186317 1.652477
v 2.638104 13.718643 3.399809
v 3.219924 14.052567 4.975153
v 3.970943 14.165333 6.271152
v 4.839982 14.049256 7.199487
v 5.767817 13.712246 7.696892
v 6.691217 13.177270 7.729470
v 7.547254 12.480786 7.295001
v 8.277590 11.670258 6.423094
v 8.832455 10.800922 5.173167
v 9.530100 14.458044 3.049441
v 9.909216 13.749152 1.384937
v 10.045549 13.081521 -0.458330
v 9.929807 12.500652 -2.354744
v 9.569877 12.046128 -4.175067
v 8.990289 11.748925 -5.795248
v 8.230541 11.629297 -7.104874
v 7.342407 11.695396 -8.014695
v 6.386413 11.942718 -8.462709
v 5.427708 12.354408 -8.418386
v 4.531627 12.902410 -7.884744
v 3.759236 13.549379 -6.898151
v 3.163171 14.251224 -5.525842
v 2.784054 14.960117 -3.861338
v 2.647722 15.627747 -2.018071
v 2.763464 16.208617 -0.121657
v 3.123393 16.663141 1.698666
v 3.702981 16.960344 3.318847
v 4.462730 17.079972 4.628473
v 5.350864 17.013873 5.538294
v 6.306858 16.766551 5.986308
v 7.265562 16.354861 5.941985
v 8.161644 15.806859 5.408343
v 8.934035 15.159890 4.421750
v 9.530100 14.458044 3.049441
v 10.126564 18.571710 1.069503
v 10.522306 17.944592 -0.655711
v 10.671513 17.349291 -2.556645
v 10.564016 16.826376 -4.503754
v 10.207141 16.411481 -6.364345
v 9.625209 16.132883 -8.011622
v 8.857876 16.009566 -9.333326
v 7.957437 16.049934 -10.239385
v 6.985253 16.251237 -10.668052
v 6.007578 16.599756 -10.590115
v 5.091039 17.071740 -10.010885
v 4.298097 17.635024 -8.969834
v 3.682788 18.251221 -7.537911
v 3.287046 18.878339 -5.812696
v 3.137839 19.473640 -3.911762
v 3.245336 19.996555 -1.964653
v 3.602211 20.411450 -0.104062
v 4.184144 20.690048 1.543215
v 4.951476 20.813365 2.864919
v 5.851916 20.772997 3.770978
v 6.824099 20.571694 4.199645
v 7.801774 20.223175 4.121708
v 8.718313 19.751191 3.542477
v 9.511256 19.187907 2.501427
v 10.126564 18.571710 1.069503
v 10.628076 22.631760 -0.695116
v 11.031977 22.039727 -2.452625
v 11.186788 21.475322 -4.385316
v 11.081959 20.977008 -6.361479
v 10.724634 20.578745 -8.246441
v 10.139164 20.307673 -9.911746
v 9.365448 20.182266 -11.243905
v 8.456213 20.211070 -12.152134
v 7.473422 20.392122 -12.574539
v 6.484052 20.713083 -12.482334
v 5.555525 21.152081 -11.881802
v 4.751119 21.679199 -10.813869
v 4.125653 22.258514 -9.351312
v 3.721753 22.850547 -7.593802
v 3.566942 23.414952 -5.661111
v 3.671771 23.913266 -3.684948
v 4.029095 24.311529 -1.799986
v 4.614565 24.582601 -0.134682
v 5.388281 24.708008 1.197477
v 6.297516 24.679204 2.105706
v 7.280307 24.498152 2.528112
v 8.269677 24.177191 2.435906
v 9.198204 23.738193 1.835374
v 10.002610 23.211075 0.767441
v 10.628076 22.631760 -0.695116
v 11.035425 26.105453 -2.157220
v 11.441011 25.500777 -3.922596
v 11.595959 24.924872 -5.864743
v 11.489712 24.416987 -7.851308
v 11.129509 24.011732 -9.746909
v 10.539897 23.736724 -11.422364
v 9.761059 23.610706 -12.763494
v 8.846069 23.642265 -13.678904
v 7.857284 23.829251 -14.106208
v 6.862087 24.158920 -14.016288
v 5.928300 24.608806 -13.415271
v 5.119558 25.148251 -12.344115
v 4.490976 25.740492 -10.875819
v 4.085390 26.345168 -9.110443
v 3.930442 26.921072 -7.168296
v 4.036689 27.428958 -5.181732
v 4.396892 27.834213 -3.286131
v 4.986504 28.109220 -1.610675
v 5.765342 28.235238 -0.269545
v 6.680332 28.203679 0.645864
v 7.669117 28.016694 1.073169
v 8.664314 27.687025 0.983248
v 9.598101 27.237138 0.382232
v 10.406843 26.697694 -0.688924
v 11.035425 26.105453 -2.157220
v 11.350648 28.478985 -3.235907
v 11.755053 27.844088 -4.998037
v 11.907896 27.241099 -6.939218
v 11.798763 26.711110 -8.927162
v 11.435091 26.290240 -10.826394
v 10.841663 26.007169 -12.507484
v 10.058920 25.881188 -13.855868
v 9.140205 25.920884 -14.779657
v 8.148127 26.123550 -15.215897
v 7.150294 26.475376 -15.134857
v 6.214707 26.952384 -14.542060
v 5.405125 27.522069 -13.477906
v 4.776720 28.145606 -12.014913
v 4.372315 28.780503 -10.252783
v 4.219472 29.383492 -8.311602
v 4.328605 29.913481 -6.323659
v 4.692277 30.334351 -4.424427
v 5.285705 30.617422 -2.743337
v 6.068448 30.743403 -1.394952
v 6.987163 30.703707 -0.471163
v 7.979241 30.501041 -0.034924
v 8.977074 30.149215 -0.115964
v 9.912661 29.672206 -0.708760
v 10.722243 29.102522 -1.772915
v 11.350648 28.478985 -3.235907
v -26.964109 3.299673 -18.270760
v 8.063684 28.312295 -7.625410
vt 0.0078125 0.9921875
vt 0.0078125 0.9667969
vt 0.0078125 0.9414062
vt 0.0078125 0.9160156
vt 0.0078125 0.8906250
vt 0.0078125 0.8652344
vt 0.0078125 0.8398438
vt 0.0078125 0.8144531
vt 0.0078125 0.7890625
vt 0.0078125 0.7636719
vt 0.0078125 0.7382812
vt 0.0078125 0.7128906
vt 0.0078125 0.6875000
vt 0.0078125 0.6621094
vt 0.0078125 0.6367188
vt 0.0078125 0.6113281
vt 0.0078125 0.5859375
vt 0.0078125 0.5605469
vt 0.0078125 0.5351562
vt 0.0078125 0.5097656
vt 0.0078125 0.4843750
vt 0.0078125 0.4589844
vt 0.0078125 0.4335938
vt 0.0078125 0.4082031
vt 0.0078125 0.3828125
vt 0.0351562 0.9921875
vt 0.0351562 0.9667969
vt 0.0351562 0.9414062
vt 0.0351562 0.9160156
vt 0.0351562 0.8906250
vt 0.0351562 0.8652344
vt 0.0351562 0.8398438
vt 0.0351562 0.8144531
vt 0.0351562 0.7890625
vt 0.0351562 0.7636719
vt 0.0351562 0.7382812
vt 0.0351562 0.7128906
vt 0.0351562 0.6875000
vt 0.0351562 0.6621094
vt 0.0351562 0.6367188
vt 0.0351562 0.6113281
vt 0.0351562 0.5859375
vt 0.0351562 0.5605469
vt 0.0351562 0.5351562
vt 0.0351562 0.5097656
vt 0.0351562 0.4843750
vt 0.0351562 0.4589844
vt 0.0351562 0.4335938
vt 0.0351562 0.4082031
vt 0.0351562 0.3828125
vt 0.0625000 0.9921875
vt 0.0625000 0.9667969
vt 0.0625000 0.9414062
vt 0.0625000 0.9160156
vt 0.0625000 0.8906250
vt 0.0625000 0.8652344
vt 0.0625000 0.8398438
vt 0.0625000 0.8144531
vt 0.0625000 0.7890625
vt 0.0625000 0.7636719
vt 0.0625000 0.7382812
vt 0.0625000 0.7128906
vt 0.0625000 0.6875000
vt 0.0625000 0.6621094
vt 0.0625000 0.6367188
vt 0.0625000 0.6113281
vt 0.0625000 0.5859375
vt 0.0625000 0.5605469
vt 0.0625000 0.5351562
vt 0.0625000 0.5097656
vt 0.0625000 0.4843750
vt 0.0625000 0.4589844
vt 0.0625000 0.4335938
vt 0.0625000 0.4082031
vt 0.0625000 0.3828125
vt 0.0898438 0.9921875
vt 0.0898438 0.9667969
vt 0.0898438 0.9414062
vt 0.0898438 0.9160156
vt 0.0898438 0.8906250
vt 0.0898438 0.8652344
vt 0.0898438 0.8398438
vt 0.0898438 0.8144531
vt 0.0898438 0.7890625
vt 0.0898438 0.7636719
vt 0.0898438 0.7382812
vt 0.0898438 0.7128906
vt 0.0898438 0.6875000
vt 0.0898438 0.6621094
vt 0.0898438 0.6367188
vt 0.0898438 0.6113281
vt 0.0898438 0.5859375
vt 0.0898438 0.5605469
vt 0.0898438 0.5351562
vt 0.0898438 0.5097656
vt 0.0898438 0.4843750
vt 0.0898438 0.4589844
vt 0.0898438 0.4335938
vt 0.0898438 0.4082031
vt 0.0898438 0.3828125
vt 0.1171875 0.9921875
vt 0.1171875 0.9667969
vt 0.1171875 0.9414062
vt 0.1171875 0.9160156
vt 0.1171875 0.8906250
vt 0.1171875 0.8652344
vt 0.1171875 0.8398438
vt 0.1171875 0.8144531
vt 0.1171875 0.7890625
vt 0.1171875 0.7636719
vt 0.1171875 0.7382812
vt 0.1171875 0.7128906
vt 0.1171875 0.6875000
vt 0.1171875 0.6621094
vt 0.1171875 0.6367188
vt 0.1171875 0.6113281
vt 0.1171875 0.5859375
vt 0.1171875 0.5605469
vt 0.1171875 0.5351562
vt 0.1171875 0.5097656
vt 0.1171875 0.4843750
vt 0.1171875 0.4589844
vt 0.1171875 0.4335938
vt 0.1171875 0.4082031
vt 0.1171875 0.3828125
vt 0.1445312 0.9921875
vt 0.1445312 0.9667969
vt 0.1445312 0.9414062
vt 0.1445312 0.9160156
vt 0.1445312 0.8906250
vt 0.1445312 0.8652344
vt 0.1445312 0.8398438
vt 0.1445312 0.8144531
vt 0.1445312 0.7890625
vt 0.1445312 0.7636719
vt 0.1445312 0.7382812
vt 0.1445312 0.7128906
vt 0.1445312 0.6875000
vt 0.1445312 0.6621094
vt 0.1445312 0.6367188
vt 0.1445312 0.6113281
vt 0.1445312 0.5859375
vt 0.1445312 0.5605469
vt 0.1445312 0.5351562
vt 0.1445312 0.5097656
vt 0.1445312 0.4843750
vt 0.1445312 0.4589844
vt 0.1445312 0.4335938
vt 0.1445312 0.4082031
vt 0.1445312 0.3828125
vt 0.1718750 0.9921875
vt 0.1718750 0.9667969
vt 0.1718750 0.9414062
vt 0.1718750 0.9160156
vt 0.1718750 0.8906250
vt 0.1718750 0.8652344
vt 0.1718750 0.8398438
vt 0.1718750 0.8144531
vt 0.1718750 0.7890625
vt 0.1718750 0.7636719
vt 0.1718750 0.7382812
vt 0.1718750 0.7128906
vt 0.1718750 0.6875000
vt 0.1718750 0.6621094
vt 0.1718750 0.6367188
vt 0.1718750 0.6113281
vt 0.1718750 0.5859375
vt 0.1718750 0.5605469
vt 0.1718750 0.5351562
vt 0.1718750 0.5097656
vt 0.1718750 0.4843750
vt 0.1718750 0.4589844
vt 0.1718750 0.4335938
vt 0.1718750 0.4082031
vt 0.1718750 0.3828125
vt 0.1992188 0.9921875
vt 0.1992188 0.9667969
vt 0.1992188 0.9414062
vt 0.1992188 0.9160156
vt 0.1992188 0.8906250
vt 0.1992188 0.8652344
vt 0.1992188 0.8398438
vt 0.1992188 0.8144531
vt 0.1992188 0.7890625
vt 0.1992188 0.7636719
vt 0.1992188 0.7382812
vt 0.1992188 0.7128906
vt 0.1992188 0.6875000
vt 0.1992188 0.6621094
vt 0.1992188 0.6367188
vt 0.1992188 0.6113281
vt 0.1992188 0.5859375
vt 0.1992188 0.5605469
vt 0.1992188 0.5351562
vt 0.1992188 0.5097656
vt 0.1992188 0.4843750
vt 0.1992188 0.4589844
vt 0.1992188 0.4335938
vt 0.1992188 0.4082031
vt 0.1992188 0.3828125
vt 0.2265625 0.9921875
vt 0.2265625 0.9667969
vt 0.2265625 0.9414062
vt 0.2265625 0.9160156
vt 0.2265625 0.8906250
vt 0.2265625 0.8652344
vt 0.2265625 0.8398438
vt 0.2265625 0.8144531
vt 0.2265625 0.7890625
vt 0.2265625 0.7636719
vt 0.2265625 0.7382812
vt 0.2265625 0.7128906
vt 0.2265625 0.6875000
vt 0.2265625 0.6621094
vt 0.2265625 0.6367188
vt 0.2265625 0.6113281
vt 0.2265625 0.5859375
vt 0.2265625 0.5605469
vt 0.2265625 0.5351562
vt 0.2265625 0.5097656
vt 0.2265625 0.4843750
vt 0.2265625 0.4589844
vt 0.2265625 0.4335938
vt 0.2265625 0.4082031
vt 0.2265625 0.3828125
vt 0.2539062 0.9921875
vt 0.2539062 0.9667969
vt 0.2539062 0.9414062
vt 0.2539062 0.9160156
vt 0.2539062 0.8906250
vt 0.2539062 0.8652344
vt 0.2539062 0.8398438
vt 0.2539062 0.8144531
vt 0.2539062 0.7890625
vt 0.2539062 0.7636719
vt 0.2539062 0.7382812
vt 0.2539062 0.7128906
vt 0.2539062 0.6875000
vt 0.2539062 0.6621094
vt 0.2539062 0.6367188
vt 0.2539062 0.6113281
vt 0.2539062 0.5859375
vt 0.2539062 0.5605469
vt 0.2539062 0.5351562
vt 0.2539062 0.5097656
vt 0.2539062 0.4843750
vt 0.2539062 0.4589844
vt 0.2539062 0.4335938
vt 0.2539062 0.4082031
vt 0.2539062 0.3828125
vt 0.2812500 0.9921875
vt 0.2812500 0.9667969
vt 0.2812500 0.9414062
vt 0.2812500 0.9160156
vt 0.2812500 0.8906250
vt 0.2812500 0.8652344
vt 0.2812500 0.8398438
vt 0.2812500 0.8144531
vt 0.2812500 0.7890625
vt 0.2812500 0.7636719
vt 0.2812500 0.7382812
vt 0.2812500 0.7128906
vt 0.2812500 0.6875000
vt 0.2812500 0.6621094
vt 0.2812500 0.6367188
vt 0.2812500 0.6113281
vt 0.2812500 0.5859375
vt 0.2812500 0.5605469
vt 0.2812500 0.5351562
vt 0.2812500 0.5097656
vt 0.2812500 0.4843750
vt 0.2812500 0.4589844
vt 0.2812500 0.4335938
vt 0.2812500 0.4082031
vt 0.2812500 0.3828125
vt 0.3085938 0.9921875
vt 0.3085938 0.9667969
vt 0.3085938 0.9414062
vt 0.3085938 0.9160156
vt 0.3085938 0.8906250
vt 0.3085938 0.8652344
vt 0.3085938 0.8398438
vt 0.3085938 0.8144531
vt 0.3085938 0.7890625
vt 0.3085938 0.7636719
vt 0.3085938 0.7382812
vt 0.3085938 0.7128906
vt 0.3085938 0.6875000
vt 0.3085938 0.6621094
vt 0.3085938 0.6367188
vt 0.3085938 0.6113281
vt 0.3085938 0.5859375
vt 0.3085938 0.5605469
vt 0.3085938 0.5351562
vt 0.3085938 0.5097656
vt 0.3085938 0.4843750
vt 0.3085938 0.4589844
vt 0.3085938 0.4335938
vt 0.3085938 0.4082031
vt 0.3085938 0.3828125
vt 0.3359375 0.9921875
vt 0.3359375 0.9667969
vt 0.3359375 0.9414062
vt 0.3359375 0.9160156
vt 0.3359375 0.8906250
vt 0.3359375 0.8652344
vt 0.3359375 0.8398438
vt 0.3359375 0.8144531
vt 0.3359375 0.7890625
vt 0.3359375 0.7636719
vt 0.3359375 0.7382812
vt 0.3359375 0.7128906
vt 0.3359375 0.6875000
vt 0.3359375 0.6621094
vt 0.3359375 0.6367188
vt 0.3359375 0.6113281
vt 0.3359375 0.5859375
vt 0.3359375 0.5605469
vt 0.3359375 0.5351562
vt 0.3359375 0.5097656
vt 0.3359375 0.4843750
vt 0.3359375 0.4589844
vt 0.3359375 0.4335938
vt 0.3359375 0.4082031
vt 0.3359375 0.3828125
vt 0.3632812 0.9921875
vt 0.3632812 0.9667969
vt 0.3632812 0.9414062
vt 0.3632812 0.9160156
vt 0.3632812 0.8906250
vt 0.3632812 0.8652344
vt 0.3632812 0.8398438
vt 0.3632812 0.8144531
vt 0.3632812 0.7890625
vt 0.3632812 0.7636719
vt 0.3632812 0.7382812
vt 0.3632812 0.7128906
vt 0.3632812 0.6875000
vt 0.3632812 0.6621094
vt 0.3632812 0.6367188
vt 0.3632812 0.6113281
vt 0.3632812 0.5859375
vt 0.3632812 0.5605469
vt 0.3632812 0.5351562
vt 0.3632812 0.5097656
vt 0.3632812 0.4843750
vt 0.3632812 0.4589844
vt 0.3632812 0.4335938
vt 0.3632812 0.4082031
vt 0.3632812 0.3828125
vt 0.3906250 0.9921875
vt 0.3906250 0.9667969
vt 0.3906250 0.9414062
vt 0.3906250 0.9160156
vt 0.3906250 0.8906250
vt 0.3906250 0.8652344
vt 0.3906250 0.8398438
vt 0.3906250 0.8144531
vt 0.3906250 0.7890625
vt 0.3906250 0.7636719
vt 0.3906250 0.7382812
vt 0.3906250 0.7128906
vt 0.3906250 0.6875000
vt 0.3906250 0.6621094
vt 0.3906250 0.6367188
vt 0.3906250 0.6113281
vt 0.3906250 0.5859375
vt 0.3906250 0.5605469
vt 0.3906250 0.5351562
vt 0.3906250 0.5097656
vt 0.3906250 0.4843750
vt 0.3906250 0.4589844
vt 0.3906250 0.4335938
vt 0.3906250 0.4082031
vt 0.3906250 0.3828125
vt 0.4179688 0.9921875
vt 0.4179688 0.9667969
vt 0.4179688 0.9414062
vt 0.4179688 0.9160156
vt 0.4179688 0.8906250
vt 0.4179688 0.8652344
vt 0.4179688 0.8398438
vt 0.4179688 0.8144531
vt 0.4179688 0.7890625
vt 0.4179688 0.7636719
vt 0.4179688 0.7382812
vt 0.4179688 0.7128906
vt 0.4179688 0.6875000
vt 0.4179688 0.6621094
vt 0.4179688 0.6367188
vt 0.4179688 0.6113281
vt 0.4179688 0.5859375
vt 0.4179688 0.5605469
vt 0.4179688 0.5351562
vt 0.4179688 0.5097656
vt 0.4179688 0.4843750
vt 0.4179688 0.4589844
vt 0.4179688 0.4335938
vt 0.4179688 0.4082031
vt 0.4179688 0.3828125
vt 0.4453125 0.9921875
vt 0.4453125 0.9667969
vt 0.4453125 0.9414062
vt 0.4453125 0.9160156
vt 0.4453125 0.8906250
vt 0.4453125 0.8652344
vt 0.4453125 0.8398438
vt 0.4453125 0.8144531
vt 0.4453125 0.7890625
vt 0.4453125 0.7636719
vt 0.4453125 0.7382812
vt 0.4453125 0.7128906
vt 0.4453125 0.6875000
vt 0.4453125 0.6621094
vt 0.4453125 0.6367188
vt 0.4453125 0.6113281
vt 0.4453125 0.5859375
vt 0.4453125 0.5605469
vt 0.4453125 0.5351562
vt 0.4453125 0.5097656
vt 0.4453125 0.4843750
vt 0.4453125 0.4589844
vt 0.4453125 0.4335938
vt 0.4453125 0.4082031
vt 0.4453125 0.3828125
vt 0.4726562 0.9921875
vt 0.4726562 0.9667969
vt 0.4726562 0.9414062
vt 0.4726562 0.9160156
vt 0.4726562 0.8906250
vt 0.4726562 0.8652344
vt 0.4726562 0.8398438
vt 0.4726562 0.8144531
vt 0.4726562 0.7890625
vt 0.4726562 0.7636719
vt 0.4726562 0.7382812
vt 0.4726562 0.7128906
vt 0.4726562 0.6875000
vt 0.4726562 0.6621094
vt 0.4726562 0.6367188
vt 0.4726562 0.6113281
vt 0.4726562 0.5859375
vt 0.4726562 0.5605469
vt 0.4726562 0.5351562
vt 0.4726562 0.5097656
vt 0.4726562 0.4843750
vt 0.4726562 0.4589844
vt 0.4726562 0.4335938
vt 0.4726562 0.4082031
vt 0.4726562 0.3828125
vt 0.5000000 0.9921875
vt 0.5000000 0.9667969
vt 0.5000000 0.9414062
vt 0.5000000 0.9160156
vt 0.5000000 0.8906250
vt 0.5000000 0.8652344
vt 0.5000000 0.8398438
vt 0.5000000 0.8144531
vt 0.5000000 0.7890625
vt 0.5000000 0.7636719
vt 0.5000000 0.7382812
vt 0.5000000 0.7128906
vt 0.5000000 0.6875000
vt 0.5000000 0.6621094
vt 0.5000000 0.6367188
vt 0.5000000 0.6113281
vt 0.5000000 0.5859375
vt 0.5000000 0.5605469
vt 0.5000000 0.5351562
vt 0.5000000 0.5097656
vt 0.5000000 0.4843750
vt 0.5000000 0.4589844
vt 0.5000000 0.4335938
vt 0.5000000 0.4082031
vt 0.5000000 0.3828125
vt 0.5273438 0.9921875
vt 0.5273438 0.9667969
vt 0.5273438 0.9414062
vt 0.5273438 0.9160156
vt 0.5273438 0.8906250
vt 0.5273438 0.8652344
vt 0.5273438 0.8398438
vt 0.5273438 0.8144531
vt 0.5273438 0.7890625
vt 0.5273438 0.7636719
vt 0.5273438 0.7382812
vt 0.5273438 0.7128906
vt 0.5273438 0.6875000
vt 0.5273438 0.6621094
vt 0.5273438 0.6367188
vt 0.5273438 0.6113281
vt 0.5273438 0.5859375
vt 0.5273438 0.5605469
vt 0.5273438 0.5351562
vt 0.5273438 0.5097656
vt 0.5273438 0.4843750
vt 0.5273438 0.4589844
vt 0.5273438 0.4335938
vt 0.5273438 0.4082031
vt 0.5273438 0.3828125
vt 0.5546875 0.9921875
vt 0.5546875 0.9667969
vt 0.5546875 0.9414062
vt 0.5546875 0.9160156
vt 0.5546875 0.8906250
vt 0.5546875 0.8652344
vt 0.5546875 0.8398438
vt 0.5546875 0.8144531
vt 0.5546875 0.7890625
vt 0.5546875 0.7636719
vt 0.5546875 0.7382812
vt 0.5546875 0.7128906
vt 0.5546875 0.6875000
vt 0.5546875 0.6621094
vt 0.5546875 0.6367188
vt 0.5546875 0.6113281
vt 0.5546875 0.5859375
vt 0.5546875 0.5605469
vt 0.5546875 0.5351562
vt 0.5546875 0.5097656
vt 0.5546875 0.4843750
vt 0.5546875 0.4589844
vt 0.5546875 0.4335938
vt 0.5546875 0.4082031
vt 0.5546875 0.3828125
vt 0.5820312 0.9921875
vt 0.5820312 0.9667969
vt 0.5820312 0.9414062
vt 0.5820312 0.9160156
vt 0.5820312 0.8906250
vt 0.5820312 0.8652344
vt 0.5820312 0.8398438
vt 0.5820312 0.8144531
vt 0.5820312 0.7890625
vt 0.5820312 0.7636719
vt 0.5820312 0.7382812
vt 0.5820312 0.7128906
vt 0.5820312 0.6875000
vt 0.5820312 0.6621094
vt 0.5820312 0.6367188
vt 0.5820312 0.6113281
vt 0.5820312 0.5859375
vt 0.5820312 0.5605469
vt 0.5820312 0.5351562
vt 0.5820312 0.5097656
vt 0.5820312 0.4843750
vt 0.5820312 0.4589844
vt 0.5820312 0.4335938
vt 0.5820312 0.4082031
vt 0.5820312 0.3828125
vt 0.6093750 0.9921875
vt 0.6093750 0.9667969
vt 0.6093750 0.9414062
vt 0.6093750 0.9160156
vt 0.6093750 0.8906250
vt 0.6093750 0.8652344
vt 0.6093750 0.8398438
vt 0.6093750 0.8144531
vt 0.6093750 0.7890625
vt 0.6093750 0.7636719
vt 0.6093750 0.7382812
vt 0.6093750 0.7128906
vt 0.6093750 0.6875000
vt 0.6093750 0.6621094
vt 0.6093750 0.6367188
vt 0.6093750 0.6113281
vt 0.6093750 0.5859375
vt 0.6093750 0.5605469
vt 0.6093750 0.5351562
vt 0.6093750 0.5097656
vt 0.6093750 0.4843750
vt 0.6093750 0.4589844
vt 0.6093750 0.4335938
vt 0.6093750 0.4082031
vt 0.6093750 0.3828125
vt 0.6367188 0.9921875
vt 0.6367188 0.9667969
vt 0.6367188 0.9414062
vt 0.6367188 0.9160156
vt 0.6367188 0.8906250
vt 0.6367188 0.8652344
vt 0.6367188 0.8398438
vt 0.6367188 0.8144531
vt 0.6367188 0.7890625
vt 0.6367188 0.7636719
vt 0.6367188 0.7382812
vt 0.6367188 0.7128906
vt 0.6367188 0.6875000
vt 0.6367188 0.6621094
vt 0.6367188 0.6367188
vt 0.6367188 0.6113281
vt 0.6367188 0.5859375
vt 0.6367188 0.5605469
vt 0.6367188 0.5351562
vt 0.6367188 0.5097656
vt 0.6367188 0.4843750
vt 0.6367188 0.4589844
vt 0.6367188 0.4335938
vt 0.6367188 0.4082031
vt 0.6367188 0.3828125
vt 0.6640625 0.9921875
vt 0.6640625 0.9667969
vt 0.6640625 0.9414062
vt 0.6640625 0.9160156
vt 0.6640625 0.8906250
vt 0.6640625 0.8652344
vt 0.6640625 0.8398438
vt 0.6640625 0.8144531
vt 0.6640625 0.7890625
vt 0.6640625 0.7636719
vt 0.6640625 0.7382812
vt 0.6640625 0.7128906
vt 0.6640625 0.6875000
vt 0.6640625 0.6621094
vt 0.6640625 0.6367188
vt 0.6640625 0.6113281
vt 0.6640625 0.5859375
vt 0.6640625 0.5605469
vt 0.6640625 0.5351562
vt 0.6640625 0.5097656
vt 0.6640625 0.4843750
vt 0.6640625 0.4589844
vt 0.6640625 0.4335938
vt 0.6640625 0.4082031
vt 0.6640625 0.3828125
vt 0.6914062 0.9921875
vt 0.6914062 0.9667969
vt 0.6914062 0.9414062
vt 0.6914062 0.9160156
vt 0.6914062 0.8906250
vt 0.6914062 0.8652344
vt 0.6914062 0.8398438
vt 0.6914062 0.8144531
vt 0.6914062 0.7890625
vt 0.6914062 0.7636719
vt 0.6914062 0.7382812
vt 0.6914062 0.7128906
vt 0.6914062 0.6875000
vt 0.6914062 0.6621094
vt 0.6914062 0.6367188
vt 0.6914062 0.6113281
vt 0.6914062 0.5859375
vt 0.6914062 0.5605469
vt 0.6914062 0.5351562
vt 0.6914062 0.5097656
vt 0.6914062 0.4843750
vt 0.6914062 0.4589844
vt 0.6914062 0.4335938
vt 0.6914062 0.4082031
vt 0.6914062 0.3828125
vt 0.7187500 0.9921875
vt 0.7187500 0.9667969
vt 0.7187500 0.9414062
vt 0.7187500 0.9160156
vt 0.7187500 0.8906250
vt 0.7187500 0.8652344
vt 0.7187500 0.8398438
vt 0.7187500 0.8144531
vt 0.7187500 0.7890625
vt 0.7187500 0.7636719
vt 0.7187500 0.7382812
vt 0.7187500 0.7128906
vt 0.7187500 0.6875000
vt 0.7187500 0.6621094
vt 0.7187500 0.6367188
vt 0.7187500 0.6113281
vt 0.7187500 0.5859375
vt 0.7187500 0.5605469
vt 0.7187500 0.5351562
vt 0.7187500 0.5097656
vt 0.7187500 0.4843750
vt 0.7187500 0.4589844
vt 0.7187500 0.4335938
vt 0.7187500 0.4082031
vt 0.7187500 0.3828125
vt 0.7460938 0.9921875
vt 0.7460938 0.9667969
vt 0.7460938 0.9414062
vt 0.7460938 0.9160156
vt 0.7460938 0.8906250
vt 0.7460938 0.8652344
vt 0.7460938 0.8398438
vt 0.7460938 0.8144531
vt 0.7460938 0.7890625
vt 0.7460938 0.7636719
vt 0.7460938 0.7382812
vt 0.7460938 0.7128906
vt 0.7460938 0.6875000
vt 0.7460938 0.6621094
vt 0.7460938 0.6367188
vt 0.7460938 0.6113281
vt 0.7460938 0.5859375
vt 0.7460938 0.5605469
vt 0.7460938 0.5351562
vt 0.7460938 0.5097656
vt 0.7460938 0.4843750
vt 0.7460938 0.4589844
vt 0.7460938 0.4335938
vt 0.7460938 0.4082031
vt 0.7460938 0.3828125
vt 0.7734375 0.9921875
vt 0.7734375 0.9667969
vt 0.7734375 0.9414062
vt 0.7734375 0.9160156
vt 0.7734375 0.8906250
vt 0.7734375 0.8652344
vt 0.7734375 0.8398438
vt 0.7734375 0.8144531
vt 0.7734375 0.7890625
vt 0.7734375 0.7636719
vt 0.7734375 0.7382812
vt 0.7734375 0.7128906
vt 0.7734375 0.6875000
vt 0.7734375 0.6621094
vt 0.7734375 0.6367188
vt 0.7734375 0.6113281
vt 0.7734375 0.5859375
vt 0.7734375 0.5605469
vt 0.7734375 0.5351562
vt 0.7734375 0.5097656
vt 0.7734375 0.4843750
vt 0.7734375 0.4589844
vt 0.7734375 0.4335938
vt 0.7734375 0.4082031
vt 0.7734375 0.3828125
vt 0.8007812 0.9921875
vt 0.8007812 0.9667969
vt 0.8007812 0.9414062
vt 0.8007812 0.9160156
vt 0.8007812 0.8906250
vt 0.8007812 0.8652344
vt 0.8007812 0.8398438
vt 0.8007812 0.8144531
vt 0.8007812 0.7890625
vt 0.8007812 0.7636719
vt 0.8007812 0.7382812
vt 0.8007812 0.7128906
vt 0.8007812 0.6875000
vt 0.8007812 0.6621094
vt 0.8007812 0.6367188
vt 0.8007812 0.6113281
vt 0.8007812 0.5859375
vt 0.8007812 0.5605469
vt 0.8007812 0.5351562
vt 0.8007812 0.5097656
vt 0.8007812 0.4843750
vt 0.8007812 0.4589844
vt 0.8007812 0.4335938
vt 0.8007812 0.4082031
vt 0.8007812 0.3828125
vt 0.8281250 0.9921875
vt 0.8281250 0.9667969
vt 0.8281250 0.9414062
vt 0.8281250 0.9160156
vt 0.8281250 0.8906250
vt 0.8281250 0.8652344
vt 0.8281250 0.8398438
vt 0.8281250 0.8144531
vt 0.8281250 0.7890625
vt 0.8281250 0.7636719
vt 0.8281250 0.7382812
vt 0.8281250 0.7128906
vt 0.8281250 0.6875000
vt 0.8281250 0.6621094
vt 0.8281250 0.6367188
vt 0.8281250 0.6113281
vt 0.8281250 0.5859375
vt 0.8281250 0.5605469
vt 0.8281250 0.5351562
vt 0.8281250 0.5097656
vt 0.8281250 0.4843750
vt 0.8281250 0.4589844
vt 0.8281250 0.4335938
vt 0.8281250 0.4082031
vt 0.8281250 0.3828125
vt 0.8554688 0.9921875
vt 0.8554688 0.9667969
vt 0.8554688 0.9414062
vt 0.8554688 0.9160156
vt 0.8554688 0.8906250
vt 0.8554688 0.8652344
vt 0.8554688 0.8398438
vt 0.8554688 0.8144531
vt 0.8554688 0.7890625
vt 0.8554688 0.7636719
vt 0.8554688 0.7382812
vt 0.8554688 0.7128906
vt 0.8554688 0.6875000
vt 0.8554688 0.6621094
vt 0.8554688 0.6367188
vt 0.8554688 0.6113281
vt 0.8554688 0.5859375
vt 0.8554688 0.5605469
vt 0.8554688 0.5351562
vt 0.8554688 0.5097656
vt 0.8554688 0.4843750
vt 0.8554688 0.4589844
vt 0.8554688 0.4335938
vt 0.8554688 0.4082031
vt 0.8554688 0.3828125
vt 0.8828125 0.9921875
vt 0.8828125 0.9667969
vt 0.8828125 0.9414062
vt 0.8828125 0.9160156
vt 0.8828125 0.8906250
vt 0.8828125 0.8652344
vt 0.8828125 0.8398438
vt 0.8828125 0.8144531
vt 0.8828125 0.7890625
vt 0.8828125 0.7636719
vt 0.8828125 0.7382812
vt 0.8828125 0.7128906
vt 0.8828125 0.6875000
vt 0.8828125 0.6621094
vt 0.8828125 0.6367188
vt 0.8828125 0.6113281
vt 0.8828125 0.5859375
vt 0.8828125 0.5605469
vt 0.8828125 0.5351562
vt 0.8828125 0.5097656
vt 0.8828125 0.4843750
vt 0.8828125 0.4589844
vt 0.8828125 0.4335938
vt 0.8828125 0.4082031
vt 0.8828125 0.3828125
vt 0.9101562 0.9921875
vt 0.9101562 0.9667969
vt 0.9101562 0.9414062
vt 0.9101562 0.9160156
vt 0.9101562 0.8906250
vt 0.9101562 0.8652344
vt 0.9101562 0.8398438
vt 0.9101562 0.8144531
vt 0.9101562 0.7890625
vt 0.9101562 0.7636719
vt 0.9101562 0.7382812
vt 0.9101562 0.7128906
vt 0.9101562 0.6875000
vt 0.9101562 0.6621094
vt 0.9101562 0.6367188
vt 0.9101562 0.6113281
vt 0.9101562 0.5859375
vt 0.9101562 0.5605469
vt 0.9101562 0.5351562
vt 0.9101562 0.5097656
vt 0.9101562 0.4843750
vt 0.9101562 0.4589844
vt 0.9101562 0.4335938
vt 0.9101562 0.4082031
vt 0.9101562 0.3828125
vt 0.9375000 0.9921875
vt 0.9375000 0.9667969
vt 0.9375000 0.9414062
vt 0.9375000 0.9160156
vt 0.9375000 0.8906250
vt 0.9375000 0.8652344
vt 0.9375000 0.8398438
vt 0.9375000 0.8144531
vt 0.9375000 0.7890625
vt 0.9375000 0.7636719
vt 0.9375000 0.7382812
vt 0.9375000 0.7128906
vt 0.9375000 0.6875000
vt 0.9375000 0.6621094
vt 0.9375000 0.6367188
vt 0.9375000 0.6113281
vt 0.9375000 0.5859375
vt 0.9375000 0.5605469
vt 0.9375000 0.5351562
vt 0.9375000 0.5097656
vt 0.9375000 0.4843750
vt 0.9375000 0.4589844
vt 0.9375000 0.4335938
vt 0.9375000 0.4082031
vt 0.9375000 0.3828125
vt 0.9648438 0.9921875
vt 0.9648438 0.9667969
vt 0.9648438 0.9414062
vt 0.9648438 0.9160156
vt 0.9648438 0.8906250
vt 0.9648438 0.8652344
vt 0.9648438 0.8398438
vt 0.9648438 0.8144531
vt 0.9648438 0.7890625
vt 0.9648438 0.7636719
vt 0.9648438 0.7382812
vt 0.9648438 0.7128906
vt 0.9648438 0.6875000
vt 0.9648438 0.6621094
vt 0.9648438 0.6367188
vt 0.9648438 0.6113281
vt 0.9648438 0.5859375
vt 0.9648438 0.5605469
vt 0.9648438 0.5351562
vt 0.9648438 0.5097656
vt 0.9648438 0.4843750
vt 0.9648438 0.4589844
vt 0.9648438 0.4335938
vt 0.9648438 0.4082031
vt 0.9648438 0.3828125
vt 0.9921875 0.9921875
vt 0.9921875 0.9667969
vt 0.9921875 0.9414062
vt 0.9921875 0.9160156
vt 0.9921875 0.8906250
vt 0.9921875 0.8652344
vt 0.9921875 0.8398438
vt 0.9921875 0.8144531
vt 0.9921875 0.7890625
vt 0.9921875 0.7636719
vt 0.9921875 0.7382812
vt 0.9921875 0.7128906
vt 0.9921875 0.6875000
vt 0.9921875 0.6621094
vt 0.9921875 0.6367188
vt 0.9921875 0.6113281
vt 0.9921875 0.5859375
vt 0.9921875 0.5605469
vt 0.9921875 0.5351562
vt 0.9921875 0.5097656
vt 0.9921875 0.4843750
vt 0.9921875 0.4589844
vt 0.9921875 0.4335938
vt 0.9921875 0.4082031
vt 0.9921875 0.3828125
vt 0.0078125 0.6875000
vt 0.9921875 0.6875000
vn 0.4350284 -0.0795250 0.8968980
vn 0.3813090 -0.3688633 0.8476693
vn 0.2737494 -0.6181042 0.7368911
vn 0.1275473 -0.8039465 0.5808629
vn -0.0393752 -0.9158558 0.3995720
vn -0.2107758 -0.9543856 0.2114752
vn -0.3741704 -0.9268457 0.0308787
vn -0.5208665 -0.8433299 -0.1322602
vn -0.6450557 -0.7143311 -0.2713562
vn -0.7428101 -0.5497959 -0.3820440
vn -0.8113461 -0.3590493 -0.4613036
vn -0.8486233 -0.1511086 -0.5069563
vn -0.8532288 0.0649151 -0.5174811
vn -0.8244711 0.2794917 -0.4920688
vn -0.7626086 0.4825082 -0.4308294
vn -0.6691423 0.6633015 -0.3350816
vn -0.5471170 0.8108867 -0.2076676
vn -0.4013916 0.9143566 -0.0532617
vn -0.2388741 0.9634417 0.1213230
vn -0.0687309 0.9492871 0.3068063
vn 0.0974563 0.8656292 0.4911093
vn 0.2457661 0.7106502 0.6592233
vn 0.3607103 0.4896173 0.7938281
vn 0.4273577 0.2176299 0.8774980
vn 0.4350284 -0.0795250 0.8968980
vn 0.5729963 -0.0378964 0.8186813
vn 0.5264064 -0.3181040 0.7884834
vn 0.4219340 -0.5718167 0.7035605
vn 0.2696930 -0.7750069 0.5715155
vn 0.0860019 -0.9097321 0.4061911
vn -0.1098154 -0.9681262 0.2251051
vn -0.2997701 -0.9529290 0.0454325
vn -0.4703500 -0.8743858 -0.1192488
vn -0.6132681 -0.7458303 -0.2600756
vn -0.7243869 -0.5802908 -0.3721910
vn -0.8020345 -0.3889320 -0.4532907
vn -0.8455601 -0.1809681 -0.5022735
vn -0.8544299 0.0356053 -0.5183453
vn -0.8278791 0.2529453 -0.5006345
vn -0.7650797 0.4622600 -0.4482954
vn -0.6658109 0.6529256 -0.3610873
vn -0.5315912 0.8121744 -0.2403820
vn -0.3670535 0.9257977 -0.0903894
vn -0.1810337 0.9801453 0.0808831
vn 0.0133526 0.9650869 0.2615894
vn 0.2000630 0.8767944 0.4372715
vn 0.3625024 0.7190251 0.5929544
vn 0.4858513 0.5025281 0.7151322
vn 0.5585407 0.2434721 0.7929399
vn 0.5729963 -0.0378964 0.8186813
vn 0.5743633 -0.0240375 0.8182475
vn 0.5312613 -0.3050459 0.7903850
vn 0.4298259 -0.5607323 0.7076927
vn 0.2798122 -0.7669754 0.5774546
vn 0.0972638 -0.9054308 0.4132008
vn -0.0985285 -0.9676354 0.2323226
vn -0.2893597 -0.9558010 0.0521097
vn -0.4613867 -0.8798961 -0.1136010
vn -0.6060251 -0.7532337 -0.2556806
vn -0.7189473 -0.5889764 -0.3690822
vn -0.7984040 -0.3984734 -0.4514089
vn -0.8437563 -0.1911017 -0.5015530
vn -0.8545412 0.0250510 -0.5187792
vn -0.8300864 0.2421587 -0.5023104
vn -0.7696265 0.4515801 -0.4513872
vn -0.6729027 0.6429642 -0.3657854
vn -0.5412259 0.8038556 -0.2467604
vn -0.3788323 0.9202351 -0.0982522
vn -0.1940640 0.9783368 0.0720858
vn 0.0003516 0.9675488 0.2526838
vn 0.1884597 0.8833612 0.4291340
vn 0.3534211 0.7289534 0.5862767
vn 0.4800046 0.5148004 0.7103352
vn 0.5562649 0.2570471 0.7902507
vn 0.5743633 -0.0240375 0.8182475
vn 0.4743762 -0.0162616 0.8801720
vn 0.4366208 -0.3103100 0.8444347
vn 0.3444488 -0.5709383 0.7452412
vn 0.2112207 -0.7735578 0.5974899
vn 0.0534689 -0.9058420 0.4202276
vn -0.1134785 -0.9662266 0.2313628
vn -0.2775090 -0.9596636 0.0451048
vn -0.4296733 -0.8938506 -0.1281094
vn -0.5632527 -0.7771895 -0.2805758
vn -0.6728497 -0.6182507 -0.4062504
vn -0.7538927 -0.4260567 -0.5001214
vn -0.8026109 -0.2105639 -0.5581026
vn -0.8163462 0.0170946 -0.5773099
vn -0.7939789 0.2448108 -0.5564756
vn -0.7362288 0.4601119 -0.4962501
vn -0.6456850 0.6509263 -0.3992316
vn -0.5265889 0.8061890 -0.2697470
vn -0.3845405 0.9160957 -0.1135660
vn -0.2263539 0.9720566 0.0622090
vn -0.0602127 0.9666552 0.2489018
vn 0.1038885 0.8940918 0.4356686
vn 0.2536865 0.7516360 0.6088402
vn 0.3747921 0.5423693 0.7519085
vn 0.4523037 0.2785968 0.8472338
vn 0.4743762 -0.0162616 0.8801720
vn 0.2188605 -0.0141298 0.9756539
vn 0.1980671 -0.3279802 0.9236874
vn 0.1383503 -0.5928869 0.7933123
vn 0.0532979 -0.7859885 0.6159395
vn -0.0449025 -0.9068731 0.4190046
vn -0.1487271 -0.9643520 0.2188730
vn -0.2542819 -0.9668450 0.0234847
vn -0.3591475 -0.9189520 -0.1629118
vn -0.4604486 -0.8216480 -0.3359787
vn -0.5533772 -0.6744557 -0.4887568
vn -0.6304947 -0.4791900 -0.6106172
vn -0.6826277 -0.2444522 -0.6886672
vn -0.7018960 0.0118851 -0.7121803
vn -0.6854833 0.2656089 -0.6779119
vn -0.6370417 0.4938264 -0.5918728
vn -0.5644117 0.6814828 -0.4658547
vn -0.4759075 0.8222801 -0.3120376
vn -0.3779280 0.9152493 -0.1396033
vn -0.2745471 0.9604850 0.0457441
vn -0.1683582 0.9559807 0.2403258
vn -0.0619284 0.8959364 0.4398441
vn 0.0403183 0.7710044 0.6355522
vn 0.1300273 0.5723595 0.8096280
vn 0.1941649 0.3020554 0.9333073
vn 0.2188605 -0.0141298 0.9756539
vn -0.2902027 -0.0277042 0.9565641
vn -0.2658623 -0.3365504 0.9033554
vn -0.2385156 -0.5943108 0.7680527
vn -0.2143666 -0.7805225 0.5872236
vn -0.1972220 -0.8997029 0.3894074
vn -0.1886008 -0.9638318 0.1883031
vn -0.1890229 -0.9818955 -0.0123126
vn -0.1988346 -0.9566666 -0.2127295
vn -0.2183446 -0.8842730 -0.4127795
vn -0.2472539 -0.7550845 -0.6072174
vn -0.2832383 -0.5580078 -0.7800021
vn -0.3202436 -0.2923102 -0.9011098
vn -0.3492173 0.0163132 -0.9368997
vn -0.3635928 0.3174524 -0.8757992
vn -0.3640944 0.5661055 -0.7395673
vn -0.3563386 0.7457274 -0.5629507
vn -0.3457834 0.8616392 -0.3714993
vn -0.3357172 0.9251649 -0.1770986
vn -0.3276394 0.9446453 0.0172516
vn -0.3220264 0.9226224 0.2122895
vn -0.3187112 0.8552917 0.4085330
vn -0.3167551 0.7329414 0.6020491
vn -0.3139006 0.5433137 0.7786377
vn -0.3062942 0.2824655 0.9090638
vn -0.2902027 -0.0277042 0.9565641
vn -0.7102696 -0.0611058 0.7012725
vn -0.6587762 -0.3165058 0.6825232
vn -0.5681652 -0.5531682 0.6092563
vn -0.4488498 -0.7490170 0.4873473
vn -0.3154490 -0.8899420 0.3293861
vn -0.1812664 -0.9720198 0.1493991
vn -0.0550330 -0.9976107 -0.0417650
vn 0.0587221 -0.9696443 -0.2373641
vn 0.1573286 -0.8877563 -0.4325928
vn 0.2372965 -0.7473107 -0.6206586
vn 0.2921094 -0.5421555 -0.7878703
vn 0.3117967 -0.2731246 -0.9100471
vn 0.2869256 0.0390036 -0.9571585
vn 0.2169455 0.3497215 -0.9113888
vn 0.1140464 0.6107980 -0.7835300
vn -0.0043435 0.7962215 -0.6049897
vn -0.1252237 0.9051400 -0.4062518
vn -0.2423810 0.9480152 -0.2062004
vn -0.3536870 0.9352603 -0.0139144
vn -0.4579168 0.8733267 0.1661706
vn -0.5525894 0.7651936 0.3303388
vn -0.6328558 0.6125879 0.4735288
vn -0.6914584 0.4186135 0.5887682
vn -0.7198396 0.1900256 0.6676236
vn -0.7102696 -0.0611058 0.7012725
vn -0.8226955 -0.0754367 0.5634549
vn -0.7705616 -0.3065127 0.5588245
vn -0.6719443 -0.5330464 0.5141521
vn -0.5265226 -0.7359622 0.4255979
vn -0.3422794 -0.8919585 0.2953894
vn -0.1363457 -0.9815474 0.1340689
vn 0.0700339 -0.9966485 -0.0422732
vn 0.2586422 -0.9411028 -0.2177835
vn 0.4177426 -0.8249711 -0.3806756
vn 0.5407928 -0.6586644 -0.5231676
vn 0.6232298 -0.4505873 -0.6391837
vn 0.6598784 -0.2082970 -0.7219231
vn 0.6442505 0.0579847 -0.7626133
vn 0.5705518 0.3310571 -0.7515795
vn 0.4385186 0.5847120 -0.6825051
vn 0.2585162 0.7882499 -0.5584187
vn 0.0515530 0.9175644 -0.3942307
vn -0.1578224 0.9644636 -0.2119011
vn -0.3500131 0.9361995 -0.0319581
vn -0.5138023 0.8477364 0.1317198
vn -0.6447083 0.7143830 0.2720443
vn -0.7417336 0.5482398 0.3863474
vn -0.8047100 0.3576512 0.4738433
vn -0.8326156 0.1481866 0.5336591
vn -0.8226955 -0.0754367 0.5634549
vn -0.8652471 -0.0788672 0.4951035
vn -0.8151836 -0.2990868 0.4960067
vn -0.7167300 -0.5206651 0.4639029
vn -0.5632461 -0.7272215 0.3923043
vn -0.3562319 -0.8918602 0.2787190
vn -0.1130348 -0.9849559 0.1307094
vn 0.1350532 -0.9902775 -0.0333336
vn 0.3570814 -0.9140397 -0.1924169
vn 0.5350916 -0.7767201 -0.3322391
vn 0.6643222 -0.5989959 -0.4470793
vn 0.7462092 -0.3946670 -0.5361061
vn 0.7821286 -0.1709557 -0.5992070
vn 0.7701266 0.0679107 -0.6342659
vn 0.7042699 0.3157581 -0.6358465
vn 0.5771655 0.5585468 -0.5957394
vn 0.3872627 0.7699903 -0.5070923
vn 0.1489348 0.9160420 -0.3724050
vn -0.1056234 0.9722627 -0.2086836
vn -0.3407629 0.9392617 -0.0408412
vn -0.5343650 0.8379052 0.1112155
vn -0.6807328 0.6926971 0.2382723
vn -0.7831715 0.5213275 0.3389101
vn -0.8467052 0.3333507 0.4146898
vn -0.8742682 0.1327583 0.4669372
vn -0.8652471 -0.0788672 0.4951035
vn -0.8968921 -0.0814971 0.4346754
vn -0.8506181 -0.2913924 0.4376521
vn -0.7564794 -0.5064982 0.4137613
vn -0.6031733 -0.7140051 0.3554978
vn -0.3853834 -0.8862351 0.2570349
vn -0.1177806 -0.9854705 0.1223745
vn 0.1604789 -0.9865876 -0.0298577
vn 0.4060190 -0.8968772 -0.1753846
vn 0.5954869 -0.7458547 -0.2984896
vn 0.7268902 -0.5616569 -0.3951863
vn 0.8071151 -0.3604886 -0.4675609
vn 0.8422102 -0.1484105 -0.5183207
vn 0.8332568 0.0736249 -0.5479622
vn 0.7751946 0.3046703 -0.5533980
vn 0.6578015 0.5376866 -0.5274375
vn 0.4714614 0.7520476 -0.4605958
vn 0.2208559 0.9109936 -0.3483007
vn -0.0621701 0.9775597 -0.2012755
vn -0.3295030 0.9430819 -0.0449917
vn -0.5467545 0.8317238 0.0964108
vn -0.7054276 0.6764136 0.2117463
vn -0.8121931 0.5001238 0.3003640
vn -0.8763883 0.3136484 0.3654699
vn -0.9041804 0.1199633 0.4099592
vn -0.8968921 -0.0814971 0.4346754
vn -0.9217623 -0.0828296 0.3788053
vn -0.8799516 -0.2833644 0.3813002
vn -0.7922634 -0.4913352 0.3618128
vn -0.6443780 -0.6977027 0.3130303
vn -0.4244655 -0.8764140 0.2274369
vn -0.1414051 -0.9842845 0.1057765
vn 0.1614402 -0.9862746 -0.0346327
vn 0.4283164 -0.8879412 -0.1676469
vn 0.6290657 -0.7265087 -0.2765166
vn 0.7636495 -0.5369109 -0.3585612
vn 0.8436210 -0.3373100 -0.4177625
vn 0.8787849 -0.1328530 -0.4583526
vn 0.8726384 0.0775796 -0.4821655
vn 0.8213153 0.2961161 -0.4876028
vn 0.7137159 0.5203318 -0.4688970
vn 0.5351825 0.7349317 -0.4164794
vn 0.2811137 0.9040052 -0.3221020
vn -0.0215005 0.9813977 -0.1907782
vn -0.3155776 0.9477675 -0.0463417
vn -0.5536420 0.8284672 0.0843959
vn -0.7231512 0.6644341 0.1886256
vn -0.8337237 0.4837529 0.2662479
vn -0.8986667 0.2982764 0.3216043
vn -0.9269897 0.1101205 0.3585576
vn -0.9217623 -0.0828296 0.3788053
vn -0.9435194 -0.0818034 0.3210598
vn -0.9067746 -0.2732333 0.3210971
vn -0.8271169 -0.4733017 0.3030894
vn -0.6884809 -0.6768123 0.2606130
vn -0.4729829 -0.8612488 0.1858430
vn -0.1806979 -0.9805110 0.0771133
vn 0.1451126 -0.9881336 -0.0503418
vn 0.4354257 -0.8841156 -0.1695406
vn 0.6499625 -0.7129529 -0.2631481
vn 0.7895214 -0.5174820 -0.3299520
vn 0.8703951 -0.3182797 -0.3756467
vn 0.9061934 -0.1197420 -0.4055556
vn 0.9028160 0.0809546 -0.4223383
vn 0.8578458 0.2882593 -0.4254494
vn 0.7603010 0.5033876 -0.4105403
vn 0.5922755 0.7162613 -0.3690249
vn 0.3403850 0.8941240 -0.2909989
vn 0.0232094 0.9840413 -0.1764200
vn -0.2962644 0.9540081 -0.0457824
vn -0.5556368 0.8282318 0.0727996
vn -0.7364282 0.6560458 0.1651586
vn -0.8510986 0.4711709 0.2315796
vn -0.9171132 0.2865068 0.2771591
vn -0.9463203 0.1033143 0.3062745
vn -0.9435194 -0.0818034 0.3210598
vn -0.9689766 -0.0812723 0.2334077
vn -0.9375765 -0.2611122 0.2297188
vn -0.8668897 -0.4507948 0.2128059
vn -0.7392460 -0.6495888 0.1776226
vn -0.5298353 -0.8399798 0.1170832
vn -0.2264276 -0.9736236 0.0280657
vn 0.1297287 -0.9885781 -0.0767063
vn 0.4501011 -0.8764053 -0.1712391
vn 0.6797830 -0.6929973 -0.2401038
vn 0.8227192 -0.4918176 -0.2850412
vn 0.9026631 -0.2950600 -0.3132713
vn 0.9379943 -0.1050974 -0.3303350
vn 0.9371302 0.0832105 -0.3389144
vn 0.8991616 0.2767078 -0.3390298
vn 0.8136187 0.4802005 -0.3277683
vn 0.6598969 0.6895422 -0.2984420
vn 0.4144282 0.8775222 -0.2412554
vn 0.0816898 0.9850657 -0.1515665
vn -0.2713288 0.9614712 -0.0442019
vn -0.5596674 0.8269919 0.0534489
vn -0.7547556 0.6436718 0.1266119
vn -0.8736628 0.4535091 0.1761896
vn -0.9400687 0.2703148 0.2078477
vn -0.9695679 0.0937807 0.2261488
vn -0.9689766 -0.0812723 0.2334077
vn -0.9871091 -0.0799843 0.1386298
vn -0.9591476 -0.2501561 0.1321280
vn -0.8946143 -0.4312982 0.1168213
vn -0.7746431 -0.6261081 0.0889757
vn -0.5689100 -0.8212687 0.0431174
vn -0.2542624 -0.9668553 -0.0232704
vn 0.1296926 -0.9865826 -0.0991698
vn 0.4741481 -0.8652770 -0.1627246
vn 0.7120565 -0.6718432 -0.2039666
vn 0.8537359 -0.4683355 -0.2275892
vn 0.9304949 -0.2762517 -0.2405499
vn 0.9642789 -0.0953260 -0.2471420
vn 0.9650160 0.0815163 -0.2491970
vn 0.9328031 0.2626798 -0.2467342
vn 0.8579288 0.4553561 -0.2379264
vn 0.7186810 0.6601739 -0.2183302
vn 0.4836871 0.8564496 -0.1803908
vn 0.1413697 0.9828929 -0.1180517
vn -0.2432599 0.9691324 -0.0400869
vn -0.5608657 0.8273408 0.0306079
vn -0.7696050 0.6333814 0.0808470
vn -0.8917333 0.4384621 0.1120839
vn -0.9576954 0.2568751 0.1297486
vn -0.9866690 0.0863906 0.1379163
vn -0.9871091 -0.0799843 0.1386298
vn -0.9927257 -0.0761405 0.0932642
vn -0.9661922 -0.2432038 0.0855832
vn -0.9040076 -0.4216495 0.0705826
vn -0.7869383 -0.6153676 0.0452865
vn -0.5825722 -0.8127596 0.0056097
vn -0.2630443 -0.9635170 -0.0494239
vn 0.1329908 -0.9851218 -0.1088509
vn 0.4872219 -0.8595610 -0.1541742
vn 0.7275177 -0.6621275 -0.1797362
vn 0.8678188 -0.4583874 -0.1917591
vn 0.9428351 -0.2690949 -0.1965960
vn 0.9758827 -0.0927210 -0.1976255
vn 0.9774232 0.0786035 -0.1961259
vn 0.9479836 0.2538659 -0.1920397
vn 0.8783469 0.4411804 -0.1840287
vn 0.7467890 0.6432651 -0.1688676
vn 0.5191013 0.8430402 -0.1407728
vn 0.1754816 0.9799625 -0.0942326
vn -0.2230742 0.9741793 -0.0348233
vn -0.5555017 0.8312943 0.0191748
vn -0.7716868 0.6334702 0.0567010
vn -0.8960920 0.4367697 0.0790652
vn -0.9624676 0.2557695 0.0907642
vn -0.9916355 0.0873697 0.0950029
vn -0.9927257 -0.0761405 0.0932642
vn -0.9931766 -0.0743905 0.0898130
vn -0.9670298 -0.2412392 0.0815911
vn -0.9053991 -0.4193905 0.0660605
vn -0.7891505 -0.6128727 0.0403544
vn -0.5857933 -0.8104602 0.0006548
vn -0.2667404 -0.9622765 -0.0536051
vn 0.1303945 -0.9852079 -0.1111879
vn 0.4865640 -0.8599842 -0.1538914
vn 0.7281583 -0.6622275 -0.1767492
vn 0.8690151 -0.4583228 -0.1864216
vn 0.9442726 -0.2692510 -0.1893495
vn 0.9775470 -0.0934280 -0.1888732
vn 0.9794759 0.0771055 -0.1862303
vn 0.9507325 0.2514287 -0.1813596
vn 0.8822692 0.4378106 -0.1729826
vn 0.7525049 0.6393425 -0.1580425
vn 0.5269603 0.8397239 -0.1310593
vn 0.1843363 0.9790286 -0.0867361
vn -0.2159975 0.9759262 -0.0302181
vn -0.5514394 0.8339479 0.0211063
vn -0.7697510 0.6358255 0.0566500
vn -0.8952687 0.4387008 0.0776895
vn -0.9622246 0.2574686 0.0885080
vn -0.9917620 0.0890227 0.0921039
vn -0.9931766 -0.0743905 0.0898130
vn -0.9892674 -0.0757555 0.1249448
vn -0.9626153 -0.2444765 0.1166321
vn -0.9002059 -0.4238880 0.0997409
vn -0.7835267 -0.6172949 0.0709437
vn -0.5818358 -0.8129018 0.0256465
vn -0.2690261 -0.9624013 -0.0375336
vn 0.1193038 -0.9870709 -0.1070402
vn 0.4715081 -0.8668765 -0.1618803
vn 0.7147493 -0.6719397 -0.1939858
vn 0.8587679 -0.4675854 -0.2094792
vn 0.9365423 -0.2762957 -0.2157526
vn 0.9712634 -0.0975896 -0.2170799
vn 0.9736006 0.0760202 -0.2152272
vn 0.9442366 0.2533963 -0.2102560
vn 0.8740516 0.4424874 -0.2005958
vn 0.7416007 0.6455658 -0.1824097
vn 0.5137764 0.8448795 -0.1490381
vn 0.1728934 0.9803859 -0.0946119
vn -0.2204346 0.9750534 -0.0260675
vn -0.5494933 0.8347193 0.0360675
vn -0.7653610 0.6386527 0.0796576
vn -0.8907264 0.4419698 0.1061570
vn -0.9581145 0.2597952 0.1205115
vn -0.9879411 0.0896456 0.1262384
vn -0.9892674 -0.0757555 0.1249448
vn -0.9737639 -0.0791118 0.2133663
vn -0.9447699 -0.2554394 0.2053303
vn -0.8782811 -0.4407976 0.1852561
vn -0.7573253 -0.6358855 0.1486878
vn -0.5563220 -0.8261396 0.0894383
vn -0.2580503 -0.9661189 0.0049239
vn 0.1031792 -0.9903394 -0.0926386
vn 0.4361723 -0.8820961 -0.1779331
vn 0.6769288 -0.6970914 -0.2362858
vn 0.8264272 -0.4937045 -0.2706917
vn 0.9100752 -0.2967226 -0.2893421
vn 0.9482559 -0.1088476 -0.2982664
vn 0.9508167 0.0755232 -0.3004060
vn 0.9179832 0.2639945 -0.2959962
vn 0.8403152 0.4626837 -0.2824786
vn 0.6974747 0.6701318 -0.2538748
vn 0.4626904 0.8633910 -0.2011802
vn 0.1312973 0.9841553 -0.1191615
vn -0.2349170 0.9718010 -0.0204182
vn -0.5408442 0.8383169 0.0686469
vn -0.7479402 0.6502479 0.1332786
vn -0.8728425 0.4556128 0.1748225
vn -0.9419314 0.2702567 0.1993153
vn -0.9728799 0.0938820 0.2114023
vn -0.9737639 -0.0791118 0.2133663
vn -0.9318692 -0.0809803 0.3536410
vn -0.8966473 -0.2758556 0.3463052
vn -0.8189363 -0.4763318 0.3200803
vn -0.6849324 -0.6771257 0.2690137
vn -0.4794439 -0.8576046 0.1861392
vn -0.2024653 -0.9767542 0.0704207
vn 0.1094985 -0.9919346 -0.0638415
vn 0.3948466 -0.8986596 -0.1910686
vn 0.6123481 -0.7341048 -0.2934621
vn 0.7575585 -0.5388429 -0.3684474
vn 0.8432999 -0.3345984 -0.4205821
vn 0.8819450 -0.1274716 -0.4537886
vn 0.8794006 0.0832241 -0.4687519
vn 0.8343858 0.2987238 -0.4632110
vn 0.7387946 0.5165377 -0.4328642
vn 0.5795710 0.7250833 -0.3719565
vn 0.3471784 0.8963569 -0.2757017
vn 0.0548335 0.9874516 -0.1480966
vn -0.2494444 0.9683474 -0.0089888
vn -0.5096476 0.8525862 0.1155685
vn -0.6999254 0.6822634 0.2112372
vn -0.8246945 0.4926518 0.2778006
vn -0.8982199 0.3005607 0.3207245
vn -0.9320997 0.1099876 0.3450983
vn -0.9318692 -0.0809803 0.3536410
vn -0.8576554 -0.0798615 0.5079857
vn -0.8116677 -0.3013715 0.5003706
vn -0.7170550 -0.5218978 0.4620117
vn -0.5667844 -0.7271825 0.3872480
vn -0.3602542 -0.8919342 0.2732585
vn -0.1126354 -0.9855711 0.1263446
vn 0.1438956 -0.9889461 -0.0357733
vn 0.3744536 -0.9072509 -0.1915209
vn 0.5579058 -0.7631603 -0.3260788
vn 0.6891810 -0.5801666 -0.4340925
vn 0.7713104 -0.3735235 -0.5153256
vn 0.8078575 -0.1508142 -0.5697554
vn 0.7993106 0.0834733 -0.5950923
vn 0.7425574 0.3230653 -0.5867174
vn 0.6325148 0.5559881 -0.5392608
vn 0.4661455 0.7621295 -0.4492962
vn 0.2491709 0.9143074 -0.3193052
vn 0.0019376 0.9868659 -0.1615299
vn -0.2439102 0.9697920 0.0033608
vn -0.4592109 0.8747327 0.1548159
vn -0.6284820 0.7254867 0.2804986
vn -0.7493673 0.5443372 0.3770221
vn -0.8256675 0.3456861 0.4458412
vn -0.8613841 0.1366343 0.4892325
vn -0.8576554 -0.0798615 0.5079857
vn -0.7596448 -0.0758140 0.6459041
vn -0.7013674 -0.3246302 0.6345856
vn -0.5921926 -0.5622132 0.5772557
vn -0.4351084 -0.7660567 0.4731149
vn -0.2418849 -0.9129101 0.3287655
vn -0.0319358 -0.9868517 0.1584416
vn 0.1735255 -0.9846220 -0.0202098
vn 0.3577108 -0.9139405 -0.1917181
vn 0.5105484 -0.7873130 -0.3456567
vn 0.6270567 -0.6166247 -0.4759978
vn 0.7043347 -0.4110524 -0.5787474
vn 0.7391368 -0.1779740 -0.6496169
vn 0.7269122 0.0741798 -0.6827123
vn 0.6628544 0.3322907 -0.6709747
vn 0.5452098 0.5761483 -0.6089330
vn 0.3796509 0.7802283 -0.4971005
vn 0.1813128 0.9209011 -0.3450606
vn -0.0285198 0.9850575 -0.1698483
vn -0.2293243 0.9733001 0.0098611
vn -0.4065314 0.8958925 0.1791893
vn -0.5522186 0.7661164 0.3288165
vn -0.6627910 0.5957457 0.4536465
vn -0.7361583 0.3937590 0.5504768
vn -0.7697358 0.1673432 0.6160383
vn -0.7596448 -0.0758140 0.6459041
vn -0.6181246 -0.0665985 0.7832539
vn -0.5475037 -0.3434677 0.7630659
vn -0.4313074 -0.5945879 0.6785567
vn -0.2832236 -0.7923227 0.5403787
vn -0.1209450 -0.9221396 0.3674654
vn 0.0405055 -0.9830743 0.1786733
vn 0.1915163 -0.9814127 -0.0122697
vn 0.3267651 -0.9243599 -0.1969348
vn 0.4427147 -0.8168296 -0.3698554
vn 0.5353210 -0.6610798 -0.5257424
vn 0.5984619 -0.4584357 -0.6570237
vn 0.6235369 -0.2130037 -0.7522175
vn 0.6012904 0.0629499 -0.7965470
vn 0.5267423 0.3449458 -0.7768880
vn 0.4049934 0.5997184 -0.6901580
vn 0.2518359 0.7977358 -0.5479017
vn 0.0868823 0.9245606 -0.3709977
vn -0.0742736 0.9809114 -0.1797116
vn -0.2226413 0.9748274 0.0119324
vn -0.3539518 0.9145216 0.1958786
vn -0.4656491 0.8052191 0.3671419
vn -0.5544648 0.6491520 0.5207403
vn -0.6149120 0.4476342 0.6492356
vn -0.6390091 0.2049470 0.7413934
vn -0.6181246 -0.0665985 0.7832539
vn -0.3868696 -0.0497379 0.9207921
vn -0.3084607 -0.3539747 0.8829235
vn -0.2049218 -0.6137369 0.7624526
vn -0.0938072 -0.8025883 0.5891113
vn 0.0125366 -0.9195698 0.3927267
vn 0.1091465 -0.9754579 0.1912299
vn 0.1954497 -0.9806800 -0.0081299
vn 0.2720621 -0.9404933 -0.2036038
vn 0.3386143 -0.8542568 -0.3944434
vn 0.3920750 -0.7164066 -0.5770951
vn 0.4253036 -0.5194592 -0.7411336
vn 0.4269980 -0.2613599 -0.8656580
vn 0.3861086 0.0421681 -0.9214890
vn 0.3016736 0.3504868 -0.8866521
vn 0.1885575 0.6141284 -0.7663500
vn 0.0684748 0.8040436 -0.5906142
vn -0.0433317 0.9192083 -0.3913801
vn -0.1413088 0.9719633 -0.1879340
vn -0.2255201 0.9741608 0.0123080
vn -0.2974495 0.9318044 0.2080008
vn -0.3575428 0.8444295 0.3988758
vn -0.4036931 0.7062341 0.5816058
vn -0.4301014 0.5093260 0.7453857
vn -0.4274271 0.2517326 0.8682953
vn -0.3868696 -0.0497379 0.9207921
vn 0.0194160 -0.0191286 0.9996285
vn 0.0769469 -0.3361975 0.9386428
vn 0.1204674 -0.5969470 0.7931847
vn 0.1491088 -0.7825889 0.6044180
vn 0.1665148 -0.9003623 0.4020206
vn 0.1770794 -0.9638806 0.1989401
vn 0.1844065 -0.9828477 -0.0021537
vn 0.1909825 -0.9604434 -0.2026674
vn 0.1975205 -0.8932137 -0.4039244
vn 0.2007435 -0.7717571 -0.6034012
vn 0.1894816 -0.5833973 -0.7897749
vn 0.1444132 -0.3201997 -0.9362783
vn 0.0542912 0.0024554 -0.9985221
vn -0.0585725 0.3282829 -0.9427617
vn -0.1530600 0.5931420 -0.7904146
vn -0.2106845 0.7764770 -0.5938817
vn -0.2367881 0.8908612 -0.3876825
vn -0.2419074 0.9528100 -0.1833957
vn -0.2335059 0.9721798 0.0184760
vn -0.2152873 0.9512830 0.2207080
vn -0.1881653 0.8853656 0.4251135
vn -0.1512225 0.7631834 0.6282379
vn -0.1030002 0.5704087 0.8148772
vn -0.0441088 0.3016843 0.9523870
vn 0.0194160 -0.0191286 0.9996285
vn 0.5253776 0.0110761 0.8507971
vn 0.5234538 -0.2754714 0.8062950
vn 0.4789649 -0.5271056 0.7019632
vn 0.4029058 -0.7268838 0.5561537
vn 0.3062014 -0.8703904 0.3855662
vn 0.1967516 -0.9594878 0.2016729
vn 0.0791414 -0.9967985 0.0113747
vn -0.0447740 -0.9825425 -0.1805698
vn -0.1758435 -0.9129232 -0.3683073
vn -0.3183481 -0.7791707 -0.5399514
vn -0.4745350 -0.5704395 -0.6703844
vn -0.6162551 -0.2972140 -0.7293103
vn -0.6885133 -0.0101700 -0.7251524
vn -0.6833666 0.2568626 -0.6833971
vn -0.6248943 0.4950867 -0.6036524
vn -0.5321426 0.6940617 -0.4848737
vn -0.4173899 0.8448985 -0.3345626
vn -0.2887860 0.9435046 -0.1624859
vn -0.1515871 0.9881750 0.0230563
vn -0.0095521 0.9765594 0.2150358
vn 0.1331839 0.9043489 0.4054814
vn 0.2699752 0.7665888 0.5826277
vn 0.3900646 0.5623734 0.7290993
vn 0.4793838 0.3019983 0.8240074
vn 0.5253776 0.0110761 0.8507971
vn 0.8054772 0.0092036 0.5925552
vn 0.7800683 -0.2270438 0.5830477
vn 0.7055758 -0.4582676 0.5405123
vn 0.5773997 -0.6726444 0.4627732
vn 0.3925283 -0.8508671 0.3492086
vn 0.1560634 -0.9662171 0.2051069
vn -0.1117704 -0.9926685 0.0460060
vn -0.3762461 -0.9207026 -0.1036609
vn -0.6013289 -0.7678403 -0.2209633
vn -0.7654696 -0.5708652 -0.2969329
vn -0.8662642 -0.3655833 -0.3404925
vn -0.9133736 -0.1693524 -0.3702276
vn -0.9170558 0.0224254 -0.3981278
vn -0.8803466 0.2224688 -0.4189241
vn -0.7993213 0.4337882 -0.4158283
vn -0.6682281 0.6435261 -0.3732900
vn -0.4855381 0.8266462 -0.2844448
vn -0.2598200 0.9533514 -0.1536708
vn -0.0122609 0.9999186 0.0035412
vn 0.2287029 0.9593592 0.1653026
vn 0.4382785 0.8430875 0.3116334
vn 0.6025271 0.6721859 0.4302641
vn 0.7175660 0.4671352 0.5166079
vn 0.7846094 0.2429142 0.5704216
vn 0.8054772 0.0092036 0.5925552
vn 0.9018879 -0.0038626 0.4319528
vn 0.8752930 -0.2113009 0.4349874
vn 0.8025886 -0.4246495 0.4189562
vn 0.6701076 -0.6388527 0.3779194
vn 0.4622099 -0.8330789 0.3038776
vn 0.1788994 -0.9646093 0.1937108
vn -0.1409406 -0.9881655 0.0605364
vn -0.4319254 -0.8993325 -0.0681280
vn -0.6517170 -0.7388806 -0.1712320
vn -0.7977626 -0.5510510 -0.2447809
vn -0.8854582 -0.3596090 -0.2943554
vn -0.9295418 -0.1710622 -0.3266341
vn -0.9381589 0.0168266 -0.3457959
vn -0.9121483 0.2092571 -0.3524159
vn -0.8450548 0.4101081 -0.3430652
vn -0.7235698 0.6165189 -0.3104049
vn -0.5317905 0.8106620 -0.2450021
vn -0.2659474 0.9534934 -0.1418529
vn 0.0439817 0.9989712 -0.0110509
vn 0.3388973 0.9328974 0.1218647
vn 0.5725728 0.7857595 0.2339707
vn 0.7346798 0.5995050 0.3175520
vn 0.8358205 0.4006694 0.3753241
vn 0.8889835 0.1992728 0.4123090
vn 0.9018879 -0.0038626 0.4319528
vn 0.9334112 -0.0089972 0.3586956
vn 0.9126707 -0.2034447 0.3544608
vn 0.8509403 -0.4034559 0.3363391
vn 0.7346247 -0.6087285 0.2996268
vn 0.5436505 -0.8051626 0.2369753
vn 0.2661179 -0.9532529 0.1431437
vn -0.0696539 -0.9972196 0.0264855
vn -0.3897687 -0.9167379 -0.0875903
vn -0.6343922 -0.7525192 -0.1768088
vn -0.7952468 -0.5581547 -0.2367399
vn -0.8908986 -0.3628245 -0.2732361
vn -0.9401191 -0.1742997 -0.2929090
vn -0.9539148 0.0095835 -0.2999244
vn -0.9353190 0.1942924 -0.2956835
vn -0.8797134 0.3852037 -0.2787875
vn -0.7742012 0.5837233 -0.2447032
vn -0.5985127 0.7792190 -0.1860115
vn -0.3364491 0.9367481 -0.0964628
vn -0.0064935 0.9998160 0.0180515
vn 0.3225688 0.9370639 0.1336435
vn 0.5832750 0.7800873 0.2263935
vn 0.7584400 0.5837614 0.2898126
vn 0.8637265 0.3817099 0.3290503
vn 0.9181666 0.1844463 0.3506418
vn 0.9334112 -0.0089972 0.3586956
vn 0.9448810 -0.0097888 0.3272675
vn 0.9333955 -0.1949695 0.3012636
vn 0.8864353 -0.3803698 0.2637257
vn 0.7944218 -0.5693538 0.2114951
vn 0.6388357 -0.7565880 0.1395116
vn 0.3981403 -0.9162688 0.0439981
vn 0.0740041 -0.9949070 -0.0684352
vn -0.2747868 -0.9456645 -0.1738128
vn -0.5644701 -0.7874660 -0.2475296
vn -0.7604981 -0.5831622 -0.2855948
vn -0.8770692 -0.3770569 -0.2976202
vn -0.9382947 -0.1834814 -0.2931511
vn -0.9606752 -0.0014002 -0.2776710
vn -0.9514011 0.1752792 -0.2532058
vn -0.9094430 0.3534073 -0.2191273
vn -0.8253009 0.5377774 -0.1722613
vn -0.6799787 0.7253980 -0.1068958
vn -0.4494988 0.8931150 -0.0172150
vn -0.1299872 0.9871003 0.0934679
vn 0.2242321 0.9531969 0.2028193
vn 0.5257136 0.8019941 0.2836030
vn 0.7329022 0.5959437 0.3281850
vn 0.8569425 0.3832378 0.3446424
vn 0.9219071 0.1811815 0.3424334
vn 0.9448810 -0.0097888 0.3272675
vn 0.9468230 -0.0175620 0.3212753
vn 0.9488151 -0.1834479 0.2570929
vn 0.9211475 -0.3416177 0.1865065
vn 0.8599926 -0.4991380 0.1061794
vn 0.7521285 -0.6589215 0.0111914
vn 0.5736325 -0.8126562 -0.1026433
vn 0.2984069 -0.9261240 -0.2307544
vn -0.0617790 -0.9360596 -0.3463751
vn -0.4187891 -0.8099807 -0.4105448
vn -0.6819418 -0.6021020 -0.4152451
vn -0.8398812 -0.3841677 -0.3834251
vn -0.9232427 -0.1864327 -0.3359551
vn -0.9592723 -0.0104406 -0.2822899
vn -0.9625689 0.1513384 -0.2248504
vn -0.9374504 0.3077722 -0.1626745
vn -0.8795160 0.4667622 -0.0926537
vn -0.7746012 0.6323807 -0.0093601
vn -0.5978583 0.7959965 0.0946305
vn -0.3242795 0.9196187 0.2216851
vn 0.0330354 0.9360635 0.3502768
vn 0.3908624 0.8110620 0.4352068
vn 0.6600554 0.5975863 0.4552115
vn 0.8238774 0.3707185 0.4287118
vn 0.9102935 0.1646920 0.3797924
vn 0.9468230 -0.0175620 0.3212753
vn 0.9482473 -0.0265060 0.3164245
vn 0.9654276 -0.1513439 0.2122372
vn 0.9569827 -0.2676142 0.1121017
vn 0.9238688 -0.3826154 0.0084720
vn 0.8583448 -0.5018739 -0.1066151
vn 0.7408662 -0.6268519 -0.2411927
vn 0.5354209 -0.7451552 -0.3975780
vn 0.2042748 -0.8089121 -0.5513012
vn -0.2130382 -0.7440103 -0.6332957
vn -0.5697194 -0.5582513 -0.6031379
vn -0.7885794 -0.3459759 -0.5083732
vn -0.9021239 -0.1613177 -0.4001864
vn -0.9552277 -0.0092824 -0.2957260
vn -0.9735784 0.1187786 -0.1950302
vn -0.9684548 0.2312501 -0.0928372
vn -0.9424157 0.3339540 0.0180961
vn -0.8904804 0.4308293 0.1463925
vn -0.7959782 0.5253347 0.3007358
vn -0.6204022 0.6176409 0.4833435
vn -0.3046464 0.6813128 0.6655851
vn 0.1405540 0.6407426 0.7547804
vn 0.5378843 0.4783740 0.6941461
vn 0.7756250 0.2852856 0.5630436
vn 0.8943950 0.1159356 0.4319914
vn 0.9482473 -0.0265060 0.3164245
vn 0.9515880 -0.0132581 0.3070904
vn 0.9774568 -0.1051541 0.1830871
vn 0.9797551 -0.1883223 0.0679315
vn 0.9618727 -0.2692875 -0.0478028
vn 0.9192165 -0.3533594 -0.1737186
vn 0.8365395 -0.4444276 -0.3204463
vn 0.6794431 -0.5403408 -0.4963758
vn 0.3893428 -0.6150116 -0.6856915
vn -0.0510643 -0.5975165 -0.8002290
vn -0.4829096 -0.4559132 -0.7476239
vn -0.7537444 -0.2781211 -0.5954141
vn -0.8903053 -0.1288373 -0.4367579
vn -0.9547977 -0.0129082 -0.2969760
vn -0.9817466 0.0800371 -0.1725332
vn -0.9856864 0.1594257 -0.0548250
vn -0.9704404 0.2324240 0.0649968
vn -0.9318784 0.3050484 0.1963368
vn -0.8550987 0.3824843 0.3500172
vn -0.7049830 0.4653876 0.5351760
vn -0.4178511 0.5331690 0.7356163
vn 0.0323157 0.5203192 0.8533602
vn 0.4770039 0.3930839 0.7860994
vn 0.7516284 0.2323529 0.6173062
vn 0.8879441 0.0959695 0.4498279
vn 0.9515880 -0.0132581 0.3070904
vn 0.9532162 0.0024189 0.3022798
vn 0.9826044 -0.0724145 0.1710108
vn 0.9890394 -0.1387610 0.0504618
vn 0.9767809 -0.2026249 -0.0695866
vn 0.9422882 -0.2689487 -0.1993978
vn 0.8718501 -0.3419494 -0.3506395
vn 0.7322919 -0.4223690 -0.5341844
vn 0.4594060 -0.4934637 -0.7385389
vn 0.0123138 -0.4952152 -0.8686831
vn -0.4509143 -0.3855947 -0.8049801
vn -0.7424301 -0.2389599 -0.6258560
vn -0.8869924 -0.1164843 -0.4468512
vn -0.9551768 -0.0222120 -0.2952014
vn -0.9849413 0.0535942 -0.1643726
vn -0.9918846 0.1194163 -0.0436427
vn -0.9803630 0.1815246 0.0770534
vn -0.9469501 0.2450012 0.2079901
vn -0.8780499 0.3141340 0.3610376
vn -0.7404027 0.3898888 0.5475313
vn -0.4686062 0.4566434 0.7562308
vn -0.0190198 0.4572333 0.8891434
vn 0.4481314 0.3515824 0.8219295
vn 0.7408713 0.2112569 0.6375581
vn 0.8853407 0.0938275 0.4553770
vn 0.9532162 0.0024189 0.3022798
vn 0.9535797 0.0104985 0.3009576
vn 0.9844568 -0.0555526 0.1666097
vn 0.9925287 -0.1138284 0.0439296
vn 0.9824052 -0.1698148 -0.0777368
vn 0.9509570 -0.2280695 -0.2089619
vn 0.8851081 -0.2926819 -0.3618300
vn 0.7523938 -0.3652141 -0.5481991
vn 0.4871373 -0.4327120 -0.7585892
vn 0.0390795 -0.4419397 -0.8961931
vn -0.4365616 -0.3489608 -0.8292408
vn -0.7369491 -0.2192501 -0.6394024
vn -0.8850739 -0.1105805 -0.4521240
vn -0.9549475 -0.0270791 -0.2955368
vn -0.9860065 0.0400787 -0.1618175
vn -0.9943561 0.0985268 -0.0393492
vn -0.9846476 0.1538679 0.0824238
vn -0.9538300 0.2106590 0.2140820
vn -0.8889451 0.2728894 0.3678424
vn -0.7576131 0.3420501 0.5558994
vn -0.4936625 0.4057535 0.7691953
vn -0.0447859 0.4131012 0.9095832
vn 0.4336077 0.3223052 0.8414890
vn 0.7353907 0.1968211 0.6484303
vn 0.8837767 0.0917362 0.4588280
vn 0.9535797 0.0104985 0.3009576
vn 0.9533022 0.0143983 0.3016747
vn 0.9849667 -0.0478133 0.1659956
vn 0.9938178 -0.1025900 0.0424435
vn 0.9846596 -0.1551596 -0.0798188
vn 0.9545807 -0.2098824 -0.2114830
vn 0.8908551 -0.2707507 -0.3647894
vn 0.7615178 -0.3396276 -0.5520359
vn 0.5006222 -0.4052528 -0.7649494
vn 0.0534133 -0.4178447 -0.9069470
vn -0.4280488 -0.3327285 -0.8402773
vn -0.7334020 -0.2107123 -0.6463141
vn -0.8836930 -0.1081294 -0.4554061
vn -0.9545628 -0.0293512 -0.2965608
vn -0.9862893 0.0339765 -0.1614902
vn -0.9952901 0.0890982 -0.0381990
vn -0.9863870 0.1413222 0.0840763
vn -0.9567205 0.1949759 0.2160332
vn -0.8936564 0.2539128 0.3700087
vn -0.7653317 0.3198396 0.5585427
vn -0.5055690 0.3818503 0.7736862
vn -0.0581852 0.3922909 0.9179991
vn 0.4251420 0.3088490 0.8508035
vn 0.7317077 0.1905169 0.6544518
vn 0.8823717 0.0911067 0.4616490
vn 0.9533022 0.0143983 0.3016747
vn 0.9522545 0.0143333 0.3049686
vn 0.9843867 -0.0489164 0.1690856
vn 0.9934874 -0.1044755 0.0454716
vn 0.9845075 -0.1576769 -0.0767009
vn 0.9546465 -0.2129463 -0.2080958
vn 0.8913478 -0.2743151 -0.3609021
vn 0.7630232 -0.3436783 -0.5474312
vn 0.5043520 -0.4098734 -0.7600216
vn 0.0597071 -0.4231546 -0.9040881
vn -0.4225051 -0.3376772 -0.8411085
vn -0.7302884 -0.2139191 -0.6487815
vn -0.8821122 -0.1095606 -0.4581207
vn -0.9537215 -0.0294114 -0.2992494
vn -0.9858081 0.0349640 -0.1641946
vn -0.9950119 0.0909288 -0.0410273
vn -0.9862777 0.1438673 0.0809841
vn -0.9568637 0.1981468 0.2124848
vn -0.8943512 0.2576345 0.3657327
vn -0.7673829 0.3240524 0.5532753
vn -0.5106290 0.3866349 0.7679658
vn -0.0667051 0.3978987 0.9150011
vn 0.4177084 0.3141488 0.8525434
vn 0.7276102 0.1938645 0.6580273
vn 0.8803426 0.0924892 0.4652340
vn 0.9522545 0.0143333 0.3049686
vn 0.7618148 0.6477180 0.0099749
vn 0.8068422 0.5877720 -0.0594110
vn 0.8271320 0.5458690 -0.1337147
vn 0.8257894 0.5220539 -0.2133815
vn 0.8022056 0.5165440 -0.2994135
vn 0.7517938 0.5300293 -0.3922691
vn 0.6656956 0.5629202 -0.4898675
vn 0.5322282 0.6129819 -0.5839403
vn 0.3443821 0.6714851 -0.6561317
vn 0.1151292 0.7225034 -0.6817141
vn -0.1162279 0.7528195 -0.6478841
vn -0.3075725 0.7639887 -0.5672040
vn -0.4404528 0.7683961 -0.4642938
vn -0.5173758 0.7776032 -0.3572892
vn -0.5466013 0.7979127 -0.2540912
vn -0.5333062 0.8313084 -0.1565591
vn -0.4773419 0.8763329 -0.0646945
vn -0.3743441 0.9270647 0.0204337
vn -0.2203078 0.9708564 0.0943520
vn -0.0210080 0.9887308 0.1482227
vn 0.1992304 0.9646948 0.1722532
vn 0.4044324 0.8998986 0.1631468
vn 0.5684608 0.8128597 0.1269308
vn 0.6853764 0.7244840 0.0733628
vn 0.7618148 0.6477180 0.0099749
vn -0.9736221 0.0108579 0.2279079
vn 0.3020745 0.9168537 -0.2610177
s 1
f 1/1/1 2/2/2 27/27/27
f 1/1/1 27/27/27 26/26/26
f 2/2/2 3/3/3 28/28/28
f 2/2/2 28/28/28 27/27/27
f 3/3/3 4/4/4 29/29/29
f 3/3/3 29/29/29 28/28/28
f 4/4/4 5/5/5 30/30/30
f 4/4/4 30/30/30 29/29/29
f 5/5/5 6/6/6 31/31/31
f 5/5/5 31/31/31 30/30/30
f 6/6/6 7/7/7 32/32/32
f 6/6/6 32/32/32 31/31/31
f 7/7/7 8/8/8 33/33/33
f 7/7/7 33/33/33 32/32/32
f 8/8/8 9/9/9 34/34/34
f 8/8/8 34/34/34 33/33/33
f 9/9/9 10/10/10 35/35/35
f 9/9/9 35/35/35 34/34/34
f 10/10/10 11/11/11 36/36/36
f 10/10/10 36/36/36 35/35/35
f 11/11/11 12/12/12 37/37/37
f 11/11/11 37/37/37 36/36/36
f 12/12/12 13/13/13 38/38/38
f 12/12/12 38/38/38 37/37/37
f 13/13/13 14/14/14 39/39/39
f 13/13/13 39/39/39 38/38/38
f 14/14/14 15/15/15 40/40/40
f 14/14/14 40/40/40 39/39/39
f 15/15/15 16/16/16 41/41/41
f 15/15/15 41/41/41 40/40/40
f 16/16/16 17/17/17 42/42/42
f 16/16/16 42/42/42 41/41/41
f 17/17/17 18/18/18 43/43/43
f 17/17/17 43/43/43 42/42/42
f 18/18/18 19/19/19 44/44/44
f 18/18/18 44/44/44 43/43/43
f 19/19/19 20/20/20 45/45/45
f 19/19/19 45/45/45 44/44/44
f 20/20/20 21/21/21 46/46/46
f 20/20/20 46/46/46 45/45/45
f 21/21/21 22/22/22 47/47/47
f 21/21/21 47/47/47 46/46/46
f 22/22/22 23/23/23 48/48/48
f 22/22/22 48/48/48 47/47/47
f 23/23/23 24/24/24 49/49/49
f 23/23/23 49/49/49 48/48/48
f 24/24/24 25/25/25 50/50/50
f 24/24/24 50/50/50 49/49/49
f 26/26/26 27/27/27 52/52/52
f 26/26/26 52/52/52 51/51/51
f 27/27/27 28/28/28 53/53/53
f 27/27/27 53/53/53 52/52/52
f 28/28/28 29/29/29 54/54/54
f 28/28/28 54/54/54 53/53/53
f 29/29/29 30/30/30 55/55/55
f 29/29/29 55/55/55 54/54/54
f 30/30/30 31/31/31 56/56/56
f 30/30/30 56/56/56 55/55/55
f 31/31/31 32/32/32 57/57/57
f 31/31/31 57/57/57 56/56/56
f 32/32/32 33/33/33 58/58/58
f 32/32/32 58/58/58 57/57/57
f 33/33/33 34/34/34 59/59/59
f 33/33/33 59/59/59 58/58/58
f 34/34/34 35/35/35 60/60/60
f 34/34/34 60/60/60 59/59/59
f 35/35/35 36/36/36 61/61/61
f 35/35/35 61/61/61 60/60/60
f 36/36/36 37/37/37 62/62/62
f 36/36/36 62/62/62 61/61/61
f 37/37/37 38/38/38 63/63/63
f 37/37/37 63/63/63 62/62/62
f 38/38/38 39/39/39 64/64/64
f 38/38/38 64/64/64 63/63/63
f 39/39/39 40/40/40 65/65/65
f 39/39/39 65/65/65 64/64/64
f 40/40/40 41/41/41 66/66/66
f 40/40/40 66/66/66 65/65/65
f 41/41/41 42/42/42 67/67/67
f 41/41/41 67/67/67 66/66/66
f 42/42/42 43/43/43 68/68/68
f 42/42/42 68/68/68 67/67/67
f 43/43/43 44/44/44 69/69/69
f 43/43/43 69/69/69 68/68/68
f 44/44/44 45/45/45 70/70/70
f 44/44/44 70/70/70 69/69/69
f 45/45/45 46/46/46 71/71/71
f 45/45/45 71/71/71 70/70/70
f 46/46/46 47/47/47 72/72/72
f 46/46/46 72/72/72 71/71/71
f 47/47/47 48/48/48 73/73/73
f 47/47/47 73/73/73 72/72/72
f 48/48/48 49/49/49 74/74/74
f 48/48/48 74/74/74 73/73/73
f 49/49/49 50/50/50 75/75/75
f 49/49/49 75/75/75 74/74/74
f 51/51/51 52/52/52 77/77/77
f 51/51/51 77/77/77 76/76/76
f 52/52/52 53/53/53 78/78/78
f 52/52/52 78/78/78 77/77/77
f 53/53/53 54/54/54 79/79/79
f 53/53/53 79/79/79 78/78/78
f 54/54/54 55/55/55 80/80/80
f 54/54/54 80/80/80 79/79/79
f 55/55/55 56/56/56 81/81/81
f 55/55/55 81/81/81 80/80/80
f 56/56/56 57/57/57 82/82/82
f 56/56/56 82/82/82 81/81/81
f 57/57/57 58/58/58 83/83/83
f 57/57/57 83/83/83 82/82/82
f 58/58/58 59/59/59 84/84/84
f 58/58/58 84/84/84 83/83/83
f 59/59/59 60/60/60 85/85/85
f 59/59/59 85/85/85 84/84/84
f 60/60/60 61/61/61 86/86/86
f 60/60/60 86/86/86 85/85/85
f 61/61/61 62/62/62 87/87/87
f 61/61/61 87/87/87 86/86/86
f 62/62/62 63/63/63 88/88/88
f 62/62/62 88/88/88 87/87/87
f 63/63/63 64/64/64 89/89/89
f 63/63/63 89/89/89 88/88/88
f 64/64/64 65/65/65 90/90/90
f 64/64/64 90/90/90 89/89/89
f 65/65/65 66/66/66 91/91/91
f 65/65/65 91/91/91 90/90/90
f 66/66/66 67/67/67 92/92/92
f 66/66/66 92/92/92 91/91/91
f 67/67/67 68/68/68 93/93/93
f 67/67/67 93/93/93 92/92/92
f 68/68/68 69/69/69 94/94/94
f 68/68/68 94/94/94 93/93/93
f 69/69/69 70/70/70 95/95/95
f 69/69/69 95/95/95 94/94/94
f 70/70/70 71/71/71 96/96/96
f 70/70/70 96/96/96 95/95/95
f 71/71/71 72/72/72 97/97/97
f 71/71/71 97/97/97 96/96/96
f 72/72/72 73/73/73 98/98/98
f 72/72/72 98/98/98 97/97/97
f 73/73/73 74/74/74 99/99/99
f 73/73/73 99/99/99 98/98/98
f 74/74/74 75/75/75 100/100/100
f 74/74/74 100/100/100 99/99/99
f 76/76/76 77/77/77 102/102/102
f 76/76/76 102/102/102 101/101/101
f 77/77/77 78/78/78 103/103/103
f 77/77/77 103/103/103 102/102/102
f 78/78/78 79/79/79 104/104/104
f 78/78/78 104/104/104 103/103/103
f 79/79/79 80/80/80 105/105/105
f 79/79/79 105/105/105 104/104/104
f 80/80/80 81/81/81 106/106/106
f 80/80/80 106/106/106 105/105/105
f 81/81/81 82/82/82 107/107/107
f 81/81/81 107/107/107 106/106/106
f 82/82/82 83/83/83 108/108/108
f 82/82/82 108/108/108 107/107/107
f 83/83/83 84/84/84 109/109/109
f 83/83/83 109/109/109 108/108/108
f 84/84/84 85/85/85 110/110/110
f 84/84/84 110/110/110 109/109/109
f 85/85/85 86/86/86 111/111/111
f 85/85/85 111/111/111 110/110/110
f 86/86/86 87/87/87 112/112/112
f 86/86/86 112/112/112 111/111/111
f 87/87/87 88/88/88 113/113/113
f 87/87/87 113/113/113 112/112/112
f 88/88/88 89/89/89 114/114/114
f 88/88/88 114/114/114 113/113/113
f 89/89/89 90/90/90 115/115/115
f 89/89/89 115/115/115 114/114/114
f 90/90/90 91/91/91 116/116/116
f 90/90/90 116/116/116 115/115/115
f 91/91/91 92/92/92 117/117/117
f 91/91/91 117/117/117 116/116/116
f 92/92/92 93/93/93 118/118/118
f 92/92/92 118/118/118 117/117/117
f 93/93/93 94/94/94 119/119/119
f 93/93/93 119/119/119 118/118/118
f 94/94/94 95/95/95 120/120/120
f 94/94/94 120/120/120 119/119/119
f 95/95/95 96/96/96 121/121/121
f 95/95/95 121/121/121 120/120/120
f 96/96/96 97/97/97 122/122/122
f 96/96/96 122/122/122 121/121/121
f 97/97/97 98/98/98 123/123/123
f 97/97/97 123/123/123 122/122/122
f 98/98/98 99/99/99 124/124/124
f 98/98/98 124/124/124 123/123/123
f 99/99/99 100/100/100 125/125/125
f 99/99/99 125/125/125 124/124/124
f 101/101/101 102/102/102 127/127/127
f 101/101/101 127/127/127 126/126/126
f 102/102/102 103/103/103 128/128/128
f 102/102/102 128/128/128 127/127/127
f 103/103/103 104/104/104 129/129/129
f 103/103/103 129/129/129 128/128/128
f 104/104/104 105/105/105 130/130/130
f 104/104/104 130/130/130 129/129/129
f 105/105/105 106/106/106 131/131/131
f 105/105/105 131/131/131 130/130/130
f 106/106/106 107/107/107 132/132/132
f 106/106/106 132/132/132 131/131/131
f 107/107/107 108/108/108 133/133/133
f 107/107/107 133/133/133 132/132/132
f 108/108/108 109/109/109 134/134/134
f 108/108/108 134/134/134 133/133/133
f 109/109/109 110/110/110 135/135/135
f 109/109/109 135/135/135 134/134/134
f 110/110/110 111/111/111 136/136/136
f 110/110/110 136/136/136 135/135/135
f 111/111/111 112/112/112 137/137/137
f 111/111/111 137/137/137 136/136/136
f 112/112/112 113/113/113 138/138/138
f 112/112/112 138/138/138 137/137/137
f 113/113/113 114/114/114 139/139/139
f 113/113/113 139/139/139 138/138/138
f 114/114/114 115/115/115 140/140/140
f 114/114/114 140/140/140 139/139/139
f 115/115/115 116/116/116 141/141/141
f 115/115/115 141/141/141 140/140/140
f 116/116/116 117/117/117 142/142/142
f 116/116/116 142/142/142 141/141/141
f 117/117/117 118/118/118 143/143/143
f 117/117/117 143/143/143 142/142/142
f 118/118/118 119/119/119 144/144/144
f 118/118/118 144/144/144 143/143/143
f 119/119/119 120/120/120 145/145/145
f 119/119/119 145/145/145 144/144/144
f 120/120/120 121/121/121 146/146/146
f 120/120/120 146/146/146 145/145/145
f 121/121/121 122/122/122 147/147/147
f 121/121/121 147/147/147 146/146/146
f 122/122/122 123/123/123 148/148/148
f 122/122/122 148/148/148 147/147/147
f 123/123/123 124/124/124 149/149/149
f 123/123/123 149/149/149 148/148/148
f 124/124/124 125/125/125 150/150/150
f 124/124/124 150/150/150 149/149/149
f 126/126/126 127/127/127 152/152/152
f 126/126/126 152/152/152 151/151/151
f 127/127/127 128/128/128 153/153/153
f 127/127/127 153/153/153 152/152/152
f 128/128/128 129/129/129 154/154/154
f 128/128/128 154/154/154 153/153/153
f 129/129/129 130/130/130 155/155/155
f 129/129/129 155/155/155 154/154/154
f 130/130/130 131/131/131 156/156/156
f 130/130/130 156/156/156 155/155/155
f 131/131/131 132/132/132 157/157/157
f 131/131/131 157/157/157 156/156/156
f 132/132/132 133/133/133 158/158/158
f 132/132/132 158/158/158 157/157/157
f 133/133/133 134/134/134 159/159/159
f 133/133/133 159/159/159 158/158/158
f 134/134/134 135/135/135 160/160/160
f 134/134/134 160/160/160 159/159/159
f 135/135/135 136/136/136 161/161/161
f 135/135/135 161/161/161 160/160/160
f 136/136/136 137/137/137 162/162/162
f 136/136/136 162/162/162 161/161/161
f 137/137/137 138/138/138 163/163/163
f 137/137/137 163/163/163 162/162/162
f 138/138/138 139/139/139 164/164/164
f 138/138/138 164/164/164 163/163/163
f 139/139/139 140/140/140 165/165/165
f 139/139/139 165/165/165 164/164/164
f 140/140/140 141/141/141 166/166/166
f 140/140/140 166/166/166 165/165/165
f 141/141/141 142/142/142 167/167/167
f 141/141/141 167/167/167 166/166/166
f 142/142/142 143/143/143 168/168/168
f 142/142/142 168/168/168 167/167/167
f 143/143/143 144/144/144 169/169/169
f 143/143/143 169/169/169 168/168/168
f 144/144/144 145/145/145 170/170/170
f 144/144/144 170/170/170 169/169/169
f 145/145/145 146/146/146 171/171/171
f 145/145/145 171/171/171 170/170/170
f 146/146/146 147/147/147 172/172/172
f 146/146/146 172/172/172 171/171/171
f 147/147/147 148/148/148 173/173/173
f 147/147/147 173/173/173 172/172/172
f 148/148/148 149/149/149 174/174/174
f 148/148/148 174/174/174 173/173/173
f 149/149/149 150/150/150 175/175/175
f 149/149/149 175/175/175 174/174/174
f 151/151/151 152/152/152 177/177/177
f 151/151/151 177/177/177 176/176/176
f 152/152/152 153/153/153 178/178/178
f 152/152/152 178/178/178 177/177/177
f 153/153/153 154/154/154 179/179/179
f 153/153/153 179/179/179 178/178/178
f 154/154/154 155/155/155 180/180/180
f 154/154/154 180/180/180 179/179/179
f 155/155/155 156/156/156 181/181/181
f 155/155/155 181/181/181 180/180/180
f 156/156/156 157/157/157 182/182/182
f 156/156/156 182/182/182 181/181/181
f 157/157/157 158/158/158 183/183/183
f 157/157/157 183/183/183 182/182/182
f 158/158/158 159/159/159 184/184/184
f 158/158/158 184/184/184 183/183/183
f 159/159/159 160/160/160 185/185/185
f 159/159/159 185/185/185 184/184/184
f 160/160/160 161/161/161 186/186/186
f 160/160/160 186/186/186 185/185/185
f 161/161/161 162/162/162 187/187/187
f 161/161/161 187/187/187 186/186/186
f 162/162/162 163/163/163 188/188/188
f 162/162/162 188/188/188 187/187/187
f 163/163/163 164/164/164 189/189/189
f 163/163/163 189/189/189 188/188/188
f 164/164/164 165/165/165 190/190/190
f 164/164/164 190/190/190 189/189/189
f 165/165/165 166/166/166 191/191/191
f 165/165/165 191/191/191 190/190/190
f 166/166/166 167/167/167 192/192/192
f 166/166/166 192/192/192 191/191/191
f 167/167/167 168/168/168 193/193/193
f 167/167/167 193/193/193 192/192/192
f 168/168/168 169/169/169 194/194/194
f 168/168/168 194/194/194 193/193/193
f 169/169/169 170/170/170 195/195/195
f 169/169/169 195/195/195 194/194/194
f 170/170/170 171/171/171 196/196/196
f 170/170/170 196/196/196 195/195/195
f 171/171/171 172/172/172 197/197/197
f 171/171/171 197/197/197 196/196/196
f 172/172/172 173/173/173 198/198/198
f 172/172/172 198/198/198 197/197/197
f 173/173/173 174/174/174 199/199/199
f 173/173/173 199/199/199 198/198/198
f 174/174/174 175/175/175 200/200/200
f 174/174/174 200/200/200 199/199/199
f 176/176/176 177/177/177 202/202/202
f 176/176/176 202/202/202 201/201/201
f 177/177/177 178/178/178 203/203/203
f 177/177/177 203/203/203 202/202/202
f 178/178/178 179/179/179 204/204/204
f 178/178/178 204/204/204 203/203/203
f 179/179/179 180/180/180 205/205/205
f 179/179/179 205/205/205 204/204/204
f 180/180/180 181/181/181 206/206/206
f 180/180/180 206/206/206 205/205/205
f 181/181/181 182/182/182 207/207/207
f 181/181/181 207/207/207 206/206/206
f 182/182/182 183/183/183 208/208/208
f 182/182/182 208/208/208 207/207/207
f 183/183/183 184/184/184 209/209/209
f 183/183/183 209/209/209 208/208/208
f 184/184/184 185/185/185 210/210/210
f 184/184/184 210/210/210 209/209/209
f 185/185/185 186/186/186 211/211/211
f 185/185/185 211/211/211 210/210/210
f 186/186/186 187/187/187 212/212/212
f 186/186/186 212/212/212 211/211/211
f 187/187/187 188/188/188 213/213/213
f 187/187/187 213/213/213 212/212/212
f 188/188/188 189/189/189 214/214/214
f 188/188/188 214/214/214 213/213/213
f 189/189/189 190/190/190 215/215/215
f 189/189/189 215/215/215 214/214/214
f 190/190/190 191/191/191 216/216/216
f 190/190/190 216/216/216 215/215/215
f 191/191/191 192/192/192 217/217/217
f 191/191/191 217/217/217 216/216/216
f 192/192/192 193/193/193 218/218/218
f 192/192/192 218/218/218 217/217/217
f 193/193/193 194/194/194 219/219/219
f 193/193/193 219/219/219 218/218/218
f 194/194/194 195/195/195 220/220/220
f 194/194/194 220/220/220 219/219/219
f 195/195/195 196/196/196 221/221/221
f 195/195/195 221/221/221 220/220/220
f 196/196/196 197/197/197 222/222/222
f 196/196/196 222/222/222 221/221/221
f 197/197/197 198/198/198 223/223/223
f 197/197/197 223/223/223 222/222/222
f 198/198/198 199/199/199 224/224/224
f 198/198/198 224/224/224 223/223/223
f 199/199/199 200/200/200 225/225/225
f 199/199/199 225/225/225 224/224/224
f 201/201/201 202/202/202 227/227/227
f 201/201/201 227/227/227 226/226/226
f 202/202/202 203/203/203 228/228/228
f 202/202/202 228/228/228 227/227/227
f 203/203/203 204/204/204 229/229/229
f 203/203/203 229/229/229 228/228/228
f 204/204/204 205/205/205 230/230/230
f 204/204/204 230/230/230 229/229/229
f 205/205/205 206/206/206 231/231/231
f 205/205/205 231/231/231 230/230/230
f 206/206/206 207/207/207 232/232/232
f 206/206/206 232/232/232 231/231/231
f 207/207/207 208/208/208 233/233/233
f 207/207/207 233/233/233 232/232/232
f 208/208/208 209/209/209 234/234/234
f 208/208/208 234/234/234 233/233/233
f 209/209/209 210/210/210 235/235/235
f 209/209/209 235/235/235 234/234/234
f 210/210/210 211/211/211 236/236/236
f 210/210/210 236/236/236 235/235/235
f 211/211/211 212/212/212 237/237/237
f 211/211/211 237/237/237 236/236/236
f 212/212/212 213/213/213 238/238/238
f 212/212/212 238/238/238 237/237/237
f 213/213/213 214/214/214 239/239/239
f 213/213/213 239/239/239 238/238/238
f 214/214/214 215/215/215 240/240/240
f 214/214/214 240/240/240 239/239/239
f 215/215/215 216/216/216 241/241/241
f 215/215/215 241/241/241 240/240/240
f 216/216/216 217/217/217 242/242/242
f 216/216/216 242/242/242 241/241/241
f 217/217/217 218/218/218 243/243/243
f 217/217/217 243/243/243 242/242/242
f 218/218/218 219/219/219 244/244/244
f 218/218/218 244/244/244 243/243/243
f 219/219/219 220/220/220 245/245/245
f 219/219/219 245/245/245 244/244/244
f 220/220/220 221/221/221 246/246/246
f 220/220/220 246/246/246 245/245/245
f 221/221/221 222/222/222 247/247/247
f 221/221/221 247/247/247 246/246/246
f 222/222/222 223/223/223 248/248/248
f 222/222/222 248/248/248 247/247/247
f 223/223/223 224/224/224 249/249/249
f 223/223/223 249/249/249 248/248/248
f 224/224/224 225/225/225 250/250/250
f 224/224/224 250/250/250 249/249/249
f 226/226/226 227/227/227 252/252/252
f 226/226/226 252/252/252 251/251/251
f 227/227/227 228/228/228 253/253/253
f 227/227/227 253/253/253 252/252/252
f 228/228/228 229/229/229 254/254/254
f 228/228/228 254/254/254 253/253/253
f 229/229/229 230/230/230 255/255/255
f 229/229/229 255/255/255 254/254/254
f 230/230/230 231/231/231 256/256/256
f 230/230/230 256/256/256 255/255/255
f 231/231/231 232/232/232 257/257/257
f 231/231/231 257/257/257 256/256/256
f 232/232/232 233/233/233 258/258/258
f 232/232/232 258/258/258 257/257/257
f 233/233/233 234/234/234 259/259/259
f 233/233/233 259/259/259 258/258/258
f 234/234/234 235/235/235 260/260/260
f 234/234/234 260/260/260 259/259/259
f 235/235/235 236/236/236 261/261/261
f 235/235/235 261/261/261 260/260/260
f 236/236/236 237/237/237 262/262/262
f 236/236/236 262/262/262 261/261/261
f 237/237/237 238/238/238 263/263/263
f 237/237/237 263/263/263 262/262/262
f 238/238/238 239/239/239 264/264/264
f 238/238/238 264/264/264 263/263/263
f 239/239/239 240/240/240 265/265/265
f 239/239/239 265/265/265 264/264/264
f 240/240/240 241/241/241 266/266/266
f 240/240/240 266/266/266 265/265/265
f 241/241/241 242/242/242 267/267/267
f 241/241/241 267/267/267 266/266/266
f 242/242/242 243/243/243 268/268/268
f 242/242/242 268/268/268 267/267/267
f 243/243/243 244/244/244 269/269/269
f 243/243/243 269/269/269 268/268/268
f 244/244/244 245/245/245 270/270/270
f 244/244/244 270/270/270 269/269/269
f 245/245/245 246/246/246 271/271/271
f 245/245/245 271/271/271 270/270/270
f 246/246/246 247/247/247 272/272/272
f 246/246/246 272/272/272 271/271/271
f 247/247/247 248/248/248 273/273/273
f 247/247/247 273/273/273 272/272/272
f 248/248/248 249/249/249 274/274/274
f 248/248/248 274/274/274 273/273/273
f 249/249/249 250/250/250 275/275/275
f 249/249/249 275/275/275 274/274/274
f 251/251/251 252/252/252 277/277/277
f 251/251/251 277/277/277 276/276/276
f 252/252/252 253/253/253 278/278/278
f 252/252/252 278/278/278 277/277/277
f 253/253/253 254/254/254 279/279/279
f 253/253/253 279/279/279 278/278/278
f 254/254/254 255/255/255 280/280/280
f 254/254/254 280/280/280 279/279/279
f 255/255/255 256/256/256 281/281/281
f 255/255/255 281/281/281 280/280/280
f 256/256/256 257/257/257 282/282/282
f 256/256/256 282/282/282 281/281/281
f 257/257/257 258/258/258 283/283/283
f 257/257/257 283/283/283 282/282/282
f 258/258/258 259/259/259 284/284/284
f 258/258/258 284/284/284 283/283/283
f 259/259/259 260/260/260 285/285/285
f 259/259/259 285/285/285 284/284/284
f 260/260/260 261/261/261 286/286/286
f 260/260/260 286/286/286 285/285/285
f 261/261/261 262/262/262 287/287/287
f 261/261/261 287/287/287 286/286/286
f 262/262/262 263/263/263 288/288/288
f 262/262/262 288/288/288 287/287/287
f 263/263/263 264/264/264 289/289/289
f 263/263/263 289/289/289 288/288/288
f 264/264/264 265/265/265 290/290/290
f 264/264/264 290/290/290 289/289/289
f 265/265/265 266/266/266 291/291/291
f 265/265/265 291/291/291 290/290/290
f 266/266/266 267/267/267 292/292/292
f 266/266/266 292/292/292 291/291/291
f 267/267/267 268/268/268 293/293/293
f 267/267/267 293/293/293 292/292/292
f 268/268/268 269/269/269 294/294/294
f 268/268/268 294/294/294 293/293/293
f 269/269/269 270/270/270 295/295/295
f 269/269/269 295/295/295 294/294/294
f 270/270/270 271/271/271 296/296/296
f 270/270/270 296/296/296 295/295/295
f 271/271/271 272/272/272 297/297/297
f 271/271/271 297/297/297 296/296/296
f 272/272/272 273/273/273 298/298/298
f 272/272/272 298/298/298 297/297/297
f 273/273/273 274/274/274 299/299/299
f 273/273/273 299/299/299 298/298/298
f 274/274/274 275/275/275 300/300/300
f 274/274/274 300/300/300 299/299/299
f 276/276/276 277/277/277 302/302/302
f 276/276/276 302/302/302 301/301/301
f 277/277/277 278/278/278 303/303/303
f 277/277/277 303/303/303 302/302/302
f 278/278/278 279/279/279 304/304/304
f 278/278/278 304/304/304 303/303/303
f 279/279/279 280/280/280 305/305/305
f 279/279/279 305/305/305 304/304/304
f 280/280/280 281/281/281 306/306/306
f 280/280/280 306/306/306 305/305/305
f 281/281/281 282/282/282 307/307/307
f 281/281/281 307/307/307 306/306/306
f 282/282/282 283/283/283 308/308/308
f 282/282/282 308/308/308 307/307/307
f 283/283/283 284/284/284 309/309/309
f 283/283/283 309/309/309 308/308/308
f 284/284/284 285/285/285 310/310/310
f 284/284/284 310/310/310 309/309/309
f 285/285/285 286/286/286 311/311/311
f 285/285/285 311/311/311 310/310/310
f 286/286/286 287/287/287 312/312/312
f 286/286/286 312/312/312 311/311/311
f 287/287/287 288/288/288 313/313/313
f 287/287/287 313/313/313 312/312/312
f 288/288/288 289/289/289 314/314/314
f 288/288/288 314/314/314 313/313/313
f 289/289/289 290/290/290 315/315/315
f 289/289/289 315/315/315 314/314/314
f 290/290/290 291/291/291 316/316/316
f 290/290/290 316/316/316 315/315/315
f 291/291/291 292/292/292 317/317/317
f 291/291/291 317/317/317 316/316/316
f 292/292/292 293/293/293 318/318/318
f 292/292/292 318/318/318 317/317/317
f 293/293/293 294/294/294 319/319/319
f 293/293/293 319/319/319 318/318/318
f 294/294/294 295/295/295 320/320/320
f 294/294/294 320/320/320 319/319/319
f 295/295/295 296/296/296 321/321/321
f 295/295/295 321/321/321 320/320/320
f 296/296/296 297/297/297 322/322/322
f 296/296/296 322/322/322 321/321/321
f 297/297/297 298/298/298 323/323/323
f 297/297/297 323/323/323 322/322/322
f 298/298/298 299/299/299 324/324/324
f 298/298/298 324/324/324 323/323/323
f 299/299/299 300/300/300 325/325/325
f 299/299/299 325/325/325 324/324/324
f 301/301/301 302/302/302 327/327/327
f 301/301/301 327/327/327 326/326/326
f 302/302/302 303/303/303 328/328/328
f 302/302/302 328/328/328 327/327/327
f 303/303/303 304/304/304 329/329/329
f 303/303/303 329/329/329 328/328/328
f 304/304/304 305/305/305 330/330/330
f 304/304/304 330/330/330 329/329/329
f 305/305/305 306/306/306 331/331/331
f 305/305/305 331/331/331 330/330/330
f 306/306/306 307/307/307 332/332/332
f 306/306/306 332/332/332 331/331/331
f 307/307/307 308/308/308 333/333/333
f 307/307/307 333/333/333 332/332/332
f 308/308/308 309/309/309 334/334/334
f 308/308/308 334/334/334 333/333/333
f 309/309/309 310/310/310 335/335/335
f 309/309/309 335/335/335 334/334/334
f 310/310/310 311/311/311 336/336/336
f 310/310/310 336/336/336 335/335/335
f 311/311/311 312/312/312 337/337/337
f 311/311/311 337/337/337 336/336/336
f 312/312/312 313/313/313 338/338/338
f 312/312/312 338/338/338 337/337/337
f 313/313/313 314/314/314 339/339/339
f 313/313/313 339/339/339 338/338/338
f 314/314/314 315/315/315 340/340/340
f 314/314/314 340/340/340 339/339/339
f 315/315/315 316/316/316 341/341/341
f 315/315/315 341/341/341 340/340/340
f 316/316/316 317/317/317 342/342/342
f 316/316/316 342/342/342 341/341/341
f 317/317/317 318/318/318 343/343/343
f 317/317/317 343/343/343 342/342/342
f 318/318/318 319/319/319 344/344/344
f 318/318/318 344/344/344 343/343/343
f 319/319/319 320/320/320 345/345/345
f 319/319/319 345/345/345 344/344/344
f 320/320/320 321/321/321 346/346/346
f 320/320/320 346/346/346 345/345/345
f 321/321/321 322/322/322 347/347/347
f 321/321/321 347/347/347 346/346/346
f 322/322/322 323/323/323 348/348/348
f 322/322/322 348/348/348 347/347/347
f 323/323/323 324/324/324 349/349/349
f 323/323/323 349/349/349 348/348/348
f 324/324/324 325/325/325 350/350/350
f 324/324/324 350/350/350 349/349/349
f 326/326/326 327/327/327 352/352/352
f 326/326/326 352/352/352 351/351/351
f 327/327/327 328/328/328 353/353/353
f 327/327/327 353/353/353 352/352/352
f 328/328/328 329/329/329 354/354/354
f 328/328/328 354/354/354 353/353/353
f 329/329/329 330/330/330 355/355/355
f 329/329/329 355/355/355 354/354/354
f 330/330/330 331/331/331 356/356/356
f 330/330/330 356/356/356 355/355/355
f 331/331/331 332/332/332 357/357/357
f 331/331/331 357/357/357 356/356/356
f 332/332/332 333/333/333 358/358/358
f 332/332/332 358/358/358 357/357/357
f 333/333/333 334/334/334 359/359/359
f 333/333/333 359/359/359 358/358/358
f 334/334/334 335/335/335 360/360/360
f 334/334/334 360/360/360 359/359/359
f 335/335/335 336/336/336 361/361/361
f 335/335/335 361/361/361 360/360/360
f 336/336/336 337/337/337 362/362/362
f 336/336/336 362/362/362 361/361/361
f 337/337/337 338/338/338 363/363/363
f 337/337/337 363/363/363 362/362/362
f 338/338/338 339/339/339 364/364/364
f 338/338/338 364/364/364 363/363/363
f 339/339/339 340/340/340 365/365/365
f 339/339/339 365/365/365 364/364/364
f 340/340/340 341/341/341 366/366/366
f 340/340/340 366/366/366 365/365/365
f 341/341/341 342/342/342 367/367/367
f 341/341/341 367/367/367 366/366/366
f 342/342/342 343/343/343 368/368/368
f 342/342/342 368/368/368 367/367/367
f 343/343/343 344/344/344 369/369/369
f 343/343/343 369/369/369 368/368/368
f 344/344/344 345/345/345 370/370/370
f 344/344/344 370/370/370 369/369/369
f 345/345/345 346/346/346 371/371/371
f 345/345/345 371/371/371 370/370/370
f 346/346/346 347/347/347 372/372/372
f 346/346/346 372/372/372 371/371/371
f 347/347/347 348/348/348 373/373/373
f 347/347/347 373/373/373 372/372/372
f 348/348/348 349/349/349 374/374/374
f 348/348/348 374/374/374 373/373/373
f 349/349/349 350/350/350 375/375/375
f 349/349/349 375/375/375 374/374/374
f 351/351/351 352/352/352 377/377/377
f 351/351/351 377/377/377 376/376/376
f 352/352/352 353/353/353 378/378/378
f 352/352/352 378/378/378 377/377/377
f 353/353/353 354/354/354 379/379/379
f 353/353/353 379/379/379 378/378/378
f 354/354/354 355/355/355 380/380/380
f 354/354/354 380/380/380 379/379/379
f 355/355/355 356/356/356 381/381/381
f 355/355/355 381/381/381 380/380/380
f 356/356/356 357/357/357 382/382/382
f 356/356/356 382/382/382 381/381/381
f 357/357/357 358/358/358 383/383/383
f 357/357/357 383/383/383 382/382/382
f 358/358/358 359/359/359 384/384/384
f 358/358/358 384/384/384 383/383/383
f 359/359/359 360/360/360 385/385/385
f 359/359/359 385/385/385 384/384/384
f 360/360/360 361/361/361 386/386/386
f 360/360/360 386/386/386 385/385/385
f 361/361/361 362/362/362 387/387/387
f 361/361/361 387/387/387 386/386/386
f 362/362/362 363/363/363 388/388/388
f 362/362/362 388/388/388 387/387/387
f 363/363/363 364/364/364 389/389/389
f 363/363/363 389/389/389 388/388/388
f 364/364/364 365/365/365 390/390/390
f 364/364/364 390/390/390 389/389/389
f 365/365/365 366/366/366 391/391/391
f 365/365/365 391/391/391 390/390/390
f 366/366/366 367/367/367 392/392/392
f 366/366/366 392/392/392 391/391/391
f 367/367/367 368/368/368 393/393/393
f 367/367/367 393/393/393 392/392/392
f 368/368/368 369/369/369 394/394/394
f 368/368/368 394/394/394 393/393/393
f 369/369/369 370/370/370 395/395/395
f 369/369/369 395/395/395 394/394/394
f 370/370/370 371/371/371 396/396/396
f 370/370/370 396/396/396 395/395/395
f 371/371/371 372/372/372 397/397/397
f 371/371/371 397/397/397 396/396/396
f 372/372/372 373/373/373 398/398/398
f 372/372/372 398/398/398 397/397/397
f 373/373/373 374/374/374 399/399/399
f 373/373/373 399/399/399 398/398/398
f 374/374/374 375/375/375 400/400/400
f 374/374/374 400/400/400 399/399/399
f 376/376/376 377/377/377 402/402/402
f 376/376/376 402/402/402 401/401/401
f 377/377/377 378/378/378 403/403/403
f 377/377/377 403/403/403 402/402/402
f 378/378/378 379/379/379 404/404/404
f 378/378/378 404/404/404 403/403/403
f 379/379/379 380/380/380 405/405/405
f 379/379/379 405/405/405 404/404/404
f 380/380/380 381/381/381 406/406/406
f 380/380/380 406/406/406 405/405/405
f 381/381/381 382/382/382 407/407/407
f 381/381/381 407/407/407 406/406/406
f 382/382/382 383/383/383 408/408/408
f 382/382/382 408/408/408 407/407/407
f 383/383/383 384/384/384 409/409/409
f 383/383/383 409/409/409 408/408/408
f 384/384/384 385/385/385 410/410/410
f 384/384/384 410/410/410 409/409/409
f 385/385/385 386/386/386 411/411/411
f 385/385/385 411/411/411 410/410/410
f 386/386/386 387/387/387 412/412/412
f 386/386/386 412/412/412 411/411/411
f 387/387/387 388/388/388 413/413/413
f 387/387/387 413/413/413 412/412/412
f 388/388/388 389/389/389 414/414/414
f 388/388/388 414/414/414 413/413/413
f 389/389/389 390/390/390 415/415/415
f 389/389/389 415/415/415 414/414/414
f 390/390/390 391/391/391 416/416/416
f 390/390/390 416/416/416 415/415/415
f 391/391/391 392/392/392 417/417/417
f 391/391/391 417/417/417 416/416/416
f 392/392/392 393/393/393 418/418/418
f 392/392/392 418/418/418 417/417/417
f 393/393/393 394/394/394 419/419/419
f 393/393/393 419/419/419 418/418/418
f 394/394/394 395/395/395 420/420/420
f 394/394/394 420/420/420 419/419/419
f 395/395/395 396/396/396 421/421/421
f 395/395/395 421/421/421 420/420/420
f 396/396/396 397/397/397 422/422/422
f 396/396/396 422/422/422 421/421/421
f 397/397/397 398/398/398 423/423/423
f 397/397/397 423/423/423 422/422/422
f 398/398/398 399/399/399 424/424/424
f 398/398/398 424/424/424 423/423/423
f 399/399/399 400/400/400 425/425/425
f 399/399/399 425/425/425 424/424/424
f 401/401/401 402/402/402 427/427/427
f 401/401/401 427/427/427 426/426/426
f 402/402/402 403/403/403 428/428/428
f 402/402/402 428/428/428 427/427/427
f 403/403/403 404/404/404 429/429/429
f 403/403/403 429/429/429 428/428/428
f 404/404/404 405/405/405 430/430/430
f 404/404/404 430/430/430 429/429/429
f 405/405/405 406/406/406 431/431/431
f 405/405/405 431/431/431 430/430/430
f 406/406/406 407/407/407 432/432/432
f 406/406/406 432/432/432 431/431/431
f 407/407/407 408/408/408 433/433/433
f 407/407/407 433/433/433 432/432/432
f 408/408/408 409/409/409 434/434/434
f 408/408/408 434/434/434 433/433/433
f 409/409/409 410/410/410 435/435/435
f 409/409/409 435/435/435 434/434/434
f 410/410/410 411/411/411 436/436/436
f 410/410/410 436/436/436 435/435/435
f 411/411/411 412/412/412 437/437/437
f 411/411/411 437/437/437 436/436/436
f 412/412/412 413/413/413 438/438/438
f 412/412/412 438/438/438 437/437/437
f 413/413/413 414/414/414 439/439/439
f 413/413/413 439/439/439 438/438/438
f 414/414/414 415/415/415 440/440/440
f 414/414/414 440/440/440 439/439/439
f 415/415/415 416/416/416 441/441/441
f 415/415/415 441/441/441 440/440/440
f 416/416/416 417/417/417 442/442/442
f 416/416/416 442/442/442 441/441/441
f 417/417/417 418/418/418 443/443/443
f 417/417/417 443/443/443 442/442/442
f 418/418/418 419/419/419 444/444/444
f 418/418/418 444/444/444 443/443/443
f 419/419/419 420/420/420 445/445/445
f 419/419/419 445/445/445 444/444/444
f 420/420/420 421/421/421 446/446/446
f 420/420/420 446/446/446 445/445/445
f 421/421/421 422/422/422 447/447/447
f 421/421/421 447/447/447 446/446/446
f 422/422/422 423/423/423 448/448/448
f 422/422/422 448/448/448 447/447/447
f 423/423/423 424/424/424 449/449/449
f 423/423/423 449/449/449 448/448/448
f 424/424/424 425/425/425 450/450/450
f 424/424/424 450/450/450 449/449/449
f 426/426/426 427/427/427 452/452/452
f 426/426/426 452/452/452 451/451/451
f 427/427/427 428/428/428 453/453/453
f 427/427/427 453/453/453 452/452/452
f 428/428/428 429/429/429 454/454/454
f 428/428/428 454/454/454 453/453/453
f 429/429/429 430/430/430 455/455/455
f 429/429/429 455/455/455 454/454/454
f 430/430/430 431/431/431 456/456/456
f 430/430/430 456/456/456 455/455/455
f 431/431/431 432/432/432 457/457/457
f 431/431/431 457/457/457 456/456/456
f 432/432/432 433/433/433 458/458/458
f 432/432/432 458/458/458 457/457/457
f 433/433/433 434/434/434 459/459/459
f 433/433/433 459/459/459 458/458/458
f 434/434/434 435/435/435 460/460/460
f 434/434/434 460/460/460 459/459/459
f 435/435/435 436/436/436 461/461/461
f 435/435/435 461/461/461 460/460/460
f 436/436/436 437/437/437 462/462/462
f 436/436/436 462/462/462 461/461/461
f 437/437/437 438/438/438 463/463/463
f 437/437/437 463/463/463 462/462/462
f 438/438/438 439/439/439 464/464/464
f 438/438/438 464/464/464 463/463/463
f 439/439/439 440/440/440 465/465/465
f 439/439/439 465/465/465 464/464/464
f 440/440/440 441/441/441 466/466/466
f 440/440/440 466/466/466 465/465/465
f 441/441/441 442/442/442 467/467/467
f 441/441/441 467/467/467 466/466/466
f 442/442/442 443/443/443 468/468/468
f 442/442/442 468/468/468 467/467/467
f 443/443/443 444/444/444 469/469/469
f 443/443/443 469/469/469 468/468/468
f 444/444/444 445/445/445 470/470/470
f 444/444/444 470/470/470 469/469/469
f 445/445/445 446/446/446 471/471/471
f 445/445/445 471/471/471 470/470/470
f 446/446/446 447/447/447 472/472/472
f 446/446/446 472/472/472 471/471/471
f 447/447/447 448/448/448 473/473/473
f 447/447/447 473/473/473 472/472/472
f 448/448/448 449/449/449 474/474/474
f 448/448/448 474/474/474 473/473/473
f 449/449/449 450/450/450 475/475/475
f 449/449/449 475/475/475 474/474/474
f 451/451/451 452/452/452 477/477/477
f 451/451/451 477/477/477 476/476/476
f 452/452/452 453/453/453 478/478/478
f 452/452/452 478/478/478 477/477/477
f 453/453/453 454/454/454 479/479/479
f 453/453/453 479/479/479 478/478/478
f 454/454/454 455/455/455 480/480/480
f 454/454/454 480/480/480 479/479/479
f 455/455/455 456/456/456 481/481/481
f 455/455/455 481/481/481 480/480/480
f 456/456/456 457/457/457 482/482/482
f 456/456/456 482/482/482 481/481/481
f 457/457/457 458/458/458 483/483/483
f 457/457/457 483/483/483 482/482/482
f 458/458/458 459/459/459 484/484/484
f 458/458/458 484/484/484 483/483/483
f 459/459/459 460/460/460 485/485/485
f 459/459/459 485/485/485 484/484/484
f 460/460/460 461/461/461 486/486/486
f 460/460/460 486/486/486 485/485/485
f 461/461/461 462/462/462 487/487/487
f 461/461/461 487/487/487 486/486/486
f 462/462/462 463/463/463 488/488/488
f 462/462/462 488/488/488 487/487/487
f 463/463/463 464/464/464 489/489/489
f 463/463/463 489/489/489 488/488/488
f 464/464/464 465/465/465 490/490/490
f 464/464/464 490/490/490 489/489/489
f 465/465/465 466/466/466 491/491/491
f 465/465/465 491/491/491 490/490/490
f 466/466/466 467/467/467 492/492/492
f 466/466/466 492/492/492 491/491/491
f 467/467/467 468/468/468 493/493/493
f 467/467/467 493/493/493 492/492/492
f 468/468/468 469/469/469 494/494/494
f 468/468/468 494/494/494 493/493/493
f 469/469/469 470/470/470 495/495/495
f 469/469/469 495/495/495 494/494/494
f 470/470/470 471/471/471 496/496/496
f 470/470/470 496/496/496 495/495/495
f 471/471/471 472/472/472 497/497/497
f 471/471/471 497/497/497 496/496/496
f 472/472/472 473/473/473 498/498/498
f 472/472/472 498/498/498 497/497/497
f 473/473/473 474/474/474 499/499/499
f 473/473/473 499/499/499 498/498/498
f 474/474/474 475/475/475 500/500/500
f 474/474/474 500/500/500 499/499/499
f 476/476/476 477/477/477 502/502/502
f 476/476/476 502/502/502 501/501/501
f 477/477/477 478/478/478 503/503/503
f 477/477/477 503/503/503 502/502/502
f 478/478/478 479/479/479 504/504/504
f 478/478/478 504/504/504 503/503/503
f 479/479/479 480/480/480 505/505/505
f 479/479/479 505/505/505 504/504/504
f 480/480/480 481/481/481 506/506/506
f 480/480/480 506/506/506 505/505/505
f 481/481/481 482/482/482 507/507/507
f 481/481/481 507/507/507 506/506/506
f 482/482/482 483/483/483 508/508/508
f 482/482/482 508/508/508 507/507/507
f 483/483/483 484/484/484 509/509/509
f 483/483/483 509/509/509 508/508/508
f 484/484/484 485/485/485 510/510/510
f 484/484/484 510/510/510 509/509/509
f 485/485/485 486/486/486 511/511/511
f 485/485/485 511/511/511 510/510/510
f 486/486/486 487/487/487 512/512/512
f 486/486/486 512/512/512 511/511/511
f 487/487/487 488/488/488 513/513/513
f 487/487/487 513/513/513 512/512/512
f 488/488/488 489/489/489 514/514/514
f 488/488/488 514/514/514 513/513/513
f 489/489/489 490/490/490 515/515/515
f 489/489/489 515/515/515 514/514/514
f 490/490/490 491/491/491 516/516/516
f 490/490/490 516/516/516 515/515/515
f 491/491/491 492/492/492 517/517/517
f 491/491/491 517/517/517 516/516/516
f 492/492/492 493/493/493 518/518/518
f 492/492/492 518/518/518 517/517/517
f 493/493/493 494/494/494 519/519/519
f 493/493/493 519/519/519 518/518/518
f 494/494/494 495/495/495 520/520/520
f 494/494/494 520/520/520 519/519/519
f 495/495/495 496/496/496 521/521/521
f 495/495/495 521/521/521 520/520/520
f 496/496/496 497/497/497 522/522/522
f 496/496/496 522/522/522 521/521/521
f 497/497/497 498/498/498 523/523/523
f 497/497/497 523/523/523 522/522/522
f 498/498/498 499/499/499 524/524/524
f 498/498/498 524/524/524 523/523/523
f 499/499/499 500/500/500 525/525/525
f 499/499/499 525/525/525 524/524/524
f 501/501/501 502/502/502 527/527/527
f 501/501/501 527/527/527 526/526/526
f 502/502/502 503/503/503 528/528/528
f 502/502/502 528/528/528 527/527/527
f 503/503/503 504/504/504 529/529/529
f 503/503/503 529/529/529 528/528/528
f 504/504/504 505/505/505 530/530/530
f 504/504/504 530/530/530 529/529/529
f 505/505/505 506/506/506 531/531/531
f 505/505/505 531/531/531 530/530/530
f 506/506/506 507/507/507 532/532/532
f 506/506/506 532/532/532 531/531/531
f 507/507/507 508/508/508 533/533/533
f 507/507/507 533/533/533 532/532/532
f 508/508/508 509/509/509 534/534/534
f 508/508/508 534/534/534 533/533/533
f 509/509/509 510/510/510 535/535/535
f 509/509/509 535/535/535 534/534/534
f 510/510/510 511/511/511 536/536/536
f 510/510/510 536/536/536 535/535/535
f 511/511/511 512/512/512 537/537/537
f 511/511/511 537/537/537 536/536/536
f 512/512/512 513/513/513 538/538/538
f 512/512/512 538/538/538 537/537/537
f 513/513/513 514/514/514 539/539/539
f 513/513/513 539/539/539 538/538/538
f 514/514/514 515/515/515 540/540/540
f 514/514/514 540/540/540 539/539/539
f 515/515/515 516/516/516 541/541/541
f 515/515/515 541/541/541 540/540/540
f 516/516/516 517/517/517 542/542/542
f 516/516/516 542/542/542 541/541/541
f 517/517/517 518/518/518 543/543/543
f 517/517/517 543/543/543 542/542/542
f 518/518/518 519/519/519 544/544/544
f 518/518/518 544/544/544 543/543/543
f 519/519/519 520/520/520 545/545/545
f 519/519/519 545/545/545 544/544/544
f 520/520/520 521/521/521 546/546/546
f 520/520/520 546/546/546 545/545/545
f 521/521/521 522/522/522 547/547/547
f 521/521/521 547/547/547 546/546/546
f 522/522/522 523/523/523 548/548/548
f 522/522/522 548/548/548 547/547/547
f 523/523/523 524/524/524 549/549/549
f 523/523/523 549/549/549 548/548/548
f 524/524/524 525/525/525 550/550/550
f 524/524/524 550/550/550 549/549/549
f 526/526/526 527/527/527 552/552/552
f 526/526/526 552/552/552 551/551/551
f 527/527/527 528/528/528 553/553/553
f 527/527/527 553/553/553 552/552/552
f 528/528/528 529/529/529 554/554/554
f 528/528/528 554/554/554 553/553/553
f 529/529/529 530/530/530 555/555/555
f 529/529/529 555/555/555 554/554/554
f 530/530/530 531/531/531 556/556/556
f 530/530/530 556/556/556 555/555/555
f 531/531/531 532/532/532 557/557/557
f 531/531/531 557/557/557 556/556/556
f 532/532/532 533/533/533 558/558/558
f 532/532/532 558/558/558 557/557/557
f 533/533/533 534/534/534 559/559/559
f 533/533/533 559/559/559 558/558/558
f 534/534/534 535/535/535 560/560/560
f 534/534/534 560/560/560 559/559/559
f 535/535/535 536/536/536 561/561/561
f 535/535/535 561/561/561 560/560/560
f 536/536/536 537/537/537 562/562/562
f 536/536/536 562/562/562 561/561/561
f 537/537/537 538/538/538 563/563/563
f 537/537/537 563/563/563 562/562/562
f 538/538/538 539/539/539 564/564/564
f 538/538/538 564/564/564 563/563/563
f 539/539/539 540/540/540 565/565/565
f 539/539/539 565/565/565 564/564/564
f 540/540/540 541/541/541 566/566/566
f 540/540/540 566/566/566 565/565/565
f 541/541/541 542/542/542 567/567/567
f 541/541/541 567/567/567 566/566/566
f 542/542/542 543/543/543 568/568/568
f 542/542/542 568/568/568 567/567/567
f 543/543/543 544/544/544 569/569/569
f 543/543/543 569/569/569 568/568/568
f 544/544/544 545/545/545 570/570/570
f 544/544/544 570/570/570 569/569/569
f 545/545/545 546/546/546 571/571/571
f 545/545/545 571/571/571 570/570/570
f 546/546/546 547/547/547 572/572/572
f 546/546/546 572/572/572 571/571/571
f 547/547/547 548/548/548 573/573/573
f 547/547/547 573/573/573 572/572/572
f 548/548/548 549/549/549 574/574/574
f 548/548/548 574/574/574 573/573/573
f 549/549/549 550/550/550 575/575/575
f 549/549/549 575/575/575 574/574/574
f 551/551/551 552/552/552 577/577/577
f 551/551/551 577/577/577 576/576/576
f 552/552/552 553/553/553 578/578/578
f 552/552/552 578/578/578 577/577/577
f 553/553/553 554/554/554 579/579/579
f 553/553/553 579/579/579 578/578/578
f 554/554/554 555/555/555 580/580/580
f 554/554/554 580/580/580 579/579/579
f 555/555/555 556/556/556 581/581/581
f 555/555/555 581/581/581 580/580/580
f 556/556/556 557/557/557 582/582/582
f 556/556/556 582/582/582 581/581/581
f 557/557/557 558/558/558 583/583/583
f 557/557/557 583/583/583 582/582/582
f 558/558/558 559/559/559 584/584/584
f 558/558/558 584/584/584 583/583/583
f 559/559/559 560/560/560 585/585/585
f 559/559/559 585/585/585 584/584/584
f 560/560/560 561/561/561 586/586/586
f 560/560/560 586/586/586 585/585/585
f 561/561/561 562/562/562 587/587/587
f 561/561/561 587/587/587 586/586/586
f 562/562/562 563/563/563 588/588/588
f 562/562/562 588/588/588 587/587/587
f 563/563/563 564/564/564 589/589/589
f 563/563/563 589/589/589 588/588/588
f 564/564/564 565/565/565 590/590/590
f 564/564/564 590/590/590 589/589/589
f 565/565/565 566/566/566 591/591/591
f 565/565/565 591/591/591 590/590/590
f 566/566/566 567/567/567 592/592/592
f 566/566/566 592/592/592 591/591/591
f 567/567/567 568/568/568 593/593/593
f 567/567/567 593/593/593 592/592/592
f 568/568/568 569/569/569 594/594/594
f 568/568/568 594/594/594 593/593/593
f 569/569/569 570/570/570 595/595/595
f 569/569/569 595/595/595 594/594/594
f 570/570/570 571/571/571 596/596/596
f 570/570/570 596/596/596 595/595/595
f 571/571/571 572/572/572 597/597/597
f 571/571/571 597/597/597 596/596/596
f 572/572/572 573/573/573 598/598/598
f 572/572/572 598/598/598 597/597/597
f 573/573/573 574/574/574 599/599/599
f 573/573/573 599/599/599 598/598/598
f 574/574/574 575/575/575 600/600/600
f 574/574/574 600/600/600 599/599/599
f 576/576/576 577/577/577 602/602/602
f 576/576/576 602/602/602 601/601/601
f 577/577/577 578/578/578 603/603/603
f 577/577/577 603/603/603 602/602/602
f 578/578/578 579/579/579 604/604/604
f 578/578/578 604/604/604 603/603/603
f 579/579/579 580/580/580 605/605/605
f 579/579/579 605/605/605 604/604/604
f 580/580/580 581/581/581 606/606/606
f 580/580/580 606/606/606 605/605/605
f 581/581/581 582/582/582 607/607/607
f 581/581/581 607/607/607 606/606/606
f 582/582/582 583/583/583 608/608/608
f 582/582/582 608/608/608 607/607/607
f 583/583/583 584/584/584 609/609/609
f 583/583/583 609/609/609 608/608/608
f 584/584/584 585/585/585 610/610/610
f 584/584/584 610/610/610 609/609/609
f 585/585/585 586/586/586 611/611/611
f 585/585/585 611/611/611 610/610/610
f 586/586/586 587/587/587 612/612/612
f 586/586/586 612/612/612 611/611/611
f 587/587/587 588/588/588 613/613/613
f 587/587/587 613/613/613 612/612/612
f 588/588/588 589/589/589 614/614/614
f 588/588/588 614/614/614 613/613/613
f 589/589/589 590/590/590 615/615/615
f 589/589/589 615/615/615 614/614/614
f 590/590/590 591/591/591 616/616/616
f 590/590/590 616/616/616 615/615/615
f 591/591/591 592/592/592 617/617/617
f 591/591/591 617/617/617 616/616/616
f 592/592/592 593/593/593 618/618/618
f 592/592/592 618/618/618 617/617/617
f 593/593/593 594/594/594 619/619/619
f 593/593/593 619/619/619 618/618/618
f 594/594/594 595/595/595 620/620/620
f 594/594/594 620/620/620 619/619/619
f 595/595/595 596/596/596 621/621/621
f 595/595/595 621/621/621 620/620/620
f 596/596/596 597/597/597 622/622/622
f 596/596/596 622/622/622 621/621/621
f 597/597/597 598/598/598 623/623/623
f 597/597/597 623/623/623 622/622/622
f 598/598/598 599/599/599 624/624/624
f 598/598/598 624/624/624 623/623/623
f 599/599/599 600/600/600 625/625/625
f 599/599/599 625/625/625 624/624/624
f 601/601/601 602/602/602 627/627/627
f 601/601/601 627/627/627 626/626/626
f 602/602/602 603/603/603 628/628/628
f 602/602/602 628/628/628 627/627/627
f 603/603/603 604/604/604 629/629/629
f 603/603/603 629/629/629 628/628/628
f 604/604/604 605/605/605 630/630/630
f 604/604/604 630/630/630 629/629/629
f 605/605/605 606/606/606 631/631/631
f 605/605/605 631/631/631 630/630/630
f 606/606/606 607/607/607 632/632/632
f 606/606/606 632/632/632 631/631/631
f 607/607/607 608/608/608 633/633/633
f 607/607/607 633/633/633 632/632/632
f 608/608/608 609/609/609 634/634/634
f 608/608/608 634/634/634 633/633/633
f 609/609/609 610/610/610 635/635/635
f 609/609/609 635/635/635 634/634/634
f 610/610/610 611/611/611 636/636/636
f 610/610/610 636/636/636 635/635/635
f 611/611/611 612/612/612 637/637/637
f 611/611/611 637/637/637 636/636/636
f 612/612/612 613/613/613 638/638/638
f 612/612/612 638/638/638 637/637/637
f 613/613/613 614/614/614 639/639/639
f 613/613/613 639/639/639 638/638/638
f 614/614/614 615/615/615 640/640/640
f 614/614/614 640/640/640 639/639/639
f 615/615/615 616/616/616 641/641/641
f 615/615/615 641/641/641 640/640/640
f 616/616/616 617/617/617 642/642/642
f 616/616/616 642/642/642 641/641/641
f 617/617/617 618/618/618 643/643/643
f 617/617/617 643/643/643 642/642/642
f 618/618/618 619/619/619 644/644/644
f 618/618/618 644/644/644 643/643/643
f 619/619/619 620/620/620 645/645/645
f 619/619/619 645/645/645 644/644/644
f 620/620/620 621/621/621 646/646/646
f 620/620/620 646/646/646 645/645/645
f 621/621/621 622/622/622 647/647/647
f 621/621/621 647/647/647 646/646/646
f 622/622/622 623/623/623 648/648/648
f 622/622/622 648/648/648 647/647/647
f 623/623/623 624/624/624 649/649/649
f 623/623/623 649/649/649 648/648/648
f 624/624/624 625/625/625 650/650/650
f 624/624/624 650/650/650 649/649/649
f 626/626/626 627/627/627 652/652/652
f 626/626/626 652/652/652 651/651/651
f 627/627/627 628/628/628 653/653/653
f 627/627/627 653/653/653 652/652/652
f 628/628/628 629/629/629 654/654/654
f 628/628/628 654/654/654 653/653/653
f 629/629/629 630/630/630 655/655/655
f 629/629/629 655/655/655 654/654/654
f 630/630/630 631/631/631 656/656/656
f 630/630/630 656/656/656 655/655/655
f 631/631/631 632/632/632 657/657/657
f 631/631/631 657/657/657 656/656/656
f 632/632/632 633/633/633 658/658/658
f 632/632/632 658/658/658 657/657/657
f 633/633/633 634/634/634 659/659/659
f 633/633/633 659/659/659 658/658/658
f 634/634/634 635/635/635 660/660/660
f 634/634/634 660/660/660 659/659/659
f 635/635/635 636/636/636 661/661/661
f 635/635/635 661/661/661 660/660/660
f 636/636/636 637/637/637 662/662/662
f 636/636/636 662/662/662 661/661/661
f 637/637/637 638/638/638 663/663/663
f 637/637/637 663/663/663 662/662/662
f 638/638/638 639/639/639 664/664/664
f 638/638/638 664/664/664 663/663/663
f 639/639/639 640/640/640 665/665/665
f 639/639/639 665/665/665 664/664/664
f 640/640/640 641/641/641 666/666/666
f 640/640/640 666/666/666 665/665/665
f 641/641/641 642/642/642 667/667/667
f 641/641/641 667/667/667 666/666/666
f 642/642/642 643/643/643 668/668/668
f 642/642/642 668/668/668 667/667/667
f 643/643/643 644/644/644 669/669/669
f 643/643/643 669/669/669 668/668/668
f 644/644/644 645/645/645 670/670/670
f 644/644/644 670/670/670 669/669/669
f 645/645/645 646/646/646 671/671/671
f 645/645/645 671/671/671 670/670/670
f 646/646/646 647/647/647 672/672/672
f 646/646/646 672/672/672 671/671/671
f 647/647/647 648/648/648 673/673/673
f 647/647/647 673/673/673 672/672/672
f 648/648/648 649/649/649 674/674/674
f 648/648/648 674/674/674 673/673/673
f 649/649/649 650/650/650 675/675/675
f 649/649/649 675/675/675 674/674/674
f 651/651/651 652/652/652 677/677/677
f 651/651/651 677/677/677 676/676/676
f 652/652/652 653/653/653 678/678/678
f 652/652/652 678/678/678 677/677/677
f 653/653/653 654/654/654 679/679/679
f 653/653/653 679/679/679 678/678/678
f 654/654/654 655/655/655 680/680/680
f 654/654/654 680/680/680 679/679/679
f 655/655/655 656/656/656 681/681/681
f 655/655/655 681/681/681 680/680/680
f 656/656/656 657/657/657 682/682/682
f 656/656/656 682/682/682 681/681/681
f 657/657/657 658/658/658 683/683/683
f 657/657/657 683/683/683 682/682/682
f 658/658/658 659/659/659 684/684/684
f 658/658/658 684/684/684 683/683/683
f 659/659/659 660/660/660 685/685/685
f 659/659/659 685/685/685 684/684/684
f 660/660/660 661/661/661 686/686/686
f 660/660/660 686/686/686 685/685/685
f 661/661/661 662/662/662 687/687/687
f 661/661/661 687/687/687 686/686/686
f 662/662/662 663/663/663 688/688/688
f 662/662/662 688/688/688 687/687/687
f 663/663/663 664/664/664 689/689/689
f 663/663/663 689/689/689 688/688/688
f 664/664/664 665/665/665 690/690/690
f 664/664/664 690/690/690 689/689/689
f 665/665/665 666/666/666 691/691/691
f 665/665/665 691/691/691 690/690/690
f 666/666/666 667/667/667 692/692/692
f 666/666/666 692/692/692 691/691/691
f 667/667/667 668/668/668 693/693/693
f 667/667/667 693/693/693 692/692/692
f 668/668/668 669/669/669 694/694/694
f 668/668/668 694/694/694 693/693/693
f 669/669/669 670/670/670 695/695/695
f 669/669/669 695/695/695 694/694/694
f 670/670/670 671/671/671 696/696/696
f 670/670/670 696/696/696 695/695/695
f 671/671/671 672/672/672 697/697/697
f 671/671/671 697/697/697 696/696/696
f 672/672/672 673/673/673 698/698/698
f 672/672/672 698/698/698 697/697/697
f 673/673/673 674/674/674 699/699/699
f 673/673/673 699/699/699 698/698/698
f 674/674/674 675/675/675 700/700/700
f 674/674/674 700/700/700 699/699/699
f 676/676/676 677/677/677 702/702/702
f 676/676/676 702/702/702 701/701/701
f 677/677/677 678/678/678 703/703/703
f 677/677/677 703/703/703 702/702/702
f 678/678/678 679/679/679 704/704/704
f 678/678/678 704/704/704 703/703/703
f 679/679/679 680/680/680 705/705/705
f 679/679/679 705/705/705 704/704/704
f 680/680/680 681/681/681 706/706/706
f 680/680/680 706/706/706 705/705/705
f 681/681/681 682/682/682 707/707/707
f 681/681/681 707/707/707 706/706/706
f 682/682/682 683/683/683 708/708/708
f 682/682/682 708/708/708 707/707/707
f 683/683/683 684/684/684 709/709/709
f 683/683/683 709/709/709 708/708/708
f 684/684/684 685/685/685 710/710/710
f 684/684/684 710/710/710 709/709/709
f 685/685/685 686/686/686 711/711/711
f 685/685/685 711/711/711 710/710/710
f 686/686/686 687/687/687 712/712/712
f 686/686/686 712/712/712 711/711/711
f 687/687/687 688/688/688 713/713/713
f 687/687/687 713/713/713 712/712/712
f 688/688/688 689/689/689 714/714/714
f 688/688/688 714/714/714 713/713/713
f 689/689/689 690/690/690 715/715/715
f 689/689/689 715/715/715 714/714/714
f 690/690/690 691/691/691 716/716/716
f 690/690/690 716/716/716 715/715/715
f 691/691/691 692/692/692 717/717/717
f 691/691/691 717/717/717 716/716/716
f 692/692/692 693/693/693 718/718/718
f 692/692/692 718/718/718 717/717/717
f 693/693/693 694/694/694 719/719/719
f 693/693/693 719/719/719 718/718/718
f 694/694/694 695/695/695 720/720/720
f 694/694/694 720/720/720 719/719/719
f 695/695/695 696/696/696 721/721/721
f 695/695/695 721/721/721 720/720/720
f 696/696/696 697/697/697 722/722/722
f 696/696/696 722/722/722 721/721/721
f 697/697/697 698/698/698 723/723/723
f 697/697/697 723/723/723 722/722/722
f 698/698/698 699/699/699 724/724/724
f 698/698/698 724/724/724 723/723/723
f 699/699/699 700/700/700 725/725/725
f 699/699/699 725/725/725 724/724/724
f 701/701/701 702/702/702 727/727/727
f 701/701/701 727/727/727 726/726/726
f 702/702/702 703/703/703 728/728/728
f 702/702/702 728/728/728 727/727/727
f 703/703/703 704/704/704 729/729/729
f 703/703/703 729/729/729 728/728/728
f 704/704/704 705/705/705 730/730/730
f 704/704/704 730/730/730 729/729/729
f 705/705/705 706/706/706 731/731/731
f 705/705/705 731/731/731 730/730/730
f 706/706/706 707/707/707 732/732/732
f 706/706/706 732/732/732 731/731/731
f 707/707/707 708/708/708 733/733/733
f 707/707/707 733/733/733 732/732/732
f 708/708/708 709/709/709 734/734/734
f 708/708/708 734/734/734 733/733/733
f 709/709/709 710/710/710 735/735/735
f 709/709/709 735/735/735 734/734/734
f 710/710/710 711/711/711 736/736/736
f 710/710/710 736/736/736 735/735/735
f 711/711/711 712/712/712 737/737/737
f 711/711/711 737/737/737 736/736/736
f 712/712/712 713/713/713 738/738/738
f 712/712/712 738/738/738 737/737/737
f 713/713/713 714/714/714 739/739/739
f 713/713/713 739/739/739 738/738/738
f 714/714/714 715/715/715 740/740/740
f 714/714/714 740/740/740 739/739/739
f 715/715/715 716/716/716 741/741/741
f 715/715/715 741/741/741 740/740/740
f 716/716/716 717/717/717 742/742/742
f 716/716/716 742/742/742 741/741/741
f 717/717/717 718/718/718 743/743/743
f 717/717/717 743/743/743 742/742/742
f 718/718/718 719/719/719 744/744/744
f 718/718/718 744/744/744 743/743/743
f 719/719/719 720/720/720 745/745/745
f 719/719/719 745/745/745 744/744/744
f 720/720/720 721/721/721 746/746/746
f 720/720/720 746/746/746 745/745/745
f 721/721/721 722/722/722 747/747/747
f 721/721/721 747/747/747 746/746/746
f 722/722/722 723/723/723 748/748/748
f 722/722/722 748/748/748 747/747/747
f 723/723/723 724/724/724 749/749/749
f 723/723/723 749/749/749 748/748/748
f 724/724/724 725/725/725 750/750/750
f 724/724/724 750/750/750 749/749/749
f 726/726/726 727/727/727 752/752/752
f 726/726/726 752/752/752 751/751/751
f 727/727/727 728/728/728 753/753/753
f 727/727/727 753/753/753 752/752/752
f 728/728/728 729/729/729 754/754/754
f 728/728/728 754/754/754 753/753/753
f 729/729/729 730/730/730 755/755/755
f 729/729/729 755/755/755 754/754/754
f 730/730/730 731/731/731 756/756/756
f 730/730/730 756/756/756 755/755/755
f 731/731/731 732/732/732 757/757/757
f 731/731/731 757/757/757 756/756/756
f 732/732/732 733/733/733 758/758/758
f 732/732/732 758/758/758 757/757/757
f 733/733/733 734/734/734 759/759/759
f 733/733/733 759/759/759 758/758/758
f 734/734/734 735/735/735 760/760/760
f 734/734/734 760/760/760 759/759/759
f 735/735/735 736/736/736 761/761/761
f 735/735/735 761/761/761 760/760/760
f 736/736/736 737/737/737 762/762/762
f 736/736/736 762/762/762 761/761/761
f 737/737/737 738/738/738 763/763/763
f 737/737/737 763/763/763 762/762/762
f 738/738/738 739/739/739 764/764/764
f 738/738/738 764/764/764 763/763/763
f 739/739/739 740/740/740 765/765/765
f 739/739/739 765/765/765 764/764/764
f 740/740/740 741/741/741 766/766/766
f 740/740/740 766/766/766 765/765/765
f 741/741/741 742/742/742 767/767/767
f 741/741/741 767/767/767 766/766/766
f 742/742/742 743/743/743 768/768/768
f 742/742/742 768/768/768 767/767/767
f 743/743/743 744/744/744 769/769/769
f 743/743/743 769/769/769 768/768/768
f 744/744/744 745/745/745 770/770/770
f 744/744/744 770/770/770 769/769/769
f 745/745/745 746/746/746 771/771/771
f 745/745/745 771/771/771 770/770/770
f 746/746/746 747/747/747 772/772/772
f 746/746/746 772/772/772 771/771/771
f 747/747/747 748/748/748 773/773/773
f 747/747/747 773/773/773 772/772/772
f 748/748/748 749/749/749 774/774/774
f 748/748/748 774/774/774 773/773/773
f 749/749/749 750/750/750 775/775/775
f 749/749/749 775/775/775 774/774/774
f 751/751/751 752/752/752 777/777/777
f 751/751/751 777/777/777 776/776/776
f 752/752/752 753/753/753 778/778/778
f 752/752/752 778/778/778 777/777/777
f 753/753/753 754/754/754 779/779/779
f 753/753/753 779/779/779 778/778/778
f 754/754/754 755/755/755 780/780/780
f 754/754/754 780/780/780 779/779/779
f 755/755/755 756/756/756 781/781/781
f 755/755/755 781/781/781 780/780/780
f 756/756/756 757/757/757 782/782/782
f 756/756/756 782/782/782 781/781/781
f 757/757/757 758/758/758 783/783/783
f 757/757/757 783/783/783 782/782/782
f 758/758/758 759/759/759 784/784/784
f 758/758/758 784/784/784 783/783/783
f 759/759/759 760/760/760 785/785/785
f 759/759/759 785/785/785 784/784/784
f 760/760/760 761/761/761 786/786/786
f 760/760/760 786/786/786 785/785/785
f 761/761/761 762/762/762 787/787/787
f 761/761/761 787/787/787 786/786/786
f 762/762/762 763/763/763 788/788/788
f 762/762/762 788/788/788 787/787/787
f 763/763/763 764/764/764 789/789/789
f 763/763/763 789/789/789 788/788/788
f 764/764/764 765/765/765 790/790/790
f 764/764/764 790/790/790 789/789/789
f 765/765/765 766/766/766 791/791/791
f 765/765/765 791/791/791 790/790/790
f 766/766/766 767/767/767 792/792/792
f 766/766/766 792/792/792 791/791/791
f 767/767/767 768/768/768 793/793/793
f 767/767/767 793/793/793 792/792/792
f 768/768/768 769/769/769 794/794/794
f 768/768/768 794/794/794 793/793/793
f 769/769/769 770/770/770 795/795/795
f 769/769/769 795/795/795 794/794/794
f 770/770/770 771/771/771 796/796/796
f 770/770/770 796/796/796 795/795/795
f 771/771/771 772/772/772 797/797/797
f 771/771/771 797/797/797 796/796/796
f 772/772/772 773/773/773 798/798/798
f 772/772/772 798/798/798 797/797/797
f 773/773/773 774/774/774 799/799/799
f 773/773/773 799/799/799 798/798/798
f 774/774/774 775/775/775 800/800/800
f 774/774/774 800/800/800 799/799/799
f 776/776/776 777/777/777 802/802/802
f 776/776/776 802/802/802 801/801/801
f 777/777/777 778/778/778 803/803/803
f 777/777/777 803/803/803 802/802/802
f 778/778/778 779/779/779 804/804/804
f 778/778/778 804/804/804 803/803/803
f 779/779/779 780/780/780 805/805/805
f 779/779/779 805/805/805 804/804/804
f 780/780/780 781/781/781 806/806/806
f 780/780/780 806/806/806 805/805/805
f 781/781/781 782/782/782 807/807/807
f 781/781/781 807/807/807 806/806/806
f 782/782/782 783/783/783 808/808/808
f 782/782/782 808/808/808 807/807/807
f 783/783/783 784/784/784 809/809/809
f 783/783/783 809/809/809 808/808/808
f 784/784/784 785/785/785 810/810/810
f 784/784/784 810/810/810 809/809/809
f 785/785/785 786/786/786 811/811/811
f 785/785/785 811/811/811 810/810/810
f 786/786/786 787/787/787 812/812/812
f 786/786/786 812/812/812 811/811/811
f 787/787/787 788/788/788 813/813/813
f 787/787/787 813/813/813 812/812/812
f 788/788/788 789/789/789 814/814/814
f 788/788/788 814/814/814 813/813/813
f 789/789/789 790/790/790 815/815/815
f 789/789/789 815/815/815 814/814/814
f 790/790/790 791/791/791 816/816/816
f 790/790/790 816/816/816 815/815/815
f 791/791/791 792/792/792 817/817/817
f 791/791/791 817/817/817 816/816/816
f 792/792/792 793/793/793 818/818/818
f 792/792/792 818/818/818 817/817/817
f 793/793/793 794/794/794 819/819/819
f 793/793/793 819/819/819 818/818/818
f 794/794/794 795/795/795 820/820/820
f 794/794/794 820/820/820 819/819/819
f 795/795/795 796/796/796 821/821/821
f 795/795/795 821/821/821 820/820/820
f 796/796/796 797/797/797 822/822/822
f 796/796/796 822/822/822 821/821/821
f 797/797/797 798/798/798 823/823/823
f 797/797/797 823/823/823 822/822/822
f 798/798/798 799/799/799 824/824/824
f 798/798/798 824/824/824 823/823/823
f 799/799/799 800/800/800 825/825/825
f 799/799/799 825/825/825 824/824/824
f 801/801/801 802/802/802 827/827/827
f 801/801/801 827/827/827 826/826/826
f 802/802/802 803/803/803 828/828/828
f 802/802/802 828/828/828 827/827/827
f 803/803/803 804/804/804 829/829/829
f 803/803/803 829/829/829 828/828/828
f 804/804/804 805/805/805 830/830/830
f 804/804/804 830/830/830 829/829/829
f 805/805/805 806/806/806 831/831/831
f 805/805/805 831/831/831 830/830/830
f 806/806/806 807/807/807 832/832/832
f 806/806/806 832/832/832 831/831/831
f 807/807/807 808/808/808 833/833/833
f 807/807/807 833/833/833 832/832/832
f 808/808/808 809/809/809 834/834/834
f 808/808/808 834/834/834 833/833/833
f 809/809/809 810/810/810 835/835/835
f 809/809/809 835/835/835 834/834/834
f 810/810/810 811/811/811 836/836/836
f 810/810/810 836/836/836 835/835/835
f 811/811/811 812/812/812 837/837/837
f 811/811/811 837/837/837 836/836/836
f 812/812/812 813/813/813 838/838/838
f 812/812/812 838/838/838 837/837/837
f 813/813/813 814/814/814 839/839/839
f 813/813/813 839/839/839 838/838/838
f 814/814/814 815/815/815 840/840/840
f 814/814/814 840/840/840 839/839/839
f 815/815/815 816/816/816 841/841/841
f 815/815/815 841/841/841 840/840/840
f 816/816/816 817/817/817 842/842/842
f 816/816/816 842/842/842 841/841/841
f 817/817/817 818/818/818 843/843/843
f 817/817/817 843/843/843 842/842/842
f 818/818/818 819/819/819 844/844/844
f 818/818/818 844/844/844 843/843/843
f 819/819/819 820/820/820 845/845/845
f 819/819/819 845/845/845 844/844/844
f 820/820/820 821/821/821 846/846/846
f 820/820/820 846/846/846 845/845/845
f 821/821/821 822/822/822 847/847/847
f 821/821/821 847/847/847 846/846/846
f 822/822/822 823/823/823 848/848/848
f 822/822/822 848/848/848 847/847/847
f 823/823/823 824/824/824 849/849/849
f 823/823/823 849/849/849 848/848/848
f 824/824/824 825/825/825 850/850/850
f 824/824/824 850/850/850 849/849/849
f 826/826/826 827/827/827 852/852/852
f 826/826/826 852/852/852 851/851/851
f 827/827/827 828/828/828 853/853/853
f 827/827/827 853/853/853 852/852/852
f 828/828/828 829/829/829 854/854/854
f 828/828/828 854/854/854 853/853/853
f 829/829/829 830/830/830 855/855/855
f 829/829/829 855/855/855 854/854/854
f 830/830/830 831/831/831 856/856/856
f 830/830/830 856/856/856 855/855/855
f 831/831/831 832/832/832 857/857/857
f 831/831/831 857/857/857 856/856/856
f 832/832/832 833/833/833 858/858/858
f 832/832/832 858/858/858 857/857/857
f 833/833/833 834/834/834 859/859/859
f 833/833/833 859/859/859 858/858/858
f 834/834/834 835/835/835 860/860/860
f 834/834/834 860/860/860 859/859/859
f 835/835/835 836/836/836 861/861/861
f 835/835/835 861/861/861 860/860/860
f 836/836/836 837/837/837 862/862/862
f 836/836/836 862/862/862 861/861/861
f 837/837/837 838/838/838 863/863/863
f 837/837/837 863/863/863 862/862/862
f 838/838/838 839/839/839 864/864/864
f 838/838/838 864/864/864 863/863/863
f 839/839/839 840/840/840 865/865/865
f 839/839/839 865/865/865 864/864/864
f 840/840/840 841/841/841 866/866/866
f 840/840/840 866/866/866 865/865/865
f 841/841/841 842/842/842 867/867/867
f 841/841/841 867/867/867 866/866/866
f 842/842/842 843/843/843 868/868/868
f 842/842/842 868/868/868 867/867/867
f 843/843/843 844/844/844 869/869/869
f 843/843/843 869/869/869 868/868/868
f 844/844/844 845/845/845 870/870/870
f 844/844/844 870/870/870 869/869/869
f 845/845/845 846/846/846 871/871/871
f 845/845/845 871/871/871 870/870/870
f 846/846/846 847/847/847 872/872/872
f 846/846/846 872/872/872 871/871/871
f 847/847/847 848/848/848 873/873/873
f 847/847/847 873/873/873 872/872/872
f 848/848/848 849/849/849 874/874/874
f 848/848/848 874/874/874 873/873/873
f 849/849/849 850/850/850 875/875/875
f 849/849/849 875/875/875 874/874/874
f 851/851/851 852/852/852 877/877/877
f 851/851/851 877/877/877 876/876/876
f 852/852/852 853/853/853 878/878/878
f 852/852/852 878/878/878 877/877/877
f 853/853/853 854/854/854 879/879/879
f 853/853/853 879/879/879 878/878/878
f 854/854/854 855/855/855 880/880/880
f 854/854/854 880/880/880 879/879/879
f 855/855/855 856/856/856 881/881/881
f 855/855/855 881/881/881 880/880/880
f 856/856/856 857/857/857 882/882/882
f 856/856/856 882/882/882 881/881/881
f 857/857/857 858/858/858 883/883/883
f 857/857/857 883/883/883 882/882/882
f 858/858/858 859/859/859 884/884/884
f 858/858/858 884/884/884 883/883/883
f 859/859/859 860/860/860 885/885/885
f 859/859/859 885/885/885 884/884/884
f 860/860/860 861/861/861 886/886/886
f 860/860/860 886/886/886 885/885/885
f 861/861/861 862/862/862 887/887/887
f 861/861/861 887/887/887 886/886/886
f 862/862/862 863/863/863 888/888/888
f 862/862/862 888/888/888 887/887/887
f 863/863/863 864/864/864 889/889/889
f 863/863/863 889/889/889 888/888/888
f 864/864/864 865/865/865 890/890/890
f 864/864/864 890/890/890 889/889/889
f 865/865/865 866/866/866 891/891/891
f 865/865/865 891/891/891 890/890/890
f 866/866/866 867/867/867 892/892/892
f 866/866/866 892/892/892 891/891/891
f 867/867/867 868/868/868 893/893/893
f 867/867/867 893/893/893 892/892/892
f 868/868/868 869/869/869 894/894/894
f 868/868/868 894/894/894 893/893/893
f 869/869/869 870/870/870 895/895/895
f 869/869/869 895/895/895 894/894/894
f 870/870/870 871/871/871 896/896/896
f 870/870/870 896/896/896 895/895/895
f 871/871/871 872/872/872 897/897/897
f 871/871/871 897/897/897 896/896/896
f 872/872/872 873/873/873 898/898/898
f 872/872/872 898/898/898 897/897/897
f 873/873/873 874/874/874 899/899/899
f 873/873/873 899/899/899 898/898/898
f 874/874/874 875/875/875 900/900/900
f 874/874/874 900/900/900 899/899/899
f 876/876/876 877/877/877 902/902/902
f 876/876/876 902/902/902 901/901/901
f 877/877/877 878/878/878 903/903/903
f 877/877/877 903/903/903 902/902/902
f 878/878/878 879/879/879 904/904/904
f 878/878/878 904/904/904 903/903/903
f 879/879/879 880/880/880 905/905/905
f 879/879/879 905/905/905 904/904/904
f 880/880/880 881/881/881 906/906/906
f 880/880/880 906/906/906 905/905/905
f 881/881/881 882/882/882 907/907/907
f 881/881/881 907/907/907 906/906/906
f 882/882/882 883/883/883 908/908/908
f 882/882/882 908/908/908 907/907/907
f 883/883/883 884/884/884 909/909/909
f 883/883/883 909/909/909 908/908/908
f 884/884/884 885/885/885 910/910/910
f 884/884/884 910/910/910 909/909/909
f 885/885/885 886/886/886 911/911/911
f 885/885/885 911/911/911 910/910/910
f 886/886/886 887/887/887 912/912/912
f 886/886/886 912/912/912 911/911/911
f 887/887/887 888/888/888 913/913/913
f 887/887/887 913/913/913 912/912/912
f 888/888/888 889/889/889 914/914/914
f 888/888/888 914/914/914 913/913/913
f 889/889/889 890/890/890 915/915/915
f 889/889/889 915/915/915 914/914/914
f 890/890/890 891/891/891 916/916/916
f 890/890/890 916/916/916 915/915/915
f 891/891/891 892/892/892 917/917/917
f 891/891/891 917/917/917 916/916/916
f 892/892/892 893/893/893 918/918/918
f 892/892/892 918/918/918 917/917/917
f 893/893/893 894/894/894 919/919/919
f 893/893/893 919/919/919 918/918/918
f 894/894/894 895/895/895 920/920/920
f 894/894/894 920/920/920 919/919/919
f 895/895/895 896/896/896 921/921/921
f 895/895/895 921/921/921 920/920/920
f 896/896/896 897/897/897 922/922/922
f 896/896/896 922/922/922 921/921/921
f 897/897/897 898/898/898 923/923/923
f 897/897/897 923/923/923 922/922/922
f 898/898/898 899/899/899 924/924/924
f 898/898/898 924/924/924 923/923/923
f 899/899/899 900/900/900 925/925/925
f 899/899/899 925/925/925 924/924/924
f 926/926/926 2/2/2 1/1/1
f 926/926/926 3/3/3 2/2/2
f 926/926/926 4/4/4 3/3/3
f 926/926/926 5/5/5 4/4/4
f 926/926/926 6/6/6 5/5/5
f 926/926/926 7/7/7 6/6/6
f 926/926/926 8/8/8 7/7/7
f 926/926/926 9/9/9 8/8/8
f 926/926/926 10/10/10 9/9/9
f 926/926/926 11/11/11 10/10/10
f 926/926/926 12/12/12 11/11/11
f 926/926/926 13/13/13 12/12/12
f 926/926/926 14/14/14 13/13/13
f 926/926/926 15/15/15 14/14/14
f 926/926/926 16/16/16 15/15/15
f 926/926/926 17/17/17 16/16/16
f 926/926/926 18/18/18 17/17/17
f 926/926/926 19/19/19 18/18/18
f 926/926/926 20/20/20 19/19/19
f 926/926/926 21/21/21 20/20/20
f 926/926/926 22/22/22 21/21/21
f 926/926/926 23/23/23 22/22/22
f 926/926/926 24/24/24 23/23/23
f 926/926/926 25/25/25 24/24/24
f 927/927/927 901/901/901 902/902/902
f 927/927/927 902/902/902 903/903/903
f 927/927/927 903/903/903 904/904/904
f 927/927/927 904/904/904 905/905/905
f 927/927/927 905/905/905 906/906/906
f 927/927/927 906/906/906 907/907/907
f 927/927/927 907/907/907 908/908/908
f 927/927/927 908/908/908 909/909/909
f 927/927/927 909/909/909 910/910/910
f 927/927/927 910/910/910 911/911/911
f 927/927/927 911/911/911 912/912/912
f 927/927/927 912/912/912 913/913/913
f 927/927/927 913/913/913 914/914/914
f 927/927/927 914/914/914 915/915/915
f 927/927/927 915/915/915 916/916/916
f 927/927/927 916/916/916 917/917/917
f 927/927/927 917/917/917 918/918/918
f 927/927/927 918/918/918 919/919/919
f 927/927/927 919/919/919 920/920/920
f 927/927/927 920/920/920 921/921/921
f 927/927/927 921/921/921 922/922/922
f 927/927/927 922/922/922 923/923/923
f 927/927/927 923/923/923 924/924/924
f 927/927/927 924/924/924 925/925/925
o Upright_serpent_neck
v 4.079345 23.274304 -7.625410
v 4.255683 23.083638 -5.445839
v 4.691529 23.022021 -3.414801
v 5.357182 23.093651 -1.670710
v 6.207278 23.293647 -0.332422
v 7.183886 23.608380 0.508862
v 8.220450 24.016401 0.795808
v 9.246331 24.489904 0.508862
v 10.191617 24.996622 -0.332422
v 10.991887 25.502021 -1.670710
v 11.592605 25.971659 -3.414801
v 11.952834 26.373533 -5.445839
v 12.048023 26.680254 -7.625410
v 11.871685 26.870920 -9.804982
v 11.435839 26.932537 -11.836019
v 10.770187 26.860907 -13.580111
v 9.920090 26.660911 -14.918399
v 8.943482 26.346178 -15.759682
v 7.906918 25.938157 -16.046628
v 6.881037 25.464654 -15.759682
v 5.935751 24.957936 -14.918399
v 5.135481 24.452537 -13.580111
v 4.534763 23.982899 -11.836019
v 4.174534 23.581025 -9.804982
v 4.079345 23.274304 -7.625410
v 3.601572 26.318358 -7.021209
v 3.776922 26.129807 -4.850973
v 4.210145 26.072716 -2.828024
v 4.871719 26.150976 -1.090222
v 5.716558 26.359254 0.244005
v 6.687089 26.683355 1.083730
v 7.717170 27.101192 1.371729
v 8.736604 27.584292 1.088374
v 9.675918 28.099730 0.252976
v 10.471099 28.612382 -1.077535
v 11.067957 29.087310 -2.812485
v 11.425817 29.492149 -4.833642
v 11.520292 29.799311 -7.003267
v 11.344943 29.987861 -9.173503
v 10.911719 30.044952 -11.196452
v 10.250145 29.966692 -12.934255
v 9.405306 29.758415 -14.268481
v 8.434776 29.434314 -15.108207
v 7.404694 29.016476 -15.396205
v 6.385260 28.533377 -15.112850
v 5.445946 28.017938 -14.277452
v 4.650765 27.505286 -12.946942
v 4.053907 27.030358 -11.211991
v 3.696047 26.625519 -9.190834
v 3.601572 26.318358 -7.021209
v 2.859382 30.773804 -6.131853
v 3.033972 30.585648 -3.972183
v 3.465393 30.527115 -1.959329
v 4.124245 30.602196 -0.230464
v 4.965628 30.805773 1.096593
v 5.932204 31.123972 1.931405
v 6.958101 31.535111 2.217081
v 7.973407 32.011169 1.934152
v 8.908930 32.519704 1.101901
v 9.700916 33.026061 -0.222957
v 10.295392 33.495731 -1.950135
v 10.651845 33.896709 -3.961929
v 10.745985 34.201667 -6.121237
v 10.571395 34.389824 -8.280907
v 10.139974 34.448357 -10.293761
v 9.481122 34.373276 -12.022626
v 8.639738 34.169699 -13.349683
v 7.673163 33.851499 -14.184495
v 6.647266 33.440361 -14.470171
v 5.631960 32.964303 -14.187243
v 4.696437 32.455768 -13.354991
v 3.904451 31.949411 -12.030133
v 3.309975 31.479740 -10.302955
v 2.953522 31.078763 -8.291161
v 2.859382 30.773804 -6.131853
v 2.048315 36.004030 -5.094993
v 2.222278 35.812739 -2.952793
v 2.652783 35.739406 -0.958396
v 3.310492 35.789026 0.752284
v 4.150583 35.958220 2.062667
v 5.115805 36.235456 2.883453
v 6.140380 36.601841 3.158705
v 7.154485 37.032407 2.869667
v 8.089010 37.497811 2.036036
v 8.880269 37.966337 0.714622
v 9.474339 38.406056 -1.004523
v 9.830735 38.787001 -3.004241
v 9.925169 39.083212 -5.148255
v 9.751206 39.274502 -7.290455
v 9.320701 39.347836 -9.284852
v 8.662992 39.298215 -10.995532
v 7.822901 39.129022 -12.305915
v 6.857679 38.851786 -13.126701
v 5.833104 38.485401 -13.401953
v 4.818999 38.054835 -13.112915
v 3.884474 37.589431 -12.279284
v 3.093215 37.120905 -10.957870
v 2.499145 36.681186 -9.238725
v 2.142749 36.300241 -7.239007
v 2.048315 36.004030 -5.094993
v 1.376785 41.347993 -4.054362
v 1.549779 41.148928 -1.942038
v 1.979088 41.042353 0.019764
v 2.635455 41.035531 1.697352
v 3.474150 41.128929 2.976400
v 4.438017 41.316179 3.769743
v 5.461371 41.584523 4.023317
v 6.474471 41.915673 3.719840
v 7.408276 42.287060 2.879994
v 8.199150 42.673377 1.561013
v 8.793195 43.048296 -0.147216
v 9.149928 43.386266 -2.128280
v 9.245038 43.664257 -4.247174
v 9.072044 43.863323 -6.359498
v 8.642736 43.969898 -8.321301
v 7.986368 43.976719 -9.998888
v 7.147673 43.883322 -11.277936
v 6.183806 43.696071 -12.071280
v 5.160452 43.427727 -12.324853
v 4.147352 43.096578 -12.021376
v 3.213547 42.725190 -11.181530
v 2.422673 42.338873 -9.862550
v 1.828628 41.963955 -8.154321
v 1.471895 41.625984 -6.173256
v 1.376785 41.347993 -4.054362
v 1.065169 46.326410 -3.123467
v 1.235939 46.108671 -1.059767
v 1.661382 45.928155 0.846681
v 2.312507 45.797165 2.465954
v 3.144939 45.724627 3.687703
v 4.101951 45.715485 4.428668
v 5.118323 45.770361 4.638352
v 6.124791 45.885516 4.302466
v 7.052766 46.053102 3.443900
v 7.839009 46.261699 2.121164
v 8.429937 46.497091 0.424401
v 8.785281 46.743236 -1.530759
v 8.880823 46.983361 -3.611074
v 8.710054 47.201100 -5.674774
v 8.284611 47.381616 -7.581222
v 7.633486 47.512606 -9.200495
v 6.801054 47.585144 -10.422244
v 5.844042 47.594286 -11.163209
v 4.827670 47.539410 -11.372893
v 3.821202 47.424255 -11.037007
v 2.893227 47.256669 -10.178441
v 2.106984 47.048072 -8.855705
v 1.516056 46.812680 -7.158941
v 1.160712 46.566535 -5.203782
v 1.065169 46.326410 -3.123467
v 1.348392 50.848796 -2.346690
v 1.511924 50.607805 -0.361281
v 1.919185 50.330159 1.459900
v 2.542423 50.034780 2.992744
v 3.339163 49.741798 4.132789
v 4.255109 49.471177 4.802343
v 5.227842 49.241362 4.955778
v 6.191071 49.068013 4.582636
v 7.079153 48.962944 3.708347
v 7.831568 48.933315 2.392493
v 8.397039 48.981145 0.724746
v 8.737030 49.103175 -1.181239
v 8.828372 49.291088 -3.195572
v 8.664840 49.532079 -5.180981
v 8.257579 49.809725 -7.002162
v 7.634342 50.105104 -8.535006
v 6.837601 50.398087 -9.675051
v 5.921655 50.668707 -10.344605
v 4.948922 50.898522 -10.498039
v 3.985693 51.071871 -10.124898
v 3.097611 51.176941 -9.250609
v 2.345196 51.206570 -7.934755
v 1.779725 51.158740 -6.267008
v 1.439734 51.036710 -4.361023
v 1.348392 50.848796 -2.346690
v 2.066992 54.736900 -1.733553
v 2.219525 54.486290 0.150492
v 2.597333 54.150171 1.870256
v 3.174672 53.751448 3.308539
v 3.912194 53.317295 4.367325
v 4.759641 52.877297 4.974459
v 5.659259 52.461440 5.088566
v 6.549741 52.098064 4.701870
v 7.370402 51.811932 3.840724
v 8.065315 51.622544 2.563813
v 8.587124 51.542807 0.958156
v 8.900268 51.578153 -0.866823
v 8.983407 51.726175 -2.786755
v 8.830874 51.976785 -4.670800
v 8.453065 52.312905 -6.390564
v 7.875727 52.711627 -7.828847
v 7.138204 53.145781 -8.887633
v 6.290758 53.585779 -9.494767
v 5.391140 54.001635 -9.608874
v 4.500658 54.365011 -9.222178
v 3.679997 54.651143 -8.361032
v 2.985083 54.840531 -7.084121
v 2.463274 54.920269 -5.478465
v 2.150130 54.884922 -3.653486
v 2.066992 54.736900 -1.733553
v 2.925046 57.848791 -1.274677
v 3.066772 57.600660 0.502957
v 3.415914 57.244785 2.121308
v 3.948679 56.805415 3.470088
v 4.628759 56.312494 4.457381
v 5.409809 55.799614 5.015902
v 6.238600 55.301726 5.107591
v 7.058653 54.852761 4.726199
v 7.814082 54.483315 3.897717
v 8.453406 54.218565 2.678605
v 8.933056 54.076553 1.151943
v 9.220344 54.066958 -0.578229
v 9.295693 54.190432 -2.394004
v 9.153967 54.438562 -4.171638
v 8.804825 54.794438 -5.789989
v 8.272060 55.233808 -7.138769
v 7.591980 55.726728 -8.126061
v 6.810930 56.239609 -8.684582
v 5.982139 56.737496 -8.776271
v 5.162086 57.186461 -8.394879
v 4.406657 57.555908 -7.566397
v 3.767333 57.820658 -6.347285
v 3.287683 57.962669 -4.820623
v 3.000395 57.972265 -3.090451
v 2.925046 57.848791 -1.274677
v 3.663458 60.094126 -0.956367
v 3.797440 59.857705 0.727737
v 4.127238 59.516089 2.260454
v 4.630376 59.092561 3.537333
v 5.272567 58.615981 4.471355
v 6.010046 58.118829 4.998870
v 6.792555 57.634985 5.083928
v 7.566768 57.197421 4.720732
v 8.279923 56.835958 3.934033
v 8.883419 56.575227 2.777444
v 9.336131 56.432998 1.329785
v 9.607206 56.418963 -0.310290
v 9.678170 56.534079 -2.031011
v 9.544188 56.770501 -3.715115
v 9.214390 57.112116 -5.247832
v 8.711252 57.535645 -6.524711
v 8.069061 58.012224 -7.458733
v 7.331583 58.509376 -7.986248
v 6.549073 58.993221 -8.071306
v 5.774861 59.430784 -7.708110
v 5.061706 59.792248 -6.921411
v 4.458209 60.052978 -5.764822
v 4.005497 60.195207 -4.317163
v 3.734423 60.209242 -2.677088
v 3.663458 60.094126 -0.956367
v 4.115670 61.597490 -0.737913
v 4.245253 61.373141 0.882717
v 4.564847 61.054871 2.358811
v 5.052673 60.664368 3.589774
v 5.675486 60.228247 4.491719
v 6.390842 59.776226 5.003179
v 7.149991 59.339111 5.089299
v 7.901199 58.946691 4.744211
v 8.593271 58.625707 3.991431
v 9.179044 58.398036 2.882261
v 9.618599 58.279191 1.492288
v 9.881980 58.277273 -0.083764
v 9.951240 58.392412 -1.738488
v 9.821657 58.616761 -3.359118
v 9.502062 58.935031 -4.835212
v 9.014237 59.325533 -6.066175
v 8.391424 59.761655 -6.968120
v 7.676068 60.213676 -7.479580
v 6.916918 60.650791 -7.565700
v 6.165711 61.043211 -7.220612
v 5.473639 61.364194 -6.467832
v 4.887866 61.591866 -5.358662
v 4.448311 61.710710 -3.968689
v 4.184929 61.712629 -2.392638
v 4.115670 61.597490 -0.737913
v 8.063684 24.977279 -7.625410
v 7.033455 59.994951 -1.238201
vt 0.0078125 0.9921875
vt 0.0078125 0.9667969
vt 0.0078125 0.9414062
vt 0.0078125 0.9160156
vt 0.0078125 0.8906250
vt 0.0078125 0.8652344
vt 0.0078125 0.8398438
vt 0.0078125 0.8144531
vt 0.0078125 0.7890625
vt 0.0078125 0.7636719
vt 0.0078125 0.7382812
vt 0.0078125 0.7128906
vt 0.0078125 0.6875000
vt 0.0078125 0.6621094
vt 0.0078125 0.6367188
vt 0.0078125 0.6113281
vt 0.0078125 0.5859375
vt 0.0078125 0.5605469
vt 0.0078125 0.5351562
vt 0.0078125 0.5097656
vt 0.0078125 0.4843750
vt 0.0078125 0.4589844
vt 0.0078125 0.4335938
vt 0.0078125 0.4082031
vt 0.0078125 0.3828125
vt 0.1062500 0.9921875
vt 0.1062500 0.9667969
vt 0.1062500 0.9414062
vt 0.1062500 0.9160156
vt 0.1062500 0.8906250
vt 0.1062500 0.8652344
vt 0.1062500 0.8398438
vt 0.1062500 0.8144531
vt 0.1062500 0.7890625
vt 0.1062500 0.7636719
vt 0.1062500 0.7382812
vt 0.1062500 0.7128906
vt 0.1062500 0.6875000
vt 0.1062500 0.6621094
vt 0.1062500 0.6367188
vt 0.1062500 0.6113281
vt 0.1062500 0.5859375
vt 0.1062500 0.5605469
vt 0.1062500 0.5351562
vt 0.1062500 0.5097656
vt 0.1062500 0.4843750
vt 0.1062500 0.4589844
vt 0.1062500 0.4335938
vt 0.1062500 0.4082031
vt 0.1062500 0.3828125
vt 0.2046875 0.9921875
vt 0.2046875 0.9667969
vt 0.2046875 0.9414062
vt 0.2046875 0.9160156
vt 0.2046875 0.8906250
vt 0.2046875 0.8652344
vt 0.2046875 0.8398438
vt 0.2046875 0.8144531
vt 0.2046875 0.7890625
vt 0.2046875 0.7636719
vt 0.2046875 0.7382812
vt 0.2046875 0.7128906
vt 0.2046875 0.6875000
vt 0.2046875 0.6621094
vt 0.2046875 0.6367188
vt 0.2046875 0.6113281
vt 0.2046875 0.5859375
vt 0.2046875 0.5605469
vt 0.2046875 0.5351562
vt 0.2046875 0.5097656
vt 0.2046875 0.4843750
vt 0.2046875 0.4589844
vt 0.2046875 0.4335938
vt 0.2046875 0.4082031
vt 0.2046875 0.3828125
vt 0.3031250 0.9921875
vt 0.3031250 0.9667969
vt 0.3031250 0.9414062
vt 0.3031250 0.9160156
vt 0.3031250 0.8906250
vt 0.3031250 0.8652344
vt 0.3031250 0.8398438
vt 0.3031250 0.8144531
vt 0.3031250 0.7890625
vt 0.3031250 0.7636719
vt 0.3031250 0.7382812
vt 0.3031250 0.7128906
vt 0.3031250 0.6875000
vt 0.3031250 0.6621094
vt 0.3031250 0.6367188
vt 0.3031250 0.6113281
vt 0.3031250 0.5859375
vt 0.3031250 0.5605469
vt 0.3031250 0.5351562
vt 0.3031250 0.5097656
vt 0.3031250 0.4843750
vt 0.3031250 0.4589844
vt 0.3031250 0.4335938
vt 0.3031250 0.4082031
vt 0.3031250 0.3828125
vt 0.4015625 0.9921875
vt 0.4015625 0.9667969
vt 0.4015625 0.9414062
vt 0.4015625 0.9160156
vt 0.4015625 0.8906250
vt 0.4015625 0.8652344
vt 0.4015625 0.8398438
vt 0.4015625 0.8144531
vt 0.4015625 0.7890625
vt 0.4015625 0.7636719
vt 0.4015625 0.7382812
vt 0.4015625 0.7128906
vt 0.4015625 0.6875000
vt 0.4015625 0.6621094
vt 0.4015625 0.6367188
vt 0.4015625 0.6113281
vt 0.4015625 0.5859375
vt 0.4015625 0.5605469
vt 0.4015625 0.5351562
vt 0.4015625 0.5097656
vt 0.4015625 0.4843750
vt 0.4015625 0.4589844
vt 0.4015625 0.4335938
vt 0.4015625 0.4082031
vt 0.4015625 0.3828125
vt 0.5000000 0.9921875
vt 0.5000000 0.9667969
vt 0.5000000 0.9414062
vt 0.5000000 0.9160156
vt 0.5000000 0.8906250
vt 0.5000000 0.8652344
vt 0.5000000 0.8398438
vt 0.5000000 0.8144531
vt 0.5000000 0.7890625
vt 0.5000000 0.7636719
vt 0.5000000 0.7382812
vt 0.5000000 0.7128906
vt 0.5000000 0.6875000
vt 0.5000000 0.6621094
vt 0.5000000 0.6367188
vt 0.5000000 0.6113281
vt 0.5000000 0.5859375
vt 0.5000000 0.5605469
vt 0.5000000 0.5351562
vt 0.5000000 0.5097656
vt 0.5000000 0.4843750
vt 0.5000000 0.4589844
vt 0.5000000 0.4335938
vt 0.5000000 0.4082031
vt 0.5000000 0.3828125
vt 0.5984375 0.9921875
vt 0.5984375 0.9667969
vt 0.5984375 0.9414062
vt 0.5984375 0.9160156
vt 0.5984375 0.8906250
vt 0.5984375 0.8652344
vt 0.5984375 0.8398438
vt 0.5984375 0.8144531
vt 0.5984375 0.7890625
vt 0.5984375 0.7636719
vt 0.5984375 0.7382812
vt 0.5984375 0.7128906
vt 0.5984375 0.6875000
vt 0.5984375 0.6621094
vt 0.5984375 0.6367188
vt 0.5984375 0.6113281
vt 0.5984375 0.5859375
vt 0.5984375 0.5605469
vt 0.5984375 0.5351562
vt 0.5984375 0.5097656
vt 0.5984375 0.4843750
vt 0.5984375 0.4589844
vt 0.5984375 0.4335938
vt 0.5984375 0.4082031
vt 0.5984375 0.3828125
vt 0.6968750 0.9921875
vt 0.6968750 0.9667969
vt 0.6968750 0.9414062
vt 0.6968750 0.9160156
vt 0.6968750 0.8906250
vt 0.6968750 0.8652344
vt 0.6968750 0.8398438
vt 0.6968750 0.8144531
vt 0.6968750 0.7890625
vt 0.6968750 0.7636719
vt 0.6968750 0.7382812
vt 0.6968750 0.7128906
vt 0.6968750 0.6875000
vt 0.6968750 0.6621094
vt 0.6968750 0.6367188
vt 0.6968750 0.6113281
vt 0.6968750 0.5859375
vt 0.6968750 0.5605469
vt 0.6968750 0.5351562
vt 0.6968750 0.5097656
vt 0.6968750 0.4843750
vt 0.6968750 0.4589844
vt 0.6968750 0.4335938
vt 0.6968750 0.4082031
vt 0.6968750 0.3828125
vt 0.7953125 0.9921875
vt 0.7953125 0.9667969
vt 0.7953125 0.9414062
vt 0.7953125 0.9160156
vt 0.7953125 0.8906250
vt 0.7953125 0.8652344
vt 0.7953125 0.8398438
vt 0.7953125 0.8144531
vt 0.7953125 0.7890625
vt 0.7953125 0.7636719
vt 0.7953125 0.7382812
vt 0.7953125 0.7128906
vt 0.7953125 0.6875000
vt 0.7953125 0.6621094
vt 0.7953125 0.6367188
vt 0.7953125 0.6113281
vt 0.7953125 0.5859375
vt 0.7953125 0.5605469
vt 0.7953125 0.5351562
vt 0.7953125 0.5097656
vt 0.7953125 0.4843750
vt 0.7953125 0.4589844
vt 0.7953125 0.4335938
vt 0.7953125 0.4082031
vt 0.7953125 0.3828125
vt 0.8937500 0.9921875
vt 0.8937500 0.9667969
vt 0.8937500 0.9414062
vt 0.8937500 0.9160156
vt 0.8937500 0.8906250
vt 0.8937500 0.8652344
vt 0.8937500 0.8398438
vt 0.8937500 0.8144531
vt 0.8937500 0.7890625
vt 0.8937500 0.7636719
vt 0.8937500 0.7382812
vt 0.8937500 0.7128906
vt 0.8937500 0.6875000
vt 0.8937500 0.6621094
vt 0.8937500 0.6367188
vt 0.8937500 0.6113281
vt 0.8937500 0.5859375
vt 0.8937500 0.5605469
vt 0.8937500 0.5351562
vt 0.8937500 0.5097656
vt 0.8937500 0.4843750
vt 0.8937500 0.4589844
vt 0.8937500 0.4335938
vt 0.8937500 0.4082031
vt 0.8937500 0.3828125
vt 0.9921875 0.9921875
vt 0.9921875 0.9667969
vt 0.9921875 0.9414062
vt 0.9921875 0.9160156
vt 0.9921875 0.8906250
vt 0.9921875 0.8652344
vt 0.9921875 0.8398438
vt 0.9921875 0.8144531
vt 0.9921875 0.7890625
vt 0.9921875 0.7636719
vt 0.9921875 0.7382812
vt 0.9921875 0.7128906
vt 0.9921875 0.6875000
vt 0.9921875 0.6621094
vt 0.9921875 0.6367188
vt 0.9921875 0.6113281
vt 0.9921875 0.5859375
vt 0.9921875 0.5605469
vt 0.9921875 0.5351562
vt 0.9921875 0.5097656
vt 0.9921875 0.4843750
vt 0.9921875 0.4589844
vt 0.9921875 0.4335938
vt 0.9921875 0.4082031
vt 0.9921875 0.3828125
vt 0.0078125 0.6875000
vt 0.9921875 0.6875000
vn -0.5277991 -0.8466144 -0.0683538
vn -0.4885932 -0.8716769 0.0381572
vn -0.4018491 -0.9046281 0.1420047
vn -0.2603419 -0.9354466 0.2390854
vn -0.0627417 -0.9460349 0.3179330
vn 0.1720530 -0.9164098 0.3613735
vn 0.4027861 -0.8422036 0.3584084
vn 0.5912158 -0.7424567 0.3149951
vn 0.7249524 -0.6428472 0.2473693
vn 0.8115431 -0.5592540 0.1692121
vn 0.8632993 -0.4970557 0.0874640
vn 0.8896789 -0.4565678 0.0041554
vn 0.8957862 -0.4370029 -0.0812127
vn 0.8825972 -0.4382487 -0.1701770
vn 0.8469307 -0.4613802 -0.2642663
vn 0.7807699 -0.5081873 -0.3635162
vn 0.6708758 -0.5789589 -0.4633921
vn 0.5026820 -0.6671857 -0.5497036
vn 0.2754612 -0.7536583 -0.5967582
vn 0.0217597 -0.8129640 -0.5819072
vn -0.2049787 -0.8359298 -0.5091220
vn -0.3711991 -0.8359255 -0.4042769
vn -0.4741447 -0.8312215 -0.2902715
vn -0.5236366 -0.8332308 -0.1775700
vn -0.5277991 -0.8466144 -0.0683538
vn -0.9868910 -0.1613379 0.0040219
vn -0.9734583 -0.1849582 0.1347943
vn -0.9375504 -0.2072499 0.2793684
vn -0.8625595 -0.2281032 0.4516193
vn -0.7079871 -0.2429312 0.6631280
vn -0.3974080 -0.2338290 0.8873505
vn 0.0891678 -0.1701912 0.9813685
vn 0.5324836 -0.0694423 0.8435870
vn 0.7824847 0.0149536 0.6224902
vn 0.9016421 0.0728266 0.4263071
vn 0.9574709 0.1135356 0.2652531
vn 0.9813305 0.1447735 0.1266143
vn 0.9852575 0.1710593 -0.0025069
vn 0.9716593 0.1950551 -0.1335356
vn 0.9353535 0.2182860 -0.2783254
vn 0.8595568 0.2407859 -0.4507596
vn 0.7034243 0.2580676 -0.6622653
vn 0.3904593 0.2516333 -0.8855632
vn -0.0970028 0.1887167 -0.9772290
vn -0.5380593 0.0859027 -0.8385183
vn -0.7859061 -0.0011836 -0.6183447
vn -0.9039688 -0.0610841 -0.4232130
vn -0.9593032 -0.1030530 -0.2629019
vn -0.9829697 -0.1349301 -0.1247577
vn -0.9868910 -0.1613379 0.0040219
vn -0.9873245 -0.1587044 0.0018255
vn -0.9742706 -0.1824335 0.1323433
vn -0.9389506 -0.2048603 0.2764129
vn -0.8650772 -0.2259517 0.4478696
vn -0.7128102 -0.2413448 0.6585243
vn -0.4061630 -0.2336396 0.8834275
vn 0.0785133 -0.1720766 0.9819497
vn 0.5254718 -0.0721846 0.8477433
vn 0.7791585 0.0124104 0.6267041
vn 0.9001880 0.0705897 0.4297425
vn 0.9569114 0.1115221 0.2681108
vn 0.9812676 0.1429197 0.1291817
vn 0.9855588 0.1693333 0.0000109
vn 0.9723452 0.1934533 -0.1308461
vn 0.9366063 0.2168450 -0.2752216
vn 0.8618522 0.2396308 -0.4469763
vn 0.7078149 0.2575569 -0.6577708
vn 0.3983016 0.2525987 -0.8817878
vn -0.0877177 0.1917247 -0.9775210
vn -0.5321390 0.0896557 -0.8418966
vn -0.7832034 0.0022948 -0.6217613
vn -0.9028684 -0.0579461 -0.4259940
vn -0.9589670 -0.1001469 -0.2652411
vn -0.9830673 -0.1321793 -0.1269146
vn -0.9873245 -0.1587044 0.0018255
vn -0.9902400 -0.1393520 0.0024061
vn -0.9777260 -0.1629888 0.1322366
vn -0.9432348 -0.1855421 0.2754674
vn -0.8707337 -0.2072208 0.4459624
vn -0.7207393 -0.2243645 0.6558929
vn -0.4167528 -0.2211501 0.8817084
vn 0.0689154 -0.1675826 0.9834464
vn 0.5210181 -0.0753289 0.8502151
vn 0.7781917 0.0046076 0.6280100
vn 0.9007310 0.0602563 0.4301777
vn 0.9581668 0.0998068 0.2682441
vn 0.9829751 0.1304679 0.1293760
vn 0.9876660 0.1565748 0.0004969
vn 0.9749105 0.1807726 -0.1298880
vn 0.9397950 0.2047335 -0.2736229
vn 0.8659771 0.2289237 -0.4446094
vn 0.7133080 0.2498919 -0.6547868
vn 0.4049159 0.2509215 -0.8792506
vn -0.0828997 0.1984899 -0.9765907
vn -0.5310896 0.1028956 -0.8410448
vn -0.7842052 0.0187244 -0.6202190
vn -0.9046604 -0.0400363 -0.4242483
vn -0.9611595 -0.0814755 -0.2636933
vn -0.9855930 -0.1130744 -0.1257799
vn -0.9902400 -0.1393520 0.0024061
vn -0.9953498 -0.0961309 0.0061397
vn -0.9836290 -0.1195716 0.1348208
vn -0.9503145 -0.1424724 0.2767743
vn -0.8796376 -0.1654942 0.4459254
vn -0.7323867 -0.1863027 0.6549053
vn -0.4309947 -0.1921487 0.8816589
vn 0.0572855 -0.1551242 0.9862327
vn 0.5164338 -0.0797037 0.8526098
vn 0.7778739 -0.0103132 0.6283357
vn 0.9022127 0.0397717 0.4294538
vn 0.9605608 0.0764229 0.2673622
vn 0.9860337 0.1055669 0.1288148
vn 0.9913863 0.1309689 0.0005359
vn 0.9794307 0.1551313 -0.1290341
vn 0.9453921 0.1799516 -0.2717560
vn 0.8730836 0.2066465 -0.4416132
vn 0.7222929 0.2334905 -0.6509801
vn 0.4145062 0.2466020 -0.8759978
vn -0.0778313 0.2118803 -0.9741915
vn -0.5319214 0.1307520 -0.8366383
vn -0.7873456 0.0542884 -0.6141169
vn -0.9084504 -0.0006577 -0.4179921
vn -0.9653042 -0.0400554 -0.2580377
vn -0.9901448 -0.0704883 -0.1210148
vn -0.9953498 -0.0961309 0.0061397
vn -0.9998553 -0.0063259 0.0157926
vn -0.9891934 -0.0293314 0.1436525
vn -0.9571110 -0.0526430 0.2848987
vn -0.8878073 -0.0777983 0.4535919
vn -0.7415301 -0.1050572 0.6626433
vn -0.4383865 -0.1279292 0.8896355
vn 0.0565866 -0.1243067 0.9906290
vn 0.5204522 -0.0858409 0.8495651
vn 0.7824839 -0.0409161 0.6213251
vn 0.9067416 -0.0040313 0.4216674
vn 0.9652667 0.0256845 0.2600008
vn 0.9911763 0.0512022 0.1222619
vn 0.9971756 0.0749334 -0.0050701
vn 0.9860774 0.0990109 -0.1335968
vn 0.9531395 0.1257877 -0.2751410
vn 0.8821698 0.1580257 -0.4436263
vn 0.7325936 0.1974776 -0.6513903
vn 0.4241581 0.2360462 -0.8742838
vn -0.0727806 0.2391453 -0.9682523
vn -0.5311259 0.1897046 -0.8257830
vn -0.7882531 0.1297490 -0.6015166
vn -0.9103015 0.0823689 -0.4056680
vn -0.9680025 0.0466699 -0.2465625
vn -0.9937123 0.0182230 -0.1104705
vn -0.9998553 -0.0063259 0.0157926
vn -0.9931974 0.1130113 0.0280584
vn -0.9833284 0.0911412 0.1573483
vn -0.9513488 0.0683188 0.3004463
vn -0.8808380 0.0418247 0.4715667
vn -0.7303686 0.0077276 0.6830095
vn -0.4180789 -0.0367742 0.9076660
vn 0.0827430 -0.0793856 0.9934040
vn 0.5380593 -0.0948940 0.8375484
vn 0.7909867 -0.0878392 0.6054951
vn 0.9109686 -0.0731923 0.4059299
vn 0.9679244 -0.0564507 0.2448178
vn 0.9934640 -0.0382963 0.1075300
vn 0.9996524 -0.0178526 -0.0194016
vn 0.9890529 0.0065985 -0.1474141
vn 0.9568632 0.0378049 -0.2880687
vn 0.8870094 0.0801100 -0.4547490
vn 0.7394960 0.1392555 -0.6585997
vn 0.4358836 0.2144126 -0.8740897
vn -0.0533877 0.2713006 -0.9610129
vn -0.5100396 0.2676720 -0.8174419
vn -0.7712182 0.2309188 -0.5932107
vn -0.8973718 0.1933597 -0.3966558
vn -0.9580024 0.1620791 -0.2365624
vn -0.9857106 0.1359969 -0.0993957
vn -0.9931974 0.1130113 0.0280584
vn -0.9762135 0.2135870 0.0372516
vn -0.9664364 0.1926383 0.1699742
vn -0.9331756 0.1697382 0.3168158
vn -0.8591948 0.1410224 0.4918302
vn -0.7017614 0.0992254 0.7054681
vn -0.3811645 0.0339590 0.9238834
vn 0.1137031 -0.0481301 0.9923483
vn 0.5497091 -0.1062028 0.8285776
vn 0.7913855 -0.1278388 0.5978012
vn 0.9075018 -0.1294606 0.3996003
vn 0.9634269 -0.1217759 0.2387032
vn 0.9889497 -0.1085221 0.1010024
vn 0.9955668 -0.0902329 -0.0265456
vn 0.9857186 -0.0656720 -0.1550680
vn 0.9547369 -0.0318585 -0.2957406
vn 0.8871305 0.0167522 -0.4612146
vn 0.7447934 0.0889464 -0.6613405
vn 0.4537011 0.1899264 -0.8706798
vn -0.0177729 0.2887326 -0.9572448
vn -0.4709072 0.3255182 -0.8199295
vn -0.7394955 0.3114720 -0.5967676
vn -0.8724095 0.2843790 -0.3975302
vn -0.9373249 0.2581778 -0.2340220
vn -0.9675151 0.2348871 -0.0935013
vn -0.9762135 0.2135870 0.0372516
vn -0.9592462 0.2794049 0.0421866
vn -0.9493080 0.2590202 0.1781093
vn -0.9146653 0.2357916 0.3283135
vn -0.8374847 0.2049667 0.5065649
vn -0.6744419 0.1568699 0.7214707
vn -0.3492266 0.0763810 0.9339201
vn 0.1366284 -0.0316011 0.9901182
vn 0.5558307 -0.1158710 0.8231805
vn 0.7889503 -0.1551620 0.5945436
vn 0.9023394 -0.1669481 0.3973814
vn 0.9575828 -0.1649717 0.2362616
vn 0.9830939 -0.1548321 0.0977419
vn 0.9899584 -0.1379568 -0.0308252
vn 0.9805273 -0.1134232 -0.1603167
vn 0.9502276 -0.0781115 -0.3016060
vn 0.8840169 -0.0257654 -0.4667443
vn 0.7453642 0.0541305 -0.6644562
vn 0.4643311 0.1702072 -0.8691525
vn 0.0092496 0.2944723 -0.9556152
vn -0.4377875 0.3584803 -0.8245205
vn -0.7109994 0.3613803 -0.6032281
vn -0.8491645 0.3425856 -0.4019388
vn -0.9175431 0.3205019 -0.2353577
vn -0.9496990 0.2994416 -0.0916873
vn -0.9592462 0.2794049 0.0421866
vn -0.9539119 0.2970452 0.0426180
vn -0.9439213 0.2770515 0.1795970
vn -0.9089238 0.2538183 0.3308078
vn -0.8309998 0.2223860 0.5098861
vn -0.6669102 0.1725073 0.7248945
vn -0.3417306 0.0880037 0.9356685
vn 0.1403367 -0.0264986 0.9897492
vn 0.5553066 -0.1173655 0.8233225
vn 0.7869303 -0.1611382 0.5956300
vn 0.9001253 -0.1754982 0.3987164
vn 0.9555002 -0.1750047 0.2374714
vn 0.9812067 -0.1657984 0.0987135
vn 0.9882896 -0.1495927 -0.0300948
vn 0.9791312 -0.1255946 -0.1597754
vn 0.9492565 -0.0906996 -0.3011407
vn 0.8838727 -0.0385280 -0.4661380
vn 0.7470873 0.0418492 -0.6634072
vn 0.4700771 0.1602350 -0.8679587
vn 0.0199110 0.2905762 -0.9566447
vn -0.4265746 0.3628031 -0.8284974
vn -0.7020162 0.3716554 -0.6074911
vn -0.8420017 0.3562600 -0.4051074
vn -0.9114363 0.3361573 -0.2372385
vn -0.9441441 0.3163233 -0.0923665
vn -0.9539119 0.2970452 0.0426180
vn -0.1817287 0.9792658 0.0895168
vn -0.1619817 0.9707266 0.1773466
vn -0.1010014 0.9596159 0.2625568
vn 0.0014069 0.9406041 0.3395024
vn 0.1406849 0.9060750 0.3990437
vn 0.3028537 0.8502776 0.4304737
vn 0.4653595 0.7751452 0.4273061
vn 0.6065586 0.6915873 0.3921653
vn 0.7153010 0.6134031 0.3347852
vn 0.7913680 0.5505654 0.2657339
vn 0.8398109 0.5076315 0.1924265
vn 0.8660409 0.4856556 0.1187933
vn 0.8736290 0.4843653 0.0465033
vn 0.8637357 0.5033849 -0.0237527
vn 0.8350804 0.5425098 -0.0912352
vn 0.7841127 0.6011490 -0.1542306
vn 0.7057639 0.6768831 -0.2091092
vn 0.5957729 0.7633491 -0.2497053
vn 0.4553132 0.8489945 -0.2681385
vn 0.2957184 0.9197279 -0.2581689
vn 0.1373953 0.9659170 -0.2193786
vn 0.0011464 0.9874848 -0.1577103
vn -0.0999208 0.9916488 -0.0815377
vn -0.1610465 0.9869442 0.0022921
vn -0.1817287 0.9792658 0.0895168
vn 0.3905701 -0.9137914 -0.1115361
vn 0.4904449 0.8677087 0.0809045
s 1
f 928/928/928 929/929/929 954/954/954
f 928/928/928 954/954/954 953/953/953
f 929/929/929 930/930/930 955/955/955
f 929/929/929 955/955/955 954/954/954
f 930/930/930 931/931/931 956/956/956
f 930/930/930 956/956/956 955/955/955
f 931/931/931 932/932/932 957/957/957
f 931/931/931 957/957/957 956/956/956
f 932/932/932 933/933/933 958/958/958
f 932/932/932 958/958/958 957/957/957
f 933/933/933 934/934/934 959/959/959
f 933/933/933 959/959/959 958/958/958
f 934/934/934 935/935/935 960/960/960
f 934/934/934 960/960/960 959/959/959
f 935/935/935 936/936/936 961/961/961
f 935/935/935 961/961/961 960/960/960
f 936/936/936 937/937/937 962/962/962
f 936/936/936 962/962/962 961/961/961
f 937/937/937 938/938/938 963/963/963
f 937/937/937 963/963/963 962/962/962
f 938/938/938 939/939/939 964/964/964
f 938/938/938 964/964/964 963/963/963
f 939/939/939 940/940/940 965/965/965
f 939/939/939 965/965/965 964/964/964
f 940/940/940 941/941/941 966/966/966
f 940/940/940 966/966/966 965/965/965
f 941/941/941 942/942/942 967/967/967
f 941/941/941 967/967/967 966/966/966
f 942/942/942 943/943/943 968/968/968
f 942/942/942 968/968/968 967/967/967
f 943/943/943 944/944/944 969/969/969
f 943/943/943 969/969/969 968/968/968
f 944/944/944 945/945/945 970/970/970
f 944/944/944 970/970/970 969/969/969
f 945/945/945 946/946/946 971/971/971
f 945/945/945 971/971/971 970/970/970
f 946/946/946 947/947/947 972/972/972
f 946/946/946 972/972/972 971/971/971
f 947/947/947 948/948/948 973/973/973
f 947/947/947 973/973/973 972/972/972
f 948/948/948 949/949/949 974/974/974
f 948/948/948 974/974/974 973/973/973
f 949/949/949 950/950/950 975/975/975
f 949/949/949 975/975/975 974/974/974
f 950/950/950 951/951/951 976/976/976
f 950/950/950 976/976/976 975/975/975
f 951/951/951 952/952/952 977/977/977
f 951/951/951 977/977/977 976/976/976
f 953/953/953 954/954/954 979/979/979
f 953/953/953 979/979/979 978/978/978
f 954/954/954 955/955/955 980/980/980
f 954/954/954 980/980/980 979/979/979
f 955/955/955 956/956/956 981/981/981
f 955/955/955 981/981/981 980/980/980
f 956/956/956 957/957/957 982/982/982
f 956/956/956 982/982/982 981/981/981
f 957/957/957 958/958/958 983/983/983
f 957/957/957 983/983/983 982/982/982
f 958/958/958 959/959/959 984/984/984
f 958/958/958 984/984/984 983/983/983
f 959/959/959 960/960/960 985/985/985
f 959/959/959 985/985/985 984/984/984
f 960/960/960 961/961/961 986/986/986
f 960/960/960 986/986/986 985/985/985
f 961/961/961 962/962/962 987/987/987
f 961/961/961 987/987/987 986/986/986
f 962/962/962 963/963/963 988/988/988
f 962/962/962 988/988/988 987/987/987
f 963/963/963 964/964/964 989/989/989
f 963/963/963 989/989/989 988/988/988
f 964/964/964 965/965/965 990/990/990
f 964/964/964 990/990/990 989/989/989
f 965/965/965 966/966/966 991/991/991
f 965/965/965 991/991/991 990/990/990
f 966/966/966 967/967/967 992/992/992
f 966/966/966 992/992/992 991/991/991
f 967/967/967 968/968/968 993/993/993
f 967/967/967 993/993/993 992/992/992
f 968/968/968 969/969/969 994/994/994
f 968/968/968 994/994/994 993/993/993
f 969/969/969 970/970/970 995/995/995
f 969/969/969 995/995/995 994/994/994
f 970/970/970 971/971/971 996/996/996
f 970/970/970 996/996/996 995/995/995
f 971/971/971 972/972/972 997/997/997
f 971/971/971 997/997/997 996/996/996
f 972/972/972 973/973/973 998/998/998
f 972/972/972 998/998/998 997/997/997
f 973/973/973 974/974/974 999/999/999
f 973/973/973 999/999/999 998/998/998
f 974/974/974 975/975/975 1000/1000/1000
f 974/974/974 1000/1000/1000 999/999/999
f 975/975/975 976/976/976 1001/1001/1001
f 975/975/975 1001/1001/1001 1000/1000/1000
f 976/976/976 977/977/977 1002/1002/1002
f 976/976/976 1002/1002/1002 1001/1001/1001
f 978/978/978 979/979/979 1004/1004/1004
f 978/978/978 1004/1004/1004 1003/1003/1003
f 979/979/979 980/980/980 1005/1005/1005
f 979/979/979 1005/1005/1005 1004/1004/1004
f 980/980/980 981/981/981 1006/1006/1006
f 980/980/980 1006/1006/1006 1005/1005/1005
f 981/981/981 982/982/982 1007/1007/1007
f 981/981/981 1007/1007/1007 1006/1006/1006
f 982/982/982 983/983/983 1008/1008/1008
f 982/982/982 1008/1008/1008 1007/1007/1007
f 983/983/983 984/984/984 1009/1009/1009
f 983/983/983 1009/1009/1009 1008/1008/1008
f 984/984/984 985/985/985 1010/1010/1010
f 984/984/984 1010/1010/1010 1009/1009/1009
f 985/985/985 986/986/986 1011/1011/1011
f 985/985/985 1011/1011/1011 1010/1010/1010
f 986/986/986 987/987/987 1012/1012/1012
f 986/986/986 1012/1012/1012 1011/1011/1011
f 987/987/987 988/988/988 1013/1013/1013
f 987/987/987 1013/1013/1013 1012/1012/1012
f 988/988/988 989/989/989 1014/1014/1014
f 988/988/988 1014/1014/1014 1013/1013/1013
f 989/989/989 990/990/990 1015/1015/1015
f 989/989/989 1015/1015/1015 1014/1014/1014
f 990/990/990 991/991/991 1016/1016/1016
f 990/990/990 1016/1016/1016 1015/1015/1015
f 991/991/991 992/992/992 1017/1017/1017
f 991/991/991 1017/1017/1017 1016/1016/1016
f 992/992/992 993/993/993 1018/1018/1018
f 992/992/992 1018/1018/1018 1017/1017/1017
f 993/993/993 994/994/994 1019/1019/1019
f 993/993/993 1019/1019/1019 1018/1018/1018
f 994/994/994 995/995/995 1020/1020/1020
f 994/994/994 1020/1020/1020 1019/1019/1019
f 995/995/995 996/996/996 1021/1021/1021
f 995/995/995 1021/1021/1021 1020/1020/1020
f 996/996/996 997/997/997 1022/1022/1022
f 996/996/996 1022/1022/1022 1021/1021/1021
f 997/997/997 998/998/998 1023/1023/1023
f 997/997/997 1023/1023/1023 1022/1022/1022
f 998/998/998 999/999/999 1024/1024/1024
f 998/998/998 1024/1024/1024 1023/1023/1023
f 999/999/999 1000/1000/1000 1025/1025/1025
f 999/999/999 1025/1025/1025 1024/1024/1024
f 1000/1000/1000 1001/1001/1001 1026/1026/1026
f 1000/1000/1000 1026/1026/1026 1025/1025/1025
f 1001/1001/1001 1002/1002/1002 1027/1027/1027
f 1001/1001/1001 1027/1027/1027 1026/1026/1026
f 1003/1003/1003 1004/1004/1004 1029/1029/1029
f 1003/1003/1003 1029/1029/1029 1028/1028/1028
f 1004/1004/1004 1005/1005/1005 1030/1030/1030
f 1004/1004/1004 1030/1030/1030 1029/1029/1029
f 1005/1005/1005 1006/1006/1006 1031/1031/1031
f 1005/1005/1005 1031/1031/1031 1030/1030/1030
f 1006/1006/1006 1007/1007/1007 1032/1032/1032
f 1006/1006/1006 1032/1032/1032 1031/1031/1031
f 1007/1007/1007 1008/1008/1008 1033/1033/1033
f 1007/1007/1007 1033/1033/1033 1032/1032/1032
f 1008/1008/1008 1009/1009/1009 1034/1034/1034
f 1008/1008/1008 1034/1034/1034 1033/1033/1033
f 1009/1009/1009 1010/1010/1010 1035/1035/1035
f 1009/1009/1009 1035/1035/1035 1034/1034/1034
f 1010/1010/1010 1011/1011/1011 1036/1036/1036
f 1010/1010/1010 1036/1036/1036 1035/1035/1035
f 1011/1011/1011 1012/1012/1012 1037/1037/1037
f 1011/1011/1011 1037/1037/1037 1036/1036/1036
f 1012/1012/1012 1013/1013/1013 1038/1038/1038
f 1012/1012/1012 1038/1038/1038 1037/1037/1037
f 1013/1013/1013 1014/1014/1014 1039/1039/1039
f 1013/1013/1013 1039/1039/1039 1038/1038/1038
f 1014/1014/1014 1015/1015/1015 1040/1040/1040
f 1014/1014/1014 1040/1040/1040 1039/1039/1039
f 1015/1015/1015 1016/1016/1016 1041/1041/1041
f 1015/1015/1015 1041/1041/1041 1040/1040/1040
f 1016/1016/1016 1017/1017/1017 1042/1042/1042
f 1016/1016/1016 1042/1042/1042 1041/1041/1041
f 1017/1017/1017 1018/1018/1018 1043/1043/1043
f 1017/1017/1017 1043/1043/1043 1042/1042/1042
f 1018/1018/1018 1019/1019/1019 1044/1044/1044
f 1018/1018/1018 1044/1044/1044 1043/1043/1043
f 1019/1019/1019 1020/1020/1020 1045/1045/1045
f 1019/1019/1019 1045/1045/1045 1044/1044/1044
f 1020/1020/1020 1021/1021/1021 1046/1046/1046
f 1020/1020/1020 1046/1046/1046 1045/1045/1045
f 1021/1021/1021 1022/1022/1022 1047/1047/1047
f 1021/1021/1021 1047/1047/1047 1046/1046/1046
f 1022/1022/1022 1023/1023/1023 1048/1048/1048
f 1022/1022/1022 1048/1048/1048 1047/1047/1047
f 1023/1023/1023 1024/1024/1024 1049/1049/1049
f 1023/1023/1023 1049/1049/1049 1048/1048/1048
f 1024/1024/1024 1025/1025/1025 1050/1050/1050
f 1024/1024/1024 1050/1050/1050 1049/1049/1049
f 1025/1025/1025 1026/1026/1026 1051/1051/1051
f 1025/1025/1025 1051/1051/1051 1050/1050/1050
f 1026/1026/1026 1027/1027/1027 1052/1052/1052
f 1026/1026/1026 1052/1052/1052 1051/1051/1051
f 1028/1028/1028 1029/1029/1029 1054/1054/1054
f 1028/1028/1028 1054/1054/1054 1053/1053/1053
f 1029/1029/1029 1030/1030/1030 1055/1055/1055
f 1029/1029/1029 1055/1055/1055 1054/1054/1054
f 1030/1030/1030 1031/1031/1031 1056/1056/1056
f 1030/1030/1030 1056/1056/1056 1055/1055/1055
f 1031/1031/1031 1032/1032/1032 1057/1057/1057
f 1031/1031/1031 1057/1057/1057 1056/1056/1056
f 1032/1032/1032 1033/1033/1033 1058/1058/1058
f 1032/1032/1032 1058/1058/1058 1057/1057/1057
f 1033/1033/1033 1034/1034/1034 1059/1059/1059
f 1033/1033/1033 1059/1059/1059 1058/1058/1058
f 1034/1034/1034 1035/1035/1035 1060/1060/1060
f 1034/1034/1034 1060/1060/1060 1059/1059/1059
f 1035/1035/1035 1036/1036/1036 1061/1061/1061
f 1035/1035/1035 1061/1061/1061 1060/1060/1060
f 1036/1036/1036 1037/1037/1037 1062/1062/1062
f 1036/1036/1036 1062/1062/1062 1061/1061/1061
f 1037/1037/1037 1038/1038/1038 1063/1063/1063
f 1037/1037/1037 1063/1063/1063 1062/1062/1062
f 1038/1038/1038 1039/1039/1039 1064/1064/1064
f 1038/1038/1038 1064/1064/1064 1063/1063/1063
f 1039/1039/1039 1040/1040/1040 1065/1065/1065
f 1039/1039/1039 1065/1065/1065 1064/1064/1064
f 1040/1040/1040 1041/1041/1041 1066/1066/1066
f 1040/1040/1040 1066/1066/1066 1065/1065/1065
f 1041/1041/1041 1042/1042/1042 1067/1067/1067
f 1041/1041/1041 1067/1067/1067 1066/1066/1066
f 1042/1042/1042 1043/1043/1043 1068/1068/1068
f 1042/1042/1042 1068/1068/1068 1067/1067/1067
f 1043/1043/1043 1044/1044/1044 1069/1069/1069
f 1043/1043/1043 1069/1069/1069 1068/1068/1068
f 1044/1044/1044 1045/1045/1045 1070/1070/1070
f 1044/1044/1044 1070/1070/1070 1069/1069/1069
f 1045/1045/1045 1046/1046/1046 1071/1071/1071
f 1045/1045/1045 1071/1071/1071 1070/1070/1070
f 1046/1046/1046 1047/1047/1047 1072/1072/1072
f 1046/1046/1046 1072/1072/1072 1071/1071/1071
f 1047/1047/1047 1048/1048/1048 1073/1073/1073
f 1047/1047/1047 1073/1073/1073 1072/1072/1072
f 1048/1048/1048 1049/1049/1049 1074/1074/1074
f 1048/1048/1048 1074/1074/1074 1073/1073/1073
f 1049/1049/1049 1050/1050/1050 1075/1075/1075
f 1049/1049/1049 1075/1075/1075 1074/1074/1074
f 1050/1050/1050 1051/1051/1051 1076/1076/1076
f 1050/1050/1050 1076/1076/1076 1075/1075/1075
f 1051/1051/1051 1052/1052/1052 1077/1077/1077
f 1051/1051/1051 1077/1077/1077 1076/1076/1076
f 1053/1053/1053 1054/1054/1054 1079/1079/1079
f 1053/1053/1053 1079/1079/1079 1078/1078/1078
f 1054/1054/1054 1055/1055/1055 1080/1080/1080
f 1054/1054/1054 1080/1080/1080 1079/1079/1079
f 1055/1055/1055 1056/1056/1056 1081/1081/1081
f 1055/1055/1055 1081/1081/1081 1080/1080/1080
f 1056/1056/1056 1057/1057/1057 1082/1082/1082
f 1056/1056/1056 1082/1082/1082 1081/1081/1081
f 1057/1057/1057 1058/1058/1058 1083/1083/1083
f 1057/1057/1057 1083/1083/1083 1082/1082/1082
f 1058/1058/1058 1059/1059/1059 1084/1084/1084
f 1058/1058/1058 1084/1084/1084 1083/1083/1083
f 1059/1059/1059 1060/1060/1060 1085/1085/1085
f 1059/1059/1059 1085/1085/1085 1084/1084/1084
f 1060/1060/1060 1061/1061/1061 1086/1086/1086
f 1060/1060/1060 1086/1086/1086 1085/1085/1085
f 1061/1061/1061 1062/1062/1062 1087/1087/1087
f 1061/1061/1061 1087/1087/1087 1086/1086/1086
f 1062/1062/1062 1063/1063/1063 1088/1088/1088
f 1062/1062/1062 1088/1088/1088 1087/1087/1087
f 1063/1063/1063 1064/1064/1064 1089/1089/1089
f 1063/1063/1063 1089/1089/1089 1088/1088/1088
f 1064/1064/1064 1065/1065/1065 1090/1090/1090
f 1064/1064/1064 1090/1090/1090 1089/1089/1089
f 1065/1065/1065 1066/1066/1066 1091/1091/1091
f 1065/1065/1065 1091/1091/1091 1090/1090/1090
f 1066/1066/1066 1067/1067/1067 1092/1092/1092
f 1066/1066/1066 1092/1092/1092 1091/1091/1091
f 1067/1067/1067 1068/1068/1068 1093/1093/1093
f 1067/1067/1067 1093/1093/1093 1092/1092/1092
f 1068/1068/1068 1069/1069/1069 1094/1094/1094
f 1068/1068/1068 1094/1094/1094 1093/1093/1093
f 1069/1069/1069 1070/1070/1070 1095/1095/1095
f 1069/1069/1069 1095/1095/1095 1094/1094/1094
f 1070/1070/1070 1071/1071/1071 1096/1096/1096
f 1070/1070/1070 1096/1096/1096 1095/1095/1095
f 1071/1071/1071 1072/1072/1072 1097/1097/1097
f 1071/1071/1071 1097/1097/1097 1096/1096/1096
f 1072/1072/1072 1073/1073/1073 1098/1098/1098
f 1072/1072/1072 1098/1098/1098 1097/1097/1097
f 1073/1073/1073 1074/1074/1074 1099/1099/1099
f 1073/1073/1073 1099/1099/1099 1098/1098/1098
f 1074/1074/1074 1075/1075/1075 1100/1100/1100
f 1074/1074/1074 1100/1100/1100 1099/1099/1099
f 1075/1075/1075 1076/1076/1076 1101/1101/1101
f 1075/1075/1075 1101/1101/1101 1100/1100/1100
f 1076/1076/1076 1077/1077/1077 1102/1102/1102
f 1076/1076/1076 1102/1102/1102 1101/1101/1101
f 1078/1078/1078 1079/1079/1079 1104/1104/1104
f 1078/1078/1078 1104/1104/1104 1103/1103/1103
f 1079/1079/1079 1080/1080/1080 1105/1105/1105
f 1079/1079/1079 1105/1105/1105 1104/1104/1104
f 1080/1080/1080 1081/1081/1081 1106/1106/1106
f 1080/1080/1080 1106/1106/1106 1105/1105/1105
f 1081/1081/1081 1082/1082/1082 1107/1107/1107
f 1081/1081/1081 1107/1107/1107 1106/1106/1106
f 1082/1082/1082 1083/1083/1083 1108/1108/1108
f 1082/1082/1082 1108/1108/1108 1107/1107/1107
f 1083/1083/1083 1084/1084/1084 1109/1109/1109
f 1083/1083/1083 1109/1109/1109 1108/1108/1108
f 1084/1084/1084 1085/1085/1085 1110/1110/1110
f 1084/1084/1084 1110/1110/1110 1109/1109/1109
f 1085/1085/1085 1086/1086/1086 1111/1111/1111
f 1085/1085/1085 1111/1111/1111 1110/1110/1110
f 1086/1086/1086 1087/1087/1087 1112/1112/1112
f 1086/1086/1086 1112/1112/1112 1111/1111/1111
f 1087/1087/1087 1088/1088/1088 1113/1113/1113
f 1087/1087/1087 1113/1113/1113 1112/1112/1112
f 1088/1088/1088 1089/1089/1089 1114/1114/1114
f 1088/1088/1088 1114/1114/1114 1113/1113/1113
f 1089/1089/1089 1090/1090/1090 1115/1115/1115
f 1089/1089/1089 1115/1115/1115 1114/1114/1114
f 1090/1090/1090 1091/1091/1091 1116/1116/1116
f 1090/1090/1090 1116/1116/1116 1115/1115/1115
f 1091/1091/1091 1092/1092/1092 1117/1117/1117
f 1091/1091/1091 1117/1117/1117 1116/1116/1116
f 1092/1092/1092 1093/1093/1093 1118/1118/1118
f 1092/1092/1092 1118/1118/1118 1117/1117/1117
f 1093/1093/1093 1094/1094/1094 1119/1119/1119
f 1093/1093/1093 1119/1119/1119 1118/1118/1118
f 1094/1094/1094 1095/1095/1095 1120/1120/1120
f 1094/1094/1094 1120/1120/1120 1119/1119/1119
f 1095/1095/1095 1096/1096/1096 1121/1121/1121
f 1095/1095/1095 1121/1121/1121 1120/1120/1120
f 1096/1096/1096 1097/1097/1097 1122/1122/1122
f 1096/1096/1096 1122/1122/1122 1121/1121/1121
f 1097/1097/1097 1098/1098/1098 1123/1123/1123
f 1097/1097/1097 1123/1123/1123 1122/1122/1122
f 1098/1098/1098 1099/1099/1099 1124/1124/1124
f 1098/1098/1098 1124/1124/1124 1123/1123/1123
f 1099/1099/1099 1100/1100/1100 1125/1125/1125
f 1099/1099/1099 1125/1125/1125 1124/1124/1124
f 1100/1100/1100 1101/1101/1101 1126/1126/1126
f 1100/1100/1100 1126/1126/1126 1125/1125/1125
f 1101/1101/1101 1102/1102/1102 1127/1127/1127
f 1101/1101/1101 1127/1127/1127 1126/1126/1126
f 1103/1103/1103 1104/1104/1104 1129/1129/1129
f 1103/1103/1103 1129/1129/1129 1128/1128/1128
f 1104/1104/1104 1105/1105/1105 1130/1130/1130
f 1104/1104/1104 1130/1130/1130 1129/1129/1129
f 1105/1105/1105 1106/1106/1106 1131/1131/1131
f 1105/1105/1105 1131/1131/1131 1130/1130/1130
f 1106/1106/1106 1107/1107/1107 1132/1132/1132
f 1106/1106/1106 1132/1132/1132 1131/1131/1131
f 1107/1107/1107 1108/1108/1108 1133/1133/1133
f 1107/1107/1107 1133/1133/1133 1132/1132/1132
f 1108/1108/1108 1109/1109/1109 1134/1134/1134
f 1108/1108/1108 1134/1134/1134 1133/1133/1133
f 1109/1109/1109 1110/1110/1110 1135/1135/1135
f 1109/1109/1109 1135/1135/1135 1134/1134/1134
f 1110/1110/1110 1111/1111/1111 1136/1136/1136
f 1110/1110/1110 1136/1136/1136 1135/1135/1135
f 1111/1111/1111 1112/1112/1112 1137/1137/1137
f 1111/1111/1111 1137/1137/1137 1136/1136/1136
f 1112/1112/1112 1113/1113/1113 1138/1138/1138
f 1112/1112/1112 1138/1138/1138 1137/1137/1137
f 1113/1113/1113 1114/1114/1114 1139/1139/1139
f 1113/1113/1113 1139/1139/1139 1138/1138/1138
f 1114/1114/1114 1115/1115/1115 1140/1140/1140
f 1114/1114/1114 1140/1140/1140 1139/1139/1139
f 1115/1115/1115 1116/1116/1116 1141/1141/1141
f 1115/1115/1115 1141/1141/1141 1140/1140/1140
f 1116/1116/1116 1117/1117/1117 1142/1142/1142
f 1116/1116/1116 1142/1142/1142 1141/1141/1141
f 1117/1117/1117 1118/1118/1118 1143/1143/1143
f 1117/1117/1117 1143/1143/1143 1142/1142/1142
f 1118/1118/1118 1119/1119/1119 1144/1144/1144
f 1118/1118/1118 1144/1144/1144 1143/1143/1143
f 1119/1119/1119 1120/1120/1120 1145/1145/1145
f 1119/1119/1119 1145/1145/1145 1144/1144/1144
f 1120/1120/1120 1121/1121/1121 1146/1146/1146
f 1120/1120/1120 1146/1146/1146 1145/1145/1145
f 1121/1121/1121 1122/1122/1122 1147/1147/1147
f 1121/1121/1121 1147/1147/1147 1146/1146/1146
f 1122/1122/1122 1123/1123/1123 1148/1148/1148
f 1122/1122/1122 1148/1148/1148 1147/1147/1147
f 1123/1123/1123 1124/1124/1124 1149/1149/1149
f 1123/1123/1123 1149/1149/1149 1148/1148/1148
f 1124/1124/1124 1125/1125/1125 1150/1150/1150
f 1124/1124/1124 1150/1150/1150 1149/1149/1149
f 1125/1125/1125 1126/1126/1126 1151/1151/1151
f 1125/1125/1125 1151/1151/1151 1150/1150/1150
f 1126/1126/1126 1127/1127/1127 1152/1152/1152
f 1126/1126/1126 1152/1152/1152 1151/1151/1151
f 1128/1128/1128 1129/1129/1129 1154/1154/1154
f 1128/1128/1128 1154/1154/1154 1153/1153/1153
f 1129/1129/1129 1130/1130/1130 1155/1155/1155
f 1129/1129/1129 1155/1155/1155 1154/1154/1154
f 1130/1130/1130 1131/1131/1131 1156/1156/1156
f 1130/1130/1130 1156/1156/1156 1155/1155/1155
f 1131/1131/1131 1132/1132/1132 1157/1157/1157
f 1131/1131/1131 1157/1157/1157 1156/1156/1156
f 1132/1132/1132 1133/1133/1133 1158/1158/1158
f 1132/1132/1132 1158/1158/1158 1157/1157/1157
f 1133/1133/1133 1134/1134/1134 1159/1159/1159
f 1133/1133/1133 1159/1159/1159 1158/1158/1158
f 1134/1134/1134 1135/1135/1135 1160/1160/1160
f 1134/1134/1134 1160/1160/1160 1159/1159/1159
f 1135/1135/1135 1136/1136/1136 1161/1161/1161
f 1135/1135/1135 1161/1161/1161 1160/1160/1160
f 1136/1136/1136 1137/1137/1137 1162/1162/1162
f 1136/1136/1136 1162/1162/1162 1161/1161/1161
f 1137/1137/1137 1138/1138/1138 1163/1163/1163
f 1137/1137/1137 1163/1163/1163 1162/1162/1162
f 1138/1138/1138 1139/1139/1139 1164/1164/1164
f 1138/1138/1138 1164/1164/1164 1163/1163/1163
f 1139/1139/1139 1140/1140/1140 1165/1165/1165
f 1139/1139/1139 1165/1165/1165 1164/1164/1164
f 1140/1140/1140 1141/1141/1141 1166/1166/1166
f 1140/1140/1140 1166/1166/1166 1165/1165/1165
f 1141/1141/1141 1142/1142/1142 1167/1167/1167
f 1141/1141/1141 1167/1167/1167 1166/1166/1166
f 1142/1142/1142 1143/1143/1143 1168/1168/1168
f 1142/1142/1142 1168/1168/1168 1167/1167/1167
f 1143/1143/1143 1144/1144/1144 1169/1169/1169
f 1143/1143/1143 1169/1169/1169 1168/1168/1168
f 1144/1144/1144 1145/1145/1145 1170/1170/1170
f 1144/1144/1144 1170/1170/1170 1169/1169/1169
f 1145/1145/1145 1146/1146/1146 1171/1171/1171
f 1145/1145/1145 1171/1171/1171 1170/1170/1170
f 1146/1146/1146 1147/1147/1147 1172/1172/1172
f 1146/1146/1146 1172/1172/1172 1171/1171/1171
f 1147/1147/1147 1148/1148/1148 1173/1173/1173
f 1147/1147/1147 1173/1173/1173 1172/1172/1172
f 1148/1148/1148 1149/1149/1149 1174/1174/1174
f 1148/1148/1148 1174/1174/1174 1173/1173/1173
f 1149/1149/1149 1150/1150/1150 1175/1175/1175
f 1149/1149/1149 1175/1175/1175 1174/1174/1174
f 1150/1150/1150 1151/1151/1151 1176/1176/1176
f 1150/1150/1150 1176/1176/1176 1175/1175/1175
f 1151/1151/1151 1152/1152/1152 1177/1177/1177
f 1151/1151/1151 1177/1177/1177 1176/1176/1176
f 1153/1153/1153 1154/1154/1154 1179/1179/1179
f 1153/1153/1153 1179/1179/1179 1178/1178/1178
f 1154/1154/1154 1155/1155/1155 1180/1180/1180
f 1154/1154/1154 1180/1180/1180 1179/1179/1179
f 1155/1155/1155 1156/1156/1156 1181/1181/1181
f 1155/1155/1155 1181/1181/1181 1180/1180/1180
f 1156/1156/1156 1157/1157/1157 1182/1182/1182
f 1156/1156/1156 1182/1182/1182 1181/1181/1181
f 1157/1157/1157 1158/1158/1158 1183/1183/1183
f 1157/1157/1157 1183/1183/1183 1182/1182/1182
f 1158/1158/1158 1159/1159/1159 1184/1184/1184
f 1158/1158/1158 1184/1184/1184 1183/1183/1183
f 1159/1159/1159 1160/1160/1160 1185/1185/1185
f 1159/1159/1159 1185/1185/1185 1184/1184/1184
f 1160/1160/1160 1161/1161/1161 1186/1186/1186
f 1160/1160/1160 1186/1186/1186 1185/1185/1185
f 1161/1161/1161 1162/1162/1162 1187/1187/1187
f 1161/1161/1161 1187/1187/1187 1186/1186/1186
f 1162/1162/1162 1163/1163/1163 1188/1188/1188
f 1162/1162/1162 1188/1188/1188 1187/1187/1187
f 1163/1163/1163 1164/1164/1164 1189/1189/1189
f 1163/1163/1163 1189/1189/1189 1188/1188/1188
f 1164/1164/1164 1165/1165/1165 1190/1190/1190
f 1164/1164/1164 1190/1190/1190 1189/1189/1189
f 1165/1165/1165 1166/1166/1166 1191/1191/1191
f 1165/1165/1165 1191/1191/1191 1190/1190/1190
f 1166/1166/1166 1167/1167/1167 1192/1192/1192
f 1166/1166/1166 1192/1192/1192 1191/1191/1191
f 1167/1167/1167 1168/1168/1168 1193/1193/1193
f 1167/1167/1167 1193/1193/1193 1192/1192/1192
f 1168/1168/1168 1169/1169/1169 1194/1194/1194
f 1168/1168/1168 1194/1194/1194 1193/1193/1193
f 1169/1169/1169 1170/1170/1170 1195/1195/1195
f 1169/1169/1169 1195/1195/1195 1194/1194/1194
f 1170/1170/1170 1171/1171/1171 1196/1196/1196
f 1170/1170/1170 1196/1196/1196 1195/1195/1195
f 1171/1171/1171 1172/1172/1172 1197/1197/1197
f 1171/1171/1171 1197/1197/1197 1196/1196/1196
f 1172/1172/1172 1173/1173/1173 1198/1198/1198
f 1172/1172/1172 1198/1198/1198 1197/1197/1197
f 1173/1173/1173 1174/1174/1174 1199/1199/1199
f 1173/1173/1173 1199/1199/1199 1198/1198/1198
f 1174/1174/1174 1175/1175/1175 1200/1200/1200
f 1174/1174/1174 1200/1200/1200 1199/1199/1199
f 1175/1175/1175 1176/1176/1176 1201/1201/1201
f 1175/1175/1175 1201/1201/1201 1200/1200/1200
f 1176/1176/1176 1177/1177/1177 1202/1202/1202
f 1176/1176/1176 1202/1202/1202 1201/1201/1201
f 1203/1203/1203 929/929/929 928/928/928
f 1203/1203/1203 930/930/930 929/929/929
f 1203/1203/1203 931/931/931 930/930/930
f 1203/1203/1203 932/932/932 931/931/931
f 1203/1203/1203 933/933/933 932/932/932
f 1203/1203/1203 934/934/934 933/933/933
f 1203/1203/1203 935/935/935 934/934/934
f 1203/1203/1203 936/936/936 935/935/935
f 1203/1203/1203 937/937/937 936/936/936
f 1203/1203/1203 938/938/938 937/937/937
f 1203/1203/1203 939/939/939 938/938/938
f 1203/1203/1203 940/940/940 939/939/939
f 1203/1203/1203 941/941/941 940/940/940
f 1203/1203/1203 942/942/942 941/941/941
f 1203/1203/1203 943/943/943 942/942/942
f 1203/1203/1203 944/944/944 943/943/943
f 1203/1203/1203 945/945/945 944/944/944
f 1203/1203/1203 946/946/946 945/945/945
f 1203/1203/1203 947/947/947 946/946/946
f 1203/1203/1203 948/948/948 947/947/947
f 1203/1203/1203 949/949/949 948/948/948
f 1203/1203/1203 950/950/950 949/949/949
f 1203/1203/1203 951/951/951 950/950/950
f 1203/1203/1203 952/952/952 951/951/951
f 1204/1204/1204 1178/1178/1178 1179/1179/1179
f 1204/1204/1204 1179/1179/1179 1180/1180/1180
f 1204/1204/1204 1180/1180/1180 1181/1181/1181
f 1204/1204/1204 1181/1181/1181 1182/1182/1182
f 1204/1204/1204 1182/1182/1182 1183/1183/1183
f 1204/1204/1204 1183/1183/1183 1184/1184/1184
f 1204/1204/1204 1184/1184/1184 1185/1185/1185
f 1204/1204/1204 1185/1185/1185 1186/1186/1186
f 1204/1204/1204 1186/1186/1186 1187/1187/1187
f 1204/1204/1204 1187/1187/1187 1188/1188/1188
f 1204/1204/1204 1188/1188/1188 1189/1189/1189
f 1204/1204/1204 1189/1189/1189 1190/1190/1190
f 1204/1204/1204 1190/1190/1190 1191/1191/1191
f 1204/1204/1204 1191/1191/1191 1192/1192/1192
f 1204/1204/1204 1192/1192/1192 1193/1193/1193
f 1204/1204/1204 1193/1193/1193 1194/1194/1194
f 1204/1204/1204 1194/1194/1194 1195/1195/1195
f 1204/1204/1204 1195/1195/1195 1196/1196/1196
f 1204/1204/1204 1196/1196/1196 1197/1197/1197
f 1204/1204/1204 1197/1197/1197 1198/1198/1198
f 1204/1204/1204 1198/1198/1198 1199/1199/1199
f 1204/1204/1204 1199/1199/1199 1200/1200/1200
f 1204/1204/1204 1200/1200/1200 1201/1201/1201
f 1204/1204/1204 1201/1201/1201 1202/1202/1202
o Reptile_skull
v 9.093913 56.659935 -1.238201
v 10.160485 56.887210 -1.238201
v 10.108283 56.887210 -1.919328
v 9.956788 56.887210 -2.533782
v 9.720828 56.887210 -3.021416
v 9.423502 56.887210 -3.334496
v 9.093913 56.887210 -3.442376
v 8.764324 56.887210 -3.334496
v 8.466998 56.887210 -3.021416
v 8.231039 56.887210 -2.533782
v 8.079543 56.887210 -1.919328
v 8.027341 56.887210 -1.238201
v 8.079543 56.887210 -0.557073
v 8.231039 56.887210 0.057381
v 8.466998 56.887210 0.545015
v 8.764324 56.887210 0.858095
v 9.093913 56.887210 0.965975
v 9.423502 56.887210 0.858095
v 9.720828 56.887210 0.545015
v 9.956788 56.887210 0.057381
v 10.108283 56.887210 -0.557073
v 10.160485 56.887210 -1.238201
v 11.154372 57.553549 -1.238201
v 11.053526 57.553549 -2.554038
v 10.760859 57.553549 -3.741072
v 10.305020 57.553549 -4.683108
v 9.730630 57.553549 -5.287932
v 9.093913 57.553549 -5.496340
v 8.457197 57.553549 -5.287932
v 7.882806 57.553549 -4.683108
v 7.426967 57.553549 -3.741072
v 7.134301 57.553549 -2.554038
v 7.033455 57.553549 -1.238201
v 7.134301 57.553549 0.077637
v 7.426967 57.553549 1.264671
v 7.882806 57.553549 2.206707
v 8.457197 57.553549 2.811531
v 9.093913 57.553549 3.019939
v 9.730630 57.553549 2.811531
v 10.305020 57.553549 2.206707
v 10.760859 57.553549 1.264671
v 11.053526 57.553549 0.077637
v 11.154372 57.553549 -1.238201
v 12.007841 58.613542 -1.238201
v 11.865224 58.613542 -3.099076
v 11.451331 58.613542 -4.777796
v 10.806677 58.613542 -6.110035
v 9.994367 58.613542 -6.965386
v 9.093913 58.613542 -7.260120
v 8.193460 58.613542 -6.965386
v 7.381149 58.613542 -6.110035
v 6.736496 58.613542 -4.777796
v 6.322603 58.613542 -3.099076
v 6.179985 58.613542 -1.238201
v 6.322603 58.613542 0.622675
v 6.736496 58.613542 2.301395
v 7.381149 58.613542 3.633634
v 8.193460 58.613542 4.488985
v 9.093913 58.613542 4.783719
v 9.994367 58.613542 4.488985
v 10.806677 58.613542 3.633634
v 11.451331 58.613542 2.301395
v 11.865224 58.613542 0.622675
v 12.007841 58.613542 -1.238201
v 12.662732 59.994951 -1.238201
v 12.488061 59.994951 -3.517298
v 11.981148 59.994951 -5.573302
v 11.191612 59.994951 -7.204955
v 10.196739 59.994951 -8.252542
v 9.093913 59.994951 -8.613515
v 7.991088 59.994951 -8.252542
v 6.996214 59.994951 -7.204955
v 6.206678 59.994951 -5.573302
v 5.699765 59.994951 -3.517298
v 5.525095 59.994951 -1.238201
v 5.699765 59.994951 1.040897
v 6.206678 59.994951 3.096901
v 6.996214 59.994951 4.728554
v 7.991088 59.994951 5.776140
v 9.093913 59.994951 6.137114
v 10.196739 59.994951 5.776140
v 11.191612 59.994951 4.728554
v 11.981148 59.994951 3.096901
v 12.488061 59.994951 1.040897
v 12.662732 59.994951 -1.238201
v 13.074413 61.603636 -1.238201
v 12.879594 61.603636 -3.780204
v 12.314205 61.603636 -6.073378
v 11.433592 61.603636 -7.893251
v 10.323955 61.603636 -9.061681
v 9.093913 61.603636 -9.464295
v 7.863871 61.603636 -9.061681
v 6.754234 61.603636 -7.893251
v 5.873621 61.603636 -6.073378
v 5.308233 61.603636 -3.780204
v 5.113413 61.603636 -1.238201
v 5.308233 61.603636 1.303802
v 5.873621 61.603636 3.596977
v 6.754234 61.603636 5.416850
v 7.863871 61.603636 6.585280
v 9.093913 61.603636 6.987894
v 10.323955 61.603636 6.585280
v 11.433592 61.603636 5.416850
v 12.314205 61.603636 3.596977
v 12.879594 61.603636 1.303802
v 13.074413 61.603636 -1.238201
v 13.214830 63.329967 -1.238201
v 13.013138 63.329967 -3.869876
v 12.427805 63.329967 -6.243944
v 11.516127 63.329967 -8.128016
v 10.367347 63.329967 -9.337664
v 9.093913 63.329967 -9.754480
v 7.820480 63.329967 -9.337664
v 6.671699 63.329967 -8.128016
v 5.760021 63.329967 -6.243944
v 5.174688 63.329967 -3.869876
v 4.972996 63.329967 -1.238201
v 5.174688 63.329967 1.393475
v 5.760021 63.329967 3.767543
v 6.671699 63.329967 5.651615
v 7.820480 63.329967 6.861263
v 9.093913 63.329967 7.278079
v 10.367347 63.329967 6.861263
v 11.516127 63.329967 5.651615
v 12.427805 63.329967 3.767543
v 13.013138 63.329967 1.393475
v 13.214830 63.329967 -1.238201
v 13.074413 65.056299 -1.238201
v 12.879594 65.056299 -3.780204
v 12.314205 65.056299 -6.073378
v 11.433592 65.056299 -7.893251
v 10.323955 65.056299 -9.061681
v 9.093913 65.056299 -9.464295
v 7.863871 65.056299 -9.061681
v 6.754234 65.056299 -7.893251
v 5.873621 65.056299 -6.073378
v 5.308233 65.056299 -3.780204
v 5.113413 65.056299 -1.238201
v 5.308233 65.056299 1.303802
v 5.873621 65.056299 3.596977
v 6.754234 65.056299 5.416850
v 7.863871 65.056299 6.585280
v 9.093913 65.056299 6.987894
v 10.323955 65.056299 6.585280
v 11.433592 65.056299 5.416850
v 12.314205 65.056299 3.596977
v 12.879594 65.056299 1.303802
v 13.074413 65.056299 -1.238201
v 12.662732 66.664984 -1.238201
v 12.488061 66.664984 -3.517298
v 11.981148 66.664984 -5.573302
v 11.191612 66.664984 -7.204955
v 10.196739 66.664984 -8.252542
v 9.093913 66.664984 -8.613515
v 7.991088 66.664984 -8.252542
v 6.996214 66.664984 -7.204955
v 6.206678 66.664984 -5.573302
v 5.699765 66.664984 -3.517298
v 5.525095 66.664984 -1.238201
v 5.699765 66.664984 1.040897
v 6.206678 66.664984 3.096901
v 6.996214 66.664984 4.728554
v 7.991088 66.664984 5.776140
v 9.093913 66.664984 6.137114
v 10.196739 66.664984 5.776140
v 11.191612 66.664984 4.728554
v 11.981148 66.664984 3.096901
v 12.488061 66.664984 1.040897
v 12.662732 66.664984 -1.238201
v 12.007841 68.046393 -1.238201
v 11.865224 68.046393 -3.099076
v 11.451331 68.046393 -4.777796
v 10.806677 68.046393 -6.110035
v 9.994367 68.046393 -6.965386
v 9.093913 68.046393 -7.260120
v 8.193460 68.046393 -6.965386
v 7.381149 68.046393 -6.110035
v 6.736496 68.046393 -4.777796
v 6.322603 68.046393 -3.099076
v 6.179985 68.046393 -1.238201
v 6.322603 68.046393 0.622675
v 6.736496 68.046393 2.301395
v 7.381149 68.046393 3.633634
v 8.193460 68.046393 4.488985
v 9.093913 68.046393 4.783719
v 9.994367 68.046393 4.488985
v 10.806677 68.046393 3.633634
v 11.451331 68.046393 2.301395
v 11.865224 68.046393 0.622675
v 12.007841 68.046393 -1.238201
v 11.154372 69.106385 -1.238201
v 11.053526 69.106385 -2.554038
v 10.760859 69.106385 -3.741072
v 10.305020 69.106385 -4.683108
v 9.730630 69.106385 -5.287932
v 9.093913 69.106385 -5.496340
v 8.457197 69.106385 -5.287932
v 7.882806 69.106385 -4.683108
v 7.426967 69.106385 -3.741072
v 7.134301 69.106385 -2.554038
v 7.033455 69.106385 -1.238201
v 7.134301 69.106385 0.077637
v 7.426967 69.106385 1.264671
v 7.882806 69.106385 2.206707
v 8.457197 69.106385 2.811531
v 9.093913 69.106385 3.019939
v 9.730630 69.106385 2.811531
v 10.305020 69.106385 2.206707
v 10.760859 69.106385 1.264671
v 11.053526 69.106385 0.077637
v 11.154372 69.106385 -1.238201
v 10.160485 69.772724 -1.238201
v 10.108283 69.772724 -1.919328
v 9.956788 69.772724 -2.533782
v 9.720828 69.772724 -3.021416
v 9.423502 69.772724 -3.334496
v 9.093913 69.772724 -3.442376
v 8.764324 69.772724 -3.334496
v 8.466998 69.772724 -3.021416
v 8.231039 69.772724 -2.533782
v 8.079543 69.772724 -1.919328
v 8.027341 69.772724 -1.238201
v 8.079543 69.772724 -0.557073
v 8.231039 69.772724 0.057381
v 8.466998 69.772724 0.545015
v 8.764324 69.772724 0.858095
v 9.093913 69.772724 0.965975
v 9.423502 69.772724 0.858095
v 9.720828 69.772724 0.545015
v 9.956788 69.772724 0.057381
v 10.108283 69.772724 -0.557073
v 10.160485 69.772724 -1.238201
v 9.093913 70.000000 -1.238201
vt 0.5000000 0.6996875
vt 0.0865625 0.8056375
vt 0.1279062 0.8056375
vt 0.1692500 0.8056375
vt 0.2105938 0.8056375
vt 0.2519375 0.8056375
vt 0.2932813 0.8056375
vt 0.3346250 0.8056375
vt 0.3759688 0.8056375
vt 0.4173125 0.8056375
vt 0.4586563 0.8056375
vt 0.5000000 0.8056375
vt 0.5413438 0.8056375
vt 0.5826875 0.8056375
vt 0.6240313 0.8056375
vt 0.6653750 0.8056375
vt 0.7067187 0.8056375
vt 0.7480625 0.8056375
vt 0.7894062 0.8056375
vt 0.8307500 0.8056375
vt 0.8720937 0.8056375
vt 0.9134375 0.8056375
vt 0.0865625 0.7946797
vt 0.1279062 0.7946797
vt 0.1692500 0.7946797
vt 0.2105938 0.7946797
vt 0.2519375 0.7946797
vt 0.2932813 0.7946797
vt 0.3346250 0.7946797
vt 0.3759688 0.7946797
vt 0.4173125 0.7946797
vt 0.4586563 0.7946797
vt 0.5000000 0.7946797
vt 0.5413438 0.7946797
vt 0.5826875 0.7946797
vt 0.6240313 0.7946797
vt 0.6653750 0.7946797
vt 0.7067187 0.7946797
vt 0.7480625 0.7946797
vt 0.7894062 0.7946797
vt 0.8307500 0.7946797
vt 0.8720937 0.7946797
vt 0.9134375 0.7946797
vt 0.0865625 0.7772483
vt 0.1279062 0.7772483
vt 0.1692500 0.7772483
vt 0.2105938 0.7772483
vt 0.2519375 0.7772483
vt 0.2932813 0.7772483
vt 0.3346250 0.7772483
vt 0.3759688 0.7772483
vt 0.4173125 0.7772483
vt 0.4586563 0.7772483
vt 0.5000000 0.7772483
vt 0.5413438 0.7772483
vt 0.5826875 0.7772483
vt 0.6240313 0.7772483
vt 0.6653750 0.7772483
vt 0.7067187 0.7772483
vt 0.7480625 0.7772483
vt 0.7894062 0.7772483
vt 0.8307500 0.7772483
vt 0.8720937 0.7772483
vt 0.9134375 0.7772483
vt 0.0865625 0.7545312
vt 0.1279062 0.7545312
vt 0.1692500 0.7545312
vt 0.2105938 0.7545312
vt 0.2519375 0.7545312
vt 0.2932813 0.7545312
vt 0.3346250 0.7545312
vt 0.3759688 0.7545312
vt 0.4173125 0.7545312
vt 0.4586563 0.7545312
vt 0.5000000 0.7545312
vt 0.5413438 0.7545312
vt 0.5826875 0.7545312
vt 0.6240313 0.7545312
vt 0.6653750 0.7545312
vt 0.7067187 0.7545312
vt 0.7480625 0.7545312
vt 0.7894062 0.7545312
vt 0.8307500 0.7545312
vt 0.8720937 0.7545312
vt 0.9134375 0.7545312
vt 0.0865625 0.7280767
vt 0.1279062 0.7280767
vt 0.1692500 0.7280767
vt 0.2105938 0.7280767
vt 0.2519375 0.7280767
vt 0.2932813 0.7280767
vt 0.3346250 0.7280767
vt 0.3759688 0.7280767
vt 0.4173125 0.7280767
vt 0.4586563 0.7280767
vt 0.5000000 0.7280767
vt 0.5413438 0.7280767
vt 0.5826875 0.7280767
vt 0.6240313 0.7280767
vt 0.6653750 0.7280767
vt 0.7067187 0.7280767
vt 0.7480625 0.7280767
vt 0.7894062 0.7280767
vt 0.8307500 0.7280767
vt 0.8720937 0.7280767
vt 0.9134375 0.7280767
vt 0.0865625 0.6996875
vt 0.1279062 0.6996875
vt 0.1692500 0.6996875
vt 0.2105938 0.6996875
vt 0.2519375 0.6996875
vt 0.2932813 0.6996875
vt 0.3346250 0.6996875
vt 0.3759688 0.6996875
vt 0.4173125 0.6996875
vt 0.4586563 0.6996875
vt 0.5000000 0.6996875
vt 0.5413438 0.6996875
vt 0.5826875 0.6996875
vt 0.6240313 0.6996875
vt 0.6653750 0.6996875
vt 0.7067187 0.6996875
vt 0.7480625 0.6996875
vt 0.7894062 0.6996875
vt 0.8307500 0.6996875
vt 0.8720937 0.6996875
vt 0.9134375 0.6996875
vt 0.0865625 0.6712983
vt 0.1279062 0.6712983
vt 0.1692500 0.6712983
vt 0.2105938 0.6712983
vt 0.2519375 0.6712983
vt 0.2932813 0.6712983
vt 0.3346250 0.6712983
vt 0.3759688 0.6712983
vt 0.4173125 0.6712983
vt 0.4586563 0.6712983
vt 0.5000000 0.6712983
vt 0.5413438 0.6712983
vt 0.5826875 0.6712983
vt 0.6240313 0.6712983
vt 0.6653750 0.6712983
vt 0.7067187 0.6712983
vt 0.7480625 0.6712983
vt 0.7894062 0.6712983
vt 0.8307500 0.6712983
vt 0.8720937 0.6712983
vt 0.9134375 0.6712983
vt 0.0865625 0.6448438
vt 0.1279062 0.6448438
vt 0.1692500 0.6448438
vt 0.2105938 0.6448438
vt 0.2519375 0.6448438
vt 0.2932813 0.6448438
vt 0.3346250 0.6448438
vt 0.3759688 0.6448438
vt 0.4173125 0.6448438
vt 0.4586563 0.6448438
vt 0.5000000 0.6448438
vt 0.5413438 0.6448438
vt 0.5826875 0.6448438
vt 0.6240313 0.6448438
vt 0.6653750 0.6448438
vt 0.7067187 0.6448438
vt 0.7480625 0.6448438
vt 0.7894062 0.6448438
vt 0.8307500 0.6448438
vt 0.8720937 0.6448438
vt 0.9134375 0.6448438
vt 0.0865625 0.6221267
vt 0.1279062 0.6221267
vt 0.1692500 0.6221267
vt 0.2105938 0.6221267
vt 0.2519375 0.6221267
vt 0.2932813 0.6221267
vt 0.3346250 0.6221267
vt 0.3759688 0.6221267
vt 0.4173125 0.6221267
vt 0.4586563 0.6221267
vt 0.5000000 0.6221267
vt 0.5413438 0.6221267
vt 0.5826875 0.6221267
vt 0.6240313 0.6221267
vt 0.6653750 0.6221267
vt 0.7067187 0.6221267
vt 0.7480625 0.6221267
vt 0.7894062 0.6221267
vt 0.8307500 0.6221267
vt 0.8720937 0.6221267
vt 0.9134375 0.6221267
vt 0.0865625 0.6046953
vt 0.1279062 0.6046953
vt 0.1692500 0.6046953
vt 0.2105938 0.6046953
vt 0.2519375 0.6046953
vt 0.2932813 0.6046953
vt 0.3346250 0.6046953
vt 0.3759688 0.6046953
vt 0.4173125 0.6046953
vt 0.4586563 0.6046953
vt 0.5000000 0.6046953
vt 0.5413438 0.6046953
vt 0.5826875 0.6046953
vt 0.6240313 0.6046953
vt 0.6653750 0.6046953
vt 0.7067187 0.6046953
vt 0.7480625 0.6046953
vt 0.7894062 0.6046953
vt 0.8307500 0.6046953
vt 0.8720937 0.6046953
vt 0.9134375 0.6046953
vt 0.0865625 0.5937375
vt 0.1279062 0.5937375
vt 0.1692500 0.5937375
vt 0.2105938 0.5937375
vt 0.2519375 0.5937375
vt 0.2932813 0.5937375
vt 0.3346250 0.5937375
vt 0.3759688 0.5937375
vt 0.4173125 0.5937375
vt 0.4586563 0.5937375
vt 0.5000000 0.5937375
vt 0.5413438 0.5937375
vt 0.5826875 0.5937375
vt 0.6240313 0.5937375
vt 0.6653750 0.5937375
vt 0.7067187 0.5937375
vt 0.7480625 0.5937375
vt 0.7894062 0.5937375
vt 0.8307500 0.5937375
vt 0.8720937 0.5937375
vt 0.9134375 0.5937375
vt 0.5000000 0.6996875
vn -0.0000000 -1.0000000 0.0000000
vn 0.4535297 -0.8911223 -0.0145531
vn 0.4265664 -0.9006828 -0.0825329
vn 0.3610007 -0.9211435 -0.1455097
vn 0.2571544 -0.9459625 -0.1975513
vn 0.1208452 -0.9654221 -0.2309905
vn -0.0327534 -0.9704676 -0.2389975
vn -0.1815186 -0.9585388 -0.2196688
vn -0.3054121 -0.9355466 -0.1774149
vn -0.3933935 -0.9115179 -0.1199028
vn -0.4425859 -0.8950857 -0.0542152
vn -0.4535297 -0.8911223 0.0145531
vn -0.4265664 -0.9006828 0.0825329
vn -0.3610007 -0.9211435 0.1455097
vn -0.2571544 -0.9459625 0.1975513
vn -0.1208452 -0.9654221 0.2309905
vn 0.0327534 -0.9704676 0.2389975
vn 0.1815186 -0.9585388 0.2196688
vn 0.3054121 -0.9355466 0.1774149
vn 0.3933935 -0.9115179 0.1199028
vn 0.4425859 -0.8950857 0.0542152
vn 0.4535297 -0.8911223 -0.0145531
vn 0.6991257 -0.7149035 -0.0116753
vn 0.6721642 -0.7309012 -0.1182314
vn 0.5951197 -0.7715558 -0.2247980
vn 0.4540913 -0.8293777 -0.3254746
vn 0.2387299 -0.8838615 -0.4022399
vn -0.0304927 -0.9034841 -0.4275356
vn -0.2920999 -0.8737778 -0.3888316
vn -0.4913241 -0.8159939 -0.3045565
vn -0.6169646 -0.7607456 -0.2015460
vn -0.6820179 -0.7251681 -0.0947775
vn -0.6991257 -0.7149035 0.0116753
vn -0.6721642 -0.7309012 0.1182314
vn -0.5951197 -0.7715558 0.2247980
vn -0.4540913 -0.8293777 0.3254746
vn -0.2387299 -0.8838615 0.4022399
vn 0.0304927 -0.9034841 0.4275356
vn 0.2920999 -0.8737778 0.3888316
vn 0.4913241 -0.8159939 0.3045565
vn 0.6169646 -0.7607456 0.2015460
vn 0.6820179 -0.7251681 0.0947775
vn 0.6991257 -0.7149035 -0.0116753
vn 0.8560274 -0.5168616 -0.0084410
vn 0.8342802 -0.5331843 -0.1403249
vn 0.7650649 -0.5795692 -0.2806691
vn 0.6201102 -0.6553782 -0.4312109
vn 0.3556956 -0.7415016 -0.5689077
vn -0.0263271 -0.7800595 -0.6251512
vn -0.3978311 -0.7314511 -0.5538138
vn -0.6447220 -0.6442094 -0.4114945
vn -0.7774986 -0.5718021 -0.2617982
vn -0.8394184 -0.5294107 -0.1228862
vn -0.8560274 -0.5168616 0.0084410
vn -0.8342802 -0.5331843 0.1403249
vn -0.7650649 -0.5795692 0.2806691
vn -0.6201102 -0.6553782 0.4312109
vn -0.3556956 -0.7415016 0.5689077
vn 0.0263271 -0.7800595 0.6251512
vn 0.3978311 -0.7314511 0.5538138
vn 0.6447220 -0.6442094 0.4114945
vn 0.7774986 -0.5718021 0.2617982
vn 0.8394184 -0.5294107 0.1228862
vn 0.8560274 -0.5168616 -0.0084410
vn 0.9434737 -0.3314033 -0.0054122
vn 0.9267894 -0.3436195 -0.1516145
vn 0.8698305 -0.3809437 -0.3134914
vn 0.7381310 -0.4484217 -0.5040642
vn 0.4564712 -0.5385177 -0.7082603
vn -0.0198226 -0.5873350 -0.8091011
vn -0.4849964 -0.5318874 -0.6941716
vn -0.7521081 -0.4422414 -0.4886266
vn -0.8760918 -0.3771328 -0.3003897
vn -0.9292234 -0.3418780 -0.1402260
vn -0.9434737 -0.3314033 0.0054122
vn -0.9267894 -0.3436195 0.1516145
vn -0.8698305 -0.3809437 0.3134914
vn -0.7381310 -0.4484217 0.5040642
vn -0.4564712 -0.5385177 0.7082603
vn 0.0198226 -0.5873350 0.8091011
vn 0.4849964 -0.5318874 0.6941716
vn 0.7521081 -0.4422414 0.4886266
vn 0.8760918 -0.3771328 0.3003897
vn 0.9292234 -0.3418780 0.1402260
vn 0.9434737 -0.3314033 -0.0054122
vn 0.9868912 -0.1613657 -0.0026353
vn 0.9734361 -0.1676573 -0.1559269
vn 0.9254215 -0.1877884 -0.3291361
vn 0.8077711 -0.2264242 -0.5442774
vn 0.5275491 -0.2839631 -0.8006603
vn -0.0108036 -0.3201067 -0.9473199
vn -0.5417348 -0.2818592 -0.7918831
vn -0.8138866 -0.2246989 -0.5358162
vn -0.9279652 -0.1868006 -0.3224687
vn -0.9743916 -0.1672211 -0.1503267
vn -0.9868912 -0.1613657 0.0026353
vn -0.9734361 -0.1676573 0.1559269
vn -0.9254215 -0.1877884 0.3291361
vn -0.8077711 -0.2264242 0.5442774
vn -0.5275491 -0.2839631 0.8006603
vn 0.0108036 -0.3201067 0.9473199
vn 0.5417348 -0.2818592 0.7918831
vn 0.8138866 -0.2246989 0.5358162
vn 0.9279652 -0.1868006 0.3224687
vn 0.9743916 -0.1672211 0.1503267
vn 0.9868912 -0.1613657 -0.0026353
vn 1.0000000 -0.0000000 0.0000000
vn 0.9878648 -0.0000000 -0.1553165
vn 0.9433972 -0.0000000 -0.3316649
vn 0.8323012 -0.0000000 -0.5543237
vn 0.5574628 0.0000000 -0.8302019
vn 0.0000000 0.0000000 -1.0000000
vn -0.5574628 -0.0000000 -0.8302019
vn -0.8323012 0.0000000 -0.5543237
vn -0.9433972 0.0000000 -0.3316649
vn -0.9878648 0.0000000 -0.1553165
vn -1.0000000 -0.0000000 -0.0000000
vn -0.9878648 0.0000000 0.1553165
vn -0.9433972 0.0000000 0.3316649
vn -0.8323012 -0.0000000 0.5543237
vn -0.5574628 -0.0000000 0.8302019
vn -0.0000000 -0.0000000 1.0000000
vn 0.5574628 0.0000000 0.8302019
vn 0.8323012 0.0000000 0.5543237
vn 0.9433972 0.0000000 0.3316649
vn 0.9878648 0.0000000 0.1553165
vn 1.0000000 -0.0000000 0.0000000
vn 0.9868912 0.1613657 0.0026353
vn 0.9743916 0.1672211 -0.1503267
vn 0.9279652 0.1868006 -0.3224687
vn 0.8138866 0.2246989 -0.5358162
vn 0.5417348 0.2818592 -0.7918831
vn 0.0108036 0.3201067 -0.9473199
vn -0.5275491 0.2839631 -0.8006603
vn -0.8077711 0.2264242 -0.5442774
vn -0.9254215 0.1877884 -0.3291361
vn -0.9734361 0.1676573 -0.1559269
vn -0.9868912 0.1613657 -0.0026353
vn -0.9743916 0.1672211 0.1503267
vn -0.9279652 0.1868006 0.3224687
vn -0.8138866 0.2246989 0.5358162
vn -0.5417348 0.2818592 0.7918831
vn -0.0108036 0.3201067 0.9473199
vn 0.5275491 0.2839631 0.8006603
vn 0.8077711 0.2264242 0.5442774
vn 0.9254215 0.1877884 0.3291361
vn 0.9734361 0.1676573 0.1559269
vn 0.9868912 0.1613657 0.0026353
vn 0.9434737 0.3314033 0.0054122
vn 0.9292234 0.3418780 -0.1402260
vn 0.8760918 0.3771328 -0.3003897
vn 0.7521081 0.4422414 -0.4886266
vn 0.4849964 0.5318874 -0.6941716
vn 0.0198226 0.5873350 -0.8091011
vn -0.4564712 0.5385177 -0.7082603
vn -0.7381310 0.4484217 -0.5040642
vn -0.8698305 0.3809437 -0.3134914
vn -0.9267894 0.3436195 -0.1516145
vn -0.9434737 0.3314033 -0.0054122
vn -0.9292234 0.3418780 0.1402260
vn -0.8760918 0.3771328 0.3003897
vn -0.7521081 0.4422414 0.4886266
vn -0.4849964 0.5318874 0.6941716
vn -0.0198226 0.5873350 0.8091011
vn 0.4564712 0.5385177 0.7082603
vn 0.7381310 0.4484217 0.5040642
vn 0.8698305 0.3809437 0.3134914
vn 0.9267894 0.3436195 0.1516145
vn 0.9434737 0.3314033 0.0054122
vn 0.8560274 0.5168616 0.0084410
vn 0.8394184 0.5294107 -0.1228862
vn 0.7774986 0.5718021 -0.2617982
vn 0.6447220 0.6442094 -0.4114945
vn 0.3978311 0.7314511 -0.5538138
vn 0.0263271 0.7800595 -0.6251512
vn -0.3556956 0.7415016 -0.5689077
vn -0.6201102 0.6553782 -0.4312109
vn -0.7650649 0.5795692 -0.2806691
vn -0.8342802 0.5331843 -0.1403249
vn -0.8560274 0.5168616 -0.0084410
vn -0.8394184 0.5294107 0.1228862
vn -0.7774986 0.5718021 0.2617982
vn -0.6447220 0.6442094 0.4114945
vn -0.3978311 0.7314511 0.5538138
vn -0.0263271 0.7800595 0.6251512
vn 0.3556956 0.7415016 0.5689077
vn 0.6201102 0.6553782 0.4312109
vn 0.7650649 0.5795692 0.2806691
vn 0.8342802 0.5331843 0.1403249
vn 0.8560274 0.5168616 0.0084410
vn 0.6991257 0.7149035 0.0116753
vn 0.6820179 0.7251681 -0.0947775
vn 0.6169646 0.7607456 -0.2015460
vn 0.4913241 0.8159939 -0.3045565
vn 0.2920999 0.8737778 -0.3888316
vn 0.0304927 0.9034841 -0.4275356
vn -0.2387299 0.8838615 -0.4022399
vn -0.4540913 0.8293777 -0.3254746
vn -0.5951197 0.7715558 -0.2247980
vn -0.6721642 0.7309012 -0.1182314
vn -0.6991257 0.7149035 -0.0116753
vn -0.6820179 0.7251681 0.0947775
vn -0.6169646 0.7607456 0.2015460
vn -0.4913241 0.8159939 0.3045565
vn -0.2920999 0.8737778 0.3888316
vn -0.0304927 0.9034841 0.4275356
vn 0.2387299 0.8838615 0.4022399
vn 0.4540913 0.8293777 0.3254746
vn 0.5951197 0.7715558 0.2247980
vn 0.6721642 0.7309012 0.1182314
vn 0.6991257 0.7149035 0.0116753
vn 0.4535297 0.8911223 0.0145531
vn 0.4425859 0.8950857 -0.0542152
vn 0.3933935 0.9115179 -0.1199028
vn 0.3054121 0.9355466 -0.1774149
vn 0.1815186 0.9585388 -0.2196688
vn 0.0327534 0.9704676 -0.2389975
vn -0.1208452 0.9654221 -0.2309905
vn -0.2571544 0.9459625 -0.1975513
vn -0.3610007 0.9211435 -0.1455097
vn -0.4265664 0.9006828 -0.0825329
vn -0.4535297 0.8911223 -0.0145531
vn -0.4425859 0.8950857 0.0542152
vn -0.3933935 0.9115179 0.1199028
vn -0.3054121 0.9355466 0.1774149
vn -0.1815186 0.9585388 0.2196688
vn -0.0327534 0.9704676 0.2389975
vn 0.1208452 0.9654221 0.2309905
vn 0.2571544 0.9459625 0.1975513
vn 0.3610007 0.9211435 0.1455097
vn 0.4265664 0.9006828 0.0825329
vn 0.4535297 0.8911223 0.0145531
vn -0.0000000 1.0000000 0.0000000
s 1
f 1205/1205/1205 1207/1207/1207 1206/1206/1206
f 1205/1205/1205 1208/1208/1208 1207/1207/1207
f 1205/1205/1205 1209/1209/1209 1208/1208/1208
f 1205/1205/1205 1210/1210/1210 1209/1209/1209
f 1205/1205/1205 1211/1211/1211 1210/1210/1210
f 1205/1205/1205 1212/1212/1212 1211/1211/1211
f 1205/1205/1205 1213/1213/1213 1212/1212/1212
f 1205/1205/1205 1214/1214/1214 1213/1213/1213
f 1205/1205/1205 1215/1215/1215 1214/1214/1214
f 1205/1205/1205 1216/1216/1216 1215/1215/1215
f 1205/1205/1205 1217/1217/1217 1216/1216/1216
f 1205/1205/1205 1218/1218/1218 1217/1217/1217
f 1205/1205/1205 1219/1219/1219 1218/1218/1218
f 1205/1205/1205 1220/1220/1220 1219/1219/1219
f 1205/1205/1205 1221/1221/1221 1220/1220/1220
f 1205/1205/1205 1222/1222/1222 1221/1221/1221
f 1205/1205/1205 1223/1223/1223 1222/1222/1222
f 1205/1205/1205 1224/1224/1224 1223/1223/1223
f 1205/1205/1205 1225/1225/1225 1224/1224/1224
f 1205/1205/1205 1226/1226/1226 1225/1225/1225
f 1206/1206/1206 1207/1207/1207 1228/1228/1228
f 1206/1206/1206 1228/1228/1228 1227/1227/1227
f 1207/1207/1207 1208/1208/1208 1229/1229/1229
f 1207/1207/1207 1229/1229/1229 1228/1228/1228
f 1208/1208/1208 1209/1209/1209 1230/1230/1230
f 1208/1208/1208 1230/1230/1230 1229/1229/1229
f 1209/1209/1209 1210/1210/1210 1231/1231/1231
f 1209/1209/1209 1231/1231/1231 1230/1230/1230
f 1210/1210/1210 1211/1211/1211 1232/1232/1232
f 1210/1210/1210 1232/1232/1232 1231/1231/1231
f 1211/1211/1211 1212/1212/1212 1233/1233/1233
f 1211/1211/1211 1233/1233/1233 1232/1232/1232
f 1212/1212/1212 1213/1213/1213 1234/1234/1234
f 1212/1212/1212 1234/1234/1234 1233/1233/1233
f 1213/1213/1213 1214/1214/1214 1235/1235/1235
f 1213/1213/1213 1235/1235/1235 1234/1234/1234
f 1214/1214/1214 1215/1215/1215 1236/1236/1236
f 1214/1214/1214 1236/1236/1236 1235/1235/1235
f 1215/1215/1215 1216/1216/1216 1237/1237/1237
f 1215/1215/1215 1237/1237/1237 1236/1236/1236
f 1216/1216/1216 1217/1217/1217 1238/1238/1238
f 1216/1216/1216 1238/1238/1238 1237/1237/1237
f 1217/1217/1217 1218/1218/1218 1239/1239/1239
f 1217/1217/1217 1239/1239/1239 1238/1238/1238
f 1218/1218/1218 1219/1219/1219 1240/1240/1240
f 1218/1218/1218 1240/1240/1240 1239/1239/1239
f 1219/1219/1219 1220/1220/1220 1241/1241/1241
f 1219/1219/1219 1241/1241/1241 1240/1240/1240
f 1220/1220/1220 1221/1221/1221 1242/1242/1242
f 1220/1220/1220 1242/1242/1242 1241/1241/1241
f 1221/1221/1221 1222/1222/1222 1243/1243/1243
f 1221/1221/1221 1243/1243/1243 1242/1242/1242
f 1222/1222/1222 1223/1223/1223 1244/1244/1244
f 1222/1222/1222 1244/1244/1244 1243/1243/1243
f 1223/1223/1223 1224/1224/1224 1245/1245/1245
f 1223/1223/1223 1245/1245/1245 1244/1244/1244
f 1224/1224/1224 1225/1225/1225 1246/1246/1246
f 1224/1224/1224 1246/1246/1246 1245/1245/1245
f 1225/1225/1225 1226/1226/1226 1247/1247/1247
f 1225/1225/1225 1247/1247/1247 1246/1246/1246
f 1227/1227/1227 1228/1228/1228 1249/1249/1249
f 1227/1227/1227 1249/1249/1249 1248/1248/1248
f 1228/1228/1228 1229/1229/1229 1250/1250/1250
f 1228/1228/1228 1250/1250/1250 1249/1249/1249
f 1229/1229/1229 1230/1230/1230 1251/1251/1251
f 1229/1229/1229 1251/1251/1251 1250/1250/1250
f 1230/1230/1230 1231/1231/1231 1252/1252/1252
f 1230/1230/1230 1252/1252/1252 1251/1251/1251
f 1231/1231/1231 1232/1232/1232 1253/1253/1253
f 1231/1231/1231 1253/1253/1253 1252/1252/1252
f 1232/1232/1232 1233/1233/1233 1254/1254/1254
f 1232/1232/1232 1254/1254/1254 1253/1253/1253
f 1233/1233/1233 1234/1234/1234 1255/1255/1255
f 1233/1233/1233 1255/1255/1255 1254/1254/1254
f 1234/1234/1234 1235/1235/1235 1256/1256/1256
f 1234/1234/1234 1256/1256/1256 1255/1255/1255
f 1235/1235/1235 1236/1236/1236 1257/1257/1257
f 1235/1235/1235 1257/1257/1257 1256/1256/1256
f 1236/1236/1236 1237/1237/1237 1258/1258/1258
f 1236/1236/1236 1258/1258/1258 1257/1257/1257
f 1237/1237/1237 1238/1238/1238 1259/1259/1259
f 1237/1237/1237 1259/1259/1259 1258/1258/1258
f 1238/1238/1238 1239/1239/1239 1260/1260/1260
f 1238/1238/1238 1260/1260/1260 1259/1259/1259
f 1239/1239/1239 1240/1240/1240 1261/1261/1261
f 1239/1239/1239 1261/1261/1261 1260/1260/1260
f 1240/1240/1240 1241/1241/1241 1262/1262/1262
f 1240/1240/1240 1262/1262/1262 1261/1261/1261
f 1241/1241/1241 1242/1242/1242 1263/1263/1263
f 1241/1241/1241 1263/1263/1263 1262/1262/1262
f 1242/1242/1242 1243/1243/1243 1264/1264/1264
f 1242/1242/1242 1264/1264/1264 1263/1263/1263
f 1243/1243/1243 1244/1244/1244 1265/1265/1265
f 1243/1243/1243 1265/1265/1265 1264/1264/1264
f 1244/1244/1244 1245/1245/1245 1266/1266/1266
f 1244/1244/1244 1266/1266/1266 1265/1265/1265
f 1245/1245/1245 1246/1246/1246 1267/1267/1267
f 1245/1245/1245 1267/1267/1267 1266/1266/1266
f 1246/1246/1246 1247/1247/1247 1268/1268/1268
f 1246/1246/1246 1268/1268/1268 1267/1267/1267
f 1248/1248/1248 1249/1249/1249 1270/1270/1270
f 1248/1248/1248 1270/1270/1270 1269/1269/1269
f 1249/1249/1249 1250/1250/1250 1271/1271/1271
f 1249/1249/1249 1271/1271/1271 1270/1270/1270
f 1250/1250/1250 1251/1251/1251 1272/1272/1272
f 1250/1250/1250 1272/1272/1272 1271/1271/1271
f 1251/1251/1251 1252/1252/1252 1273/1273/1273
f 1251/1251/1251 1273/1273/1273 1272/1272/1272
f 1252/1252/1252 1253/1253/1253 1274/1274/1274
f 1252/1252/1252 1274/1274/1274 1273/1273/1273
f 1253/1253/1253 1254/1254/1254 1275/1275/1275
f 1253/1253/1253 1275/1275/1275 1274/1274/1274
f 1254/1254/1254 1255/1255/1255 1276/1276/1276
f 1254/1254/1254 1276/1276/1276 1275/1275/1275
f 1255/1255/1255 1256/1256/1256 1277/1277/1277
f 1255/1255/1255 1277/1277/1277 1276/1276/1276
f 1256/1256/1256 1257/1257/1257 1278/1278/1278
f 1256/1256/1256 1278/1278/1278 1277/1277/1277
f 1257/1257/1257 1258/1258/1258 1279/1279/1279
f 1257/1257/1257 1279/1279/1279 1278/1278/1278
f 1258/1258/1258 1259/1259/1259 1280/1280/1280
f 1258/1258/1258 1280/1280/1280 1279/1279/1279
f 1259/1259/1259 1260/1260/1260 1281/1281/1281
f 1259/1259/1259 1281/1281/1281 1280/1280/1280
f 1260/1260/1260 1261/1261/1261 1282/1282/1282
f 1260/1260/1260 1282/1282/1282 1281/1281/1281
f 1261/1261/1261 1262/1262/1262 1283/1283/1283
f 1261/1261/1261 1283/1283/1283 1282/1282/1282
f 1262/1262/1262 1263/1263/1263 1284/1284/1284
f 1262/1262/1262 1284/1284/1284 1283/1283/1283
f 1263/1263/1263 1264/1264/1264 1285/1285/1285
f 1263/1263/1263 1285/1285/1285 1284/1284/1284
f 1264/1264/1264 1265/1265/1265 1286/1286/1286
f 1264/1264/1264 1286/1286/1286 1285/1285/1285
f 1265/1265/1265 1266/1266/1266 1287/1287/1287
f 1265/1265/1265 1287/1287/1287 1286/1286/1286
f 1266/1266/1266 1267/1267/1267 1288/1288/1288
f 1266/1266/1266 1288/1288/1288 1287/1287/1287
f 1267/1267/1267 1268/1268/1268 1289/1289/1289
f 1267/1267/1267 1289/1289/1289 1288/1288/1288
f 1269/1269/1269 1270/1270/1270 1291/1291/1291
f 1269/1269/1269 1291/1291/1291 1290/1290/1290
f 1270/1270/1270 1271/1271/1271 1292/1292/1292
f 1270/1270/1270 1292/1292/1292 1291/1291/1291
f 1271/1271/1271 1272/1272/1272 1293/1293/1293
f 1271/1271/1271 1293/1293/1293 1292/1292/1292
f 1272/1272/1272 1273/1273/1273 1294/1294/1294
f 1272/1272/1272 1294/1294/1294 1293/1293/1293
f 1273/1273/1273 1274/1274/1274 1295/1295/1295
f 1273/1273/1273 1295/1295/1295 1294/1294/1294
f 1274/1274/1274 1275/1275/1275 1296/1296/1296
f 1274/1274/1274 1296/1296/1296 1295/1295/1295
f 1275/1275/1275 1276/1276/1276 1297/1297/1297
f 1275/1275/1275 1297/1297/1297 1296/1296/1296
f 1276/1276/1276 1277/1277/1277 1298/1298/1298
f 1276/1276/1276 1298/1298/1298 1297/1297/1297
f 1277/1277/1277 1278/1278/1278 1299/1299/1299
f 1277/1277/1277 1299/1299/1299 1298/1298/1298
f 1278/1278/1278 1279/1279/1279 1300/1300/1300
f 1278/1278/1278 1300/1300/1300 1299/1299/1299
f 1279/1279/1279 1280/1280/1280 1301/1301/1301
f 1279/1279/1279 1301/1301/1301 1300/1300/1300
f 1280/1280/1280 1281/1281/1281 1302/1302/1302
f 1280/1280/1280 1302/1302/1302 1301/1301/1301
f 1281/1281/1281 1282/1282/1282 1303/1303/1303
f 1281/1281/1281 1303/1303/1303 1302/1302/1302
f 1282/1282/1282 1283/1283/1283 1304/1304/1304
f 1282/1282/1282 1304/1304/1304 1303/1303/1303
f 1283/1283/1283 1284/1284/1284 1305/1305/1305
f 1283/1283/1283 1305/1305/1305 1304/1304/1304
f 1284/1284/1284 1285/1285/1285 1306/1306/1306
f 1284/1284/1284 1306/1306/1306 1305/1305/1305
f 1285/1285/1285 1286/1286/1286 1307/1307/1307
f 1285/1285/1285 1307/1307/1307 1306/1306/1306
f 1286/1286/1286 1287/1287/1287 1308/1308/1308
f 1286/1286/1286 1308/1308/1308 1307/1307/1307
f 1287/1287/1287 1288/1288/1288 1309/1309/1309
f 1287/1287/1287 1309/1309/1309 1308/1308/1308
f 1288/1288/1288 1289/1289/1289 1310/1310/1310
f 1288/1288/1288 1310/1310/1310 1309/1309/1309
f 1290/1290/1290 1291/1291/1291 1312/1312/1312
f 1290/1290/1290 1312/1312/1312 1311/1311/1311
f 1291/1291/1291 1292/1292/1292 1313/1313/1313
f 1291/1291/1291 1313/1313/1313 1312/1312/1312
f 1292/1292/1292 1293/1293/1293 1314/1314/1314
f 1292/1292/1292 1314/1314/1314 1313/1313/1313
f 1293/1293/1293 1294/1294/1294 1315/1315/1315
f 1293/1293/1293 1315/1315/1315 1314/1314/1314
f 1294/1294/1294 1295/1295/1295 1316/1316/1316
f 1294/1294/1294 1316/1316/1316 1315/1315/1315
f 1295/1295/1295 1296/1296/1296 1317/1317/1317
f 1295/1295/1295 1317/1317/1317 1316/1316/1316
f 1296/1296/1296 1297/1297/1297 1318/1318/1318
f 1296/1296/1296 1318/1318/1318 1317/1317/1317
f 1297/1297/1297 1298/1298/1298 1319/1319/1319
f 1297/1297/1297 1319/1319/1319 1318/1318/1318
f 1298/1298/1298 1299/1299/1299 1320/1320/1320
f 1298/1298/1298 1320/1320/1320 1319/1319/1319
f 1299/1299/1299 1300/1300/1300 1321/1321/1321
f 1299/1299/1299 1321/1321/1321 1320/1320/1320
f 1300/1300/1300 1301/1301/1301 1322/1322/1322
f 1300/1300/1300 1322/1322/1322 1321/1321/1321
f 1301/1301/1301 1302/1302/1302 1323/1323/1323
f 1301/1301/1301 1323/1323/1323 1322/1322/1322
f 1302/1302/1302 1303/1303/1303 1324/1324/1324
f 1302/1302/1302 1324/1324/1324 1323/1323/1323
f 1303/1303/1303 1304/1304/1304 1325/1325/1325
f 1303/1303/1303 1325/1325/1325 1324/1324/1324
f 1304/1304/1304 1305/1305/1305 1326/1326/1326
f 1304/1304/1304 1326/1326/1326 1325/1325/1325
f 1305/1305/1305 1306/1306/1306 1327/1327/1327
f 1305/1305/1305 1327/1327/1327 1326/1326/1326
f 1306/1306/1306 1307/1307/1307 1328/1328/1328
f 1306/1306/1306 1328/1328/1328 1327/1327/1327
f 1307/1307/1307 1308/1308/1308 1329/1329/1329
f 1307/1307/1307 1329/1329/1329 1328/1328/1328
f 1308/1308/1308 1309/1309/1309 1330/1330/1330
f 1308/1308/1308 1330/1330/1330 1329/1329/1329
f 1309/1309/1309 1310/1310/1310 1331/1331/1331
f 1309/1309/1309 1331/1331/1331 1330/1330/1330
f 1311/1311/1311 1312/1312/1312 1333/1333/1333
f 1311/1311/1311 1333/1333/1333 1332/1332/1332
f 1312/1312/1312 1313/1313/1313 1334/1334/1334
f 1312/1312/1312 1334/1334/1334 1333/1333/1333
f 1313/1313/1313 1314/1314/1314 1335/1335/1335
f 1313/1313/1313 1335/1335/1335 1334/1334/1334
f 1314/1314/1314 1315/1315/1315 1336/1336/1336
f 1314/1314/1314 1336/1336/1336 1335/1335/1335
f 1315/1315/1315 1316/1316/1316 1337/1337/1337
f 1315/1315/1315 1337/1337/1337 1336/1336/1336
f 1316/1316/1316 1317/1317/1317 1338/1338/1338
f 1316/1316/1316 1338/1338/1338 1337/1337/1337
f 1317/1317/1317 1318/1318/1318 1339/1339/1339
f 1317/1317/1317 1339/1339/1339 1338/1338/1338
f 1318/1318/1318 1319/1319/1319 1340/1340/1340
f 1318/1318/1318 1340/1340/1340 1339/1339/1339
f 1319/1319/1319 1320/1320/1320 1341/1341/1341
f 1319/1319/1319 1341/1341/1341 1340/1340/1340
f 1320/1320/1320 1321/1321/1321 1342/1342/1342
f 1320/1320/1320 1342/1342/1342 1341/1341/1341
f 1321/1321/1321 1322/1322/1322 1343/1343/1343
f 1321/1321/1321 1343/1343/1343 1342/1342/1342
f 1322/1322/1322 1323/1323/1323 1344/1344/1344
f 1322/1322/1322 1344/1344/1344 1343/1343/1343
f 1323/1323/1323 1324/1324/1324 1345/1345/1345
f 1323/1323/1323 1345/1345/1345 1344/1344/1344
f 1324/1324/1324 1325/1325/1325 1346/1346/1346
f 1324/1324/1324 1346/1346/1346 1345/1345/1345
f 1325/1325/1325 1326/1326/1326 1347/1347/1347
f 1325/1325/1325 1347/1347/1347 1346/1346/1346
f 1326/1326/1326 1327/1327/1327 1348/1348/1348
f 1326/1326/1326 1348/1348/1348 1347/1347/1347
f 1327/1327/1327 1328/1328/1328 1349/1349/1349
f 1327/1327/1327 1349/1349/1349 1348/1348/1348
f 1328/1328/1328 1329/1329/1329 1350/1350/1350
f 1328/1328/1328 1350/1350/1350 1349/1349/1349
f 1329/1329/1329 1330/1330/1330 1351/1351/1351
f 1329/1329/1329 1351/1351/1351 1350/1350/1350
f 1330/1330/1330 1331/1331/1331 1352/1352/1352
f 1330/1330/1330 1352/1352/1352 1351/1351/1351
f 1332/1332/1332 1333/1333/1333 1354/1354/1354
f 1332/1332/1332 1354/1354/1354 1353/1353/1353
f 1333/1333/1333 1334/1334/1334 1355/1355/1355
f 1333/1333/1333 1355/1355/1355 1354/1354/1354
f 1334/1334/1334 1335/1335/1335 1356/1356/1356
f 1334/1334/1334 1356/1356/1356 1355/1355/1355
f 1335/1335/1335 1336/1336/1336 1357/1357/1357
f 1335/1335/1335 1357/1357/1357 1356/1356/1356
f 1336/1336/1336 1337/1337/1337 1358/1358/1358
f 1336/1336/1336 1358/1358/1358 1357/1357/1357
f 1337/1337/1337 1338/1338/1338 1359/1359/1359
f 1337/1337/1337 1359/1359/1359 1358/1358/1358
f 1338/1338/1338 1339/1339/1339 1360/1360/1360
f 1338/1338/1338 1360/1360/1360 1359/1359/1359
f 1339/1339/1339 1340/1340/1340 1361/1361/1361
f 1339/1339/1339 1361/1361/1361 1360/1360/1360
f 1340/1340/1340 1341/1341/1341 1362/1362/1362
f 1340/1340/1340 1362/1362/1362 1361/1361/1361
f 1341/1341/1341 1342/1342/1342 1363/1363/1363
f 1341/1341/1341 1363/1363/1363 1362/1362/1362
f 1342/1342/1342 1343/1343/1343 1364/1364/1364
f 1342/1342/1342 1364/1364/1364 1363/1363/1363
f 1343/1343/1343 1344/1344/1344 1365/1365/1365
f 1343/1343/1343 1365/1365/1365 1364/1364/1364
f 1344/1344/1344 1345/1345/1345 1366/1366/1366
f 1344/1344/1344 1366/1366/1366 1365/1365/1365
f 1345/1345/1345 1346/1346/1346 1367/1367/1367
f 1345/1345/1345 1367/1367/1367 1366/1366/1366
f 1346/1346/1346 1347/1347/1347 1368/1368/1368
f 1346/1346/1346 1368/1368/1368 1367/1367/1367
f 1347/1347/1347 1348/1348/1348 1369/1369/1369
f 1347/1347/1347 1369/1369/1369 1368/1368/1368
f 1348/1348/1348 1349/1349/1349 1370/1370/1370
f 1348/1348/1348 1370/1370/1370 1369/1369/1369
f 1349/1349/1349 1350/1350/1350 1371/1371/1371
f 1349/1349/1349 1371/1371/1371 1370/1370/1370
f 1350/1350/1350 1351/1351/1351 1372/1372/1372
f 1350/1350/1350 1372/1372/1372 1371/1371/1371
f 1351/1351/1351 1352/1352/1352 1373/1373/1373
f 1351/1351/1351 1373/1373/1373 1372/1372/1372
f 1353/1353/1353 1354/1354/1354 1375/1375/1375
f 1353/1353/1353 1375/1375/1375 1374/1374/1374
f 1354/1354/1354 1355/1355/1355 1376/1376/1376
f 1354/1354/1354 1376/1376/1376 1375/1375/1375
f 1355/1355/1355 1356/1356/1356 1377/1377/1377
f 1355/1355/1355 1377/1377/1377 1376/1376/1376
f 1356/1356/1356 1357/1357/1357 1378/1378/1378
f 1356/1356/1356 1378/1378/1378 1377/1377/1377
f 1357/1357/1357 1358/1358/1358 1379/1379/1379
f 1357/1357/1357 1379/1379/1379 1378/1378/1378
f 1358/1358/1358 1359/1359/1359 1380/1380/1380
f 1358/1358/1358 1380/1380/1380 1379/1379/1379
f 1359/1359/1359 1360/1360/1360 1381/1381/1381
f 1359/1359/1359 1381/1381/1381 1380/1380/1380
f 1360/1360/1360 1361/1361/1361 1382/1382/1382
f 1360/1360/1360 1382/1382/1382 1381/1381/1381
f 1361/1361/1361 1362/1362/1362 1383/1383/1383
f 1361/1361/1361 1383/1383/1383 1382/1382/1382
f 1362/1362/1362 1363/1363/1363 1384/1384/1384
f 1362/1362/1362 1384/1384/1384 1383/1383/1383
f 1363/1363/1363 1364/1364/1364 1385/1385/1385
f 1363/1363/1363 1385/1385/1385 1384/1384/1384
f 1364/1364/1364 1365/1365/1365 1386/1386/1386
f 1364/1364/1364 1386/1386/1386 1385/1385/1385
f 1365/1365/1365 1366/1366/1366 1387/1387/1387
f 1365/1365/1365 1387/1387/1387 1386/1386/1386
f 1366/1366/1366 1367/1367/1367 1388/1388/1388
f 1366/1366/1366 1388/1388/1388 1387/1387/1387
f 1367/1367/1367 1368/1368/1368 1389/1389/1389
f 1367/1367/1367 1389/1389/1389 1388/1388/1388
f 1368/1368/1368 1369/1369/1369 1390/1390/1390
f 1368/1368/1368 1390/1390/1390 1389/1389/1389
f 1369/1369/1369 1370/1370/1370 1391/1391/1391
f 1369/1369/1369 1391/1391/1391 1390/1390/1390
f 1370/1370/1370 1371/1371/1371 1392/1392/1392
f 1370/1370/1370 1392/1392/1392 1391/1391/1391
f 1371/1371/1371 1372/1372/1372 1393/1393/1393
f 1371/1371/1371 1393/1393/1393 1392/1392/1392
f 1372/1372/1372 1373/1373/1373 1394/1394/1394
f 1372/1372/1372 1394/1394/1394 1393/1393/1393
f 1374/1374/1374 1375/1375/1375 1396/1396/1396
f 1374/1374/1374 1396/1396/1396 1395/1395/1395
f 1375/1375/1375 1376/1376/1376 1397/1397/1397
f 1375/1375/1375 1397/1397/1397 1396/1396/1396
f 1376/1376/1376 1377/1377/1377 1398/1398/1398
f 1376/1376/1376 1398/1398/1398 1397/1397/1397
f 1377/1377/1377 1378/1378/1378 1399/1399/1399
f 1377/1377/1377 1399/1399/1399 1398/1398/1398
f 1378/1378/1378 1379/1379/1379 1400/1400/1400
f 1378/1378/1378 1400/1400/1400 1399/1399/1399
f 1379/1379/1379 1380/1380/1380 1401/1401/1401
f 1379/1379/1379 1401/1401/1401 1400/1400/1400
f 1380/1380/1380 1381/1381/1381 1402/1402/1402
f 1380/1380/1380 1402/1402/1402 1401/1401/1401
f 1381/1381/1381 1382/1382/1382 1403/1403/1403
f 1381/1381/1381 1403/1403/1403 1402/1402/1402
f 1382/1382/1382 1383/1383/1383 1404/1404/1404
f 1382/1382/1382 1404/1404/1404 1403/1403/1403
f 1383/1383/1383 1384/1384/1384 1405/1405/1405
f 1383/1383/1383 1405/1405/1405 1404/1404/1404
f 1384/1384/1384 1385/1385/1385 1406/1406/1406
f 1384/1384/1384 1406/1406/1406 1405/1405/1405
f 1385/1385/1385 1386/1386/1386 1407/1407/1407
f 1385/1385/1385 1407/1407/1407 1406/1406/1406
f 1386/1386/1386 1387/1387/1387 1408/1408/1408
f 1386/1386/1386 1408/1408/1408 1407/1407/1407
f 1387/1387/1387 1388/1388/1388 1409/1409/1409
f 1387/1387/1387 1409/1409/1409 1408/1408/1408
f 1388/1388/1388 1389/1389/1389 1410/1410/1410
f 1388/1388/1388 1410/1410/1410 1409/1409/1409
f 1389/1389/1389 1390/1390/1390 1411/1411/1411
f 1389/1389/1389 1411/1411/1411 1410/1410/1410
f 1390/1390/1390 1391/1391/1391 1412/1412/1412
f 1390/1390/1390 1412/1412/1412 1411/1411/1411
f 1391/1391/1391 1392/1392/1392 1413/1413/1413
f 1391/1391/1391 1413/1413/1413 1412/1412/1412
f 1392/1392/1392 1393/1393/1393 1414/1414/1414
f 1392/1392/1392 1414/1414/1414 1413/1413/1413
f 1393/1393/1393 1394/1394/1394 1415/1415/1415
f 1393/1393/1393 1415/1415/1415 1414/1414/1414
f 1395/1395/1395 1396/1396/1396 1417/1417/1417
f 1395/1395/1395 1417/1417/1417 1416/1416/1416
f 1396/1396/1396 1397/1397/1397 1418/1418/1418
f 1396/1396/1396 1418/1418/1418 1417/1417/1417
f 1397/1397/1397 1398/1398/1398 1419/1419/1419
f 1397/1397/1397 1419/1419/1419 1418/1418/1418
f 1398/1398/1398 1399/1399/1399 1420/1420/1420
f 1398/1398/1398 1420/1420/1420 1419/1419/1419
f 1399/1399/1399 1400/1400/1400 1421/1421/1421
f 1399/1399/1399 1421/1421/1421 1420/1420/1420
f 1400/1400/1400 1401/1401/1401 1422/1422/1422
f 1400/1400/1400 1422/1422/1422 1421/1421/1421
f 1401/1401/1401 1402/1402/1402 1423/1423/1423
f 1401/1401/1401 1423/1423/1423 1422/1422/1422
f 1402/1402/1402 1403/1403/1403 1424/1424/1424
f 1402/1402/1402 1424/1424/1424 1423/1423/1423
f 1403/1403/1403 1404/1404/1404 1425/1425/1425
f 1403/1403/1403 1425/1425/1425 1424/1424/1424
f 1404/1404/1404 1405/1405/1405 1426/1426/1426
f 1404/1404/1404 1426/1426/1426 1425/1425/1425
f 1405/1405/1405 1406/1406/1406 1427/1427/1427
f 1405/1405/1405 1427/1427/1427 1426/1426/1426
f 1406/1406/1406 1407/1407/1407 1428/1428/1428
f 1406/1406/1406 1428/1428/1428 1427/1427/1427
f 1407/1407/1407 1408/1408/1408 1429/1429/1429
f 1407/1407/1407 1429/1429/1429 1428/1428/1428
f 1408/1408/1408 1409/1409/1409 1430/1430/1430
f 1408/1408/1408 1430/1430/1430 1429/1429/1429
f 1409/1409/1409 1410/1410/1410 1431/1431/1431
f 1409/1409/1409 1431/1431/1431 1430/1430/1430
f 1410/1410/1410 1411/1411/1411 1432/1432/1432
f 1410/1410/1410 1432/1432/1432 1431/1431/1431
f 1411/1411/1411 1412/1412/1412 1433/1433/1433
f 1411/1411/1411 1433/1433/1433 1432/1432/1432
f 1412/1412/1412 1413/1413/1413 1434/1434/1434
f 1412/1412/1412 1434/1434/1434 1433/1433/1433
f 1413/1413/1413 1414/1414/1414 1435/1435/1435
f 1413/1413/1413 1435/1435/1435 1434/1434/1434
f 1414/1414/1414 1415/1415/1415 1436/1436/1436
f 1414/1414/1414 1436/1436/1436 1435/1435/1435
f 1416/1416/1416 1417/1417/1417 1437/1437/1437
f 1417/1417/1417 1418/1418/1418 1437/1437/1437
f 1418/1418/1418 1419/1419/1419 1437/1437/1437
f 1419/1419/1419 1420/1420/1420 1437/1437/1437
f 1420/1420/1420 1421/1421/1421 1437/1437/1437
f 1421/1421/1421 1422/1422/1422 1437/1437/1437
f 1422/1422/1422 1423/1423/1423 1437/1437/1437
f 1423/1423/1423 1424/1424/1424 1437/1437/1437
f 1424/1424/1424 1425/1425/1425 1437/1437/1437
f 1425/1425/1425 1426/1426/1426 1437/1437/1437
f 1426/1426/1426 1427/1427/1427 1437/1437/1437
f 1427/1427/1427 1428/1428/1428 1437/1437/1437
f 1428/1428/1428 1429/1429/1429 1437/1437/1437
f 1429/1429/1429 1430/1430/1430 1437/1437/1437
f 1430/1430/1430 1431/1431/1431 1437/1437/1437
f 1431/1431/1431 1432/1432/1432 1437/1437/1437
f 1432/1432/1432 1433/1433/1433 1437/1437/1437
f 1433/1433/1433 1434/1434/1434 1437/1437/1437
f 1434/1434/1434 1435/1435/1435 1437/1437/1437
f 1435/1435/1435 1436/1436/1436 1437/1437/1437
o Reptile_muzzle
v 13.214830 58.327443 -1.238201
v 14.281402 58.441081 -1.238201
v 14.229200 58.441081 -1.749046
v 14.077705 58.441081 -2.209887
v 13.841745 58.441081 -2.575612
v 13.544419 58.441081 -2.810422
v 13.214830 58.441081 -2.891332
v 12.885241 58.441081 -2.810422
v 12.587915 58.441081 -2.575612
v 12.351955 58.441081 -2.209887
v 12.200460 58.441081 -1.749046
v 12.148258 58.441081 -1.238201
v 12.200460 58.441081 -0.727355
v 12.351955 58.441081 -0.266514
v 12.587915 58.441081 0.099211
v 12.885241 58.441081 0.334021
v 13.214830 58.441081 0.414931
v 13.544419 58.441081 0.334021
v 13.841745 58.441081 0.099211
v 14.077705 58.441081 -0.266514
v 14.229200 58.441081 -0.727355
v 14.281402 58.441081 -1.238201
v 15.275288 58.774250 -1.238201
v 15.174442 58.774250 -2.225079
v 14.881776 58.774250 -3.115354
v 14.425937 58.774250 -3.821881
v 13.851547 58.774250 -4.275499
v 13.214830 58.774250 -4.431805
v 12.578113 58.774250 -4.275499
v 12.003723 58.774250 -3.821881
v 11.547884 58.774250 -3.115354
v 11.255218 58.774250 -2.225079
v 11.154372 58.774250 -1.238201
v 11.255218 58.774250 -0.251322
v 11.547884 58.774250 0.638953
v 12.003723 58.774250 1.345480
v 12.578113 58.774250 1.799098
v 13.214830 58.774250 1.955404
v 13.851547 58.774250 1.799098
v 14.425937 58.774250 1.345480
v 14.881776 58.774250 0.638953
v 15.174442 58.774250 -0.251322
v 15.275288 58.774250 -1.238201
v 16.128758 59.304246 -1.238201
v 15.986140 59.304246 -2.633857
v 15.572247 59.304246 -3.892897
v 14.927594 59.304246 -4.892077
v 14.115283 59.304246 -5.533590
v 13.214830 59.304246 -5.754640
v 12.314377 59.304246 -5.533590
v 11.502066 59.304246 -4.892077
v 10.857413 59.304246 -3.892897
v 10.443520 59.304246 -2.633857
v 10.300902 59.304246 -1.238201
v 10.443520 59.304246 0.157456
v 10.857413 59.304246 1.416496
v 11.502066 59.304246 2.415676
v 12.314377 59.304246 3.057189
v 13.214830 59.304246 3.278239
v 14.115283 59.304246 3.057189
v 14.927594 59.304246 2.415676
v 15.572247 59.304246 1.416496
v 15.986140 59.304246 0.157456
v 16.128758 59.304246 -1.238201
v 16.783649 59.994951 -1.238201
v 16.608978 59.994951 -2.947524
v 16.102065 59.994951 -4.489526
v 15.312529 59.994951 -5.713267
v 14.317656 59.994951 -6.498956
v 13.214830 59.994951 -6.769686
v 12.112004 59.994951 -6.498956
v 11.117131 59.994951 -5.713267
v 10.327595 59.994951 -4.489526
v 9.820682 59.994951 -2.947524
v 9.646011 59.994951 -1.238201
v 9.820682 59.994951 0.471123
v 10.327595 59.994951 2.013125
v 11.117131 59.994951 3.236866
v 12.112004 59.994951 4.022555
v 13.214830 59.994951 4.293285
v 14.317656 59.994951 4.022555
v 15.312529 59.994951 3.236866
v 16.102065 59.994951 2.013125
v 16.608978 59.994951 0.471123
v 16.783649 59.994951 -1.238201
v 17.195330 60.799293 -1.238201
v 17.000510 60.799293 -3.144703
v 16.435122 60.799293 -4.864583
v 15.554509 60.799293 -6.229488
v 14.444872 60.799293 -7.105811
v 13.214830 60.799293 -7.407771
v 11.984788 60.799293 -7.105811
v 10.875151 60.799293 -6.229488
v 9.994538 60.799293 -4.864583
v 9.429150 60.799293 -3.144703
v 9.234330 60.799293 -1.238201
v 9.429150 60.799293 0.668302
v 9.994538 60.799293 2.388182
v 10.875151 60.799293 3.753087
v 11.984788 60.799293 4.629410
v 13.214830 60.799293 4.931370
v 14.444872 60.799293 4.629410
v 15.554509 60.799293 3.753087
v 16.435122 60.799293 2.388182
v 17.000510 60.799293 0.668302
v 17.195330 60.799293 -1.238201
v 17.335747 61.662459 -1.238201
v 17.134055 61.662459 -3.211957
v 16.548722 61.662459 -4.992508
v 15.637044 61.662459 -6.405562
v 14.488263 61.662459 -7.312798
v 13.214830 61.662459 -7.625410
v 11.941397 61.662459 -7.312798
v 10.792616 61.662459 -6.405562
v 9.880938 61.662459 -4.992508
v 9.295605 61.662459 -3.211957
v 9.093913 61.662459 -1.238201
v 9.295605 61.662459 0.735556
v 9.880938 61.662459 2.516107
v 10.792616 61.662459 3.929161
v 11.941397 61.662459 4.836397
v 13.214830 61.662459 5.149009
v 14.488263 61.662459 4.836397
v 15.637044 61.662459 3.929161
v 16.548722 61.662459 2.516107
v 17.134055 61.662459 0.735556
v 17.335747 61.662459 -1.238201
v 17.195330 62.525625 -1.238201
v 17.000510 62.525625 -3.144703
v 16.435122 62.525625 -4.864583
v 15.554509 62.525625 -6.229488
v 14.444872 62.525625 -7.105811
v 13.214830 62.525625 -7.407771
v 11.984788 62.525625 -7.105811
v 10.875151 62.525625 -6.229488
v 9.994538 62.525625 -4.864583
v 9.429150 62.525625 -3.144703
v 9.234330 62.525625 -1.238201
v 9.429150 62.525625 0.668302
v 9.994538 62.525625 2.388182
v 10.875151 62.525625 3.753087
v 11.984788 62.525625 4.629410
v 13.214830 62.525625 4.931370
v 14.444872 62.525625 4.629410
v 15.554509 62.525625 3.753087
v 16.435122 62.525625 2.388182
v 17.000510 62.525625 0.668302
v 17.195330 62.525625 -1.238201
v 16.783649 63.329967 -1.238201
v 16.608978 63.329967 -2.947524
v 16.102065 63.329967 -4.489526
v 15.312529 63.329967 -5.713267
v 14.317656 63.329967 -6.498956
v 13.214830 63.329967 -6.769686
v 12.112004 63.329967 -6.498956
v 11.117131 63.329967 -5.713267
v 10.327595 63.329967 -4.489526
v 9.820682 63.329967 -2.947524
v 9.646011 63.329967 -1.238201
v 9.820682 63.329967 0.471123
v 10.327595 63.329967 2.013125
v 11.117131 63.329967 3.236866
v 12.112004 63.329967 4.022555
v 13.214830 63.329967 4.293285
v 14.317656 63.329967 4.022555
v 15.312529 63.329967 3.236866
v 16.102065 63.329967 2.013125
v 16.608978 63.329967 0.471123
v 16.783649 63.329967 -1.238201
v 16.128758 64.020672 -1.238201
v 15.986140 64.020672 -2.633857
v 15.572247 64.020672 -3.892897
v 14.927594 64.020672 -4.892077
v 14.115283 64.020672 -5.533590
v 13.214830 64.020672 -5.754640
v 12.314377 64.020672 -5.533590
v 11.502066 64.020672 -4.892077
v 10.857413 64.020672 -3.892897
v 10.443520 64.020672 -2.633857
v 10.300902 64.020672 -1.238201
v 10.443520 64.020672 0.157456
v 10.857413 64.020672 1.416496
v 11.502066 64.020672 2.415676
v 12.314377 64.020672 3.057189
v 13.214830 64.020672 3.278239
v 14.115283 64.020672 3.057189
v 14.927594 64.020672 2.415676
v 15.572247 64.020672 1.416496
v 15.986140 64.020672 0.157456
v 16.128758 64.020672 -1.238201
v 15.275288 64.550668 -1.238201
v 15.174442 64.550668 -2.225079
v 14.881776 64.550668 -3.115354
v 14.425937 64.550668 -3.821881
v 13.851547 64.550668 -4.275499
v 13.214830 64.550668 -4.431805
v 12.578113 64.550668 -4.275499
v 12.003723 64.550668 -3.821881
v 11.547884 64.550668 -3.115354
v 11.255218 64.550668 -2.225079
v 11.154372 64.550668 -1.238201
v 11.255218 64.550668 -0.251322
v 11.547884 64.550668 0.638953
v 12.003723 64.550668 1.345480
v 12.578113 64.550668 1.799098
v 13.214830 64.550668 1.955404
v 13.851547 64.550668 1.799098
v 14.425937 64.550668 1.345480
v 14.881776 64.550668 0.638953
v 15.174442 64.550668 -0.251322
v 15.275288 64.550668 -1.238201
v 14.281402 64.883838 -1.238201
v 14.229200 64.883838 -1.749046
v 14.077705 64.883838 -2.209887
v 13.841745 64.883838 -2.575612
v 13.544419 64.883838 -2.810422
v 13.214830 64.883838 -2.891332
v 12.885241 64.883838 -2.810422
v 12.587915 64.883838 -2.575612
v 12.351955 64.883838 -2.209887
v 12.200460 64.883838 -1.749046
v 12.148258 64.883838 -1.238201
v 12.200460 64.883838 -0.727355
v 12.351955 64.883838 -0.266514
v 12.587915 64.883838 0.099211
v 12.885241 64.883838 0.334021
v 13.214830 64.883838 0.414931
v 13.544419 64.883838 0.334021
v 13.841745 64.883838 0.099211
v 14.077705 64.883838 -0.266514
v 14.229200 64.883838 -0.727355
v 14.281402 64.883838 -1.238201
v 13.214830 64.997475 -1.238201
vt 0.5000000 0.6996875
vt 0.0865625 0.8056375
vt 0.1279062 0.8056375
vt 0.1692500 0.8056375
vt 0.2105938 0.8056375
vt 0.2519375 0.8056375
vt 0.2932813 0.8056375
vt 0.3346250 0.8056375
vt 0.3759688 0.8056375
vt 0.4173125 0.8056375
vt 0.4586563 0.8056375
vt 0.5000000 0.8056375
vt 0.5413438 0.8056375
vt 0.5826875 0.8056375
vt 0.6240313 0.8056375
vt 0.6653750 0.8056375
vt 0.7067187 0.8056375
vt 0.7480625 0.8056375
vt 0.7894062 0.8056375
vt 0.8307500 0.8056375
vt 0.8720937 0.8056375
vt 0.9134375 0.8056375
vt 0.0865625 0.7946797
vt 0.1279062 0.7946797
vt 0.1692500 0.7946797
vt 0.2105938 0.7946797
vt 0.2519375 0.7946797
vt 0.2932813 0.7946797
vt 0.3346250 0.7946797
vt 0.3759688 0.7946797
vt 0.4173125 0.7946797
vt 0.4586563 0.7946797
vt 0.5000000 0.7946797
vt 0.5413438 0.7946797
vt 0.5826875 0.7946797
vt 0.6240313 0.7946797
vt 0.6653750 0.7946797
vt 0.7067187 0.7946797
vt 0.7480625 0.7946797
vt 0.7894062 0.7946797
vt 0.8307500 0.7946797
vt 0.8720937 0.7946797
vt 0.9134375 0.7946797
vt 0.0865625 0.7772483
vt 0.1279062 0.7772483
vt 0.1692500 0.7772483
vt 0.2105938 0.7772483
vt 0.2519375 0.7772483
vt 0.2932813 0.7772483
vt 0.3346250 0.7772483
vt 0.3759688 0.7772483
vt 0.4173125 0.7772483
vt 0.4586563 0.7772483
vt 0.5000000 0.7772483
vt 0.5413438 0.7772483
vt 0.5826875 0.7772483
vt 0.6240313 0.7772483
vt 0.6653750 0.7772483
vt 0.7067187 0.7772483
vt 0.7480625 0.7772483
vt 0.7894062 0.7772483
vt 0.8307500 0.7772483
vt 0.8720937 0.7772483
vt 0.9134375 0.7772483
vt 0.0865625 0.7545312
vt 0.1279062 0.7545312
vt 0.1692500 0.7545312
vt 0.2105938 0.7545312
vt 0.2519375 0.7545312
vt 0.2932813 0.7545312
vt 0.3346250 0.7545312
vt 0.3759688 0.7545312
vt 0.4173125 0.7545312
vt 0.4586563 0.7545312
vt 0.5000000 0.7545312
vt 0.5413438 0.7545312
vt 0.5826875 0.7545312
vt 0.6240313 0.7545312
vt 0.6653750 0.7545312
vt 0.7067187 0.7545312
vt 0.7480625 0.7545312
vt 0.7894062 0.7545312
vt 0.8307500 0.7545312
vt 0.8720937 0.7545312
vt 0.9134375 0.7545312
vt 0.0865625 0.7280767
vt 0.1279062 0.7280767
vt 0.1692500 0.7280767
vt 0.2105938 0.7280767
vt 0.2519375 0.7280767
vt 0.2932813 0.7280767
vt 0.3346250 0.7280767
vt 0.3759688 0.7280767
vt 0.4173125 0.7280767
vt 0.4586563 0.7280767
vt 0.5000000 0.7280767
vt 0.5413438 0.7280767
vt 0.5826875 0.7280767
vt 0.6240313 0.7280767
vt 0.6653750 0.7280767
vt 0.7067187 0.7280767
vt 0.7480625 0.7280767
vt 0.7894062 0.7280767
vt 0.8307500 0.7280767
vt 0.8720937 0.7280767
vt 0.9134375 0.7280767
vt 0.0865625 0.6996875
vt 0.1279062 0.6996875
vt 0.1692500 0.6996875
vt 0.2105938 0.6996875
vt 0.2519375 0.6996875
vt 0.2932813 0.6996875
vt 0.3346250 0.6996875
vt 0.3759688 0.6996875
vt 0.4173125 0.6996875
vt 0.4586563 0.6996875
vt 0.5000000 0.6996875
vt 0.5413438 0.6996875
vt 0.5826875 0.6996875
vt 0.6240313 0.6996875
vt 0.6653750 0.6996875
vt 0.7067187 0.6996875
vt 0.7480625 0.6996875
vt 0.7894062 0.6996875
vt 0.8307500 0.6996875
vt 0.8720937 0.6996875
vt 0.9134375 0.6996875
vt 0.0865625 0.6712983
vt 0.1279062 0.6712983
vt 0.1692500 0.6712983
vt 0.2105938 0.6712983
vt 0.2519375 0.6712983
vt 0.2932813 0.6712983
vt 0.3346250 0.6712983
vt 0.3759688 0.6712983
vt 0.4173125 0.6712983
vt 0.4586563 0.6712983
vt 0.5000000 0.6712983
vt 0.5413438 0.6712983
vt 0.5826875 0.6712983
vt 0.6240313 0.6712983
vt 0.6653750 0.6712983
vt 0.7067187 0.6712983
vt 0.7480625 0.6712983
vt 0.7894062 0.6712983
vt 0.8307500 0.6712983
vt 0.8720937 0.6712983
vt 0.9134375 0.6712983
vt 0.0865625 0.6448438
vt 0.1279062 0.6448438
vt 0.1692500 0.6448438
vt 0.2105938 0.6448438
vt 0.2519375 0.6448438
vt 0.2932813 0.6448438
vt 0.3346250 0.6448438
vt 0.3759688 0.6448438
vt 0.4173125 0.6448438
vt 0.4586563 0.6448438
vt 0.5000000 0.6448438
vt 0.5413438 0.6448438
vt 0.5826875 0.6448438
vt 0.6240313 0.6448438
vt 0.6653750 0.6448438
vt 0.7067187 0.6448438
vt 0.7480625 0.6448438
vt 0.7894062 0.6448438
vt 0.8307500 0.6448438
vt 0.8720937 0.6448438
vt 0.9134375 0.6448438
vt 0.0865625 0.6221267
vt 0.1279062 0.6221267
vt 0.1692500 0.6221267
vt 0.2105938 0.6221267
vt 0.2519375 0.6221267
vt 0.2932813 0.6221267
vt 0.3346250 0.6221267
vt 0.3759688 0.6221267
vt 0.4173125 0.6221267
vt 0.4586563 0.6221267
vt 0.5000000 0.6221267
vt 0.5413438 0.6221267
vt 0.5826875 0.6221267
vt 0.6240313 0.6221267
vt 0.6653750 0.6221267
vt 0.7067187 0.6221267
vt 0.7480625 0.6221267
vt 0.7894062 0.6221267
vt 0.8307500 0.6221267
vt 0.8720937 0.6221267
vt 0.9134375 0.6221267
vt 0.0865625 0.6046953
vt 0.1279062 0.6046953
vt 0.1692500 0.6046953
vt 0.2105938 0.6046953
vt 0.2519375 0.6046953
vt 0.2932813 0.6046953
vt 0.3346250 0.6046953
vt 0.3759688 0.6046953
vt 0.4173125 0.6046953
vt 0.4586563 0.6046953
vt 0.5000000 0.6046953
vt 0.5413438 0.6046953
vt 0.5826875 0.6046953
vt 0.6240313 0.6046953
vt 0.6653750 0.6046953
vt 0.7067187 0.6046953
vt 0.7480625 0.6046953
vt 0.7894062 0.6046953
vt 0.8307500 0.6046953
vt 0.8720937 0.6046953
vt 0.9134375 0.6046953
vt 0.0865625 0.5937375
vt 0.1279062 0.5937375
vt 0.1692500 0.5937375
vt 0.2105938 0.5937375
vt 0.2519375 0.5937375
vt 0.2932813 0.5937375
vt 0.3346250 0.5937375
vt 0.3759688 0.5937375
vt 0.4173125 0.5937375
vt 0.4586563 0.5937375
vt 0.5000000 0.5937375
vt 0.5413438 0.5937375
vt 0.5826875 0.5937375
vt 0.6240313 0.5937375
vt 0.6653750 0.5937375
vt 0.7067187 0.5937375
vt 0.7480625 0.5937375
vt 0.7894062 0.5937375
vt 0.8307500 0.5937375
vt 0.8720937 0.5937375
vt 0.9134375 0.5937375
vt 0.5000000 0.6996875
vn -0.0000000 -1.0000000 -0.0000000
vn 0.2465978 -0.9690605 -0.0105507
vn 0.2300231 -0.9713743 -0.0593404
vn 0.1912767 -0.9761382 -0.1027980
vn 0.1334201 -0.9815920 -0.1366613
vn 0.0616877 -0.9856354 -0.1572179
vn -0.0166498 -0.9866521 -0.1619888
vn -0.0931916 -0.9842276 -0.1503706
vn -0.1598551 -0.9793449 -0.1238138
vn -0.2101643 -0.9739283 -0.0854082
vn -0.2398207 -0.9700267 -0.0391696
vn -0.2465978 -0.9690605 0.0105507
vn -0.2300231 -0.9713743 0.0593404
vn -0.1912767 -0.9761382 0.1027980
vn -0.1334201 -0.9815920 0.1366613
vn -0.0616877 -0.9856354 0.1572179
vn 0.0166498 -0.9866521 0.1619888
vn 0.0931916 -0.9842276 0.1503706
vn 0.1598551 -0.9793449 0.1238138
vn 0.2101643 -0.9739283 0.0854082
vn 0.2398207 -0.9700267 0.0391696
vn 0.2465978 -0.9690605 -0.0105507
vn 0.4392444 -0.8983144 -0.0097804
vn 0.4157787 -0.9042231 -0.0975121
vn 0.3540624 -0.9180636 -0.1783227
vn 0.2560143 -0.9351975 -0.2446678
vn 0.1281666 -0.9490351 -0.2879334
vn -0.0160912 -0.9535462 -0.3008169
vn -0.1582261 -0.9466244 -0.2808323
vn -0.2804281 -0.9314731 -0.2317715
vn -0.3708457 -0.9145394 -0.1615273
vn -0.4242284 -0.9021373 -0.0786046
vn -0.4392444 -0.8983144 0.0097804
vn -0.4157787 -0.9042231 0.0975121
vn -0.3540624 -0.9180636 0.1783227
vn -0.2560143 -0.9351975 0.2446678
vn -0.1281666 -0.9490351 0.2879334
vn 0.0160912 -0.9535462 0.3008169
vn 0.1582261 -0.9466244 0.2808323
vn 0.2804281 -0.9314731 0.2317715
vn 0.3708457 -0.9145394 0.1615273
vn 0.4242284 -0.9021373 0.0786046
vn 0.4392444 -0.8983144 -0.0097804
vn 0.6377806 -0.7701724 -0.0083853
vn 0.6103845 -0.7801874 -0.1368879
vn 0.5318891 -0.8058572 -0.2601694
vn 0.3975405 -0.8403003 -0.3685878
vn 0.2088282 -0.8706684 -0.4453395
vn -0.0148823 -0.8819096 -0.4711836
vn -0.2359193 -0.8675209 -0.4378922
vn -0.4181998 -0.8357346 -0.3558886
vn -0.5451360 -0.8018276 -0.2447432
vn -0.6167241 -0.7779203 -0.1203800
vn -0.6377806 -0.7701724 0.0083853
vn -0.6103845 -0.7801874 0.1368879
vn -0.5318891 -0.8058572 0.2601694
vn -0.3975405 -0.8403003 0.3685878
vn -0.2088282 -0.8706684 0.4453395
vn 0.0148823 -0.8819096 0.4711836
vn 0.2359193 -0.8675209 0.4378922
vn 0.4181998 -0.8357346 0.3558886
vn 0.5451360 -0.8018276 0.2447432
vn 0.6167241 -0.7779203 0.1203800
vn 0.6377806 -0.7701724 -0.0083853
vn 0.8182470 -0.5748327 -0.0062585
vn 0.7912029 -0.5866981 -0.1725783
vn 0.7074383 -0.6196477 -0.3399526
vn 0.5500383 -0.6683071 -0.5008228
vn 0.3036292 -0.7164075 -0.6281477
vn -0.0124279 -0.7364658 -0.6763606
vn -0.3252517 -0.7133962 -0.6207070
vn -0.5649312 -0.6643618 -0.4893630
vn -0.7160736 -0.6164990 -0.3273647
vn -0.7950694 -0.5850407 -0.1599750
vn -0.8182470 -0.5748327 0.0062585
vn -0.7912029 -0.5866981 0.1725783
vn -0.7074383 -0.6196477 0.3399526
vn -0.5500383 -0.6683071 0.5008228
vn -0.3036292 -0.7164075 0.6281477
vn 0.0124279 -0.7364658 0.6763606
vn 0.3252517 -0.7133962 0.6207070
vn 0.5649312 -0.6643618 0.4893630
vn 0.7160736 -0.6164990 0.3273647
vn 0.7950694 -0.5850407 0.1599750
vn 0.8182470 -0.5748327 -0.0062585
vn 0.9504632 -0.3108188 -0.0033840
vn 0.9267722 -0.3192405 -0.1979362
vn 0.8483145 -0.3442833 -0.4022829
vn 0.6865737 -0.3849034 -0.6168192
vn 0.3998760 -0.4304813 -0.8091879
vn -0.0076291 -0.4520899 -0.8919397
vn -0.4123429 -0.4290758 -0.8036587
vn -0.6941434 -0.3832801 -0.6093122
vn -0.8522552 -0.3431201 -0.3948793
vn -0.9284279 -0.3186660 -0.1909807
vn -0.9504632 -0.3108188 0.0033840
vn -0.9267722 -0.3192405 0.1979362
vn -0.8483145 -0.3442833 0.4022829
vn -0.6865737 -0.3849034 0.6168192
vn -0.3998760 -0.4304813 0.8091879
vn 0.0076291 -0.4520899 0.8919397
vn 0.4123429 -0.4290758 0.8036587
vn 0.6941434 -0.3832801 0.6093122
vn 0.8522552 -0.3431201 0.3948793
vn 0.9284279 -0.3186660 0.1909807
vn 0.9504632 -0.3108188 -0.0033840
vn 1.0000000 -0.0000000 0.0000000
vn 0.9787258 -0.0000000 -0.2051728
vn 0.9054580 0.0000000 -0.4244358
vn 0.7477327 -0.0000000 -0.6639999
vn 0.4497903 -0.0000000 -0.8931342
vn 0.0000000 0.0000000 -1.0000000
vn -0.4497903 -0.0000000 -0.8931342
vn -0.7477327 -0.0000000 -0.6639999
vn -0.9054580 0.0000000 -0.4244358
vn -0.9787258 0.0000000 -0.2051728
vn -1.0000000 -0.0000000 -0.0000000
vn -0.9787258 0.0000000 0.2051728
vn -0.9054580 -0.0000000 0.4244358
vn -0.7477327 0.0000000 0.6639999
vn -0.4497903 0.0000000 0.8931342
vn -0.0000000 0.0000000 1.0000000
vn 0.4497903 0.0000000 0.8931342
vn 0.7477327 0.0000000 0.6639999
vn 0.9054580 -0.0000000 0.4244358
vn 0.9787258 0.0000000 0.2051728
vn 1.0000000 -0.0000000 0.0000000
vn 0.9504632 0.3108188 0.0033840
vn 0.9284279 0.3186660 -0.1909807
vn 0.8522552 0.3431201 -0.3948793
vn 0.6941434 0.3832801 -0.6093122
vn 0.4123429 0.4290758 -0.8036587
vn 0.0076291 0.4520899 -0.8919397
vn -0.3998760 0.4304813 -0.8091879
vn -0.6865737 0.3849034 -0.6168192
vn -0.8483145 0.3442833 -0.4022829
vn -0.9267722 0.3192405 -0.1979362
vn -0.9504632 0.3108188 -0.0033840
vn -0.9284279 0.3186660 0.1909807
vn -0.8522552 0.3431201 0.3948793
vn -0.6941434 0.3832801 0.6093122
vn -0.4123429 0.4290758 0.8036587
vn -0.0076291 0.4520899 0.8919397
vn 0.3998760 0.4304813 0.8091879
vn 0.6865737 0.3849034 0.6168192
vn 0.8483145 0.3442833 0.4022829
vn 0.9267722 0.3192405 0.1979362
vn 0.9504632 0.3108188 0.0033840
vn 0.8182470 0.5748327 0.0062585
vn 0.7950694 0.5850407 -0.1599750
vn 0.7160736 0.6164990 -0.3273647
vn 0.5649312 0.6643618 -0.4893630
vn 0.3252517 0.7133962 -0.6207070
vn 0.0124279 0.7364658 -0.6763606
vn -0.3036292 0.7164075 -0.6281477
vn -0.5500383 0.6683071 -0.5008228
vn -0.7074383 0.6196477 -0.3399526
vn -0.7912029 0.5866981 -0.1725783
vn -0.8182470 0.5748327 -0.0062585
vn -0.7950694 0.5850407 0.1599750
vn -0.7160736 0.6164990 0.3273647
vn -0.5649312 0.6643618 0.4893630
vn -0.3252517 0.7133962 0.6207070
vn -0.0124279 0.7364658 0.6763606
vn 0.3036292 0.7164075 0.6281477
vn 0.5500383 0.6683071 0.5008228
vn 0.7074383 0.6196477 0.3399526
vn 0.7912029 0.5866981 0.1725783
vn 0.8182470 0.5748327 0.0062585
vn 0.6377806 0.7701724 0.0083853
vn 0.6167241 0.7779203 -0.1203800
vn 0.5451360 0.8018276 -0.2447432
vn 0.4181998 0.8357346 -0.3558886
vn 0.2359193 0.8675209 -0.4378922
vn 0.0148823 0.8819096 -0.4711836
vn -0.2088282 0.8706684 -0.4453395
vn -0.3975405 0.8403003 -0.3685878
vn -0.5318891 0.8058572 -0.2601694
vn -0.6103845 0.7801874 -0.1368879
vn -0.6377806 0.7701724 -0.0083853
vn -0.6167241 0.7779203 0.1203800
vn -0.5451360 0.8018276 0.2447432
vn -0.4181998 0.8357346 0.3558886
vn -0.2359193 0.8675209 0.4378922
vn -0.0148823 0.8819096 0.4711836
vn 0.2088282 0.8706684 0.4453395
vn 0.3975405 0.8403003 0.3685878
vn 0.5318891 0.8058572 0.2601694
vn 0.6103845 0.7801874 0.1368879
vn 0.6377806 0.7701724 0.0083853
vn 0.4392444 0.8983144 0.0097804
vn 0.4242284 0.9021373 -0.0786046
vn 0.3708457 0.9145394 -0.1615273
vn 0.2804281 0.9314731 -0.2317715
vn 0.1582261 0.9466244 -0.2808323
vn 0.0160912 0.9535462 -0.3008169
vn -0.1281666 0.9490351 -0.2879334
vn -0.2560143 0.9351975 -0.2446678
vn -0.3540624 0.9180636 -0.1783227
vn -0.4157787 0.9042231 -0.0975121
vn -0.4392444 0.8983144 -0.0097804
vn -0.4242284 0.9021373 0.0786046
vn -0.3708457 0.9145394 0.1615273
vn -0.2804281 0.9314731 0.2317715
vn -0.1582261 0.9466244 0.2808323
vn -0.0160912 0.9535462 0.3008169
vn 0.1281666 0.9490351 0.2879334
vn 0.2560143 0.9351975 0.2446678
vn 0.3540624 0.9180636 0.1783227
vn 0.4157787 0.9042231 0.0975121
vn 0.4392444 0.8983144 0.0097804
vn 0.2465978 0.9690605 0.0105507
vn 0.2398207 0.9700267 -0.0391696
vn 0.2101643 0.9739283 -0.0854082
vn 0.1598551 0.9793449 -0.1238138
vn 0.0931916 0.9842276 -0.1503706
vn 0.0166498 0.9866521 -0.1619888
vn -0.0616877 0.9856354 -0.1572179
vn -0.1334201 0.9815920 -0.1366613
vn -0.1912767 0.9761382 -0.1027980
vn -0.2300231 0.9713743 -0.0593404
vn -0.2465978 0.9690605 -0.0105507
vn -0.2398207 0.9700267 0.0391696
vn -0.2101643 0.9739283 0.0854082
vn -0.1598551 0.9793449 0.1238138
vn -0.0931916 0.9842276 0.1503706
vn -0.0166498 0.9866521 0.1619888
vn 0.0616877 0.9856354 0.1572179
vn 0.1334201 0.9815920 0.1366613
vn 0.1912767 0.9761382 0.1027980
vn 0.2300231 0.9713743 0.0593404
vn 0.2465978 0.9690605 0.0105507
vn -0.0000000 1.0000000 0.0000000
s 1
f 1438/1438/1438 1440/1440/1440 1439/1439/1439
f 1438/1438/1438 1441/1441/1441 1440/1440/1440
f 1438/1438/1438 1442/1442/1442 1441/1441/1441
f 1438/1438/1438 1443/1443/1443 1442/1442/1442
f 1438/1438/1438 1444/1444/1444 1443/1443/1443
f 1438/1438/1438 1445/1445/1445 1444/1444/1444
f 1438/1438/1438 1446/1446/1446 1445/1445/1445
f 1438/1438/1438 1447/1447/1447 1446/1446/1446
f 1438/1438/1438 1448/1448/1448 1447/1447/1447
f 1438/1438/1438 1449/1449/1449 1448/1448/1448
f 1438/1438/1438 1450/1450/1450 1449/1449/1449
f 1438/1438/1438 1451/1451/1451 1450/1450/1450
f 1438/1438/1438 1452/1452/1452 1451/1451/1451
f 1438/1438/1438 1453/1453/1453 1452/1452/1452
f 1438/1438/1438 1454/1454/1454 1453/1453/1453
f 1438/1438/1438 1455/1455/1455 1454/1454/1454
f 1438/1438/1438 1456/1456/1456 1455/1455/1455
f 1438/1438/1438 1457/1457/1457 1456/1456/1456
f 1438/1438/1438 1458/1458/1458 1457/1457/1457
f 1438/1438/1438 1459/1459/1459 1458/1458/1458
f 1439/1439/1439 1440/1440/1440 1461/1461/1461
f 1439/1439/1439 1461/1461/1461 1460/1460/1460
f 1440/1440/1440 1441/1441/1441 1462/1462/1462
f 1440/1440/1440 1462/1462/1462 1461/1461/1461
f 1441/1441/1441 1442/1442/1442 1463/1463/1463
f 1441/1441/1441 1463/1463/1463 1462/1462/1462
f 1442/1442/1442 1443/1443/1443 1464/1464/1464
f 1442/1442/1442 1464/1464/1464 1463/1463/1463
f 1443/1443/1443 1444/1444/1444 1465/1465/1465
f 1443/1443/1443 1465/1465/1465 1464/1464/1464
f 1444/1444/1444 1445/1445/1445 1466/1466/1466
f 1444/1444/1444 1466/1466/1466 1465/1465/1465
f 1445/1445/1445 1446/1446/1446 1467/1467/1467
f 1445/1445/1445 1467/1467/1467 1466/1466/1466
f 1446/1446/1446 1447/1447/1447 1468/1468/1468
f 1446/1446/1446 1468/1468/1468 1467/1467/1467
f 1447/1447/1447 1448/1448/1448 1469/1469/1469
f 1447/1447/1447 1469/1469/1469 1468/1468/1468
f 1448/1448/1448 1449/1449/1449 1470/1470/1470
f 1448/1448/1448 1470/1470/1470 1469/1469/1469
f 1449/1449/1449 1450/1450/1450 1471/1471/1471
f 1449/1449/1449 1471/1471/1471 1470/1470/1470
f 1450/1450/1450 1451/1451/1451 1472/1472/1472
f 1450/1450/1450 1472/1472/1472 1471/1471/1471
f 1451/1451/1451 1452/1452/1452 1473/1473/1473
f 1451/1451/1451 1473/1473/1473 1472/1472/1472
f 1452/1452/1452 1453/1453/1453 1474/1474/1474
f 1452/1452/1452 1474/1474/1474 1473/1473/1473
f 1453/1453/1453 1454/1454/1454 1475/1475/1475
f 1453/1453/1453 1475/1475/1475 1474/1474/1474
f 1454/1454/1454 1455/1455/1455 1476/1476/1476
f 1454/1454/1454 1476/1476/1476 1475/1475/1475
f 1455/1455/1455 1456/1456/1456 1477/1477/1477
f 1455/1455/1455 1477/1477/1477 1476/1476/1476
f 1456/1456/1456 1457/1457/1457 1478/1478/1478
f 1456/1456/1456 1478/1478/1478 1477/1477/1477
f 1457/1457/1457 1458/1458/1458 1479/1479/1479
f 1457/1457/1457 1479/1479/1479 1478/1478/1478
f 1458/1458/1458 1459/1459/1459 1480/1480/1480
f 1458/1458/1458 1480/1480/1480 1479/1479/1479
f 1460/1460/1460 1461/1461/1461 1482/1482/1482
f 1460/1460/1460 1482/1482/1482 1481/1481/1481
f 1461/1461/1461 1462/1462/1462 1483/1483/1483
f 1461/1461/1461 1483/1483/1483 1482/1482/1482
f 1462/1462/1462 1463/1463/1463 1484/1484/1484
f 1462/1462/1462 1484/1484/1484 1483/1483/1483
f 1463/1463/1463 1464/1464/1464 1485/1485/1485
f 1463/1463/1463 1485/1485/1485 1484/1484/1484
f 1464/1464/1464 1465/1465/1465 1486/1486/1486
f 1464/1464/1464 1486/1486/1486 1485/1485/1485
f 1465/1465/1465 1466/1466/1466 1487/1487/1487
f 1465/1465/1465 1487/1487/1487 1486/1486/1486
f 1466/1466/1466 1467/1467/1467 1488/1488/1488
f 1466/1466/1466 1488/1488/1488 1487/1487/1487
f 1467/1467/1467 1468/1468/1468 1489/1489/1489
f 1467/1467/1467 1489/1489/1489 1488/1488/1488
f 1468/1468/1468 1469/1469/1469 1490/1490/1490
f 1468/1468/1468 1490/1490/1490 1489/1489/1489
f 1469/1469/1469 1470/1470/1470 1491/1491/1491
f 1469/1469/1469 1491/1491/1491 1490/1490/1490
f 1470/1470/1470 1471/1471/1471 1492/1492/1492
f 1470/1470/1470 1492/1492/1492 1491/1491/1491
f 1471/1471/1471 1472/1472/1472 1493/1493/1493
f 1471/1471/1471 1493/1493/1493 1492/1492/1492
f 1472/1472/1472 1473/1473/1473 1494/1494/1494
f 1472/1472/1472 1494/1494/1494 1493/1493/1493
f 1473/1473/1473 1474/1474/1474 1495/1495/1495
f 1473/1473/1473 1495/1495/1495 1494/1494/1494
f 1474/1474/1474 1475/1475/1475 1496/1496/1496
f 1474/1474/1474 1496/1496/1496 1495/1495/1495
f 1475/1475/1475 1476/1476/1476 1497/1497/1497
f 1475/1475/1475 1497/1497/1497 1496/1496/1496
f 1476/1476/1476 1477/1477/1477 1498/1498/1498
f 1476/1476/1476 1498/1498/1498 1497/1497/1497
f 1477/1477/1477 1478/1478/1478 1499/1499/1499
f 1477/1477/1477 1499/1499/1499 1498/1498/1498
f 1478/1478/1478 1479/1479/1479 1500/1500/1500
f 1478/1478/1478 1500/1500/1500 1499/1499/1499
f 1479/1479/1479 1480/1480/1480 1501/1501/1501
f 1479/1479/1479 1501/1501/1501 1500/1500/1500
f 1481/1481/1481 1482/1482/1482 1503/1503/1503
f 1481/1481/1481 1503/1503/1503 1502/1502/1502
f 1482/1482/1482 1483/1483/1483 1504/1504/1504
f 1482/1482/1482 1504/1504/1504 1503/1503/1503
f 1483/1483/1483 1484/1484/1484 1505/1505/1505
f 1483/1483/1483 1505/1505/1505 1504/1504/1504
f 1484/1484/1484 1485/1485/1485 1506/1506/1506
f 1484/1484/1484 1506/1506/1506 1505/1505/1505
f 1485/1485/1485 1486/1486/1486 1507/1507/1507
f 1485/1485/1485 1507/1507/1507 1506/1506/1506
f 1486/1486/1486 1487/1487/1487 1508/1508/1508
f 1486/1486/1486 1508/1508/1508 1507/1507/1507
f 1487/1487/1487 1488/1488/1488 1509/1509/1509
f 1487/1487/1487 1509/1509/1509 1508/1508/1508
f 1488/1488/1488 1489/1489/1489 1510/1510/1510
f 1488/1488/1488 1510/1510/1510 1509/1509/1509
f 1489/1489/1489 1490/1490/1490 1511/1511/1511
f 1489/1489/1489 1511/1511/1511 1510/1510/1510
f 1490/1490/1490 1491/1491/1491 1512/1512/1512
f 1490/1490/1490 1512/1512/1512 1511/1511/1511
f 1491/1491/1491 1492/1492/1492 1513/1513/1513
f 1491/1491/1491 1513/1513/1513 1512/1512/1512
f 1492/1492/1492 1493/1493/1493 1514/1514/1514
f 1492/1492/1492 1514/1514/1514 1513/1513/1513
f 1493/1493/1493 1494/1494/1494 1515/1515/1515
f 1493/1493/1493 1515/1515/1515 1514/1514/1514
f 1494/1494/1494 1495/1495/1495 1516/1516/1516
f 1494/1494/1494 1516/1516/1516 1515/1515/1515
f 1495/1495/1495 1496/1496/1496 1517/1517/1517
f 1495/1495/1495 1517/1517/1517 1516/1516/1516
f 1496/1496/1496 1497/1497/1497 1518/1518/1518
f 1496/1496/1496 1518/1518/1518 1517/1517/1517
f 1497/1497/1497 1498/1498/1498 1519/1519/1519
f 1497/1497/1497 1519/1519/1519 1518/1518/1518
f 1498/1498/1498 1499/1499/1499 1520/1520/1520
f 1498/1498/1498 1520/1520/1520 1519/1519/1519
f 1499/1499/1499 1500/1500/1500 1521/1521/1521
f 1499/1499/1499 1521/1521/1521 1520/1520/1520
f 1500/1500/1500 1501/1501/1501 1522/1522/1522
f 1500/1500/1500 1522/1522/1522 1521/1521/1521
f 1502/1502/1502 1503/1503/1503 1524/1524/1524
f 1502/1502/1502 1524/1524/1524 1523/1523/1523
f 1503/1503/1503 1504/1504/1504 1525/1525/1525
f 1503/1503/1503 1525/1525/1525 1524/1524/1524
f 1504/1504/1504 1505/1505/1505 1526/1526/1526
f 1504/1504/1504 1526/1526/1526 1525/1525/1525
f 1505/1505/1505 1506/1506/1506 1527/1527/1527
f 1505/1505/1505 1527/1527/1527 1526/1526/1526
f 1506/1506/1506 1507/1507/1507 1528/1528/1528
f 1506/1506/1506 1528/1528/1528 1527/1527/1527
f 1507/1507/1507 1508/1508/1508 1529/1529/1529
f 1507/1507/1507 1529/1529/1529 1528/1528/1528
f 1508/1508/1508 1509/1509/1509 1530/1530/1530
f 1508/1508/1508 1530/1530/1530 1529/1529/1529
f 1509/1509/1509 1510/1510/1510 1531/1531/1531
f 1509/1509/1509 1531/1531/1531 1530/1530/1530
f 1510/1510/1510 1511/1511/1511 1532/1532/1532
f 1510/1510/1510 1532/1532/1532 1531/1531/1531
f 1511/1511/1511 1512/1512/1512 1533/1533/1533
f 1511/1511/1511 1533/1533/1533 1532/1532/1532
f 1512/1512/1512 1513/1513/1513 1534/1534/1534
f 1512/1512/1512 1534/1534/1534 1533/1533/1533
f 1513/1513/1513 1514/1514/1514 1535/1535/1535
f 1513/1513/1513 1535/1535/1535 1534/1534/1534
f 1514/1514/1514 1515/1515/1515 1536/1536/1536
f 1514/1514/1514 1536/1536/1536 1535/1535/1535
f 1515/1515/1515 1516/1516/1516 1537/1537/1537
f 1515/1515/1515 1537/1537/1537 1536/1536/1536
f 1516/1516/1516 1517/1517/1517 1538/1538/1538
f 1516/1516/1516 1538/1538/1538 1537/1537/1537
f 1517/1517/1517 1518/1518/1518 1539/1539/1539
f 1517/1517/1517 1539/1539/1539 1538/1538/1538
f 1518/1518/1518 1519/1519/1519 1540/1540/1540
f 1518/1518/1518 1540/1540/1540 1539/1539/1539
f 1519/1519/1519 1520/1520/1520 1541/1541/1541
f 1519/1519/1519 1541/1541/1541 1540/1540/1540
f 1520/1520/1520 1521/1521/1521 1542/1542/1542
f 1520/1520/1520 1542/1542/1542 1541/1541/1541
f 1521/1521/1521 1522/1522/1522 1543/1543/1543
f 1521/1521/1521 1543/1543/1543 1542/1542/1542
f 1523/1523/1523 1524/1524/1524 1545/1545/1545
f 1523/1523/1523 1545/1545/1545 1544/1544/1544
f 1524/1524/1524 1525/1525/1525 1546/1546/1546
f 1524/1524/1524 1546/1546/1546 1545/1545/1545
f 1525/1525/1525 1526/1526/1526 1547/1547/1547
f 1525/1525/1525 1547/1547/1547 1546/1546/1546
f 1526/1526/1526 1527/1527/1527 1548/1548/1548
f 1526/1526/1526 1548/1548/1548 1547/1547/1547
f 1527/1527/1527 1528/1528/1528 1549/1549/1549
f 1527/1527/1527 1549/1549/1549 1548/1548/1548
f 1528/1528/1528 1529/1529/1529 1550/1550/1550
f 1528/1528/1528 1550/1550/1550 1549/1549/1549
f 1529/1529/1529 1530/1530/1530 1551/1551/1551
f 1529/1529/1529 1551/1551/1551 1550/1550/1550
f 1530/1530/1530 1531/1531/1531 1552/1552/1552
f 1530/1530/1530 1552/1552/1552 1551/1551/1551
f 1531/1531/1531 1532/1532/1532 1553/1553/1553
f 1531/1531/1531 1553/1553/1553 1552/1552/1552
f 1532/1532/1532 1533/1533/1533 1554/1554/1554
f 1532/1532/1532 1554/1554/1554 1553/1553/1553
f 1533/1533/1533 1534/1534/1534 1555/1555/1555
f 1533/1533/1533 1555/1555/1555 1554/1554/1554
f 1534/1534/1534 1535/1535/1535 1556/1556/1556
f 1534/1534/1534 1556/1556/1556 1555/1555/1555
f 1535/1535/1535 1536/1536/1536 1557/1557/1557
f 1535/1535/1535 1557/1557/1557 1556/1556/1556
f 1536/1536/1536 1537/1537/1537 1558/1558/1558
f 1536/1536/1536 1558/1558/1558 1557/1557/1557
f 1537/1537/1537 1538/1538/1538 1559/1559/1559
f 1537/1537/1537 1559/1559/1559 1558/1558/1558
f 1538/1538/1538 1539/1539/1539 1560/1560/1560
f 1538/1538/1538 1560/1560/1560 1559/1559/1559
f 1539/1539/1539 1540/1540/1540 1561/1561/1561
f 1539/1539/1539 1561/1561/1561 1560/1560/1560
f 1540/1540/1540 1541/1541/1541 1562/1562/1562
f 1540/1540/1540 1562/1562/1562 1561/1561/1561
f 1541/1541/1541 1542/1542/1542 1563/1563/1563
f 1541/1541/1541 1563/1563/1563 1562/1562/1562
f 1542/1542/1542 1543/1543/1543 1564/1564/1564
f 1542/1542/1542 1564/1564/1564 1563/1563/1563
f 1544/1544/1544 1545/1545/1545 1566/1566/1566
f 1544/1544/1544 1566/1566/1566 1565/1565/1565
f 1545/1545/1545 1546/1546/1546 1567/1567/1567
f 1545/1545/1545 1567/1567/1567 1566/1566/1566
f 1546/1546/1546 1547/1547/1547 1568/1568/1568
f 1546/1546/1546 1568/1568/1568 1567/1567/1567
f 1547/1547/1547 1548/1548/1548 1569/1569/1569
f 1547/1547/1547 1569/1569/1569 1568/1568/1568
f 1548/1548/1548 1549/1549/1549 1570/1570/1570
f 1548/1548/1548 1570/1570/1570 1569/1569/1569
f 1549/1549/1549 1550/1550/1550 1571/1571/1571
f 1549/1549/1549 1571/1571/1571 1570/1570/1570
f 1550/1550/1550 1551/1551/1551 1572/1572/1572
f 1550/1550/1550 1572/1572/1572 1571/1571/1571
f 1551/1551/1551 1552/1552/1552 1573/1573/1573
f 1551/1551/1551 1573/1573/1573 1572/1572/1572
f 1552/1552/1552 1553/1553/1553 1574/1574/1574
f 1552/1552/1552 1574/1574/1574 1573/1573/1573
f 1553/1553/1553 1554/1554/1554 1575/1575/1575
f 1553/1553/1553 1575/1575/1575 1574/1574/1574
f 1554/1554/1554 1555/1555/1555 1576/1576/1576
f 1554/1554/1554 1576/1576/1576 1575/1575/1575
f 1555/1555/1555 1556/1556/1556 1577/1577/1577
f 1555/1555/1555 1577/1577/1577 1576/1576/1576
f 1556/1556/1556 1557/1557/1557 1578/1578/1578
f 1556/1556/1556 1578/1578/1578 1577/1577/1577
f 1557/1557/1557 1558/1558/1558 1579/1579/1579
f 1557/1557/1557 1579/1579/1579 1578/1578/1578
f 1558/1558/1558 1559/1559/1559 1580/1580/1580
f 1558/1558/1558 1580/1580/1580 1579/1579/1579
f 1559/1559/1559 1560/1560/1560 1581/1581/1581
f 1559/1559/1559 1581/1581/1581 1580/1580/1580
f 1560/1560/1560 1561/1561/1561 1582/1582/1582
f 1560/1560/1560 1582/1582/1582 1581/1581/1581
f 1561/1561/1561 1562/1562/1562 1583/1583/1583
f 1561/1561/1561 1583/1583/1583 1582/1582/1582
f 1562/1562/1562 1563/1563/1563 1584/1584/1584
f 1562/1562/1562 1584/1584/1584 1583/1583/1583
f 1563/1563/1563 1564/1564/1564 1585/1585/1585
f 1563/1563/1563 1585/1585/1585 1584/1584/1584
f 1565/1565/1565 1566/1566/1566 1587/1587/1587
f 1565/1565/1565 1587/1587/1587 1586/1586/1586
f 1566/1566/1566 1567/1567/1567 1588/1588/1588
f 1566/1566/1566 1588/1588/1588 1587/1587/1587
f 1567/1567/1567 1568/1568/1568 1589/1589/1589
f 1567/1567/1567 1589/1589/1589 1588/1588/1588
f 1568/1568/1568 1569/1569/1569 1590/1590/1590
f 1568/1568/1568 1590/1590/1590 1589/1589/1589
f 1569/1569/1569 1570/1570/1570 1591/1591/1591
f 1569/1569/1569 1591/1591/1591 1590/1590/1590
f 1570/1570/1570 1571/1571/1571 1592/1592/1592
f 1570/1570/1570 1592/1592/1592 1591/1591/1591
f 1571/1571/1571 1572/1572/1572 1593/1593/1593
f 1571/1571/1571 1593/1593/1593 1592/1592/1592
f 1572/1572/1572 1573/1573/1573 1594/1594/1594
f 1572/1572/1572 1594/1594/1594 1593/1593/1593
f 1573/1573/1573 1574/1574/1574 1595/1595/1595
f 1573/1573/1573 1595/1595/1595 1594/1594/1594
f 1574/1574/1574 1575/1575/1575 1596/1596/1596
f 1574/1574/1574 1596/1596/1596 1595/1595/1595
f 1575/1575/1575 1576/1576/1576 1597/1597/1597
f 1575/1575/1575 1597/1597/1597 1596/1596/1596
f 1576/1576/1576 1577/1577/1577 1598/1598/1598
f 1576/1576/1576 1598/1598/1598 1597/1597/1597
f 1577/1577/1577 1578/1578/1578 1599/1599/1599
f 1577/1577/1577 1599/1599/1599 1598/1598/1598
f 1578/1578/1578 1579/1579/1579 1600/1600/1600
f 1578/1578/1578 1600/1600/1600 1599/1599/1599
f 1579/1579/1579 1580/1580/1580 1601/1601/1601
f 1579/1579/1579 1601/1601/1601 1600/1600/1600
f 1580/1580/1580 1581/1581/1581 1602/1602/1602
f 1580/1580/1580 1602/1602/1602 1601/1601/1601
f 1581/1581/1581 1582/1582/1582 1603/1603/1603
f 1581/1581/1581 1603/1603/1603 1602/1602/1602
f 1582/1582/1582 1583/1583/1583 1604/1604/1604
f 1582/1582/1582 1604/1604/1604 1603/1603/1603
f 1583/1583/1583 1584/1584/1584 1605/1605/1605
f 1583/1583/1583 1605/1605/1605 1604/1604/1604
f 1584/1584/1584 1585/1585/1585 1606/1606/1606
f 1584/1584/1584 1606/1606/1606 1605/1605/1605
f 1586/1586/1586 1587/1587/1587 1608/1608/1608
f 1586/1586/1586 1608/1608/1608 1607/1607/1607
f 1587/1587/1587 1588/1588/1588 1609/1609/1609
f 1587/1587/1587 1609/1609/1609 1608/1608/1608
f 1588/1588/1588 1589/1589/1589 1610/1610/1610
f 1588/1588/1588 1610/1610/1610 1609/1609/1609
f 1589/1589/1589 1590/1590/1590 1611/1611/1611
f 1589/1589/1589 1611/1611/1611 1610/1610/1610
f 1590/1590/1590 1591/1591/1591 1612/1612/1612
f 1590/1590/1590 1612/1612/1612 1611/1611/1611
f 1591/1591/1591 1592/1592/1592 1613/1613/1613
f 1591/1591/1591 1613/1613/1613 1612/1612/1612
f 1592/1592/1592 1593/1593/1593 1614/1614/1614
f 1592/1592/1592 1614/1614/1614 1613/1613/1613
f 1593/1593/1593 1594/1594/1594 1615/1615/1615
f 1593/1593/1593 1615/1615/1615 1614/1614/1614
f 1594/1594/1594 1595/1595/1595 1616/1616/1616
f 1594/1594/1594 1616/1616/1616 1615/1615/1615
f 1595/1595/1595 1596/1596/1596 1617/1617/1617
f 1595/1595/1595 1617/1617/1617 1616/1616/1616
f 1596/1596/1596 1597/1597/1597 1618/1618/1618
f 1596/1596/1596 1618/1618/1618 1617/1617/1617
f 1597/1597/1597 1598/1598/1598 1619/1619/1619
f 1597/1597/1597 1619/1619/1619 1618/1618/1618
f 1598/1598/1598 1599/1599/1599 1620/1620/1620
f 1598/1598/1598 1620/1620/1620 1619/1619/1619
f 1599/1599/1599 1600/1600/1600 1621/1621/1621
f 1599/1599/1599 1621/1621/1621 1620/1620/1620
f 1600/1600/1600 1601/1601/1601 1622/1622/1622
f 1600/1600/1600 1622/1622/1622 1621/1621/1621
f 1601/1601/1601 1602/1602/1602 1623/1623/1623
f 1601/1601/1601 1623/1623/1623 1622/1622/1622
f 1602/1602/1602 1603/1603/1603 1624/1624/1624
f 1602/1602/1602 1624/1624/1624 1623/1623/1623
f 1603/1603/1603 1604/1604/1604 1625/1625/1625
f 1603/1603/1603 1625/1625/1625 1624/1624/1624
f 1604/1604/1604 1605/1605/1605 1626/1626/1626
f 1604/1604/1604 1626/1626/1626 1625/1625/1625
f 1605/1605/1605 1606/1606/1606 1627/1627/1627
f 1605/1605/1605 1627/1627/1627 1626/1626/1626
f 1607/1607/1607 1608/1608/1608 1629/1629/1629
f 1607/1607/1607 1629/1629/1629 1628/1628/1628
f 1608/1608/1608 1609/1609/1609 1630/1630/1630
f 1608/1608/1608 1630/1630/1630 1629/1629/1629
f 1609/1609/1609 1610/1610/1610 1631/1631/1631
f 1609/1609/1609 1631/1631/1631 1630/1630/1630
f 1610/1610/1610 1611/1611/1611 1632/1632/1632
f 1610/1610/1610 1632/1632/1632 1631/1631/1631
f 1611/1611/1611 1612/1612/1612 1633/1633/1633
f 1611/1611/1611 1633/1633/1633 1632/1632/1632
f 1612/1612/1612 1613/1613/1613 1634/1634/1634
f 1612/1612/1612 1634/1634/1634 1633/1633/1633
f 1613/1613/1613 1614/1614/1614 1635/1635/1635
f 1613/1613/1613 1635/1635/1635 1634/1634/1634
f 1614/1614/1614 1615/1615/1615 1636/1636/1636
f 1614/1614/1614 1636/1636/1636 1635/1635/1635
f 1615/1615/1615 1616/1616/1616 1637/1637/1637
f 1615/1615/1615 1637/1637/1637 1636/1636/1636
f 1616/1616/1616 1617/1617/1617 1638/1638/1638
f 1616/1616/1616 1638/1638/1638 1637/1637/1637
f 1617/1617/1617 1618/1618/1618 1639/1639/1639
f 1617/1617/1617 1639/1639/1639 1638/1638/1638
f 1618/1618/1618 1619/1619/1619 1640/1640/1640
f 1618/1618/1618 1640/1640/1640 1639/1639/1639
f 1619/1619/1619 1620/1620/1620 1641/1641/1641
f 1619/1619/1619 1641/1641/1641 1640/1640/1640
f 1620/1620/1620 1621/1621/1621 1642/1642/1642
f 1620/1620/1620 1642/1642/1642 1641/1641/1641
f 1621/1621/1621 1622/1622/1622 1643/1643/1643
f 1621/1621/1621 1643/1643/1643 1642/1642/1642
f 1622/1622/1622 1623/1623/1623 1644/1644/1644
f 1622/1622/1622 1644/1644/1644 1643/1643/1643
f 1623/1623/1623 1624/1624/1624 1645/1645/1645
f 1623/1623/1623 1645/1645/1645 1644/1644/1644
f 1624/1624/1624 1625/1625/1625 1646/1646/1646
f 1624/1624/1624 1646/1646/1646 1645/1645/1645
f 1625/1625/1625 1626/1626/1626 1647/1647/1647
f 1625/1625/1625 1647/1647/1647 1646/1646/1646
f 1626/1626/1626 1627/1627/1627 1648/1648/1648
f 1626/1626/1626 1648/1648/1648 1647/1647/1647
f 1628/1628/1628 1629/1629/1629 1650/1650/1650
f 1628/1628/1628 1650/1650/1650 1649/1649/1649
f 1629/1629/1629 1630/1630/1630 1651/1651/1651
f 1629/1629/1629 1651/1651/1651 1650/1650/1650
f 1630/1630/1630 1631/1631/1631 1652/1652/1652
f 1630/1630/1630 1652/1652/1652 1651/1651/1651
f 1631/1631/1631 1632/1632/1632 1653/1653/1653
f 1631/1631/1631 1653/1653/1653 1652/1652/1652
f 1632/1632/1632 1633/1633/1633 1654/1654/1654
f 1632/1632/1632 1654/1654/1654 1653/1653/1653
f 1633/1633/1633 1634/1634/1634 1655/1655/1655
f 1633/1633/1633 1655/1655/1655 1654/1654/1654
f 1634/1634/1634 1635/1635/1635 1656/1656/1656
f 1634/1634/1634 1656/1656/1656 1655/1655/1655
f 1635/1635/1635 1636/1636/1636 1657/1657/1657
f 1635/1635/1635 1657/1657/1657 1656/1656/1656
f 1636/1636/1636 1637/1637/1637 1658/1658/1658
f 1636/1636/1636 1658/1658/1658 1657/1657/1657
f 1637/1637/1637 1638/1638/1638 1659/1659/1659
f 1637/1637/1637 1659/1659/1659 1658/1658/1658
f 1638/1638/1638 1639/1639/1639 1660/1660/1660
f 1638/1638/1638 1660/1660/1660 1659/1659/1659
f 1639/1639/1639 1640/1640/1640 1661/1661/1661
f 1639/1639/1639 1661/1661/1661 1660/1660/1660
f 1640/1640/1640 1641/1641/1641 1662/1662/1662
f 1640/1640/1640 1662/1662/1662 1661/1661/1661
f 1641/1641/1641 1642/1642/1642 1663/1663/1663
f 1641/1641/1641 1663/1663/1663 1662/1662/1662
f 1642/1642/1642 1643/1643/1643 1664/1664/1664
f 1642/1642/1642 1664/1664/1664 1663/1663/1663
f 1643/1643/1643 1644/1644/1644 1665/1665/1665
f 1643/1643/1643 1665/1665/1665 1664/1664/1664
f 1644/1644/1644 1645/1645/1645 1666/1666/1666
f 1644/1644/1644 1666/1666/1666 1665/1665/1665
f 1645/1645/1645 1646/1646/1646 1667/1667/1667
f 1645/1645/1645 1667/1667/1667 1666/1666/1666
f 1646/1646/1646 1647/1647/1647 1668/1668/1668
f 1646/1646/1646 1668/1668/1668 1667/1667/1667
f 1647/1647/1647 1648/1648/1648 1669/1669/1669
f 1647/1647/1647 1669/1669/1669 1668/1668/1668
f 1649/1649/1649 1650/1650/1650 1670/1670/1670
f 1650/1650/1650 1651/1651/1651 1670/1670/1670
f 1651/1651/1651 1652/1652/1652 1670/1670/1670
f 1652/1652/1652 1653/1653/1653 1670/1670/1670
f 1653/1653/1653 1654/1654/1654 1670/1670/1670
f 1654/1654/1654 1655/1655/1655 1670/1670/1670
f 1655/1655/1655 1656/1656/1656 1670/1670/1670
f 1656/1656/1656 1657/1657/1657 1670/1670/1670
f 1657/1657/1657 1658/1658/1658 1670/1670/1670
f 1658/1658/1658 1659/1659/1659 1670/1670/1670
f 1659/1659/1659 1660/1660/1660 1670/1670/1670
f 1660/1660/1660 1661/1661/1661 1670/1670/1670
f 1661/1661/1661 1662/1662/1662 1670/1670/1670
f 1662/1662/1662 1663/1663/1663 1670/1670/1670
f 1663/1663/1663 1664/1664/1664 1670/1670/1670
f 1664/1664/1664 1665/1665/1665 1670/1670/1670
f 1665/1665/1665 1666/1666/1666 1670/1670/1670
f 1666/1666/1666 1667/1667/1667 1670/1670/1670
f 1667/1667/1667 1668/1668/1668 1670/1670/1670
f 1668/1668/1668 1669/1669/1669 1670/1670/1670
o Eye_-1
v 12.184601 65.164226 5.574823
v 12.362014 65.278465 5.574823
v 12.338245 65.278465 5.281510
v 12.273307 65.278465 5.066789
v 12.184601 65.278465 4.988196
v 12.095894 65.278465 5.066789
v 12.030956 65.278465 5.281510
v 12.007188 65.278465 5.574823
v 12.030956 65.278465 5.868137
v 12.095894 65.278465 6.082857
v 12.184601 65.278465 6.161450
v 12.273307 65.278465 6.082857
v 12.338245 65.278465 5.868137
v 12.362014 65.278465 5.574823
v 12.512418 65.603788 5.574823
v 12.468499 65.603788 5.032851
v 12.348509 65.603788 4.636099
v 12.184601 65.603788 4.490878
v 12.020692 65.603788 4.636099
v 11.900703 65.603788 5.032851
v 11.856784 65.603788 5.574823
v 11.900703 65.603788 6.116796
v 12.020692 65.603788 6.513548
v 12.184601 65.603788 6.658769
v 12.348509 65.603788 6.513548
v 12.468499 65.603788 6.116796
v 12.512418 65.603788 5.574823
v 12.612914 66.090669 5.574823
v 12.555531 66.090669 4.866702
v 12.398758 66.090669 4.348321
v 12.184601 66.090669 4.158580
v 11.970444 66.090669 4.348321
v 11.813670 66.090669 4.866702
v 11.756287 66.090669 5.574823
v 11.813670 66.090669 6.282945
v 11.970444 66.090669 6.801326
v 12.184601 66.090669 6.991066
v 12.398758 66.090669 6.801326
v 12.555531 66.090669 6.282945
v 12.612914 66.090669 5.574823
v 12.648204 66.664984 5.574823
v 12.586093 66.664984 4.808358
v 12.416402 66.664984 4.247267
v 12.184601 66.664984 4.041893
v 11.952799 66.664984 4.247267
v 11.783109 66.664984 4.808358
v 11.720998 66.664984 5.574823
v 11.783109 66.664984 6.341288
v 11.952799 66.664984 6.902380
v 12.184601 66.664984 7.107754
v 12.416402 66.664984 6.902380
v 12.586093 66.664984 6.341288
v 12.648204 66.664984 5.574823
v 12.612914 67.239299 5.574823
v 12.555531 67.239299 4.866702
v 12.398758 67.239299 4.348321
v 12.184601 67.239299 4.158580
v 11.970444 67.239299 4.348321
v 11.813670 67.239299 4.866702
v 11.756287 67.239299 5.574823
v 11.813670 67.239299 6.282945
v 11.970444 67.239299 6.801326
v 12.184601 67.239299 6.991066
v 12.398758 67.239299 6.801326
v 12.555531 67.239299 6.282945
v 12.612914 67.239299 5.574823
v 12.512418 67.726179 5.574823
v 12.468499 67.726179 5.032851
v 12.348509 67.726179 4.636099
v 12.184601 67.726179 4.490878
v 12.020692 67.726179 4.636099
v 11.900703 67.726179 5.032851
v 11.856784 67.726179 5.574823
v 11.900703 67.726179 6.116796
v 12.020692 67.726179 6.513548
v 12.184601 67.726179 6.658769
v 12.348509 67.726179 6.513548
v 12.468499 67.726179 6.116796
v 12.512418 67.726179 5.574823
v 12.362014 68.051503 5.574823
v 12.338245 68.051503 5.281510
v 12.273307 68.051503 5.066789
v 12.184601 68.051503 4.988196
v 12.095894 68.051503 5.066789
v 12.030956 68.051503 5.281510
v 12.007188 68.051503 5.574823
v 12.030956 68.051503 5.868137
v 12.095894 68.051503 6.082857
v 12.184601 68.051503 6.161450
v 12.273307 68.051503 6.082857
v 12.338245 68.051503 5.868137
v 12.362014 68.051503 5.574823
v 12.184601 68.165741 5.574823
vt 0.4980469 0.0910937
vt 0.4242187 0.1383398
vt 0.4365234 0.1383398
vt 0.4488281 0.1383398
vt 0.4611328 0.1383398
vt 0.4734375 0.1383398
vt 0.4857422 0.1383398
vt 0.4980469 0.1383398
vt 0.5103516 0.1383398
vt 0.5226563 0.1383398
vt 0.5349609 0.1383398
vt 0.5472656 0.1383398
vt 0.5595703 0.1383398
vt 0.5718750 0.1383398
vt 0.4242187 0.1215234
vt 0.4365234 0.1215234
vt 0.4488281 0.1215234
vt 0.4611328 0.1215234
vt 0.4734375 0.1215234
vt 0.4857422 0.1215234
vt 0.4980469 0.1215234
vt 0.5103516 0.1215234
vt 0.5226563 0.1215234
vt 0.5349609 0.1215234
vt 0.5472656 0.1215234
vt 0.5595703 0.1215234
vt 0.5718750 0.1215234
vt 0.4242187 0.1047070
vt 0.4365234 0.1047070
vt 0.4488281 0.1047070
vt 0.4611328 0.1047070
vt 0.4734375 0.1047070
vt 0.4857422 0.1047070
vt 0.4980469 0.1047070
vt 0.5103516 0.1047070
vt 0.5226563 0.1047070
vt 0.5349609 0.1047070
vt 0.5472656 0.1047070
vt 0.5595703 0.1047070
vt 0.5718750 0.1047070
vt 0.4242187 0.0878906
vt 0.4365234 0.0878906
vt 0.4488281 0.0878906
vt 0.4611328 0.0878906
vt 0.4734375 0.0878906
vt 0.4857422 0.0878906
vt 0.4980469 0.0878906
vt 0.5103516 0.0878906
vt 0.5226563 0.0878906
vt 0.5349609 0.0878906
vt 0.5472656 0.0878906
vt 0.5595703 0.0878906
vt 0.5718750 0.0878906
vt 0.4242187 0.0710742
vt 0.4365234 0.0710742
vt 0.4488281 0.0710742
vt 0.4611328 0.0710742
vt 0.4734375 0.0710742
vt 0.4857422 0.0710742
vt 0.4980469 0.0710742
vt 0.5103516 0.0710742
vt 0.5226563 0.0710742
vt 0.5349609 0.0710742
vt 0.5472656 0.0710742
vt 0.5595703 0.0710742
vt 0.5718750 0.0710742
vt 0.4242187 0.0542578
vt 0.4365234 0.0542578
vt 0.4488281 0.0542578
vt 0.4611328 0.0542578
vt 0.4734375 0.0542578
vt 0.4857422 0.0542578
vt 0.4980469 0.0542578
vt 0.5103516 0.0542578
vt 0.5226563 0.0542578
vt 0.5349609 0.0542578
vt 0.5472656 0.0542578
vt 0.5595703 0.0542578
vt 0.5718750 0.0542578
vt 0.4242187 0.0374414
vt 0.4365234 0.0374414
vt 0.4488281 0.0374414
vt 0.4611328 0.0374414
vt 0.4734375 0.0374414
vt 0.4857422 0.0374414
vt 0.4980469 0.0374414
vt 0.5103516 0.0374414
vt 0.5226563 0.0374414
vt 0.5349609 0.0374414
vt 0.5472656 0.0374414
vt 0.5595703 0.0374414
vt 0.5718750 0.0374414
vt 0.4980469 0.0910937
vn 0.0000000 -1.0000000 -0.0000000
vn 0.8455086 -0.5332364 -0.0278242
vn 0.7778303 -0.6044139 -0.1722323
vn 0.5072555 -0.7884127 -0.3479905
vn -0.1537236 -0.8909683 -0.4272523
vn -0.6598096 -0.7002650 -0.2725441
vn -0.8199866 -0.5618455 -0.1093236
vn -0.8455086 -0.5332364 0.0278242
vn -0.7778303 -0.6044139 0.1722323
vn -0.5072555 -0.7884127 0.3479905
vn 0.1537236 -0.8909683 0.4272523
vn 0.6598096 -0.7002650 0.2725441
vn 0.8199866 -0.5618455 0.1093236
vn 0.8455086 -0.5332364 -0.0278242
vn 0.9594907 -0.2813576 -0.0146812
vn 0.9285080 -0.3238529 -0.1816374
vn 0.7532727 -0.4842052 -0.4451130
vn -0.1192469 -0.6911440 -0.7128114
vn -0.8139605 -0.4389041 -0.3805674
vn -0.9398093 -0.3091882 -0.1454687
vn -0.9594907 -0.2813576 0.0146812
vn -0.9285080 -0.3238529 0.1816374
vn -0.7532727 -0.4842052 0.4451130
vn 0.1192469 -0.6911440 0.7128114
vn 0.8139605 -0.4389041 0.3805674
vn 0.9398093 -0.3091882 0.1454687
vn 0.9594907 -0.2813576 -0.0146812
vn 0.9923705 -0.1231239 -0.0064246
vn 0.9737427 -0.1412482 -0.1785334
vn 0.8544527 -0.2201887 -0.4705608
vn -0.0653456 -0.3787370 -0.9231946
vn -0.8750061 -0.2093623 -0.4364994
vn -0.9770129 -0.1382622 -0.1622634
vn -0.9923705 -0.1231239 0.0064246
vn -0.9737427 -0.1412482 0.1785334
vn -0.8544527 -0.2201887 0.4705608
vn 0.0653456 -0.3787370 0.9231946
vn 0.8750061 -0.2093623 0.4364994
vn 0.9770129 -0.1382622 0.1622634
vn 0.9923705 -0.1231239 -0.0064246
vn 1.0000000 -0.0000000 -0.0000000
vn 0.9850960 0.0000000 -0.1720053
vn 0.8858266 0.0000000 -0.4640164
vn -0.0000000 0.0000000 -1.0000000
vn -0.8858266 -0.0000000 -0.4640164
vn -0.9850960 -0.0000000 -0.1720053
vn -1.0000000 0.0000000 0.0000000
vn -0.9850960 0.0000000 0.1720053
vn -0.8858266 0.0000000 0.4640164
vn 0.0000000 0.0000000 1.0000000
vn 0.8858266 -0.0000000 0.4640164
vn 0.9850960 -0.0000000 0.1720053
vn 1.0000000 -0.0000000 -0.0000000
vn 0.9923705 0.1231239 0.0064246
vn 0.9770129 0.1382622 -0.1622634
vn 0.8750061 0.2093623 -0.4364994
vn 0.0653456 0.3787370 -0.9231946
vn -0.8544527 0.2201887 -0.4705608
vn -0.9737427 0.1412482 -0.1785334
vn -0.9923705 0.1231239 -0.0064246
vn -0.9770129 0.1382622 0.1622634
vn -0.8750061 0.2093623 0.4364994
vn -0.0653456 0.3787370 0.9231946
vn 0.8544527 0.2201887 0.4705608
vn 0.9737427 0.1412482 0.1785334
vn 0.9923705 0.1231239 0.0064246
vn 0.9594907 0.2813576 0.0146812
vn 0.9398093 0.3091882 -0.1454687
vn 0.8139605 0.4389041 -0.3805674
vn 0.1192469 0.6911440 -0.7128114
vn -0.7532727 0.4842052 -0.4451130
vn -0.9285080 0.3238529 -0.1816374
vn -0.9594907 0.2813576 -0.0146812
vn -0.9398093 0.3091882 0.1454687
vn -0.8139605 0.4389041 0.3805674
vn -0.1192469 0.6911440 0.7128114
vn 0.7532727 0.4842052 0.4451130
vn 0.9285080 0.3238529 0.1816374
vn 0.9594907 0.2813576 0.0146812
vn 0.8455086 0.5332364 0.0278242
vn 0.8199866 0.5618455 -0.1093236
vn 0.6598096 0.7002650 -0.2725441
vn 0.1537236 0.8909683 -0.4272523
vn -0.5072555 0.7884127 -0.3479905
vn -0.7778303 0.6044139 -0.1722323
vn -0.8455086 0.5332364 -0.0278242
vn -0.8199866 0.5618455 0.1093236
vn -0.6598096 0.7002650 0.2725441
vn -0.1537236 0.8909683 0.4272523
vn 0.5072555 0.7884127 0.3479905
vn 0.7778303 0.6044139 0.1722323
vn 0.8455086 0.5332364 0.0278242
vn 0.0000000 1.0000000 0.0000000
s 1
f 1671/1671/1671 1673/1673/1673 1672/1672/1672
f 1671/1671/1671 1674/1674/1674 1673/1673/1673
f 1671/1671/1671 1675/1675/1675 1674/1674/1674
f 1671/1671/1671 1676/1676/1676 1675/1675/1675
f 1671/1671/1671 1677/1677/1677 1676/1676/1676
f 1671/1671/1671 1678/1678/1678 1677/1677/1677
f 1671/1671/1671 1679/1679/1679 1678/1678/1678
f 1671/1671/1671 1680/1680/1680 1679/1679/1679
f 1671/1671/1671 1681/1681/1681 1680/1680/1680
f 1671/1671/1671 1682/1682/1682 1681/1681/1681
f 1671/1671/1671 1683/1683/1683 1682/1682/1682
f 1671/1671/1671 1684/1684/1684 1683/1683/1683
f 1672/1672/1672 1673/1673/1673 1686/1686/1686
f 1672/1672/1672 1686/1686/1686 1685/1685/1685
f 1673/1673/1673 1674/1674/1674 1687/1687/1687
f 1673/1673/1673 1687/1687/1687 1686/1686/1686
f 1674/1674/1674 1675/1675/1675 1688/1688/1688
f 1674/1674/1674 1688/1688/1688 1687/1687/1687
f 1675/1675/1675 1676/1676/1676 1689/1689/1689
f 1675/1675/1675 1689/1689/1689 1688/1688/1688
f 1676/1676/1676 1677/1677/1677 1690/1690/1690
f 1676/1676/1676 1690/1690/1690 1689/1689/1689
f 1677/1677/1677 1678/1678/1678 1691/1691/1691
f 1677/1677/1677 1691/1691/1691 1690/1690/1690
f 1678/1678/1678 1679/1679/1679 1692/1692/1692
f 1678/1678/1678 1692/1692/1692 1691/1691/1691
f 1679/1679/1679 1680/1680/1680 1693/1693/1693
f 1679/1679/1679 1693/1693/1693 1692/1692/1692
f 1680/1680/1680 1681/1681/1681 1694/1694/1694
f 1680/1680/1680 1694/1694/1694 1693/1693/1693
f 1681/1681/1681 1682/1682/1682 1695/1695/1695
f 1681/1681/1681 1695/1695/1695 1694/1694/1694
f 1682/1682/1682 1683/1683/1683 1696/1696/1696
f 1682/1682/1682 1696/1696/1696 1695/1695/1695
f 1683/1683/1683 1684/1684/1684 1697/1697/1697
f 1683/1683/1683 1697/1697/1697 1696/1696/1696
f 1685/1685/1685 1686/1686/1686 1699/1699/1699
f 1685/1685/1685 1699/1699/1699 1698/1698/1698
f 1686/1686/1686 1687/1687/1687 1700/1700/1700
f 1686/1686/1686 1700/1700/1700 1699/1699/1699
f 1687/1687/1687 1688/1688/1688 1701/1701/1701
f 1687/1687/1687 1701/1701/1701 1700/1700/1700
f 1688/1688/1688 1689/1689/1689 1702/1702/1702
f 1688/1688/1688 1702/1702/1702 1701/1701/1701
f 1689/1689/1689 1690/1690/1690 1703/1703/1703
f 1689/1689/1689 1703/1703/1703 1702/1702/1702
f 1690/1690/1690 1691/1691/1691 1704/1704/1704
f 1690/1690/1690 1704/1704/1704 1703/1703/1703
f 1691/1691/1691 1692/1692/1692 1705/1705/1705
f 1691/1691/1691 1705/1705/1705 1704/1704/1704
f 1692/1692/1692 1693/1693/1693 1706/1706/1706
f 1692/1692/1692 1706/1706/1706 1705/1705/1705
f 1693/1693/1693 1694/1694/1694 1707/1707/1707
f 1693/1693/1693 1707/1707/1707 1706/1706/1706
f 1694/1694/1694 1695/1695/1695 1708/1708/1708
f 1694/1694/1694 1708/1708/1708 1707/1707/1707
f 1695/1695/1695 1696/1696/1696 1709/1709/1709
f 1695/1695/1695 1709/1709/1709 1708/1708/1708
f 1696/1696/1696 1697/1697/1697 1710/1710/1710
f 1696/1696/1696 1710/1710/1710 1709/1709/1709
f 1698/1698/1698 1699/1699/1699 1712/1712/1712
f 1698/1698/1698 1712/1712/1712 1711/1711/1711
f 1699/1699/1699 1700/1700/1700 1713/1713/1713
f 1699/1699/1699 1713/1713/1713 1712/1712/1712
f 1700/1700/1700 1701/1701/1701 1714/1714/1714
f 1700/1700/1700 1714/1714/1714 1713/1713/1713
f 1701/1701/1701 1702/1702/1702 1715/1715/1715
f 1701/1701/1701 1715/1715/1715 1714/1714/1714
f 1702/1702/1702 1703/1703/1703 1716/1716/1716
f 1702/1702/1702 1716/1716/1716 1715/1715/1715
f 1703/1703/1703 1704/1704/1704 1717/1717/1717
f 1703/1703/1703 1717/1717/1717 1716/1716/1716
f 1704/1704/1704 1705/1705/1705 1718/1718/1718
f 1704/1704/1704 1718/1718/1718 1717/1717/1717
f 1705/1705/1705 1706/1706/1706 1719/1719/1719
f 1705/1705/1705 1719/1719/1719 1718/1718/1718
f 1706/1706/1706 1707/1707/1707 1720/1720/1720
f 1706/1706/1706 1720/1720/1720 1719/1719/1719
f 1707/1707/1707 1708/1708/1708 1721/1721/1721
f 1707/1707/1707 1721/1721/1721 1720/1720/1720
f 1708/1708/1708 1709/1709/1709 1722/1722/1722
f 1708/1708/1708 1722/1722/1722 1721/1721/1721
f 1709/1709/1709 1710/1710/1710 1723/1723/1723
f 1709/1709/1709 1723/1723/1723 1722/1722/1722
f 1711/1711/1711 1712/1712/1712 1725/1725/1725
f 1711/1711/1711 1725/1725/1725 1724/1724/1724
f 1712/1712/1712 1713/1713/1713 1726/1726/1726
f 1712/1712/1712 1726/1726/1726 1725/1725/1725
f 1713/1713/1713 1714/1714/1714 1727/1727/1727
f 1713/1713/1713 1727/1727/1727 1726/1726/1726
f 1714/1714/1714 1715/1715/1715 1728/1728/1728
f 1714/1714/1714 1728/1728/1728 1727/1727/1727
f 1715/1715/1715 1716/1716/1716 1729/1729/1729
f 1715/1715/1715 1729/1729/1729 1728/1728/1728
f 1716/1716/1716 1717/1717/1717 1730/1730/1730
f 1716/1716/1716 1730/1730/1730 1729/1729/1729
f 1717/1717/1717 1718/1718/1718 1731/1731/1731
f 1717/1717/1717 1731/1731/1731 1730/1730/1730
f 1718/1718/1718 1719/1719/1719 1732/1732/1732
f 1718/1718/1718 1732/1732/1732 1731/1731/1731
f 1719/1719/1719 1720/1720/1720 1733/1733/1733
f 1719/1719/1719 1733/1733/1733 1732/1732/1732
f 1720/1720/1720 1721/1721/1721 1734/1734/1734
f 1720/1720/1720 1734/1734/1734 1733/1733/1733
f 1721/1721/1721 1722/1722/1722 1735/1735/1735
f 1721/1721/1721 1735/1735/1735 1734/1734/1734
f 1722/1722/1722 1723/1723/1723 1736/1736/1736
f 1722/1722/1722 1736/1736/1736 1735/1735/1735
f 1724/1724/1724 1725/1725/1725 1738/1738/1738
f 1724/1724/1724 1738/1738/1738 1737/1737/1737
f 1725/1725/1725 1726/1726/1726 1739/1739/1739
f 1725/1725/1725 1739/1739/1739 1738/1738/1738
f 1726/1726/1726 1727/1727/1727 1740/1740/1740
f 1726/1726/1726 1740/1740/1740 1739/1739/1739
f 1727/1727/1727 1728/1728/1728 1741/1741/1741
f 1727/1727/1727 1741/1741/1741 1740/1740/1740
f 1728/1728/1728 1729/1729/1729 1742/1742/1742
f 1728/1728/1728 1742/1742/1742 1741/1741/1741
f 1729/1729/1729 1730/1730/1730 1743/1743/1743
f 1729/1729/1729 1743/1743/1743 1742/1742/1742
f 1730/1730/1730 1731/1731/1731 1744/1744/1744
f 1730/1730/1730 1744/1744/1744 1743/1743/1743
f 1731/1731/1731 1732/1732/1732 1745/1745/1745
f 1731/1731/1731 1745/1745/1745 1744/1744/1744
f 1732/1732/1732 1733/1733/1733 1746/1746/1746
f 1732/1732/1732 1746/1746/1746 1745/1745/1745
f 1733/1733/1733 1734/1734/1734 1747/1747/1747
f 1733/1733/1733 1747/1747/1747 1746/1746/1746
f 1734/1734/1734 1735/1735/1735 1748/1748/1748
f 1734/1734/1734 1748/1748/1748 1747/1747/1747
f 1735/1735/1735 1736/1736/1736 1749/1749/1749
f 1735/1735/1735 1749/1749/1749 1748/1748/1748
f 1737/1737/1737 1738/1738/1738 1751/1751/1751
f 1737/1737/1737 1751/1751/1751 1750/1750/1750
f 1738/1738/1738 1739/1739/1739 1752/1752/1752
f 1738/1738/1738 1752/1752/1752 1751/1751/1751
f 1739/1739/1739 1740/1740/1740 1753/1753/1753
f 1739/1739/1739 1753/1753/1753 1752/1752/1752
f 1740/1740/1740 1741/1741/1741 1754/1754/1754
f 1740/1740/1740 1754/1754/1754 1753/1753/1753
f 1741/1741/1741 1742/1742/1742 1755/1755/1755
f 1741/1741/1741 1755/1755/1755 1754/1754/1754
f 1742/1742/1742 1743/1743/1743 1756/1756/1756
f 1742/1742/1742 1756/1756/1756 1755/1755/1755
f 1743/1743/1743 1744/1744/1744 1757/1757/1757
f 1743/1743/1743 1757/1757/1757 1756/1756/1756
f 1744/1744/1744 1745/1745/1745 1758/1758/1758
f 1744/1744/1744 1758/1758/1758 1757/1757/1757
f 1745/1745/1745 1746/1746/1746 1759/1759/1759
f 1745/1745/1745 1759/1759/1759 1758/1758/1758
f 1746/1746/1746 1747/1747/1747 1760/1760/1760
f 1746/1746/1746 1760/1760/1760 1759/1759/1759
f 1747/1747/1747 1748/1748/1748 1761/1761/1761
f 1747/1747/1747 1761/1761/1761 1760/1760/1760
f 1748/1748/1748 1749/1749/1749 1762/1762/1762
f 1748/1748/1748 1762/1762/1762 1761/1761/1761
f 1750/1750/1750 1751/1751/1751 1763/1763/1763
f 1751/1751/1751 1752/1752/1752 1763/1763/1763
f 1752/1752/1752 1753/1753/1753 1763/1763/1763
f 1753/1753/1753 1754/1754/1754 1763/1763/1763
f 1754/1754/1754 1755/1755/1755 1763/1763/1763
f 1755/1755/1755 1756/1756/1756 1763/1763/1763
f 1756/1756/1756 1757/1757/1757 1763/1763/1763
f 1757/1757/1757 1758/1758/1758 1763/1763/1763
f 1758/1758/1758 1759/1759/1759 1763/1763/1763
f 1759/1759/1759 1760/1760/1760 1763/1763/1763
f 1760/1760/1760 1761/1761/1761 1763/1763/1763
f 1761/1761/1761 1762/1762/1762 1763/1763/1763
o Eye_glint_-1
v 12.574027 66.740022 5.574823
v 12.629660 66.780234 5.574823
v 12.613365 66.780234 5.439330
v 12.574027 66.780234 5.383207
v 12.534689 66.780234 5.439330
v 12.518395 66.780234 5.574823
v 12.534689 66.780234 5.710316
v 12.574027 66.780234 5.766440
v 12.613365 66.780234 5.710316
v 12.629660 66.780234 5.574823
v 12.670386 66.890097 5.574823
v 12.642163 66.890097 5.340142
v 12.574027 66.890097 5.242934
v 12.505892 66.890097 5.340142
v 12.477669 66.890097 5.574823
v 12.505892 66.890097 5.809504
v 12.574027 66.890097 5.906712
v 12.642163 66.890097 5.809504
v 12.670386 66.890097 5.574823
v 12.685292 67.040173 5.574823
v 12.652704 67.040173 5.303837
v 12.574027 67.040173 5.191591
v 12.495351 67.040173 5.303837
v 12.462763 67.040173 5.574823
v 12.495351 67.040173 5.845810
v 12.574027 67.040173 5.958056
v 12.652704 67.040173 5.845810
v 12.685292 67.040173 5.574823
v 12.670386 67.190249 5.574823
v 12.642163 67.190249 5.340142
v 12.574027 67.190249 5.242934
v 12.505892 67.190249 5.340142
v 12.477669 67.190249 5.574823
v 12.505892 67.190249 5.809504
v 12.574027 67.190249 5.906712
v 12.642163 67.190249 5.809504
v 12.670386 67.190249 5.574823
v 12.629660 67.300112 5.574823
v 12.613365 67.300112 5.439330
v 12.574027 67.300112 5.383207
v 12.534689 67.300112 5.439330
v 12.518395 67.300112 5.574823
v 12.534689 67.300112 5.710316
v 12.574027 67.300112 5.766440
v 12.613365 67.300112 5.710316
v 12.629660 67.300112 5.574823
v 12.574027 67.340324 5.574823
vt 0.9042969 0.0910937
vt 0.8304687 0.1327344
vt 0.8489258 0.1327344
vt 0.8673828 0.1327344
vt 0.8858398 0.1327344
vt 0.9042969 0.1327344
vt 0.9227539 0.1327344
vt 0.9412109 0.1327344
vt 0.9596680 0.1327344
vt 0.9781250 0.1327344
vt 0.8304687 0.1103125
vt 0.8489258 0.1103125
vt 0.8673828 0.1103125
vt 0.8858398 0.1103125
vt 0.9042969 0.1103125
vt 0.9227539 0.1103125
vt 0.9412109 0.1103125
vt 0.9596680 0.1103125
vt 0.9781250 0.1103125
vt 0.8304687 0.0878906
vt 0.8489258 0.0878906
vt 0.8673828 0.0878906
vt 0.8858398 0.0878906
vt 0.9042969 0.0878906
vt 0.9227539 0.0878906
vt 0.9412109 0.0878906
vt 0.9596680 0.0878906
vt 0.9781250 0.0878906
vt 0.8304687 0.0654687
vt 0.8489258 0.0654687
vt 0.8673828 0.0654687
vt 0.8858398 0.0654687
vt 0.9042969 0.0654687
vt 0.9227539 0.0654687
vt 0.9412109 0.0654687
vt 0.9596680 0.0654687
vt 0.9781250 0.0654687
vt 0.8304687 0.0430469
vt 0.8489258 0.0430469
vt 0.8673828 0.0430469
vt 0.8858398 0.0430469
vt 0.9042969 0.0430469
vt 0.9227539 0.0430469
vt 0.9412109 0.0430469
vt 0.9596680 0.0430469
vt 0.9781250 0.0430469
vt 0.9042969 0.0910937
vn 0.0000000 -1.0000000 -0.0000000
vn 0.8803475 -0.4725474 -0.0410771
vn 0.7107962 -0.6428961 -0.2854004
vn -0.2546680 -0.8505792 -0.4600645
vn -0.8242830 -0.5390856 -0.1730443
vn -0.8803475 -0.4725474 0.0410771
vn -0.7107962 -0.6428961 0.2854004
vn 0.2546680 -0.8505792 0.4600645
vn 0.8242830 -0.5390856 0.1730443
vn 0.8803475 -0.4725474 -0.0410771
vn 0.9802696 -0.1969227 -0.0171179
vn 0.9133953 -0.2760984 -0.2991298
vn -0.1679402 -0.5609124 -0.8106623
vn -0.9373832 -0.2511982 -0.2412719
vn -0.9802696 -0.1969227 0.0171179
vn -0.9133953 -0.2760984 0.2991298
vn 0.1679402 -0.5609124 0.8106623
vn 0.9373832 -0.2511982 0.2412719
vn 0.9802696 -0.1969227 -0.0171179
vn 1.0000000 -0.0000000 -0.0000000
vn 0.9603438 -0.0000000 -0.2788187
vn 0.0000000 0.0000000 -1.0000000
vn -0.9603438 -0.0000000 -0.2788187
vn -1.0000000 -0.0000000 -0.0000000
vn -0.9603438 0.0000000 0.2788187
vn 0.0000000 -0.0000000 1.0000000
vn 0.9603438 0.0000000 0.2788187
vn 1.0000000 -0.0000000 -0.0000000
vn 0.9802696 0.1969227 0.0171179
vn 0.9373832 0.2511982 -0.2412719
vn 0.1679402 0.5609124 -0.8106623
vn -0.9133953 0.2760984 -0.2991298
vn -0.9802696 0.1969227 -0.0171179
vn -0.9373832 0.2511982 0.2412719
vn -0.1679402 0.5609124 0.8106623
vn 0.9133953 0.2760984 0.2991298
vn 0.9802696 0.1969227 0.0171179
vn 0.8803475 0.4725474 0.0410771
vn 0.8242830 0.5390856 -0.1730443
vn 0.2546680 0.8505792 -0.4600645
vn -0.7107962 0.6428961 -0.2854004
vn -0.8803475 0.4725474 -0.0410771
vn -0.8242830 0.5390856 0.1730443
vn -0.2546680 0.8505792 0.4600645
vn 0.7107962 0.6428961 0.2854004
vn 0.8803475 0.4725474 0.0410771
vn 0.0000000 1.0000000 -0.0000000
s 1
f 1764/1764/1764 1766/1766/1766 1765/1765/1765
f 1764/1764/1764 1767/1767/1767 1766/1766/1766
f 1764/1764/1764 1768/1768/1768 1767/1767/1767
f 1764/1764/1764 1769/1769/1769 1768/1768/1768
f 1764/1764/1764 1770/1770/1770 1769/1769/1769
f 1764/1764/1764 1771/1771/1771 1770/1770/1770
f 1764/1764/1764 1772/1772/1772 1771/1771/1771
f 1764/1764/1764 1773/1773/1773 1772/1772/1772
f 1765/1765/1765 1766/1766/1766 1775/1775/1775
f 1765/1765/1765 1775/1775/1775 1774/1774/1774
f 1766/1766/1766 1767/1767/1767 1776/1776/1776
f 1766/1766/1766 1776/1776/1776 1775/1775/1775
f 1767/1767/1767 1768/1768/1768 1777/1777/1777
f 1767/1767/1767 1777/1777/1777 1776/1776/1776
f 1768/1768/1768 1769/1769/1769 1778/1778/1778
f 1768/1768/1768 1778/1778/1778 1777/1777/1777
f 1769/1769/1769 1770/1770/1770 1779/1779/1779
f 1769/1769/1769 1779/1779/1779 1778/1778/1778
f 1770/1770/1770 1771/1771/1771 1780/1780/1780
f 1770/1770/1770 1780/1780/1780 1779/1779/1779
f 1771/1771/1771 1772/1772/1772 1781/1781/1781
f 1771/1771/1771 1781/1781/1781 1780/1780/1780
f 1772/1772/1772 1773/1773/1773 1782/1782/1782
f 1772/1772/1772 1782/1782/1782 1781/1781/1781
f 1774/1774/1774 1775/1775/1775 1784/1784/1784
f 1774/1774/1774 1784/1784/1784 1783/1783/1783
f 1775/1775/1775 1776/1776/1776 1785/1785/1785
f 1775/1775/1775 1785/1785/1785 1784/1784/1784
f 1776/1776/1776 1777/1777/1777 1786/1786/1786
f 1776/1776/1776 1786/1786/1786 1785/1785/1785
f 1777/1777/1777 1778/1778/1778 1787/1787/1787
f 1777/1777/1777 1787/1787/1787 1786/1786/1786
f 1778/1778/1778 1779/1779/1779 1788/1788/1788
f 1778/1778/1778 1788/1788/1788 1787/1787/1787
f 1779/1779/1779 1780/1780/1780 1789/1789/1789
f 1779/1779/1779 1789/1789/1789 1788/1788/1788
f 1780/1780/1780 1781/1781/1781 1790/1790/1790
f 1780/1780/1780 1790/1790/1790 1789/1789/1789
f 1781/1781/1781 1782/1782/1782 1791/1791/1791
f 1781/1781/1781 1791/1791/1791 1790/1790/1790
f 1783/1783/1783 1784/1784/1784 1793/1793/1793
f 1783/1783/1783 1793/1793/1793 1792/1792/1792
f 1784/1784/1784 1785/1785/1785 1794/1794/1794
f 1784/1784/1784 1794/1794/1794 1793/1793/1793
f 1785/1785/1785 1786/1786/1786 1795/1795/1795
f 1785/1785/1785 1795/1795/1795 1794/1794/1794
f 1786/1786/1786 1787/1787/1787 1796/1796/1796
f 1786/1786/1786 1796/1796/1796 1795/1795/1795
f 1787/1787/1787 1788/1788/1788 1797/1797/1797
f 1787/1787/1787 1797/1797/1797 1796/1796/1796
f 1788/1788/1788 1789/1789/1789 1798/1798/1798
f 1788/1788/1788 1798/1798/1798 1797/1797/1797
f 1789/1789/1789 1790/1790/1790 1799/1799/1799
f 1789/1789/1789 1799/1799/1799 1798/1798/1798
f 1790/1790/1790 1791/1791/1791 1800/1800/1800
f 1790/1790/1790 1800/1800/1800 1799/1799/1799
f 1792/1792/1792 1793/1793/1793 1802/1802/1802
f 1792/1792/1792 1802/1802/1802 1801/1801/1801
f 1793/1793/1793 1794/1794/1794 1803/1803/1803
f 1793/1793/1793 1803/1803/1803 1802/1802/1802
f 1794/1794/1794 1795/1795/1795 1804/1804/1804
f 1794/1794/1794 1804/1804/1804 1803/1803/1803
f 1795/1795/1795 1796/1796/1796 1805/1805/1805
f 1795/1795/1795 1805/1805/1805 1804/1804/1804
f 1796/1796/1796 1797/1797/1797 1806/1806/1806
f 1796/1796/1796 1806/1806/1806 1805/1805/1805
f 1797/1797/1797 1798/1798/1798 1807/1807/1807
f 1797/1797/1797 1807/1807/1807 1806/1806/1806
f 1798/1798/1798 1799/1799/1799 1808/1808/1808
f 1798/1798/1798 1808/1808/1808 1807/1807/1807
f 1799/1799/1799 1800/1800/1800 1809/1809/1809
f 1799/1799/1799 1809/1809/1809 1808/1808/1808
f 1801/1801/1801 1802/1802/1802 1810/1810/1810
f 1802/1802/1802 1803/1803/1803 1810/1810/1810
f 1803/1803/1803 1804/1804/1804 1810/1810/1810
f 1804/1804/1804 1805/1805/1805 1810/1810/1810
f 1805/1805/1805 1806/1806/1806 1810/1810/1810
f 1806/1806/1806 1807/1807/1807 1810/1810/1810
f 1807/1807/1807 1808/1808/1808 1810/1810/1810
f 1808/1808/1808 1809/1809/1809 1810/1810/1810
o Eye_1
v 12.184601 65.164226 -8.051224
v 12.362014 65.278465 -8.051224
v 12.338245 65.278465 -8.344538
v 12.273307 65.278465 -8.559258
v 12.184601 65.278465 -8.637851
v 12.095894 65.278465 -8.559258
v 12.030956 65.278465 -8.344538
v 12.007188 65.278465 -8.051224
v 12.030956 65.278465 -7.757911
v 12.095894 65.278465 -7.543190
v 12.184601 65.278465 -7.464597
v 12.273307 65.278465 -7.543190
v 12.338245 65.278465 -7.757911
v 12.362014 65.278465 -8.051224
v 12.512418 65.603788 -8.051224
v 12.468499 65.603788 -8.593197
v 12.348509 65.603788 -8.989949
v 12.184601 65.603788 -9.135170
v 12.020692 65.603788 -8.989949
v 11.900703 65.603788 -8.593197
v 11.856784 65.603788 -8.051224
v 11.900703 65.603788 -7.509252
v 12.020692 65.603788 -7.112500
v 12.184601 65.603788 -6.967279
v 12.348509 65.603788 -7.112500
v 12.468499 65.603788 -7.509252
v 12.512418 65.603788 -8.051224
v 12.612914 66.090669 -8.051224
v 12.555531 66.090669 -8.759346
v 12.398758 66.090669 -9.277727
v 12.184601 66.090669 -9.467467
v 11.970444 66.090669 -9.277727
v 11.813670 66.090669 -8.759346
v 11.756287 66.090669 -8.051224
v 11.813670 66.090669 -7.343103
v 11.970444 66.090669 -6.824722
v 12.184601 66.090669 -6.634981
v 12.398758 66.090669 -6.824722
v 12.555531 66.090669 -7.343103
v 12.612914 66.090669 -8.051224
v 12.648204 66.664984 -8.051224
v 12.586093 66.664984 -8.817689
v 12.416402 66.664984 -9.378781
v 12.184601 66.664984 -9.584155
v 11.952799 66.664984 -9.378781
v 11.783109 66.664984 -8.817689
v 11.720998 66.664984 -8.051224
v 11.783109 66.664984 -7.284759
v 11.952799 66.664984 -6.723668
v 12.184601 66.664984 -6.518294
v 12.416402 66.664984 -6.723668
v 12.586093 66.664984 -7.284759
v 12.648204 66.664984 -8.051224
v 12.612914 67.239299 -8.051224
v 12.555531 67.239299 -8.759346
v 12.398758 67.239299 -9.277727
v 12.184601 67.239299 -9.467467
v 11.970444 67.239299 -9.277727
v 11.813670 67.239299 -8.759346
v 11.756287 67.239299 -8.051224
v 11.813670 67.239299 -7.343103
v 11.970444 67.239299 -6.824722
v 12.184601 67.239299 -6.634981
v 12.398758 67.239299 -6.824722
v 12.555531 67.239299 -7.343103
v 12.612914 67.239299 -8.051224
v 12.512418 67.726179 -8.051224
v 12.468499 67.726179 -8.593197
v 12.348509 67.726179 -8.989949
v 12.184601 67.726179 -9.135170
v 12.020692 67.726179 -8.989949
v 11.900703 67.726179 -8.593197
v 11.856784 67.726179 -8.051224
v 11.900703 67.726179 -7.509252
v 12.020692 67.726179 -7.112500
v 12.184601 67.726179 -6.967279
v 12.348509 67.726179 -7.112500
v 12.468499 67.726179 -7.509252
v 12.512418 67.726179 -8.051224
v 12.362014 68.051503 -8.051224
v 12.338245 68.051503 -8.344538
v 12.273307 68.051503 -8.559258
v 12.184601 68.051503 -8.637851
v 12.095894 68.051503 -8.559258
v 12.030956 68.051503 -8.344538
v 12.007188 68.051503 -8.051224
v 12.030956 68.051503 -7.757911
v 12.095894 68.051503 -7.543190
v 12.184601 68.051503 -7.464597
v 12.273307 68.051503 -7.543190
v 12.338245 68.051503 -7.757911
v 12.362014 68.051503 -8.051224
v 12.184601 68.165741 -8.051224
vt 0.4980469 0.0910937
vt 0.4242187 0.1383398
vt 0.4365234 0.1383398
vt 0.4488281 0.1383398
vt 0.4611328 0.1383398
vt 0.4734375 0.1383398
vt 0.4857422 0.1383398
vt 0.4980469 0.1383398
vt 0.5103516 0.1383398
vt 0.5226563 0.1383398
vt 0.5349609 0.1383398
vt 0.5472656 0.1383398
vt 0.5595703 0.1383398
vt 0.5718750 0.1383398
vt 0.4242187 0.1215234
vt 0.4365234 0.1215234
vt 0.4488281 0.1215234
vt 0.4611328 0.1215234
vt 0.4734375 0.1215234
vt 0.4857422 0.1215234
vt 0.4980469 0.1215234
vt 0.5103516 0.1215234
vt 0.5226563 0.1215234
vt 0.5349609 0.1215234
vt 0.5472656 0.1215234
vt 0.5595703 0.1215234
vt 0.5718750 0.1215234
vt 0.4242187 0.1047070
vt 0.4365234 0.1047070
vt 0.4488281 0.1047070
vt 0.4611328 0.1047070
vt 0.4734375 0.1047070
vt 0.4857422 0.1047070
vt 0.4980469 0.1047070
vt 0.5103516 0.1047070
vt 0.5226563 0.1047070
vt 0.5349609 0.1047070
vt 0.5472656 0.1047070
vt 0.5595703 0.1047070
vt 0.5718750 0.1047070
vt 0.4242187 0.0878906
vt 0.4365234 0.0878906
vt 0.4488281 0.0878906
vt 0.4611328 0.0878906
vt 0.4734375 0.0878906
vt 0.4857422 0.0878906
vt 0.4980469 0.0878906
vt 0.5103516 0.0878906
vt 0.5226563 0.0878906
vt 0.5349609 0.0878906
vt 0.5472656 0.0878906
vt 0.5595703 0.0878906
vt 0.5718750 0.0878906
vt 0.4242187 0.0710742
vt 0.4365234 0.0710742
vt 0.4488281 0.0710742
vt 0.4611328 0.0710742
vt 0.4734375 0.0710742
vt 0.4857422 0.0710742
vt 0.4980469 0.0710742
vt 0.5103516 0.0710742
vt 0.5226563 0.0710742
vt 0.5349609 0.0710742
vt 0.5472656 0.0710742
vt 0.5595703 0.0710742
vt 0.5718750 0.0710742
vt 0.4242187 0.0542578
vt 0.4365234 0.0542578
vt 0.4488281 0.0542578
vt 0.4611328 0.0542578
vt 0.4734375 0.0542578
vt 0.4857422 0.0542578
vt 0.4980469 0.0542578
vt 0.5103516 0.0542578
vt 0.5226563 0.0542578
vt 0.5349609 0.0542578
vt 0.5472656 0.0542578
vt 0.5595703 0.0542578
vt 0.5718750 0.0542578
vt 0.4242187 0.0374414
vt 0.4365234 0.0374414
vt 0.4488281 0.0374414
vt 0.4611328 0.0374414
vt 0.4734375 0.0374414
vt 0.4857422 0.0374414
vt 0.4980469 0.0374414
vt 0.5103516 0.0374414
vt 0.5226563 0.0374414
vt 0.5349609 0.0374414
vt 0.5472656 0.0374414
vt 0.5595703 0.0374414
vt 0.5718750 0.0374414
vt 0.4980469 0.0910937
vn 0.0000000 -1.0000000 -0.0000000
vn 0.8455086 -0.5332364 -0.0278242
vn 0.7778303 -0.6044139 -0.1722323
vn 0.5072555 -0.7884127 -0.3479905
vn -0.1537236 -0.8909683 -0.4272523
vn -0.6598096 -0.7002650 -0.2725441
vn -0.8199866 -0.5618455 -0.1093236
vn -0.8455086 -0.5332364 0.0278242
vn -0.7778303 -0.6044139 0.1722323
vn -0.5072555 -0.7884127 0.3479905
vn 0.1537236 -0.8909683 0.4272523
vn 0.6598096 -0.7002650 0.2725441
vn 0.8199866 -0.5618455 0.1093236
vn 0.8455086 -0.5332364 -0.0278242
vn 0.9594907 -0.2813576 -0.0146812
vn 0.9285080 -0.3238529 -0.1816374
vn 0.7532727 -0.4842052 -0.4451130
vn -0.1192469 -0.6911440 -0.7128114
vn -0.8139605 -0.4389041 -0.3805674
vn -0.9398093 -0.3091882 -0.1454687
vn -0.9594907 -0.2813576 0.0146812
vn -0.9285080 -0.3238529 0.1816374
vn -0.7532727 -0.4842052 0.4451130
vn 0.1192469 -0.6911440 0.7128114
vn 0.8139605 -0.4389041 0.3805674
vn 0.9398093 -0.3091882 0.1454687
vn 0.9594907 -0.2813576 -0.0146812
vn 0.9923705 -0.1231239 -0.0064246
vn 0.9737427 -0.1412482 -0.1785334
vn 0.8544527 -0.2201887 -0.4705608
vn -0.0653456 -0.3787370 -0.9231946
vn -0.8750061 -0.2093623 -0.4364994
vn -0.9770129 -0.1382622 -0.1622634
vn -0.9923705 -0.1231239 0.0064246
vn -0.9737427 -0.1412482 0.1785334
vn -0.8544527 -0.2201887 0.4705608
vn 0.0653456 -0.3787370 0.9231946
vn 0.8750061 -0.2093623 0.4364994
vn 0.9770129 -0.1382622 0.1622634
vn 0.9923705 -0.1231239 -0.0064246
vn 1.0000000 0.0000000 -0.0000000
vn 0.9850960 0.0000000 -0.1720053
vn 0.8858266 0.0000000 -0.4640164
vn -0.0000000 -0.0000000 -1.0000000
vn -0.8858266 -0.0000000 -0.4640164
vn -0.9850960 -0.0000000 -0.1720053
vn -1.0000000 -0.0000000 0.0000000
vn -0.9850960 0.0000000 0.1720053
vn -0.8858266 0.0000000 0.4640164
vn 0.0000000 0.0000000 1.0000000
vn 0.8858266 -0.0000000 0.4640164
vn 0.9850960 -0.0000000 0.1720053
vn 1.0000000 0.0000000 -0.0000000
vn 0.9923705 0.1231239 0.0064246
vn 0.9770129 0.1382622 -0.1622634
vn 0.8750061 0.2093623 -0.4364994
vn 0.0653456 0.3787370 -0.9231946
vn -0.8544527 0.2201887 -0.4705608
vn -0.9737427 0.1412482 -0.1785334
vn -0.9923705 0.1231239 -0.0064246
vn -0.9770129 0.1382622 0.1622634
vn -0.8750061 0.2093623 0.4364994
vn -0.0653456 0.3787370 0.9231946
vn 0.8544527 0.2201887 0.4705608
vn 0.9737427 0.1412482 0.1785334
vn 0.9923705 0.1231239 0.0064246
vn 0.9594907 0.2813576 0.0146812
vn 0.9398093 0.3091882 -0.1454687
vn 0.8139605 0.4389041 -0.3805674
vn 0.1192469 0.6911440 -0.7128114
vn -0.7532727 0.4842052 -0.4451130
vn -0.9285080 0.3238529 -0.1816374
vn -0.9594907 0.2813576 -0.0146812
vn -0.9398093 0.3091882 0.1454687
vn -0.8139605 0.4389041 0.3805674
vn -0.1192469 0.6911440 0.7128114
vn 0.7532727 0.4842052 0.4451130
vn 0.9285080 0.3238529 0.1816374
vn 0.9594907 0.2813576 0.0146812
vn 0.8455086 0.5332364 0.0278242
vn 0.8199866 0.5618455 -0.1093236
vn 0.6598096 0.7002650 -0.2725441
vn 0.1537236 0.8909683 -0.4272523
vn -0.5072555 0.7884127 -0.3479905
vn -0.7778303 0.6044139 -0.1722323
vn -0.8455086 0.5332364 -0.0278242
vn -0.8199866 0.5618455 0.1093236
vn -0.6598096 0.7002650 0.2725441
vn -0.1537236 0.8909683 0.4272523
vn 0.5072555 0.7884127 0.3479905
vn 0.7778303 0.6044139 0.1722323
vn 0.8455086 0.5332364 0.0278242
vn -0.0000000 1.0000000 0.0000000
s 1
f 1811/1811/1811 1813/1813/1813 1812/1812/1812
f 1811/1811/1811 1814/1814/1814 1813/1813/1813
f 1811/1811/1811 1815/1815/1815 1814/1814/1814
f 1811/1811/1811 1816/1816/1816 1815/1815/1815
f 1811/1811/1811 1817/1817/1817 1816/1816/1816
f 1811/1811/1811 1818/1818/1818 1817/1817/1817
f 1811/1811/1811 1819/1819/1819 1818/1818/1818
f 1811/1811/1811 1820/1820/1820 1819/1819/1819
f 1811/1811/1811 1821/1821/1821 1820/1820/1820
f 1811/1811/1811 1822/1822/1822 1821/1821/1821
f 1811/1811/1811 1823/1823/1823 1822/1822/1822
f 1811/1811/1811 1824/1824/1824 1823/1823/1823
f 1812/1812/1812 1813/1813/1813 1826/1826/1826
f 1812/1812/1812 1826/1826/1826 1825/1825/1825
f 1813/1813/1813 1814/1814/1814 1827/1827/1827
f 1813/1813/1813 1827/1827/1827 1826/1826/1826
f 1814/1814/1814 1815/1815/1815 1828/1828/1828
f 1814/1814/1814 1828/1828/1828 1827/1827/1827
f 1815/1815/1815 1816/1816/1816 1829/1829/1829
f 1815/1815/1815 1829/1829/1829 1828/1828/1828
f 1816/1816/1816 1817/1817/1817 1830/1830/1830
f 1816/1816/1816 1830/1830/1830 1829/1829/1829
f 1817/1817/1817 1818/1818/1818 1831/1831/1831
f 1817/1817/1817 1831/1831/1831 1830/1830/1830
f 1818/1818/1818 1819/1819/1819 1832/1832/1832
f 1818/1818/1818 1832/1832/1832 1831/1831/1831
f 1819/1819/1819 1820/1820/1820 1833/1833/1833
f 1819/1819/1819 1833/1833/1833 1832/1832/1832
f 1820/1820/1820 1821/1821/1821 1834/1834/1834
f 1820/1820/1820 1834/1834/1834 1833/1833/1833
f 1821/1821/1821 1822/1822/1822 1835/1835/1835
f 1821/1821/1821 1835/1835/1835 1834/1834/1834
f 1822/1822/1822 1823/1823/1823 1836/1836/1836
f 1822/1822/1822 1836/1836/1836 1835/1835/1835
f 1823/1823/1823 1824/1824/1824 1837/1837/1837
f 1823/1823/1823 1837/1837/1837 1836/1836/1836
f 1825/1825/1825 1826/1826/1826 1839/1839/1839
f 1825/1825/1825 1839/1839/1839 1838/1838/1838
f 1826/1826/1826 1827/1827/1827 1840/1840/1840
f 1826/1826/1826 1840/1840/1840 1839/1839/1839
f 1827/1827/1827 1828/1828/1828 1841/1841/1841
f 1827/1827/1827 1841/1841/1841 1840/1840/1840
f 1828/1828/1828 1829/1829/1829 1842/1842/1842
f 1828/1828/1828 1842/1842/1842 1841/1841/1841
f 1829/1829/1829 1830/1830/1830 1843/1843/1843
f 1829/1829/1829 1843/1843/1843 1842/1842/1842
f 1830/1830/1830 1831/1831/1831 1844/1844/1844
f 1830/1830/1830 1844/1844/1844 1843/1843/1843
f 1831/1831/1831 1832/1832/1832 1845/1845/1845
f 1831/1831/1831 1845/1845/1845 1844/1844/1844
f 1832/1832/1832 1833/1833/1833 1846/1846/1846
f 1832/1832/1832 1846/1846/1846 1845/1845/1845
f 1833/1833/1833 1834/1834/1834 1847/1847/1847
f 1833/1833/1833 1847/1847/1847 1846/1846/1846
f 1834/1834/1834 1835/1835/1835 1848/1848/1848
f 1834/1834/1834 1848/1848/1848 1847/1847/1847
f 1835/1835/1835 1836/1836/1836 1849/1849/1849
f 1835/1835/1835 1849/1849/1849 1848/1848/1848
f 1836/1836/1836 1837/1837/1837 1850/1850/1850
f 1836/1836/1836 1850/1850/1850 1849/1849/1849
f 1838/1838/1838 1839/1839/1839 1852/1852/1852
f 1838/1838/1838 1852/1852/1852 1851/1851/1851
f 1839/1839/1839 1840/1840/1840 1853/1853/1853
f 1839/1839/1839 1853/1853/1853 1852/1852/1852
f 1840/1840/1840 1841/1841/1841 1854/1854/1854
f 1840/1840/1840 1854/1854/1854 1853/1853/1853
f 1841/1841/1841 1842/1842/1842 1855/1855/1855
f 1841/1841/1841 1855/1855/1855 1854/1854/1854
f 1842/1842/1842 1843/1843/1843 1856/1856/1856
f 1842/1842/1842 1856/1856/1856 1855/1855/1855
f 1843/1843/1843 1844/1844/1844 1857/1857/1857
f 1843/1843/1843 1857/1857/1857 1856/1856/1856
f 1844/1844/1844 1845/1845/1845 1858/1858/1858
f 1844/1844/1844 1858/1858/1858 1857/1857/1857
f 1845/1845/1845 1846/1846/1846 1859/1859/1859
f 1845/1845/1845 1859/1859/1859 1858/1858/1858
f 1846/1846/1846 1847/1847/1847 1860/1860/1860
f 1846/1846/1846 1860/1860/1860 1859/1859/1859
f 1847/1847/1847 1848/1848/1848 1861/1861/1861
f 1847/1847/1847 1861/1861/1861 1860/1860/1860
f 1848/1848/1848 1849/1849/1849 1862/1862/1862
f 1848/1848/1848 1862/1862/1862 1861/1861/1861
f 1849/1849/1849 1850/1850/1850 1863/1863/1863
f 1849/1849/1849 1863/1863/1863 1862/1862/1862
f 1851/1851/1851 1852/1852/1852 1865/1865/1865
f 1851/1851/1851 1865/1865/1865 1864/1864/1864
f 1852/1852/1852 1853/1853/1853 1866/1866/1866
f 1852/1852/1852 1866/1866/1866 1865/1865/1865
f 1853/1853/1853 1854/1854/1854 1867/1867/1867
f 1853/1853/1853 1867/1867/1867 1866/1866/1866
f 1854/1854/1854 1855/1855/1855 1868/1868/1868
f 1854/1854/1854 1868/1868/1868 1867/1867/1867
f 1855/1855/1855 1856/1856/1856 1869/1869/1869
f 1855/1855/1855 1869/1869/1869 1868/1868/1868
f 1856/1856/1856 1857/1857/1857 1870/1870/1870
f 1856/1856/1856 1870/1870/1870 1869/1869/1869
f 1857/1857/1857 1858/1858/1858 1871/1871/1871
f 1857/1857/1857 1871/1871/1871 1870/1870/1870
f 1858/1858/1858 1859/1859/1859 1872/1872/1872
f 1858/1858/1858 1872/1872/1872 1871/1871/1871
f 1859/1859/1859 1860/1860/1860 1873/1873/1873
f 1859/1859/1859 1873/1873/1873 1872/1872/1872
f 1860/1860/1860 1861/1861/1861 1874/1874/1874
f 1860/1860/1860 1874/1874/1874 1873/1873/1873
f 1861/1861/1861 1862/1862/1862 1875/1875/1875
f 1861/1861/1861 1875/1875/1875 1874/1874/1874
f 1862/1862/1862 1863/1863/1863 1876/1876/1876
f 1862/1862/1862 1876/1876/1876 1875/1875/1875
f 1864/1864/1864 1865/1865/1865 1878/1878/1878
f 1864/1864/1864 1878/1878/1878 1877/1877/1877
f 1865/1865/1865 1866/1866/1866 1879/1879/1879
f 1865/1865/1865 1879/1879/1879 1878/1878/1878
f 1866/1866/1866 1867/1867/1867 1880/1880/1880
f 1866/1866/1866 1880/1880/1880 1879/1879/1879
f 1867/1867/1867 1868/1868/1868 1881/1881/1881
f 1867/1867/1867 1881/1881/1881 1880/1880/1880
f 1868/1868/1868 1869/1869/1869 1882/1882/1882
f 1868/1868/1868 1882/1882/1882 1881/1881/1881
f 1869/1869/1869 1870/1870/1870 1883/1883/1883
f 1869/1869/1869 1883/1883/1883 1882/1882/1882
f 1870/1870/1870 1871/1871/1871 1884/1884/1884
f 1870/1870/1870 1884/1884/1884 1883/1883/1883
f 1871/1871/1871 1872/1872/1872 1885/1885/1885
f 1871/1871/1871 1885/1885/1885 1884/1884/1884
f 1872/1872/1872 1873/1873/1873 1886/1886/1886
f 1872/1872/1872 1886/1886/1886 1885/1885/1885
f 1873/1873/1873 1874/1874/1874 1887/1887/1887
f 1873/1873/1873 1887/1887/1887 1886/1886/1886
f 1874/1874/1874 1875/1875/1875 1888/1888/1888
f 1874/1874/1874 1888/1888/1888 1887/1887/1887
f 1875/1875/1875 1876/1876/1876 1889/1889/1889
f 1875/1875/1875 1889/1889/1889 1888/1888/1888
f 1877/1877/1877 1878/1878/1878 1891/1891/1891
f 1877/1877/1877 1891/1891/1891 1890/1890/1890
f 1878/1878/1878 1879/1879/1879 1892/1892/1892
f 1878/1878/1878 1892/1892/1892 1891/1891/1891
f 1879/1879/1879 1880/1880/1880 1893/1893/1893
f 1879/1879/1879 1893/1893/1893 1892/1892/1892
f 1880/1880/1880 1881/1881/1881 1894/1894/1894
f 1880/1880/1880 1894/1894/1894 1893/1893/1893
f 1881/1881/1881 1882/1882/1882 1895/1895/1895
f 1881/1881/1881 1895/1895/1895 1894/1894/1894
f 1882/1882/1882 1883/1883/1883 1896/1896/1896
f 1882/1882/1882 1896/1896/1896 1895/1895/1895
f 1883/1883/1883 1884/1884/1884 1897/1897/1897
f 1883/1883/1883 1897/1897/1897 1896/1896/1896
f 1884/1884/1884 1885/1885/1885 1898/1898/1898
f 1884/1884/1884 1898/1898/1898 1897/1897/1897
f 1885/1885/1885 1886/1886/1886 1899/1899/1899
f 1885/1885/1885 1899/1899/1899 1898/1898/1898
f 1886/1886/1886 1887/1887/1887 1900/1900/1900
f 1886/1886/1886 1900/1900/1900 1899/1899/1899
f 1887/1887/1887 1888/1888/1888 1901/1901/1901
f 1887/1887/1887 1901/1901/1901 1900/1900/1900
f 1888/1888/1888 1889/1889/1889 1902/1902/1902
f 1888/1888/1888 1902/1902/1902 1901/1901/1901
f 1890/1890/1890 1891/1891/1891 1903/1903/1903
f 1891/1891/1891 1892/1892/1892 1903/1903/1903
f 1892/1892/1892 1893/1893/1893 1903/1903/1903
f 1893/1893/1893 1894/1894/1894 1903/1903/1903
f 1894/1894/1894 1895/1895/1895 1903/1903/1903
f 1895/1895/1895 1896/1896/1896 1903/1903/1903
f 1896/1896/1896 1897/1897/1897 1903/1903/1903
f 1897/1897/1897 1898/1898/1898 1903/1903/1903
f 1898/1898/1898 1899/1899/1899 1903/1903/1903
f 1899/1899/1899 1900/1900/1900 1903/1903/1903
f 1900/1900/1900 1901/1901/1901 1903/1903/1903
f 1901/1901/1901 1902/1902/1902 1903/1903/1903
o Eye_glint_1
v 12.574027 66.740022 -8.051224
v 12.629660 66.780234 -8.051224
v 12.613365 66.780234 -8.186717
v 12.574027 66.780234 -8.242841
v 12.534689 66.780234 -8.186717
v 12.518395 66.780234 -8.051224
v 12.534689 66.780234 -7.915731
v 12.574027 66.780234 -7.859608
v 12.613365 66.780234 -7.915731
v 12.629660 66.780234 -8.051224
v 12.670386 66.890097 -8.051224
v 12.642163 66.890097 -8.285905
v 12.574027 66.890097 -8.383113
v 12.505892 66.890097 -8.285905
v 12.477669 66.890097 -8.051224
v 12.505892 66.890097 -7.816543
v 12.574027 66.890097 -7.719335
v 12.642163 66.890097 -7.816543
v 12.670386 66.890097 -8.051224
v 12.685292 67.040173 -8.051224
v 12.652704 67.040173 -8.322211
v 12.574027 67.040173 -8.434457
v 12.495351 67.040173 -8.322211
v 12.462763 67.040173 -8.051224
v 12.495351 67.040173 -7.780238
v 12.574027 67.040173 -7.667992
v 12.652704 67.040173 -7.780238
v 12.685292 67.040173 -8.051224
v 12.670386 67.190249 -8.051224
v 12.642163 67.190249 -8.285905
v 12.574027 67.190249 -8.383113
v 12.505892 67.190249 -8.285905
v 12.477669 67.190249 -8.051224
v 12.505892 67.190249 -7.816543
v 12.574027 67.190249 -7.719335
v 12.642163 67.190249 -7.816543
v 12.670386 67.190249 -8.051224
v 12.629660 67.300112 -8.051224
v 12.613365 67.300112 -8.186717
v 12.574027 67.300112 -8.242841
v 12.534689 67.300112 -8.186717
v 12.518395 67.300112 -8.051224
v 12.534689 67.300112 -7.915731
v 12.574027 67.300112 -7.859608
v 12.613365 67.300112 -7.915731
v 12.629660 67.300112 -8.051224
v 12.574027 67.340324 -8.051224
vt 0.9042969 0.0910937
vt 0.8304687 0.1327344
vt 0.8489258 0.1327344
vt 0.8673828 0.1327344
vt 0.8858398 0.1327344
vt 0.9042969 0.1327344
vt 0.9227539 0.1327344
vt 0.9412109 0.1327344
vt 0.9596680 0.1327344
vt 0.9781250 0.1327344
vt 0.8304687 0.1103125
vt 0.8489258 0.1103125
vt 0.8673828 0.1103125
vt 0.8858398 0.1103125
vt 0.9042969 0.1103125
vt 0.9227539 0.1103125
vt 0.9412109 0.1103125
vt 0.9596680 0.1103125
vt 0.9781250 0.1103125
vt 0.8304687 0.0878906
vt 0.8489258 0.0878906
vt 0.8673828 0.0878906
vt 0.8858398 0.0878906
vt 0.9042969 0.0878906
vt 0.9227539 0.0878906
vt 0.9412109 0.0878906
vt 0.9596680 0.0878906
vt 0.9781250 0.0878906
vt 0.8304687 0.0654687
vt 0.8489258 0.0654687
vt 0.8673828 0.0654687
vt 0.8858398 0.0654687
vt 0.9042969 0.0654687
vt 0.9227539 0.0654687
vt 0.9412109 0.0654687
vt 0.9596680 0.0654687
vt 0.9781250 0.0654687
vt 0.8304687 0.0430469
vt 0.8489258 0.0430469
vt 0.8673828 0.0430469
vt 0.8858398 0.0430469
vt 0.9042969 0.0430469
vt 0.9227539 0.0430469
vt 0.9412109 0.0430469
vt 0.9596680 0.0430469
vt 0.9781250 0.0430469
vt 0.9042969 0.0910937
vn 0.0000000 -1.0000000 -0.0000000
vn 0.8803475 -0.4725474 -0.0410771
vn 0.7107962 -0.6428961 -0.2854004
vn -0.2546680 -0.8505792 -0.4600645
vn -0.8242830 -0.5390856 -0.1730443
vn -0.8803475 -0.4725474 0.0410771
vn -0.7107962 -0.6428961 0.2854004
vn 0.2546680 -0.8505792 0.4600645
vn 0.8242830 -0.5390856 0.1730443
vn 0.8803475 -0.4725474 -0.0410771
vn 0.9802696 -0.1969227 -0.0171179
vn 0.9133953 -0.2760984 -0.2991298
vn -0.1679402 -0.5609124 -0.8106623
vn -0.9373832 -0.2511982 -0.2412719
vn -0.9802696 -0.1969227 0.0171179
vn -0.9133953 -0.2760984 0.2991298
vn 0.1679402 -0.5609124 0.8106623
vn 0.9373832 -0.2511982 0.2412719
vn 0.9802696 -0.1969227 -0.0171179
vn 1.0000000 0.0000000 -0.0000000
vn 0.9603438 -0.0000000 -0.2788187
vn 0.0000000 0.0000000 -1.0000000
vn -0.9603438 0.0000000 -0.2788187
vn -1.0000000 -0.0000000 -0.0000000
vn -0.9603438 0.0000000 0.2788187
vn 0.0000000 -0.0000000 1.0000000
vn 0.9603438 0.0000000 0.2788187
vn 1.0000000 0.0000000 -0.0000000
vn 0.9802696 0.1969227 0.0171179
vn 0.9373832 0.2511982 -0.2412719
vn 0.1679402 0.5609124 -0.8106623
vn -0.9133953 0.2760984 -0.2991298
vn -0.9802696 0.1969227 -0.0171179
vn -0.9373832 0.2511982 0.2412719
vn -0.1679402 0.5609124 0.8106623
vn 0.9133953 0.2760984 0.2991298
vn 0.9802696 0.1969227 0.0171179
vn 0.8803475 0.4725474 0.0410771
vn 0.8242830 0.5390856 -0.1730443
vn 0.2546680 0.8505792 -0.4600645
vn -0.7107962 0.6428961 -0.2854004
vn -0.8803475 0.4725474 -0.0410771
vn -0.8242830 0.5390856 0.1730443
vn -0.2546680 0.8505792 0.4600645
vn 0.7107962 0.6428961 0.2854004
vn 0.8803475 0.4725474 0.0410771
vn 0.0000000 1.0000000 -0.0000000
s 1
f 1904/1904/1904 1906/1906/1906 1905/1905/1905
f 1904/1904/1904 1907/1907/1907 1906/1906/1906
f 1904/1904/1904 1908/1908/1908 1907/1907/1907
f 1904/1904/1904 1909/1909/1909 1908/1908/1908
f 1904/1904/1904 1910/1910/1910 1909/1909/1909
f 1904/1904/1904 1911/1911/1911 1910/1910/1910
f 1904/1904/1904 1912/1912/1912 1911/1911/1911
f 1904/1904/1904 1913/1913/1913 1912/1912/1912
f 1905/1905/1905 1906/1906/1906 1915/1915/1915
f 1905/1905/1905 1915/1915/1915 1914/1914/1914
f 1906/1906/1906 1907/1907/1907 1916/1916/1916
f 1906/1906/1906 1916/1916/1916 1915/1915/1915
f 1907/1907/1907 1908/1908/1908 1917/1917/1917
f 1907/1907/1907 1917/1917/1917 1916/1916/1916
f 1908/1908/1908 1909/1909/1909 1918/1918/1918
f 1908/1908/1908 1918/1918/1918 1917/1917/1917
f 1909/1909/1909 1910/1910/1910 1919/1919/1919
f 1909/1909/1909 1919/1919/1919 1918/1918/1918
f 1910/1910/1910 1911/1911/1911 1920/1920/1920
f 1910/1910/1910 1920/1920/1920 1919/1919/1919
f 1911/1911/1911 1912/1912/1912 1921/1921/1921
f 1911/1911/1911 1921/1921/1921 1920/1920/1920
f 1912/1912/1912 1913/1913/1913 1922/1922/1922
f 1912/1912/1912 1922/1922/1922 1921/1921/1921
f 1914/1914/1914 1915/1915/1915 1924/1924/1924
f 1914/1914/1914 1924/1924/1924 1923/1923/1923
f 1915/1915/1915 1916/1916/1916 1925/1925/1925
f 1915/1915/1915 1925/1925/1925 1924/1924/1924
f 1916/1916/1916 1917/1917/1917 1926/1926/1926
f 1916/1916/1916 1926/1926/1926 1925/1925/1925
f 1917/1917/1917 1918/1918/1918 1927/1927/1927
f 1917/1917/1917 1927/1927/1927 1926/1926/1926
f 1918/1918/1918 1919/1919/1919 1928/1928/1928
f 1918/1918/1918 1928/1928/1928 1927/1927/1927
f 1919/1919/1919 1920/1920/1920 1929/1929/1929
f 1919/1919/1919 1929/1929/1929 1928/1928/1928
f 1920/1920/1920 1921/1921/1921 1930/1930/1930
f 1920/1920/1920 1930/1930/1930 1929/1929/1929
f 1921/1921/1921 1922/1922/1922 1931/1931/1931
f 1921/1921/1921 1931/1931/1931 1930/1930/1930
f 1923/1923/1923 1924/1924/1924 1933/1933/1933
f 1923/1923/1923 1933/1933/1933 1932/1932/1932
f 1924/1924/1924 1925/1925/1925 1934/1934/1934
f 1924/1924/1924 1934/1934/1934 1933/1933/1933
f 1925/1925/1925 1926/1926/1926 1935/1935/1935
f 1925/1925/1925 1935/1935/1935 1934/1934/1934
f 1926/1926/1926 1927/1927/1927 1936/1936/1936
f 1926/1926/1926 1936/1936/1936 1935/1935/1935
f 1927/1927/1927 1928/1928/1928 1937/1937/1937
f 1927/1927/1927 1937/1937/1937 1936/1936/1936
f 1928/1928/1928 1929/1929/1929 1938/1938/1938
f 1928/1928/1928 1938/1938/1938 1937/1937/1937
f 1929/1929/1929 1930/1930/1930 1939/1939/1939
f 1929/1929/1929 1939/1939/1939 1938/1938/1938
f 1930/1930/1930 1931/1931/1931 1940/1940/1940
f 1930/1930/1930 1940/1940/1940 1939/1939/1939
f 1932/1932/1932 1933/1933/1933 1942/1942/1942
f 1932/1932/1932 1942/1942/1942 1941/1941/1941
f 1933/1933/1933 1934/1934/1934 1943/1943/1943
f 1933/1933/1933 1943/1943/1943 1942/1942/1942
f 1934/1934/1934 1935/1935/1935 1944/1944/1944
f 1934/1934/1934 1944/1944/1944 1943/1943/1943
f 1935/1935/1935 1936/1936/1936 1945/1945/1945
f 1935/1935/1935 1945/1945/1945 1944/1944/1944
f 1936/1936/1936 1937/1937/1937 1946/1946/1946
f 1936/1936/1936 1946/1946/1946 1945/1945/1945
f 1937/1937/1937 1938/1938/1938 1947/1947/1947
f 1937/1937/1937 1947/1947/1947 1946/1946/1946
f 1938/1938/1938 1939/1939/1939 1948/1948/1948
f 1938/1938/1938 1948/1948/1948 1947/1947/1947
f 1939/1939/1939 1940/1940/1940 1949/1949/1949
f 1939/1939/1939 1949/1949/1949 1948/1948/1948
f 1941/1941/1941 1942/1942/1942 1950/1950/1950
f 1942/1942/1942 1943/1943/1943 1950/1950/1950
f 1943/1943/1943 1944/1944/1944 1950/1950/1950
f 1944/1944/1944 1945/1945/1945 1950/1950/1950
f 1945/1945/1945 1946/1946/1946 1950/1950/1950
f 1946/1946/1946 1947/1947/1947 1950/1950/1950
f 1947/1947/1947 1948/1948/1948 1950/1950/1950
f 1948/1948/1948 1949/1949/1949 1950/1950/1950
o Tooth_0
v 16.601552 60.138697 4.084474
v 16.453535 60.066824 4.637623
v 16.157501 59.923078 4.637623
v 16.009483 59.851204 4.084474
v 16.157501 59.923078 3.531326
v 16.453535 60.066824 3.531326
v 16.601552 60.138697 4.084474
v 16.654058 58.346609 4.084474
v 16.634322 58.337026 4.158227
v 16.594851 58.317860 4.158227
v 16.575115 58.308277 4.084474
v 16.594851 58.317860 4.010721
v 16.634322 58.337026 4.010721
v 16.654058 58.346609 4.084474
v 16.305518 59.994951 4.084474
v 16.614586 58.327443 4.084474
vt 0.6132812 0.1679688
vt 0.6132812 0.1412760
vt 0.6132812 0.1145833
vt 0.6132812 0.0878906
vt 0.6132812 0.0611979
vt 0.6132812 0.0345052
vt 0.6132812 0.0078125
vt 0.7851562 0.1679688
vt 0.7851562 0.1412760
vt 0.7851562 0.1145833
vt 0.7851562 0.0878906
vt 0.7851562 0.0611979
vt 0.7851562 0.0345052
vt 0.7851562 0.0078125
vt 0.6132812 0.0878906
vt 0.7851562 0.0878906
vn 0.9805841 0.1952723 0.0179855
vn 0.7109991 0.1528470 0.6863804
vn -0.7758888 -0.1240178 0.6185598
vn -0.9854166 -0.1692197 -0.0178547
vn -0.7237422 -0.1132529 -0.6807137
vn 0.7646774 0.1616901 -0.6237986
vn 0.9805841 0.1952723 0.0179855
vn 0.9776207 0.0240557 -0.2089952
vn 0.9491231 0.0068303 0.3148313
vn -0.0483889 -0.3067700 0.9505528
vn -0.9123563 -0.3402700 0.2276451
vn -0.8726510 -0.3465396 -0.3440792
vn 0.3047959 -0.2328383 -0.9235182
vn 0.9776207 0.0240557 -0.2089952
vn -0.4368018 0.8995578 -0.0000000
vn 0.4368018 -0.8995578 -0.0000000
s 1
f 1951/1951/1951 1952/1952/1952 1959/1959/1959
f 1951/1951/1951 1959/1959/1959 1958/1958/1958
f 1952/1952/1952 1953/1953/1953 1960/1960/1960
f 1952/1952/1952 1960/1960/1960 1959/1959/1959
f 1953/1953/1953 1954/1954/1954 1961/1961/1961
f 1953/1953/1953 1961/1961/1961 1960/1960/1960
f 1954/1954/1954 1955/1955/1955 1962/1962/1962
f 1954/1954/1954 1962/1962/1962 1961/1961/1961
f 1955/1955/1955 1956/1956/1956 1963/1963/1963
f 1955/1955/1955 1963/1963/1963 1962/1962/1962
f 1956/1956/1956 1957/1957/1957 1964/1964/1964
f 1956/1956/1956 1964/1964/1964 1963/1963/1963
f 1965/1965/1965 1952/1952/1952 1951/1951/1951
f 1965/1965/1965 1953/1953/1953 1952/1952/1952
f 1965/1965/1965 1954/1954/1954 1953/1953/1953
f 1965/1965/1965 1955/1955/1955 1954/1954/1954
f 1965/1965/1965 1956/1956/1956 1955/1955/1955
f 1965/1965/1965 1957/1957/1957 1956/1956/1956
f 1966/1966/1966 1958/1958/1958 1959/1959/1959
f 1966/1966/1966 1959/1959/1959 1960/1960/1960
f 1966/1966/1966 1960/1960/1960 1961/1961/1961
f 1966/1966/1966 1961/1961/1961 1962/1962/1962
f 1966/1966/1966 1962/1962/1962 1963/1963/1963
f 1966/1966/1966 1963/1963/1963 1964/1964/1964
o Tooth_1
v 16.601552 60.138697 2.563710
v 16.453535 60.066824 3.116859
v 16.157501 59.923078 3.116859
v 16.009483 59.851204 2.563710
v 16.157501 59.923078 2.010561
v 16.453535 60.066824 2.010561
v 16.601552 60.138697 2.563710
v 16.654058 58.346609 2.563710
v 16.634322 58.337026 2.637463
v 16.594851 58.317860 2.637463
v 16.575115 58.308277 2.563710
v 16.594851 58.317860 2.489957
v 16.634322 58.337026 2.489957
v 16.654058 58.346609 2.563710
v 16.305518 59.994951 2.563710
v 16.614586 58.327443 2.563710
vt 0.6132812 0.1679688
vt 0.6132812 0.1412760
vt 0.6132812 0.1145833
vt 0.6132812 0.0878906
vt 0.6132812 0.0611979
vt 0.6132812 0.0345052
vt 0.6132812 0.0078125
vt 0.7851562 0.1679688
vt 0.7851562 0.1412760
vt 0.7851562 0.1145833
vt 0.7851562 0.0878906
vt 0.7851562 0.0611979
vt 0.7851562 0.0345052
vt 0.7851562 0.0078125
vt 0.6132812 0.0878906
vt 0.7851562 0.0878906
vn 0.9805841 0.1952723 0.0179855
vn 0.7109991 0.1528470 0.6863804
vn -0.7758888 -0.1240178 0.6185598
vn -0.9854166 -0.1692197 -0.0178547
vn -0.7237422 -0.1132529 -0.6807137
vn 0.7646774 0.1616901 -0.6237986
vn 0.9805841 0.1952723 0.0179855
vn 0.9776207 0.0240557 -0.2089952
vn 0.9491231 0.0068303 0.3148313
vn -0.0483889 -0.3067700 0.9505528
vn -0.9123563 -0.3402700 0.2276451
vn -0.8726510 -0.3465396 -0.3440792
vn 0.3047959 -0.2328383 -0.9235182
vn 0.9776207 0.0240557 -0.2089952
vn -0.4368018 0.8995578 -0.0000000
vn 0.4368018 -0.8995578 -0.0000000
s 1
f 1967/1967/1967 1968/1968/1968 1975/1975/1975
f 1967/1967/1967 1975/1975/1975 1974/1974/1974
f 1968/1968/1968 1969/1969/1969 1976/1976/1976
f 1968/1968/1968 1976/1976/1976 1975/1975/1975
f 1969/1969/1969 1970/1970/1970 1977/1977/1977
f 1969/1969/1969 1977/1977/1977 1976/1976/1976
f 1970/1970/1970 1971/1971/1971 1978/1978/1978
f 1970/1970/1970 1978/1978/1978 1977/1977/1977
f 1971/1971/1971 1972/1972/1972 1979/1979/1979
f 1971/1971/1971 1979/1979/1979 1978/1978/1978
f 1972/1972/1972 1973/1973/1973 1980/1980/1980
f 1972/1972/1972 1980/1980/1980 1979/1979/1979
f 1981/1981/1981 1968/1968/1968 1967/1967/1967
f 1981/1981/1981 1969/1969/1969 1968/1968/1968
f 1981/1981/1981 1970/1970/1970 1969/1969/1969
f 1981/1981/1981 1971/1971/1971 1970/1970/1970
f 1981/1981/1981 1972/1972/1972 1971/1971/1971
f 1981/1981/1981 1973/1973/1973 1972/1972/1972
f 1982/1982/1982 1974/1974/1974 1975/1975/1975
f 1982/1982/1982 1975/1975/1975 1976/1976/1976
f 1982/1982/1982 1976/1976/1976 1977/1977/1977
f 1982/1982/1982 1977/1977/1977 1978/1978/1978
f 1982/1982/1982 1978/1978/1978 1979/1979/1979
f 1982/1982/1982 1979/1979/1979 1980/1980/1980
o Tooth_2
v 16.601552 60.138697 1.042946
v 16.453535 60.066824 1.596094
v 16.157501 59.923078 1.596094
v 16.009483 59.851204 1.042946
v 16.157501 59.923078 0.489797
v 16.453535 60.066824 0.489797
v 16.601552 60.138697 1.042946
v 16.654058 58.346609 1.042946
v 16.634322 58.337026 1.116699
v 16.594851 58.317860 1.116699
v 16.575115 58.308277 1.042946
v 16.594851 58.317860 0.969193
v 16.634322 58.337026 0.969193
v 16.654058 58.346609 1.042946
v 16.305518 59.994951 1.042946
v 16.614586 58.327443 1.042946
vt 0.6132812 0.1679688
vt 0.6132812 0.1412760
vt 0.6132812 0.1145833
vt 0.6132812 0.0878906
vt 0.6132812 0.0611979
vt 0.6132812 0.0345052
vt 0.6132812 0.0078125
vt 0.7851562 0.1679688
vt 0.7851562 0.1412760
vt 0.7851562 0.1145833
vt 0.7851562 0.0878906
vt 0.7851562 0.0611979
vt 0.7851562 0.0345052
vt 0.7851562 0.0078125
vt 0.6132812 0.0878906
vt 0.7851562 0.0878906
vn 0.9805841 0.1952723 0.0179855
vn 0.7109991 0.1528470 0.6863804
vn -0.7758888 -0.1240178 0.6185598
vn -0.9854166 -0.1692197 -0.0178547
vn -0.7237422 -0.1132529 -0.6807137
vn 0.7646774 0.1616901 -0.6237986
vn 0.9805841 0.1952723 0.0179855
vn 0.9776207 0.0240557 -0.2089952
vn 0.9491231 0.0068303 0.3148313
vn -0.0483889 -0.3067700 0.9505528
vn -0.9123563 -0.3402700 0.2276451
vn -0.8726510 -0.3465396 -0.3440792
vn 0.3047959 -0.2328383 -0.9235182
vn 0.9776207 0.0240557 -0.2089952
vn -0.4368018 0.8995578 -0.0000000
vn 0.4368018 -0.8995578 -0.0000000
s 1
f 1983/1983/1983 1984/1984/1984 1991/1991/1991
f 1983/1983/1983 1991/1991/1991 1990/1990/1990
f 1984/1984/1984 1985/1985/1985 1992/1992/1992
f 1984/1984/1984 1992/1992/1992 1991/1991/1991
f 1985/1985/1985 1986/1986/1986 1993/1993/1993
f 1985/1985/1985 1993/1993/1993 1992/1992/1992
f 1986/1986/1986 1987/1987/1987 1994/1994/1994
f 1986/1986/1986 1994/1994/1994 1993/1993/1993
f 1987/1987/1987 1988/1988/1988 1995/1995/1995
f 1987/1987/1987 1995/1995/1995 1994/1994/1994
f 1988/1988/1988 1989/1989/1989 1996/1996/1996
f 1988/1988/1988 1996/1996/1996 1995/1995/1995
f 1997/1997/1997 1984/1984/1984 1983/1983/1983
f 1997/1997/1997 1985/1985/1985 1984/1984/1984
f 1997/1997/1997 1986/1986/1986 1985/1985/1985
f 1997/1997/1997 1987/1987/1987 1986/1986/1986
f 1997/1997/1997 1988/1988/1988 1987/1987/1987
f 1997/1997/1997 1989/1989/1989 1988/1988/1988
f 1998/1998/1998 1990/1990/1990 1991/1991/1991
f 1998/1998/1998 1991/1991/1991 1992/1992/1992
f 1998/1998/1998 1992/1992/1992 1993/1993/1993
f 1998/1998/1998 1993/1993/1993 1994/1994/1994
f 1998/1998/1998 1994/1994/1994 1995/1995/1995
f 1998/1998/1998 1995/1995/1995 1996/1996/1996
o Tooth_3
v 16.601552 60.138697 -0.477818
v 16.453535 60.066824 0.075330
v 16.157501 59.923078 0.075330
v 16.009483 59.851204 -0.477818
v 16.157501 59.923078 -1.030967
v 16.453535 60.066824 -1.030967
v 16.601552 60.138697 -0.477818
v 16.654058 58.346609 -0.477818
v 16.634322 58.337026 -0.404065
v 16.594851 58.317860 -0.404065
v 16.575115 58.308277 -0.477818
v 16.594851 58.317860 -0.551572
v 16.634322 58.337026 -0.551572
v 16.654058 58.346609 -0.477818
v 16.305518 59.994951 -0.477818
v 16.614586 58.327443 -0.477818
vt 0.6132812 0.1679688
vt 0.6132812 0.1412760
vt 0.6132812 0.1145833
vt 0.6132812 0.0878906
vt 0.6132812 0.0611979
vt 0.6132812 0.0345052
vt 0.6132812 0.0078125
vt 0.7851562 0.1679688
vt 0.7851562 0.1412760
vt 0.7851562 0.1145833
vt 0.7851562 0.0878906
vt 0.7851562 0.0611979
vt 0.7851562 0.0345052
vt 0.7851562 0.0078125
vt 0.6132812 0.0878906
vt 0.7851562 0.0878906
vn 0.9805841 0.1952723 0.0179855
vn 0.7109991 0.1528470 0.6863804
vn -0.7758888 -0.1240178 0.6185598
vn -0.9854166 -0.1692197 -0.0178547
vn -0.7237422 -0.1132529 -0.6807137
vn 0.7646774 0.1616901 -0.6237986
vn 0.9805841 0.1952723 0.0179855
vn 0.9776207 0.0240557 -0.2089952
vn 0.9491231 0.0068303 0.3148313
vn -0.0483889 -0.3067700 0.9505528
vn -0.9123563 -0.3402700 0.2276451
vn -0.8726510 -0.3465396 -0.3440792
vn 0.3047959 -0.2328383 -0.9235182
vn 0.9776207 0.0240557 -0.2089952
vn -0.4368018 0.8995578 -0.0000000
vn 0.4368018 -0.8995578 -0.0000000
s 1
f 1999/1999/1999 2000/2000/2000 2007/2007/2007
f 1999/1999/1999 2007/2007/2007 2006/2006/2006
f 2000/2000/2000 2001/2001/2001 2008/2008/2008
f 2000/2000/2000 2008/2008/2008 2007/2007/2007
f 2001/2001/2001 2002/2002/2002 2009/2009/2009
f 2001/2001/2001 2009/2009/2009 2008/2008/2008
f 2002/2002/2002 2003/2003/2003 2010/2010/2010
f 2002/2002/2002 2010/2010/2010 2009/2009/2009
f 2003/2003/2003 2004/2004/2004 2011/2011/2011
f 2003/2003/2003 2011/2011/2011 2010/2010/2010
f 2004/2004/2004 2005/2005/2005 2012/2012/2012
f 2004/2004/2004 2012/2012/2012 2011/2011/2011
f 2013/2013/2013 2000/2000/2000 1999/1999/1999
f 2013/2013/2013 2001/2001/2001 2000/2000/2000
f 2013/2013/2013 2002/2002/2002 2001/2001/2001
f 2013/2013/2013 2003/2003/2003 2002/2002/2002
f 2013/2013/2013 2004/2004/2004 2003/2003/2003
f 2013/2013/2013 2005/2005/2005 2004/2004/2004
f 2014/2014/2014 2006/2006/2006 2007/2007/2007
f 2014/2014/2014 2007/2007/2007 2008/2008/2008
f 2014/2014/2014 2008/2008/2008 2009/2009/2009
f 2014/2014/2014 2009/2009/2009 2010/2010/2010
f 2014/2014/2014 2010/2010/2010 2011/2011/2011
f 2014/2014/2014 2011/2011/2011 2012/2012/2012
o Tooth_4
v 16.601552 60.138697 -1.998583
v 16.453535 60.066824 -1.445434
v 16.157501 59.923078 -1.445434
v 16.009483 59.851204 -1.998583
v 16.157501 59.923078 -2.551731
v 16.453535 60.066824 -2.551731
v 16.601552 60.138697 -1.998583
v 16.654058 58.346609 -1.998583
v 16.634322 58.337026 -1.924829
v 16.594851 58.317860 -1.924829
v 16.575115 58.308277 -1.998583
v 16.594851 58.317860 -2.072336
v 16.634322 58.337026 -2.072336
v 16.654058 58.346609 -1.998583
v 16.305518 59.994951 -1.998583
v 16.614586 58.327443 -1.998583
vt 0.6132812 0.1679688
vt 0.6132812 0.1412760
vt 0.6132812 0.1145833
vt 0.6132812 0.0878906
vt 0.6132812 0.0611979
vt 0.6132812 0.0345052
vt 0.6132812 0.0078125
vt 0.7851562 0.1679688
vt 0.7851562 0.1412760
vt 0.7851562 0.1145833
vt 0.7851562 0.0878906
vt 0.7851562 0.0611979
vt 0.7851562 0.0345052
vt 0.7851562 0.0078125
vt 0.6132812 0.0878906
vt 0.7851562 0.0878906
vn 0.9805841 0.1952723 0.0179855
vn 0.7109991 0.1528470 0.6863804
vn -0.7758888 -0.1240178 0.6185598
vn -0.9854166 -0.1692197 -0.0178547
vn -0.7237422 -0.1132529 -0.6807137
vn 0.7646774 0.1616901 -0.6237986
vn 0.9805841 0.1952723 0.0179855
vn 0.9776207 0.0240557 -0.2089952
vn 0.9491231 0.0068303 0.3148313
vn -0.0483889 -0.3067700 0.9505528
vn -0.9123563 -0.3402700 0.2276451
vn -0.8726510 -0.3465396 -0.3440792
vn 0.3047959 -0.2328383 -0.9235182
vn 0.9776207 0.0240557 -0.2089952
vn -0.4368018 0.8995578 -0.0000000
vn 0.4368018 -0.8995578 -0.0000000
s 1
f 2015/2015/2015 2016/2016/2016 2023/2023/2023
f 2015/2015/2015 2023/2023/2023 2022/2022/2022
f 2016/2016/2016 2017/2017/2017 2024/2024/2024
f 2016/2016/2016 2024/2024/2024 2023/2023/2023
f 2017/2017/2017 2018/2018/2018 2025/2025/2025
f 2017/2017/2017 2025/2025/2025 2024/2024/2024
f 2018/2018/2018 2019/2019/2019 2026/2026/2026
f 2018/2018/2018 2026/2026/2026 2025/2025/2025
f 2019/2019/2019 2020/2020/2020 2027/2027/2027
f 2019/2019/2019 2027/2027/2027 2026/2026/2026
f 2020/2020/2020 2021/2021/2021 2028/2028/2028
f 2020/2020/2020 2028/2028/2028 2027/2027/2027
f 2029/2029/2029 2016/2016/2016 2015/2015/2015
f 2029/2029/2029 2017/2017/2017 2016/2016/2016
f 2029/2029/2029 2018/2018/2018 2017/2017/2017
f 2029/2029/2029 2019/2019/2019 2018/2018/2018
f 2029/2029/2029 2020/2020/2020 2019/2019/2019
f 2029/2029/2029 2021/2021/2021 2020/2020/2020
f 2030/2030/2030 2022/2022/2022 2023/2023/2023
f 2030/2030/2030 2023/2023/2023 2024/2024/2024
f 2030/2030/2030 2024/2024/2024 2025/2025/2025
f 2030/2030/2030 2025/2025/2025 2026/2026/2026
f 2030/2030/2030 2026/2026/2026 2027/2027/2027
f 2030/2030/2030 2027/2027/2027 2028/2028/2028
o Tooth_5
v 16.601552 60.138697 -3.519347
v 16.453535 60.066824 -2.966198
v 16.157501 59.923078 -2.966198
v 16.009483 59.851204 -3.519347
v 16.157501 59.923078 -4.072495
v 16.453535 60.066824 -4.072495
v 16.601552 60.138697 -3.519347
v 16.654058 58.346609 -3.519347
v 16.634322 58.337026 -3.445594
v 16.594851 58.317860 -3.445594
v 16.575115 58.308277 -3.519347
v 16.594851 58.317860 -3.593100
v 16.634322 58.337026 -3.593100
v 16.654058 58.346609 -3.519347
v 16.305518 59.994951 -3.519347
v 16.614586 58.327443 -3.519347
vt 0.6132812 0.1679688
vt 0.6132812 0.1412760
vt 0.6132812 0.1145833
vt 0.6132812 0.0878906
vt 0.6132812 0.0611979
vt 0.6132812 0.0345052
vt 0.6132812 0.0078125
vt 0.7851562 0.1679688
vt 0.7851562 0.1412760
vt 0.7851562 0.1145833
vt 0.7851562 0.0878906
vt 0.7851562 0.0611979
vt 0.7851562 0.0345052
vt 0.7851562 0.0078125
vt 0.6132812 0.0878906
vt 0.7851562 0.0878906
vn 0.9805841 0.1952723 0.0179855
vn 0.7109991 0.1528470 0.6863804
vn -0.7758888 -0.1240178 0.6185598
vn -0.9854166 -0.1692197 -0.0178547
vn -0.7237422 -0.1132529 -0.6807137
vn 0.7646774 0.1616901 -0.6237986
vn 0.9805841 0.1952723 0.0179855
vn 0.9776207 0.0240557 -0.2089952
vn 0.9491231 0.0068303 0.3148313
vn -0.0483889 -0.3067700 0.9505528
vn -0.9123563 -0.3402700 0.2276451
vn -0.8726510 -0.3465396 -0.3440792
vn 0.3047959 -0.2328383 -0.9235182
vn 0.9776207 0.0240557 -0.2089952
vn -0.4368018 0.8995578 -0.0000000
vn 0.4368018 -0.8995578 -0.0000000
s 1
f 2031/2031/2031 2032/2032/2032 2039/2039/2039
f 2031/2031/2031 2039/2039/2039 2038/2038/2038
f 2032/2032/2032 2033/2033/2033 2040/2040/2040
f 2032/2032/2032 2040/2040/2040 2039/2039/2039
f 2033/2033/2033 2034/2034/2034 2041/2041/2041
f 2033/2033/2033 2041/2041/2041 2040/2040/2040
f 2034/2034/2034 2035/2035/2035 2042/2042/2042
f 2034/2034/2034 2042/2042/2042 2041/2041/2041
f 2035/2035/2035 2036/2036/2036 2043/2043/2043
f 2035/2035/2035 2043/2043/2043 2042/2042/2042
f 2036/2036/2036 2037/2037/2037 2044/2044/2044
f 2036/2036/2036 2044/2044/2044 2043/2043/2043
f 2045/2045/2045 2032/2032/2032 2031/2031/2031
f 2045/2045/2045 2033/2033/2033 2032/2032/2032
f 2045/2045/2045 2034/2034/2034 2033/2033/2033
f 2045/2045/2045 2035/2035/2035 2034/2034/2034
f 2045/2045/2045 2036/2036/2036 2035/2035/2035
f 2045/2045/2045 2037/2037/2037 2036/2036/2036
f 2046/2046/2046 2038/2038/2038 2039/2039/2039
f 2046/2046/2046 2039/2039/2039 2040/2040/2040
f 2046/2046/2046 2040/2040/2040 2041/2041/2041
f 2046/2046/2046 2041/2041/2041 2042/2042/2042
f 2046/2046/2046 2042/2042/2042 2043/2043/2043
f 2046/2046/2046 2043/2043/2043 2044/2044/2044
o Tooth_6
v 16.601552 60.138697 -5.040111
v 16.453535 60.066824 -4.486963
v 16.157501 59.923078 -4.486963
v 16.009483 59.851204 -5.040111
v 16.157501 59.923078 -5.593260
v 16.453535 60.066824 -5.593260
v 16.601552 60.138697 -5.040111
v 16.654058 58.346609 -5.040111
v 16.634322 58.337026 -4.966358
v 16.594851 58.317860 -4.966358
v 16.575115 58.308277 -5.040111
v 16.594851 58.317860 -5.113864
v 16.634322 58.337026 -5.113864
v 16.654058 58.346609 -5.040111
v 16.305518 59.994951 -5.040111
v 16.614586 58.327443 -5.040111
vt 0.6132812 0.1679688
vt 0.6132812 0.1412760
vt 0.6132812 0.1145833
vt 0.6132812 0.0878906
vt 0.6132812 0.0611979
vt 0.6132812 0.0345052
vt 0.6132812 0.0078125
vt 0.7851562 0.1679688
vt 0.7851562 0.1412760
vt 0.7851562 0.1145833
vt 0.7851562 0.0878906
vt 0.7851562 0.0611979
vt 0.7851562 0.0345052
vt 0.7851562 0.0078125
vt 0.6132812 0.0878906
vt 0.7851562 0.0878906
vn 0.9805841 0.1952723 0.0179855
vn 0.7109991 0.1528470 0.6863804
vn -0.7758888 -0.1240178 0.6185598
vn -0.9854166 -0.1692197 -0.0178547
vn -0.7237422 -0.1132529 -0.6807137
vn 0.7646774 0.1616901 -0.6237986
vn 0.9805841 0.1952723 0.0179855
vn 0.9776207 0.0240557 -0.2089952
vn 0.9491231 0.0068303 0.3148313
vn -0.0483889 -0.3067700 0.9505528
vn -0.9123563 -0.3402700 0.2276451
vn -0.8726510 -0.3465396 -0.3440792
vn 0.3047959 -0.2328383 -0.9235182
vn 0.9776207 0.0240557 -0.2089952
vn -0.4368018 0.8995578 -0.0000000
vn 0.4368018 -0.8995578 -0.0000000
s 1
f 2047/2047/2047 2048/2048/2048 2055/2055/2055
f 2047/2047/2047 2055/2055/2055 2054/2054/2054
f 2048/2048/2048 2049/2049/2049 2056/2056/2056
f 2048/2048/2048 2056/2056/2056 2055/2055/2055
f 2049/2049/2049 2050/2050/2050 2057/2057/2057
f 2049/2049/2049 2057/2057/2057 2056/2056/2056
f 2050/2050/2050 2051/2051/2051 2058/2058/2058
f 2050/2050/2050 2058/2058/2058 2057/2057/2057
f 2051/2051/2051 2052/2052/2052 2059/2059/2059
f 2051/2051/2051 2059/2059/2059 2058/2058/2058
f 2052/2052/2052 2053/2053/2053 2060/2060/2060
f 2052/2052/2052 2060/2060/2060 2059/2059/2059
f 2061/2061/2061 2048/2048/2048 2047/2047/2047
f 2061/2061/2061 2049/2049/2049 2048/2048/2048
f 2061/2061/2061 2050/2050/2050 2049/2049/2049
f 2061/2061/2061 2051/2051/2051 2050/2050/2050
f 2061/2061/2061 2052/2052/2052 2051/2051/2051
f 2061/2061/2061 2053/2053/2053 2052/2052/2052
f 2062/2062/2062 2054/2054/2054 2055/2055/2055
f 2062/2062/2062 2055/2055/2055 2056/2056/2056
f 2062/2062/2062 2056/2056/2056 2057/2057/2057
f 2062/2062/2062 2057/2057/2057 2058/2058/2058
f 2062/2062/2062 2058/2058/2058 2059/2059/2059
f 2062/2062/2062 2059/2059/2059 2060/2060/2060
o Tooth_7
v 16.601552 60.138697 -6.560875
v 16.453535 60.066824 -6.007727
v 16.157501 59.923078 -6.007727
v 16.009483 59.851204 -6.560875
v 16.157501 59.923078 -7.114024
v 16.453535 60.066824 -7.114024
v 16.601552 60.138697 -6.560875
v 16.654058 58.346609 -6.560875
v 16.634322 58.337026 -6.487122
v 16.594851 58.317860 -6.487122
v 16.575115 58.308277 -6.560875
v 16.594851 58.317860 -6.634628
v 16.634322 58.337026 -6.634628
v 16.654058 58.346609 -6.560875
v 16.305518 59.994951 -6.560875
v 16.614586 58.327443 -6.560875
vt 0.6132812 0.1679688
vt 0.6132812 0.1412760
vt 0.6132812 0.1145833
vt 0.6132812 0.0878906
vt 0.6132812 0.0611979
vt 0.6132812 0.0345052
vt 0.6132812 0.0078125
vt 0.7851562 0.1679688
vt 0.7851562 0.1412760
vt 0.7851562 0.1145833
vt 0.7851562 0.0878906
vt 0.7851562 0.0611979
vt 0.7851562 0.0345052
vt 0.7851562 0.0078125
vt 0.6132812 0.0878906
vt 0.7851562 0.0878906
vn 0.9805841 0.1952723 0.0179855
vn 0.7109991 0.1528470 0.6863804
vn -0.7758888 -0.1240178 0.6185598
vn -0.9854166 -0.1692197 -0.0178547
vn -0.7237422 -0.1132529 -0.6807137
vn 0.7646774 0.1616901 -0.6237986
vn 0.9805841 0.1952723 0.0179855
vn 0.9776207 0.0240557 -0.2089952
vn 0.9491231 0.0068303 0.3148313
vn -0.0483889 -0.3067700 0.9505528
vn -0.9123563 -0.3402700 0.2276451
vn -0.8726510 -0.3465396 -0.3440792
vn 0.3047959 -0.2328383 -0.9235182
vn 0.9776207 0.0240557 -0.2089952
vn -0.4368018 0.8995578 -0.0000000
vn 0.4368018 -0.8995578 -0.0000000
s 1
f 2063/2063/2063 2064/2064/2064 2071/2071/2071
f 2063/2063/2063 2071/2071/2071 2070/2070/2070
f 2064/2064/2064 2065/2065/2065 2072/2072/2072
f 2064/2064/2064 2072/2072/2072 2071/2071/2071
f 2065/2065/2065 2066/2066/2066 2073/2073/2073
f 2065/2065/2065 2073/2073/2073 2072/2072/2072
f 2066/2066/2066 2067/2067/2067 2074/2074/2074
f 2066/2066/2066 2074/2074/2074 2073/2073/2073
f 2067/2067/2067 2068/2068/2068 2075/2075/2075
f 2067/2067/2067 2075/2075/2075 2074/2074/2074
f 2068/2068/2068 2069/2069/2069 2076/2076/2076
f 2068/2068/2068 2076/2076/2076 2075/2075/2075
f 2077/2077/2077 2064/2064/2064 2063/2063/2063
f 2077/2077/2077 2065/2065/2065 2064/2064/2064
f 2077/2077/2077 2066/2066/2066 2065/2065/2065
f 2077/2077/2077 2067/2067/2067 2066/2066/2066
f 2077/2077/2077 2068/2068/2068 2067/2067/2067
f 2077/2077/2077 2069/2069/2069 2068/2068/2068
f 2078/2078/2078 2070/2070/2070 2071/2071/2071
f 2078/2078/2078 2071/2071/2071 2072/2072/2072
f 2078/2078/2078 2072/2072/2072 2073/2073/2073
f 2078/2078/2078 2073/2073/2073 2074/2074/2074
f 2078/2078/2078 2074/2074/2074 2075/2075/2075
f 2078/2078/2078 2075/2075/2075 2076/2076/2076
o Serpent_arm_-1
v 3.442825 46.654885 7.313934
v 3.272329 45.608580 5.890394
v 3.557525 44.842631 4.268201
v 4.221996 44.562275 2.882020
v 5.087697 44.842631 2.103276
v 5.922664 45.608580 2.140635
v 6.503168 46.654885 2.984085
v 6.673664 47.701191 4.407624
v 6.388467 48.467139 6.029817
v 5.723997 48.747496 7.415999
v 4.858296 48.467139 8.194742
v 4.023329 47.701191 8.157384
v 3.442825 46.654885 7.313934
v 4.251692 44.553692 9.331539
v 4.090974 43.575367 7.994329
v 4.358534 42.856705 6.474115
v 4.982678 42.590272 5.178235
v 5.796169 42.847458 4.453921
v 6.581032 43.559351 4.495252
v 7.126963 44.535199 5.291153
v 7.287681 45.513524 6.628363
v 7.020122 46.232186 8.148577
v 6.395977 46.498619 9.444456
v 5.582486 46.241432 10.168770
v 4.797623 45.529540 10.127440
v 4.251692 44.553692 9.331539
v 5.426190 41.413058 12.338437
v 5.284662 40.517794 11.141550
v 5.525456 39.870685 9.765172
v 6.084052 39.645123 8.578103
v 6.810775 39.901549 7.898418
v 7.510899 40.571252 7.908238
v 7.996827 41.474787 8.604931
v 8.138355 42.370051 9.801819
v 7.897560 43.017160 11.178196
v 7.338964 43.242721 12.365265
v 6.612242 42.986296 13.044950
v 5.912118 42.316593 13.035130
v 5.426190 41.413058 12.338437
v 6.820007 38.282847 15.444400
v 6.709673 37.448812 14.430687
v 6.916856 36.882406 13.202972
v 7.386041 36.735398 12.090222
v 7.991511 37.047178 11.390595
v 8.571030 37.734205 11.291557
v 8.969317 38.612390 11.819645
v 9.079651 39.446425 12.833358
v 8.872468 40.012831 14.061072
v 8.403283 40.159839 15.173823
v 7.797813 39.848059 15.873450
v 7.218294 39.161032 15.972487
v 6.820007 38.282847 15.444400
v 8.423950 36.252612 17.880801
v 8.386445 35.394632 17.143941
v 8.538505 34.872982 16.045461
v 8.839387 34.827439 14.879699
v 9.208469 35.270206 13.959019
v 9.546855 36.082643 13.530117
v 9.763877 37.047060 13.707917
v 9.801382 37.905041 14.444777
v 9.649321 38.426691 15.543257
v 9.348439 38.472234 16.709019
v 8.979358 38.029467 17.629699
v 8.640971 37.217029 18.058601
v 8.423950 36.252612 17.880801
v 10.331868 36.433594 18.812999
v 10.472469 35.588712 18.413516
v 10.601688 35.021176 17.512792
v 10.684901 34.883056 16.352176
v 10.699811 35.211363 15.242653
v 10.642423 35.918126 14.481520
v 10.528115 36.813969 14.272721
v 10.387515 37.658851 14.672204
v 10.258296 38.226387 15.572928
v 10.175083 38.364507 16.733544
v 10.160172 38.036200 17.843067
v 10.217560 37.329437 18.604200
v 10.331868 36.433594 18.812999
v 12.016864 37.671773 18.500335
v 12.234282 36.964395 18.172317
v 12.369376 36.451987 17.385402
v 12.385948 36.271847 16.350445
v 12.279556 36.472244 15.344761
v 12.078709 36.999481 14.637822
v 11.837223 37.712285 14.419052
v 11.619805 38.419662 14.747070
v 11.484711 38.932071 15.533984
v 11.468139 39.112211 16.568941
v 11.574531 38.911814 17.574626
v 11.775378 38.384577 18.281565
v 12.016864 37.671773 18.500335
v 13.411933 39.089878 17.874238
v 13.626244 38.469131 17.575781
v 13.751883 38.010174 16.866848
v 13.755185 37.835982 15.937395
v 13.635267 37.993230 15.036469
v 13.424258 38.439784 14.405473
v 13.178700 39.055991 14.213481
v 12.964390 39.676737 14.511937
v 12.838751 40.135695 15.220871
v 12.835448 40.309887 16.150324
v 12.955367 40.152638 17.051249
v 13.166375 39.706084 17.682246
v 13.411933 39.089878 17.874238
v 14.345742 39.993855 17.484819
v 14.539989 39.417817 17.210490
v 14.655211 38.993715 16.556709
v 14.660533 38.835187 15.698657
v 14.554528 38.984712 14.866249
v 14.365602 39.402223 14.282527
v 14.144377 39.975850 14.103899
v 13.950129 40.551889 14.378228
v 13.834908 40.975991 15.032009
v 13.829586 41.134518 15.890061
v 13.935590 40.984993 16.722469
v 14.124516 40.567482 17.306191
v 14.345742 39.993855 17.484819
v 4.972996 46.654885 5.149009
v 14.245059 39.984853 15.794359
vt 0.0078125 0.9921875
vt 0.0078125 0.9414062
vt 0.0078125 0.8906250
vt 0.0078125 0.8398438
vt 0.0078125 0.7890625
vt 0.0078125 0.7382812
vt 0.0078125 0.6875000
vt 0.0078125 0.6367188
vt 0.0078125 0.5859375
vt 0.0078125 0.5351562
vt 0.0078125 0.4843750
vt 0.0078125 0.4335938
vt 0.0078125 0.3828125
vt 0.1308594 0.9921875
vt 0.1308594 0.9414062
vt 0.1308594 0.8906250
vt 0.1308594 0.8398438
vt 0.1308594 0.7890625
vt 0.1308594 0.7382812
vt 0.1308594 0.6875000
vt 0.1308594 0.6367188
vt 0.1308594 0.5859375
vt 0.1308594 0.5351562
vt 0.1308594 0.4843750
vt 0.1308594 0.4335938
vt 0.1308594 0.3828125
vt 0.2539062 0.9921875
vt 0.2539062 0.9414062
vt 0.2539062 0.8906250
vt 0.2539062 0.8398438
vt 0.2539062 0.7890625
vt 0.2539062 0.7382812
vt 0.2539062 0.6875000
vt 0.2539062 0.6367188
vt 0.2539062 0.5859375
vt 0.2539062 0.5351562
vt 0.2539062 0.4843750
vt 0.2539062 0.4335938
vt 0.2539062 0.3828125
vt 0.3769531 0.9921875
vt 0.3769531 0.9414062
vt 0.3769531 0.8906250
vt 0.3769531 0.8398438
vt 0.3769531 0.7890625
vt 0.3769531 0.7382812
vt 0.3769531 0.6875000
vt 0.3769531 0.6367188
vt 0.3769531 0.5859375
vt 0.3769531 0.5351562
vt 0.3769531 0.4843750
vt 0.3769531 0.4335938
vt 0.3769531 0.3828125
vt 0.5000000 0.9921875
vt 0.5000000 0.9414062
vt 0.5000000 0.8906250
vt 0.5000000 0.8398438
vt 0.5000000 0.7890625
vt 0.5000000 0.7382812
vt 0.5000000 0.6875000
vt 0.5000000 0.6367188
vt 0.5000000 0.5859375
vt 0.5000000 0.5351562
vt 0.5000000 0.4843750
vt 0.5000000 0.4335938
vt 0.5000000 0.3828125
vt 0.6230469 0.9921875
vt 0.6230469 0.9414062
vt 0.6230469 0.8906250
vt 0.6230469 0.8398438
vt 0.6230469 0.7890625
vt 0.6230469 0.7382812
vt 0.6230469 0.6875000
vt 0.6230469 0.6367188
vt 0.6230469 0.5859375
vt 0.6230469 0.5351562
vt 0.6230469 0.4843750
vt 0.6230469 0.4335938
vt 0.6230469 0.3828125
vt 0.7460938 0.9921875
vt 0.7460938 0.9414062
vt 0.7460938 0.8906250
vt 0.7460938 0.8398438
vt 0.7460938 0.7890625
vt 0.7460938 0.7382812
vt 0.7460938 0.6875000
vt 0.7460938 0.6367188
vt 0.7460938 0.5859375
vt 0.7460938 0.5351562
vt 0.7460938 0.4843750
vt 0.7460938 0.4335938
vt 0.7460938 0.3828125
vt 0.8691406 0.9921875
vt 0.8691406 0.9414062
vt 0.8691406 0.8906250
vt 0.8691406 0.8398438
vt 0.8691406 0.7890625
vt 0.8691406 0.7382812
vt 0.8691406 0.6875000
vt 0.8691406 0.6367188
vt 0.8691406 0.5859375
vt 0.8691406 0.5351562
vt 0.8691406 0.4843750
vt 0.8691406 0.4335938
vt 0.8691406 0.3828125
vt 0.9921875 0.9921875
vt 0.9921875 0.9414062
vt 0.9921875 0.8906250
vt 0.9921875 0.8398438
vt 0.9921875 0.7890625
vt 0.9921875 0.7382812
vt 0.9921875 0.6875000
vt 0.9921875 0.6367188
vt 0.9921875 0.5859375
vt 0.9921875 0.5351562
vt 0.9921875 0.4843750
vt 0.9921875 0.4335938
vt 0.9921875 0.3828125
vt 0.0078125 0.6875000
vt 0.9921875 0.6875000
vn -0.9747114 0.2141839 0.0637410
vn -0.9946617 0.0286925 -0.0991207
vn -0.9439892 -0.1080324 -0.3117906
vn -0.7538376 -0.1947955 -0.6275218
vn -0.1851494 -0.1292565 -0.9741727
vn 0.5118332 0.1474476 -0.8463368
vn 0.7577078 0.3892576 -0.5237914
vn 0.7562161 0.5971030 -0.2675913
vn 0.5761976 0.8164360 -0.0377967
vn 0.1194256 0.9754384 0.1850879
vn -0.5016533 0.8184163 0.2802477
vn -0.8543777 0.4792279 0.2009463
vn -0.9747114 0.2141839 0.0637410
vn -0.9416467 -0.0352077 0.3347566
vn -0.9583736 -0.2621027 0.1132352
vn -0.8720436 -0.4751724 -0.1172655
vn -0.5745715 -0.7032821 -0.4186430
vn 0.1722997 -0.7241162 -0.6678087
vn 0.7822173 -0.3466755 -0.5176410
vn 0.9588647 -0.0300360 -0.2822700
vn 0.9781675 0.1943526 -0.0735890
vn 0.9051197 0.3963358 0.1538710
vn 0.6428164 0.6080986 0.4658360
vn -0.0853581 0.6453396 0.7591119
vn -0.7504118 0.2797966 0.5988289
vn -0.9416467 -0.0352077 0.3347566
vn -0.9344683 -0.0385913 0.3539487
vn -0.9539757 -0.2700741 0.1303471
vn -0.8697908 -0.4830942 -0.1004189
vn -0.5825784 -0.7073624 -0.4003009
vn 0.1435647 -0.7342344 -0.6635428
vn 0.7676351 -0.3564224 -0.5326344
vn 0.9540061 -0.0310320 -0.2981767
vn 0.9763030 0.1974353 -0.0886102
vn 0.9061704 0.3997557 0.1380234
vn 0.6550509 0.6089759 0.4472769
vn -0.0494548 0.6531496 0.7556122
vn -0.7317057 0.2867238 0.6183819
vn -0.9344683 -0.0385913 0.3539487
vn -0.9057875 -0.0838362 0.4153558
vn -0.9230489 -0.3365183 0.1863766
vn -0.8309393 -0.5539326 -0.0519470
vn -0.5453924 -0.7585647 -0.3565483
vn 0.1314077 -0.7545302 -0.6429745
vn 0.7448009 -0.3591511 -0.5623897
vn 0.9412115 -0.0124240 -0.3375892
vn 0.9654714 0.2273611 -0.1271686
vn 0.8948901 0.4352226 0.0987573
vn 0.6520941 0.6406003 0.4054683
vn -0.0062634 0.6720519 0.7404775
vn -0.6894190 0.2794661 0.6682814
vn -0.9057875 -0.0838362 0.4153558
vn -0.7225737 -0.2032781 0.6607308
vn -0.7186416 -0.5648839 0.4055372
vn -0.5782875 -0.8086306 0.1081671
vn -0.2851320 -0.9282152 -0.2389901
vn 0.1970474 -0.7968304 -0.5711686
vn 0.6607072 -0.3637497 -0.6566217
vn 0.8667573 0.0648155 -0.4945004
vn 0.8915649 0.3653526 -0.2676368
vn 0.7936601 0.6081133 -0.0173734
vn 0.5249998 0.7945348 0.3051061
vn 0.0205291 0.7392548 0.6731128
vn -0.5001633 0.2978106 0.8131085
vn -0.7225737 -0.2032781 0.6607308
vn -0.0706106 -0.1561252 0.9852102
vn 0.0942947 -0.6797363 0.7273699
vn 0.2421960 -0.9125854 0.3294373
vn 0.3646443 -0.9290669 -0.0622039
vn 0.4557679 -0.7762516 -0.4355561
vn 0.4685134 -0.4223614 -0.7759549
vn 0.2967430 0.1571110 -0.9419446
vn -0.0283047 0.6937208 -0.7196877
vn -0.2330389 0.9233080 -0.3052788
vn -0.2767201 0.9554399 0.1027645
vn -0.2527244 0.8249727 0.5055200
vn -0.1939110 0.4553222 0.8689535
vn -0.0706106 -0.1561252 0.9852102
vn 0.2896986 0.0194782 0.9569197
vn 0.5882102 -0.4424555 0.6769357
vn 0.6836036 -0.6582361 0.3152957
vn 0.6843176 -0.7286727 -0.0273036
vn 0.6101158 -0.6904521 -0.3886318
vn 0.3897171 -0.4710443 -0.7913519
vn -0.0660753 0.0451867 -0.9967910
vn -0.4520456 0.5261852 -0.7202666
vn -0.5849969 0.7415656 -0.3284192
vn -0.5778905 0.8153022 0.0363980
vn -0.4602090 0.7826990 0.4190345
vn -0.1671542 0.5474894 0.8199481
vn 0.2896986 0.0194782 0.9569197
vn 0.3325529 0.0768960 0.9399445
vn 0.6628054 -0.3666040 0.6529092
vn 0.7559036 -0.5800769 0.3035136
vn 0.7453005 -0.6663116 -0.0235799
vn 0.6505120 -0.6594511 -0.3767737
vn 0.3870398 -0.4828931 -0.7855027
vn -0.1332303 -0.0008893 -0.9910847
vn -0.5335715 0.4605444 -0.7093662
vn -0.6590075 0.6755468 -0.3306747
vn -0.6480403 0.7613665 0.0190969
vn -0.5247011 0.7561867 0.3909865
vn -0.1991164 0.5690142 0.7978568
vn 0.3325529 0.0768960 0.9399445
vn 0.7300092 0.3044722 0.6118687
vn 0.8920871 -0.0526285 0.4487882
vn 0.9398575 -0.2572642 0.2246844
vn 0.9392415 -0.3430971 -0.0104786
vn 0.9073237 -0.3274498 -0.2637052
vn 0.8191559 -0.1773528 -0.5454628
vn 0.5939044 0.1770924 -0.7848030
vn 0.2234019 0.6319418 -0.7421193
vn -0.0375403 0.9030245 -0.4279456
vn -0.0796136 0.9946420 -0.0659468
vn 0.0759135 0.9550745 0.2864783
vn 0.4031037 0.7193245 0.5657558
vn 0.7300092 0.3044722 0.6118687
vn -0.6014662 0.6763977 -0.4251170
vn 0.9373628 0.3435498 -0.0576582
s 1
f 2079/2079/2079 2080/2080/2080 2093/2093/2093
f 2079/2079/2079 2093/2093/2093 2092/2092/2092
f 2080/2080/2080 2081/2081/2081 2094/2094/2094
f 2080/2080/2080 2094/2094/2094 2093/2093/2093
f 2081/2081/2081 2082/2082/2082 2095/2095/2095
f 2081/2081/2081 2095/2095/2095 2094/2094/2094
f 2082/2082/2082 2083/2083/2083 2096/2096/2096
f 2082/2082/2082 2096/2096/2096 2095/2095/2095
f 2083/2083/2083 2084/2084/2084 2097/2097/2097
f 2083/2083/2083 2097/2097/2097 2096/2096/2096
f 2084/2084/2084 2085/2085/2085 2098/2098/2098
f 2084/2084/2084 2098/2098/2098 2097/2097/2097
f 2085/2085/2085 2086/2086/2086 2099/2099/2099
f 2085/2085/2085 2099/2099/2099 2098/2098/2098
f 2086/2086/2086 2087/2087/2087 2100/2100/2100
f 2086/2086/2086 2100/2100/2100 2099/2099/2099
f 2087/2087/2087 2088/2088/2088 2101/2101/2101
f 2087/2087/2087 2101/2101/2101 2100/2100/2100
f 2088/2088/2088 2089/2089/2089 2102/2102/2102
f 2088/2088/2088 2102/2102/2102 2101/2101/2101
f 2089/2089/2089 2090/2090/2090 2103/2103/2103
f 2089/2089/2089 2103/2103/2103 2102/2102/2102
f 2090/2090/2090 2091/2091/2091 2104/2104/2104
f 2090/2090/2090 2104/2104/2104 2103/2103/2103
f 2092/2092/2092 2093/2093/2093 2106/2106/2106
f 2092/2092/2092 2106/2106/2106 2105/2105/2105
f 2093/2093/2093 2094/2094/2094 2107/2107/2107
f 2093/2093/2093 2107/2107/2107 2106/2106/2106
f 2094/2094/2094 2095/2095/2095 2108/2108/2108
f 2094/2094/2094 2108/2108/2108 2107/2107/2107
f 2095/2095/2095 2096/2096/2096 2109/2109/2109
f 2095/2095/2095 2109/2109/2109 2108/2108/2108
f 2096/2096/2096 2097/2097/2097 2110/2110/2110
f 2096/2096/2096 2110/2110/2110 2109/2109/2109
f 2097/2097/2097 2098/2098/2098 2111/2111/2111
f 2097/2097/2097 2111/2111/2111 2110/2110/2110
f 2098/2098/2098 2099/2099/2099 2112/2112/2112
f 2098/2098/2098 2112/2112/2112 2111/2111/2111
f 2099/2099/2099 2100/2100/2100 2113/2113/2113
f 2099/2099/2099 2113/2113/2113 2112/2112/2112
f 2100/2100/2100 2101/2101/2101 2114/2114/2114
f 2100/2100/2100 2114/2114/2114 2113/2113/2113
f 2101/2101/2101 2102/2102/2102 2115/2115/2115
f 2101/2101/2101 2115/2115/2115 2114/2114/2114
f 2102/2102/2102 2103/2103/2103 2116/2116/2116
f 2102/2102/2102 2116/2116/2116 2115/2115/2115
f 2103/2103/2103 2104/2104/2104 2117/2117/2117
f 2103/2103/2103 2117/2117/2117 2116/2116/2116
f 2105/2105/2105 2106/2106/2106 2119/2119/2119
f 2105/2105/2105 2119/2119/2119 2118/2118/2118
f 2106/2106/2106 2107/2107/2107 2120/2120/2120
f 2106/2106/2106 2120/2120/2120 2119/2119/2119
f 2107/2107/2107 2108/2108/2108 2121/2121/2121
f 2107/2107/2107 2121/2121/2121 2120/2120/2120
f 2108/2108/2108 2109/2109/2109 2122/2122/2122
f 2108/2108/2108 2122/2122/2122 2121/2121/2121
f 2109/2109/2109 2110/2110/2110 2123/2123/2123
f 2109/2109/2109 2123/2123/2123 2122/2122/2122
f 2110/2110/2110 2111/2111/2111 2124/2124/2124
f 2110/2110/2110 2124/2124/2124 2123/2123/2123
f 2111/2111/2111 2112/2112/2112 2125/2125/2125
f 2111/2111/2111 2125/2125/2125 2124/2124/2124
f 2112/2112/2112 2113/2113/2113 2126/2126/2126
f 2112/2112/2112 2126/2126/2126 2125/2125/2125
f 2113/2113/2113 2114/2114/2114 2127/2127/2127
f 2113/2113/2113 2127/2127/2127 2126/2126/2126
f 2114/2114/2114 2115/2115/2115 2128/2128/2128
f 2114/2114/2114 2128/2128/2128 2127/2127/2127
f 2115/2115/2115 2116/2116/2116 2129/2129/2129
f 2115/2115/2115 2129/2129/2129 2128/2128/2128
f 2116/2116/2116 2117/2117/2117 2130/2130/2130
f 2116/2116/2116 2130/2130/2130 2129/2129/2129
f 2118/2118/2118 2119/2119/2119 2132/2132/2132
f 2118/2118/2118 2132/2132/2132 2131/2131/2131
f 2119/2119/2119 2120/2120/2120 2133/2133/2133
f 2119/2119/2119 2133/2133/2133 2132/2132/2132
f 2120/2120/2120 2121/2121/2121 2134/2134/2134
f 2120/2120/2120 2134/2134/2134 2133/2133/2133
f 2121/2121/2121 2122/2122/2122 2135/2135/2135
f 2121/2121/2121 2135/2135/2135 2134/2134/2134
f 2122/2122/2122 2123/2123/2123 2136/2136/2136
f 2122/2122/2122 2136/2136/2136 2135/2135/2135
f 2123/2123/2123 2124/2124/2124 2137/2137/2137
f 2123/2123/2123 2137/2137/2137 2136/2136/2136
f 2124/2124/2124 2125/2125/2125 2138/2138/2138
f 2124/2124/2124 2138/2138/2138 2137/2137/2137
f 2125/2125/2125 2126/2126/2126 2139/2139/2139
f 2125/2125/2125 2139/2139/2139 2138/2138/2138
f 2126/2126/2126 2127/2127/2127 2140/2140/2140
f 2126/2126/2126 2140/2140/2140 2139/2139/2139
f 2127/2127/2127 2128/2128/2128 2141/2141/2141
f 2127/2127/2127 2141/2141/2141 2140/2140/2140
f 2128/2128/2128 2129/2129/2129 2142/2142/2142
f 2128/2128/2128 2142/2142/2142 2141/2141/2141
f 2129/2129/2129 2130/2130/2130 2143/2143/2143
f 2129/2129/2129 2143/2143/2143 2142/2142/2142
f 2131/2131/2131 2132/2132/2132 2145/2145/2145
f 2131/2131/2131 2145/2145/2145 2144/2144/2144
f 2132/2132/2132 2133/2133/2133 2146/2146/2146
f 2132/2132/2132 2146/2146/2146 2145/2145/2145
f 2133/2133/2133 2134/2134/2134 2147/2147/2147
f 2133/2133/2133 2147/2147/2147 2146/2146/2146
f 2134/2134/2134 2135/2135/2135 2148/2148/2148
f 2134/2134/2134 2148/2148/2148 2147/2147/2147
f 2135/2135/2135 2136/2136/2136 2149/2149/2149
f 2135/2135/2135 2149/2149/2149 2148/2148/2148
f 2136/2136/2136 2137/2137/2137 2150/2150/2150
f 2136/2136/2136 2150/2150/2150 2149/2149/2149
f 2137/2137/2137 2138/2138/2138 2151/2151/2151
f 2137/2137/2137 2151/2151/2151 2150/2150/2150
f 2138/2138/2138 2139/2139/2139 2152/2152/2152
f 2138/2138/2138 2152/2152/2152 2151/2151/2151
f 2139/2139/2139 2140/2140/2140 2153/2153/2153
f 2139/2139/2139 2153/2153/2153 2152/2152/2152
f 2140/2140/2140 2141/2141/2141 2154/2154/2154
f 2140/2140/2140 2154/2154/2154 2153/2153/2153
f 2141/2141/2141 2142/2142/2142 2155/2155/2155
f 2141/2141/2141 2155/2155/2155 2154/2154/2154
f 2142/2142/2142 2143/2143/2143 2156/2156/2156
f 2142/2142/2142 2156/2156/2156 2155/2155/2155
f 2144/2144/2144 2145/2145/2145 2158/2158/2158
f 2144/2144/2144 2158/2158/2158 2157/2157/2157
f 2145/2145/2145 2146/2146/2146 2159/2159/2159
f 2145/2145/2145 2159/2159/2159 2158/2158/2158
f 2146/2146/2146 2147/2147/2147 2160/2160/2160
f 2146/2146/2146 2160/2160/2160 2159/2159/2159
f 2147/2147/2147 2148/2148/2148 2161/2161/2161
f 2147/2147/2147 2161/2161/2161 2160/2160/2160
f 2148/2148/2148 2149/2149/2149 2162/2162/2162
f 2148/2148/2148 2162/2162/2162 2161/2161/2161
f 2149/2149/2149 2150/2150/2150 2163/2163/2163
f 2149/2149/2149 2163/2163/2163 2162/2162/2162
f 2150/2150/2150 2151/2151/2151 2164/2164/2164
f 2150/2150/2150 2164/2164/2164 2163/2163/2163
f 2151/2151/2151 2152/2152/2152 2165/2165/2165
f 2151/2151/2151 2165/2165/2165 2164/2164/2164
f 2152/2152/2152 2153/2153/2153 2166/2166/2166
f 2152/2152/2152 2166/2166/2166 2165/2165/2165
f 2153/2153/2153 2154/2154/2154 2167/2167/2167
f 2153/2153/2153 2167/2167/2167 2166/2166/2166
f 2154/2154/2154 2155/2155/2155 2168/2168/2168
f 2154/2154/2154 2168/2168/2168 2167/2167/2167
f 2155/2155/2155 2156/2156/2156 2169/2169/2169
f 2155/2155/2155 2169/2169/2169 2168/2168/2168
f 2157/2157/2157 2158/2158/2158 2171/2171/2171
f 2157/2157/2157 2171/2171/2171 2170/2170/2170
f 2158/2158/2158 2159/2159/2159 2172/2172/2172
f 2158/2158/2158 2172/2172/2172 2171/2171/2171
f 2159/2159/2159 2160/2160/2160 2173/2173/2173
f 2159/2159/2159 2173/2173/2173 2172/2172/2172
f 2160/2160/2160 2161/2161/2161 2174/2174/2174
f 2160/2160/2160 2174/2174/2174 2173/2173/2173
f 2161/2161/2161 2162/2162/2162 2175/2175/2175
f 2161/2161/2161 2175/2175/2175 2174/2174/2174
f 2162/2162/2162 2163/2163/2163 2176/2176/2176
f 2162/2162/2162 2176/2176/2176 2175/2175/2175
f 2163/2163/2163 2164/2164/2164 2177/2177/2177
f 2163/2163/2163 2177/2177/2177 2176/2176/2176
f 2164/2164/2164 2165/2165/2165 2178/2178/2178
f 2164/2164/2164 2178/2178/2178 2177/2177/2177
f 2165/2165/2165 2166/2166/2166 2179/2179/2179
f 2165/2165/2165 2179/2179/2179 2178/2178/2178
f 2166/2166/2166 2167/2167/2167 2180/2180/2180
f 2166/2166/2166 2180/2180/2180 2179/2179/2179
f 2167/2167/2167 2168/2168/2168 2181/2181/2181
f 2167/2167/2167 2181/2181/2181 2180/2180/2180
f 2168/2168/2168 2169/2169/2169 2182/2182/2182
f 2168/2168/2168 2182/2182/2182 2181/2181/2181
f 2170/2170/2170 2171/2171/2171 2184/2184/2184
f 2170/2170/2170 2184/2184/2184 2183/2183/2183
f 2171/2171/2171 2172/2172/2172 2185/2185/2185
f 2171/2171/2171 2185/2185/2185 2184/2184/2184
f 2172/2172/2172 2173/2173/2173 2186/2186/2186
f 2172/2172/2172 2186/2186/2186 2185/2185/2185
f 2173/2173/2173 2174/2174/2174 2187/2187/2187
f 2173/2173/2173 2187/2187/2187 2186/2186/2186
f 2174/2174/2174 2175/2175/2175 2188/2188/2188
f 2174/2174/2174 2188/2188/2188 2187/2187/2187
f 2175/2175/2175 2176/2176/2176 2189/2189/2189
f 2175/2175/2175 2189/2189/2189 2188/2188/2188
f 2176/2176/2176 2177/2177/2177 2190/2190/2190
f 2176/2176/2176 2190/2190/2190 2189/2189/2189
f 2177/2177/2177 2178/2178/2178 2191/2191/2191
f 2177/2177/2177 2191/2191/2191 2190/2190/2190
f 2178/2178/2178 2179/2179/2179 2192/2192/2192
f 2178/2178/2178 2192/2192/2192 2191/2191/2191
f 2179/2179/2179 2180/2180/2180 2193/2193/2193
f 2179/2179/2179 2193/2193/2193 2192/2192/2192
f 2180/2180/2180 2181/2181/2181 2194/2194/2194
f 2180/2180/2180 2194/2194/2194 2193/2193/2193
f 2181/2181/2181 2182/2182/2182 2195/2195/2195
f 2181/2181/2181 2195/2195/2195 2194/2194/2194
f 2196/2196/2196 2080/2080/2080 2079/2079/2079
f 2196/2196/2196 2081/2081/2081 2080/2080/2080
f 2196/2196/2196 2082/2082/2082 2081/2081/2081
f 2196/2196/2196 2083/2083/2083 2082/2082/2082
f 2196/2196/2196 2084/2084/2084 2083/2083/2083
f 2196/2196/2196 2085/2085/2085 2084/2084/2084
f 2196/2196/2196 2086/2086/2086 2085/2085/2085
f 2196/2196/2196 2087/2087/2087 2086/2086/2086
f 2196/2196/2196 2088/2088/2088 2087/2087/2087
f 2196/2196/2196 2089/2089/2089 2088/2088/2088
f 2196/2196/2196 2090/2090/2090 2089/2089/2089
f 2196/2196/2196 2091/2091/2091 2090/2090/2090
f 2197/2197/2197 2183/2183/2183 2184/2184/2184
f 2197/2197/2197 2184/2184/2184 2185/2185/2185
f 2197/2197/2197 2185/2185/2185 2186/2186/2186
f 2197/2197/2197 2186/2186/2186 2187/2187/2187
f 2197/2197/2197 2187/2187/2187 2188/2188/2188
f 2197/2197/2197 2188/2188/2188 2189/2189/2189
f 2197/2197/2197 2189/2189/2189 2190/2190/2190
f 2197/2197/2197 2190/2190/2190 2191/2191/2191
f 2197/2197/2197 2191/2191/2191 2192/2192/2192
f 2197/2197/2197 2192/2192/2192 2193/2193/2193
f 2197/2197/2197 2193/2193/2193 2194/2194/2194
f 2197/2197/2197 2194/2194/2194 2195/2195/2195
o Palm_-1
v 14.245059 36.483086 15.794359
v 14.618359 36.602405 15.794359
v 14.600089 36.602405 15.555964
v 14.547065 36.602405 15.340905
v 14.464480 36.602405 15.170234
v 14.360415 36.602405 15.060656
v 14.245059 36.602405 15.022898
v 14.129703 36.602405 15.060656
v 14.025639 36.602405 15.170234
v 13.943053 36.602405 15.340905
v 13.890030 36.602405 15.555964
v 13.871759 36.602405 15.794359
v 13.890030 36.602405 16.032754
v 13.943053 36.602405 16.247813
v 14.025639 36.602405 16.418484
v 14.129703 36.602405 16.528062
v 14.245059 36.602405 16.565820
v 14.360415 36.602405 16.528062
v 14.464480 36.602405 16.418484
v 14.547065 36.602405 16.247813
v 14.600089 36.602405 16.032754
v 14.618359 36.602405 15.794359
v 14.966220 36.952233 15.794359
v 14.930924 36.952233 15.333816
v 14.828490 36.952233 14.918354
v 14.668947 36.952233 14.588641
v 14.467910 36.952233 14.376953
v 14.245059 36.952233 14.304010
v 14.022208 36.952233 14.376953
v 13.821172 36.952233 14.588641
v 13.661628 36.952233 14.918354
v 13.559195 36.952233 15.333816
v 13.523899 36.952233 15.794359
v 13.559195 36.952233 16.254902
v 13.661628 36.952233 16.670364
v 13.821172 36.952233 17.000077
v 14.022208 36.952233 17.211765
v 14.245059 36.952233 17.284708
v 14.467910 36.952233 17.211765
v 14.668947 36.952233 17.000077
v 14.828490 36.952233 16.670364
v 14.930924 36.952233 16.254902
v 14.966220 36.952233 15.794359
v 15.264934 37.508729 15.794359
v 15.215018 37.508729 15.143053
v 15.070155 37.508729 14.555501
v 14.844527 37.508729 14.089217
v 14.560218 37.508729 13.789844
v 14.245059 37.508729 13.686687
v 13.929901 37.508729 13.789844
v 13.645592 37.508729 14.089217
v 13.419963 37.508729 14.555501
v 13.275101 37.508729 15.143053
v 13.225184 37.508729 15.794359
v 13.275101 37.508729 16.445665
v 13.419963 37.508729 17.033217
v 13.645592 37.508729 17.499501
v 13.929901 37.508729 17.798874
v 14.245059 37.508729 17.902031
v 14.560218 37.508729 17.798874
v 14.844527 37.508729 17.499501
v 15.070155 37.508729 17.033217
v 15.215018 37.508729 16.445665
v 15.264934 37.508729 15.794359
v 15.494146 38.233969 15.794359
v 15.433011 38.233969 14.996675
v 15.255591 38.233969 14.277074
v 14.979254 38.233969 13.705995
v 14.631048 38.233969 13.339340
v 14.245059 38.233969 13.212999
v 13.859070 38.233969 13.339340
v 13.510865 38.233969 13.705995
v 13.234527 38.233969 14.277074
v 13.057107 38.233969 14.996675
v 12.995973 38.233969 15.794359
v 13.057107 38.233969 16.592043
v 13.234527 38.233969 17.311644
v 13.510865 38.233969 17.882723
v 13.859070 38.233969 18.249378
v 14.245059 38.233969 18.375719
v 14.631048 38.233969 18.249378
v 14.979254 38.233969 17.882723
v 15.255591 38.233969 17.311644
v 15.433011 38.233969 16.592043
v 15.494146 38.233969 15.794359
v 15.638234 39.078529 15.794359
v 15.570047 39.078529 14.904658
v 15.372161 39.078529 14.102047
v 15.063947 39.078529 13.465091
v 14.675574 39.078529 13.056141
v 14.245059 39.078529 12.915226
v 13.814544 39.078529 13.056141
v 13.426171 39.078529 13.465091
v 13.117957 39.078529 14.102047
v 12.920071 39.078529 14.904658
v 12.851884 39.078529 15.794359
v 12.920071 39.078529 16.684060
v 13.117957 39.078529 17.486671
v 13.426171 39.078529 18.123627
v 13.814544 39.078529 18.532577
v 14.245059 39.078529 18.673492
v 14.675574 39.078529 18.532577
v 15.063947 39.078529 18.123627
v 15.372161 39.078529 17.486671
v 15.570047 39.078529 16.684060
v 15.638234 39.078529 15.794359
v 15.687380 39.984853 15.794359
v 15.616788 39.984853 14.873273
v 15.411921 39.984853 14.042349
v 15.092834 39.984853 13.382924
v 14.690761 39.984853 12.959547
v 14.245059 39.984853 12.813661
v 13.799358 39.984853 12.959547
v 13.397284 39.984853 13.382924
v 13.078197 39.984853 14.042349
v 12.873331 39.984853 14.873273
v 12.802738 39.984853 15.794359
v 12.873331 39.984853 16.715445
v 13.078197 39.984853 17.546369
v 13.397284 39.984853 18.205794
v 13.799358 39.984853 18.629171
v 14.245059 39.984853 18.775057
v 14.690761 39.984853 18.629171
v 15.092834 39.984853 18.205794
v 15.411921 39.984853 17.546369
v 15.616788 39.984853 16.715445
v 15.687380 39.984853 15.794359
v 15.638234 40.891177 15.794359
v 15.570047 40.891177 14.904658
v 15.372161 40.891177 14.102047
v 15.063947 40.891177 13.465091
v 14.675574 40.891177 13.056141
v 14.245059 40.891177 12.915226
v 13.814544 40.891177 13.056141
v 13.426171 40.891177 13.465091
v 13.117957 40.891177 14.102047
v 12.920071 40.891177 14.904658
v 12.851884 40.891177 15.794359
v 12.920071 40.891177 16.684060
v 13.117957 40.891177 17.486671
v 13.426171 40.891177 18.123627
v 13.814544 40.891177 18.532577
v 14.245059 40.891177 18.673492
v 14.675574 40.891177 18.532577
v 15.063947 40.891177 18.123627
v 15.372161 40.891177 17.486671
v 15.570047 40.891177 16.684060
v 15.638234 40.891177 15.794359
v 15.494146 41.735736 15.794359
v 15.433011 41.735736 14.996675
v 15.255591 41.735736 14.277074
v 14.979254 41.735736 13.705995
v 14.631048 41.735736 13.339340
v 14.245059 41.735736 13.212999
v 13.859070 41.735736 13.339340
v 13.510865 41.735736 13.705995
v 13.234527 41.735736 14.277074
v 13.057107 41.735736 14.996675
v 12.995973 41.735736 15.794359
v 13.057107 41.735736 16.592043
v 13.234527 41.735736 17.311644
v 13.510865 41.735736 17.882723
v 13.859070 41.735736 18.249378
v 14.245059 41.735736 18.375719
v 14.631048 41.735736 18.249378
v 14.979254 41.735736 17.882723
v 15.255591 41.735736 17.311644
v 15.433011 41.735736 16.592043
v 15.494146 41.735736 15.794359
v 15.264934 42.460976 15.794359
v 15.215018 42.460976 15.143053
v 15.070155 42.460976 14.555501
v 14.844527 42.460976 14.089217
v 14.560218 42.460976 13.789844
v 14.245059 42.460976 13.686687
v 13.929901 42.460976 13.789844
v 13.645592 42.460976 14.089217
v 13.419963 42.460976 14.555501
v 13.275101 42.460976 15.143053
v 13.225184 42.460976 15.794359
v 13.275101 42.460976 16.445665
v 13.419963 42.460976 17.033217
v 13.645592 42.460976 17.499501
v 13.929901 42.460976 17.798874
v 14.245059 42.460976 17.902031
v 14.560218 42.460976 17.798874
v 14.844527 42.460976 17.499501
v 15.070155 42.460976 17.033217
v 15.215018 42.460976 16.445665
v 15.264934 42.460976 15.794359
v 14.966220 43.017472 15.794359
v 14.930924 43.017472 15.333816
v 14.828490 43.017472 14.918354
v 14.668947 43.017472 14.588641
v 14.467910 43.017472 14.376953
v 14.245059 43.017472 14.304010
v 14.022208 43.017472 14.376953
v 13.821172 43.017472 14.588641
v 13.661628 43.017472 14.918354
v 13.559195 43.017472 15.333816
v 13.523899 43.017472 15.794359
v 13.559195 43.017472 16.254902
v 13.661628 43.017472 16.670364
v 13.821172 43.017472 17.000077
v 14.022208 43.017472 17.211765
v 14.245059 43.017472 17.284708
v 14.467910 43.017472 17.211765
v 14.668947 43.017472 17.000077
v 14.828490 43.017472 16.670364
v 14.930924 43.017472 16.254902
v 14.966220 43.017472 15.794359
v 14.618359 43.367300 15.794359
v 14.600089 43.367300 15.555964
v 14.547065 43.367300 15.340905
v 14.464480 43.367300 15.170234
v 14.360415 43.367300 15.060656
v 14.245059 43.367300 15.022898
v 14.129703 43.367300 15.060656
v 14.025639 43.367300 15.170234
v 13.943053 43.367300 15.340905
v 13.890030 43.367300 15.555964
v 13.871759 43.367300 15.794359
v 13.890030 43.367300 16.032754
v 13.943053 43.367300 16.247813
v 14.025639 43.367300 16.418484
v 14.129703 43.367300 16.528062
v 14.245059 43.367300 16.565820
v 14.360415 43.367300 16.528062
v 14.464480 43.367300 16.418484
v 14.547065 43.367300 16.247813
v 14.600089 43.367300 16.032754
v 14.618359 43.367300 15.794359
v 14.245059 43.486620 15.794359
vt 0.5000000 0.6996875
vt 0.0865625 0.8056375
vt 0.1279062 0.8056375
vt 0.1692500 0.8056375
vt 0.2105938 0.8056375
vt 0.2519375 0.8056375
vt 0.2932813 0.8056375
vt 0.3346250 0.8056375
vt 0.3759688 0.8056375
vt 0.4173125 0.8056375
vt 0.4586563 0.8056375
vt 0.5000000 0.8056375
vt 0.5413438 0.8056375
vt 0.5826875 0.8056375
vt 0.6240313 0.8056375
vt 0.6653750 0.8056375
vt 0.7067187 0.8056375
vt 0.7480625 0.8056375
vt 0.7894062 0.8056375
vt 0.8307500 0.8056375
vt 0.8720937 0.8056375
vt 0.9134375 0.8056375
vt 0.0865625 0.7946797
vt 0.1279062 0.7946797
vt 0.1692500 0.7946797
vt 0.2105938 0.7946797
vt 0.2519375 0.7946797
vt 0.2932813 0.7946797
vt 0.3346250 0.7946797
vt 0.3759688 0.7946797
vt 0.4173125 0.7946797
vt 0.4586563 0.7946797
vt 0.5000000 0.7946797
vt 0.5413438 0.7946797
vt 0.5826875 0.7946797
vt 0.6240313 0.7946797
vt 0.6653750 0.7946797
vt 0.7067187 0.7946797
vt 0.7480625 0.7946797
vt 0.7894062 0.7946797
vt 0.8307500 0.7946797
vt 0.8720937 0.7946797
vt 0.9134375 0.7946797
vt 0.0865625 0.7772483
vt 0.1279062 0.7772483
vt 0.1692500 0.7772483
vt 0.2105938 0.7772483
vt 0.2519375 0.7772483
vt 0.2932813 0.7772483
vt 0.3346250 0.7772483
vt 0.3759688 0.7772483
vt 0.4173125 0.7772483
vt 0.4586563 0.7772483
vt 0.5000000 0.7772483
vt 0.5413438 0.7772483
vt 0.5826875 0.7772483
vt 0.6240313 0.7772483
vt 0.6653750 0.7772483
vt 0.7067187 0.7772483
vt 0.7480625 0.7772483
vt 0.7894062 0.7772483
vt 0.8307500 0.7772483
vt 0.8720937 0.7772483
vt 0.9134375 0.7772483
vt 0.0865625 0.7545312
vt 0.1279062 0.7545312
vt 0.1692500 0.7545312
vt 0.2105938 0.7545312
vt 0.2519375 0.7545312
vt 0.2932813 0.7545312
vt 0.3346250 0.7545312
vt 0.3759688 0.7545312
vt 0.4173125 0.7545312
vt 0.4586563 0.7545312
vt 0.5000000 0.7545312
vt 0.5413438 0.7545312
vt 0.5826875 0.7545312
vt 0.6240313 0.7545312
vt 0.6653750 0.7545312
vt 0.7067187 0.7545312
vt 0.7480625 0.7545312
vt 0.7894062 0.7545312
vt 0.8307500 0.7545312
vt 0.8720937 0.7545312
vt 0.9134375 0.7545312
vt 0.0865625 0.7280767
vt 0.1279062 0.7280767
vt 0.1692500 0.7280767
vt 0.2105938 0.7280767
vt 0.2519375 0.7280767
vt 0.2932813 0.7280767
vt 0.3346250 0.7280767
vt 0.3759688 0.7280767
vt 0.4173125 0.7280767
vt 0.4586563 0.7280767
vt 0.5000000 0.7280767
vt 0.5413438 0.7280767
vt 0.5826875 0.7280767
vt 0.6240313 0.7280767
vt 0.6653750 0.7280767
vt 0.7067187 0.7280767
vt 0.7480625 0.7280767
vt 0.7894062 0.7280767
vt 0.8307500 0.7280767
vt 0.8720937 0.7280767
vt 0.9134375 0.7280767
vt 0.0865625 0.6996875
vt 0.1279062 0.6996875
vt 0.1692500 0.6996875
vt 0.2105938 0.6996875
vt 0.2519375 0.6996875
vt 0.2932813 0.6996875
vt 0.3346250 0.6996875
vt 0.3759688 0.6996875
vt 0.4173125 0.6996875
vt 0.4586563 0.6996875
vt 0.5000000 0.6996875
vt 0.5413438 0.6996875
vt 0.5826875 0.6996875
vt 0.6240313 0.6996875
vt 0.6653750 0.6996875
vt 0.7067187 0.6996875
vt 0.7480625 0.6996875
vt 0.7894062 0.6996875
vt 0.8307500 0.6996875
vt 0.8720937 0.6996875
vt 0.9134375 0.6996875
vt 0.0865625 0.6712983
vt 0.1279062 0.6712983
vt 0.1692500 0.6712983
vt 0.2105938 0.6712983
vt 0.2519375 0.6712983
vt 0.2932813 0.6712983
vt 0.3346250 0.6712983
vt 0.3759688 0.6712983
vt 0.4173125 0.6712983
vt 0.4586563 0.6712983
vt 0.5000000 0.6712983
vt 0.5413438 0.6712983
vt 0.5826875 0.6712983
vt 0.6240313 0.6712983
vt 0.6653750 0.6712983
vt 0.7067187 0.6712983
vt 0.7480625 0.6712983
vt 0.7894062 0.6712983
vt 0.8307500 0.6712983
vt 0.8720937 0.6712983
vt 0.9134375 0.6712983
vt 0.0865625 0.6448438
vt 0.1279062 0.6448438
vt 0.1692500 0.6448438
vt 0.2105938 0.6448438
vt 0.2519375 0.6448438
vt 0.2932813 0.6448438
vt 0.3346250 0.6448438
vt 0.3759688 0.6448438
vt 0.4173125 0.6448438
vt 0.4586563 0.6448438
vt 0.5000000 0.6448438
vt 0.5413438 0.6448438
vt 0.5826875 0.6448438
vt 0.6240313 0.6448438
vt 0.6653750 0.6448438
vt 0.7067187 0.6448438
vt 0.7480625 0.6448438
vt 0.7894062 0.6448438
vt 0.8307500 0.6448438
vt 0.8720937 0.6448438
vt 0.9134375 0.6448438
vt 0.0865625 0.6221267
vt 0.1279062 0.6221267
vt 0.1692500 0.6221267
vt 0.2105938 0.6221267
vt 0.2519375 0.6221267
vt 0.2932813 0.6221267
vt 0.3346250 0.6221267
vt 0.3759688 0.6221267
vt 0.4173125 0.6221267
vt 0.4586563 0.6221267
vt 0.5000000 0.6221267
vt 0.5413438 0.6221267
vt 0.5826875 0.6221267
vt 0.6240313 0.6221267
vt 0.6653750 0.6221267
vt 0.7067187 0.6221267
vt 0.7480625 0.6221267
vt 0.7894062 0.6221267
vt 0.8307500 0.6221267
vt 0.8720937 0.6221267
vt 0.9134375 0.6221267
vt 0.0865625 0.6046953
vt 0.1279062 0.6046953
vt 0.1692500 0.6046953
vt 0.2105938 0.6046953
vt 0.2519375 0.6046953
vt 0.2932813 0.6046953
vt 0.3346250 0.6046953
vt 0.3759688 0.6046953
vt 0.4173125 0.6046953
vt 0.4586563 0.6046953
vt 0.5000000 0.6046953
vt 0.5413438 0.6046953
vt 0.5826875 0.6046953
vt 0.6240313 0.6046953
vt 0.6653750 0.6046953
vt 0.7067187 0.6046953
vt 0.7480625 0.6046953
vt 0.7894062 0.6046953
vt 0.8307500 0.6046953
vt 0.8720937 0.6046953
vt 0.9134375 0.6046953
vt 0.0865625 0.5937375
vt 0.1279062 0.5937375
vt 0.1692500 0.5937375
vt 0.2105938 0.5937375
vt 0.2519375 0.5937375
vt 0.2932813 0.5937375
vt 0.3346250 0.5937375
vt 0.3759688 0.5937375
vt 0.4173125 0.5937375
vt 0.4586563 0.5937375
vt 0.5000000 0.5937375
vt 0.5413438 0.5937375
vt 0.5826875 0.5937375
vt 0.6240313 0.5937375
vt 0.6653750 0.5937375
vt 0.7067187 0.5937375
vt 0.7480625 0.5937375
vt 0.7894062 0.5937375
vt 0.8307500 0.5937375
vt 0.8720937 0.5937375
vt 0.9134375 0.5937375
vt 0.5000000 0.6996875
vn 0.0000000 -1.0000000 0.0000000
vn 0.6066865 -0.7947027 -0.0194677
vn 0.5755395 -0.8101568 -0.1113565
vn 0.4965251 -0.8446351 -0.2001360
vn 0.3626343 -0.8893188 -0.2785830
vn 0.1740267 -0.9268561 -0.3326446
vn -0.0474352 -0.9369872 -0.3461284
vn -0.2594294 -0.9133066 -0.3139544
vn -0.4260982 -0.8701570 -0.2475219
vn -0.5361314 -0.8281672 -0.1634080
vn -0.5941415 -0.8010611 -0.0727802
vn -0.6066865 -0.7947027 0.0194677
vn -0.5755395 -0.8101568 0.1113565
vn -0.4965251 -0.8446351 0.2001360
vn -0.3626343 -0.8893188 0.2785830
vn -0.1740267 -0.9268561 0.3326446
vn 0.0474352 -0.9369872 0.3461284
vn 0.2594294 -0.9133066 0.3139544
vn 0.4260982 -0.8701570 0.2475219
vn 0.5361314 -0.8281672 0.1634080
vn 0.5941415 -0.8010611 0.0727802
vn 0.6066865 -0.7947027 -0.0194677
vn 0.8261896 -0.5632233 -0.0137972
vn 0.8015524 -0.5810640 -0.1409904
vn 0.7274462 -0.6287422 -0.2747824
vn 0.5776984 -0.7034270 -0.4140712
vn 0.3173225 -0.7832260 -0.5346620
vn -0.0412475 -0.8147615 -0.5783271
vn -0.3849287 -0.7676420 -0.5124018
vn -0.6189681 -0.6853239 -0.3836790
vn -0.7490165 -0.6157143 -0.2446839
vn -0.8106343 -0.5746146 -0.1126508
vn -0.8261896 -0.5632233 0.0137972
vn -0.8015524 -0.5810640 0.1409904
vn -0.7274462 -0.6287422 0.2747824
vn -0.5776984 -0.7034270 0.4140712
vn -0.3173225 -0.7832260 0.5346620
vn 0.0412475 -0.8147615 0.5783271
vn 0.3849287 -0.7676420 0.5124018
vn 0.6189681 -0.6853239 0.3836790
vn 0.7490165 -0.6157143 0.2446839
vn 0.8106343 -0.5746146 0.1126508
vn 0.8261896 -0.5632233 -0.0137972
vn 0.9276272 -0.3733953 -0.0091470
vn 0.9091582 -0.3873590 -0.1529193
vn 0.8482996 -0.4284153 -0.3112043
vn 0.7106714 -0.5007266 -0.4941852
vn 0.4268048 -0.5931597 -0.6826414
vn -0.0323587 -0.6391818 -0.7683746
vn -0.4745623 -0.5816859 -0.6606301
vn -0.7349957 -0.4896075 -0.4691117
vn -0.8594651 -0.4213890 -0.2893978
vn -0.9135501 -0.3841097 -0.1337386
vn -0.9276272 -0.3733953 0.0091470
vn -0.9091582 -0.3873590 0.1529193
vn -0.8482996 -0.4284153 0.3112043
vn -0.7106714 -0.5007266 0.4941852
vn -0.4268048 -0.5931597 0.6826414
vn 0.0323587 -0.6391818 0.7683746
vn 0.4745623 -0.5816859 0.6606301
vn 0.7349957 -0.4896075 0.4691117
vn 0.8594651 -0.4213890 0.2893978
vn 0.9135501 -0.3841097 0.1337386
vn 0.9276272 -0.3733953 -0.0091470
vn 0.9736449 -0.2280008 -0.0055853
vn 0.9587689 -0.2369842 -0.1568460
vn 0.9071672 -0.2648636 -0.3269478
vn 0.7831710 -0.3171893 -0.5348216
vn 0.4983809 -0.3919735 -0.7732873
vn -0.0220476 -0.4355056 -0.8999160
vn -0.5282850 -0.3862408 -0.7561303
vn -0.7966309 -0.3122806 -0.5175520
vn -0.9129009 -0.2619854 -0.3130106
vn -0.9609459 -0.2356995 -0.1450131
vn -0.9736449 -0.2280008 0.0055853
vn -0.9587689 -0.2369842 0.1568460
vn -0.9071672 -0.2648636 0.3269478
vn -0.7831710 -0.3171893 0.5348216
vn -0.4983809 -0.3919735 0.7732873
vn 0.0220476 -0.4355056 0.8999160
vn 0.5282850 -0.3862408 0.7561303
vn 0.7966309 -0.3122806 0.5175520
vn 0.9129009 -0.2619854 0.3130106
vn 0.9609459 -0.2356995 0.1450131
vn 0.9736449 -0.2280008 -0.0055853
vn 0.9941078 -0.1083638 -0.0026546
vn 0.9811269 -0.1126546 -0.1571588
vn 0.9346220 -0.1264369 -0.3324084
vn 0.8195264 -0.1531462 -0.5521981
vn 0.5397780 -0.1936970 -0.8192199
vn -0.0111249 -0.2197509 -0.9754926
vn -0.5541006 -0.1921953 -0.8099589
vn -0.8255472 -0.1519454 -0.5434928
vn -0.9370928 -0.1257587 -0.3256406
vn -0.9820495 -0.1123569 -0.1515081
vn -0.9941078 -0.1083638 0.0026546
vn -0.9811269 -0.1126546 0.1571588
vn -0.9346220 -0.1264369 0.3324084
vn -0.8195264 -0.1531462 0.5521981
vn -0.5397780 -0.1936970 0.8192199
vn 0.0111249 -0.2197509 0.9754926
vn 0.5541006 -0.1921953 0.8099589
vn 0.8255472 -0.1519454 0.5434928
vn 0.9370928 -0.1257587 0.3256406
vn 0.9820495 -0.1123569 0.1515081
vn 0.9941078 -0.1083638 -0.0026546
vn 1.0000000 -0.0000000 0.0000000
vn 0.9878648 -0.0000000 -0.1553165
vn 0.9433972 0.0000000 -0.3316649
vn 0.8323012 0.0000000 -0.5543237
vn 0.5574628 0.0000000 -0.8302019
vn 0.0000000 0.0000000 -1.0000000
vn -0.5574628 -0.0000000 -0.8302019
vn -0.8323012 0.0000000 -0.5543237
vn -0.9433972 0.0000000 -0.3316649
vn -0.9878648 0.0000000 -0.1553165
vn -1.0000000 -0.0000000 -0.0000000
vn -0.9878648 -0.0000000 0.1553165
vn -0.9433972 -0.0000000 0.3316649
vn -0.8323012 0.0000000 0.5543237
vn -0.5574628 0.0000000 0.8302019
vn 0.0000000 0.0000000 1.0000000
vn 0.5574628 -0.0000000 0.8302019
vn 0.8323012 -0.0000000 0.5543237
vn 0.9433972 0.0000000 0.3316649
vn 0.9878648 0.0000000 0.1553165
vn 1.0000000 -0.0000000 0.0000000
vn 0.9941078 0.1083638 0.0026546
vn 0.9820495 0.1123569 -0.1515081
vn 0.9370928 0.1257587 -0.3256406
vn 0.8255472 0.1519454 -0.5434928
vn 0.5541006 0.1921953 -0.8099589
vn 0.0111249 0.2197509 -0.9754926
vn -0.5397780 0.1936970 -0.8192199
vn -0.8195264 0.1531462 -0.5521981
vn -0.9346220 0.1264369 -0.3324084
vn -0.9811269 0.1126546 -0.1571588
vn -0.9941078 0.1083638 -0.0026546
vn -0.9820495 0.1123569 0.1515081
vn -0.9370928 0.1257587 0.3256406
vn -0.8255472 0.1519454 0.5434928
vn -0.5541006 0.1921953 0.8099589
vn -0.0111249 0.2197509 0.9754926
vn 0.5397780 0.1936970 0.8192199
vn 0.8195264 0.1531462 0.5521981
vn 0.9346220 0.1264369 0.3324084
vn 0.9811269 0.1126546 0.1571588
vn 0.9941078 0.1083638 0.0026546
vn 0.9736449 0.2280008 0.0055853
vn 0.9609459 0.2356995 -0.1450131
vn 0.9129009 0.2619854 -0.3130106
vn 0.7966309 0.3122806 -0.5175520
vn 0.5282850 0.3862408 -0.7561303
vn 0.0220476 0.4355056 -0.8999160
vn -0.4983809 0.3919735 -0.7732873
vn -0.7831710 0.3171893 -0.5348216
vn -0.9071672 0.2648636 -0.3269478
vn -0.9587689 0.2369842 -0.1568460
vn -0.9736449 0.2280008 -0.0055853
vn -0.9609459 0.2356995 0.1450131
vn -0.9129009 0.2619854 0.3130106
vn -0.7966309 0.3122806 0.5175520
vn -0.5282850 0.3862408 0.7561303
vn -0.0220476 0.4355056 0.8999160
vn 0.4983809 0.3919735 0.7732873
vn 0.7831710 0.3171893 0.5348216
vn 0.9071672 0.2648636 0.3269478
vn 0.9587689 0.2369842 0.1568460
vn 0.9736449 0.2280008 0.0055853
vn 0.9276272 0.3733953 0.0091470
vn 0.9135501 0.3841097 -0.1337386
vn 0.8594651 0.4213890 -0.2893978
vn 0.7349957 0.4896075 -0.4691117
vn 0.4745623 0.5816859 -0.6606301
vn 0.0323587 0.6391818 -0.7683746
vn -0.4268048 0.5931597 -0.6826414
vn -0.7106714 0.5007266 -0.4941852
vn -0.8482996 0.4284153 -0.3112043
vn -0.9091582 0.3873590 -0.1529193
vn -0.9276272 0.3733953 -0.0091470
vn -0.9135501 0.3841097 0.1337386
vn -0.8594651 0.4213890 0.2893978
vn -0.7349957 0.4896075 0.4691117
vn -0.4745623 0.5816859 0.6606301
vn -0.0323587 0.6391818 0.7683746
vn 0.4268048 0.5931597 0.6826414
vn 0.7106714 0.5007266 0.4941852
vn 0.8482996 0.4284153 0.3112043
vn 0.9091582 0.3873590 0.1529193
vn 0.9276272 0.3733953 0.0091470
vn 0.8261896 0.5632233 0.0137972
vn 0.8106343 0.5746146 -0.1126508
vn 0.7490165 0.6157143 -0.2446839
vn 0.6189681 0.6853239 -0.3836790
vn 0.3849287 0.7676420 -0.5124018
vn 0.0412475 0.8147615 -0.5783271
vn -0.3173225 0.7832260 -0.5346620
vn -0.5776984 0.7034270 -0.4140712
vn -0.7274462 0.6287422 -0.2747824
vn -0.8015524 0.5810640 -0.1409904
vn -0.8261896 0.5632233 -0.0137972
vn -0.8106343 0.5746146 0.1126508
vn -0.7490165 0.6157143 0.2446839
vn -0.6189681 0.6853239 0.3836790
vn -0.3849287 0.7676420 0.5124018
vn -0.0412475 0.8147615 0.5783271
vn 0.3173225 0.7832260 0.5346620
vn 0.5776984 0.7034270 0.4140712
vn 0.7274462 0.6287422 0.2747824
vn 0.8015524 0.5810640 0.1409904
vn 0.8261896 0.5632233 0.0137972
vn 0.6066865 0.7947027 0.0194677
vn 0.5941415 0.8010611 -0.0727802
vn 0.5361314 0.8281672 -0.1634080
vn 0.4260982 0.8701570 -0.2475219
vn 0.2594294 0.9133066 -0.3139544
vn 0.0474352 0.9369872 -0.3461284
vn -0.1740267 0.9268561 -0.3326446
vn -0.3626343 0.8893188 -0.2785830
vn -0.4965251 0.8446351 -0.2001360
vn -0.5755395 0.8101568 -0.1113565
vn -0.6066865 0.7947027 -0.0194677
vn -0.5941415 0.8010611 0.0727802
vn -0.5361314 0.8281672 0.1634080
vn -0.4260982 0.8701570 0.2475219
vn -0.2594294 0.9133066 0.3139544
vn -0.0474352 0.9369872 0.3461284
vn 0.1740267 0.9268561 0.3326446
vn 0.3626343 0.8893188 0.2785830
vn 0.4965251 0.8446351 0.2001360
vn 0.5755395 0.8101568 0.1113565
vn 0.6066865 0.7947027 0.0194677
vn 0.0000000 1.0000000 0.0000000
s 1
f 2198/2198/2198 2200/2200/2200 2199/2199/2199
f 2198/2198/2198 2201/2201/2201 2200/2200/2200
f 2198/2198/2198 2202/2202/2202 2201/2201/2201
f 2198/2198/2198 2203/2203/2203 2202/2202/2202
f 2198/2198/2198 2204/2204/2204 2203/2203/2203
f 2198/2198/2198 2205/2205/2205 2204/2204/2204
f 2198/2198/2198 2206/2206/2206 2205/2205/2205
f 2198/2198/2198 2207/2207/2207 2206/2206/2206
f 2198/2198/2198 2208/2208/2208 2207/2207/2207
f 2198/2198/2198 2209/2209/2209 2208/2208/2208
f 2198/2198/2198 2210/2210/2210 2209/2209/2209
f 2198/2198/2198 2211/2211/2211 2210/2210/2210
f 2198/2198/2198 2212/2212/2212 2211/2211/2211
f 2198/2198/2198 2213/2213/2213 2212/2212/2212
f 2198/2198/2198 2214/2214/2214 2213/2213/2213
f 2198/2198/2198 2215/2215/2215 2214/2214/2214
f 2198/2198/2198 2216/2216/2216 2215/2215/2215
f 2198/2198/2198 2217/2217/2217 2216/2216/2216
f 2198/2198/2198 2218/2218/2218 2217/2217/2217
f 2198/2198/2198 2219/2219/2219 2218/2218/2218
f 2199/2199/2199 2200/2200/2200 2221/2221/2221
f 2199/2199/2199 2221/2221/2221 2220/2220/2220
f 2200/2200/2200 2201/2201/2201 2222/2222/2222
f 2200/2200/2200 2222/2222/2222 2221/2221/2221
f 2201/2201/2201 2202/2202/2202 2223/2223/2223
f 2201/2201/2201 2223/2223/2223 2222/2222/2222
f 2202/2202/2202 2203/2203/2203 2224/2224/2224
f 2202/2202/2202 2224/2224/2224 2223/2223/2223
f 2203/2203/2203 2204/2204/2204 2225/2225/2225
f 2203/2203/2203 2225/2225/2225 2224/2224/2224
f 2204/2204/2204 2205/2205/2205 2226/2226/2226
f 2204/2204/2204 2226/2226/2226 2225/2225/2225
f 2205/2205/2205 2206/2206/2206 2227/2227/2227
f 2205/2205/2205 2227/2227/2227 2226/2226/2226
f 2206/2206/2206 2207/2207/2207 2228/2228/2228
f 2206/2206/2206 2228/2228/2228 2227/2227/2227
f 2207/2207/2207 2208/2208/2208 2229/2229/2229
f 2207/2207/2207 2229/2229/2229 2228/2228/2228
f 2208/2208/2208 2209/2209/2209 2230/2230/2230
f 2208/2208/2208 2230/2230/2230 2229/2229/2229
f 2209/2209/2209 2210/2210/2210 2231/2231/2231
f 2209/2209/2209 2231/2231/2231 2230/2230/2230
f 2210/2210/2210 2211/2211/2211 2232/2232/2232
f 2210/2210/2210 2232/2232/2232 2231/2231/2231
f 2211/2211/2211 2212/2212/2212 2233/2233/2233
f 2211/2211/2211 2233/2233/2233 2232/2232/2232
f 2212/2212/2212 2213/2213/2213 2234/2234/2234
f 2212/2212/2212 2234/2234/2234 2233/2233/2233
f 2213/2213/2213 2214/2214/2214 2235/2235/2235
f 2213/2213/2213 2235/2235/2235 2234/2234/2234
f 2214/2214/2214 2215/2215/2215 2236/2236/2236
f 2214/2214/2214 2236/2236/2236 2235/2235/2235
f 2215/2215/2215 2216/2216/2216 2237/2237/2237
f 2215/2215/2215 2237/2237/2237 2236/2236/2236
f 2216/2216/2216 2217/2217/2217 2238/2238/2238
f 2216/2216/2216 2238/2238/2238 2237/2237/2237
f 2217/2217/2217 2218/2218/2218 2239/2239/2239
f 2217/2217/2217 2239/2239/2239 2238/2238/2238
f 2218/2218/2218 2219/2219/2219 2240/2240/2240
f 2218/2218/2218 2240/2240/2240 2239/2239/2239
f 2220/2220/2220 2221/2221/2221 2242/2242/2242
f 2220/2220/2220 2242/2242/2242 2241/2241/2241
f 2221/2221/2221 2222/2222/2222 2243/2243/2243
f 2221/2221/2221 2243/2243/2243 2242/2242/2242
f 2222/2222/2222 2223/2223/2223 2244/2244/2244
f 2222/2222/2222 2244/2244/2244 2243/2243/2243
f 2223/2223/2223 2224/2224/2224 2245/2245/2245
f 2223/2223/2223 2245/2245/2245 2244/2244/2244
f 2224/2224/2224 2225/2225/2225 2246/2246/2246
f 2224/2224/2224 2246/2246/2246 2245/2245/2245
f 2225/2225/2225 2226/2226/2226 2247/2247/2247
f 2225/2225/2225 2247/2247/2247 2246/2246/2246
f 2226/2226/2226 2227/2227/2227 2248/2248/2248
f 2226/2226/2226 2248/2248/2248 2247/2247/2247
f 2227/2227/2227 2228/2228/2228 2249/2249/2249
f 2227/2227/2227 2249/2249/2249 2248/2248/2248
f 2228/2228/2228 2229/2229/2229 2250/2250/2250
f 2228/2228/2228 2250/2250/2250 2249/2249/2249
f 2229/2229/2229 2230/2230/2230 2251/2251/2251
f 2229/2229/2229 2251/2251/2251 2250/2250/2250
f 2230/2230/2230 2231/2231/2231 2252/2252/2252
f 2230/2230/2230 2252/2252/2252 2251/2251/2251
f 2231/2231/2231 2232/2232/2232 2253/2253/2253
f 2231/2231/2231 2253/2253/2253 2252/2252/2252
f 2232/2232/2232 2233/2233/2233 2254/2254/2254
f 2232/2232/2232 2254/2254/2254 2253/2253/2253
f 2233/2233/2233 2234/2234/2234 2255/2255/2255
f 2233/2233/2233 2255/2255/2255 2254/2254/2254
f 2234/2234/2234 2235/2235/2235 2256/2256/2256
f 2234/2234/2234 2256/2256/2256 2255/2255/2255
f 2235/2235/2235 2236/2236/2236 2257/2257/2257
f 2235/2235/2235 2257/2257/2257 2256/2256/2256
f 2236/2236/2236 2237/2237/2237 2258/2258/2258
f 2236/2236/2236 2258/2258/2258 2257/2257/2257
f 2237/2237/2237 2238/2238/2238 2259/2259/2259
f 2237/2237/2237 2259/2259/2259 2258/2258/2258
f 2238/2238/2238 2239/2239/2239 2260/2260/2260
f 2238/2238/2238 2260/2260/2260 2259/2259/2259
f 2239/2239/2239 2240/2240/2240 2261/2261/2261
f 2239/2239/2239 2261/2261/2261 2260/2260/2260
f 2241/2241/2241 2242/2242/2242 2263/2263/2263
f 2241/2241/2241 2263/2263/2263 2262/2262/2262
f 2242/2242/2242 2243/2243/2243 2264/2264/2264
f 2242/2242/2242 2264/2264/2264 2263/2263/2263
f 2243/2243/2243 2244/2244/2244 2265/2265/2265
f 2243/2243/2243 2265/2265/2265 2264/2264/2264
f 2244/2244/2244 2245/2245/2245 2266/2266/2266
f 2244/2244/2244 2266/2266/2266 2265/2265/2265
f 2245/2245/2245 2246/2246/2246 2267/2267/2267
f 2245/2245/2245 2267/2267/2267 2266/2266/2266
f 2246/2246/2246 2247/2247/2247 2268/2268/2268
f 2246/2246/2246 2268/2268/2268 2267/2267/2267
f 2247/2247/2247 2248/2248/2248 2269/2269/2269
f 2247/2247/2247 2269/2269/2269 2268/2268/2268
f 2248/2248/2248 2249/2249/2249 2270/2270/2270
f 2248/2248/2248 2270/2270/2270 2269/2269/2269
f 2249/2249/2249 2250/2250/2250 2271/2271/2271
f 2249/2249/2249 2271/2271/2271 2270/2270/2270
f 2250/2250/2250 2251/2251/2251 2272/2272/2272
f 2250/2250/2250 2272/2272/2272 2271/2271/2271
f 2251/2251/2251 2252/2252/2252 2273/2273/2273
f 2251/2251/2251 2273/2273/2273 2272/2272/2272
f 2252/2252/2252 2253/2253/2253 2274/2274/2274
f 2252/2252/2252 2274/2274/2274 2273/2273/2273
f 2253/2253/2253 2254/2254/2254 2275/2275/2275
f 2253/2253/2253 2275/2275/2275 2274/2274/2274
f 2254/2254/2254 2255/2255/2255 2276/2276/2276
f 2254/2254/2254 2276/2276/2276 2275/2275/2275
f 2255/2255/2255 2256/2256/2256 2277/2277/2277
f 2255/2255/2255 2277/2277/2277 2276/2276/2276
f 2256/2256/2256 2257/2257/2257 2278/2278/2278
f 2256/2256/2256 2278/2278/2278 2277/2277/2277
f 2257/2257/2257 2258/2258/2258 2279/2279/2279
f 2257/2257/2257 2279/2279/2279 2278/2278/2278
f 2258/2258/2258 2259/2259/2259 2280/2280/2280
f 2258/2258/2258 2280/2280/2280 2279/2279/2279
f 2259/2259/2259 2260/2260/2260 2281/2281/2281
f 2259/2259/2259 2281/2281/2281 2280/2280/2280
f 2260/2260/2260 2261/2261/2261 2282/2282/2282
f 2260/2260/2260 2282/2282/2282 2281/2281/2281
f 2262/2262/2262 2263/2263/2263 2284/2284/2284
f 2262/2262/2262 2284/2284/2284 2283/2283/2283
f 2263/2263/2263 2264/2264/2264 2285/2285/2285
f 2263/2263/2263 2285/2285/2285 2284/2284/2284
f 2264/2264/2264 2265/2265/2265 2286/2286/2286
f 2264/2264/2264 2286/2286/2286 2285/2285/2285
f 2265/2265/2265 2266/2266/2266 2287/2287/2287
f 2265/2265/2265 2287/2287/2287 2286/2286/2286
f 2266/2266/2266 2267/2267/2267 2288/2288/2288
f 2266/2266/2266 2288/2288/2288 2287/2287/2287
f 2267/2267/2267 2268/2268/2268 2289/2289/2289
f 2267/2267/2267 2289/2289/2289 2288/2288/2288
f 2268/2268/2268 2269/2269/2269 2290/2290/2290
f 2268/2268/2268 2290/2290/2290 2289/2289/2289
f 2269/2269/2269 2270/2270/2270 2291/2291/2291
f 2269/2269/2269 2291/2291/2291 2290/2290/2290
f 2270/2270/2270 2271/2271/2271 2292/2292/2292
f 2270/2270/2270 2292/2292/2292 2291/2291/2291
f 2271/2271/2271 2272/2272/2272 2293/2293/2293
f 2271/2271/2271 2293/2293/2293 2292/2292/2292
f 2272/2272/2272 2273/2273/2273 2294/2294/2294
f 2272/2272/2272 2294/2294/2294 2293/2293/2293
f 2273/2273/2273 2274/2274/2274 2295/2295/2295
f 2273/2273/2273 2295/2295/2295 2294/2294/2294
f 2274/2274/2274 2275/2275/2275 2296/2296/2296
f 2274/2274/2274 2296/2296/2296 2295/2295/2295
f 2275/2275/2275 2276/2276/2276 2297/2297/2297
f 2275/2275/2275 2297/2297/2297 2296/2296/2296
f 2276/2276/2276 2277/2277/2277 2298/2298/2298
f 2276/2276/2276 2298/2298/2298 2297/2297/2297
f 2277/2277/2277 2278/2278/2278 2299/2299/2299
f 2277/2277/2277 2299/2299/2299 2298/2298/2298
f 2278/2278/2278 2279/2279/2279 2300/2300/2300
f 2278/2278/2278 2300/2300/2300 2299/2299/2299
f 2279/2279/2279 2280/2280/2280 2301/2301/2301
f 2279/2279/2279 2301/2301/2301 2300/2300/2300
f 2280/2280/2280 2281/2281/2281 2302/2302/2302
f 2280/2280/2280 2302/2302/2302 2301/2301/2301
f 2281/2281/2281 2282/2282/2282 2303/2303/2303
f 2281/2281/2281 2303/2303/2303 2302/2302/2302
f 2283/2283/2283 2284/2284/2284 2305/2305/2305
f 2283/2283/2283 2305/2305/2305 2304/2304/2304
f 2284/2284/2284 2285/2285/2285 2306/2306/2306
f 2284/2284/2284 2306/2306/2306 2305/2305/2305
f 2285/2285/2285 2286/2286/2286 2307/2307/2307
f 2285/2285/2285 2307/2307/2307 2306/2306/2306
f 2286/2286/2286 2287/2287/2287 2308/2308/2308
f 2286/2286/2286 2308/2308/2308 2307/2307/2307
f 2287/2287/2287 2288/2288/2288 2309/2309/2309
f 2287/2287/2287 2309/2309/2309 2308/2308/2308
f 2288/2288/2288 2289/2289/2289 2310/2310/2310
f 2288/2288/2288 2310/2310/2310 2309/2309/2309
f 2289/2289/2289 2290/2290/2290 2311/2311/2311
f 2289/2289/2289 2311/2311/2311 2310/2310/2310
f 2290/2290/2290 2291/2291/2291 2312/2312/2312
f 2290/2290/2290 2312/2312/2312 2311/2311/2311
f 2291/2291/2291 2292/2292/2292 2313/2313/2313
f 2291/2291/2291 2313/2313/2313 2312/2312/2312
f 2292/2292/2292 2293/2293/2293 2314/2314/2314
f 2292/2292/2292 2314/2314/2314 2313/2313/2313
f 2293/2293/2293 2294/2294/2294 2315/2315/2315
f 2293/2293/2293 2315/2315/2315 2314/2314/2314
f 2294/2294/2294 2295/2295/2295 2316/2316/2316
f 2294/2294/2294 2316/2316/2316 2315/2315/2315
f 2295/2295/2295 2296/2296/2296 2317/2317/2317
f 2295/2295/2295 2317/2317/2317 2316/2316/2316
f 2296/2296/2296 2297/2297/2297 2318/2318/2318
f 2296/2296/2296 2318/2318/2318 2317/2317/2317
f 2297/2297/2297 2298/2298/2298 2319/2319/2319
f 2297/2297/2297 2319/2319/2319 2318/2318/2318
f 2298/2298/2298 2299/2299/2299 2320/2320/2320
f 2298/2298/2298 2320/2320/2320 2319/2319/2319
f 2299/2299/2299 2300/2300/2300 2321/2321/2321
f 2299/2299/2299 2321/2321/2321 2320/2320/2320
f 2300/2300/2300 2301/2301/2301 2322/2322/2322
f 2300/2300/2300 2322/2322/2322 2321/2321/2321
f 2301/2301/2301 2302/2302/2302 2323/2323/2323
f 2301/2301/2301 2323/2323/2323 2322/2322/2322
f 2302/2302/2302 2303/2303/2303 2324/2324/2324
f 2302/2302/2302 2324/2324/2324 2323/2323/2323
f 2304/2304/2304 2305/2305/2305 2326/2326/2326
f 2304/2304/2304 2326/2326/2326 2325/2325/2325
f 2305/2305/2305 2306/2306/2306 2327/2327/2327
f 2305/2305/2305 2327/2327/2327 2326/2326/2326
f 2306/2306/2306 2307/2307/2307 2328/2328/2328
f 2306/2306/2306 2328/2328/2328 2327/2327/2327
f 2307/2307/2307 2308/2308/2308 2329/2329/2329
f 2307/2307/2307 2329/2329/2329 2328/2328/2328
f 2308/2308/2308 2309/2309/2309 2330/2330/2330
f 2308/2308/2308 2330/2330/2330 2329/2329/2329
f 2309/2309/2309 2310/2310/2310 2331/2331/2331
f 2309/2309/2309 2331/2331/2331 2330/2330/2330
f 2310/2310/2310 2311/2311/2311 2332/2332/2332
f 2310/2310/2310 2332/2332/2332 2331/2331/2331
f 2311/2311/2311 2312/2312/2312 2333/2333/2333
f 2311/2311/2311 2333/2333/2333 2332/2332/2332
f 2312/2312/2312 2313/2313/2313 2334/2334/2334
f 2312/2312/2312 2334/2334/2334 2333/2333/2333
f 2313/2313/2313 2314/2314/2314 2335/2335/2335
f 2313/2313/2313 2335/2335/2335 2334/2334/2334
f 2314/2314/2314 2315/2315/2315 2336/2336/2336
f 2314/2314/2314 2336/2336/2336 2335/2335/2335
f 2315/2315/2315 2316/2316/2316 2337/2337/2337
f 2315/2315/2315 2337/2337/2337 2336/2336/2336
f 2316/2316/2316 2317/2317/2317 2338/2338/2338
f 2316/2316/2316 2338/2338/2338 2337/2337/2337
f 2317/2317/2317 2318/2318/2318 2339/2339/2339
f 2317/2317/2317 2339/2339/2339 2338/2338/2338
f 2318/2318/2318 2319/2319/2319 2340/2340/2340
f 2318/2318/2318 2340/2340/2340 2339/2339/2339
f 2319/2319/2319 2320/2320/2320 2341/2341/2341
f 2319/2319/2319 2341/2341/2341 2340/2340/2340
f 2320/2320/2320 2321/2321/2321 2342/2342/2342
f 2320/2320/2320 2342/2342/2342 2341/2341/2341
f 2321/2321/2321 2322/2322/2322 2343/2343/2343
f 2321/2321/2321 2343/2343/2343 2342/2342/2342
f 2322/2322/2322 2323/2323/2323 2344/2344/2344
f 2322/2322/2322 2344/2344/2344 2343/2343/2343
f 2323/2323/2323 2324/2324/2324 2345/2345/2345
f 2323/2323/2323 2345/2345/2345 2344/2344/2344
f 2325/2325/2325 2326/2326/2326 2347/2347/2347
f 2325/2325/2325 2347/2347/2347 2346/2346/2346
f 2326/2326/2326 2327/2327/2327 2348/2348/2348
f 2326/2326/2326 2348/2348/2348 2347/2347/2347
f 2327/2327/2327 2328/2328/2328 2349/2349/2349
f 2327/2327/2327 2349/2349/2349 2348/2348/2348
f 2328/2328/2328 2329/2329/2329 2350/2350/2350
f 2328/2328/2328 2350/2350/2350 2349/2349/2349
f 2329/2329/2329 2330/2330/2330 2351/2351/2351
f 2329/2329/2329 2351/2351/2351 2350/2350/2350
f 2330/2330/2330 2331/2331/2331 2352/2352/2352
f 2330/2330/2330 2352/2352/2352 2351/2351/2351
f 2331/2331/2331 2332/2332/2332 2353/2353/2353
f 2331/2331/2331 2353/2353/2353 2352/2352/2352
f 2332/2332/2332 2333/2333/2333 2354/2354/2354
f 2332/2332/2332 2354/2354/2354 2353/2353/2353
f 2333/2333/2333 2334/2334/2334 2355/2355/2355
f 2333/2333/2333 2355/2355/2355 2354/2354/2354
f 2334/2334/2334 2335/2335/2335 2356/2356/2356
f 2334/2334/2334 2356/2356/2356 2355/2355/2355
f 2335/2335/2335 2336/2336/2336 2357/2357/2357
f 2335/2335/2335 2357/2357/2357 2356/2356/2356
f 2336/2336/2336 2337/2337/2337 2358/2358/2358
f 2336/2336/2336 2358/2358/2358 2357/2357/2357
f 2337/2337/2337 2338/2338/2338 2359/2359/2359
f 2337/2337/2337 2359/2359/2359 2358/2358/2358
f 2338/2338/2338 2339/2339/2339 2360/2360/2360
f 2338/2338/2338 2360/2360/2360 2359/2359/2359
f 2339/2339/2339 2340/2340/2340 2361/2361/2361
f 2339/2339/2339 2361/2361/2361 2360/2360/2360
f 2340/2340/2340 2341/2341/2341 2362/2362/2362
f 2340/2340/2340 2362/2362/2362 2361/2361/2361
f 2341/2341/2341 2342/2342/2342 2363/2363/2363
f 2341/2341/2341 2363/2363/2363 2362/2362/2362
f 2342/2342/2342 2343/2343/2343 2364/2364/2364
f 2342/2342/2342 2364/2364/2364 2363/2363/2363
f 2343/2343/2343 2344/2344/2344 2365/2365/2365
f 2343/2343/2343 2365/2365/2365 2364/2364/2364
f 2344/2344/2344 2345/2345/2345 2366/2366/2366
f 2344/2344/2344 2366/2366/2366 2365/2365/2365
f 2346/2346/2346 2347/2347/2347 2368/2368/2368
f 2346/2346/2346 2368/2368/2368 2367/2367/2367
f 2347/2347/2347 2348/2348/2348 2369/2369/2369
f 2347/2347/2347 2369/2369/2369 2368/2368/2368
f 2348/2348/2348 2349/2349/2349 2370/2370/2370
f 2348/2348/2348 2370/2370/2370 2369/2369/2369
f 2349/2349/2349 2350/2350/2350 2371/2371/2371
f 2349/2349/2349 2371/2371/2371 2370/2370/2370
f 2350/2350/2350 2351/2351/2351 2372/2372/2372
f 2350/2350/2350 2372/2372/2372 2371/2371/2371
f 2351/2351/2351 2352/2352/2352 2373/2373/2373
f 2351/2351/2351 2373/2373/2373 2372/2372/2372
f 2352/2352/2352 2353/2353/2353 2374/2374/2374
f 2352/2352/2352 2374/2374/2374 2373/2373/2373
f 2353/2353/2353 2354/2354/2354 2375/2375/2375
f 2353/2353/2353 2375/2375/2375 2374/2374/2374
f 2354/2354/2354 2355/2355/2355 2376/2376/2376
f 2354/2354/2354 2376/2376/2376 2375/2375/2375
f 2355/2355/2355 2356/2356/2356 2377/2377/2377
f 2355/2355/2355 2377/2377/2377 2376/2376/2376
f 2356/2356/2356 2357/2357/2357 2378/2378/2378
f 2356/2356/2356 2378/2378/2378 2377/2377/2377
f 2357/2357/2357 2358/2358/2358 2379/2379/2379
f 2357/2357/2357 2379/2379/2379 2378/2378/2378
f 2358/2358/2358 2359/2359/2359 2380/2380/2380
f 2358/2358/2358 2380/2380/2380 2379/2379/2379
f 2359/2359/2359 2360/2360/2360 2381/2381/2381
f 2359/2359/2359 2381/2381/2381 2380/2380/2380
f 2360/2360/2360 2361/2361/2361 2382/2382/2382
f 2360/2360/2360 2382/2382/2382 2381/2381/2381
f 2361/2361/2361 2362/2362/2362 2383/2383/2383
f 2361/2361/2361 2383/2383/2383 2382/2382/2382
f 2362/2362/2362 2363/2363/2363 2384/2384/2384
f 2362/2362/2362 2384/2384/2384 2383/2383/2383
f 2363/2363/2363 2364/2364/2364 2385/2385/2385
f 2363/2363/2363 2385/2385/2385 2384/2384/2384
f 2364/2364/2364 2365/2365/2365 2386/2386/2386
f 2364/2364/2364 2386/2386/2386 2385/2385/2385
f 2365/2365/2365 2366/2366/2366 2387/2387/2387
f 2365/2365/2365 2387/2387/2387 2386/2386/2386
f 2367/2367/2367 2368/2368/2368 2389/2389/2389
f 2367/2367/2367 2389/2389/2389 2388/2388/2388
f 2368/2368/2368 2369/2369/2369 2390/2390/2390
f 2368/2368/2368 2390/2390/2390 2389/2389/2389
f 2369/2369/2369 2370/2370/2370 2391/2391/2391
f 2369/2369/2369 2391/2391/2391 2390/2390/2390
f 2370/2370/2370 2371/2371/2371 2392/2392/2392
f 2370/2370/2370 2392/2392/2392 2391/2391/2391
f 2371/2371/2371 2372/2372/2372 2393/2393/2393
f 2371/2371/2371 2393/2393/2393 2392/2392/2392
f 2372/2372/2372 2373/2373/2373 2394/2394/2394
f 2372/2372/2372 2394/2394/2394 2393/2393/2393
f 2373/2373/2373 2374/2374/2374 2395/2395/2395
f 2373/2373/2373 2395/2395/2395 2394/2394/2394
f 2374/2374/2374 2375/2375/2375 2396/2396/2396
f 2374/2374/2374 2396/2396/2396 2395/2395/2395
f 2375/2375/2375 2376/2376/2376 2397/2397/2397
f 2375/2375/2375 2397/2397/2397 2396/2396/2396
f 2376/2376/2376 2377/2377/2377 2398/2398/2398
f 2376/2376/2376 2398/2398/2398 2397/2397/2397
f 2377/2377/2377 2378/2378/2378 2399/2399/2399
f 2377/2377/2377 2399/2399/2399 2398/2398/2398
f 2378/2378/2378 2379/2379/2379 2400/2400/2400
f 2378/2378/2378 2400/2400/2400 2399/2399/2399
f 2379/2379/2379 2380/2380/2380 2401/2401/2401
f 2379/2379/2379 2401/2401/2401 2400/2400/2400
f 2380/2380/2380 2381/2381/2381 2402/2402/2402
f 2380/2380/2380 2402/2402/2402 2401/2401/2401
f 2381/2381/2381 2382/2382/2382 2403/2403/2403
f 2381/2381/2381 2403/2403/2403 2402/2402/2402
f 2382/2382/2382 2383/2383/2383 2404/2404/2404
f 2382/2382/2382 2404/2404/2404 2403/2403/2403
f 2383/2383/2383 2384/2384/2384 2405/2405/2405
f 2383/2383/2383 2405/2405/2405 2404/2404/2404
f 2384/2384/2384 2385/2385/2385 2406/2406/2406
f 2384/2384/2384 2406/2406/2406 2405/2405/2405
f 2385/2385/2385 2386/2386/2386 2407/2407/2407
f 2385/2385/2385 2407/2407/2407 2406/2406/2406
f 2386/2386/2386 2387/2387/2387 2408/2408/2408
f 2386/2386/2386 2408/2408/2408 2407/2407/2407
f 2388/2388/2388 2389/2389/2389 2410/2410/2410
f 2388/2388/2388 2410/2410/2410 2409/2409/2409
f 2389/2389/2389 2390/2390/2390 2411/2411/2411
f 2389/2389/2389 2411/2411/2411 2410/2410/2410
f 2390/2390/2390 2391/2391/2391 2412/2412/2412
f 2390/2390/2390 2412/2412/2412 2411/2411/2411
f 2391/2391/2391 2392/2392/2392 2413/2413/2413
f 2391/2391/2391 2413/2413/2413 2412/2412/2412
f 2392/2392/2392 2393/2393/2393 2414/2414/2414
f 2392/2392/2392 2414/2414/2414 2413/2413/2413
f 2393/2393/2393 2394/2394/2394 2415/2415/2415
f 2393/2393/2393 2415/2415/2415 2414/2414/2414
f 2394/2394/2394 2395/2395/2395 2416/2416/2416
f 2394/2394/2394 2416/2416/2416 2415/2415/2415
f 2395/2395/2395 2396/2396/2396 2417/2417/2417
f 2395/2395/2395 2417/2417/2417 2416/2416/2416
f 2396/2396/2396 2397/2397/2397 2418/2418/2418
f 2396/2396/2396 2418/2418/2418 2417/2417/2417
f 2397/2397/2397 2398/2398/2398 2419/2419/2419
f 2397/2397/2397 2419/2419/2419 2418/2418/2418
f 2398/2398/2398 2399/2399/2399 2420/2420/2420
f 2398/2398/2398 2420/2420/2420 2419/2419/2419
f 2399/2399/2399 2400/2400/2400 2421/2421/2421
f 2399/2399/2399 2421/2421/2421 2420/2420/2420
f 2400/2400/2400 2401/2401/2401 2422/2422/2422
f 2400/2400/2400 2422/2422/2422 2421/2421/2421
f 2401/2401/2401 2402/2402/2402 2423/2423/2423
f 2401/2401/2401 2423/2423/2423 2422/2422/2422
f 2402/2402/2402 2403/2403/2403 2424/2424/2424
f 2402/2402/2402 2424/2424/2424 2423/2423/2423
f 2403/2403/2403 2404/2404/2404 2425/2425/2425
f 2403/2403/2403 2425/2425/2425 2424/2424/2424
f 2404/2404/2404 2405/2405/2405 2426/2426/2426
f 2404/2404/2404 2426/2426/2426 2425/2425/2425
f 2405/2405/2405 2406/2406/2406 2427/2427/2427
f 2405/2405/2405 2427/2427/2427 2426/2426/2426
f 2406/2406/2406 2407/2407/2407 2428/2428/2428
f 2406/2406/2406 2428/2428/2428 2427/2427/2427
f 2407/2407/2407 2408/2408/2408 2429/2429/2429
f 2407/2407/2407 2429/2429/2429 2428/2428/2428
f 2409/2409/2409 2410/2410/2410 2430/2430/2430
f 2410/2410/2410 2411/2411/2411 2430/2430/2430
f 2411/2411/2411 2412/2412/2412 2430/2430/2430
f 2412/2412/2412 2413/2413/2413 2430/2430/2430
f 2413/2413/2413 2414/2414/2414 2430/2430/2430
f 2414/2414/2414 2415/2415/2415 2430/2430/2430
f 2415/2415/2415 2416/2416/2416 2430/2430/2430
f 2416/2416/2416 2417/2417/2417 2430/2430/2430
f 2417/2417/2417 2418/2418/2418 2430/2430/2430
f 2418/2418/2418 2419/2419/2419 2430/2430/2430
f 2419/2419/2419 2420/2420/2420 2430/2430/2430
f 2420/2420/2420 2421/2421/2421 2430/2430/2430
f 2421/2421/2421 2422/2422/2422 2430/2430/2430
f 2422/2422/2422 2423/2423/2423 2430/2430/2430
f 2423/2423/2423 2424/2424/2424 2430/2430/2430
f 2424/2424/2424 2425/2425/2425 2430/2430/2430
f 2425/2425/2425 2426/2426/2426 2430/2430/2430
f 2426/2426/2426 2427/2427/2427 2430/2430/2430
f 2427/2427/2427 2428/2428/2428 2430/2430/2430
f 2428/2428/2428 2429/2429/2429 2430/2430/2430
o Finger_-1_0
v 14.935180 40.905817 17.870202
v 14.823573 40.831434 18.472394
v 14.554128 40.651856 18.721830
v 14.284683 40.472278 18.472394
v 14.173076 40.397895 17.870202
v 14.284683 40.472278 17.268010
v 14.554128 40.651856 17.018574
v 14.823573 40.831434 17.268010
v 14.935180 40.905817 17.870202
v 15.318350 39.260432 17.870202
v 15.213327 39.200936 18.425348
v 14.959781 39.057301 18.655297
v 14.706234 38.913666 18.425348
v 14.601212 38.854171 17.870202
v 14.706234 38.913666 17.315056
v 14.959781 39.057301 17.085108
v 15.213327 39.200936 17.315056
v 15.318350 39.260432 17.870202
v 15.604962 37.316840 17.870202
v 15.508403 37.316840 18.351956
v 15.275288 37.316840 18.551505
v 15.042174 37.316840 18.351956
v 14.945615 37.316840 17.870202
v 15.042174 37.316840 17.388449
v 15.275288 37.316840 17.188900
v 15.508403 37.316840 17.388449
v 15.604962 37.316840 17.870202
v 15.138259 36.235892 17.870202
v 15.085984 36.320503 18.239045
v 14.959781 36.524773 18.391824
v 14.833578 36.729043 18.239045
v 14.781303 36.813654 17.870202
v 14.833578 36.729043 17.501360
v 14.959781 36.524773 17.348580
v 15.085984 36.320503 17.501360
v 15.138259 36.235892 17.870202
v 14.646133 35.888979 17.870202
v 14.619185 35.965309 18.141188
v 14.554128 36.149584 18.253435
v 14.489071 36.333859 18.141188
v 14.462123 36.410188 17.870202
v 14.489071 36.333859 17.599216
v 14.554128 36.149584 17.486970
v 14.619185 35.965309 17.599216
v 14.646133 35.888979 17.870202
v 14.554128 40.651856 17.870202
v 14.554128 36.149584 17.870202
vt 0.0078125 0.9921875
vt 0.0078125 0.9160156
vt 0.0078125 0.8398438
vt 0.0078125 0.7636719
vt 0.0078125 0.6875000
vt 0.0078125 0.6113281
vt 0.0078125 0.5351562
vt 0.0078125 0.4589844
vt 0.0078125 0.3828125
vt 0.2539062 0.9921875
vt 0.2539062 0.9160156
vt 0.2539062 0.8398438
vt 0.2539062 0.7636719
vt 0.2539062 0.6875000
vt 0.2539062 0.6113281
vt 0.2539062 0.5351562
vt 0.2539062 0.4589844
vt 0.2539062 0.3828125
vt 0.5000000 0.9921875
vt 0.5000000 0.9160156
vt 0.5000000 0.8398438
vt 0.5000000 0.7636719
vt 0.5000000 0.6875000
vt 0.5000000 0.6113281
vt 0.5000000 0.5351562
vt 0.5000000 0.4589844
vt 0.5000000 0.3828125
vt 0.7460938 0.9921875
vt 0.7460938 0.9160156
vt 0.7460938 0.8398438
vt 0.7460938 0.7636719
vt 0.7460938 0.6875000
vt 0.7460938 0.6113281
vt 0.7460938 0.5351562
vt 0.7460938 0.4589844
vt 0.7460938 0.3828125
vt 0.9921875 0.9921875
vt 0.9921875 0.9160156
vt 0.9921875 0.8398438
vt 0.9921875 0.7636719
vt 0.9921875 0.6875000
vt 0.9921875 0.6113281
vt 0.9921875 0.5351562
vt 0.9921875 0.4589844
vt 0.9921875 0.3828125
vt 0.0078125 0.6875000
vt 0.9921875 0.6875000
vn 0.9138009 0.4002993 0.0687630
vn 0.7106452 0.4103533 0.5714837
vn -0.3904161 0.1936109 0.9000501
vn -0.9396821 -0.0590276 0.3369173
vn -0.9933544 -0.0970105 -0.0619360
vn -0.8619126 -0.0122627 -0.5069086
vn 0.0639098 0.3209507 -0.9449371
vn 0.8307559 0.4077672 -0.3789070
vn 0.9138009 0.4002993 0.0687630
vn 0.9826760 0.1852680 -0.0048551
vn 0.8860139 0.1642189 0.4336029
vn 0.0522214 -0.0308700 0.9981583
vn -0.8577680 -0.2211765 0.4640204
vn -0.9698978 -0.2433200 0.0096742
vn -0.8678843 -0.2287027 -0.4409896
vn 0.0157047 -0.0572278 -0.9982376
vn 0.8818064 0.1528416 -0.4461579
vn 0.9826760 0.1852680 -0.0048551
vn 0.9987081 -0.0413875 -0.0294831
vn 0.9196688 -0.0168731 0.3923322
vn 0.1790359 -0.0302838 0.9833763
vn -0.8528343 -0.0772121 0.5164417
vn -0.9943654 -0.0959546 0.0450568
vn -0.9135423 -0.1139691 -0.3904504
vn -0.1207816 -0.1579418 -0.9800338
vn 0.8722631 -0.0861131 -0.4813954
vn 0.9987081 -0.0413875 -0.0294831
vn 0.8389787 -0.5435245 -0.0263801
vn 0.7475475 -0.4940512 0.4439439
vn 0.0158651 -0.1662346 0.9859586
vn -0.7851754 0.3390103 0.5182390
vn -0.8930627 0.4496264 0.0165892
vn -0.8245558 0.3420633 -0.4506666
vn -0.2493178 -0.1362254 -0.9587926
vn 0.6543413 -0.5366613 -0.5327590
vn 0.8389787 -0.5435245 -0.0263801
vn 0.3226437 -0.9400459 -0.1105203
vn 0.2024729 -0.8721548 0.4453659
vn -0.3918673 -0.3759187 0.8397173
vn -0.8197831 0.2389008 0.5204634
vn -0.8991960 0.4287807 0.0871423
vn -0.8749504 0.3576315 -0.3264375
vn -0.6487725 -0.0656523 -0.7581451
vn -0.0036787 -0.7443830 -0.6677428
vn 0.3226437 -0.9400459 -0.1105203
vn -0.5545892 0.8321243 -0.0000000
vn -0.9429601 -0.3329057 -0.0000000
s 1
f 2431/2431/2431 2432/2432/2432 2441/2441/2441
f 2431/2431/2431 2441/2441/2441 2440/2440/2440
f 2432/2432/2432 2433/2433/2433 2442/2442/2442
f 2432/2432/2432 2442/2442/2442 2441/2441/2441
f 2433/2433/2433 2434/2434/2434 2443/2443/2443
f 2433/2433/2433 2443/2443/2443 2442/2442/2442
f 2434/2434/2434 2435/2435/2435 2444/2444/2444
f 2434/2434/2434 2444/2444/2444 2443/2443/2443
f 2435/2435/2435 2436/2436/2436 2445/2445/2445
f 2435/2435/2435 2445/2445/2445 2444/2444/2444
f 2436/2436/2436 2437/2437/2437 2446/2446/2446
f 2436/2436/2436 2446/2446/2446 2445/2445/2445
f 2437/2437/2437 2438/2438/2438 2447/2447/2447
f 2437/2437/2437 2447/2447/2447 2446/2446/2446
f 2438/2438/2438 2439/2439/2439 2448/2448/2448
f 2438/2438/2438 2448/2448/2448 2447/2447/2447
f 2440/2440/2440 2441/2441/2441 2450/2450/2450
f 2440/2440/2440 2450/2450/2450 2449/2449/2449
f 2441/2441/2441 2442/2442/2442 2451/2451/2451
f 2441/2441/2441 2451/2451/2451 2450/2450/2450
f 2442/2442/2442 2443/2443/2443 2452/2452/2452
f 2442/2442/2442 2452/2452/2452 2451/2451/2451
f 2443/2443/2443 2444/2444/2444 2453/2453/2453
f 2443/2443/2443 2453/2453/2453 2452/2452/2452
f 2444/2444/2444 2445/2445/2445 2454/2454/2454
f 2444/2444/2444 2454/2454/2454 2453/2453/2453
f 2445/2445/2445 2446/2446/2446 2455/2455/2455
f 2445/2445/2445 2455/2455/2455 2454/2454/2454
f 2446/2446/2446 2447/2447/2447 2456/2456/2456
f 2446/2446/2446 2456/2456/2456 2455/2455/2455
f 2447/2447/2447 2448/2448/2448 2457/2457/2457
f 2447/2447/2447 2457/2457/2457 2456/2456/2456
f 2449/2449/2449 2450/2450/2450 2459/2459/2459
f 2449/2449/2449 2459/2459/2459 2458/2458/2458
f 2450/2450/2450 2451/2451/2451 2460/2460/2460
f 2450/2450/2450 2460/2460/2460 2459/2459/2459
f 2451/2451/2451 2452/2452/2452 2461/2461/2461
f 2451/2451/2451 2461/2461/2461 2460/2460/2460
f 2452/2452/2452 2453/2453/2453 2462/2462/2462
f 2452/2452/2452 2462/2462/2462 2461/2461/2461
f 2453/2453/2453 2454/2454/2454 2463/2463/2463
f 2453/2453/2453 2463/2463/2463 2462/2462/2462
f 2454/2454/2454 2455/2455/2455 2464/2464/2464
f 2454/2454/2454 2464/2464/2464 2463/2463/2463
f 2455/2455/2455 2456/2456/2456 2465/2465/2465
f 2455/2455/2455 2465/2465/2465 2464/2464/2464
f 2456/2456/2456 2457/2457/2457 2466/2466/2466
f 2456/2456/2456 2466/2466/2466 2465/2465/2465
f 2458/2458/2458 2459/2459/2459 2468/2468/2468
f 2458/2458/2458 2468/2468/2468 2467/2467/2467
f 2459/2459/2459 2460/2460/2460 2469/2469/2469
f 2459/2459/2459 2469/2469/2469 2468/2468/2468
f 2460/2460/2460 2461/2461/2461 2470/2470/2470
f 2460/2460/2460 2470/2470/2470 2469/2469/2469
f 2461/2461/2461 2462/2462/2462 2471/2471/2471
f 2461/2461/2461 2471/2471/2471 2470/2470/2470
f 2462/2462/2462 2463/2463/2463 2472/2472/2472
f 2462/2462/2462 2472/2472/2472 2471/2471/2471
f 2463/2463/2463 2464/2464/2464 2473/2473/2473
f 2463/2463/2463 2473/2473/2473 2472/2472/2472
f 2464/2464/2464 2465/2465/2465 2474/2474/2474
f 2464/2464/2464 2474/2474/2474 2473/2473/2473
f 2465/2465/2465 2466/2466/2466 2475/2475/2475
f 2465/2465/2465 2475/2475/2475 2474/2474/2474
f 2476/2476/2476 2432/2432/2432 2431/2431/2431
f 2476/2476/2476 2433/2433/2433 2432/2432/2432
f 2476/2476/2476 2434/2434/2434 2433/2433/2433
f 2476/2476/2476 2435/2435/2435 2434/2434/2434
f 2476/2476/2476 2436/2436/2436 2435/2435/2435
f 2476/2476/2476 2437/2437/2437 2436/2436/2436
f 2476/2476/2476 2438/2438/2438 2437/2437/2437
f 2476/2476/2476 2439/2439/2439 2438/2438/2438
f 2477/2477/2477 2467/2467/2467 2468/2468/2468
f 2477/2477/2477 2468/2468/2468 2469/2469/2469
f 2477/2477/2477 2469/2469/2469 2470/2470/2470
f 2477/2477/2477 2470/2470/2470 2471/2471/2471
f 2477/2477/2477 2471/2471/2471 2472/2472/2472
f 2477/2477/2477 2472/2472/2472 2473/2473/2473
f 2477/2477/2477 2473/2473/2473 2474/2474/2474
f 2477/2477/2477 2474/2474/2474 2475/2475/2475
o Nail_-1_0
v 14.554128 36.483086 18.338598
v 14.402212 36.281904 18.104400
v 14.402212 36.281904 17.636004
v 14.554128 36.483086 17.401807
v 14.706044 36.684267 17.636004
v 14.706044 36.684267 18.104400
v 14.554128 36.483086 18.338598
v 15.017731 35.565956 18.125691
v 14.934868 35.456221 17.997946
v 14.934868 35.456221 17.742458
v 15.017731 35.565956 17.614714
v 15.100595 35.675691 17.742458
v 15.100595 35.675691 17.997946
v 15.017731 35.565956 18.125691
v 15.481334 34.648827 17.912784
v 15.467524 34.630537 17.891493
v 15.467524 34.630537 17.848911
v 15.481334 34.648827 17.827621
v 15.495145 34.667116 17.848911
v 15.495145 34.667116 17.891493
v 15.481334 34.648827 17.912784
v 14.554128 36.483086 17.870202
v 15.481334 34.648827 17.870202
vt 0.6132812 0.1679688
vt 0.6132812 0.1412760
vt 0.6132812 0.1145833
vt 0.6132812 0.0878906
vt 0.6132812 0.0611979
vt 0.6132812 0.0345052
vt 0.6132812 0.0078125
vt 0.6992188 0.1679688
vt 0.6992188 0.1412760
vt 0.6992188 0.1145833
vt 0.6992188 0.0878906
vt 0.6992188 0.0611979
vt 0.6992188 0.0345052
vt 0.6992188 0.0078125
vt 0.7851562 0.1679688
vt 0.7851562 0.1412760
vt 0.7851562 0.1145833
vt 0.7851562 0.0878906
vt 0.7851562 0.0611979
vt 0.7851562 0.0345052
vt 0.7851562 0.0078125
vt 0.6132812 0.0878906
vt 0.7851562 0.0878906
vn -0.3151310 0.0012196 0.9490474
vn -0.9054623 -0.3630713 0.2198118
vn -0.8664494 -0.3348121 -0.3703596
vn 0.0623387 0.1969961 -0.9784204
vn 0.8212798 0.5180496 -0.2390065
vn 0.7662365 0.4998187 0.4038104
vn -0.3151310 0.0012196 0.9490474
vn 0.4032340 -0.0085935 0.9150566
vn -0.7301382 -0.5270815 0.4348371
vn -0.8067715 -0.5487125 -0.2191675
vn -0.0697118 -0.2588848 -0.9633893
vn 0.8719863 0.3003132 -0.3865900
vn 0.9200984 0.3392800 0.1957242
vn 0.4032340 -0.0085935 0.9150566
vn 0.6555279 0.1510084 0.7399186
vn -0.6084637 -0.4829867 0.6296791
vn -0.8311832 -0.5518801 -0.0675493
vn -0.4082497 -0.4056997 -0.8177652
vn 0.7908426 0.2433274 -0.5615691
vn 0.9334182 0.3536326 0.0606171
vn 0.6555279 0.1510084 0.7399186
vn -0.7980344 0.6026119 -0.0000000
vn 0.7980344 -0.6026119 -0.0000000
s 1
f 2478/2478/2478 2479/2479/2479 2486/2486/2486
f 2478/2478/2478 2486/2486/2486 2485/2485/2485
f 2479/2479/2479 2480/2480/2480 2487/2487/2487
f 2479/2479/2479 2487/2487/2487 2486/2486/2486
f 2480/2480/2480 2481/2481/2481 2488/2488/2488
f 2480/2480/2480 2488/2488/2488 2487/2487/2487
f 2481/2481/2481 2482/2482/2482 2489/2489/2489
f 2481/2481/2481 2489/2489/2489 2488/2488/2488
f 2482/2482/2482 2483/2483/2483 2490/2490/2490
f 2482/2482/2482 2490/2490/2490 2489/2489/2489
f 2483/2483/2483 2484/2484/2484 2491/2491/2491
f 2483/2483/2483 2491/2491/2491 2490/2490/2490
f 2485/2485/2485 2486/2486/2486 2493/2493/2493
f 2485/2485/2485 2493/2493/2493 2492/2492/2492
f 2486/2486/2486 2487/2487/2487 2494/2494/2494
f 2486/2486/2486 2494/2494/2494 2493/2493/2493
f 2487/2487/2487 2488/2488/2488 2495/2495/2495
f 2487/2487/2487 2495/2495/2495 2494/2494/2494
f 2488/2488/2488 2489/2489/2489 2496/2496/2496
f 2488/2488/2488 2496/2496/2496 2495/2495/2495
f 2489/2489/2489 2490/2490/2490 2497/2497/2497
f 2489/2489/2489 2497/2497/2497 2496/2496/2496
f 2490/2490/2490 2491/2491/2491 2498/2498/2498
f 2490/2490/2490 2498/2498/2498 2497/2497/2497
f 2499/2499/2499 2479/2479/2479 2478/2478/2478
f 2499/2499/2499 2480/2480/2480 2479/2479/2479
f 2499/2499/2499 2481/2481/2481 2480/2480/2480
f 2499/2499/2499 2482/2482/2482 2481/2481/2481
f 2499/2499/2499 2483/2483/2483 2482/2482/2482
f 2499/2499/2499 2484/2484/2484 2483/2483/2483
f 2500/2500/2500 2492/2492/2492 2493/2493/2493
f 2500/2500/2500 2493/2493/2493 2494/2494/2494
f 2500/2500/2500 2494/2494/2494 2495/2495/2495
f 2500/2500/2500 2495/2495/2495 2496/2496/2496
f 2500/2500/2500 2496/2496/2496 2497/2497/2497
f 2500/2500/2500 2497/2497/2497 2498/2498/2498
o Finger_-1_1
v 14.935180 40.905817 16.486307
v 14.823573 40.831434 17.088499
v 14.554128 40.651856 17.337935
v 14.284683 40.472278 17.088499
v 14.173076 40.397895 16.486307
v 14.284683 40.472278 15.884115
v 14.554128 40.651856 15.634679
v 14.823573 40.831434 15.884115
v 14.935180 40.905817 16.486307
v 15.318350 39.260432 16.486307
v 15.213327 39.200936 17.041452
v 14.959781 39.057301 17.271401
v 14.706234 38.913666 17.041452
v 14.601212 38.854171 16.486307
v 14.706234 38.913666 15.931161
v 14.959781 39.057301 15.701212
v 15.213327 39.200936 15.931161
v 15.318350 39.260432 16.486307
v 15.604962 37.316840 16.486307
v 15.508403 37.316840 16.968060
v 15.275288 37.316840 17.167609
v 15.042174 37.316840 16.968060
v 14.945615 37.316840 16.486307
v 15.042174 37.316840 16.004553
v 15.275288 37.316840 15.805004
v 15.508403 37.316840 16.004553
v 15.604962 37.316840 16.486307
v 15.138259 36.235892 16.486307
v 15.085984 36.320503 16.855149
v 14.959781 36.524773 17.007929
v 14.833578 36.729043 16.855149
v 14.781303 36.813654 16.486307
v 14.833578 36.729043 16.117464
v 14.959781 36.524773 15.964685
v 15.085984 36.320503 16.117464
v 15.138259 36.235892 16.486307
v 14.646133 35.888979 16.486307
v 14.619185 35.965309 16.757293
v 14.554128 36.149584 16.869539
v 14.489071 36.333859 16.757293
v 14.462123 36.410188 16.486307
v 14.489071 36.333859 16.215320
v 14.554128 36.149584 16.103074
v 14.619185 35.965309 16.215320
v 14.646133 35.888979 16.486307
v 14.554128 40.651856 16.486307
v 14.554128 36.149584 16.486307
vt 0.0078125 0.9921875
vt 0.0078125 0.9160156
vt 0.0078125 0.8398438
vt 0.0078125 0.7636719
vt 0.0078125 0.6875000
vt 0.0078125 0.6113281
vt 0.0078125 0.5351562
vt 0.0078125 0.4589844
vt 0.0078125 0.3828125
vt 0.2539062 0.9921875
vt 0.2539062 0.9160156
vt 0.2539062 0.8398438
vt 0.2539062 0.7636719
vt 0.2539062 0.6875000
vt 0.2539062 0.6113281
vt 0.2539062 0.5351562
vt 0.2539062 0.4589844
vt 0.2539062 0.3828125
vt 0.5000000 0.9921875
vt 0.5000000 0.9160156
vt 0.5000000 0.8398438
vt 0.5000000 0.7636719
vt 0.5000000 0.6875000
vt 0.5000000 0.6113281
vt 0.5000000 0.5351562
vt 0.5000000 0.4589844
vt 0.5000000 0.3828125
vt 0.7460938 0.9921875
vt 0.7460938 0.9160156
vt 0.7460938 0.8398438
vt 0.7460938 0.7636719
vt 0.7460938 0.6875000
vt 0.7460938 0.6113281
vt 0.7460938 0.5351562
vt 0.7460938 0.4589844
vt 0.7460938 0.3828125
vt 0.9921875 0.9921875
vt 0.9921875 0.9160156
vt 0.9921875 0.8398438
vt 0.9921875 0.7636719
vt 0.9921875 0.6875000
vt 0.9921875 0.6113281
vt 0.9921875 0.5351562
vt 0.9921875 0.4589844
vt 0.9921875 0.3828125
vt 0.0078125 0.6875000
vt 0.9921875 0.6875000
vn 0.9138009 0.4002993 0.0687630
vn 0.7106452 0.4103533 0.5714837
vn -0.3904161 0.1936109 0.9000501
vn -0.9396821 -0.0590276 0.3369173
vn -0.9933544 -0.0970105 -0.0619360
vn -0.8619126 -0.0122627 -0.5069086
vn 0.0639098 0.3209507 -0.9449371
vn 0.8307559 0.4077672 -0.3789070
vn 0.9138009 0.4002993 0.0687630
vn 0.9826760 0.1852680 -0.0048551
vn 0.8860139 0.1642189 0.4336029
vn 0.0522214 -0.0308700 0.9981583
vn -0.8577680 -0.2211765 0.4640204
vn -0.9698978 -0.2433200 0.0096742
vn -0.8678843 -0.2287027 -0.4409896
vn 0.0157047 -0.0572278 -0.9982376
vn 0.8818064 0.1528416 -0.4461579
vn 0.9826760 0.1852680 -0.0048551
vn 0.9987081 -0.0413875 -0.0294831
vn 0.9196688 -0.0168731 0.3923322
vn 0.1790359 -0.0302838 0.9833763
vn -0.8528343 -0.0772121 0.5164417
vn -0.9943654 -0.0959546 0.0450568
vn -0.9135423 -0.1139691 -0.3904504
vn -0.1207816 -0.1579418 -0.9800338
vn 0.8722631 -0.0861131 -0.4813954
vn 0.9987081 -0.0413875 -0.0294831
vn 0.8389787 -0.5435245 -0.0263801
vn 0.7475475 -0.4940512 0.4439439
vn 0.0158651 -0.1662346 0.9859586
vn -0.7851754 0.3390103 0.5182390
vn -0.8930627 0.4496264 0.0165892
vn -0.8245558 0.3420633 -0.4506666
vn -0.2493178 -0.1362254 -0.9587926
vn 0.6543413 -0.5366613 -0.5327590
vn 0.8389787 -0.5435245 -0.0263801
vn 0.3226437 -0.9400459 -0.1105203
vn 0.2024729 -0.8721548 0.4453659
vn -0.3918673 -0.3759187 0.8397173
vn -0.8197831 0.2389008 0.5204634
vn -0.8991960 0.4287807 0.0871423
vn -0.8749504 0.3576315 -0.3264375
vn -0.6487725 -0.0656523 -0.7581451
vn -0.0036787 -0.7443830 -0.6677428
vn 0.3226437 -0.9400459 -0.1105203
vn -0.5545892 0.8321243 -0.0000000
vn -0.9429601 -0.3329057 -0.0000000
s 1
f 2501/2501/2501 2502/2502/2502 2511/2511/2511
f 2501/2501/2501 2511/2511/2511 2510/2510/2510
f 2502/2502/2502 2503/2503/2503 2512/2512/2512
f 2502/2502/2502 2512/2512/2512 2511/2511/2511
f 2503/2503/2503 2504/2504/2504 2513/2513/2513
f 2503/2503/2503 2513/2513/2513 2512/2512/2512
f 2504/2504/2504 2505/2505/2505 2514/2514/2514
f 2504/2504/2504 2514/2514/2514 2513/2513/2513
f 2505/2505/2505 2506/2506/2506 2515/2515/2515
f 2505/2505/2505 2515/2515/2515 2514/2514/2514
f 2506/2506/2506 2507/2507/2507 2516/2516/2516
f 2506/2506/2506 2516/2516/2516 2515/2515/2515
f 2507/2507/2507 2508/2508/2508 2517/2517/2517
f 2507/2507/2507 2517/2517/2517 2516/2516/2516
f 2508/2508/2508 2509/2509/2509 2518/2518/2518
f 2508/2508/2508 2518/2518/2518 2517/2517/2517
f 2510/2510/2510 2511/2511/2511 2520/2520/2520
f 2510/2510/2510 2520/2520/2520 2519/2519/2519
f 2511/2511/2511 2512/2512/2512 2521/2521/2521
f 2511/2511/2511 2521/2521/2521 2520/2520/2520
f 2512/2512/2512 2513/2513/2513 2522/2522/2522
f 2512/2512/2512 2522/2522/2522 2521/2521/2521
f 2513/2513/2513 2514/2514/2514 2523/2523/2523
f 2513/2513/2513 2523/2523/2523 2522/2522/2522
f 2514/2514/2514 2515/2515/2515 2524/2524/2524
f 2514/2514/2514 2524/2524/2524 2523/2523/2523
f 2515/2515/2515 2516/2516/2516 2525/2525/2525
f 2515/2515/2515 2525/2525/2525 2524/2524/2524
f 2516/2516/2516 2517/2517/2517 2526/2526/2526
f 2516/2516/2516 2526/2526/2526 2525/2525/2525
f 2517/2517/2517 2518/2518/2518 2527/2527/2527
f 2517/2517/2517 2527/2527/2527 2526/2526/2526
f 2519/2519/2519 2520/2520/2520 2529/2529/2529
f 2519/2519/2519 2529/2529/2529 2528/2528/2528
f 2520/2520/2520 2521/2521/2521 2530/2530/2530
f 2520/2520/2520 2530/2530/2530 2529/2529/2529
f 2521/2521/2521 2522/2522/2522 2531/2531/2531
f 2521/2521/2521 2531/2531/2531 2530/2530/2530
f 2522/2522/2522 2523/2523/2523 2532/2532/2532
f 2522/2522/2522 2532/2532/2532 2531/2531/2531
f 2523/2523/2523 2524/2524/2524 2533/2533/2533
f 2523/2523/2523 2533/2533/2533 2532/2532/2532
f 2524/2524/2524 2525/2525/2525 2534/2534/2534
f 2524/2524/2524 2534/2534/2534 2533/2533/2533
f 2525/2525/2525 2526/2526/2526 2535/2535/2535
f 2525/2525/2525 2535/2535/2535 2534/2534/2534
f 2526/2526/2526 2527/2527/2527 2536/2536/2536
f 2526/2526/2526 2536/2536/2536 2535/2535/2535
f 2528/2528/2528 2529/2529/2529 2538/2538/2538
f 2528/2528/2528 2538/2538/2538 2537/2537/2537
f 2529/2529/2529 2530/2530/2530 2539/2539/2539
f 2529/2529/2529 2539/2539/2539 2538/2538/2538
f 2530/2530/2530 2531/2531/2531 2540/2540/2540
f 2530/2530/2530 2540/2540/2540 2539/2539/2539
f 2531/2531/2531 2532/2532/2532 2541/2541/2541
f 2531/2531/2531 2541/2541/2541 2540/2540/2540
f 2532/2532/2532 2533/2533/2533 2542/2542/2542
f 2532/2532/2532 2542/2542/2542 2541/2541/2541
f 2533/2533/2533 2534/2534/2534 2543/2543/2543
f 2533/2533/2533 2543/2543/2543 2542/2542/2542
f 2534/2534/2534 2535/2535/2535 2544/2544/2544
f 2534/2534/2534 2544/2544/2544 2543/2543/2543
f 2535/2535/2535 2536/2536/2536 2545/2545/2545
f 2535/2535/2535 2545/2545/2545 2544/2544/2544
f 2546/2546/2546 2502/2502/2502 2501/2501/2501
f 2546/2546/2546 2503/2503/2503 2502/2502/2502
f 2546/2546/2546 2504/2504/2504 2503/2503/2503
f 2546/2546/2546 2505/2505/2505 2504/2504/2504
f 2546/2546/2546 2506/2506/2506 2505/2505/2505
f 2546/2546/2546 2507/2507/2507 2506/2506/2506
f 2546/2546/2546 2508/2508/2508 2507/2507/2507
f 2546/2546/2546 2509/2509/2509 2508/2508/2508
f 2547/2547/2547 2537/2537/2537 2538/2538/2538
f 2547/2547/2547 2538/2538/2538 2539/2539/2539
f 2547/2547/2547 2539/2539/2539 2540/2540/2540
f 2547/2547/2547 2540/2540/2540 2541/2541/2541
f 2547/2547/2547 2541/2541/2541 2542/2542/2542
f 2547/2547/2547 2542/2542/2542 2543/2543/2543
f 2547/2547/2547 2543/2543/2543 2544/2544/2544
f 2547/2547/2547 2544/2544/2544 2545/2545/2545
o Nail_-1_1
v 14.554128 36.483086 16.954702
v 14.402212 36.281904 16.720504
v 14.402212 36.281904 16.252109
v 14.554128 36.483086 16.017911
v 14.706044 36.684267 16.252109
v 14.706044 36.684267 16.720504
v 14.554128 36.483086 16.954702
v 15.017731 35.565956 16.741795
v 14.934868 35.456221 16.614051
v 14.934868 35.456221 16.358562
v 15.017731 35.565956 16.230818
v 15.100595 35.675691 16.358562
v 15.100595 35.675691 16.614051
v 15.017731 35.565956 16.741795
v 15.481334 34.648827 16.528888
v 15.467524 34.630537 16.507597
v 15.467524 34.630537 16.465016
v 15.481334 34.648827 16.443725
v 15.495145 34.667116 16.465016
v 15.495145 34.667116 16.507597
v 15.481334 34.648827 16.528888
v 14.554128 36.483086 16.486307
v 15.481334 34.648827 16.486307
vt 0.6132812 0.1679688
vt 0.6132812 0.1412760
vt 0.6132812 0.1145833
vt 0.6132812 0.0878906
vt 0.6132812 0.0611979
vt 0.6132812 0.0345052
vt 0.6132812 0.0078125
vt 0.6992188 0.1679688
vt 0.6992188 0.1412760
vt 0.6992188 0.1145833
vt 0.6992188 0.0878906
vt 0.6992188 0.0611979
vt 0.6992188 0.0345052
vt 0.6992188 0.0078125
vt 0.7851562 0.1679688
vt 0.7851562 0.1412760
vt 0.7851562 0.1145833
vt 0.7851562 0.0878906
vt 0.7851562 0.0611979
vt 0.7851562 0.0345052
vt 0.7851562 0.0078125
vt 0.6132812 0.0878906
vt 0.7851562 0.0878906
vn -0.3151310 0.0012196 0.9490474
vn -0.9054623 -0.3630713 0.2198118
vn -0.8664494 -0.3348121 -0.3703596
vn 0.0623387 0.1969961 -0.9784204
vn 0.8212798 0.5180496 -0.2390065
vn 0.7662365 0.4998187 0.4038104
vn -0.3151310 0.0012196 0.9490474
vn 0.4032340 -0.0085935 0.9150566
vn -0.7301382 -0.5270815 0.4348371
vn -0.8067715 -0.5487125 -0.2191675
vn -0.0697118 -0.2588848 -0.9633893
vn 0.8719863 0.3003132 -0.3865900
vn 0.9200984 0.3392800 0.1957242
vn 0.4032340 -0.0085935 0.9150566
vn 0.6555279 0.1510084 0.7399186
vn -0.6084637 -0.4829867 0.6296791
vn -0.8311832 -0.5518801 -0.0675493
vn -0.4082497 -0.4056997 -0.8177652
vn 0.7908426 0.2433274 -0.5615691
vn 0.9334182 0.3536326 0.0606171
vn 0.6555279 0.1510084 0.7399186
vn -0.7980344 0.6026119 -0.0000000
vn 0.7980344 -0.6026119 -0.0000000
s 1
f 2548/2548/2548 2549/2549/2549 2556/2556/2556
f 2548/2548/2548 2556/2556/2556 2555/2555/2555
f 2549/2549/2549 2550/2550/2550 2557/2557/2557
f 2549/2549/2549 2557/2557/2557 2556/2556/2556
f 2550/2550/2550 2551/2551/2551 2558/2558/2558
f 2550/2550/2550 2558/2558/2558 2557/2557/2557
f 2551/2551/2551 2552/2552/2552 2559/2559/2559
f 2551/2551/2551 2559/2559/2559 2558/2558/2558
f 2552/2552/2552 2553/2553/2553 2560/2560/2560
f 2552/2552/2552 2560/2560/2560 2559/2559/2559
f 2553/2553/2553 2554/2554/2554 2561/2561/2561
f 2553/2553/2553 2561/2561/2561 2560/2560/2560
f 2555/2555/2555 2556/2556/2556 2563/2563/2563
f 2555/2555/2555 2563/2563/2563 2562/2562/2562
f 2556/2556/2556 2557/2557/2557 2564/2564/2564
f 2556/2556/2556 2564/2564/2564 2563/2563/2563
f 2557/2557/2557 2558/2558/2558 2565/2565/2565
f 2557/2557/2557 2565/2565/2565 2564/2564/2564
f 2558/2558/2558 2559/2559/2559 2566/2566/2566
f 2558/2558/2558 2566/2566/2566 2565/2565/2565
f 2559/2559/2559 2560/2560/2560 2567/2567/2567
f 2559/2559/2559 2567/2567/2567 2566/2566/2566
f 2560/2560/2560 2561/2561/2561 2568/2568/2568
f 2560/2560/2560 2568/2568/2568 2567/2567/2567
f 2569/2569/2569 2549/2549/2549 2548/2548/2548
f 2569/2569/2569 2550/2550/2550 2549/2549/2549
f 2569/2569/2569 2551/2551/2551 2550/2550/2550
f 2569/2569/2569 2552/2552/2552 2551/2551/2551
f 2569/2569/2569 2553/2553/2553 2552/2552/2552
f 2569/2569/2569 2554/2554/2554 2553/2553/2553
f 2570/2570/2570 2562/2562/2562 2563/2563/2563
f 2570/2570/2570 2563/2563/2563 2564/2564/2564
f 2570/2570/2570 2564/2564/2564 2565/2565/2565
f 2570/2570/2570 2565/2565/2565 2566/2566/2566
f 2570/2570/2570 2566/2566/2566 2567/2567/2567
f 2570/2570/2570 2567/2567/2567 2568/2568/2568
o Finger_-1_2
v 14.935180 40.905817 15.102411
v 14.823573 40.831434 15.704603
v 14.554128 40.651856 15.954039
v 14.284683 40.472278 15.704603
v 14.173076 40.397895 15.102411
v 14.284683 40.472278 14.500219
v 14.554128 40.651856 14.250783
v 14.823573 40.831434 14.500219
v 14.935180 40.905817 15.102411
v 15.318350 39.260432 15.102411
v 15.213327 39.200936 15.657557
v 14.959781 39.057301 15.887506
v 14.706234 38.913666 15.657557
v 14.601212 38.854171 15.102411
v 14.706234 38.913666 14.547266
v 14.959781 39.057301 14.317317
v 15.213327 39.200936 14.547266
v 15.318350 39.260432 15.102411
v 15.604962 37.316840 15.102411
v 15.508403 37.316840 15.584165
v 15.275288 37.316840 15.783714
v 15.042174 37.316840 15.584165
v 14.945615 37.316840 15.102411
v 15.042174 37.316840 14.620658
v 15.275288 37.316840 14.421109
v 15.508403 37.316840 14.620658
v 15.604962 37.316840 15.102411
v 15.138259 36.235892 15.102411
v 15.085984 36.320503 15.471254
v 14.959781 36.524773 15.624033
v 14.833578 36.729043 15.471254
v 14.781303 36.813654 15.102411
v 14.833578 36.729043 14.733569
v 14.959781 36.524773 14.580789
v 15.085984 36.320503 14.733569
v 15.138259 36.235892 15.102411
v 14.646133 35.888979 15.102411
v 14.619185 35.965309 15.373398
v 14.554128 36.149584 15.485644
v 14.489071 36.333859 15.373398
v 14.462123 36.410188 15.102411
v 14.489071 36.333859 14.831425
v 14.554128 36.149584 14.719179
v 14.619185 35.965309 14.831425
v 14.646133 35.888979 15.102411
v 14.554128 40.651856 15.102411
v 14.554128 36.149584 15.102411
vt 0.0078125 0.9921875
vt 0.0078125 0.9160156
vt 0.0078125 0.8398438
vt 0.0078125 0.7636719
vt 0.0078125 0.6875000
vt 0.0078125 0.6113281
vt 0.0078125 0.5351562
vt 0.0078125 0.4589844
vt 0.0078125 0.3828125
vt 0.2539062 0.9921875
vt 0.2539062 0.9160156
vt 0.2539062 0.8398438
vt 0.2539062 0.7636719
vt 0.2539062 0.6875000
vt 0.2539062 0.6113281
vt 0.2539062 0.5351562
vt 0.2539062 0.4589844
vt 0.2539062 0.3828125
vt 0.5000000 0.9921875
vt 0.5000000 0.9160156
vt 0.5000000 0.8398438
vt 0.5000000 0.7636719
vt 0.5000000 0.6875000
vt 0.5000000 0.6113281
vt 0.5000000 0.5351562
vt 0.5000000 0.4589844
vt 0.5000000 0.3828125
vt 0.7460938 0.9921875
vt 0.7460938 0.9160156
vt 0.7460938 0.8398438
vt 0.7460938 0.7636719
vt 0.7460938 0.6875000
vt 0.7460938 0.6113281
vt 0.7460938 0.5351562
vt 0.7460938 0.4589844
vt 0.7460938 0.3828125
vt 0.9921875 0.9921875
vt 0.9921875 0.9160156
vt 0.9921875 0.8398438
vt 0.9921875 0.7636719
vt 0.9921875 0.6875000
vt 0.9921875 0.6113281
vt 0.9921875 0.5351562
vt 0.9921875 0.4589844
vt 0.9921875 0.3828125
vt 0.0078125 0.6875000
vt 0.9921875 0.6875000
vn 0.9138009 0.4002993 0.0687630
vn 0.7106452 0.4103533 0.5714837
vn -0.3904161 0.1936109 0.9000501
vn -0.9396821 -0.0590276 0.3369173
vn -0.9933544 -0.0970105 -0.0619360
vn -0.8619126 -0.0122627 -0.5069086
vn 0.0639098 0.3209507 -0.9449371
vn 0.8307559 0.4077672 -0.3789070
vn 0.9138009 0.4002993 0.0687630
vn 0.9826760 0.1852680 -0.0048551
vn 0.8860139 0.1642189 0.4336029
vn 0.0522214 -0.0308700 0.9981583
vn -0.8577680 -0.2211765 0.4640204
vn -0.9698978 -0.2433200 0.0096742
vn -0.8678843 -0.2287027 -0.4409896
vn 0.0157047 -0.0572278 -0.9982376
vn 0.8818064 0.1528416 -0.4461579
vn 0.9826760 0.1852680 -0.0048551
vn 0.9987081 -0.0413875 -0.0294831
vn 0.9196688 -0.0168731 0.3923322
vn 0.1790359 -0.0302838 0.9833763
vn -0.8528343 -0.0772121 0.5164417
vn -0.9943654 -0.0959546 0.0450568
vn -0.9135423 -0.1139691 -0.3904504
vn -0.1207816 -0.1579418 -0.9800338
vn 0.8722631 -0.0861131 -0.4813954
vn 0.9987081 -0.0413875 -0.0294831
vn 0.8389787 -0.5435245 -0.0263801
vn 0.7475475 -0.4940512 0.4439439
vn 0.0158651 -0.1662346 0.9859586
vn -0.7851754 0.3390103 0.5182390
vn -0.8930627 0.4496264 0.0165892
vn -0.8245558 0.3420633 -0.4506666
vn -0.2493178 -0.1362254 -0.9587926
vn 0.6543413 -0.5366613 -0.5327590
vn 0.8389787 -0.5435245 -0.0263801
vn 0.3226437 -0.9400459 -0.1105203
vn 0.2024729 -0.8721548 0.4453659
vn -0.3918673 -0.3759187 0.8397173
vn -0.8197831 0.2389008 0.5204634
vn -0.8991960 0.4287807 0.0871423
vn -0.8749504 0.3576315 -0.3264375
vn -0.6487725 -0.0656523 -0.7581451
vn -0.0036787 -0.7443830 -0.6677428
vn 0.3226437 -0.9400459 -0.1105203
vn -0.5545892 0.8321243 -0.0000000
vn -0.9429601 -0.3329057 -0.0000000
s 1
f 2571/2571/2571 2572/2572/2572 2581/2581/2581
f 2571/2571/2571 2581/2581/2581 2580/2580/2580
f 2572/2572/2572 2573/2573/2573 2582/2582/2582
f 2572/2572/2572 2582/2582/2582 2581/2581/2581
f 2573/2573/2573 2574/2574/2574 2583/2583/2583
f 2573/2573/2573 2583/2583/2583 2582/2582/2582
f 2574/2574/2574 2575/2575/2575 2584/2584/2584
f 2574/2574/2574 2584/2584/2584 2583/2583/2583
f 2575/2575/2575 2576/2576/2576 2585/2585/2585
f 2575/2575/2575 2585/2585/2585 2584/2584/2584
f 2576/2576/2576 2577/2577/2577 2586/2586/2586
f 2576/2576/2576 2586/2586/2586 2585/2585/2585
f 2577/2577/2577 2578/2578/2578 2587/2587/2587
f 2577/2577/2577 2587/2587/2587 2586/2586/2586
f 2578/2578/2578 2579/2579/2579 2588/2588/2588
f 2578/2578/2578 2588/2588/2588 2587/2587/2587
f 2580/2580/2580 2581/2581/2581 2590/2590/2590
f 2580/2580/2580 2590/2590/2590 2589/2589/2589
f 2581/2581/2581 2582/2582/2582 2591/2591/2591
f 2581/2581/2581 2591/2591/2591 2590/2590/2590
f 2582/2582/2582 2583/2583/2583 2592/2592/2592
f 2582/2582/2582 2592/2592/2592 2591/2591/2591
f 2583/2583/2583 2584/2584/2584 2593/2593/2593
f 2583/2583/2583 2593/2593/2593 2592/2592/2592
f 2584/2584/2584 2585/2585/2585 2594/2594/2594
f 2584/2584/2584 2594/2594/2594 2593/2593/2593
f 2585/2585/2585 2586/2586/2586 2595/2595/2595
f 2585/2585/2585 2595/2595/2595 2594/2594/2594
f 2586/2586/2586 2587/2587/2587 2596/2596/2596
f 2586/2586/2586 2596/2596/2596 2595/2595/2595
f 2587/2587/2587 2588/2588/2588 2597/2597/2597
f 2587/2587/2587 2597/2597/2597 2596/2596/2596
f 2589/2589/2589 2590/2590/2590 2599/2599/2599
f 2589/2589/2589 2599/2599/2599 2598/2598/2598
f 2590/2590/2590 2591/2591/2591 2600/2600/2600
f 2590/2590/2590 2600/2600/2600 2599/2599/2599
f 2591/2591/2591 2592/2592/2592 2601/2601/2601
f 2591/2591/2591 2601/2601/2601 2600/2600/2600
f 2592/2592/2592 2593/2593/2593 2602/2602/2602
f 2592/2592/2592 2602/2602/2602 2601/2601/2601
f 2593/2593/2593 2594/2594/2594 2603/2603/2603
f 2593/2593/2593 2603/2603/2603 2602/2602/2602
f 2594/2594/2594 2595/2595/2595 2604/2604/2604
f 2594/2594/2594 2604/2604/2604 2603/2603/2603
f 2595/2595/2595 2596/2596/2596 2605/2605/2605
f 2595/2595/2595 2605/2605/2605 2604/2604/2604
f 2596/2596/2596 2597/2597/2597 2606/2606/2606
f 2596/2596/2596 2606/2606/2606 2605/2605/2605
f 2598/2598/2598 2599/2599/2599 2608/2608/2608
f 2598/2598/2598 2608/2608/2608 2607/2607/2607
f 2599/2599/2599 2600/2600/2600 2609/2609/2609
f 2599/2599/2599 2609/2609/2609 2608/2608/2608
f 2600/2600/2600 2601/2601/2601 2610/2610/2610
f 2600/2600/2600 2610/2610/2610 2609/2609/2609
f 2601/2601/2601 2602/2602/2602 2611/2611/2611
f 2601/2601/2601 2611/2611/2611 2610/2610/2610
f 2602/2602/2602 2603/2603/2603 2612/2612/2612
f 2602/2602/2602 2612/2612/2612 2611/2611/2611
f 2603/2603/2603 2604/2604/2604 2613/2613/2613
f 2603/2603/2603 2613/2613/2613 2612/2612/2612
f 2604/2604/2604 2605/2605/2605 2614/2614/2614
f 2604/2604/2604 2614/2614/2614 2613/2613/2613
f 2605/2605/2605 2606/2606/2606 2615/2615/2615
f 2605/2605/2605 2615/2615/2615 2614/2614/2614
f 2616/2616/2616 2572/2572/2572 2571/2571/2571
f 2616/2616/2616 2573/2573/2573 2572/2572/2572
f 2616/2616/2616 2574/2574/2574 2573/2573/2573
f 2616/2616/2616 2575/2575/2575 2574/2574/2574
f 2616/2616/2616 2576/2576/2576 2575/2575/2575
f 2616/2616/2616 2577/2577/2577 2576/2576/2576
f 2616/2616/2616 2578/2578/2578 2577/2577/2577
f 2616/2616/2616 2579/2579/2579 2578/2578/2578
f 2617/2617/2617 2607/2607/2607 2608/2608/2608
f 2617/2617/2617 2608/2608/2608 2609/2609/2609
f 2617/2617/2617 2609/2609/2609 2610/2610/2610
f 2617/2617/2617 2610/2610/2610 2611/2611/2611
f 2617/2617/2617 2611/2611/2611 2612/2612/2612
f 2617/2617/2617 2612/2612/2612 2613/2613/2613
f 2617/2617/2617 2613/2613/2613 2614/2614/2614
f 2617/2617/2617 2614/2614/2614 2615/2615/2615
o Nail_-1_2
v 14.554128 36.483086 15.570807
v 14.402212 36.281904 15.336609
v 14.402212 36.281904 14.868214
v 14.554128 36.483086 14.634016
v 14.706044 36.684267 14.868214
v 14.706044 36.684267 15.336609
v 14.554128 36.483086 15.570807
v 15.017731 35.565956 15.357900
v 14.934868 35.456221 15.230155
v 14.934868 35.456221 14.974667
v 15.017731 35.565956 14.846923
v 15.100595 35.675691 14.974667
v 15.100595 35.675691 15.230155
v 15.017731 35.565956 15.357900
v 15.481334 34.648827 15.144993
v 15.467524 34.630537 15.123702
v 15.467524 34.630537 15.081121
v 15.481334 34.648827 15.059830
v 15.495145 34.667116 15.081121
v 15.495145 34.667116 15.123702
v 15.481334 34.648827 15.144993
v 14.554128 36.483086 15.102411
v 15.481334 34.648827 15.102411
vt 0.6132812 0.1679688
vt 0.6132812 0.1412760
vt 0.6132812 0.1145833
vt 0.6132812 0.0878906
vt 0.6132812 0.0611979
vt 0.6132812 0.0345052
vt 0.6132812 0.0078125
vt 0.6992188 0.1679688
vt 0.6992188 0.1412760
vt 0.6992188 0.1145833
vt 0.6992188 0.0878906
vt 0.6992188 0.0611979
vt 0.6992188 0.0345052
vt 0.6992188 0.0078125
vt 0.7851562 0.1679688
vt 0.7851562 0.1412760
vt 0.7851562 0.1145833
vt 0.7851562 0.0878906
vt 0.7851562 0.0611979
vt 0.7851562 0.0345052
vt 0.7851562 0.0078125
vt 0.6132812 0.0878906
vt 0.7851562 0.0878906
vn -0.3151310 0.0012196 0.9490474
vn -0.9054623 -0.3630713 0.2198118
vn -0.8664494 -0.3348121 -0.3703596
vn 0.0623387 0.1969961 -0.9784204
vn 0.8212798 0.5180496 -0.2390065
vn 0.7662365 0.4998187 0.4038104
vn -0.3151310 0.0012196 0.9490474
vn 0.4032340 -0.0085935 0.9150566
vn -0.7301382 -0.5270815 0.4348371
vn -0.8067715 -0.5487125 -0.2191675
vn -0.0697118 -0.2588848 -0.9633893
vn 0.8719863 0.3003132 -0.3865900
vn 0.9200984 0.3392800 0.1957242
vn 0.4032340 -0.0085935 0.9150566
vn 0.6555279 0.1510084 0.7399186
vn -0.6084637 -0.4829867 0.6296791
vn -0.8311832 -0.5518801 -0.0675493
vn -0.4082497 -0.4056997 -0.8177652
vn 0.7908426 0.2433274 -0.5615691
vn 0.9334182 0.3536326 0.0606171
vn 0.6555279 0.1510084 0.7399186
vn -0.7980344 0.6026119 -0.0000000
vn 0.7980344 -0.6026119 -0.0000000
s 1
f 2618/2618/2618 2619/2619/2619 2626/2626/2626
f 2618/2618/2618 2626/2626/2626 2625/2625/2625
f 2619/2619/2619 2620/2620/2620 2627/2627/2627
f 2619/2619/2619 2627/2627/2627 2626/2626/2626
f 2620/2620/2620 2621/2621/2621 2628/2628/2628
f 2620/2620/2620 2628/2628/2628 2627/2627/2627
f 2621/2621/2621 2622/2622/2622 2629/2629/2629
f 2621/2621/2621 2629/2629/2629 2628/2628/2628
f 2622/2622/2622 2623/2623/2623 2630/2630/2630
f 2622/2622/2622 2630/2630/2630 2629/2629/2629
f 2623/2623/2623 2624/2624/2624 2631/2631/2631
f 2623/2623/2623 2631/2631/2631 2630/2630/2630
f 2625/2625/2625 2626/2626/2626 2633/2633/2633
f 2625/2625/2625 2633/2633/2633 2632/2632/2632
f 2626/2626/2626 2627/2627/2627 2634/2634/2634
f 2626/2626/2626 2634/2634/2634 2633/2633/2633
f 2627/2627/2627 2628/2628/2628 2635/2635/2635
f 2627/2627/2627 2635/2635/2635 2634/2634/2634
f 2628/2628/2628 2629/2629/2629 2636/2636/2636
f 2628/2628/2628 2636/2636/2636 2635/2635/2635
f 2629/2629/2629 2630/2630/2630 2637/2637/2637
f 2629/2629/2629 2637/2637/2637 2636/2636/2636
f 2630/2630/2630 2631/2631/2631 2638/2638/2638
f 2630/2630/2630 2638/2638/2638 2637/2637/2637
f 2639/2639/2639 2619/2619/2619 2618/2618/2618
f 2639/2639/2639 2620/2620/2620 2619/2619/2619
f 2639/2639/2639 2621/2621/2621 2620/2620/2620
f 2639/2639/2639 2622/2622/2622 2621/2621/2621
f 2639/2639/2639 2623/2623/2623 2622/2622/2622
f 2639/2639/2639 2624/2624/2624 2623/2623/2623
f 2640/2640/2640 2632/2632/2632 2633/2633/2633
f 2640/2640/2640 2633/2633/2633 2634/2634/2634
f 2640/2640/2640 2634/2634/2634 2635/2635/2635
f 2640/2640/2640 2635/2635/2635 2636/2636/2636
f 2640/2640/2640 2636/2636/2636 2637/2637/2637
f 2640/2640/2640 2637/2637/2637 2638/2638/2638
o Finger_-1_3
v 14.935180 40.905817 13.718516
v 14.823573 40.831434 14.320708
v 14.554128 40.651856 14.570144
v 14.284683 40.472278 14.320708
v 14.173076 40.397895 13.718516
v 14.284683 40.472278 13.116324
v 14.554128 40.651856 12.866888
v 14.823573 40.831434 13.116324
v 14.935180 40.905817 13.718516
v 15.318350 39.260432 13.718516
v 15.213327 39.200936 14.273661
v 14.959781 39.057301 14.503610
v 14.706234 38.913666 14.273661
v 14.601212 38.854171 13.718516
v 14.706234 38.913666 13.163370
v 14.959781 39.057301 12.933421
v 15.213327 39.200936 13.163370
v 15.318350 39.260432 13.718516
v 15.604962 37.316840 13.718516
v 15.508403 37.316840 14.200269
v 15.275288 37.316840 14.399818
v 15.042174 37.316840 14.200269
v 14.945615 37.316840 13.718516
v 15.042174 37.316840 13.236762
v 15.275288 37.316840 13.037213
v 15.508403 37.316840 13.236762
v 15.604962 37.316840 13.718516
v 15.138259 36.235892 13.718516
v 15.085984 36.320503 14.087358
v 14.959781 36.524773 14.240138
v 14.833578 36.729043 14.087358
v 14.781303 36.813654 13.718516
v 14.833578 36.729043 13.349673
v 14.959781 36.524773 13.196894
v 15.085984 36.320503 13.349673
v 15.138259 36.235892 13.718516
v 14.646133 35.888979 13.718516
v 14.619185 35.965309 13.989502
v 14.554128 36.149584 14.101748
v 14.489071 36.333859 13.989502
v 14.462123 36.410188 13.718516
v 14.489071 36.333859 13.447529
v 14.554128 36.149584 13.335283
v 14.619185 35.965309 13.447529
v 14.646133 35.888979 13.718516
v 14.554128 40.651856 13.718516
v 14.554128 36.149584 13.718516
vt 0.0078125 0.9921875
vt 0.0078125 0.9160156
vt 0.0078125 0.8398438
vt 0.0078125 0.7636719
vt 0.0078125 0.6875000
vt 0.0078125 0.6113281
vt 0.0078125 0.5351562
vt 0.0078125 0.4589844
vt 0.0078125 0.3828125
vt 0.2539062 0.9921875
vt 0.2539062 0.9160156
vt 0.2539062 0.8398438
vt 0.2539062 0.7636719
vt 0.2539062 0.6875000
vt 0.2539062 0.6113281
vt 0.2539062 0.5351562
vt 0.2539062 0.4589844
vt 0.2539062 0.3828125
vt 0.5000000 0.9921875
vt 0.5000000 0.9160156
vt 0.5000000 0.8398438
vt 0.5000000 0.7636719
vt 0.5000000 0.6875000
vt 0.5000000 0.6113281
vt 0.5000000 0.5351562
vt 0.5000000 0.4589844
vt 0.5000000 0.3828125
vt 0.7460938 0.9921875
vt 0.7460938 0.9160156
vt 0.7460938 0.8398438
vt 0.7460938 0.7636719
vt 0.7460938 0.6875000
vt 0.7460938 0.6113281
vt 0.7460938 0.5351562
vt 0.7460938 0.4589844
vt 0.7460938 0.3828125
vt 0.9921875 0.9921875
vt 0.9921875 0.9160156
vt 0.9921875 0.8398438
vt 0.9921875 0.7636719
vt 0.9921875 0.6875000
vt 0.9921875 0.6113281
vt 0.9921875 0.5351562
vt 0.9921875 0.4589844
vt 0.9921875 0.3828125
vt 0.0078125 0.6875000
vt 0.9921875 0.6875000
vn 0.9138009 0.4002993 0.0687630
vn 0.7106452 0.4103533 0.5714837
vn -0.3904161 0.1936109 0.9000501
vn -0.9396821 -0.0590276 0.3369173
vn -0.9933544 -0.0970105 -0.0619360
vn -0.8619126 -0.0122627 -0.5069086
vn 0.0639098 0.3209507 -0.9449371
vn 0.8307559 0.4077672 -0.3789070
vn 0.9138009 0.4002993 0.0687630
vn 0.9826760 0.1852680 -0.0048551
vn 0.8860139 0.1642189 0.4336029
vn 0.0522214 -0.0308700 0.9981583
vn -0.8577680 -0.2211765 0.4640204
vn -0.9698978 -0.2433200 0.0096742
vn -0.8678843 -0.2287027 -0.4409896
vn 0.0157047 -0.0572278 -0.9982376
vn 0.8818064 0.1528416 -0.4461579
vn 0.9826760 0.1852680 -0.0048551
vn 0.9987081 -0.0413875 -0.0294831
vn 0.9196688 -0.0168731 0.3923322
vn 0.1790359 -0.0302838 0.9833763
vn -0.8528343 -0.0772121 0.5164417
vn -0.9943654 -0.0959546 0.0450568
vn -0.9135423 -0.1139691 -0.3904504
vn -0.1207816 -0.1579418 -0.9800338
vn 0.8722631 -0.0861131 -0.4813954
vn 0.9987081 -0.0413875 -0.0294831
vn 0.8389787 -0.5435245 -0.0263801
vn 0.7475475 -0.4940512 0.4439439
vn 0.0158651 -0.1662346 0.9859586
vn -0.7851754 0.3390103 0.5182390
vn -0.8930627 0.4496264 0.0165892
vn -0.8245558 0.3420633 -0.4506666
vn -0.2493178 -0.1362254 -0.9587926
vn 0.6543413 -0.5366613 -0.5327590
vn 0.8389787 -0.5435245 -0.0263801
vn 0.3226437 -0.9400459 -0.1105203
vn 0.2024729 -0.8721548 0.4453659
vn -0.3918673 -0.3759187 0.8397173
vn -0.8197831 0.2389008 0.5204634
vn -0.8991960 0.4287807 0.0871423
vn -0.8749504 0.3576315 -0.3264375
vn -0.6487725 -0.0656523 -0.7581451
vn -0.0036787 -0.7443830 -0.6677428
vn 0.3226437 -0.9400459 -0.1105203
vn -0.5545892 0.8321243 -0.0000000
vn -0.9429601 -0.3329057 -0.0000000
s 1
f 2641/2641/2641 2642/2642/2642 2651/2651/2651
f 2641/2641/2641 2651/2651/2651 2650/2650/2650
f 2642/2642/2642 2643/2643/2643 2652/2652/2652
f 2642/2642/2642 2652/2652/2652 2651/2651/2651
f 2643/2643/2643 2644/2644/2644 2653/2653/2653
f 2643/2643/2643 2653/2653/2653 2652/2652/2652
f 2644/2644/2644 2645/2645/2645 2654/2654/2654
f 2644/2644/2644 2654/2654/2654 2653/2653/2653
f 2645/2645/2645 2646/2646/2646 2655/2655/2655
f 2645/2645/2645 2655/2655/2655 2654/2654/2654
f 2646/2646/2646 2647/2647/2647 2656/2656/2656
f 2646/2646/2646 2656/2656/2656 2655/2655/2655
f 2647/2647/2647 2648/2648/2648 2657/2657/2657
f 2647/2647/2647 2657/2657/2657 2656/2656/2656
f 2648/2648/2648 2649/2649/2649 2658/2658/2658
f 2648/2648/2648 2658/2658/2658 2657/2657/2657
f 2650/2650/2650 2651/2651/2651 2660/2660/2660
f 2650/2650/2650 2660/2660/2660 2659/2659/2659
f 2651/2651/2651 2652/2652/2652 2661/2661/2661
f 2651/2651/2651 2661/2661/2661 2660/2660/2660
f 2652/2652/2652 2653/2653/2653 2662/2662/2662
f 2652/2652/2652 2662/2662/2662 2661/2661/2661
f 2653/2653/2653 2654/2654/2654 2663/2663/2663
f 2653/2653/2653 2663/2663/2663 2662/2662/2662
f 2654/2654/2654 2655/2655/2655 2664/2664/2664
f 2654/2654/2654 2664/2664/2664 2663/2663/2663
f 2655/2655/2655 2656/2656/2656 2665/2665/2665
f 2655/2655/2655 2665/2665/2665 2664/2664/2664
f 2656/2656/2656 2657/2657/2657 2666/2666/2666
f 2656/2656/2656 2666/2666/2666 2665/2665/2665
f 2657/2657/2657 2658/2658/2658 2667/2667/2667
f 2657/2657/2657 2667/2667/2667 2666/2666/2666
f 2659/2659/2659 2660/2660/2660 2669/2669/2669
f 2659/2659/2659 2669/2669/2669 2668/2668/2668
f 2660/2660/2660 2661/2661/2661 2670/2670/2670
f 2660/2660/2660 2670/2670/2670 2669/2669/2669
f 2661/2661/2661 2662/2662/2662 2671/2671/2671
f 2661/2661/2661 2671/2671/2671 2670/2670/2670
f 2662/2662/2662 2663/2663/2663 2672/2672/2672
f 2662/2662/2662 2672/2672/2672 2671/2671/2671
f 2663/2663/2663 2664/2664/2664 2673/2673/2673
f 2663/2663/2663 2673/2673/2673 2672/2672/2672
f 2664/2664/2664 2665/2665/2665 2674/2674/2674
f 2664/2664/2664 2674/2674/2674 2673/2673/2673
f 2665/2665/2665 2666/2666/2666 2675/2675/2675
f 2665/2665/2665 2675/2675/2675 2674/2674/2674
f 2666/2666/2666 2667/2667/2667 2676/2676/2676
f 2666/2666/2666 2676/2676/2676 2675/2675/2675
f 2668/2668/2668 2669/2669/2669 2678/2678/2678
f 2668/2668/2668 2678/2678/2678 2677/2677/2677
f 2669/2669/2669 2670/2670/2670 2679/2679/2679
f 2669/2669/2669 2679/2679/2679 2678/2678/2678
f 2670/2670/2670 2671/2671/2671 2680/2680/2680
f 2670/2670/2670 2680/2680/2680 2679/2679/2679
f 2671/2671/2671 2672/2672/2672 2681/2681/2681
f 2671/2671/2671 2681/2681/2681 2680/2680/2680
f 2672/2672/2672 2673/2673/2673 2682/2682/2682
f 2672/2672/2672 2682/2682/2682 2681/2681/2681
f 2673/2673/2673 2674/2674/2674 2683/2683/2683
f 2673/2673/2673 2683/2683/2683 2682/2682/2682
f 2674/2674/2674 2675/2675/2675 2684/2684/2684
f 2674/2674/2674 2684/2684/2684 2683/2683/2683
f 2675/2675/2675 2676/2676/2676 2685/2685/2685
f 2675/2675/2675 2685/2685/2685 2684/2684/2684
f 2686/2686/2686 2642/2642/2642 2641/2641/2641
f 2686/2686/2686 2643/2643/2643 2642/2642/2642
f 2686/2686/2686 2644/2644/2644 2643/2643/2643
f 2686/2686/2686 2645/2645/2645 2644/2644/2644
f 2686/2686/2686 2646/2646/2646 2645/2645/2645
f 2686/2686/2686 2647/2647/2647 2646/2646/2646
f 2686/2686/2686 2648/2648/2648 2647/2647/2647
f 2686/2686/2686 2649/2649/2649 2648/2648/2648
f 2687/2687/2687 2677/2677/2677 2678/2678/2678
f 2687/2687/2687 2678/2678/2678 2679/2679/2679
f 2687/2687/2687 2679/2679/2679 2680/2680/2680
f 2687/2687/2687 2680/2680/2680 2681/2681/2681
f 2687/2687/2687 2681/2681/2681 2682/2682/2682
f 2687/2687/2687 2682/2682/2682 2683/2683/2683
f 2687/2687/2687 2683/2683/2683 2684/2684/2684
f 2687/2687/2687 2684/2684/2684 2685/2685/2685
o Nail_-1_3
v 14.554128 36.483086 14.186911
v 14.402212 36.281904 13.952713
v 14.402212 36.281904 13.484318
v 14.554128 36.483086 13.250120
v 14.706044 36.684267 13.484318
v 14.706044 36.684267 13.952713
v 14.554128 36.483086 14.186911
v 15.017731 35.565956 13.974004
v 14.934868 35.456221 13.846260
v 14.934868 35.456221 13.590772
v 15.017731 35.565956 13.463027
v 15.100595 35.675691 13.590772
v 15.100595 35.675691 13.846260
v 15.017731 35.565956 13.974004
v 15.481334 34.648827 13.761097
v 15.467524 34.630537 13.739806
v 15.467524 34.630537 13.697225
v 15.481334 34.648827 13.675934
v 15.495145 34.667116 13.697225
v 15.495145 34.667116 13.739806
v 15.481334 34.648827 13.761097
v 14.554128 36.483086 13.718516
v 15.481334 34.648827 13.718516
vt 0.6132812 0.1679688
vt 0.6132812 0.1412760
vt 0.6132812 0.1145833
vt 0.6132812 0.0878906
vt 0.6132812 0.0611979
vt 0.6132812 0.0345052
vt 0.6132812 0.0078125
vt 0.6992188 0.1679688
vt 0.6992188 0.1412760
vt 0.6992188 0.1145833
vt 0.6992188 0.0878906
vt 0.6992188 0.0611979
vt 0.6992188 0.0345052
vt 0.6992188 0.0078125
vt 0.7851562 0.1679688
vt 0.7851562 0.1412760
vt 0.7851562 0.1145833
vt 0.7851562 0.0878906
vt 0.7851562 0.0611979
vt 0.7851562 0.0345052
vt 0.7851562 0.0078125
vt 0.6132812 0.0878906
vt 0.7851562 0.0878906
vn -0.3151310 0.0012196 0.9490474
vn -0.9054623 -0.3630713 0.2198118
vn -0.8664494 -0.3348121 -0.3703596
vn 0.0623387 0.1969961 -0.9784204
vn 0.8212798 0.5180496 -0.2390065
vn 0.7662365 0.4998187 0.4038104
vn -0.3151310 0.0012196 0.9490474
vn 0.4032340 -0.0085935 0.9150566
vn -0.7301382 -0.5270815 0.4348371
vn -0.8067715 -0.5487125 -0.2191675
vn -0.0697118 -0.2588848 -0.9633893
vn 0.8719863 0.3003132 -0.3865900
vn 0.9200984 0.3392800 0.1957242
vn 0.4032340 -0.0085935 0.9150566
vn 0.6555279 0.1510084 0.7399186
vn -0.6084637 -0.4829867 0.6296791
vn -0.8311832 -0.5518801 -0.0675493
vn -0.4082497 -0.4056997 -0.8177652
vn 0.7908426 0.2433274 -0.5615691
vn 0.9334182 0.3536326 0.0606171
vn 0.6555279 0.1510084 0.7399186
vn -0.7980344 0.6026119 -0.0000000
vn 0.7980344 -0.6026119 -0.0000000
s 1
f 2688/2688/2688 2689/2689/2689 2696/2696/2696
f 2688/2688/2688 2696/2696/2696 2695/2695/2695
f 2689/2689/2689 2690/2690/2690 2697/2697/2697
f 2689/2689/2689 2697/2697/2697 2696/2696/2696
f 2690/2690/2690 2691/2691/2691 2698/2698/2698
f 2690/2690/2690 2698/2698/2698 2697/2697/2697
f 2691/2691/2691 2692/2692/2692 2699/2699/2699
f 2691/2691/2691 2699/2699/2699 2698/2698/2698
f 2692/2692/2692 2693/2693/2693 2700/2700/2700
f 2692/2692/2692 2700/2700/2700 2699/2699/2699
f 2693/2693/2693 2694/2694/2694 2701/2701/2701
f 2693/2693/2693 2701/2701/2701 2700/2700/2700
f 2695/2695/2695 2696/2696/2696 2703/2703/2703
f 2695/2695/2695 2703/2703/2703 2702/2702/2702
f 2696/2696/2696 2697/2697/2697 2704/2704/2704
f 2696/2696/2696 2704/2704/2704 2703/2703/2703
f 2697/2697/2697 2698/2698/2698 2705/2705/2705
f 2697/2697/2697 2705/2705/2705 2704/2704/2704
f 2698/2698/2698 2699/2699/2699 2706/2706/2706
f 2698/2698/2698 2706/2706/2706 2705/2705/2705
f 2699/2699/2699 2700/2700/2700 2707/2707/2707
f 2699/2699/2699 2707/2707/2707 2706/2706/2706
f 2700/2700/2700 2701/2701/2701 2708/2708/2708
f 2700/2700/2700 2708/2708/2708 2707/2707/2707
f 2709/2709/2709 2689/2689/2689 2688/2688/2688
f 2709/2709/2709 2690/2690/2690 2689/2689/2689
f 2709/2709/2709 2691/2691/2691 2690/2690/2690
f 2709/2709/2709 2692/2692/2692 2691/2691/2691
f 2709/2709/2709 2693/2693/2693 2692/2692/2692
f 2709/2709/2709 2694/2694/2694 2693/2693/2693
f 2710/2710/2710 2702/2702/2702 2703/2703/2703
f 2710/2710/2710 2703/2703/2703 2704/2704/2704
f 2710/2710/2710 2704/2704/2704 2705/2705/2705
f 2710/2710/2710 2705/2705/2705 2706/2706/2706
f 2710/2710/2710 2706/2706/2706 2707/2707/2707
f 2710/2710/2710 2707/2707/2707 2708/2708/2708
o Thumb_-1
v 14.114238 41.152108 19.062781
v 14.001435 40.554308 18.654966
v 14.031344 40.306690 17.818627
v 14.186444 40.554308 17.043680
v 14.375880 41.152108 16.784077
v 14.488683 41.749909 17.191891
v 14.458775 41.997526 18.028230
v 14.303674 41.749909 18.803178
v 14.114238 41.152108 19.062781
v 14.929701 40.589405 19.321479
v 14.806039 40.077303 18.949693
v 14.798840 39.883451 18.194992
v 14.912321 40.121405 17.499469
v 15.080005 40.651775 17.270553
v 15.203667 41.163877 17.642339
v 15.210866 41.357730 18.397041
v 15.097386 41.119776 19.092563
v 14.929701 40.589405 19.321479
v 15.902157 39.744878 19.109540
v 15.688799 39.449714 18.812202
v 15.534958 39.468027 18.243669
v 15.530754 39.789089 17.736980
v 15.678649 40.224828 17.588946
v 15.892007 40.519992 17.886284
v 16.045848 40.501679 18.454817
v 16.050052 40.180616 18.961506
v 15.902157 39.744878 19.109540
v 16.132857 39.116930 17.348760
v 15.907757 39.057430 17.302882
v 15.730841 39.254266 17.137230
v 15.705742 39.592134 16.948840
v 15.847163 39.873115 16.848068
v 16.072262 39.932614 16.893946
v 16.249179 39.735778 17.059599
v 16.274278 39.397911 17.247989
v 16.132857 39.116930 17.348760
v 16.095852 38.874749 15.915270
v 15.939125 38.847228 15.923797
v 15.815977 38.997711 15.856501
v 15.798548 39.238046 15.752803
v 15.897046 39.427449 15.673448
v 16.053773 39.454969 15.664921
v 16.176920 39.304486 15.732217
v 16.194350 39.064151 15.835915
v 16.095852 38.874749 15.915270
v 14.245059 41.152108 17.923429
v 15.996449 39.151099 15.794359
vt 0.0078125 0.9921875
vt 0.0078125 0.9160156
vt 0.0078125 0.8398438
vt 0.0078125 0.7636719
vt 0.0078125 0.6875000
vt 0.0078125 0.6113281
vt 0.0078125 0.5351562
vt 0.0078125 0.4589844
vt 0.0078125 0.3828125
vt 0.2539062 0.9921875
vt 0.2539062 0.9160156
vt 0.2539062 0.8398438
vt 0.2539062 0.7636719
vt 0.2539062 0.6875000
vt 0.2539062 0.6113281
vt 0.2539062 0.5351562
vt 0.2539062 0.4589844
vt 0.2539062 0.3828125
vt 0.5000000 0.9921875
vt 0.5000000 0.9160156
vt 0.5000000 0.8398438
vt 0.5000000 0.7636719
vt 0.5000000 0.6875000
vt 0.5000000 0.6113281
vt 0.5000000 0.5351562
vt 0.5000000 0.4589844
vt 0.5000000 0.3828125
vt 0.7460938 0.9921875
vt 0.7460938 0.9160156
vt 0.7460938 0.8398438
vt 0.7460938 0.7636719
vt 0.7460938 0.6875000
vt 0.7460938 0.6113281
vt 0.7460938 0.5351562
vt 0.7460938 0.4589844
vt 0.7460938 0.3828125
vt 0.9921875 0.9921875
vt 0.9921875 0.9160156
vt 0.9921875 0.8398438
vt 0.9921875 0.7636719
vt 0.9921875 0.6875000
vt 0.9921875 0.6113281
vt 0.9921875 0.5351562
vt 0.9921875 0.4589844
vt 0.9921875 0.3828125
vt 0.0078125 0.6875000
vt 0.9921875 0.6875000
vn -0.8187526 0.0229448 0.5736878
vn -0.8819758 -0.4038996 0.2428657
vn -0.8190004 -0.5489012 -0.1671697
vn -0.6284943 -0.3860487 -0.6752491
vn -0.1521969 0.3135134 -0.9373075
vn 0.1476732 0.8706340 -0.4692431
vn 0.0170070 0.9949170 0.0992521
vn -0.4394260 0.6908908 0.5740860
vn -0.8187526 0.0229448 0.5736878
vn -0.1228518 -0.0826916 0.9889740
vn -0.5206754 -0.6841187 0.5107629
vn -0.4794582 -0.8763777 -0.0456277
vn -0.1151691 -0.7677908 -0.6302645
vn 0.4886956 -0.0597364 -0.8704069
vn 0.7142293 0.5471544 -0.4364613
vn 0.6867108 0.7227352 0.0779878
vn 0.4807048 0.5942105 0.6448541
vn -0.1228518 -0.0826916 0.9889740
vn 0.5472652 -0.3626800 0.7542970
vn -0.3311550 -0.8129699 0.4789742
vn -0.6864852 -0.7262186 -0.0366698
vn -0.6966616 -0.4719957 -0.5402617
vn -0.1234172 0.2241885 -0.9666994
vn 0.6436892 0.6064265 -0.4668095
vn 0.8730825 0.4875596 0.0035553
vn 0.8966308 0.2122324 0.3886008
vn 0.5472652 -0.3626800 0.7542970
vn 0.7647327 -0.5990806 0.2372474
vn -0.2095562 -0.9518026 0.2239600
vn -0.9014405 -0.4328508 -0.0067211
vn -0.9840696 0.0752321 -0.1610810
vn -0.7039470 0.6193808 -0.3476005
vn 0.4125798 0.8276954 -0.3803923
vn 0.9437328 0.3143240 -0.1028050
vn 0.9906840 -0.1045451 0.0872671
vn 0.7647327 -0.5990806 0.2372474
vn 0.7784066 -0.6276085 -0.0138136
vn -0.1399573 -0.9899536 0.0200955
vn -0.8674121 -0.4940118 -0.0595702
vn -0.9853388 -0.0072713 -0.1704540
vn -0.7938916 0.4970786 -0.3502128
vn 0.1958797 0.8477931 -0.4928265
vn 0.9010299 0.3435066 -0.2648552
vn 0.9862768 -0.1225026 -0.1106849
vn 0.7784066 -0.6276085 -0.0138136
vn -0.9602578 0.2564141 -0.1102574
vn 0.0193694 -0.3949086 -0.9185162
s 1
f 2711/2711/2711 2712/2712/2712 2721/2721/2721
f 2711/2711/2711 2721/2721/2721 2720/2720/2720
f 2712/2712/2712 2713/2713/2713 2722/2722/2722
f 2712/2712/2712 2722/2722/2722 2721/2721/2721
f 2713/2713/2713 2714/2714/2714 2723/2723/2723
f 2713/2713/2713 2723/2723/2723 2722/2722/2722
f 2714/2714/2714 2715/2715/2715 2724/2724/2724
f 2714/2714/2714 2724/2724/2724 2723/2723/2723
f 2715/2715/2715 2716/2716/2716 2725/2725/2725
f 2715/2715/2715 2725/2725/2725 2724/2724/2724
f 2716/2716/2716 2717/2717/2717 2726/2726/2726
f 2716/2716/2716 2726/2726/2726 2725/2725/2725
f 2717/2717/2717 2718/2718/2718 2727/2727/2727
f 2717/2717/2717 2727/2727/2727 2726/2726/2726
f 2718/2718/2718 2719/2719/2719 2728/2728/2728
f 2718/2718/2718 2728/2728/2728 2727/2727/2727
f 2720/2720/2720 2721/2721/2721 2730/2730/2730
f 2720/2720/2720 2730/2730/2730 2729/2729/2729
f 2721/2721/2721 2722/2722/2722 2731/2731/2731
f 2721/2721/2721 2731/2731/2731 2730/2730/2730
f 2722/2722/2722 2723/2723/2723 2732/2732/2732
f 2722/2722/2722 2732/2732/2732 2731/2731/2731
f 2723/2723/2723 2724/2724/2724 2733/2733/2733
f 2723/2723/2723 2733/2733/2733 2732/2732/2732
f 2724/2724/2724 2725/2725/2725 2734/2734/2734
f 2724/2724/2724 2734/2734/2734 2733/2733/2733
f 2725/2725/2725 2726/2726/2726 2735/2735/2735
f 2725/2725/2725 2735/2735/2735 2734/2734/2734
f 2726/2726/2726 2727/2727/2727 2736/2736/2736
f 2726/2726/2726 2736/2736/2736 2735/2735/2735
f 2727/2727/2727 2728/2728/2728 2737/2737/2737
f 2727/2727/2727 2737/2737/2737 2736/2736/2736
f 2729/2729/2729 2730/2730/2730 2739/2739/2739
f 2729/2729/2729 2739/2739/2739 2738/2738/2738
f 2730/2730/2730 2731/2731/2731 2740/2740/2740
f 2730/2730/2730 2740/2740/2740 2739/2739/2739
f 2731/2731/2731 2732/2732/2732 2741/2741/2741
f 2731/2731/2731 2741/2741/2741 2740/2740/2740
f 2732/2732/2732 2733/2733/2733 2742/2742/2742
f 2732/2732/2732 2742/2742/2742 2741/2741/2741
f 2733/2733/2733 2734/2734/2734 2743/2743/2743
f 2733/2733/2733 2743/2743/2743 2742/2742/2742
f 2734/2734/2734 2735/2735/2735 2744/2744/2744
f 2734/2734/2734 2744/2744/2744 2743/2743/2743
f 2735/2735/2735 2736/2736/2736 2745/2745/2745
f 2735/2735/2735 2745/2745/2745 2744/2744/2744
f 2736/2736/2736 2737/2737/2737 2746/2746/2746
f 2736/2736/2736 2746/2746/2746 2745/2745/2745
f 2738/2738/2738 2739/2739/2739 2748/2748/2748
f 2738/2738/2738 2748/2748/2748 2747/2747/2747
f 2739/2739/2739 2740/2740/2740 2749/2749/2749
f 2739/2739/2739 2749/2749/2749 2748/2748/2748
f 2740/2740/2740 2741/2741/2741 2750/2750/2750
f 2740/2740/2740 2750/2750/2750 2749/2749/2749
f 2741/2741/2741 2742/2742/2742 2751/2751/2751
f 2741/2741/2741 2751/2751/2751 2750/2750/2750
f 2742/2742/2742 2743/2743/2743 2752/2752/2752
f 2742/2742/2742 2752/2752/2752 2751/2751/2751
f 2743/2743/2743 2744/2744/2744 2753/2753/2753
f 2743/2743/2743 2753/2753/2753 2752/2752/2752
f 2744/2744/2744 2745/2745/2745 2754/2754/2754
f 2744/2744/2744 2754/2754/2754 2753/2753/2753
f 2745/2745/2745 2746/2746/2746 2755/2755/2755
f 2745/2745/2745 2755/2755/2755 2754/2754/2754
f 2756/2756/2756 2712/2712/2712 2711/2711/2711
f 2756/2756/2756 2713/2713/2713 2712/2712/2712
f 2756/2756/2756 2714/2714/2714 2713/2713/2713
f 2756/2756/2756 2715/2715/2715 2714/2714/2714
f 2756/2756/2756 2716/2716/2716 2715/2715/2715
f 2756/2756/2756 2717/2717/2717 2716/2716/2716
f 2756/2756/2756 2718/2718/2718 2717/2717/2717
f 2756/2756/2756 2719/2719/2719 2718/2718/2718
f 2757/2757/2757 2747/2747/2747 2748/2748/2748
f 2757/2757/2757 2748/2748/2748 2749/2749/2749
f 2757/2757/2757 2749/2749/2749 2750/2750/2750
f 2757/2757/2757 2750/2750/2750 2751/2751/2751
f 2757/2757/2757 2751/2751/2751 2752/2752/2752
f 2757/2757/2757 2752/2752/2752 2753/2753/2753
f 2757/2757/2757 2753/2753/2753 2754/2754/2754
f 2757/2757/2757 2754/2754/2754 2755/2755/2755
o Serpent_arm_1
v 6.503168 46.654885 -5.460486
v 5.922664 45.608580 -4.617036
v 5.087697 44.842631 -4.579678
v 4.221996 44.562275 -5.358421
v 3.557525 44.842631 -6.744602
v 3.272329 45.608580 -8.366795
v 3.442825 46.654885 -9.790335
v 4.023329 47.701191 -10.633785
v 4.858296 48.467139 -10.671143
v 5.723997 48.747496 -9.892400
v 6.388467 48.467139 -8.506218
v 6.673664 47.701191 -6.884025
v 6.503168 46.654885 -5.460486
v 7.126963 44.535199 -7.767554
v 6.581032 43.559351 -6.971653
v 5.796169 42.847458 -6.930323
v 4.982678 42.590272 -7.654636
v 4.358534 42.856705 -8.950516
v 4.090974 43.575367 -10.470730
v 4.251692 44.553692 -11.807940
v 4.797623 45.529540 -12.603841
v 5.582486 46.241432 -12.645171
v 6.395977 46.498619 -11.920857
v 7.020122 46.232186 -10.624978
v 7.287681 45.513524 -9.104764
v 7.126963 44.535199 -7.767554
v 7.996827 41.474787 -11.081332
v 7.510899 40.571252 -10.384639
v 6.810775 39.901549 -10.374819
v 6.084052 39.645123 -11.054504
v 5.525456 39.870685 -12.241573
v 5.284662 40.517794 -13.617951
v 5.426190 41.413058 -14.814838
v 5.912118 42.316593 -15.511531
v 6.612242 42.986296 -15.521351
v 7.338964 43.242721 -14.841666
v 7.897560 43.017160 -13.654597
v 8.138355 42.370051 -12.278220
v 7.996827 41.474787 -11.081332
v 8.969317 38.612390 -14.296046
v 8.571030 37.734205 -13.767958
v 7.991511 37.047178 -13.866996
v 7.386041 36.735398 -14.566623
v 6.916856 36.882406 -15.679373
v 6.709673 37.448812 -16.907088
v 6.820007 38.282847 -17.920801
v 7.218294 39.161032 -18.448889
v 7.797813 39.848059 -18.349851
v 8.403283 40.159839 -17.650224
v 8.872468 40.012831 -16.537473
v 9.079651 39.446425 -15.309759
v 8.969317 38.612390 -14.296046
v 9.763877 37.047060 -16.184318
v 9.546855 36.082643 -16.006518
v 9.208469 35.270206 -16.435420
v 8.839387 34.827439 -17.356100
v 8.538505 34.872982 -18.521862
v 8.386445 35.394632 -19.620342
v 8.423950 36.252612 -20.357202
v 8.640971 37.217029 -20.535002
v 8.979358 38.029467 -20.106100
v 9.348439 38.472234 -19.185420
v 9.649321 38.426691 -18.019658
v 9.801382 37.905041 -16.921178
v 9.763877 37.047060 -16.184318
v 10.528115 36.813969 -16.749123
v 10.642423 35.918126 -16.957921
v 10.699811 35.211363 -17.719055
v 10.684901 34.883056 -18.828577
v 10.601688 35.021176 -19.989193
v 10.472469 35.588712 -20.889917
v 10.331868 36.433594 -21.289400
v 10.217560 37.329437 -21.080601
v 10.160172 38.036200 -20.319468
v 10.175083 38.364507 -19.209945
v 10.258296 38.226387 -18.049329
v 10.387515 37.658851 -17.148605
v 10.528115 36.813969 -16.749123
v 11.837223 37.712285 -16.895453
v 12.078709 36.999481 -17.114223
v 12.279556 36.472244 -17.821162
v 12.385948 36.271847 -18.826846
v 12.369376 36.451987 -19.861803
v 12.234282 36.964395 -20.648718
v 12.016864 37.671773 -20.976736
v 11.775378 38.384577 -20.757966
v 11.574531 38.911814 -20.051027
v 11.468139 39.112211 -19.045342
v 11.484711 38.932071 -18.010385
v 11.619805 38.419662 -17.223471
v 11.837223 37.712285 -16.895453
v 13.178700 39.055991 -16.689882
v 13.424258 38.439784 -16.881874
v 13.635267 37.993230 -17.512870
v 13.755185 37.835982 -18.413796
v 13.751883 38.010174 -19.343249
v 13.626244 38.469131 -20.052182
v 13.411933 39.089878 -20.350639
v 13.166375 39.706084 -20.158647
v 12.955367 40.152638 -19.527651
v 12.835448 40.309887 -18.626725
v 12.838751 40.135695 -17.697272
v 12.964390 39.676737 -16.988338
v 13.178700 39.055991 -16.689882
v 14.144377 39.975850 -16.580300
v 14.365602 39.402223 -16.758928
v 14.554528 38.984712 -17.342650
v 14.660533 38.835187 -18.175058
v 14.655211 38.993715 -19.033110
v 14.539989 39.417817 -19.686891
v 14.345742 39.993855 -19.961220
v 14.124516 40.567482 -19.782592
v 13.935590 40.984993 -19.198870
v 13.829586 41.134518 -18.366462
v 13.834908 40.975991 -17.508410
v 13.950129 40.551889 -16.854629
v 14.144377 39.975850 -16.580300
v 4.972996 46.654885 -7.625410
v 14.245059 39.984853 -18.270760
vt 0.0078125 0.9921875
vt 0.0078125 0.9414062
vt 0.0078125 0.8906250
vt 0.0078125 0.8398438
vt 0.0078125 0.7890625
vt 0.0078125 0.7382812
vt 0.0078125 0.6875000
vt 0.0078125 0.6367188
vt 0.0078125 0.5859375
vt 0.0078125 0.5351562
vt 0.0078125 0.4843750
vt 0.0078125 0.4335938
vt 0.0078125 0.3828125
vt 0.1308594 0.9921875
vt 0.1308594 0.9414062
vt 0.1308594 0.8906250
vt 0.1308594 0.8398438
vt 0.1308594 0.7890625
vt 0.1308594 0.7382812
vt 0.1308594 0.6875000
vt 0.1308594 0.6367188
vt 0.1308594 0.5859375
vt 0.1308594 0.5351562
vt 0.1308594 0.4843750
vt 0.1308594 0.4335938
vt 0.1308594 0.3828125
vt 0.2539062 0.9921875
vt 0.2539062 0.9414062
vt 0.2539062 0.8906250
vt 0.2539062 0.8398438
vt 0.2539062 0.7890625
vt 0.2539062 0.7382812
vt 0.2539062 0.6875000
vt 0.2539062 0.6367188
vt 0.2539062 0.5859375
vt 0.2539062 0.5351562
vt 0.2539062 0.4843750
vt 0.2539062 0.4335938
vt 0.2539062 0.3828125
vt 0.3769531 0.9921875
vt 0.3769531 0.9414062
vt 0.3769531 0.8906250
vt 0.3769531 0.8398438
vt 0.3769531 0.7890625
vt 0.3769531 0.7382812
vt 0.3769531 0.6875000
vt 0.3769531 0.6367188
vt 0.3769531 0.5859375
vt 0.3769531 0.5351562
vt 0.3769531 0.4843750
vt 0.3769531 0.4335938
vt 0.3769531 0.3828125
vt 0.5000000 0.9921875
vt 0.5000000 0.9414062
vt 0.5000000 0.8906250
vt 0.5000000 0.8398438
vt 0.5000000 0.7890625
vt 0.5000000 0.7382812
vt 0.5000000 0.6875000
vt 0.5000000 0.6367188
vt 0.5000000 0.5859375
vt 0.5000000 0.5351562
vt 0.5000000 0.4843750
vt 0.5000000 0.4335938
vt 0.5000000 0.3828125
vt 0.6230469 0.9921875
vt 0.6230469 0.9414062
vt 0.6230469 0.8906250
vt 0.6230469 0.8398438
vt 0.6230469 0.7890625
vt 0.6230469 0.7382812
vt 0.6230469 0.6875000
vt 0.6230469 0.6367188
vt 0.6230469 0.5859375
vt 0.6230469 0.5351562
vt 0.6230469 0.4843750
vt 0.6230469 0.4335938
vt 0.6230469 0.3828125
vt 0.7460938 0.9921875
vt 0.7460938 0.9414062
vt 0.7460938 0.8906250
vt 0.7460938 0.8398438
vt 0.7460938 0.7890625
vt 0.7460938 0.7382812
vt 0.7460938 0.6875000
vt 0.7460938 0.6367188
vt 0.7460938 0.5859375
vt 0.7460938 0.5351562
vt 0.7460938 0.4843750
vt 0.7460938 0.4335938
vt 0.7460938 0.3828125
vt 0.8691406 0.9921875
vt 0.8691406 0.9414062
vt 0.8691406 0.8906250
vt 0.8691406 0.8398438
vt 0.8691406 0.7890625
vt 0.8691406 0.7382812
vt 0.8691406 0.6875000
vt 0.8691406 0.6367188
vt 0.8691406 0.5859375
vt 0.8691406 0.5351562
vt 0.8691406 0.4843750
vt 0.8691406 0.4335938
vt 0.8691406 0.3828125
vt 0.9921875 0.9921875
vt 0.9921875 0.9414062
vt 0.9921875 0.8906250
vt 0.9921875 0.8398438
vt 0.9921875 0.7890625
vt 0.9921875 0.7382812
vt 0.9921875 0.6875000
vt 0.9921875 0.6367188
vt 0.9921875 0.5859375
vt 0.9921875 0.5351562
vt 0.9921875 0.4843750
vt 0.9921875 0.4335938
vt 0.9921875 0.3828125
vt 0.0078125 0.6875000
vt 0.9921875 0.6875000
vn 0.7151784 0.3179213 0.6224515
vn 0.3316369 0.0529077 0.9419223
vn -0.4259096 -0.1792903 0.8868235
vn -0.8421581 -0.1746512 0.5101635
vn -0.9698233 -0.0677883 0.2341954
vn -0.9956806 0.0825988 0.0423968
vn -0.9505635 0.2899045 -0.1112852
vn -0.7741865 0.5865380 -0.2379251
vn -0.3137335 0.9093446 -0.2732467
vn 0.3044711 0.9452501 -0.1174718
vn 0.6588507 0.7437819 0.1127128
vn 0.7749281 0.5292786 0.3454716
vn 0.7151784 0.3179213 0.6224515
vn 0.9563536 -0.0381230 0.2897143
vn 0.7703170 -0.3594411 0.5267010
vn 0.1403752 -0.7320679 0.6666118
vn -0.5934258 -0.6948716 0.4062010
vn -0.8780256 -0.4663817 0.1075138
vn -0.9595079 -0.2540649 -0.1216372
vn -0.9385753 -0.0257783 -0.3441102
vn -0.7363104 0.2933236 -0.6097609
vn -0.0529508 0.6517404 -0.7565915
vn 0.6579019 0.6008235 -0.4540663
vn 0.9094418 0.3894533 -0.1457452
vn 0.9788939 0.1879395 0.0802835
vn 0.9563536 -0.0381230 0.2897143
vn 0.9575522 -0.0211678 0.2874816
vn 0.7821371 -0.3431376 0.5201136
vn 0.1774075 -0.7284587 0.6617208
vn -0.5643014 -0.7170007 0.4092358
vn -0.8644695 -0.4910888 0.1073510
vn -0.9532003 -0.2758736 -0.1237050
vn -0.9375182 -0.0447931 -0.3450409
vn -0.7461501 0.2762167 -0.6057759
vn -0.0871170 0.6483491 -0.7563426
vn 0.6348307 0.6196777 -0.4615078
vn 0.8998707 0.4098290 -0.1492409
vn 0.9753015 0.2063197 0.0788616
vn 0.9575522 -0.0211678 0.2874816
vn 0.9513135 0.0201892 0.3075629
vn 0.7854489 -0.3197314 0.5299452
vn 0.2204688 -0.7384878 0.6372043
vn -0.4928765 -0.7849229 0.3754581
vn -0.8142544 -0.5765600 0.0675887
vn -0.9208985 -0.3511191 -0.1692966
vn -0.9154491 -0.0985136 -0.3901898
vn -0.7310796 0.2507867 -0.6345302
vn -0.1056591 0.6543337 -0.7487881
vn 0.5969318 0.6642086 -0.4499994
vn 0.8761532 0.4626452 -0.1353329
vn 0.9618362 0.2559347 0.0967914
vn 0.9513135 0.0201892 0.3075629
vn 0.8847835 0.1110696 0.4525723
vn 0.7320610 -0.3152345 0.6039155
vn 0.3347683 -0.7704822 0.5424826
vn -0.1722771 -0.9549583 0.2416095
vn -0.5352515 -0.8390428 -0.0975350
vn -0.7263720 -0.5744447 -0.3773553
vn -0.7699138 -0.2116757 -0.6020184
vn -0.6067159 0.2579744 -0.7518943
vn -0.1204641 0.7135777 -0.6901414
vn 0.4526603 0.8129287 -0.3663954
vn 0.7665430 0.6410024 -0.0390874
vn 0.8840930 0.4101637 0.2239315
vn 0.8847835 0.1110696 0.4525723
vn 0.3103472 0.1223301 0.9427195
vn 0.5169007 -0.4125151 0.7500967
vn 0.5229346 -0.7406539 0.4218663
vn 0.4242932 -0.9030874 0.0663960
vn 0.2638120 -0.9108250 -0.3174917
vn 0.0519388 -0.6991916 -0.7130453
vn -0.1737032 -0.1894278 -0.9664079
vn -0.3046746 0.4212785 -0.8542235
vn -0.3218559 0.8075940 -0.4941667
vn -0.2977328 0.9510703 -0.0825864
vn -0.2353670 0.9104225 0.3401959
vn -0.0362339 0.6559178 0.7539622
vn 0.3103472 0.1223301 0.9427195
vn -0.0610206 0.0628949 0.9961530
vn 0.3996699 -0.4475698 0.7999658
vn 0.6211563 -0.6721701 0.4029296
vn 0.6927183 -0.7198155 0.0447988
vn 0.6875841 -0.6628427 -0.2964246
vn 0.5873410 -0.4656401 -0.6619742
vn 0.2826446 -0.0182995 -0.9590501
vn -0.1827154 0.5197072 -0.8345775
vn -0.4740391 0.7684631 -0.4298273
vn -0.5860611 0.8091314 -0.0428803
vn -0.5886768 0.7404234 0.3243962
vn -0.4516733 0.5313725 0.7166829
vn -0.0610206 0.0628949 0.9961530
vn -0.1852060 0.0493524 0.9814597
vn 0.3448398 -0.4520752 0.8226260
vn 0.6330225 -0.6533343 0.4152551
vn 0.7393931 -0.6708489 0.0570937
vn 0.7582361 -0.5936509 -0.2695490
vn 0.6804024 -0.3970091 -0.6159840
vn 0.3819629 0.0225588 -0.9239023
vn -0.1498674 0.5346601 -0.8316720
vn -0.5030870 0.7504088 -0.4287075
vn -0.6409851 0.7658871 -0.0505469
vn -0.6620245 0.6871175 0.2993211
vn -0.5542952 0.4872254 0.6748098
vn -0.1852060 0.0493524 0.9814597
vn 0.4671986 0.3457131 0.8137616
vn 0.7591210 -0.0764936 0.6464395
vn 0.8847950 -0.2931713 0.3621995
vn 0.9315477 -0.3500507 0.0984037
vn 0.9433826 -0.3000767 -0.1413622
vn 0.9178519 -0.1422949 -0.3705402
vn 0.8075366 0.1595156 -0.5678376
vn 0.5348531 0.5802822 -0.6141699
vn 0.1790844 0.8977624 -0.4024320
vn -0.0453380 0.9970317 -0.0622277
vn -0.0761622 0.9514837 0.2981243
vn 0.1047362 0.7559018 0.6462528
vn 0.4671986 0.3457131 0.8137616
vn -0.6014662 0.6763977 0.4251170
vn 0.9373628 0.3435498 0.0576582
s 1
f 2758/2758/2758 2759/2759/2759 2772/2772/2772
f 2758/2758/2758 2772/2772/2772 2771/2771/2771
f 2759/2759/2759 2760/2760/2760 2773/2773/2773
f 2759/2759/2759 2773/2773/2773 2772/2772/2772
f 2760/2760/2760 2761/2761/2761 2774/2774/2774
f 2760/2760/2760 2774/2774/2774 2773/2773/2773
f 2761/2761/2761 2762/2762/2762 2775/2775/2775
f 2761/2761/2761 2775/2775/2775 2774/2774/2774
f 2762/2762/2762 2763/2763/2763 2776/2776/2776
f 2762/2762/2762 2776/2776/2776 2775/2775/2775
f 2763/2763/2763 2764/2764/2764 2777/2777/2777
f 2763/2763/2763 2777/2777/2777 2776/2776/2776
f 2764/2764/2764 2765/2765/2765 2778/2778/2778
f 2764/2764/2764 2778/2778/2778 2777/2777/2777
f 2765/2765/2765 2766/2766/2766 2779/2779/2779
f 2765/2765/2765 2779/2779/2779 2778/2778/2778
f 2766/2766/2766 2767/2767/2767 2780/2780/2780
f 2766/2766/2766 2780/2780/2780 2779/2779/2779
f 2767/2767/2767 2768/2768/2768 2781/2781/2781
f 2767/2767/2767 2781/2781/2781 2780/2780/2780
f 2768/2768/2768 2769/2769/2769 2782/2782/2782
f 2768/2768/2768 2782/2782/2782 2781/2781/2781
f 2769/2769/2769 2770/2770/2770 2783/2783/2783
f 2769/2769/2769 2783/2783/2783 2782/2782/2782
f 2771/2771/2771 2772/2772/2772 2785/2785/2785
f 2771/2771/2771 2785/2785/2785 2784/2784/2784
f 2772/2772/2772 2773/2773/2773 2786/2786/2786
f 2772/2772/2772 2786/2786/2786 2785/2785/2785
f 2773/2773/2773 2774/2774/2774 2787/2787/2787
f 2773/2773/2773 2787/2787/2787 2786/2786/2786
f 2774/2774/2774 2775/2775/2775 2788/2788/2788
f 2774/2774/2774 2788/2788/2788 2787/2787/2787
f 2775/2775/2775 2776/2776/2776 2789/2789/2789
f 2775/2775/2775 2789/2789/2789 2788/2788/2788
f 2776/2776/2776 2777/2777/2777 2790/2790/2790
f 2776/2776/2776 2790/2790/2790 2789/2789/2789
f 2777/2777/2777 2778/2778/2778 2791/2791/2791
f 2777/2777/2777 2791/2791/2791 2790/2790/2790
f 2778/2778/2778 2779/2779/2779 2792/2792/2792
f 2778/2778/2778 2792/2792/2792 2791/2791/2791
f 2779/2779/2779 2780/2780/2780 2793/2793/2793
f 2779/2779/2779 2793/2793/2793 2792/2792/2792
f 2780/2780/2780 2781/2781/2781 2794/2794/2794
f 2780/2780/2780 2794/2794/2794 2793/2793/2793
f 2781/2781/2781 2782/2782/2782 2795/2795/2795
f 2781/2781/2781 2795/2795/2795 2794/2794/2794
f 2782/2782/2782 2783/2783/2783 2796/2796/2796
f 2782/2782/2782 2796/2796/2796 2795/2795/2795
f 2784/2784/2784 2785/2785/2785 2798/2798/2798
f 2784/2784/2784 2798/2798/2798 2797/2797/2797
f 2785/2785/2785 2786/2786/2786 2799/2799/2799
f 2785/2785/2785 2799/2799/2799 2798/2798/2798
f 2786/2786/2786 2787/2787/2787 2800/2800/2800
f 2786/2786/2786 2800/2800/2800 2799/2799/2799
f 2787/2787/2787 2788/2788/2788 2801/2801/2801
f 2787/2787/2787 2801/2801/2801 2800/2800/2800
f 2788/2788/2788 2789/2789/2789 2802/2802/2802
f 2788/2788/2788 2802/2802/2802 2801/2801/2801
f 2789/2789/2789 2790/2790/2790 2803/2803/2803
f 2789/2789/2789 2803/2803/2803 2802/2802/2802
f 2790/2790/2790 2791/2791/2791 2804/2804/2804
f 2790/2790/2790 2804/2804/2804 2803/2803/2803
f 2791/2791/2791 2792/2792/2792 2805/2805/2805
f 2791/2791/2791 2805/2805/2805 2804/2804/2804
f 2792/2792/2792 2793/2793/2793 2806/2806/2806
f 2792/2792/2792 2806/2806/2806 2805/2805/2805
f 2793/2793/2793 2794/2794/2794 2807/2807/2807
f 2793/2793/2793 2807/2807/2807 2806/2806/2806
f 2794/2794/2794 2795/2795/2795 2808/2808/2808
f 2794/2794/2794 2808/2808/2808 2807/2807/2807
f 2795/2795/2795 2796/2796/2796 2809/2809/2809
f 2795/2795/2795 2809/2809/2809 2808/2808/2808
f 2797/2797/2797 2798/2798/2798 2811/2811/2811
f 2797/2797/2797 2811/2811/2811 2810/2810/2810
f 2798/2798/2798 2799/2799/2799 2812/2812/2812
f 2798/2798/2798 2812/2812/2812 2811/2811/2811
f 2799/2799/2799 2800/2800/2800 2813/2813/2813
f 2799/2799/2799 2813/2813/2813 2812/2812/2812
f 2800/2800/2800 2801/2801/2801 2814/2814/2814
f 2800/2800/2800 2814/2814/2814 2813/2813/2813
f 2801/2801/2801 2802/2802/2802 2815/2815/2815
f 2801/2801/2801 2815/2815/2815 2814/2814/2814
f 2802/2802/2802 2803/2803/2803 2816/2816/2816
f 2802/2802/2802 2816/2816/2816 2815/2815/2815
f 2803/2803/2803 2804/2804/2804 2817/2817/2817
f 2803/2803/2803 2817/2817/2817 2816/2816/2816
f 2804/2804/2804 2805/2805/2805 2818/2818/2818
f 2804/2804/2804 2818/2818/2818 2817/2817/2817
f 2805/2805/2805 2806/2806/2806 2819/2819/2819
f 2805/2805/2805 2819/2819/2819 2818/2818/2818
f 2806/2806/2806 2807/2807/2807 2820/2820/2820
f 2806/2806/2806 2820/2820/2820 2819/2819/2819
f 2807/2807/2807 2808/2808/2808 2821/2821/2821
f 2807/2807/2807 2821/2821/2821 2820/2820/2820
f 2808/2808/2808 2809/2809/2809 2822/2822/2822
f 2808/2808/2808 2822/2822/2822 2821/2821/2821
f 2810/2810/2810 2811/2811/2811 2824/2824/2824
f 2810/2810/2810 2824/2824/2824 2823/2823/2823
f 2811/2811/2811 2812/2812/2812 2825/2825/2825
f 2811/2811/2811 2825/2825/2825 2824/2824/2824
f 2812/2812/2812 2813/2813/2813 2826/2826/2826
f 2812/2812/2812 2826/2826/2826 2825/2825/2825
f 2813/2813/2813 2814/2814/2814 2827/2827/2827
f 2813/2813/2813 2827/2827/2827 2826/2826/2826
f 2814/2814/2814 2815/2815/2815 2828/2828/2828
f 2814/2814/2814 2828/2828/2828 2827/2827/2827
f 2815/2815/2815 2816/2816/2816 2829/2829/2829
f 2815/2815/2815 2829/2829/2829 2828/2828/2828
f 2816/2816/2816 2817/2817/2817 2830/2830/2830
f 2816/2816/2816 2830/2830/2830 2829/2829/2829
f 2817/2817/2817 2818/2818/2818 2831/2831/2831
f 2817/2817/2817 2831/2831/2831 2830/2830/2830
f 2818/2818/2818 2819/2819/2819 2832/2832/2832
f 2818/2818/2818 2832/2832/2832 2831/2831/2831
f 2819/2819/2819 2820/2820/2820 2833/2833/2833
f 2819/2819/2819 2833/2833/2833 2832/2832/2832
f 2820/2820/2820 2821/2821/2821 2834/2834/2834
f 2820/2820/2820 2834/2834/2834 2833/2833/2833
f 2821/2821/2821 2822/2822/2822 2835/2835/2835
f 2821/2821/2821 2835/2835/2835 2834/2834/2834
f 2823/2823/2823 2824/2824/2824 2837/2837/2837
f 2823/2823/2823 2837/2837/2837 2836/2836/2836
f 2824/2824/2824 2825/2825/2825 2838/2838/2838
f 2824/2824/2824 2838/2838/2838 2837/2837/2837
f 2825/2825/2825 2826/2826/2826 2839/2839/2839
f 2825/2825/2825 2839/2839/2839 2838/2838/2838
f 2826/2826/2826 2827/2827/2827 2840/2840/2840
f 2826/2826/2826 2840/2840/2840 2839/2839/2839
f 2827/2827/2827 2828/2828/2828 2841/2841/2841
f 2827/2827/2827 2841/2841/2841 2840/2840/2840
f 2828/2828/2828 2829/2829/2829 2842/2842/2842
f 2828/2828/2828 2842/2842/2842 2841/2841/2841
f 2829/2829/2829 2830/2830/2830 2843/2843/2843
f 2829/2829/2829 2843/2843/2843 2842/2842/2842
f 2830/2830/2830 2831/2831/2831 2844/2844/2844
f 2830/2830/2830 2844/2844/2844 2843/2843/2843
f 2831/2831/2831 2832/2832/2832 2845/2845/2845
f 2831/2831/2831 2845/2845/2845 2844/2844/2844
f 2832/2832/2832 2833/2833/2833 2846/2846/2846
f 2832/2832/2832 2846/2846/2846 2845/2845/2845
f 2833/2833/2833 2834/2834/2834 2847/2847/2847
f 2833/2833/2833 2847/2847/2847 2846/2846/2846
f 2834/2834/2834 2835/2835/2835 2848/2848/2848
f 2834/2834/2834 2848/2848/2848 2847/2847/2847
f 2836/2836/2836 2837/2837/2837 2850/2850/2850
f 2836/2836/2836 2850/2850/2850 2849/2849/2849
f 2837/2837/2837 2838/2838/2838 2851/2851/2851
f 2837/2837/2837 2851/2851/2851 2850/2850/2850
f 2838/2838/2838 2839/2839/2839 2852/2852/2852
f 2838/2838/2838 2852/2852/2852 2851/2851/2851
f 2839/2839/2839 2840/2840/2840 2853/2853/2853
f 2839/2839/2839 2853/2853/2853 2852/2852/2852
f 2840/2840/2840 2841/2841/2841 2854/2854/2854
f 2840/2840/2840 2854/2854/2854 2853/2853/2853
f 2841/2841/2841 2842/2842/2842 2855/2855/2855
f 2841/2841/2841 2855/2855/2855 2854/2854/2854
f 2842/2842/2842 2843/2843/2843 2856/2856/2856
f 2842/2842/2842 2856/2856/2856 2855/2855/2855
f 2843/2843/2843 2844/2844/2844 2857/2857/2857
f 2843/2843/2843 2857/2857/2857 2856/2856/2856
f 2844/2844/2844 2845/2845/2845 2858/2858/2858
f 2844/2844/2844 2858/2858/2858 2857/2857/2857
f 2845/2845/2845 2846/2846/2846 2859/2859/2859
f 2845/2845/2845 2859/2859/2859 2858/2858/2858
f 2846/2846/2846 2847/2847/2847 2860/2860/2860
f 2846/2846/2846 2860/2860/2860 2859/2859/2859
f 2847/2847/2847 2848/2848/2848 2861/2861/2861
f 2847/2847/2847 2861/2861/2861 2860/2860/2860
f 2849/2849/2849 2850/2850/2850 2863/2863/2863
f 2849/2849/2849 2863/2863/2863 2862/2862/2862
f 2850/2850/2850 2851/2851/2851 2864/2864/2864
f 2850/2850/2850 2864/2864/2864 2863/2863/2863
f 2851/2851/2851 2852/2852/2852 2865/2865/2865
f 2851/2851/2851 2865/2865/2865 2864/2864/2864
f 2852/2852/2852 2853/2853/2853 2866/2866/2866
f 2852/2852/2852 2866/2866/2866 2865/2865/2865
f 2853/2853/2853 2854/2854/2854 2867/2867/2867
f 2853/2853/2853 2867/2867/2867 2866/2866/2866
f 2854/2854/2854 2855/2855/2855 2868/2868/2868
f 2854/2854/2854 2868/2868/2868 2867/2867/2867
f 2855/2855/2855 2856/2856/2856 2869/2869/2869
f 2855/2855/2855 2869/2869/2869 2868/2868/2868
f 2856/2856/2856 2857/2857/2857 2870/2870/2870
f 2856/2856/2856 2870/2870/2870 2869/2869/2869
f 2857/2857/2857 2858/2858/2858 2871/2871/2871
f 2857/2857/2857 2871/2871/2871 2870/2870/2870
f 2858/2858/2858 2859/2859/2859 2872/2872/2872
f 2858/2858/2858 2872/2872/2872 2871/2871/2871
f 2859/2859/2859 2860/2860/2860 2873/2873/2873
f 2859/2859/2859 2873/2873/2873 2872/2872/2872
f 2860/2860/2860 2861/2861/2861 2874/2874/2874
f 2860/2860/2860 2874/2874/2874 2873/2873/2873
f 2875/2875/2875 2759/2759/2759 2758/2758/2758
f 2875/2875/2875 2760/2760/2760 2759/2759/2759
f 2875/2875/2875 2761/2761/2761 2760/2760/2760
f 2875/2875/2875 2762/2762/2762 2761/2761/2761
f 2875/2875/2875 2763/2763/2763 2762/2762/2762
f 2875/2875/2875 2764/2764/2764 2763/2763/2763
f 2875/2875/2875 2765/2765/2765 2764/2764/2764
f 2875/2875/2875 2766/2766/2766 2765/2765/2765
f 2875/2875/2875 2767/2767/2767 2766/2766/2766
f 2875/2875/2875 2768/2768/2768 2767/2767/2767
f 2875/2875/2875 2769/2769/2769 2768/2768/2768
f 2875/2875/2875 2770/2770/2770 2769/2769/2769
f 2876/2876/2876 2862/2862/2862 2863/2863/2863
f 2876/2876/2876 2863/2863/2863 2864/2864/2864
f 2876/2876/2876 2864/2864/2864 2865/2865/2865
f 2876/2876/2876 2865/2865/2865 2866/2866/2866
f 2876/2876/2876 2866/2866/2866 2867/2867/2867
f 2876/2876/2876 2867/2867/2867 2868/2868/2868
f 2876/2876/2876 2868/2868/2868 2869/2869/2869
f 2876/2876/2876 2869/2869/2869 2870/2870/2870
f 2876/2876/2876 2870/2870/2870 2871/2871/2871
f 2876/2876/2876 2871/2871/2871 2872/2872/2872
f 2876/2876/2876 2872/2872/2872 2873/2873/2873
f 2876/2876/2876 2873/2873/2873 2874/2874/2874
o Palm_1
v 14.245059 36.483086 -18.270760
v 14.618359 36.602405 -18.270760
v 14.600089 36.602405 -18.509155
v 14.547065 36.602405 -18.724214
v 14.464480 36.602405 -18.894885
v 14.360415 36.602405 -19.004463
v 14.245059 36.602405 -19.042221
v 14.129703 36.602405 -19.004463
v 14.025639 36.602405 -18.894885
v 13.943053 36.602405 -18.724214
v 13.890030 36.602405 -18.509155
v 13.871759 36.602405 -18.270760
v 13.890030 36.602405 -18.032365
v 13.943053 36.602405 -17.817306
v 14.025639 36.602405 -17.646635
v 14.129703 36.602405 -17.537057
v 14.245059 36.602405 -17.499299
v 14.360415 36.602405 -17.537057
v 14.464480 36.602405 -17.646635
v 14.547065 36.602405 -17.817306
v 14.600089 36.602405 -18.032365
v 14.618359 36.602405 -18.270760
v 14.966220 36.952233 -18.270760
v 14.930924 36.952233 -18.731303
v 14.828490 36.952233 -19.146765
v 14.668947 36.952233 -19.476478
v 14.467910 36.952233 -19.688166
v 14.245059 36.952233 -19.761109
v 14.022208 36.952233 -19.688166
v 13.821172 36.952233 -19.476478
v 13.661628 36.952233 -19.146765
v 13.559195 36.952233 -18.731303
v 13.523899 36.952233 -18.270760
v 13.559195 36.952233 -17.810217
v 13.661628 36.952233 -17.394755
v 13.821172 36.952233 -17.065042
v 14.022208 36.952233 -16.853354
v 14.245059 36.952233 -16.780411
v 14.467910 36.952233 -16.853354
v 14.668947 36.952233 -17.065042
v 14.828490 36.952233 -17.394755
v 14.930924 36.952233 -17.810217
v 14.966220 36.952233 -18.270760
v 15.264934 37.508729 -18.270760
v 15.215018 37.508729 -18.922066
v 15.070155 37.508729 -19.509618
v 14.844527 37.508729 -19.975902
v 14.560218 37.508729 -20.275275
v 14.245059 37.508729 -20.378432
v 13.929901 37.508729 -20.275275
v 13.645592 37.508729 -19.975902
v 13.419963 37.508729 -19.509618
v 13.275101 37.508729 -18.922066
v 13.225184 37.508729 -18.270760
v 13.275101 37.508729 -17.619454
v 13.419963 37.508729 -17.031902
v 13.645592 37.508729 -16.565618
v 13.929901 37.508729 -16.266245
v 14.245059 37.508729 -16.163088
v 14.560218 37.508729 -16.266245
v 14.844527 37.508729 -16.565618
v 15.070155 37.508729 -17.031902
v 15.215018 37.508729 -17.619454
v 15.264934 37.508729 -18.270760
v 15.494146 38.233969 -18.270760
v 15.433011 38.233969 -19.068444
v 15.255591 38.233969 -19.788045
v 14.979254 38.233969 -20.359124
v 14.631048 38.233969 -20.725779
v 14.245059 38.233969 -20.852120
v 13.859070 38.233969 -20.725779
v 13.510865 38.233969 -20.359124
v 13.234527 38.233969 -19.788045
v 13.057107 38.233969 -19.068444
v 12.995973 38.233969 -18.270760
v 13.057107 38.233969 -17.473076
v 13.234527 38.233969 -16.753475
v 13.510865 38.233969 -16.182396
v 13.859070 38.233969 -15.815741
v 14.245059 38.233969 -15.689400
v 14.631048 38.233969 -15.815741
v 14.979254 38.233969 -16.182396
v 15.255591 38.233969 -16.753475
v 15.433011 38.233969 -17.473076
v 15.494146 38.233969 -18.270760
v 15.638234 39.078529 -18.270760
v 15.570047 39.078529 -19.160461
v 15.372161 39.078529 -19.963072
v 15.063947 39.078529 -20.600028
v 14.675574 39.078529 -21.008978
v 14.245059 39.078529 -21.149893
v 13.814544 39.078529 -21.008978
v 13.426171 39.078529 -20.600028
v 13.117957 39.078529 -19.963072
v 12.920071 39.078529 -19.160461
v 12.851884 39.078529 -18.270760
v 12.920071 39.078529 -17.381059
v 13.117957 39.078529 -16.578448
v 13.426171 39.078529 -15.941492
v 13.814544 39.078529 -15.532542
v 14.245059 39.078529 -15.391627
v 14.675574 39.078529 -15.532542
v 15.063947 39.078529 -15.941492
v 15.372161 39.078529 -16.578448
v 15.570047 39.078529 -17.381059
v 15.638234 39.078529 -18.270760
v 15.687380 39.984853 -18.270760
v 15.616788 39.984853 -19.191846
v 15.411921 39.984853 -20.022770
v 15.092834 39.984853 -20.682195
v 14.690761 39.984853 -21.105572
v 14.245059 39.984853 -21.251458
v 13.799358 39.984853 -21.105572
v 13.397284 39.984853 -20.682195
v 13.078197 39.984853 -20.022770
v 12.873331 39.984853 -19.191846
v 12.802738 39.984853 -18.270760
v 12.873331 39.984853 -17.349674
v 13.078197 39.984853 -16.518750
v 13.397284 39.984853 -15.859325
v 13.799358 39.984853 -15.435948
v 14.245059 39.984853 -15.290062
v 14.690761 39.984853 -15.435948
v 15.092834 39.984853 -15.859325
v 15.411921 39.984853 -16.518750
v 15.616788 39.984853 -17.349674
v 15.687380 39.984853 -18.270760
v 15.638234 40.891177 -18.270760
v 15.570047 40.891177 -19.160461
v 15.372161 40.891177 -19.963072
v 15.063947 40.891177 -20.600028
v 14.675574 40.891177 -21.008978
v 14.245059 40.891177 -21.149893
v 13.814544 40.891177 -21.008978
v 13.426171 40.891177 -20.600028
v 13.117957 40.891177 -19.963072
v 12.920071 40.891177 -19.160461
v 12.851884 40.891177 -18.270760
v 12.920071 40.891177 -17.381059
v 13.117957 40.891177 -16.578448
v 13.426171 40.891177 -15.941492
v 13.814544 40.891177 -15.532542
v 14.245059 40.891177 -15.391627
v 14.675574 40.891177 -15.532542
v 15.063947 40.891177 -15.941492
v 15.372161 40.891177 -16.578448
v 15.570047 40.891177 -17.381059
v 15.638234 40.891177 -18.270760
v 15.494146 41.735736 -18.270760
v 15.433011 41.735736 -19.068444
v 15.255591 41.735736 -19.788045
v 14.979254 41.735736 -20.359124
v 14.631048 41.735736 -20.725779
v 14.245059 41.735736 -20.852120
v 13.859070 41.735736 -20.725779
v 13.510865 41.735736 -20.359124
v 13.234527 41.735736 -19.788045
v 13.057107 41.735736 -19.068444
v 12.995973 41.735736 -18.270760
v 13.057107 41.735736 -17.473076
v 13.234527 41.735736 -16.753475
v 13.510865 41.735736 -16.182396
v 13.859070 41.735736 -15.815741
v 14.245059 41.735736 -15.689400
v 14.631048 41.735736 -15.815741
v 14.979254 41.735736 -16.182396
v 15.255591 41.735736 -16.753475
v 15.433011 41.735736 -17.473076
v 15.494146 41.735736 -18.270760
v 15.264934 42.460976 -18.270760
v 15.215018 42.460976 -18.922066
v 15.070155 42.460976 -19.509618
v 14.844527 42.460976 -19.975902
v 14.560218 42.460976 -20.275275
v 14.245059 42.460976 -20.378432
v 13.929901 42.460976 -20.275275
v 13.645592 42.460976 -19.975902
v 13.419963 42.460976 -19.509618
v 13.275101 42.460976 -18.922066
v 13.225184 42.460976 -18.270760
v 13.275101 42.460976 -17.619454
v 13.419963 42.460976 -17.031902
v 13.645592 42.460976 -16.565618
v 13.929901 42.460976 -16.266245
v 14.245059 42.460976 -16.163088
v 14.560218 42.460976 -16.266245
v 14.844527 42.460976 -16.565618
v 15.070155 42.460976 -17.031902
v 15.215018 42.460976 -17.619454
v 15.264934 42.460976 -18.270760
v 14.966220 43.017472 -18.270760
v 14.930924 43.017472 -18.731303
v 14.828490 43.017472 -19.146765
v 14.668947 43.017472 -19.476478
v 14.467910 43.017472 -19.688166
v 14.245059 43.017472 -19.761109
v 14.022208 43.017472 -19.688166
v 13.821172 43.017472 -19.476478
v 13.661628 43.017472 -19.146765
v 13.559195 43.017472 -18.731303
v 13.523899 43.017472 -18.270760
v 13.559195 43.017472 -17.810217
v 13.661628 43.017472 -17.394755
v 13.821172 43.017472 -17.065042
v 14.022208 43.017472 -16.853354
v 14.245059 43.017472 -16.780411
v 14.467910 43.017472 -16.853354
v 14.668947 43.017472 -17.065042
v 14.828490 43.017472 -17.394755
v 14.930924 43.017472 -17.810217
v 14.966220 43.017472 -18.270760
v 14.618359 43.367300 -18.270760
v 14.600089 43.367300 -18.509155
v 14.547065 43.367300 -18.724214
v 14.464480 43.367300 -18.894885
v 14.360415 43.367300 -19.004463
v 14.245059 43.367300 -19.042221
v 14.129703 43.367300 -19.004463
v 14.025639 43.367300 -18.894885
v 13.943053 43.367300 -18.724214
v 13.890030 43.367300 -18.509155
v 13.871759 43.367300 -18.270760
v 13.890030 43.367300 -18.032365
v 13.943053 43.367300 -17.817306
v 14.025639 43.367300 -17.646635
v 14.129703 43.367300 -17.537057
v 14.245059 43.367300 -17.499299
v 14.360415 43.367300 -17.537057
v 14.464480 43.367300 -17.646635
v 14.547065 43.367300 -17.817306
v 14.600089 43.367300 -18.032365
v 14.618359 43.367300 -18.270760
v 14.245059 43.486620 -18.270760
vt 0.5000000 0.6996875
vt 0.0865625 0.8056375
vt 0.1279062 0.8056375
vt 0.1692500 0.8056375
vt 0.2105938 0.8056375
vt 0.2519375 0.8056375
vt 0.2932813 0.8056375
vt 0.3346250 0.8056375
vt 0.3759688 0.8056375
vt 0.4173125 0.8056375
vt 0.4586563 0.8056375
vt 0.5000000 0.8056375
vt 0.5413438 0.8056375
vt 0.5826875 0.8056375
vt 0.6240313 0.8056375
vt 0.6653750 0.8056375
vt 0.7067187 0.8056375
vt 0.7480625 0.8056375
vt 0.7894062 0.8056375
vt 0.8307500 0.8056375
vt 0.8720937 0.8056375
vt 0.9134375 0.8056375
vt 0.0865625 0.7946797
vt 0.1279062 0.7946797
vt 0.1692500 0.7946797
vt 0.2105938 0.7946797
vt 0.2519375 0.7946797
vt 0.2932813 0.7946797
vt 0.3346250 0.7946797
vt 0.3759688 0.7946797
vt 0.4173125 0.7946797
vt 0.4586563 0.7946797
vt 0.5000000 0.7946797
vt 0.5413438 0.7946797
vt 0.5826875 0.7946797
vt 0.6240313 0.7946797
vt 0.6653750 0.7946797
vt 0.7067187 0.7946797
vt 0.7480625 0.7946797
vt 0.7894062 0.7946797
vt 0.8307500 0.7946797
vt 0.8720937 0.7946797
vt 0.9134375 0.7946797
vt 0.0865625 0.7772483
vt 0.1279062 0.7772483
vt 0.1692500 0.7772483
vt 0.2105938 0.7772483
vt 0.2519375 0.7772483
vt 0.2932813 0.7772483
vt 0.3346250 0.7772483
vt 0.3759688 0.7772483
vt 0.4173125 0.7772483
vt 0.4586563 0.7772483
vt 0.5000000 0.7772483
vt 0.5413438 0.7772483
vt 0.5826875 0.7772483
vt 0.6240313 0.7772483
vt 0.6653750 0.7772483
vt 0.7067187 0.7772483
vt 0.7480625 0.7772483
vt 0.7894062 0.7772483
vt 0.8307500 0.7772483
vt 0.8720937 0.7772483
vt 0.9134375 0.7772483
vt 0.0865625 0.7545312
vt 0.1279062 0.7545312
vt 0.1692500 0.7545312
vt 0.2105938 0.7545312
vt 0.2519375 0.7545312
vt 0.2932813 0.7545312
vt 0.3346250 0.7545312
vt 0.3759688 0.7545312
vt 0.4173125 0.7545312
vt 0.4586563 0.7545312
vt 0.5000000 0.7545312
vt 0.5413438 0.7545312
vt 0.5826875 0.7545312
vt 0.6240313 0.7545312
vt 0.6653750 0.7545312
vt 0.7067187 0.7545312
vt 0.7480625 0.7545312
vt 0.7894062 0.7545312
vt 0.8307500 0.7545312
vt 0.8720937 0.7545312
vt 0.9134375 0.7545312
vt 0.0865625 0.7280767
vt 0.1279062 0.7280767
vt 0.1692500 0.7280767
vt 0.2105938 0.7280767
vt 0.2519375 0.7280767
vt 0.2932813 0.7280767
vt 0.3346250 0.7280767
vt 0.3759688 0.7280767
vt 0.4173125 0.7280767
vt 0.4586563 0.7280767
vt 0.5000000 0.7280767
vt 0.5413438 0.7280767
vt 0.5826875 0.7280767
vt 0.6240313 0.7280767
vt 0.6653750 0.7280767
vt 0.7067187 0.7280767
vt 0.7480625 0.7280767
vt 0.7894062 0.7280767
vt 0.8307500 0.7280767
vt 0.8720937 0.7280767
vt 0.9134375 0.7280767
vt 0.0865625 0.6996875
vt 0.1279062 0.6996875
vt 0.1692500 0.6996875
vt 0.2105938 0.6996875
vt 0.2519375 0.6996875
vt 0.2932813 0.6996875
vt 0.3346250 0.6996875
vt 0.3759688 0.6996875
vt 0.4173125 0.6996875
vt 0.4586563 0.6996875
vt 0.5000000 0.6996875
vt 0.5413438 0.6996875
vt 0.5826875 0.6996875
vt 0.6240313 0.6996875
vt 0.6653750 0.6996875
vt 0.7067187 0.6996875
vt 0.7480625 0.6996875
vt 0.7894062 0.6996875
vt 0.8307500 0.6996875
vt 0.8720937 0.6996875
vt 0.9134375 0.6996875
vt 0.0865625 0.6712983
vt 0.1279062 0.6712983
vt 0.1692500 0.6712983
vt 0.2105938 0.6712983
vt 0.2519375 0.6712983
vt 0.2932813 0.6712983
vt 0.3346250 0.6712983
vt 0.3759688 0.6712983
vt 0.4173125 0.6712983
vt 0.4586563 0.6712983
vt 0.5000000 0.6712983
vt 0.5413438 0.6712983
vt 0.5826875 0.6712983
vt 0.6240313 0.6712983
vt 0.6653750 0.6712983
vt 0.7067187 0.6712983
vt 0.7480625 0.6712983
vt 0.7894062 0.6712983
vt 0.8307500 0.6712983
vt 0.8720937 0.6712983
vt 0.9134375 0.6712983
vt 0.0865625 0.6448438
vt 0.1279062 0.6448438
vt 0.1692500 0.6448438
vt 0.2105938 0.6448438
vt 0.2519375 0.6448438
vt 0.2932813 0.6448438
vt 0.3346250 0.6448438
vt 0.3759688 0.6448438
vt 0.4173125 0.6448438
vt 0.4586563 0.6448438
vt 0.5000000 0.6448438
vt 0.5413438 0.6448438
vt 0.5826875 0.6448438
vt 0.6240313 0.6448438
vt 0.6653750 0.6448438
vt 0.7067187 0.6448438
vt 0.7480625 0.6448438
vt 0.7894062 0.6448438
vt 0.8307500 0.6448438
vt 0.8720937 0.6448438
vt 0.9134375 0.6448438
vt 0.0865625 0.6221267
vt 0.1279062 0.6221267
vt 0.1692500 0.6221267
vt 0.2105938 0.6221267
vt 0.2519375 0.6221267
vt 0.2932813 0.6221267
vt 0.3346250 0.6221267
vt 0.3759688 0.6221267
vt 0.4173125 0.6221267
vt 0.4586563 0.6221267
vt 0.5000000 0.6221267
vt 0.5413438 0.6221267
vt 0.5826875 0.6221267
vt 0.6240313 0.6221267
vt 0.6653750 0.6221267
vt 0.7067187 0.6221267
vt 0.7480625 0.6221267
vt 0.7894062 0.6221267
vt 0.8307500 0.6221267
vt 0.8720937 0.6221267
vt 0.9134375 0.6221267
vt 0.0865625 0.6046953
vt 0.1279062 0.6046953
vt 0.1692500 0.6046953
vt 0.2105938 0.6046953
vt 0.2519375 0.6046953
vt 0.2932813 0.6046953
vt 0.3346250 0.6046953
vt 0.3759688 0.6046953
vt 0.4173125 0.6046953
vt 0.4586563 0.6046953
vt 0.5000000 0.6046953
vt 0.5413438 0.6046953
vt 0.5826875 0.6046953
vt 0.6240313 0.6046953
vt 0.6653750 0.6046953
vt 0.7067187 0.6046953
vt 0.7480625 0.6046953
vt 0.7894062 0.6046953
vt 0.8307500 0.6046953
vt 0.8720937 0.6046953
vt 0.9134375 0.6046953
vt 0.0865625 0.5937375
vt 0.1279062 0.5937375
vt 0.1692500 0.5937375
vt 0.2105938 0.5937375
vt 0.2519375 0.5937375
vt 0.2932813 0.5937375
vt 0.3346250 0.5937375
vt 0.3759688 0.5937375
vt 0.4173125 0.5937375
vt 0.4586563 0.5937375
vt 0.5000000 0.5937375
vt 0.5413438 0.5937375
vt 0.5826875 0.5937375
vt 0.6240313 0.5937375
vt 0.6653750 0.5937375
vt 0.7067187 0.5937375
vt 0.7480625 0.5937375
vt 0.7894062 0.5937375
vt 0.8307500 0.5937375
vt 0.8720937 0.5937375
vt 0.9134375 0.5937375
vt 0.5000000 0.6996875
vn 0.0000000 -1.0000000 0.0000000
vn 0.6066865 -0.7947027 -0.0194677
vn 0.5755395 -0.8101568 -0.1113565
vn 0.4965251 -0.8446351 -0.2001360
vn 0.3626343 -0.8893188 -0.2785830
vn 0.1740267 -0.9268561 -0.3326446
vn -0.0474352 -0.9369872 -0.3461284
vn -0.2594294 -0.9133066 -0.3139544
vn -0.4260982 -0.8701570 -0.2475219
vn -0.5361314 -0.8281672 -0.1634080
vn -0.5941415 -0.8010611 -0.0727802
vn -0.6066865 -0.7947027 0.0194677
vn -0.5755395 -0.8101568 0.1113565
vn -0.4965251 -0.8446351 0.2001360
vn -0.3626343 -0.8893188 0.2785830
vn -0.1740267 -0.9268561 0.3326446
vn 0.0474352 -0.9369872 0.3461284
vn 0.2594294 -0.9133066 0.3139544
vn 0.4260982 -0.8701570 0.2475219
vn 0.5361314 -0.8281672 0.1634080
vn 0.5941415 -0.8010611 0.0727802
vn 0.6066865 -0.7947027 -0.0194677
vn 0.8261896 -0.5632233 -0.0137972
vn 0.8015524 -0.5810640 -0.1409904
vn 0.7274462 -0.6287422 -0.2747824
vn 0.5776984 -0.7034270 -0.4140712
vn 0.3173225 -0.7832260 -0.5346620
vn -0.0412475 -0.8147615 -0.5783271
vn -0.3849287 -0.7676420 -0.5124018
vn -0.6189681 -0.6853239 -0.3836790
vn -0.7490165 -0.6157143 -0.2446839
vn -0.8106343 -0.5746146 -0.1126508
vn -0.8261896 -0.5632233 0.0137972
vn -0.8015524 -0.5810640 0.1409904
vn -0.7274462 -0.6287422 0.2747824
vn -0.5776984 -0.7034270 0.4140712
vn -0.3173225 -0.7832260 0.5346620
vn 0.0412475 -0.8147615 0.5783271
vn 0.3849287 -0.7676420 0.5124018
vn 0.6189681 -0.6853239 0.3836790
vn 0.7490165 -0.6157143 0.2446839
vn 0.8106343 -0.5746146 0.1126508
vn 0.8261896 -0.5632233 -0.0137972
vn 0.9276272 -0.3733953 -0.0091470
vn 0.9091582 -0.3873590 -0.1529193
vn 0.8482996 -0.4284153 -0.3112043
vn 0.7106714 -0.5007266 -0.4941852
vn 0.4268048 -0.5931597 -0.6826414
vn -0.0323587 -0.6391818 -0.7683746
vn -0.4745623 -0.5816859 -0.6606301
vn -0.7349957 -0.4896075 -0.4691117
vn -0.8594651 -0.4213890 -0.2893978
vn -0.9135501 -0.3841097 -0.1337386
vn -0.9276272 -0.3733953 0.0091470
vn -0.9091582 -0.3873590 0.1529193
vn -0.8482996 -0.4284153 0.3112043
vn -0.7106714 -0.5007266 0.4941852
vn -0.4268048 -0.5931597 0.6826414
vn 0.0323587 -0.6391818 0.7683746
vn 0.4745623 -0.5816859 0.6606301
vn 0.7349957 -0.4896075 0.4691117
vn 0.8594651 -0.4213890 0.2893978
vn 0.9135501 -0.3841097 0.1337386
vn 0.9276272 -0.3733953 -0.0091470
vn 0.9736449 -0.2280008 -0.0055853
vn 0.9587689 -0.2369842 -0.1568460
vn 0.9071672 -0.2648636 -0.3269478
vn 0.7831710 -0.3171893 -0.5348216
vn 0.4983809 -0.3919735 -0.7732873
vn -0.0220476 -0.4355056 -0.8999160
vn -0.5282850 -0.3862408 -0.7561303
vn -0.7966309 -0.3122806 -0.5175520
vn -0.9129009 -0.2619854 -0.3130106
vn -0.9609459 -0.2356995 -0.1450131
vn -0.9736449 -0.2280008 0.0055853
vn -0.9587689 -0.2369842 0.1568460
vn -0.9071672 -0.2648636 0.3269478
vn -0.7831710 -0.3171893 0.5348216
vn -0.4983809 -0.3919735 0.7732873
vn 0.0220476 -0.4355056 0.8999160
vn 0.5282850 -0.3862408 0.7561303
vn 0.7966309 -0.3122806 0.5175520
vn 0.9129009 -0.2619854 0.3130106
vn 0.9609459 -0.2356995 0.1450131
vn 0.9736449 -0.2280008 -0.0055853
vn 0.9941078 -0.1083638 -0.0026546
vn 0.9811269 -0.1126546 -0.1571588
vn 0.9346220 -0.1264369 -0.3324084
vn 0.8195264 -0.1531462 -0.5521981
vn 0.5397780 -0.1936970 -0.8192199
vn -0.0111249 -0.2197509 -0.9754926
vn -0.5541006 -0.1921953 -0.8099589
vn -0.8255472 -0.1519454 -0.5434928
vn -0.9370928 -0.1257587 -0.3256406
vn -0.9820495 -0.1123569 -0.1515081
vn -0.9941078 -0.1083638 0.0026546
vn -0.9811269 -0.1126546 0.1571588
vn -0.9346220 -0.1264369 0.3324084
vn -0.8195264 -0.1531462 0.5521981
vn -0.5397780 -0.1936970 0.8192199
vn 0.0111249 -0.2197509 0.9754926
vn 0.5541006 -0.1921953 0.8099589
vn 0.8255472 -0.1519454 0.5434928
vn 0.9370928 -0.1257587 0.3256406
vn 0.9820495 -0.1123569 0.1515081
vn 0.9941078 -0.1083638 -0.0026546
vn 1.0000000 -0.0000000 0.0000000
vn 0.9878648 -0.0000000 -0.1553165
vn 0.9433972 0.0000000 -0.3316649
vn 0.8323012 0.0000000 -0.5543237
vn 0.5574628 0.0000000 -0.8302019
vn -0.0000000 0.0000000 -1.0000000
vn -0.5574628 -0.0000000 -0.8302019
vn -0.8323012 0.0000000 -0.5543237
vn -0.9433972 0.0000000 -0.3316649
vn -0.9878648 -0.0000000 -0.1553165
vn -1.0000000 -0.0000000 -0.0000000
vn -0.9878648 0.0000000 0.1553165
vn -0.9433972 -0.0000000 0.3316649
vn -0.8323012 -0.0000000 0.5543237
vn -0.5574628 0.0000000 0.8302019
vn -0.0000000 0.0000000 1.0000000
vn 0.5574628 -0.0000000 0.8302019
vn 0.8323012 -0.0000000 0.5543237
vn 0.9433972 0.0000000 0.3316649
vn 0.9878648 0.0000000 0.1553165
vn 1.0000000 -0.0000000 0.0000000
vn 0.9941078 0.1083638 0.0026546
vn 0.9820495 0.1123569 -0.1515081
vn 0.9370928 0.1257587 -0.3256406
vn 0.8255472 0.1519454 -0.5434928
vn 0.5541006 0.1921953 -0.8099589
vn 0.0111249 0.2197509 -0.9754926
vn -0.5397780 0.1936970 -0.8192199
vn -0.8195264 0.1531462 -0.5521981
vn -0.9346220 0.1264369 -0.3324084
vn -0.9811269 0.1126546 -0.1571588
vn -0.9941078 0.1083638 -0.0026546
vn -0.9820495 0.1123569 0.1515081
vn -0.9370928 0.1257587 0.3256406
vn -0.8255472 0.1519454 0.5434928
vn -0.5541006 0.1921953 0.8099589
vn -0.0111249 0.2197509 0.9754926
vn 0.5397780 0.1936970 0.8192199
vn 0.8195264 0.1531462 0.5521981
vn 0.9346220 0.1264369 0.3324084
vn 0.9811269 0.1126546 0.1571588
vn 0.9941078 0.1083638 0.0026546
vn 0.9736449 0.2280008 0.0055853
vn 0.9609459 0.2356995 -0.1450131
vn 0.9129009 0.2619854 -0.3130106
vn 0.7966309 0.3122806 -0.5175520
vn 0.5282850 0.3862408 -0.7561303
vn 0.0220476 0.4355056 -0.8999160
vn -0.4983809 0.3919735 -0.7732873
vn -0.7831710 0.3171893 -0.5348216
vn -0.9071672 0.2648636 -0.3269478
vn -0.9587689 0.2369842 -0.1568460
vn -0.9736449 0.2280008 -0.0055853
vn -0.9609459 0.2356995 0.1450131
vn -0.9129009 0.2619854 0.3130106
vn -0.7966309 0.3122806 0.5175520
vn -0.5282850 0.3862408 0.7561303
vn -0.0220476 0.4355056 0.8999160
vn 0.4983809 0.3919735 0.7732873
vn 0.7831710 0.3171893 0.5348216
vn 0.9071672 0.2648636 0.3269478
vn 0.9587689 0.2369842 0.1568460
vn 0.9736449 0.2280008 0.0055853
vn 0.9276272 0.3733953 0.0091470
vn 0.9135501 0.3841097 -0.1337386
vn 0.8594651 0.4213890 -0.2893978
vn 0.7349957 0.4896075 -0.4691117
vn 0.4745623 0.5816859 -0.6606301
vn 0.0323587 0.6391818 -0.7683746
vn -0.4268048 0.5931597 -0.6826414
vn -0.7106714 0.5007266 -0.4941852
vn -0.8482996 0.4284153 -0.3112043
vn -0.9091582 0.3873590 -0.1529193
vn -0.9276272 0.3733953 -0.0091470
vn -0.9135501 0.3841097 0.1337386
vn -0.8594651 0.4213890 0.2893978
vn -0.7349957 0.4896075 0.4691117
vn -0.4745623 0.5816859 0.6606301
vn -0.0323587 0.6391818 0.7683746
vn 0.4268048 0.5931597 0.6826414
vn 0.7106714 0.5007266 0.4941852
vn 0.8482996 0.4284153 0.3112043
vn 0.9091582 0.3873590 0.1529193
vn 0.9276272 0.3733953 0.0091470
vn 0.8261896 0.5632233 0.0137972
vn 0.8106343 0.5746146 -0.1126508
vn 0.7490165 0.6157143 -0.2446839
vn 0.6189681 0.6853239 -0.3836790
vn 0.3849287 0.7676420 -0.5124018
vn 0.0412475 0.8147615 -0.5783271
vn -0.3173225 0.7832260 -0.5346620
vn -0.5776984 0.7034270 -0.4140712
vn -0.7274462 0.6287422 -0.2747824
vn -0.8015524 0.5810640 -0.1409904
vn -0.8261896 0.5632233 -0.0137972
vn -0.8106343 0.5746146 0.1126508
vn -0.7490165 0.6157143 0.2446839
vn -0.6189681 0.6853239 0.3836790
vn -0.3849287 0.7676420 0.5124018
vn -0.0412475 0.8147615 0.5783271
vn 0.3173225 0.7832260 0.5346620
vn 0.5776984 0.7034270 0.4140712
vn 0.7274462 0.6287422 0.2747824
vn 0.8015524 0.5810640 0.1409904
vn 0.8261896 0.5632233 0.0137972
vn 0.6066865 0.7947027 0.0194677
vn 0.5941415 0.8010611 -0.0727802
vn 0.5361314 0.8281672 -0.1634080
vn 0.4260982 0.8701570 -0.2475219
vn 0.2594294 0.9133066 -0.3139544
vn 0.0474352 0.9369872 -0.3461284
vn -0.1740267 0.9268561 -0.3326446
vn -0.3626343 0.8893188 -0.2785830
vn -0.4965251 0.8446351 -0.2001360
vn -0.5755395 0.8101568 -0.1113565
vn -0.6066865 0.7947027 -0.0194677
vn -0.5941415 0.8010611 0.0727802
vn -0.5361314 0.8281672 0.1634080
vn -0.4260982 0.8701570 0.2475219
vn -0.2594294 0.9133066 0.3139544
vn -0.0474352 0.9369872 0.3461284
vn 0.1740267 0.9268561 0.3326446
vn 0.3626343 0.8893188 0.2785830
vn 0.4965251 0.8446351 0.2001360
vn 0.5755395 0.8101568 0.1113565
vn 0.6066865 0.7947027 0.0194677
vn 0.0000000 1.0000000 0.0000000
s 1
f 2877/2877/2877 2879/2879/2879 2878/2878/2878
f 2877/2877/2877 2880/2880/2880 2879/2879/2879
f 2877/2877/2877 2881/2881/2881 2880/2880/2880
f 2877/2877/2877 2882/2882/2882 2881/2881/2881
f 2877/2877/2877 2883/2883/2883 2882/2882/2882
f 2877/2877/2877 2884/2884/2884 2883/2883/2883
f 2877/2877/2877 2885/2885/2885 2884/2884/2884
f 2877/2877/2877 2886/2886/2886 2885/2885/2885
f 2877/2877/2877 2887/2887/2887 2886/2886/2886
f 2877/2877/2877 2888/2888/2888 2887/2887/2887
f 2877/2877/2877 2889/2889/2889 2888/2888/2888
f 2877/2877/2877 2890/2890/2890 2889/2889/2889
f 2877/2877/2877 2891/2891/2891 2890/2890/2890
f 2877/2877/2877 2892/2892/2892 2891/2891/2891
f 2877/2877/2877 2893/2893/2893 2892/2892/2892
f 2877/2877/2877 2894/2894/2894 2893/2893/2893
f 2877/2877/2877 2895/2895/2895 2894/2894/2894
f 2877/2877/2877 2896/2896/2896 2895/2895/2895
f 2877/2877/2877 2897/2897/2897 2896/2896/2896
f 2877/2877/2877 2898/2898/2898 2897/2897/2897
f 2878/2878/2878 2879/2879/2879 2900/2900/2900
f 2878/2878/2878 2900/2900/2900 2899/2899/2899
f 2879/2879/2879 2880/2880/2880 2901/2901/2901
f 2879/2879/2879 2901/2901/2901 2900/2900/2900
f 2880/2880/2880 2881/2881/2881 2902/2902/2902
f 2880/2880/2880 2902/2902/2902 2901/2901/2901
f 2881/2881/2881 2882/2882/2882 2903/2903/2903
f 2881/2881/2881 2903/2903/2903 2902/2902/2902
f 2882/2882/2882 2883/2883/2883 2904/2904/2904
f 2882/2882/2882 2904/2904/2904 2903/2903/2903
f 2883/2883/2883 2884/2884/2884 2905/2905/2905
f 2883/2883/2883 2905/2905/2905 2904/2904/2904
f 2884/2884/2884 2885/2885/2885 2906/2906/2906
f 2884/2884/2884 2906/2906/2906 2905/2905/2905
f 2885/2885/2885 2886/2886/2886 2907/2907/2907
f 2885/2885/2885 2907/2907/2907 2906/2906/2906
f 2886/2886/2886 2887/2887/2887 2908/2908/2908
f 2886/2886/2886 2908/2908/2908 2907/2907/2907
f 2887/2887/2887 2888/2888/2888 2909/2909/2909
f 2887/2887/2887 2909/2909/2909 2908/2908/2908
f 2888/2888/2888 2889/2889/2889 2910/2910/2910
f 2888/2888/2888 2910/2910/2910 2909/2909/2909
f 2889/2889/2889 2890/2890/2890 2911/2911/2911
f 2889/2889/2889 2911/2911/2911 2910/2910/2910
f 2890/2890/2890 2891/2891/2891 2912/2912/2912
f 2890/2890/2890 2912/2912/2912 2911/2911/2911
f 2891/2891/2891 2892/2892/2892 2913/2913/2913
f 2891/2891/2891 2913/2913/2913 2912/2912/2912
f 2892/2892/2892 2893/2893/2893 2914/2914/2914
f 2892/2892/2892 2914/2914/2914 2913/2913/2913
f 2893/2893/2893 2894/2894/2894 2915/2915/2915
f 2893/2893/2893 2915/2915/2915 2914/2914/2914
f 2894/2894/2894 2895/2895/2895 2916/2916/2916
f 2894/2894/2894 2916/2916/2916 2915/2915/2915
f 2895/2895/2895 2896/2896/2896 2917/2917/2917
f 2895/2895/2895 2917/2917/2917 2916/2916/2916
f 2896/2896/2896 2897/2897/2897 2918/2918/2918
f 2896/2896/2896 2918/2918/2918 2917/2917/2917
f 2897/2897/2897 2898/2898/2898 2919/2919/2919
f 2897/2897/2897 2919/2919/2919 2918/2918/2918
f 2899/2899/2899 2900/2900/2900 2921/2921/2921
f 2899/2899/2899 2921/2921/2921 2920/2920/2920
f 2900/2900/2900 2901/2901/2901 2922/2922/2922
f 2900/2900/2900 2922/2922/2922 2921/2921/2921
f 2901/2901/2901 2902/2902/2902 2923/2923/2923
f 2901/2901/2901 2923/2923/2923 2922/2922/2922
f 2902/2902/2902 2903/2903/2903 2924/2924/2924
f 2902/2902/2902 2924/2924/2924 2923/2923/2923
f 2903/2903/2903 2904/2904/2904 2925/2925/2925
f 2903/2903/2903 2925/2925/2925 2924/2924/2924
f 2904/2904/2904 2905/2905/2905 2926/2926/2926
f 2904/2904/2904 2926/2926/2926 2925/2925/2925
f 2905/2905/2905 2906/2906/2906 2927/2927/2927
f 2905/2905/2905 2927/2927/2927 2926/2926/2926
f 2906/2906/2906 2907/2907/2907 2928/2928/2928
f 2906/2906/2906 2928/2928/2928 2927/2927/2927
f 2907/2907/2907 2908/2908/2908 2929/2929/2929
f 2907/2907/2907 2929/2929/2929 2928/2928/2928
f 2908/2908/2908 2909/2909/2909 2930/2930/2930
f 2908/2908/2908 2930/2930/2930 2929/2929/2929
f 2909/2909/2909 2910/2910/2910 2931/2931/2931
f 2909/2909/2909 2931/2931/2931 2930/2930/2930
f 2910/2910/2910 2911/2911/2911 2932/2932/2932
f 2910/2910/2910 2932/2932/2932 2931/2931/2931
f 2911/2911/2911 2912/2912/2912 2933/2933/2933
f 2911/2911/2911 2933/2933/2933 2932/2932/2932
f 2912/2912/2912 2913/2913/2913 2934/2934/2934
f 2912/2912/2912 2934/2934/2934 2933/2933/2933
f 2913/2913/2913 2914/2914/2914 2935/2935/2935
f 2913/2913/2913 2935/2935/2935 2934/2934/2934
f 2914/2914/2914 2915/2915/2915 2936/2936/2936
f 2914/2914/2914 2936/2936/2936 2935/2935/2935
f 2915/2915/2915 2916/2916/2916 2937/2937/2937
f 2915/2915/2915 2937/2937/2937 2936/2936/2936
f 2916/2916/2916 2917/2917/2917 2938/2938/2938
f 2916/2916/2916 2938/2938/2938 2937/2937/2937
f 2917/2917/2917 2918/2918/2918 2939/2939/2939
f 2917/2917/2917 2939/2939/2939 2938/2938/2938
f 2918/2918/2918 2919/2919/2919 2940/2940/2940
f 2918/2918/2918 2940/2940/2940 2939/2939/2939
f 2920/2920/2920 2921/2921/2921 2942/2942/2942
f 2920/2920/2920 2942/2942/2942 2941/2941/2941
f 2921/2921/2921 2922/2922/2922 2943/2943/2943
f 2921/2921/2921 2943/2943/2943 2942/2942/2942
f 2922/2922/2922 2923/2923/2923 2944/2944/2944
f 2922/2922/2922 2944/2944/2944 2943/2943/2943
f 2923/2923/2923 2924/2924/2924 2945/2945/2945
f 2923/2923/2923 2945/2945/2945 2944/2944/2944
f 2924/2924/2924 2925/2925/2925 2946/2946/2946
f 2924/2924/2924 2946/2946/2946 2945/2945/2945
f 2925/2925/2925 2926/2926/2926 2947/2947/2947
f 2925/2925/2925 2947/2947/2947 2946/2946/2946
f 2926/2926/2926 2927/2927/2927 2948/2948/2948
f 2926/2926/2926 2948/2948/2948 2947/2947/2947
f 2927/2927/2927 2928/2928/2928 2949/2949/2949
f 2927/2927/2927 2949/2949/2949 2948/2948/2948
f 2928/2928/2928 2929/2929/2929 2950/2950/2950
f 2928/2928/2928 2950/2950/2950 2949/2949/2949
f 2929/2929/2929 2930/2930/2930 2951/2951/2951
f 2929/2929/2929 2951/2951/2951 2950/2950/2950
f 2930/2930/2930 2931/2931/2931 2952/2952/2952
f 2930/2930/2930 2952/2952/2952 2951/2951/2951
f 2931/2931/2931 2932/2932/2932 2953/2953/2953
f 2931/2931/2931 2953/2953/2953 2952/2952/2952
f 2932/2932/2932 2933/2933/2933 2954/2954/2954
f 2932/2932/2932 2954/2954/2954 2953/2953/2953
f 2933/2933/2933 2934/2934/2934 2955/2955/2955
f 2933/2933/2933 2955/2955/2955 2954/2954/2954
f 2934/2934/2934 2935/2935/2935 2956/2956/2956
f 2934/2934/2934 2956/2956/2956 2955/2955/2955
f 2935/2935/2935 2936/2936/2936 2957/2957/2957
f 2935/2935/2935 2957/2957/2957 2956/2956/2956
f 2936/2936/2936 2937/2937/2937 2958/2958/2958
f 2936/2936/2936 2958/2958/2958 2957/2957/2957
f 2937/2937/2937 2938/2938/2938 2959/2959/2959
f 2937/2937/2937 2959/2959/2959 2958/2958/2958
f 2938/2938/2938 2939/2939/2939 2960/2960/2960
f 2938/2938/2938 2960/2960/2960 2959/2959/2959
f 2939/2939/2939 2940/2940/2940 2961/2961/2961
f 2939/2939/2939 2961/2961/2961 2960/2960/2960
f 2941/2941/2941 2942/2942/2942 2963/2963/2963
f 2941/2941/2941 2963/2963/2963 2962/2962/2962
f 2942/2942/2942 2943/2943/2943 2964/2964/2964
f 2942/2942/2942 2964/2964/2964 2963/2963/2963
f 2943/2943/2943 2944/2944/2944 2965/2965/2965
f 2943/2943/2943 2965/2965/2965 2964/2964/2964
f 2944/2944/2944 2945/2945/2945 2966/2966/2966
f 2944/2944/2944 2966/2966/2966 2965/2965/2965
f 2945/2945/2945 2946/2946/2946 2967/2967/2967
f 2945/2945/2945 2967/2967/2967 2966/2966/2966
f 2946/2946/2946 2947/2947/2947 2968/2968/2968
f 2946/2946/2946 2968/2968/2968 2967/2967/2967
f 2947/2947/2947 2948/2948/2948 2969/2969/2969
f 2947/2947/2947 2969/2969/2969 2968/2968/2968
f 2948/2948/2948 2949/2949/2949 2970/2970/2970
f 2948/2948/2948 2970/2970/2970 2969/2969/2969
f 2949/2949/2949 2950/2950/2950 2971/2971/2971
f 2949/2949/2949 2971/2971/2971 2970/2970/2970
f 2950/2950/2950 2951/2951/2951 2972/2972/2972
f 2950/2950/2950 2972/2972/2972 2971/2971/2971
f 2951/2951/2951 2952/2952/2952 2973/2973/2973
f 2951/2951/2951 2973/2973/2973 2972/2972/2972
f 2952/2952/2952 2953/2953/2953 2974/2974/2974
f 2952/2952/2952 2974/2974/2974 2973/2973/2973
f 2953/2953/2953 2954/2954/2954 2975/2975/2975
f 2953/2953/2953 2975/2975/2975 2974/2974/2974
f 2954/2954/2954 2955/2955/2955 2976/2976/2976
f 2954/2954/2954 2976/2976/2976 2975/2975/2975
f 2955/2955/2955 2956/2956/2956 2977/2977/2977
f 2955/2955/2955 2977/2977/2977 2976/2976/2976
f 2956/2956/2956 2957/2957/2957 2978/2978/2978
f 2956/2956/2956 2978/2978/2978 2977/2977/2977
f 2957/2957/2957 2958/2958/2958 2979/2979/2979
f 2957/2957/2957 2979/2979/2979 2978/2978/2978
f 2958/2958/2958 2959/2959/2959 2980/2980/2980
f 2958/2958/2958 2980/2980/2980 2979/2979/2979
f 2959/2959/2959 2960/2960/2960 2981/2981/2981
f 2959/2959/2959 2981/2981/2981 2980/2980/2980
f 2960/2960/2960 2961/2961/2961 2982/2982/2982
f 2960/2960/2960 2982/2982/2982 2981/2981/2981
f 2962/2962/2962 2963/2963/2963 2984/2984/2984
f 2962/2962/2962 2984/2984/2984 2983/2983/2983
f 2963/2963/2963 2964/2964/2964 2985/2985/2985
f 2963/2963/2963 2985/2985/2985 2984/2984/2984
f 2964/2964/2964 2965/2965/2965 2986/2986/2986
f 2964/2964/2964 2986/2986/2986 2985/2985/2985
f 2965/2965/2965 2966/2966/2966 2987/2987/2987
f 2965/2965/2965 2987/2987/2987 2986/2986/2986
f 2966/2966/2966 2967/2967/2967 2988/2988/2988
f 2966/2966/2966 2988/2988/2988 2987/2987/2987
f 2967/2967/2967 2968/2968/2968 2989/2989/2989
f 2967/2967/2967 2989/2989/2989 2988/2988/2988
f 2968/2968/2968 2969/2969/2969 2990/2990/2990
f 2968/2968/2968 2990/2990/2990 2989/2989/2989
f 2969/2969/2969 2970/2970/2970 2991/2991/2991
f 2969/2969/2969 2991/2991/2991 2990/2990/2990
f 2970/2970/2970 2971/2971/2971 2992/2992/2992
f 2970/2970/2970 2992/2992/2992 2991/2991/2991
f 2971/2971/2971 2972/2972/2972 2993/2993/2993
f 2971/2971/2971 2993/2993/2993 2992/2992/2992
f 2972/2972/2972 2973/2973/2973 2994/2994/2994
f 2972/2972/2972 2994/2994/2994 2993/2993/2993
f 2973/2973/2973 2974/2974/2974 2995/2995/2995
f 2973/2973/2973 2995/2995/2995 2994/2994/2994
f 2974/2974/2974 2975/2975/2975 2996/2996/2996
f 2974/2974/2974 2996/2996/2996 2995/2995/2995
f 2975/2975/2975 2976/2976/2976 2997/2997/2997
f 2975/2975/2975 2997/2997/2997 2996/2996/2996
f 2976/2976/2976 2977/2977/2977 2998/2998/2998
f 2976/2976/2976 2998/2998/2998 2997/2997/2997
f 2977/2977/2977 2978/2978/2978 2999/2999/2999
f 2977/2977/2977 2999/2999/2999 2998/2998/2998
f 2978/2978/2978 2979/2979/2979 3000/3000/3000
f 2978/2978/2978 3000/3000/3000 2999/2999/2999
f 2979/2979/2979 2980/2980/2980 3001/3001/3001
f 2979/2979/2979 3001/3001/3001 3000/3000/3000
f 2980/2980/2980 2981/2981/2981 3002/3002/3002
f 2980/2980/2980 3002/3002/3002 3001/3001/3001
f 2981/2981/2981 2982/2982/2982 3003/3003/3003
f 2981/2981/2981 3003/3003/3003 3002/3002/3002
f 2983/2983/2983 2984/2984/2984 3005/3005/3005
f 2983/2983/2983 3005/3005/3005 3004/3004/3004
f 2984/2984/2984 2985/2985/2985 3006/3006/3006
f 2984/2984/2984 3006/3006/3006 3005/3005/3005
f 2985/2985/2985 2986/2986/2986 3007/3007/3007
f 2985/2985/2985 3007/3007/3007 3006/3006/3006
f 2986/2986/2986 2987/2987/2987 3008/3008/3008
f 2986/2986/2986 3008/3008/3008 3007/3007/3007
f 2987/2987/2987 2988/2988/2988 3009/3009/3009
f 2987/2987/2987 3009/3009/3009 3008/3008/3008
f 2988/2988/2988 2989/2989/2989 3010/3010/3010
f 2988/2988/2988 3010/3010/3010 3009/3009/3009
f 2989/2989/2989 2990/2990/2990 3011/3011/3011
f 2989/2989/2989 3011/3011/3011 3010/3010/3010
f 2990/2990/2990 2991/2991/2991 3012/3012/3012
f 2990/2990/2990 3012/3012/3012 3011/3011/3011
f 2991/2991/2991 2992/2992/2992 3013/3013/3013
f 2991/2991/2991 3013/3013/3013 3012/3012/3012
f 2992/2992/2992 2993/2993/2993 3014/3014/3014
f 2992/2992/2992 3014/3014/3014 3013/3013/3013
f 2993/2993/2993 2994/2994/2994 3015/3015/3015
f 2993/2993/2993 3015/3015/3015 3014/3014/3014
f 2994/2994/2994 2995/2995/2995 3016/3016/3016
f 2994/2994/2994 3016/3016/3016 3015/3015/3015
f 2995/2995/2995 2996/2996/2996 3017/3017/3017
f 2995/2995/2995 3017/3017/3017 3016/3016/3016
f 2996/2996/2996 2997/2997/2997 3018/3018/3018
f 2996/2996/2996 3018/3018/3018 3017/3017/3017
f 2997/2997/2997 2998/2998/2998 3019/3019/3019
f 2997/2997/2997 3019/3019/3019 3018/3018/3018
f 2998/2998/2998 2999/2999/2999 3020/3020/3020
f 2998/2998/2998 3020/3020/3020 3019/3019/3019
f 2999/2999/2999 3000/3000/3000 3021/3021/3021
f 2999/2999/2999 3021/3021/3021 3020/3020/3020
f 3000/3000/3000 3001/3001/3001 3022/3022/3022
f 3000/3000/3000 3022/3022/3022 3021/3021/3021
f 3001/3001/3001 3002/3002/3002 3023/3023/3023
f 3001/3001/3001 3023/3023/3023 3022/3022/3022
f 3002/3002/3002 3003/3003/3003 3024/3024/3024
f 3002/3002/3002 3024/3024/3024 3023/3023/3023
f 3004/3004/3004 3005/3005/3005 3026/3026/3026
f 3004/3004/3004 3026/3026/3026 3025/3025/3025
f 3005/3005/3005 3006/3006/3006 3027/3027/3027
f 3005/3005/3005 3027/3027/3027 3026/3026/3026
f 3006/3006/3006 3007/3007/3007 3028/3028/3028
f 3006/3006/3006 3028/3028/3028 3027/3027/3027
f 3007/3007/3007 3008/3008/3008 3029/3029/3029
f 3007/3007/3007 3029/3029/3029 3028/3028/3028
f 3008/3008/3008 3009/3009/3009 3030/3030/3030
f 3008/3008/3008 3030/3030/3030 3029/3029/3029
f 3009/3009/3009 3010/3010/3010 3031/3031/3031
f 3009/3009/3009 3031/3031/3031 3030/3030/3030
f 3010/3010/3010 3011/3011/3011 3032/3032/3032
f 3010/3010/3010 3032/3032/3032 3031/3031/3031
f 3011/3011/3011 3012/3012/3012 3033/3033/3033
f 3011/3011/3011 3033/3033/3033 3032/3032/3032
f 3012/3012/3012 3013/3013/3013 3034/3034/3034
f 3012/3012/3012 3034/3034/3034 3033/3033/3033
f 3013/3013/3013 3014/3014/3014 3035/3035/3035
f 3013/3013/3013 3035/3035/3035 3034/3034/3034
f 3014/3014/3014 3015/3015/3015 3036/3036/3036
f 3014/3014/3014 3036/3036/3036 3035/3035/3035
f 3015/3015/3015 3016/3016/3016 3037/3037/3037
f 3015/3015/3015 3037/3037/3037 3036/3036/3036
f 3016/3016/3016 3017/3017/3017 3038/3038/3038
f 3016/3016/3016 3038/3038/3038 3037/3037/3037
f 3017/3017/3017 3018/3018/3018 3039/3039/3039
f 3017/3017/3017 3039/3039/3039 3038/3038/3038
f 3018/3018/3018 3019/3019/3019 3040/3040/3040
f 3018/3018/3018 3040/3040/3040 3039/3039/3039
f 3019/3019/3019 3020/3020/3020 3041/3041/3041
f 3019/3019/3019 3041/3041/3041 3040/3040/3040
f 3020/3020/3020 3021/3021/3021 3042/3042/3042
f 3020/3020/3020 3042/3042/3042 3041/3041/3041
f 3021/3021/3021 3022/3022/3022 3043/3043/3043
f 3021/3021/3021 3043/3043/3043 3042/3042/3042
f 3022/3022/3022 3023/3023/3023 3044/3044/3044
f 3022/3022/3022 3044/3044/3044 3043/3043/3043
f 3023/3023/3023 3024/3024/3024 3045/3045/3045
f 3023/3023/3023 3045/3045/3045 3044/3044/3044
f 3025/3025/3025 3026/3026/3026 3047/3047/3047
f 3025/3025/3025 3047/3047/3047 3046/3046/3046
f 3026/3026/3026 3027/3027/3027 3048/3048/3048
f 3026/3026/3026 3048/3048/3048 3047/3047/3047
f 3027/3027/3027 3028/3028/3028 3049/3049/3049
f 3027/3027/3027 3049/3049/3049 3048/3048/3048
f 3028/3028/3028 3029/3029/3029 3050/3050/3050
f 3028/3028/3028 3050/3050/3050 3049/3049/3049
f 3029/3029/3029 3030/3030/3030 3051/3051/3051
f 3029/3029/3029 3051/3051/3051 3050/3050/3050
f 3030/3030/3030 3031/3031/3031 3052/3052/3052
f 3030/3030/3030 3052/3052/3052 3051/3051/3051
f 3031/3031/3031 3032/3032/3032 3053/3053/3053
f 3031/3031/3031 3053/3053/3053 3052/3052/3052
f 3032/3032/3032 3033/3033/3033 3054/3054/3054
f 3032/3032/3032 3054/3054/3054 3053/3053/3053
f 3033/3033/3033 3034/3034/3034 3055/3055/3055
f 3033/3033/3033 3055/3055/3055 3054/3054/3054
f 3034/3034/3034 3035/3035/3035 3056/3056/3056
f 3034/3034/3034 3056/3056/3056 3055/3055/3055
f 3035/3035/3035 3036/3036/3036 3057/3057/3057
f 3035/3035/3035 3057/3057/3057 3056/3056/3056
f 3036/3036/3036 3037/3037/3037 3058/3058/3058
f 3036/3036/3036 3058/3058/3058 3057/3057/3057
f 3037/3037/3037 3038/3038/3038 3059/3059/3059
f 3037/3037/3037 3059/3059/3059 3058/3058/3058
f 3038/3038/3038 3039/3039/3039 3060/3060/3060
f 3038/3038/3038 3060/3060/3060 3059/3059/3059
f 3039/3039/3039 3040/3040/3040 3061/3061/3061
f 3039/3039/3039 3061/3061/3061 3060/3060/3060
f 3040/3040/3040 3041/3041/3041 3062/3062/3062
f 3040/3040/3040 3062/3062/3062 3061/3061/3061
f 3041/3041/3041 3042/3042/3042 3063/3063/3063
f 3041/3041/3041 3063/3063/3063 3062/3062/3062
f 3042/3042/3042 3043/3043/3043 3064/3064/3064
f 3042/3042/3042 3064/3064/3064 3063/3063/3063
f 3043/3043/3043 3044/3044/3044 3065/3065/3065
f 3043/3043/3043 3065/3065/3065 3064/3064/3064
f 3044/3044/3044 3045/3045/3045 3066/3066/3066
f 3044/3044/3044 3066/3066/3066 3065/3065/3065
f 3046/3046/3046 3047/3047/3047 3068/3068/3068
f 3046/3046/3046 3068/3068/3068 3067/3067/3067
f 3047/3047/3047 3048/3048/3048 3069/3069/3069
f 3047/3047/3047 3069/3069/3069 3068/3068/3068
f 3048/3048/3048 3049/3049/3049 3070/3070/3070
f 3048/3048/3048 3070/3070/3070 3069/3069/3069
f 3049/3049/3049 3050/3050/3050 3071/3071/3071
f 3049/3049/3049 3071/3071/3071 3070/3070/3070
f 3050/3050/3050 3051/3051/3051 3072/3072/3072
f 3050/3050/3050 3072/3072/3072 3071/3071/3071
f 3051/3051/3051 3052/3052/3052 3073/3073/3073
f 3051/3051/3051 3073/3073/3073 3072/3072/3072
f 3052/3052/3052 3053/3053/3053 3074/3074/3074
f 3052/3052/3052 3074/3074/3074 3073/3073/3073
f 3053/3053/3053 3054/3054/3054 3075/3075/3075
f 3053/3053/3053 3075/3075/3075 3074/3074/3074
f 3054/3054/3054 3055/3055/3055 3076/3076/3076
f 3054/3054/3054 3076/3076/3076 3075/3075/3075
f 3055/3055/3055 3056/3056/3056 3077/3077/3077
f 3055/3055/3055 3077/3077/3077 3076/3076/3076
f 3056/3056/3056 3057/3057/3057 3078/3078/3078
f 3056/3056/3056 3078/3078/3078 3077/3077/3077
f 3057/3057/3057 3058/3058/3058 3079/3079/3079
f 3057/3057/3057 3079/3079/3079 3078/3078/3078
f 3058/3058/3058 3059/3059/3059 3080/3080/3080
f 3058/3058/3058 3080/3080/3080 3079/3079/3079
f 3059/3059/3059 3060/3060/3060 3081/3081/3081
f 3059/3059/3059 3081/3081/3081 3080/3080/3080
f 3060/3060/3060 3061/3061/3061 3082/3082/3082
f 3060/3060/3060 3082/3082/3082 3081/3081/3081
f 3061/3061/3061 3062/3062/3062 3083/3083/3083
f 3061/3061/3061 3083/3083/3083 3082/3082/3082
f 3062/3062/3062 3063/3063/3063 3084/3084/3084
f 3062/3062/3062 3084/3084/3084 3083/3083/3083
f 3063/3063/3063 3064/3064/3064 3085/3085/3085
f 3063/3063/3063 3085/3085/3085 3084/3084/3084
f 3064/3064/3064 3065/3065/3065 3086/3086/3086
f 3064/3064/3064 3086/3086/3086 3085/3085/3085
f 3065/3065/3065 3066/3066/3066 3087/3087/3087
f 3065/3065/3065 3087/3087/3087 3086/3086/3086
f 3067/3067/3067 3068/3068/3068 3089/3089/3089
f 3067/3067/3067 3089/3089/3089 3088/3088/3088
f 3068/3068/3068 3069/3069/3069 3090/3090/3090
f 3068/3068/3068 3090/3090/3090 3089/3089/3089
f 3069/3069/3069 3070/3070/3070 3091/3091/3091
f 3069/3069/3069 3091/3091/3091 3090/3090/3090
f 3070/3070/3070 3071/3071/3071 3092/3092/3092
f 3070/3070/3070 3092/3092/3092 3091/3091/3091
f 3071/3071/3071 3072/3072/3072 3093/3093/3093
f 3071/3071/3071 3093/3093/3093 3092/3092/3092
f 3072/3072/3072 3073/3073/3073 3094/3094/3094
f 3072/3072/3072 3094/3094/3094 3093/3093/3093
f 3073/3073/3073 3074/3074/3074 3095/3095/3095
f 3073/3073/3073 3095/3095/3095 3094/3094/3094
f 3074/3074/3074 3075/3075/3075 3096/3096/3096
f 3074/3074/3074 3096/3096/3096 3095/3095/3095
f 3075/3075/3075 3076/3076/3076 3097/3097/3097
f 3075/3075/3075 3097/3097/3097 3096/3096/3096
f 3076/3076/3076 3077/3077/3077 3098/3098/3098
f 3076/3076/3076 3098/3098/3098 3097/3097/3097
f 3077/3077/3077 3078/3078/3078 3099/3099/3099
f 3077/3077/3077 3099/3099/3099 3098/3098/3098
f 3078/3078/3078 3079/3079/3079 3100/3100/3100
f 3078/3078/3078 3100/3100/3100 3099/3099/3099
f 3079/3079/3079 3080/3080/3080 3101/3101/3101
f 3079/3079/3079 3101/3101/3101 3100/3100/3100
f 3080/3080/3080 3081/3081/3081 3102/3102/3102
f 3080/3080/3080 3102/3102/3102 3101/3101/3101
f 3081/3081/3081 3082/3082/3082 3103/3103/3103
f 3081/3081/3081 3103/3103/3103 3102/3102/3102
f 3082/3082/3082 3083/3083/3083 3104/3104/3104
f 3082/3082/3082 3104/3104/3104 3103/3103/3103
f 3083/3083/3083 3084/3084/3084 3105/3105/3105
f 3083/3083/3083 3105/3105/3105 3104/3104/3104
f 3084/3084/3084 3085/3085/3085 3106/3106/3106
f 3084/3084/3084 3106/3106/3106 3105/3105/3105
f 3085/3085/3085 3086/3086/3086 3107/3107/3107
f 3085/3085/3085 3107/3107/3107 3106/3106/3106
f 3086/3086/3086 3087/3087/3087 3108/3108/3108
f 3086/3086/3086 3108/3108/3108 3107/3107/3107
f 3088/3088/3088 3089/3089/3089 3109/3109/3109
f 3089/3089/3089 3090/3090/3090 3109/3109/3109
f 3090/3090/3090 3091/3091/3091 3109/3109/3109
f 3091/3091/3091 3092/3092/3092 3109/3109/3109
f 3092/3092/3092 3093/3093/3093 3109/3109/3109
f 3093/3093/3093 3094/3094/3094 3109/3109/3109
f 3094/3094/3094 3095/3095/3095 3109/3109/3109
f 3095/3095/3095 3096/3096/3096 3109/3109/3109
f 3096/3096/3096 3097/3097/3097 3109/3109/3109
f 3097/3097/3097 3098/3098/3098 3109/3109/3109
f 3098/3098/3098 3099/3099/3099 3109/3109/3109
f 3099/3099/3099 3100/3100/3100 3109/3109/3109
f 3100/3100/3100 3101/3101/3101 3109/3109/3109
f 3101/3101/3101 3102/3102/3102 3109/3109/3109
f 3102/3102/3102 3103/3103/3103 3109/3109/3109
f 3103/3103/3103 3104/3104/3104 3109/3109/3109
f 3104/3104/3104 3105/3105/3105 3109/3109/3109
f 3105/3105/3105 3106/3106/3106 3109/3109/3109
f 3106/3106/3106 3107/3107/3107 3109/3109/3109
f 3107/3107/3107 3108/3108/3108 3109/3109/3109
o Finger_1_0
v 14.935180 40.905817 -16.194917
v 14.823573 40.831434 -15.592725
v 14.554128 40.651856 -15.343289
v 14.284683 40.472278 -15.592725
v 14.173076 40.397895 -16.194917
v 14.284683 40.472278 -16.797109
v 14.554128 40.651856 -17.046545
v 14.823573 40.831434 -16.797109
v 14.935180 40.905817 -16.194917
v 15.318350 39.260432 -16.194917
v 15.213327 39.200936 -15.639771
v 14.959781 39.057301 -15.409822
v 14.706234 38.913666 -15.639771
v 14.601212 38.854171 -16.194917
v 14.706234 38.913666 -16.750062
v 14.959781 39.057301 -16.980011
v 15.213327 39.200936 -16.750062
v 15.318350 39.260432 -16.194917
v 15.604962 37.316840 -16.194917
v 15.508403 37.316840 -15.713163
v 15.275288 37.316840 -15.513614
v 15.042174 37.316840 -15.713163
v 14.945615 37.316840 -16.194917
v 15.042174 37.316840 -16.676670
v 15.275288 37.316840 -16.876219
v 15.508403 37.316840 -16.676670
v 15.604962 37.316840 -16.194917
v 15.138259 36.235892 -16.194917
v 15.085984 36.320503 -15.826074
v 14.959781 36.524773 -15.673295
v 14.833578 36.729043 -15.826074
v 14.781303 36.813654 -16.194917
v 14.833578 36.729043 -16.563759
v 14.959781 36.524773 -16.716539
v 15.085984 36.320503 -16.563759
v 15.138259 36.235892 -16.194917
v 14.646133 35.888979 -16.194917
v 14.619185 35.965309 -15.923930
v 14.554128 36.149584 -15.811684
v 14.489071 36.333859 -15.923930
v 14.462123 36.410188 -16.194917
v 14.489071 36.333859 -16.465903
v 14.554128 36.149584 -16.578149
v 14.619185 35.965309 -16.465903
v 14.646133 35.888979 -16.194917
v 14.554128 40.651856 -16.194917
v 14.554128 36.149584 -16.194917
vt 0.0078125 0.9921875
vt 0.0078125 0.9160156
vt 0.0078125 0.8398438
vt 0.0078125 0.7636719
vt 0.0078125 0.6875000
vt 0.0078125 0.6113281
vt 0.0078125 0.5351562
vt 0.0078125 0.4589844
vt 0.0078125 0.3828125
vt 0.2539062 0.9921875
vt 0.2539062 0.9160156
vt 0.2539062 0.8398438
vt 0.2539062 0.7636719
vt 0.2539062 0.6875000
vt 0.2539062 0.6113281
vt 0.2539062 0.5351562
vt 0.2539062 0.4589844
vt 0.2539062 0.3828125
vt 0.5000000 0.9921875
vt 0.5000000 0.9160156
vt 0.5000000 0.8398438
vt 0.5000000 0.7636719
vt 0.5000000 0.6875000
vt 0.5000000 0.6113281
vt 0.5000000 0.5351562
vt 0.5000000 0.4589844
vt 0.5000000 0.3828125
vt 0.7460938 0.9921875
vt 0.7460938 0.9160156
vt 0.7460938 0.8398438
vt 0.7460938 0.7636719
vt 0.7460938 0.6875000
vt 0.7460938 0.6113281
vt 0.7460938 0.5351562
vt 0.7460938 0.4589844
vt 0.7460938 0.3828125
vt 0.9921875 0.9921875
vt 0.9921875 0.9160156
vt 0.9921875 0.8398438
vt 0.9921875 0.7636719
vt 0.9921875 0.6875000
vt 0.9921875 0.6113281
vt 0.9921875 0.5351562
vt 0.9921875 0.4589844
vt 0.9921875 0.3828125
vt 0.0078125 0.6875000
vt 0.9921875 0.6875000
vn 0.9138009 0.4002993 0.0687630
vn 0.7106452 0.4103533 0.5714837
vn -0.3904161 0.1936109 0.9000501
vn -0.9396821 -0.0590276 0.3369173
vn -0.9933544 -0.0970105 -0.0619360
vn -0.8619126 -0.0122627 -0.5069086
vn 0.0639098 0.3209507 -0.9449371
vn 0.8307559 0.4077672 -0.3789070
vn 0.9138009 0.4002993 0.0687630
vn 0.9826760 0.1852680 -0.0048551
vn 0.8860139 0.1642189 0.4336029
vn 0.0522214 -0.0308700 0.9981583
vn -0.8577680 -0.2211765 0.4640204
vn -0.9698978 -0.2433200 0.0096742
vn -0.8678843 -0.2287027 -0.4409896
vn 0.0157047 -0.0572278 -0.9982376
vn 0.8818064 0.1528416 -0.4461579
vn 0.9826760 0.1852680 -0.0048551
vn 0.9987081 -0.0413875 -0.0294831
vn 0.9196688 -0.0168731 0.3923322
vn 0.1790359 -0.0302838 0.9833763
vn -0.8528343 -0.0772121 0.5164417
vn -0.9943654 -0.0959546 0.0450568
vn -0.9135423 -0.1139691 -0.3904504
vn -0.1207816 -0.1579418 -0.9800338
vn 0.8722631 -0.0861131 -0.4813954
vn 0.9987081 -0.0413875 -0.0294831
vn 0.8389787 -0.5435245 -0.0263801
vn 0.7475475 -0.4940512 0.4439439
vn 0.0158651 -0.1662346 0.9859586
vn -0.7851754 0.3390103 0.5182390
vn -0.8930627 0.4496264 0.0165892
vn -0.8245558 0.3420633 -0.4506666
vn -0.2493178 -0.1362254 -0.9587926
vn 0.6543413 -0.5366613 -0.5327590
vn 0.8389787 -0.5435245 -0.0263801
vn 0.3226437 -0.9400459 -0.1105203
vn 0.2024729 -0.8721548 0.4453659
vn -0.3918673 -0.3759187 0.8397173
vn -0.8197831 0.2389008 0.5204634
vn -0.8991960 0.4287807 0.0871423
vn -0.8749504 0.3576315 -0.3264375
vn -0.6487725 -0.0656523 -0.7581451
vn -0.0036787 -0.7443830 -0.6677428
vn 0.3226437 -0.9400459 -0.1105203
vn -0.5545892 0.8321243 -0.0000000
vn -0.9429601 -0.3329057 -0.0000000
s 1
f 3110/3110/3110 3111/3111/3111 3120/3120/3120
f 3110/3110/3110 3120/3120/3120 3119/3119/3119
f 3111/3111/3111 3112/3112/3112 3121/3121/3121
f 3111/3111/3111 3121/3121/3121 3120/3120/3120
f 3112/3112/3112 3113/3113/3113 3122/3122/3122
f 3112/3112/3112 3122/3122/3122 3121/3121/3121
f 3113/3113/3113 3114/3114/3114 3123/3123/3123
f 3113/3113/3113 3123/3123/3123 3122/3122/3122
f 3114/3114/3114 3115/3115/3115 3124/3124/3124
f 3114/3114/3114 3124/3124/3124 3123/3123/3123
f 3115/3115/3115 3116/3116/3116 3125/3125/3125
f 3115/3115/3115 3125/3125/3125 3124/3124/3124
f 3116/3116/3116 3117/3117/3117 3126/3126/3126
f 3116/3116/3116 3126/3126/3126 3125/3125/3125
f 3117/3117/3117 3118/3118/3118 3127/3127/3127
f 3117/3117/3117 3127/3127/3127 3126/3126/3126
f 3119/3119/3119 3120/3120/3120 3129/3129/3129
f 3119/3119/3119 3129/3129/3129 3128/3128/3128
f 3120/3120/3120 3121/3121/3121 3130/3130/3130
f 3120/3120/3120 3130/3130/3130 3129/3129/3129
f 3121/3121/3121 3122/3122/3122 3131/3131/3131
f 3121/3121/3121 3131/3131/3131 3130/3130/3130
f 3122/3122/3122 3123/3123/3123 3132/3132/3132
f 3122/3122/3122 3132/3132/3132 3131/3131/3131
f 3123/3123/3123 3124/3124/3124 3133/3133/3133
f 3123/3123/3123 3133/3133/3133 3132/3132/3132
f 3124/3124/3124 3125/3125/3125 3134/3134/3134
f 3124/3124/3124 3134/3134/3134 3133/3133/3133
f 3125/3125/3125 3126/3126/3126 3135/3135/3135
f 3125/3125/3125 3135/3135/3135 3134/3134/3134
f 3126/3126/3126 3127/3127/3127 3136/3136/3136
f 3126/3126/3126 3136/3136/3136 3135/3135/3135
f 3128/3128/3128 3129/3129/3129 3138/3138/3138
f 3128/3128/3128 3138/3138/3138 3137/3137/3137
f 3129/3129/3129 3130/3130/3130 3139/3139/3139
f 3129/3129/3129 3139/3139/3139 3138/3138/3138
f 3130/3130/3130 3131/3131/3131 3140/3140/3140
f 3130/3130/3130 3140/3140/3140 3139/3139/3139
f 3131/3131/3131 3132/3132/3132 3141/3141/3141
f 3131/3131/3131 3141/3141/3141 3140/3140/3140
f 3132/3132/3132 3133/3133/3133 3142/3142/3142
f 3132/3132/3132 3142/3142/3142 3141/3141/3141
f 3133/3133/3133 3134/3134/3134 3143/3143/3143
f 3133/3133/3133 3143/3143/3143 3142/3142/3142
f 3134/3134/3134 3135/3135/3135 3144/3144/3144
f 3134/3134/3134 3144/3144/3144 3143/3143/3143
f 3135/3135/3135 3136/3136/3136 3145/3145/3145
f 3135/3135/3135 3145/3145/3145 3144/3144/3144
f 3137/3137/3137 3138/3138/3138 3147/3147/3147
f 3137/3137/3137 3147/3147/3147 3146/3146/3146
f 3138/3138/3138 3139/3139/3139 3148/3148/3148
f 3138/3138/3138 3148/3148/3148 3147/3147/3147
f 3139/3139/3139 3140/3140/3140 3149/3149/3149
f 3139/3139/3139 3149/3149/3149 3148/3148/3148
f 3140/3140/3140 3141/3141/3141 3150/3150/3150
f 3140/3140/3140 3150/3150/3150 3149/3149/3149
f 3141/3141/3141 3142/3142/3142 3151/3151/3151
f 3141/3141/3141 3151/3151/3151 3150/3150/3150
f 3142/3142/3142 3143/3143/3143 3152/3152/3152
f 3142/3142/3142 3152/3152/3152 3151/3151/3151
f 3143/3143/3143 3144/3144/3144 3153/3153/3153
f 3143/3143/3143 3153/3153/3153 3152/3152/3152
f 3144/3144/3144 3145/3145/3145 3154/3154/3154
f 3144/3144/3144 3154/3154/3154 3153/3153/3153
f 3155/3155/3155 3111/3111/3111 3110/3110/3110
f 3155/3155/3155 3112/3112/3112 3111/3111/3111
f 3155/3155/3155 3113/3113/3113 3112/3112/3112
f 3155/3155/3155 3114/3114/3114 3113/3113/3113
f 3155/3155/3155 3115/3115/3115 3114/3114/3114
f 3155/3155/3155 3116/3116/3116 3115/3115/3115
f 3155/3155/3155 3117/3117/3117 3116/3116/3116
f 3155/3155/3155 3118/3118/3118 3117/3117/3117
f 3156/3156/3156 3146/3146/3146 3147/3147/3147
f 3156/3156/3156 3147/3147/3147 3148/3148/3148
f 3156/3156/3156 3148/3148/3148 3149/3149/3149
f 3156/3156/3156 3149/3149/3149 3150/3150/3150
f 3156/3156/3156 3150/3150/3150 3151/3151/3151
f 3156/3156/3156 3151/3151/3151 3152/3152/3152
f 3156/3156/3156 3152/3152/3152 3153/3153/3153
f 3156/3156/3156 3153/3153/3153 3154/3154/3154
o Nail_1_0
v 14.554128 36.483086 -15.726521
v 14.402212 36.281904 -15.960719
v 14.402212 36.281904 -16.429114
v 14.554128 36.483086 -16.663312
v 14.706044 36.684267 -16.429114
v 14.706044 36.684267 -15.960719
v 14.554128 36.483086 -15.726521
v 15.017731 35.565956 -15.939428
v 14.934868 35.456221 -16.067173
v 14.934868 35.456221 -16.322661
v 15.017731 35.565956 -16.450405
v 15.100595 35.675691 -16.322661
v 15.100595 35.675691 -16.067173
v 15.017731 35.565956 -15.939428
v 15.481334 34.648827 -16.152335
v 15.467524 34.630537 -16.173626
v 15.467524 34.630537 -16.216207
v 15.481334 34.648827 -16.237498
v 15.495145 34.667116 -16.216207
v 15.495145 34.667116 -16.173626
v 15.481334 34.648827 -16.152335
v 14.554128 36.483086 -16.194917
v 15.481334 34.648827 -16.194917
vt 0.6132812 0.1679688
vt 0.6132812 0.1412760
vt 0.6132812 0.1145833
vt 0.6132812 0.0878906
vt 0.6132812 0.0611979
vt 0.6132812 0.0345052
vt 0.6132812 0.0078125
vt 0.6992188 0.1679688
vt 0.6992188 0.1412760
vt 0.6992188 0.1145833
vt 0.6992188 0.0878906
vt 0.6992188 0.0611979
vt 0.6992188 0.0345052
vt 0.6992188 0.0078125
vt 0.7851562 0.1679688
vt 0.7851562 0.1412760
vt 0.7851562 0.1145833
vt 0.7851562 0.0878906
vt 0.7851562 0.0611979
vt 0.7851562 0.0345052
vt 0.7851562 0.0078125
vt 0.6132812 0.0878906
vt 0.7851562 0.0878906
vn -0.3151310 0.0012196 0.9490474
vn -0.9054623 -0.3630713 0.2198118
vn -0.8664494 -0.3348121 -0.3703596
vn 0.0623387 0.1969961 -0.9784204
vn 0.8212798 0.5180496 -0.2390065
vn 0.7662365 0.4998187 0.4038104
vn -0.3151310 0.0012196 0.9490474
vn 0.4032340 -0.0085935 0.9150566
vn -0.7301382 -0.5270815 0.4348371
vn -0.8067715 -0.5487125 -0.2191675
vn -0.0697118 -0.2588848 -0.9633893
vn 0.8719863 0.3003132 -0.3865900
vn 0.9200984 0.3392800 0.1957242
vn 0.4032340 -0.0085935 0.9150566
vn 0.6555279 0.1510084 0.7399186
vn -0.6084637 -0.4829867 0.6296791
vn -0.8311832 -0.5518801 -0.0675493
vn -0.4082497 -0.4056997 -0.8177652
vn 0.7908426 0.2433274 -0.5615691
vn 0.9334182 0.3536326 0.0606171
vn 0.6555279 0.1510084 0.7399186
vn -0.7980344 0.6026119 -0.0000000
vn 0.7980344 -0.6026119 -0.0000000
s 1
f 3157/3157/3157 3158/3158/3158 3165/3165/3165
f 3157/3157/3157 3165/3165/3165 3164/3164/3164
f 3158/3158/3158 3159/3159/3159 3166/3166/3166
f 3158/3158/3158 3166/3166/3166 3165/3165/3165
f 3159/3159/3159 3160/3160/3160 3167/3167/3167
f 3159/3159/3159 3167/3167/3167 3166/3166/3166
f 3160/3160/3160 3161/3161/3161 3168/3168/3168
f 3160/3160/3160 3168/3168/3168 3167/3167/3167
f 3161/3161/3161 3162/3162/3162 3169/3169/3169
f 3161/3161/3161 3169/3169/3169 3168/3168/3168
f 3162/3162/3162 3163/3163/3163 3170/3170/3170
f 3162/3162/3162 3170/3170/3170 3169/3169/3169
f 3164/3164/3164 3165/3165/3165 3172/3172/3172
f 3164/3164/3164 3172/3172/3172 3171/3171/3171
f 3165/3165/3165 3166/3166/3166 3173/3173/3173
f 3165/3165/3165 3173/3173/3173 3172/3172/3172
f 3166/3166/3166 3167/3167/3167 3174/3174/3174
f 3166/3166/3166 3174/3174/3174 3173/3173/3173
f 3167/3167/3167 3168/3168/3168 3175/3175/3175
f 3167/3167/3167 3175/3175/3175 3174/3174/3174
f 3168/3168/3168 3169/3169/3169 3176/3176/3176
f 3168/3168/3168 3176/3176/3176 3175/3175/3175
f 3169/3169/3169 3170/3170/3170 3177/3177/3177
f 3169/3169/3169 3177/3177/3177 3176/3176/3176
f 3178/3178/3178 3158/3158/3158 3157/3157/3157
f 3178/3178/3178 3159/3159/3159 3158/3158/3158
f 3178/3178/3178 3160/3160/3160 3159/3159/3159
f 3178/3178/3178 3161/3161/3161 3160/3160/3160
f 3178/3178/3178 3162/3162/3162 3161/3161/3161
f 3178/3178/3178 3163/3163/3163 3162/3162/3162
f 3179/3179/3179 3171/3171/3171 3172/3172/3172
f 3179/3179/3179 3172/3172/3172 3173/3173/3173
f 3179/3179/3179 3173/3173/3173 3174/3174/3174
f 3179/3179/3179 3174/3174/3174 3175/3175/3175
f 3179/3179/3179 3175/3175/3175 3176/3176/3176
f 3179/3179/3179 3176/3176/3176 3177/3177/3177
o Finger_1_1
v 14.935180 40.905817 -17.578812
v 14.823573 40.831434 -16.976620
v 14.554128 40.651856 -16.727184
v 14.284683 40.472278 -16.976620
v 14.173076 40.397895 -17.578812
v 14.284683 40.472278 -18.181004
v 14.554128 40.651856 -18.430440
v 14.823573 40.831434 -18.181004
v 14.935180 40.905817 -17.578812
v 15.318350 39.260432 -17.578812
v 15.213327 39.200936 -17.023667
v 14.959781 39.057301 -16.793718
v 14.706234 38.913666 -17.023667
v 14.601212 38.854171 -17.578812
v 14.706234 38.913666 -18.133958
v 14.959781 39.057301 -18.363907
v 15.213327 39.200936 -18.133958
v 15.318350 39.260432 -17.578812
v 15.604962 37.316840 -17.578812
v 15.508403 37.316840 -17.097059
v 15.275288 37.316840 -16.897510
v 15.042174 37.316840 -17.097059
v 14.945615 37.316840 -17.578812
v 15.042174 37.316840 -18.060566
v 15.275288 37.316840 -18.260115
v 15.508403 37.316840 -18.060566
v 15.604962 37.316840 -17.578812
v 15.138259 36.235892 -17.578812
v 15.085984 36.320503 -17.209970
v 14.959781 36.524773 -17.057190
v 14.833578 36.729043 -17.209970
v 14.781303 36.813654 -17.578812
v 14.833578 36.729043 -17.947655
v 14.959781 36.524773 -18.100434
v 15.085984 36.320503 -17.947655
v 15.138259 36.235892 -17.578812
v 14.646133 35.888979 -17.578812
v 14.619185 35.965309 -17.307826
v 14.554128 36.149584 -17.195580
v 14.489071 36.333859 -17.307826
v 14.462123 36.410188 -17.578812
v 14.489071 36.333859 -17.849799
v 14.554128 36.149584 -17.962045
v 14.619185 35.965309 -17.849799
v 14.646133 35.888979 -17.578812
v 14.554128 40.651856 -17.578812
v 14.554128 36.149584 -17.578812
vt 0.0078125 0.9921875
vt 0.0078125 0.9160156
vt 0.0078125 0.8398438
vt 0.0078125 0.7636719
vt 0.0078125 0.6875000
vt 0.0078125 0.6113281
vt 0.0078125 0.5351562
vt 0.0078125 0.4589844
vt 0.0078125 0.3828125
vt 0.2539062 0.9921875
vt 0.2539062 0.9160156
vt 0.2539062 0.8398438
vt 0.2539062 0.7636719
vt 0.2539062 0.6875000
vt 0.2539062 0.6113281
vt 0.2539062 0.5351562
vt 0.2539062 0.4589844
vt 0.2539062 0.3828125
vt 0.5000000 0.9921875
vt 0.5000000 0.9160156
vt 0.5000000 0.8398438
vt 0.5000000 0.7636719
vt 0.5000000 0.6875000
vt 0.5000000 0.6113281
vt 0.5000000 0.5351562
vt 0.5000000 0.4589844
vt 0.5000000 0.3828125
vt 0.7460938 0.9921875
vt 0.7460938 0.9160156
vt 0.7460938 0.8398438
vt 0.7460938 0.7636719
vt 0.7460938 0.6875000
vt 0.7460938 0.6113281
vt 0.7460938 0.5351562
vt 0.7460938 0.4589844
vt 0.7460938 0.3828125
vt 0.9921875 0.9921875
vt 0.9921875 0.9160156
vt 0.9921875 0.8398438
vt 0.9921875 0.7636719
vt 0.9921875 0.6875000
vt 0.9921875 0.6113281
vt 0.9921875 0.5351562
vt 0.9921875 0.4589844
vt 0.9921875 0.3828125
vt 0.0078125 0.6875000
vt 0.9921875 0.6875000
vn 0.9138009 0.4002993 0.0687630
vn 0.7106452 0.4103533 0.5714837
vn -0.3904161 0.1936109 0.9000501
vn -0.9396821 -0.0590276 0.3369173
vn -0.9933544 -0.0970105 -0.0619360
vn -0.8619126 -0.0122627 -0.5069086
vn 0.0639098 0.3209507 -0.9449371
vn 0.8307559 0.4077672 -0.3789070
vn 0.9138009 0.4002993 0.0687630
vn 0.9826760 0.1852680 -0.0048551
vn 0.8860139 0.1642189 0.4336029
vn 0.0522214 -0.0308700 0.9981583
vn -0.8577680 -0.2211765 0.4640204
vn -0.9698978 -0.2433200 0.0096742
vn -0.8678843 -0.2287027 -0.4409896
vn 0.0157047 -0.0572278 -0.9982376
vn 0.8818064 0.1528416 -0.4461579
vn 0.9826760 0.1852680 -0.0048551
vn 0.9987081 -0.0413875 -0.0294831
vn 0.9196688 -0.0168731 0.3923322
vn 0.1790359 -0.0302838 0.9833763
vn -0.8528343 -0.0772121 0.5164417
vn -0.9943654 -0.0959546 0.0450568
vn -0.9135423 -0.1139691 -0.3904504
vn -0.1207816 -0.1579418 -0.9800338
vn 0.8722631 -0.0861131 -0.4813954
vn 0.9987081 -0.0413875 -0.0294831
vn 0.8389787 -0.5435245 -0.0263801
vn 0.7475475 -0.4940512 0.4439439
vn 0.0158651 -0.1662346 0.9859586
vn -0.7851754 0.3390103 0.5182390
vn -0.8930627 0.4496264 0.0165892
vn -0.8245558 0.3420633 -0.4506666
vn -0.2493178 -0.1362254 -0.9587926
vn 0.6543413 -0.5366613 -0.5327590
vn 0.8389787 -0.5435245 -0.0263801
vn 0.3226437 -0.9400459 -0.1105203
vn 0.2024729 -0.8721548 0.4453659
vn -0.3918673 -0.3759187 0.8397173
vn -0.8197831 0.2389008 0.5204634
vn -0.8991960 0.4287807 0.0871423
vn -0.8749504 0.3576315 -0.3264375
vn -0.6487725 -0.0656523 -0.7581451
vn -0.0036787 -0.7443830 -0.6677428
vn 0.3226437 -0.9400459 -0.1105203
vn -0.5545892 0.8321243 -0.0000000
vn -0.9429601 -0.3329057 -0.0000000
s 1
f 3180/3180/3180 3181/3181/3181 3190/3190/3190
f 3180/3180/3180 3190/3190/3190 3189/3189/3189
f 3181/3181/3181 3182/3182/3182 3191/3191/3191
f 3181/3181/3181 3191/3191/3191 3190/3190/3190
f 3182/3182/3182 3183/3183/3183 3192/3192/3192
f 3182/3182/3182 3192/3192/3192 3191/3191/3191
f 3183/3183/3183 3184/3184/3184 3193/3193/3193
f 3183/3183/3183 3193/3193/3193 3192/3192/3192
f 3184/3184/3184 3185/3185/3185 3194/3194/3194
f 3184/3184/3184 3194/3194/3194 3193/3193/3193
f 3185/3185/3185 3186/3186/3186 3195/3195/3195
f 3185/3185/3185 3195/3195/3195 3194/3194/3194
f 3186/3186/3186 3187/3187/3187 3196/3196/3196
f 3186/3186/3186 3196/3196/3196 3195/3195/3195
f 3187/3187/3187 3188/3188/3188 3197/3197/3197
f 3187/3187/3187 3197/3197/3197 3196/3196/3196
f 3189/3189/3189 3190/3190/3190 3199/3199/3199
f 3189/3189/3189 3199/3199/3199 3198/3198/3198
f 3190/3190/3190 3191/3191/3191 3200/3200/3200
f 3190/3190/3190 3200/3200/3200 3199/3199/3199
f 3191/3191/3191 3192/3192/3192 3201/3201/3201
f 3191/3191/3191 3201/3201/3201 3200/3200/3200
f 3192/3192/3192 3193/3193/3193 3202/3202/3202
f 3192/3192/3192 3202/3202/3202 3201/3201/3201
f 3193/3193/3193 3194/3194/3194 3203/3203/3203
f 3193/3193/3193 3203/3203/3203 3202/3202/3202
f 3194/3194/3194 3195/3195/3195 3204/3204/3204
f 3194/3194/3194 3204/3204/3204 3203/3203/3203
f 3195/3195/3195 3196/3196/3196 3205/3205/3205
f 3195/3195/3195 3205/3205/3205 3204/3204/3204
f 3196/3196/3196 3197/3197/3197 3206/3206/3206
f 3196/3196/3196 3206/3206/3206 3205/3205/3205
f 3198/3198/3198 3199/3199/3199 3208/3208/3208
f 3198/3198/3198 3208/3208/3208 3207/3207/3207
f 3199/3199/3199 3200/3200/3200 3209/3209/3209
f 3199/3199/3199 3209/3209/3209 3208/3208/3208
f 3200/3200/3200 3201/3201/3201 3210/3210/3210
f 3200/3200/3200 3210/3210/3210 3209/3209/3209
f 3201/3201/3201 3202/3202/3202 3211/3211/3211
f 3201/3201/3201 3211/3211/3211 3210/3210/3210
f 3202/3202/3202 3203/3203/3203 3212/3212/3212
f 3202/3202/3202 3212/3212/3212 3211/3211/3211
f 3203/3203/3203 3204/3204/3204 3213/3213/3213
f 3203/3203/3203 3213/3213/3213 3212/3212/3212
f 3204/3204/3204 3205/3205/3205 3214/3214/3214
f 3204/3204/3204 3214/3214/3214 3213/3213/3213
f 3205/3205/3205 3206/3206/3206 3215/3215/3215
f 3205/3205/3205 3215/3215/3215 3214/3214/3214
f 3207/3207/3207 3208/3208/3208 3217/3217/3217
f 3207/3207/3207 3217/3217/3217 3216/3216/3216
f 3208/3208/3208 3209/3209/3209 3218/3218/3218
f 3208/3208/3208 3218/3218/3218 3217/3217/3217
f 3209/3209/3209 3210/3210/3210 3219/3219/3219
f 3209/3209/3209 3219/3219/3219 3218/3218/3218
f 3210/3210/3210 3211/3211/3211 3220/3220/3220
f 3210/3210/3210 3220/3220/3220 3219/3219/3219
f 3211/3211/3211 3212/3212/3212 3221/3221/3221
f 3211/3211/3211 3221/3221/3221 3220/3220/3220
f 3212/3212/3212 3213/3213/3213 3222/3222/3222
f 3212/3212/3212 3222/3222/3222 3221/3221/3221
f 3213/3213/3213 3214/3214/3214 3223/3223/3223
f 3213/3213/3213 3223/3223/3223 3222/3222/3222
f 3214/3214/3214 3215/3215/3215 3224/3224/3224
f 3214/3214/3214 3224/3224/3224 3223/3223/3223
f 3225/3225/3225 3181/3181/3181 3180/3180/3180
f 3225/3225/3225 3182/3182/3182 3181/3181/3181
f 3225/3225/3225 3183/3183/3183 3182/3182/3182
f 3225/3225/3225 3184/3184/3184 3183/3183/3183
f 3225/3225/3225 3185/3185/3185 3184/3184/3184
f 3225/3225/3225 3186/3186/3186 3185/3185/3185
f 3225/3225/3225 3187/3187/3187 3186/3186/3186
f 3225/3225/3225 3188/3188/3188 3187/3187/3187
f 3226/3226/3226 3216/3216/3216 3217/3217/3217
f 3226/3226/3226 3217/3217/3217 3218/3218/3218
f 3226/3226/3226 3218/3218/3218 3219/3219/3219
f 3226/3226/3226 3219/3219/3219 3220/3220/3220
f 3226/3226/3226 3220/3220/3220 3221/3221/3221
f 3226/3226/3226 3221/3221/3221 3222/3222/3222
f 3226/3226/3226 3222/3222/3222 3223/3223/3223
f 3226/3226/3226 3223/3223/3223 3224/3224/3224
o Nail_1_1
v 14.554128 36.483086 -17.110417
v 14.402212 36.281904 -17.344615
v 14.402212 36.281904 -17.813010
v 14.554128 36.483086 -18.047208
v 14.706044 36.684267 -17.813010
v 14.706044 36.684267 -17.344615
v 14.554128 36.483086 -17.110417
v 15.017731 35.565956 -17.323324
v 14.934868 35.456221 -17.451068
v 14.934868 35.456221 -17.706556
v 15.017731 35.565956 -17.834301
v 15.100595 35.675691 -17.706556
v 15.100595 35.675691 -17.451068
v 15.017731 35.565956 -17.323324
v 15.481334 34.648827 -17.536231
v 15.467524 34.630537 -17.557522
v 15.467524 34.630537 -17.600103
v 15.481334 34.648827 -17.621394
v 15.495145 34.667116 -17.600103
v 15.495145 34.667116 -17.557522
v 15.481334 34.648827 -17.536231
v 14.554128 36.483086 -17.578812
v 15.481334 34.648827 -17.578812
vt 0.6132812 0.1679688
vt 0.6132812 0.1412760
vt 0.6132812 0.1145833
vt 0.6132812 0.0878906
vt 0.6132812 0.0611979
vt 0.6132812 0.0345052
vt 0.6132812 0.0078125
vt 0.6992188 0.1679688
vt 0.6992188 0.1412760
vt 0.6992188 0.1145833
vt 0.6992188 0.0878906
vt 0.6992188 0.0611979
vt 0.6992188 0.0345052
vt 0.6992188 0.0078125
vt 0.7851562 0.1679688
vt 0.7851562 0.1412760
vt 0.7851562 0.1145833
vt 0.7851562 0.0878906
vt 0.7851562 0.0611979
vt 0.7851562 0.0345052
vt 0.7851562 0.0078125
vt 0.6132812 0.0878906
vt 0.7851562 0.0878906
vn -0.3151310 0.0012196 0.9490474
vn -0.9054623 -0.3630713 0.2198118
vn -0.8664494 -0.3348121 -0.3703596
vn 0.0623387 0.1969961 -0.9784204
vn 0.8212798 0.5180496 -0.2390065
vn 0.7662365 0.4998187 0.4038104
vn -0.3151310 0.0012196 0.9490474
vn 0.4032340 -0.0085935 0.9150566
vn -0.7301382 -0.5270815 0.4348371
vn -0.8067715 -0.5487125 -0.2191675
vn -0.0697118 -0.2588848 -0.9633893
vn 0.8719863 0.3003132 -0.3865900
vn 0.9200984 0.3392800 0.1957242
vn 0.4032340 -0.0085935 0.9150566
vn 0.6555279 0.1510084 0.7399186
vn -0.6084637 -0.4829867 0.6296791
vn -0.8311832 -0.5518801 -0.0675493
vn -0.4082497 -0.4056997 -0.8177652
vn 0.7908426 0.2433274 -0.5615691
vn 0.9334182 0.3536326 0.0606171
vn 0.6555279 0.1510084 0.7399186
vn -0.7980344 0.6026119 -0.0000000
vn 0.7980344 -0.6026119 -0.0000000
s 1
f 3227/3227/3227 3228/3228/3228 3235/3235/3235
f 3227/3227/3227 3235/3235/3235 3234/3234/3234
f 3228/3228/3228 3229/3229/3229 3236/3236/3236
f 3228/3228/3228 3236/3236/3236 3235/3235/3235
f 3229/3229/3229 3230/3230/3230 3237/3237/3237
f 3229/3229/3229 3237/3237/3237 3236/3236/3236
f 3230/3230/3230 3231/3231/3231 3238/3238/3238
f 3230/3230/3230 3238/3238/3238 3237/3237/3237
f 3231/3231/3231 3232/3232/3232 3239/3239/3239
f 3231/3231/3231 3239/3239/3239 3238/3238/3238
f 3232/3232/3232 3233/3233/3233 3240/3240/3240
f 3232/3232/3232 3240/3240/3240 3239/3239/3239
f 3234/3234/3234 3235/3235/3235 3242/3242/3242
f 3234/3234/3234 3242/3242/3242 3241/3241/3241
f 3235/3235/3235 3236/3236/3236 3243/3243/3243
f 3235/3235/3235 3243/3243/3243 3242/3242/3242
f 3236/3236/3236 3237/3237/3237 3244/3244/3244
f 3236/3236/3236 3244/3244/3244 3243/3243/3243
f 3237/3237/3237 3238/3238/3238 3245/3245/3245
f 3237/3237/3237 3245/3245/3245 3244/3244/3244
f 3238/3238/3238 3239/3239/3239 3246/3246/3246
f 3238/3238/3238 3246/3246/3246 3245/3245/3245
f 3239/3239/3239 3240/3240/3240 3247/3247/3247
f 3239/3239/3239 3247/3247/3247 3246/3246/3246
f 3248/3248/3248 3228/3228/3228 3227/3227/3227
f 3248/3248/3248 3229/3229/3229 3228/3228/3228
f 3248/3248/3248 3230/3230/3230 3229/3229/3229
f 3248/3248/3248 3231/3231/3231 3230/3230/3230
f 3248/3248/3248 3232/3232/3232 3231/3231/3231
f 3248/3248/3248 3233/3233/3233 3232/3232/3232
f 3249/3249/3249 3241/3241/3241 3242/3242/3242
f 3249/3249/3249 3242/3242/3242 3243/3243/3243
f 3249/3249/3249 3243/3243/3243 3244/3244/3244
f 3249/3249/3249 3244/3244/3244 3245/3245/3245
f 3249/3249/3249 3245/3245/3245 3246/3246/3246
f 3249/3249/3249 3246/3246/3246 3247/3247/3247
o Finger_1_2
v 14.935180 40.905817 -18.962708
v 14.823573 40.831434 -18.360516
v 14.554128 40.651856 -18.111080
v 14.284683 40.472278 -18.360516
v 14.173076 40.397895 -18.962708
v 14.284683 40.472278 -19.564900
v 14.554128 40.651856 -19.814336
v 14.823573 40.831434 -19.564900
v 14.935180 40.905817 -18.962708
v 15.318350 39.260432 -18.962708
v 15.213327 39.200936 -18.407562
v 14.959781 39.057301 -18.177613
v 14.706234 38.913666 -18.407562
v 14.601212 38.854171 -18.962708
v 14.706234 38.913666 -19.517853
v 14.959781 39.057301 -19.747802
v 15.213327 39.200936 -19.517853
v 15.318350 39.260432 -18.962708
v 15.604962 37.316840 -18.962708
v 15.508403 37.316840 -18.480954
v 15.275288 37.316840 -18.281405
v 15.042174 37.316840 -18.480954
v 14.945615 37.316840 -18.962708
v 15.042174 37.316840 -19.444461
v 15.275288 37.316840 -19.644010
v 15.508403 37.316840 -19.444461
v 15.604962 37.316840 -18.962708
v 15.138259 36.235892 -18.962708
v 15.085984 36.320503 -18.593865
v 14.959781 36.524773 -18.441086
v 14.833578 36.729043 -18.593865
v 14.781303 36.813654 -18.962708
v 14.833578 36.729043 -19.331550
v 14.959781 36.524773 -19.484330
v 15.085984 36.320503 -19.331550
v 15.138259 36.235892 -18.962708
v 14.646133 35.888979 -18.962708
v 14.619185 35.965309 -18.691721
v 14.554128 36.149584 -18.579475
v 14.489071 36.333859 -18.691721
v 14.462123 36.410188 -18.962708
v 14.489071 36.333859 -19.233694
v 14.554128 36.149584 -19.345940
v 14.619185 35.965309 -19.233694
v 14.646133 35.888979 -18.962708
v 14.554128 40.651856 -18.962708
v 14.554128 36.149584 -18.962708
vt 0.0078125 0.9921875
vt 0.0078125 0.9160156
vt 0.0078125 0.8398438
vt 0.0078125 0.7636719
vt 0.0078125 0.6875000
vt 0.0078125 0.6113281
vt 0.0078125 0.5351562
vt 0.0078125 0.4589844
vt 0.0078125 0.3828125
vt 0.2539062 0.9921875
vt 0.2539062 0.9160156
vt 0.2539062 0.8398438
vt 0.2539062 0.7636719
vt 0.2539062 0.6875000
vt 0.2539062 0.6113281
vt 0.2539062 0.5351562
vt 0.2539062 0.4589844
vt 0.2539062 0.3828125
vt 0.5000000 0.9921875
vt 0.5000000 0.9160156
vt 0.5000000 0.8398438
vt 0.5000000 0.7636719
vt 0.5000000 0.6875000
vt 0.5000000 0.6113281
vt 0.5000000 0.5351562
vt 0.5000000 0.4589844
vt 0.5000000 0.3828125
vt 0.7460938 0.9921875
vt 0.7460938 0.9160156
vt 0.7460938 0.8398438
vt 0.7460938 0.7636719
vt 0.7460938 0.6875000
vt 0.7460938 0.6113281
vt 0.7460938 0.5351562
vt 0.7460938 0.4589844
vt 0.7460938 0.3828125
vt 0.9921875 0.9921875
vt 0.9921875 0.9160156
vt 0.9921875 0.8398438
vt 0.9921875 0.7636719
vt 0.9921875 0.6875000
vt 0.9921875 0.6113281
vt 0.9921875 0.5351562
vt 0.9921875 0.4589844
vt 0.9921875 0.3828125
vt 0.0078125 0.6875000
vt 0.9921875 0.6875000
vn 0.9138009 0.4002993 0.0687630
vn 0.7106452 0.4103533 0.5714837
vn -0.3904161 0.1936109 0.9000501
vn -0.9396821 -0.0590276 0.3369173
vn -0.9933544 -0.0970105 -0.0619360
vn -0.8619126 -0.0122627 -0.5069086
vn 0.0639098 0.3209507 -0.9449371
vn 0.8307559 0.4077672 -0.3789070
vn 0.9138009 0.4002993 0.0687630
vn 0.9826760 0.1852680 -0.0048551
vn 0.8860139 0.1642189 0.4336029
vn 0.0522214 -0.0308700 0.9981583
vn -0.8577680 -0.2211765 0.4640204
vn -0.9698978 -0.2433200 0.0096742
vn -0.8678843 -0.2287027 -0.4409896
vn 0.0157047 -0.0572278 -0.9982376
vn 0.8818064 0.1528416 -0.4461579
vn 0.9826760 0.1852680 -0.0048551
vn 0.9987081 -0.0413875 -0.0294831
vn 0.9196688 -0.0168731 0.3923322
vn 0.1790359 -0.0302838 0.9833763
vn -0.8528343 -0.0772121 0.5164417
vn -0.9943654 -0.0959546 0.0450568
vn -0.9135423 -0.1139691 -0.3904504
vn -0.1207816 -0.1579418 -0.9800338
vn 0.8722631 -0.0861131 -0.4813954
vn 0.9987081 -0.0413875 -0.0294831
vn 0.8389787 -0.5435245 -0.0263801
vn 0.7475475 -0.4940512 0.4439439
vn 0.0158651 -0.1662346 0.9859586
vn -0.7851754 0.3390103 0.5182390
vn -0.8930627 0.4496264 0.0165892
vn -0.8245558 0.3420633 -0.4506666
vn -0.2493178 -0.1362254 -0.9587926
vn 0.6543413 -0.5366613 -0.5327590
vn 0.8389787 -0.5435245 -0.0263801
vn 0.3226437 -0.9400459 -0.1105203
vn 0.2024729 -0.8721548 0.4453659
vn -0.3918673 -0.3759187 0.8397173
vn -0.8197831 0.2389008 0.5204634
vn -0.8991960 0.4287807 0.0871423
vn -0.8749504 0.3576315 -0.3264375
vn -0.6487725 -0.0656523 -0.7581451
vn -0.0036787 -0.7443830 -0.6677428
vn 0.3226437 -0.9400459 -0.1105203
vn -0.5545892 0.8321243 -0.0000000
vn -0.9429601 -0.3329057 -0.0000000
s 1
f 3250/3250/3250 3251/3251/3251 3260/3260/3260
f 3250/3250/3250 3260/3260/3260 3259/3259/3259
f 3251/3251/3251 3252/3252/3252 3261/3261/3261
f 3251/3251/3251 3261/3261/3261 3260/3260/3260
f 3252/3252/3252 3253/3253/3253 3262/3262/3262
f 3252/3252/3252 3262/3262/3262 3261/3261/3261
f 3253/3253/3253 3254/3254/3254 3263/3263/3263
f 3253/3253/3253 3263/3263/3263 3262/3262/3262
f 3254/3254/3254 3255/3255/3255 3264/3264/3264
f 3254/3254/3254 3264/3264/3264 3263/3263/3263
f 3255/3255/3255 3256/3256/3256 3265/3265/3265
f 3255/3255/3255 3265/3265/3265 3264/3264/3264
f 3256/3256/3256 3257/3257/3257 3266/3266/3266
f 3256/3256/3256 3266/3266/3266 3265/3265/3265
f 3257/3257/3257 3258/3258/3258 3267/3267/3267
f 3257/3257/3257 3267/3267/3267 3266/3266/3266
f 3259/3259/3259 3260/3260/3260 3269/3269/3269
f 3259/3259/3259 3269/3269/3269 3268/3268/3268
f 3260/3260/3260 3261/3261/3261 3270/3270/3270
f 3260/3260/3260 3270/3270/3270 3269/3269/3269
f 3261/3261/3261 3262/3262/3262 3271/3271/3271
f 3261/3261/3261 3271/3271/3271 3270/3270/3270
f 3262/3262/3262 3263/3263/3263 3272/3272/3272
f 3262/3262/3262 3272/3272/3272 3271/3271/3271
f 3263/3263/3263 3264/3264/3264 3273/3273/3273
f 3263/3263/3263 3273/3273/3273 3272/3272/3272
f 3264/3264/3264 3265/3265/3265 3274/3274/3274
f 3264/3264/3264 3274/3274/3274 3273/3273/3273
f 3265/3265/3265 3266/3266/3266 3275/3275/3275
f 3265/3265/3265 3275/3275/3275 3274/3274/3274
f 3266/3266/3266 3267/3267/3267 3276/3276/3276
f 3266/3266/3266 3276/3276/3276 3275/3275/3275
f 3268/3268/3268 3269/3269/3269 3278/3278/3278
f 3268/3268/3268 3278/3278/3278 3277/3277/3277
f 3269/3269/3269 3270/3270/3270 3279/3279/3279
f 3269/3269/3269 3279/3279/3279 3278/3278/3278
f 3270/3270/3270 3271/3271/3271 3280/3280/3280
f 3270/3270/3270 3280/3280/3280 3279/3279/3279
f 3271/3271/3271 3272/3272/3272 3281/3281/3281
f 3271/3271/3271 3281/3281/3281 3280/3280/3280
f 3272/3272/3272 3273/3273/3273 3282/3282/3282
f 3272/3272/3272 3282/3282/3282 3281/3281/3281
f 3273/3273/3273 3274/3274/3274 3283/3283/3283
f 3273/3273/3273 3283/3283/3283 3282/3282/3282
f 3274/3274/3274 3275/3275/3275 3284/3284/3284
f 3274/3274/3274 3284/3284/3284 3283/3283/3283
f 3275/3275/3275 3276/3276/3276 3285/3285/3285
f 3275/3275/3275 3285/3285/3285 3284/3284/3284
f 3277/3277/3277 3278/3278/3278 3287/3287/3287
f 3277/3277/3277 3287/3287/3287 3286/3286/3286
f 3278/3278/3278 3279/3279/3279 3288/3288/3288
f 3278/3278/3278 3288/3288/3288 3287/3287/3287
f 3279/3279/3279 3280/3280/3280 3289/3289/3289
f 3279/3279/3279 3289/3289/3289 3288/3288/3288
f 3280/3280/3280 3281/3281/3281 3290/3290/3290
f 3280/3280/3280 3290/3290/3290 3289/3289/3289
f 3281/3281/3281 3282/3282/3282 3291/3291/3291
f 3281/3281/3281 3291/3291/3291 3290/3290/3290
f 3282/3282/3282 3283/3283/3283 3292/3292/3292
f 3282/3282/3282 3292/3292/3292 3291/3291/3291
f 3283/3283/3283 3284/3284/3284 3293/3293/3293
f 3283/3283/3283 3293/3293/3293 3292/3292/3292
f 3284/3284/3284 3285/3285/3285 3294/3294/3294
f 3284/3284/3284 3294/3294/3294 3293/3293/3293
f 3295/3295/3295 3251/3251/3251 3250/3250/3250
f 3295/3295/3295 3252/3252/3252 3251/3251/3251
f 3295/3295/3295 3253/3253/3253 3252/3252/3252
f 3295/3295/3295 3254/3254/3254 3253/3253/3253
f 3295/3295/3295 3255/3255/3255 3254/3254/3254
f 3295/3295/3295 3256/3256/3256 3255/3255/3255
f 3295/3295/3295 3257/3257/3257 3256/3256/3256
f 3295/3295/3295 3258/3258/3258 3257/3257/3257
f 3296/3296/3296 3286/3286/3286 3287/3287/3287
f 3296/3296/3296 3287/3287/3287 3288/3288/3288
f 3296/3296/3296 3288/3288/3288 3289/3289/3289
f 3296/3296/3296 3289/3289/3289 3290/3290/3290
f 3296/3296/3296 3290/3290/3290 3291/3291/3291
f 3296/3296/3296 3291/3291/3291 3292/3292/3292
f 3296/3296/3296 3292/3292/3292 3293/3293/3293
f 3296/3296/3296 3293/3293/3293 3294/3294/3294
o Nail_1_2
v 14.554128 36.483086 -18.494312
v 14.402212 36.281904 -18.728510
v 14.402212 36.281904 -19.196905
v 14.554128 36.483086 -19.431103
v 14.706044 36.684267 -19.196905
v 14.706044 36.684267 -18.728510
v 14.554128 36.483086 -18.494312
v 15.017731 35.565956 -18.707219
v 14.934868 35.456221 -18.834963
v 14.934868 35.456221 -19.090452
v 15.017731 35.565956 -19.218196
v 15.100595 35.675691 -19.090452
v 15.100595 35.675691 -18.834963
v 15.017731 35.565956 -18.707219
v 15.481334 34.648827 -18.920126
v 15.467524 34.630537 -18.941417
v 15.467524 34.630537 -18.983998
v 15.481334 34.648827 -19.005289
v 15.495145 34.667116 -18.983998
v 15.495145 34.667116 -18.941417
v 15.481334 34.648827 -18.920126
v 14.554128 36.483086 -18.962708
v 15.481334 34.648827 -18.962708
vt 0.6132812 0.1679688
vt 0.6132812 0.1412760
vt 0.6132812 0.1145833
vt 0.6132812 0.0878906
vt 0.6132812 0.0611979
vt 0.6132812 0.0345052
vt 0.6132812 0.0078125
vt 0.6992188 0.1679688
vt 0.6992188 0.1412760
vt 0.6992188 0.1145833
vt 0.6992188 0.0878906
vt 0.6992188 0.0611979
vt 0.6992188 0.0345052
vt 0.6992188 0.0078125
vt 0.7851562 0.1679688
vt 0.7851562 0.1412760
vt 0.7851562 0.1145833
vt 0.7851562 0.0878906
vt 0.7851562 0.0611979
vt 0.7851562 0.0345052
vt 0.7851562 0.0078125
vt 0.6132812 0.0878906
vt 0.7851562 0.0878906
vn -0.3151310 0.0012196 0.9490474
vn -0.9054623 -0.3630713 0.2198118
vn -0.8664494 -0.3348121 -0.3703596
vn 0.0623387 0.1969961 -0.9784204
vn 0.8212798 0.5180496 -0.2390065
vn 0.7662365 0.4998187 0.4038104
vn -0.3151310 0.0012196 0.9490474
vn 0.4032340 -0.0085935 0.9150566
vn -0.7301382 -0.5270815 0.4348371
vn -0.8067715 -0.5487125 -0.2191675
vn -0.0697118 -0.2588848 -0.9633893
vn 0.8719863 0.3003132 -0.3865900
vn 0.9200984 0.3392800 0.1957242
vn 0.4032340 -0.0085935 0.9150566
vn 0.6555279 0.1510084 0.7399186
vn -0.6084637 -0.4829867 0.6296791
vn -0.8311832 -0.5518801 -0.0675493
vn -0.4082497 -0.4056997 -0.8177652
vn 0.7908426 0.2433274 -0.5615691
vn 0.9334182 0.3536326 0.0606171
vn 0.6555279 0.1510084 0.7399186
vn -0.7980344 0.6026119 -0.0000000
vn 0.7980344 -0.6026119 -0.0000000
s 1
f 3297/3297/3297 3298/3298/3298 3305/3305/3305
f 3297/3297/3297 3305/3305/3305 3304/3304/3304
f 3298/3298/3298 3299/3299/3299 3306/3306/3306
f 3298/3298/3298 3306/3306/3306 3305/3305/3305
f 3299/3299/3299 3300/3300/3300 3307/3307/3307
f 3299/3299/3299 3307/3307/3307 3306/3306/3306
f 3300/3300/3300 3301/3301/3301 3308/3308/3308
f 3300/3300/3300 3308/3308/3308 3307/3307/3307
f 3301/3301/3301 3302/3302/3302 3309/3309/3309
f 3301/3301/3301 3309/3309/3309 3308/3308/3308
f 3302/3302/3302 3303/3303/3303 3310/3310/3310
f 3302/3302/3302 3310/3310/3310 3309/3309/3309
f 3304/3304/3304 3305/3305/3305 3312/3312/3312
f 3304/3304/3304 3312/3312/3312 3311/3311/3311
f 3305/3305/3305 3306/3306/3306 3313/3313/3313
f 3305/3305/3305 3313/3313/3313 3312/3312/3312
f 3306/3306/3306 3307/3307/3307 3314/3314/3314
f 3306/3306/3306 3314/3314/3314 3313/3313/3313
f 3307/3307/3307 3308/3308/3308 3315/3315/3315
f 3307/3307/3307 3315/3315/3315 3314/3314/3314
f 3308/3308/3308 3309/3309/3309 3316/3316/3316
f 3308/3308/3308 3316/3316/3316 3315/3315/3315
f 3309/3309/3309 3310/3310/3310 3317/3317/3317
f 3309/3309/3309 3317/3317/3317 3316/3316/3316
f 3318/3318/3318 3298/3298/3298 3297/3297/3297
f 3318/3318/3318 3299/3299/3299 3298/3298/3298
f 3318/3318/3318 3300/3300/3300 3299/3299/3299
f 3318/3318/3318 3301/3301/3301 3300/3300/3300
f 3318/3318/3318 3302/3302/3302 3301/3301/3301
f 3318/3318/3318 3303/3303/3303 3302/3302/3302
f 3319/3319/3319 3311/3311/3311 3312/3312/3312
f 3319/3319/3319 3312/3312/3312 3313/3313/3313
f 3319/3319/3319 3313/3313/3313 3314/3314/3314
f 3319/3319/3319 3314/3314/3314 3315/3315/3315
f 3319/3319/3319 3315/3315/3315 3316/3316/3316
f 3319/3319/3319 3316/3316/3316 3317/3317/3317
o Finger_1_3
v 14.935180 40.905817 -20.346603
v 14.823573 40.831434 -19.744411
v 14.554128 40.651856 -19.494975
v 14.284683 40.472278 -19.744411
v 14.173076 40.397895 -20.346603
v 14.284683 40.472278 -20.948795
v 14.554128 40.651856 -21.198231
v 14.823573 40.831434 -20.948795
v 14.935180 40.905817 -20.346603
v 15.318350 39.260432 -20.346603
v 15.213327 39.200936 -19.791457
v 14.959781 39.057301 -19.561509
v 14.706234 38.913666 -19.791457
v 14.601212 38.854171 -20.346603
v 14.706234 38.913666 -20.901749
v 14.959781 39.057301 -21.131698
v 15.213327 39.200936 -20.901749
v 15.318350 39.260432 -20.346603
v 15.604962 37.316840 -20.346603
v 15.508403 37.316840 -19.864850
v 15.275288 37.316840 -19.665301
v 15.042174 37.316840 -19.864850
v 14.945615 37.316840 -20.346603
v 15.042174 37.316840 -20.828357
v 15.275288 37.316840 -21.027906
v 15.508403 37.316840 -20.828357
v 15.604962 37.316840 -20.346603
v 15.138259 36.235892 -20.346603
v 15.085984 36.320503 -19.977761
v 14.959781 36.524773 -19.824981
v 14.833578 36.729043 -19.977761
v 14.781303 36.813654 -20.346603
v 14.833578 36.729043 -20.715446
v 14.959781 36.524773 -20.868225
v 15.085984 36.320503 -20.715446
v 15.138259 36.235892 -20.346603
v 14.646133 35.888979 -20.346603
v 14.619185 35.965309 -20.075617
v 14.554128 36.149584 -19.963371
v 14.489071 36.333859 -20.075617
v 14.462123 36.410188 -20.346603
v 14.489071 36.333859 -20.617590
v 14.554128 36.149584 -20.729836
v 14.619185 35.965309 -20.617590
v 14.646133 35.888979 -20.346603
v 14.554128 40.651856 -20.346603
v 14.554128 36.149584 -20.346603
vt 0.0078125 0.9921875
vt 0.0078125 0.9160156
vt 0.0078125 0.8398438
vt 0.0078125 0.7636719
vt 0.0078125 0.6875000
vt 0.0078125 0.6113281
vt 0.0078125 0.5351562
vt 0.0078125 0.4589844
vt 0.0078125 0.3828125
vt 0.2539062 0.9921875
vt 0.2539062 0.9160156
vt 0.2539062 0.8398438
vt 0.2539062 0.7636719
vt 0.2539062 0.6875000
vt 0.2539062 0.6113281
vt 0.2539062 0.5351562
vt 0.2539062 0.4589844
vt 0.2539062 0.3828125
vt 0.5000000 0.9921875
vt 0.5000000 0.9160156
vt 0.5000000 0.8398438
vt 0.5000000 0.7636719
vt 0.5000000 0.6875000
vt 0.5000000 0.6113281
vt 0.5000000 0.5351562
vt 0.5000000 0.4589844
vt 0.5000000 0.3828125
vt 0.7460938 0.9921875
vt 0.7460938 0.9160156
vt 0.7460938 0.8398438
vt 0.7460938 0.7636719
vt 0.7460938 0.6875000
vt 0.7460938 0.6113281
vt 0.7460938 0.5351562
vt 0.7460938 0.4589844
vt 0.7460938 0.3828125
vt 0.9921875 0.9921875
vt 0.9921875 0.9160156
vt 0.9921875 0.8398438
vt 0.9921875 0.7636719
vt 0.9921875 0.6875000
vt 0.9921875 0.6113281
vt 0.9921875 0.5351562
vt 0.9921875 0.4589844
vt 0.9921875 0.3828125
vt 0.0078125 0.6875000
vt 0.9921875 0.6875000
vn 0.9138009 0.4002993 0.0687630
vn 0.7106452 0.4103533 0.5714837
vn -0.3904161 0.1936109 0.9000501
vn -0.9396821 -0.0590276 0.3369173
vn -0.9933544 -0.0970105 -0.0619360
vn -0.8619126 -0.0122627 -0.5069086
vn 0.0639098 0.3209507 -0.9449371
vn 0.8307559 0.4077672 -0.3789070
vn 0.9138009 0.4002993 0.0687630
vn 0.9826760 0.1852680 -0.0048551
vn 0.8860139 0.1642189 0.4336029
vn 0.0522214 -0.0308700 0.9981583
vn -0.8577680 -0.2211765 0.4640204
vn -0.9698978 -0.2433200 0.0096742
vn -0.8678843 -0.2287027 -0.4409896
vn 0.0157047 -0.0572278 -0.9982376
vn 0.8818064 0.1528416 -0.4461579
vn 0.9826760 0.1852680 -0.0048551
vn 0.9987081 -0.0413875 -0.0294831
vn 0.9196688 -0.0168731 0.3923322
vn 0.1790359 -0.0302838 0.9833763
vn -0.8528343 -0.0772121 0.5164417
vn -0.9943654 -0.0959546 0.0450568
vn -0.9135423 -0.1139691 -0.3904504
vn -0.1207816 -0.1579418 -0.9800338
vn 0.8722631 -0.0861131 -0.4813954
vn 0.9987081 -0.0413875 -0.0294831
vn 0.8389787 -0.5435245 -0.0263801
vn 0.7475475 -0.4940512 0.4439439
vn 0.0158651 -0.1662346 0.9859586
vn -0.7851754 0.3390103 0.5182390
vn -0.8930627 0.4496264 0.0165892
vn -0.8245558 0.3420633 -0.4506666
vn -0.2493178 -0.1362254 -0.9587926
vn 0.6543413 -0.5366613 -0.5327590
vn 0.8389787 -0.5435245 -0.0263801
vn 0.3226437 -0.9400459 -0.1105203
vn 0.2024729 -0.8721548 0.4453659
vn -0.3918673 -0.3759187 0.8397173
vn -0.8197831 0.2389008 0.5204634
vn -0.8991960 0.4287807 0.0871423
vn -0.8749504 0.3576315 -0.3264375
vn -0.6487725 -0.0656523 -0.7581451
vn -0.0036787 -0.7443830 -0.6677428
vn 0.3226437 -0.9400459 -0.1105203
vn -0.5545892 0.8321243 -0.0000000
vn -0.9429601 -0.3329057 -0.0000000
s 1
f 3320/3320/3320 3321/3321/3321 3330/3330/3330
f 3320/3320/3320 3330/3330/3330 3329/3329/3329
f 3321/3321/3321 3322/3322/3322 3331/3331/3331
f 3321/3321/3321 3331/3331/3331 3330/3330/3330
f 3322/3322/3322 3323/3323/3323 3332/3332/3332
f 3322/3322/3322 3332/3332/3332 3331/3331/3331
f 3323/3323/3323 3324/3324/3324 3333/3333/3333
f 3323/3323/3323 3333/3333/3333 3332/3332/3332
f 3324/3324/3324 3325/3325/3325 3334/3334/3334
f 3324/3324/3324 3334/3334/3334 3333/3333/3333
f 3325/3325/3325 3326/3326/3326 3335/3335/3335
f 3325/3325/3325 3335/3335/3335 3334/3334/3334
f 3326/3326/3326 3327/3327/3327 3336/3336/3336
f 3326/3326/3326 3336/3336/3336 3335/3335/3335
f 3327/3327/3327 3328/3328/3328 3337/3337/3337
f 3327/3327/3327 3337/3337/3337 3336/3336/3336
f 3329/3329/3329 3330/3330/3330 3339/3339/3339
f 3329/3329/3329 3339/3339/3339 3338/3338/3338
f 3330/3330/3330 3331/3331/3331 3340/3340/3340
f 3330/3330/3330 3340/3340/3340 3339/3339/3339
f 3331/3331/3331 3332/3332/3332 3341/3341/3341
f 3331/3331/3331 3341/3341/3341 3340/3340/3340
f 3332/3332/3332 3333/3333/3333 3342/3342/3342
f 3332/3332/3332 3342/3342/3342 3341/3341/3341
f 3333/3333/3333 3334/3334/3334 3343/3343/3343
f 3333/3333/3333 3343/3343/3343 3342/3342/3342
f 3334/3334/3334 3335/3335/3335 3344/3344/3344
f 3334/3334/3334 3344/3344/3344 3343/3343/3343
f 3335/3335/3335 3336/3336/3336 3345/3345/3345
f 3335/3335/3335 3345/3345/3345 3344/3344/3344
f 3336/3336/3336 3337/3337/3337 3346/3346/3346
f 3336/3336/3336 3346/3346/3346 3345/3345/3345
f 3338/3338/3338 3339/3339/3339 3348/3348/3348
f 3338/3338/3338 3348/3348/3348 3347/3347/3347
f 3339/3339/3339 3340/3340/3340 3349/3349/3349
f 3339/3339/3339 3349/3349/3349 3348/3348/3348
f 3340/3340/3340 3341/3341/3341 3350/3350/3350
f 3340/3340/3340 3350/3350/3350 3349/3349/3349
f 3341/3341/3341 3342/3342/3342 3351/3351/3351
f 3341/3341/3341 3351/3351/3351 3350/3350/3350
f 3342/3342/3342 3343/3343/3343 3352/3352/3352
f 3342/3342/3342 3352/3352/3352 3351/3351/3351
f 3343/3343/3343 3344/3344/3344 3353/3353/3353
f 3343/3343/3343 3353/3353/3353 3352/3352/3352
f 3344/3344/3344 3345/3345/3345 3354/3354/3354
f 3344/3344/3344 3354/3354/3354 3353/3353/3353
f 3345/3345/3345 3346/3346/3346 3355/3355/3355
f 3345/3345/3345 3355/3355/3355 3354/3354/3354
f 3347/3347/3347 3348/3348/3348 3357/3357/3357
f 3347/3347/3347 3357/3357/3357 3356/3356/3356
f 3348/3348/3348 3349/3349/3349 3358/3358/3358
f 3348/3348/3348 3358/3358/3358 3357/3357/3357
f 3349/3349/3349 3350/3350/3350 3359/3359/3359
f 3349/3349/3349 3359/3359/3359 3358/3358/3358
f 3350/3350/3350 3351/3351/3351 3360/3360/3360
f 3350/3350/3350 3360/3360/3360 3359/3359/3359
f 3351/3351/3351 3352/3352/3352 3361/3361/3361
f 3351/3351/3351 3361/3361/3361 3360/3360/3360
f 3352/3352/3352 3353/3353/3353 3362/3362/3362
f 3352/3352/3352 3362/3362/3362 3361/3361/3361
f 3353/3353/3353 3354/3354/3354 3363/3363/3363
f 3353/3353/3353 3363/3363/3363 3362/3362/3362
f 3354/3354/3354 3355/3355/3355 3364/3364/3364
f 3354/3354/3354 3364/3364/3364 3363/3363/3363
f 3365/3365/3365 3321/3321/3321 3320/3320/3320
f 3365/3365/3365 3322/3322/3322 3321/3321/3321
f 3365/3365/3365 3323/3323/3323 3322/3322/3322
f 3365/3365/3365 3324/3324/3324 3323/3323/3323
f 3365/3365/3365 3325/3325/3325 3324/3324/3324
f 3365/3365/3365 3326/3326/3326 3325/3325/3325
f 3365/3365/3365 3327/3327/3327 3326/3326/3326
f 3365/3365/3365 3328/3328/3328 3327/3327/3327
f 3366/3366/3366 3356/3356/3356 3357/3357/3357
f 3366/3366/3366 3357/3357/3357 3358/3358/3358
f 3366/3366/3366 3358/3358/3358 3359/3359/3359
f 3366/3366/3366 3359/3359/3359 3360/3360/3360
f 3366/3366/3366 3360/3360/3360 3361/3361/3361
f 3366/3366/3366 3361/3361/3361 3362/3362/3362
f 3366/3366/3366 3362/3362/3362 3363/3363/3363
f 3366/3366/3366 3363/3363/3363 3364/3364/3364
o Nail_1_3
v 14.554128 36.483086 -19.878208
v 14.402212 36.281904 -20.112405
v 14.402212 36.281904 -20.580801
v 14.554128 36.483086 -20.814999
v 14.706044 36.684267 -20.580801
v 14.706044 36.684267 -20.112405
v 14.554128 36.483086 -19.878208
v 15.017731 35.565956 -20.091115
v 14.934868 35.456221 -20.218859
v 14.934868 35.456221 -20.474347
v 15.017731 35.565956 -20.602092
v 15.100595 35.675691 -20.474347
v 15.100595 35.675691 -20.218859
v 15.017731 35.565956 -20.091115
v 15.481334 34.648827 -20.304022
v 15.467524 34.630537 -20.325312
v 15.467524 34.630537 -20.367894
v 15.481334 34.648827 -20.389185
v 15.495145 34.667116 -20.367894
v 15.495145 34.667116 -20.325312
v 15.481334 34.648827 -20.304022
v 14.554128 36.483086 -20.346603
v 15.481334 34.648827 -20.346603
vt 0.6132812 0.1679688
vt 0.6132812 0.1412760
vt 0.6132812 0.1145833
vt 0.6132812 0.0878906
vt 0.6132812 0.0611979
vt 0.6132812 0.0345052
vt 0.6132812 0.0078125
vt 0.6992188 0.1679688
vt 0.6992188 0.1412760
vt 0.6992188 0.1145833
vt 0.6992188 0.0878906
vt 0.6992188 0.0611979
vt 0.6992188 0.0345052
vt 0.6992188 0.0078125
vt 0.7851562 0.1679688
vt 0.7851562 0.1412760
vt 0.7851562 0.1145833
vt 0.7851562 0.0878906
vt 0.7851562 0.0611979
vt 0.7851562 0.0345052
vt 0.7851562 0.0078125
vt 0.6132812 0.0878906
vt 0.7851562 0.0878906
vn -0.3151310 0.0012196 0.9490474
vn -0.9054623 -0.3630713 0.2198118
vn -0.8664494 -0.3348121 -0.3703596
vn 0.0623387 0.1969961 -0.9784204
vn 0.8212798 0.5180496 -0.2390065
vn 0.7662365 0.4998187 0.4038104
vn -0.3151310 0.0012196 0.9490474
vn 0.4032340 -0.0085935 0.9150566
vn -0.7301382 -0.5270815 0.4348371
vn -0.8067715 -0.5487125 -0.2191675
vn -0.0697118 -0.2588848 -0.9633893
vn 0.8719863 0.3003132 -0.3865900
vn 0.9200984 0.3392800 0.1957242
vn 0.4032340 -0.0085935 0.9150566
vn 0.6555279 0.1510084 0.7399186
vn -0.6084637 -0.4829867 0.6296791
vn -0.8311832 -0.5518801 -0.0675493
vn -0.4082497 -0.4056997 -0.8177652
vn 0.7908426 0.2433274 -0.5615691
vn 0.9334182 0.3536326 0.0606171
vn 0.6555279 0.1510084 0.7399186
vn -0.7980344 0.6026119 -0.0000000
vn 0.7980344 -0.6026119 -0.0000000
s 1
f 3367/3367/3367 3368/3368/3368 3375/3375/3375
f 3367/3367/3367 3375/3375/3375 3374/3374/3374
f 3368/3368/3368 3369/3369/3369 3376/3376/3376
f 3368/3368/3368 3376/3376/3376 3375/3375/3375
f 3369/3369/3369 3370/3370/3370 3377/3377/3377
f 3369/3369/3369 3377/3377/3377 3376/3376/3376
f 3370/3370/3370 3371/3371/3371 3378/3378/3378
f 3370/3370/3370 3378/3378/3378 3377/3377/3377
f 3371/3371/3371 3372/3372/3372 3379/3379/3379
f 3371/3371/3371 3379/3379/3379 3378/3378/3378
f 3372/3372/3372 3373/3373/3373 3380/3380/3380
f 3372/3372/3372 3380/3380/3380 3379/3379/3379
f 3374/3374/3374 3375/3375/3375 3382/3382/3382
f 3374/3374/3374 3382/3382/3382 3381/3381/3381
f 3375/3375/3375 3376/3376/3376 3383/3383/3383
f 3375/3375/3375 3383/3383/3383 3382/3382/3382
f 3376/3376/3376 3377/3377/3377 3384/3384/3384
f 3376/3376/3376 3384/3384/3384 3383/3383/3383
f 3377/3377/3377 3378/3378/3378 3385/3385/3385
f 3377/3377/3377 3385/3385/3385 3384/3384/3384
f 3378/3378/3378 3379/3379/3379 3386/3386/3386
f 3378/3378/3378 3386/3386/3386 3385/3385/3385
f 3379/3379/3379 3380/3380/3380 3387/3387/3387
f 3379/3379/3379 3387/3387/3387 3386/3386/3386
f 3388/3388/3388 3368/3368/3368 3367/3367/3367
f 3388/3388/3388 3369/3369/3369 3368/3368/3368
f 3388/3388/3388 3370/3370/3370 3369/3369/3369
f 3388/3388/3388 3371/3371/3371 3370/3370/3370
f 3388/3388/3388 3372/3372/3372 3371/3371/3371
f 3388/3388/3388 3373/3373/3373 3372/3372/3372
f 3389/3389/3389 3381/3381/3381 3382/3382/3382
f 3389/3389/3389 3382/3382/3382 3383/3383/3383
f 3389/3389/3389 3383/3383/3383 3384/3384/3384
f 3389/3389/3389 3384/3384/3384 3385/3385/3385
f 3389/3389/3389 3385/3385/3385 3386/3386/3386
f 3389/3389/3389 3386/3386/3386 3387/3387/3387
o Thumb_1
v 14.375880 41.152108 -19.260478
v 14.186444 40.554308 -19.520081
v 14.031344 40.306690 -20.295028
v 14.001435 40.554308 -21.131367
v 14.114238 41.152108 -21.539182
v 14.303674 41.749909 -21.279579
v 14.458775 41.997526 -20.504632
v 14.488683 41.749909 -19.668293
v 14.375880 41.152108 -19.260478
v 15.080005 40.651775 -19.746954
v 14.912321 40.121405 -19.975870
v 14.798840 39.883451 -20.671393
v 14.806039 40.077303 -21.426094
v 14.929701 40.589405 -21.797880
v 15.097386 41.119776 -21.568964
v 15.210866 41.357730 -20.873442
v 15.203667 41.163877 -20.118740
v 15.080005 40.651775 -19.746954
v 15.678649 40.224828 -20.065347
v 15.530754 39.789089 -20.213381
v 15.534958 39.468027 -20.720070
v 15.688799 39.449714 -21.288603
v 15.902157 39.744878 -21.585941
v 16.050052 40.180616 -21.437907
v 16.045848 40.501679 -20.931218
v 15.892007 40.519992 -20.362685
v 15.678649 40.224828 -20.065347
v 15.847163 39.873115 -19.324469
v 15.705742 39.592134 -19.425241
v 15.730841 39.254266 -19.613631
v 15.907757 39.057430 -19.779283
v 16.132857 39.116930 -19.825161
v 16.274278 39.397911 -19.724390
v 16.249179 39.735778 -19.536000
v 16.072262 39.932614 -19.370347
v 15.847163 39.873115 -19.324469
v 15.897046 39.427449 -18.149849
v 15.798548 39.238046 -18.229204
v 15.815977 38.997711 -18.332902
v 15.939125 38.847228 -18.400198
v 16.095852 38.874749 -18.391671
v 16.194350 39.064151 -18.312316
v 16.176920 39.304486 -18.208618
v 16.053773 39.454969 -18.141322
v 15.897046 39.427449 -18.149849
v 14.245059 41.152108 -20.399830
v 15.996449 39.151099 -18.270760
vt 0.0078125 0.9921875
vt 0.0078125 0.9160156
vt 0.0078125 0.8398438
vt 0.0078125 0.7636719
vt 0.0078125 0.6875000
vt 0.0078125 0.6113281
vt 0.0078125 0.5351562
vt 0.0078125 0.4589844
vt 0.0078125 0.3828125
vt 0.2539062 0.9921875
vt 0.2539062 0.9160156
vt 0.2539062 0.8398438
vt 0.2539062 0.7636719
vt 0.2539062 0.6875000
vt 0.2539062 0.6113281
vt 0.2539062 0.5351562
vt 0.2539062 0.4589844
vt 0.2539062 0.3828125
vt 0.5000000 0.9921875
vt 0.5000000 0.9160156
vt 0.5000000 0.8398438
vt 0.5000000 0.7636719
vt 0.5000000 0.6875000
vt 0.5000000 0.6113281
vt 0.5000000 0.5351562
vt 0.5000000 0.4589844
vt 0.5000000 0.3828125
vt 0.7460938 0.9921875
vt 0.7460938 0.9160156
vt 0.7460938 0.8398438
vt 0.7460938 0.7636719
vt 0.7460938 0.6875000
vt 0.7460938 0.6113281
vt 0.7460938 0.5351562
vt 0.7460938 0.4589844
vt 0.7460938 0.3828125
vt 0.9921875 0.9921875
vt 0.9921875 0.9160156
vt 0.9921875 0.8398438
vt 0.9921875 0.7636719
vt 0.9921875 0.6875000
vt 0.9921875 0.6113281
vt 0.9921875 0.5351562
vt 0.9921875 0.4589844
vt 0.9921875 0.3828125
vt 0.0078125 0.6875000
vt 0.9921875 0.6875000
vn -0.3306874 0.0460323 0.9426170
vn -0.7122948 -0.4898989 0.5026282
vn -0.8462672 -0.5321292 0.0258920
vn -0.8802085 -0.3055757 -0.3631204
vn -0.7381341 0.2306659 -0.6339963
vn -0.2744023 0.8490813 -0.4514027
vn 0.0902677 0.9925082 0.0823362
vn 0.0969089 0.7512570 0.6528564
vn -0.3306874 0.0460323 0.9426170
vn 0.5320665 0.0227949 0.8463957
vn -0.0720535 -0.7201426 0.6900746
vn -0.4639899 -0.8818539 0.0839476
vn -0.4960572 -0.7144828 -0.4933980
vn -0.1242820 -0.1215517 -0.9847737
vn 0.4411846 0.5954157 -0.6714434
vn 0.6538634 0.7503021 -0.0975167
vn 0.7042632 0.5793509 0.4103240
vn 0.5320665 0.0227949 0.8463957
vn -0.0471451 0.3978716 0.9162290
vn -0.6412210 -0.4031223 0.6529379
vn -0.6245747 -0.7665913 0.1491446
vn -0.2418560 -0.9043393 -0.3516762
vn 0.5333916 -0.4799622 -0.6965126
vn 0.8650697 0.1923354 -0.4633158
vn 0.8206643 0.5637455 -0.0932798
vn 0.5850823 0.7198929 0.3734071
vn -0.0471451 0.3978716 0.9162290
vn -0.6583802 0.6565323 0.3681044
vn -0.9800668 0.0966925 0.1735503
vn -0.9214848 -0.3862601 0.0408520
vn -0.3373534 -0.9296598 -0.1480722
vn 0.7027062 -0.6765471 -0.2202000
vn 0.9825665 -0.1502953 -0.1094272
vn 0.9604101 0.2737009 0.0519640
vn 0.5227560 0.7886859 0.3235750
vn -0.6583802 0.6565323 0.3681044
vn -0.4830957 0.7482309 0.4547187
vn -0.9503649 0.2011603 0.2373628
vn -0.9580652 -0.2663506 0.1056811
vn -0.5790788 -0.8152057 0.0103596
vn 0.4913823 -0.8708449 -0.0131391
vn 0.9442020 -0.3228875 0.0650094
vn 0.9735632 0.1330489 0.1856681
vn 0.6411304 0.6564769 0.3974794
vn -0.4830957 0.7482309 0.4547187
vn -0.9602578 0.2564141 0.1102574
vn 0.0193694 -0.3949086 0.9185162
s 1
f 3390/3390/3390 3391/3391/3391 3400/3400/3400
f 3390/3390/3390 3400/3400/3400 3399/3399/3399
f 3391/3391/3391 3392/3392/3392 3401/3401/3401
f 3391/3391/3391 3401/3401/3401 3400/3400/3400
f 3392/3392/3392 3393/3393/3393 3402/3402/3402
f 3392/3392/3392 3402/3402/3402 3401/3401/3401
f 3393/3393/3393 3394/3394/3394 3403/3403/3403
f 3393/3393/3393 3403/3403/3403 3402/3402/3402
f 3394/3394/3394 3395/3395/3395 3404/3404/3404
f 3394/3394/3394 3404/3404/3404 3403/3403/3403
f 3395/3395/3395 3396/3396/3396 3405/3405/3405
f 3395/3395/3395 3405/3405/3405 3404/3404/3404
f 3396/3396/3396 3397/3397/3397 3406/3406/3406
f 3396/3396/3396 3406/3406/3406 3405/3405/3405
f 3397/3397/3397 3398/3398/3398 3407/3407/3407
f 3397/3397/3397 3407/3407/3407 3406/3406/3406
f 3399/3399/3399 3400/3400/3400 3409/3409/3409
f 3399/3399/3399 3409/3409/3409 3408/3408/3408
f 3400/3400/3400 3401/3401/3401 3410/3410/3410
f 3400/3400/3400 3410/3410/3410 3409/3409/3409
f 3401/3401/3401 3402/3402/3402 3411/3411/3411
f 3401/3401/3401 3411/3411/3411 3410/3410/3410
f 3402/3402/3402 3403/3403/3403 3412/3412/3412
f 3402/3402/3402 3412/3412/3412 3411/3411/3411
f 3403/3403/3403 3404/3404/3404 3413/3413/3413
f 3403/3403/3403 3413/3413/3413 3412/3412/3412
f 3404/3404/3404 3405/3405/3405 3414/3414/3414
f 3404/3404/3404 3414/3414/3414 3413/3413/3413
f 3405/3405/3405 3406/3406/3406 3415/3415/3415
f 3405/3405/3405 3415/3415/3415 3414/3414/3414
f 3406/3406/3406 3407/3407/3407 3416/3416/3416
f 3406/3406/3406 3416/3416/3416 3415/3415/3415
f 3408/3408/3408 3409/3409/3409 3418/3418/3418
f 3408/3408/3408 3418/3418/3418 3417/3417/3417
f 3409/3409/3409 3410/3410/3410 3419/3419/3419
f 3409/3409/3409 3419/3419/3419 3418/3418/3418
f 3410/3410/3410 3411/3411/3411 3420/3420/3420
f 3410/3410/3410 3420/3420/3420 3419/3419/3419
f 3411/3411/3411 3412/3412/3412 3421/3421/3421
f 3411/3411/3411 3421/3421/3421 3420/3420/3420
f 3412/3412/3412 3413/3413/3413 3422/3422/3422
f 3412/3412/3412 3422/3422/3422 3421/3421/3421
f 3413/3413/3413 3414/3414/3414 3423/3423/3423
f 3413/3413/3413 3423/3423/3423 3422/3422/3422
f 3414/3414/3414 3415/3415/3415 3424/3424/3424
f 3414/3414/3414 3424/3424/3424 3423/3423/3423
f 3415/3415/3415 3416/3416/3416 3425/3425/3425
f 3415/3415/3415 3425/3425/3425 3424/3424/3424
f 3417/3417/3417 3418/3418/3418 3427/3427/3427
f 3417/3417/3417 3427/3427/3427 3426/3426/3426
f 3418/3418/3418 3419/3419/3419 3428/3428/3428
f 3418/3418/3418 3428/3428/3428 3427/3427/3427
f 3419/3419/3419 3420/3420/3420 3429/3429/3429
f 3419/3419/3419 3429/3429/3429 3428/3428/3428
f 3420/3420/3420 3421/3421/3421 3430/3430/3430
f 3420/3420/3420 3430/3430/3430 3429/3429/3429
f 3421/3421/3421 3422/3422/3422 3431/3431/3431
f 3421/3421/3421 3431/3431/3431 3430/3430/3430
f 3422/3422/3422 3423/3423/3423 3432/3432/3432
f 3422/3422/3422 3432/3432/3432 3431/3431/3431
f 3423/3423/3423 3424/3424/3424 3433/3433/3433
f 3423/3423/3423 3433/3433/3433 3432/3432/3432
f 3424/3424/3424 3425/3425/3425 3434/3434/3434
f 3424/3424/3424 3434/3434/3434 3433/3433/3433
f 3435/3435/3435 3391/3391/3391 3390/3390/3390
f 3435/3435/3435 3392/3392/3392 3391/3391/3391
f 3435/3435/3435 3393/3393/3393 3392/3392/3392
f 3435/3435/3435 3394/3394/3394 3393/3393/3393
f 3435/3435/3435 3395/3395/3395 3394/3394/3394
f 3435/3435/3435 3396/3396/3396 3395/3395/3395
f 3435/3435/3435 3397/3397/3397 3396/3396/3396
f 3435/3435/3435 3398/3398/3398 3397/3397/3397
f 3436/3436/3436 3426/3426/3426 3427/3427/3427
f 3436/3436/3436 3427/3427/3427 3428/3428/3428
f 3436/3436/3436 3428/3428/3428 3429/3429/3429
f 3436/3436/3436 3429/3429/3429 3430/3430/3430
f 3436/3436/3436 3430/3430/3430 3431/3431/3431
f 3436/3436/3436 3431/3431/3431 3432/3432/3432
f 3436/3436/3436 3432/3432/3432 3433/3433/3433
f 3436/3436/3436 3433/3433/3433 3434/3434/3434
o Burning_lash
v 14.125209 39.984853 17.047559
v 13.940827 39.506424 16.723561
v 13.872652 39.210739 16.044639
v 13.946723 39.210739 15.270119
v 14.134749 39.506424 14.695840
v 14.364910 39.984853 14.541159
v 14.549291 40.463281 14.865157
v 14.617467 40.758966 15.544079
v 14.543395 40.758966 16.318599
v 14.355369 40.463281 16.892878
v 14.125209 39.984853 17.047559
v 14.928732 39.039305 17.352009
v 14.757570 38.558312 17.037945
v 14.699444 38.258036 16.374999
v 14.776557 38.253175 15.616395
v 14.959453 38.545584 15.051894
v 15.178274 39.023573 14.897115
v 15.349436 39.504567 15.211179
v 15.407562 39.804842 15.874125
v 15.330449 39.809704 16.632729
v 15.147553 39.517295 17.197230
v 14.928732 39.039305 17.352009
v 16.067146 37.833454 17.856809
v 15.903599 37.361185 17.552214
v 15.849847 37.065417 16.907495
v 15.926422 37.059122 16.168912
v 16.104075 37.344705 15.618580
v 16.314949 37.813082 15.466707
v 16.478497 38.285351 15.771302
v 16.532248 38.581119 16.416021
v 16.455673 38.587414 17.154603
v 16.278020 38.301831 17.704935
v 16.067146 37.833454 17.856809
v 17.418705 36.335287 18.420280
v 17.246263 35.893741 18.118786
v 17.181784 35.621573 17.488537
v 17.249897 35.622742 16.770267
v 17.424585 35.896802 16.238330
v 17.639124 36.339070 16.095909
v 17.811567 36.780616 16.397403
v 17.876046 37.052784 17.027652
v 17.807933 37.051615 17.745922
v 17.633244 36.777555 18.277859
v 17.418705 36.335287 18.420280
v 18.849455 34.523297 18.893747
v 18.657639 34.130448 18.592698
v 18.573036 33.897858 17.975771
v 18.627961 33.914369 17.278612
v 18.801435 34.173673 16.767512
v 19.027196 34.576725 16.637693
v 19.219012 34.969574 16.938742
v 19.303615 35.202164 17.555669
v 19.248690 35.185654 18.252828
v 19.075216 34.926350 18.763928
v 18.849455 34.523297 18.893747
v 20.227663 32.370995 19.128182
v 20.008543 32.048341 18.829022
v 19.897121 31.874755 18.227253
v 19.935958 31.916541 17.552731
v 20.110218 32.157738 17.063100
v 20.353340 32.506217 16.945382
v 20.572460 32.828871 17.244542
v 20.683881 33.002457 17.846311
v 20.645045 32.960671 18.520833
v 20.470785 32.719474 19.010464
v 20.227663 32.370995 19.128182
v 21.411453 29.875865 18.975519
v 21.167810 29.633744 18.686097
v 21.034499 29.523806 18.105361
v 21.062441 29.588043 17.455134
v 21.240963 29.801920 16.983779
v 21.501875 30.083742 16.871339
v 21.745517 30.325863 17.160761
v 21.878828 30.435801 17.741497
v 21.850886 30.371564 18.391724
v 21.672365 30.157688 18.863079
v 21.411453 29.875865 18.975519
v 22.513116 26.719141 18.567173
v 22.261140 26.528936 18.290984
v 22.120899 26.453753 17.731332
v 22.145961 26.522309 17.101987
v 22.326753 26.708417 16.643335
v 22.594218 26.940991 16.530567
v 22.846194 27.131195 16.806757
v 22.986434 27.206378 17.366408
v 22.961372 27.137823 17.995754
v 22.780581 26.951715 18.454405
v 22.513116 26.719141 18.567173
v 23.671363 22.821317 18.043219
v 23.419136 22.662297 17.778361
v 23.277210 22.609050 17.237597
v 23.299794 22.681914 16.627481
v 23.478263 22.853058 16.181055
v 23.744448 23.057110 16.068841
v 23.996674 23.216130 16.333699
v 24.138601 23.269377 16.874463
v 24.116016 23.196513 17.484579
v 23.937547 23.025369 17.931005
v 23.671363 22.821317 18.043219
v 24.776804 18.579254 17.278471
v 24.525041 18.452954 17.026059
v 24.380178 18.430232 16.506487
v 24.397548 18.519766 15.918214
v 24.570515 18.687357 15.485942
v 24.833013 18.868992 15.374782
v 25.084776 18.995292 15.627194
v 25.229639 19.018015 16.146766
v 25.212269 18.928481 16.735038
v 25.039302 18.760889 17.167311
v 24.776804 18.579254 17.278471
v 25.714508 14.404139 16.145634
v 25.463202 14.320169 15.910865
v 25.313883 14.343723 15.420756
v 25.323586 14.465805 14.862513
v 25.488604 14.639784 14.449365
v 25.745906 14.799206 14.339122
v 25.997212 14.883176 14.573891
v 26.146531 14.859622 15.064000
v 26.136828 14.737540 15.622243
v 25.971810 14.563561 16.035390
v 25.714508 14.404139 16.145634
v 26.368455 10.693670 14.501729
v 26.118006 10.674930 14.300374
v 25.963554 10.776054 13.863967
v 25.964096 10.958416 13.359202
v 26.119423 11.152361 12.978882
v 26.370206 11.283807 12.868276
v 26.620655 11.302547 13.069632
v 26.775107 11.201423 13.506038
v 26.774566 11.019060 14.010803
v 26.619239 10.825116 14.391123
v 26.368455 10.693670 14.501729
v 26.606940 7.852619 12.165320
v 26.364885 7.939038 12.044392
v 26.215619 8.164172 11.729359
v 26.216157 8.442027 11.340553
v 26.366292 8.666472 11.026486
v 26.608679 8.751776 10.907119
v 26.850734 8.665356 11.028047
v 27.000000 8.440222 11.343079
v 26.999462 8.162367 11.731885
v 26.849327 7.937923 12.045953
v 26.606940 7.852619 12.165320
v 26.341191 5.955772 8.841243
v 26.127209 6.120656 8.837296
v 26.005710 6.427332 8.683929
v 26.023102 6.758658 8.439723
v 26.172741 6.988081 8.197958
v 26.397471 7.027968 8.050978
v 26.611452 6.863084 8.054925
v 26.732951 6.556409 8.208292
v 26.715560 6.225082 8.452498
v 26.565920 5.995659 8.694264
v 26.341191 5.955772 8.841243
v 25.681632 4.686705 4.684861
v 25.499564 4.867628 4.757101
v 25.405593 5.180936 4.707959
v 25.435614 5.506957 4.556206
v 25.578160 5.721163 4.359806
v 25.778782 5.741733 4.193778
v 25.960850 5.560811 4.121538
v 26.054821 5.247502 4.170679
v 26.024800 4.921481 4.322432
v 25.882254 4.707276 4.518832
v 25.681632 4.686705 4.684861
v 24.744843 3.960910 0.109488
v 24.592267 4.133787 0.223166
v 24.520913 4.425951 0.236094
v 24.558035 4.725805 0.143335
v 24.689455 4.918816 -0.019680
v 24.864974 4.931259 -0.190686
v 25.017550 4.758382 -0.304363
v 25.088904 4.466218 -0.317291
v 25.051782 4.166364 -0.224532
v 24.920362 3.973353 -0.061517
v 24.744843 3.960910 0.109488
v 23.641459 3.733836 -4.467660
v 23.516341 3.889697 -4.330824
v 23.464394 4.150450 -4.277739
v 23.505460 4.416496 -4.328682
v 23.623853 4.586214 -4.464194
v 23.774351 4.594777 -4.632514
v 23.899470 4.438916 -4.769350
v 23.951417 4.178163 -4.822435
v 23.910351 3.912117 -4.771492
v 23.791957 3.742399 -4.635980
v 23.641459 3.733836 -4.467660
v 22.482092 3.974920 -8.617930
v 22.383762 4.109615 -8.464972
v 22.350329 4.334496 -8.381004
v 22.394565 4.563667 -8.398099
v 22.499572 4.709591 -8.509726
v 22.625242 4.716531 -8.673249
v 22.723572 4.581836 -8.826207
v 22.757005 4.356954 -8.910175
v 22.712769 4.127784 -8.893080
v 22.607761 3.981860 -8.781453
v 22.482092 3.974920 -8.617930
v 21.371582 4.664494 -11.915838
v 21.305152 4.771961 -11.738123
v 21.296594 4.953996 -11.615957
v 21.349178 5.141067 -11.596002
v 21.442817 5.261719 -11.685881
v 21.541745 5.269868 -11.851263
v 21.608175 5.162400 -12.028977
v 21.616733 4.980366 -12.151144
v 21.564150 4.793295 -12.171098
v 21.470510 4.672642 -12.081219
v 21.371582 4.664494 -11.915838
v 20.193036 6.157482 -14.333367
v 20.158456 6.227766 -14.146314
v 20.174313 6.356171 -14.004201
v 20.234549 6.493652 -13.961311
v 20.316158 6.587695 -14.034025
v 20.387967 6.602379 -14.194571
v 20.422547 6.532096 -14.381624
v 20.406690 6.403690 -14.523736
v 20.346453 6.266210 -14.566627
v 20.264845 6.172166 -14.493912
v 20.193036 6.157482 -14.333367
v 18.848912 8.516433 -16.211140
v 18.831661 8.557308 -16.049566
v 18.855153 8.642280 -15.923181
v 18.910414 8.738893 -15.880258
v 18.976336 8.810242 -15.937194
v 19.027740 8.829077 -16.072240
v 19.044990 8.788201 -16.233814
v 19.021499 8.703229 -16.360199
v 18.966238 8.606617 -16.403122
v 18.900315 8.535267 -16.346186
v 18.848912 8.516433 -16.211140
v 17.458379 11.321499 -17.660938
v 17.449274 11.345111 -17.537664
v 17.470589 11.400679 -17.440272
v 17.514183 11.466980 -17.405964
v 17.563404 11.518687 -17.447843
v 17.599451 11.536051 -17.549914
v 17.608556 11.512440 -17.673188
v 17.587240 11.456871 -17.770579
v 17.543647 11.390570 -17.804887
v 17.494426 11.338863 -17.763008
v 17.458379 11.321499 -17.660938
v 16.142071 14.161205 -18.782478
v 16.136973 14.175040 -18.698204
v 16.152529 14.210294 -18.631379
v 16.182798 14.253501 -18.607528
v 16.216219 14.288157 -18.635762
v 16.240024 14.301025 -18.705295
v 16.245122 14.287190 -18.789569
v 16.229566 14.251936 -18.856394
v 16.199297 14.208730 -18.880245
v 16.165877 14.174074 -18.852012
v 16.142071 14.161205 -18.782478
v 15.024429 16.620829 -19.668683
v 15.021254 16.629366 -19.618490
v 15.030397 16.650711 -19.578722
v 15.048366 16.676712 -19.564570
v 15.068296 16.697436 -19.581439
v 15.082577 16.704967 -19.622886
v 15.085752 16.696430 -19.673079
v 15.076609 16.675085 -19.712847
v 15.058640 16.649084 -19.726999
v 15.038710 16.628360 -19.710130
v 15.024429 16.620829 -19.668683
v 14.230538 18.285336 -20.411230
v 14.228716 18.290112 -20.385908
v 14.233137 18.301433 -20.365903
v 14.242111 18.314975 -20.358858
v 14.252212 18.325564 -20.367462
v 14.259581 18.329157 -20.388430
v 14.261402 18.324381 -20.413752
v 14.256982 18.313059 -20.433756
v 14.248007 18.299518 -20.440802
v 14.237906 18.288928 -20.432197
v 14.230538 18.285336 -20.411230
v 14.245059 39.984853 15.794359
v 14.245059 18.307246 -20.399830
vt 0.8164062 0.1679688
vt 0.8164062 0.1519531
vt 0.8164062 0.1359375
vt 0.8164062 0.1199219
vt 0.8164062 0.1039062
vt 0.8164062 0.0878906
vt 0.8164062 0.0718750
vt 0.8164062 0.0558594
vt 0.8164062 0.0398437
vt 0.8164062 0.0238281
vt 0.8164062 0.0078125
vt 0.8237305 0.1679688
vt 0.8237305 0.1519531
vt 0.8237305 0.1359375
vt 0.8237305 0.1199219
vt 0.8237305 0.1039062
vt 0.8237305 0.0878906
vt 0.8237305 0.0718750
vt 0.8237305 0.0558594
vt 0.8237305 0.0398437
vt 0.8237305 0.0238281
vt 0.8237305 0.0078125
vt 0.8310547 0.1679688
vt 0.8310547 0.1519531
vt 0.8310547 0.1359375
vt 0.8310547 0.1199219
vt 0.8310547 0.1039062
vt 0.8310547 0.0878906
vt 0.8310547 0.0718750
vt 0.8310547 0.0558594
vt 0.8310547 0.0398437
vt 0.8310547 0.0238281
vt 0.8310547 0.0078125
vt 0.8383789 0.1679688
vt 0.8383789 0.1519531
vt 0.8383789 0.1359375
vt 0.8383789 0.1199219
vt 0.8383789 0.1039062
vt 0.8383789 0.0878906
vt 0.8383789 0.0718750
vt 0.8383789 0.0558594
vt 0.8383789 0.0398437
vt 0.8383789 0.0238281
vt 0.8383789 0.0078125
vt 0.8457031 0.1679688
vt 0.8457031 0.1519531
vt 0.8457031 0.1359375
vt 0.8457031 0.1199219
vt 0.8457031 0.1039062
vt 0.8457031 0.0878906
vt 0.8457031 0.0718750
vt 0.8457031 0.0558594
vt 0.8457031 0.0398437
vt 0.8457031 0.0238281
vt 0.8457031 0.0078125
vt 0.8530273 0.1679688
vt 0.8530273 0.1519531
vt 0.8530273 0.1359375
vt 0.8530273 0.1199219
vt 0.8530273 0.1039062
vt 0.8530273 0.0878906
vt 0.8530273 0.0718750
vt 0.8530273 0.0558594
vt 0.8530273 0.0398437
vt 0.8530273 0.0238281
vt 0.8530273 0.0078125
vt 0.8603516 0.1679688
vt 0.8603516 0.1519531
vt 0.8603516 0.1359375
vt 0.8603516 0.1199219
vt 0.8603516 0.1039062
vt 0.8603516 0.0878906
vt 0.8603516 0.0718750
vt 0.8603516 0.0558594
vt 0.8603516 0.0398437
vt 0.8603516 0.0238281
vt 0.8603516 0.0078125
vt 0.8676758 0.1679688
vt 0.8676758 0.1519531
vt 0.8676758 0.1359375
vt 0.8676758 0.1199219
vt 0.8676758 0.1039062
vt 0.8676758 0.0878906
vt 0.8676758 0.0718750
vt 0.8676758 0.0558594
vt 0.8676758 0.0398437
vt 0.8676758 0.0238281
vt 0.8676758 0.0078125
vt 0.8750000 0.1679688
vt 0.8750000 0.1519531
vt 0.8750000 0.1359375
vt 0.8750000 0.1199219
vt 0.8750000 0.1039062
vt 0.8750000 0.0878906
vt 0.8750000 0.0718750
vt 0.8750000 0.0558594
vt 0.8750000 0.0398437
vt 0.8750000 0.0238281
vt 0.8750000 0.0078125
vt 0.8823242 0.1679688
vt 0.8823242 0.1519531
vt 0.8823242 0.1359375
vt 0.8823242 0.1199219
vt 0.8823242 0.1039062
vt 0.8823242 0.0878906
vt 0.8823242 0.0718750
vt 0.8823242 0.0558594
vt 0.8823242 0.0398437
vt 0.8823242 0.0238281
vt 0.8823242 0.0078125
vt 0.8896484 0.1679688
vt 0.8896484 0.1519531
vt 0.8896484 0.1359375
vt 0.8896484 0.1199219
vt 0.8896484 0.1039062
vt 0.8896484 0.0878906
vt 0.8896484 0.0718750
vt 0.8896484 0.0558594
vt 0.8896484 0.0398437
vt 0.8896484 0.0238281
vt 0.8896484 0.0078125
vt 0.8969727 0.1679688
vt 0.8969727 0.1519531
vt 0.8969727 0.1359375
vt 0.8969727 0.1199219
vt 0.8969727 0.1039062
vt 0.8969727 0.0878906
vt 0.8969727 0.0718750
vt 0.8969727 0.0558594
vt 0.8969727 0.0398437
vt 0.8969727 0.0238281
vt 0.8969727 0.0078125
vt 0.9042969 0.1679688
vt 0.9042969 0.1519531
vt 0.9042969 0.1359375
vt 0.9042969 0.1199219
vt 0.9042969 0.1039062
vt 0.9042969 0.0878906
vt 0.9042969 0.0718750
vt 0.9042969 0.0558594
vt 0.9042969 0.0398437
vt 0.9042969 0.0238281
vt 0.9042969 0.0078125
vt 0.9116211 0.1679688
vt 0.9116211 0.1519531
vt 0.9116211 0.1359375
vt 0.9116211 0.1199219
vt 0.9116211 0.1039062
vt 0.9116211 0.0878906
vt 0.9116211 0.0718750
vt 0.9116211 0.0558594
vt 0.9116211 0.0398437
vt 0.9116211 0.0238281
vt 0.9116211 0.0078125
vt 0.9189453 0.1679688
vt 0.9189453 0.1519531
vt 0.9189453 0.1359375
vt 0.9189453 0.1199219
vt 0.9189453 0.1039062
vt 0.9189453 0.0878906
vt 0.9189453 0.0718750
vt 0.9189453 0.0558594
vt 0.9189453 0.0398437
vt 0.9189453 0.0238281
vt 0.9189453 0.0078125
vt 0.9262695 0.1679688
vt 0.9262695 0.1519531
vt 0.9262695 0.1359375
vt 0.9262695 0.1199219
vt 0.9262695 0.1039062
vt 0.9262695 0.0878906
vt 0.9262695 0.0718750
vt 0.9262695 0.0558594
vt 0.9262695 0.0398437
vt 0.9262695 0.0238281
vt 0.9262695 0.0078125
vt 0.9335938 0.1679688
vt 0.9335938 0.1519531
vt 0.9335938 0.1359375
vt 0.9335938 0.1199219
vt 0.9335938 0.1039062
vt 0.9335938 0.0878906
vt 0.9335938 0.0718750
vt 0.9335938 0.0558594
vt 0.9335938 0.0398437
vt 0.9335938 0.0238281
vt 0.9335938 0.0078125
vt 0.9409180 0.1679688
vt 0.9409180 0.1519531
vt 0.9409180 0.1359375
vt 0.9409180 0.1199219
vt 0.9409180 0.1039062
vt 0.9409180 0.0878906
vt 0.9409180 0.0718750
vt 0.9409180 0.0558594
vt 0.9409180 0.0398437
vt 0.9409180 0.0238281
vt 0.9409180 0.0078125
vt 0.9482422 0.1679688
vt 0.9482422 0.1519531
vt 0.9482422 0.1359375
vt 0.9482422 0.1199219
vt 0.9482422 0.1039062
vt 0.9482422 0.0878906
vt 0.9482422 0.0718750
vt 0.9482422 0.0558594
vt 0.9482422 0.0398437
vt 0.9482422 0.0238281
vt 0.9482422 0.0078125
vt 0.9555664 0.1679688
vt 0.9555664 0.1519531
vt 0.9555664 0.1359375
vt 0.9555664 0.1199219
vt 0.9555664 0.1039062
vt 0.9555664 0.0878906
vt 0.9555664 0.0718750
vt 0.9555664 0.0558594
vt 0.9555664 0.0398437
vt 0.9555664 0.0238281
vt 0.9555664 0.0078125
vt 0.9628906 0.1679688
vt 0.9628906 0.1519531
vt 0.9628906 0.1359375
vt 0.9628906 0.1199219
vt 0.9628906 0.1039062
vt 0.9628906 0.0878906
vt 0.9628906 0.0718750
vt 0.9628906 0.0558594
vt 0.9628906 0.0398437
vt 0.9628906 0.0238281
vt 0.9628906 0.0078125
vt 0.9702148 0.1679688
vt 0.9702148 0.1519531
vt 0.9702148 0.1359375
vt 0.9702148 0.1199219
vt 0.9702148 0.1039062
vt 0.9702148 0.0878906
vt 0.9702148 0.0718750
vt 0.9702148 0.0558594
vt 0.9702148 0.0398437
vt 0.9702148 0.0238281
vt 0.9702148 0.0078125
vt 0.9775391 0.1679688
vt 0.9775391 0.1519531
vt 0.9775391 0.1359375
vt 0.9775391 0.1199219
vt 0.9775391 0.1039062
vt 0.9775391 0.0878906
vt 0.9775391 0.0718750
vt 0.9775391 0.0558594
vt 0.9775391 0.0398437
vt 0.9775391 0.0238281
vt 0.9775391 0.0078125
vt 0.9848633 0.1679688
vt 0.9848633 0.1519531
vt 0.9848633 0.1359375
vt 0.9848633 0.1199219
vt 0.9848633 0.1039062
vt 0.9848633 0.0878906
vt 0.9848633 0.0718750
vt 0.9848633 0.0558594
vt 0.9848633 0.0398437
vt 0.9848633 0.0238281
vt 0.9848633 0.0078125
vt 0.9921875 0.1679688
vt 0.9921875 0.1519531
vt 0.9921875 0.1359375
vt 0.9921875 0.1199219
vt 0.9921875 0.1039062
vt 0.9921875 0.0878906
vt 0.9921875 0.0718750
vt 0.9921875 0.0558594
vt 0.9921875 0.0398437
vt 0.9921875 0.0238281
vt 0.9921875 0.0078125
vt 0.8164062 0.0878906
vt 0.9921875 0.0878906
vn -0.7890959 0.1229970 0.6018300
vn -0.9246236 -0.2157080 0.3139127
vn -0.9324453 -0.3610051 0.0148681
vn -0.8727873 -0.3708133 -0.3173955
vn -0.6644964 -0.1716873 -0.7273018
vn -0.1146883 0.3628085 -0.9247792
vn 0.3313628 0.7652558 -0.5518898
vn 0.3970375 0.9114531 -0.1077707
vn 0.1837195 0.9269698 0.3270690
vn -0.3390159 0.6538390 0.6764339
vn -0.7890959 0.1229970 0.6018300
vn -0.3931496 -0.0150628 0.9193511
vn -0.7184258 -0.4610139 0.5208940
vn -0.7521719 -0.6480275 0.1195734
vn -0.6401490 -0.7109656 -0.2910966
vn -0.2619714 -0.5682532 -0.7800380
vn 0.4217815 -0.0016841 -0.9066959
vn 0.7356033 0.4432388 -0.5122764
vn 0.7671764 0.6308845 -0.1158668
vn 0.6591765 0.6931067 0.2917009
vn 0.2925943 0.5507000 0.7817404
vn -0.3931496 -0.0150628 0.9193511
vn -0.3968877 -0.0002428 0.9178671
vn -0.7181793 -0.4552630 0.5262643
vn -0.7488350 -0.6506513 0.1260914
vn -0.6328233 -0.7199406 -0.2849915
vn -0.2510580 -0.5816441 -0.7737312
vn 0.4272672 -0.0145735 -0.9040079
vn 0.7359608 0.4385219 -0.5158102
vn 0.7641917 0.6335513 -0.1209290
vn 0.6524831 0.7015904 0.2864205
vn 0.2832045 0.5643023 0.7754729
vn -0.3968877 -0.0002428 0.9178671
vn -0.3658198 -0.0081038 0.9306504
vn -0.7262451 -0.4440925 0.5247380
vn -0.7741980 -0.6209568 0.1225975
vn -0.6765372 -0.6803884 -0.2817249
vn -0.3154670 -0.5522107 -0.7717150
vn 0.3984602 -0.0055416 -0.9171689
vn 0.7437768 0.4278821 -0.5135299
vn 0.7885134 0.6037337 -0.1172698
vn 0.6948700 0.6614117 0.2822946
vn 0.3475916 0.5342347 0.7705669
vn -0.3658198 -0.0081038 0.9306504
vn -0.3091401 -0.0372533 0.9502866
vn -0.7407659 -0.4275787 0.5181142
vn -0.8171189 -0.5651947 0.1134531
vn -0.7493231 -0.6013927 -0.2772033
vn -0.4285178 -0.4825044 -0.7639123
vn 0.3427294 0.0230090 -0.9391523
vn 0.7573129 0.4113986 -0.5071768
vn 0.8293878 0.5480537 -0.1084112
vn 0.7643431 0.5822619 0.2770393
vn 0.4566956 0.4631396 0.7595596
vn -0.3091401 -0.0372533 0.9502866
vn -0.2297955 -0.0936689 0.9687209
vn -0.7615050 -0.4032152 0.5074719
vn -0.8706270 -0.4811710 0.1023872
vn -0.8352165 -0.4806194 -0.2672421
vn -0.5683231 -0.3613786 -0.7391985
vn 0.2626761 0.0795249 -0.9616013
vn 0.7760816 0.3871387 -0.4978163
vn 0.8795983 0.4653633 -0.0987114
vn 0.8449711 0.4641454 0.2656932
vn 0.5886946 0.3441372 0.7314426
vn -0.2297955 -0.0936689 0.9687209
vn -0.1813234 -0.1570059 0.9708094
vn -0.7929962 -0.3637279 0.4887321
vn -0.9193801 -0.3827216 0.0909084
vn -0.9013051 -0.3493288 -0.2561613
vn -0.6699629 -0.2251902 -0.7074172
vn 0.2073277 0.1436550 -0.9676665
vn 0.8025253 0.3499150 -0.4832315
vn 0.9240209 0.3715491 -0.0902030
vn 0.9061017 0.3389946 0.2531055
vn 0.6825577 0.2135314 0.6989416
vn -0.1813234 -0.1570059 0.9708094
vn -0.1714279 -0.1778570 0.9690095
vn -0.8155477 -0.3233264 0.4799395
vn -0.9441701 -0.3169907 0.0897755
vn -0.9303775 -0.2732979 -0.2443479
vn -0.7130117 -0.1539268 -0.6840474
vn 0.1867366 0.1652266 -0.9684160
vn 0.8208783 0.3128737 -0.4777748
vn 0.9468536 0.3088173 -0.0900007
vn 0.9333082 0.2651714 0.2421154
vn 0.7204026 0.1436455 0.6785176
vn -0.1714279 -0.1778570 0.9690095
vn -0.1510588 -0.1913502 0.9698280
vn -0.8219848 -0.3029709 0.4822340
vn -0.9548535 -0.2817210 0.0942764
vn -0.9445803 -0.2310681 -0.2331856
vn -0.7388783 -0.1125977 -0.6643648
vn 0.1613450 0.1795756 -0.9704228
vn 0.8260097 0.2940029 -0.4809057
vn 0.9569319 0.2745932 -0.0942328
vn 0.9466445 0.2236989 0.2319976
vn 0.7434012 0.1029700 0.6608720
vn -0.1510588 -0.1913502 0.9698280
vn -0.1098788 -0.2393368 0.9646992
vn -0.8192472 -0.3051752 0.4854916
vn -0.9617065 -0.2558418 0.0983140
vn -0.9569564 -0.1867325 -0.2221831
vn -0.7662510 -0.0536119 -0.6403009
vn 0.1192890 0.2267573 -0.9666185
vn 0.8233425 0.2957682 -0.4843845
vn 0.9636770 0.2483945 -0.0981166
vn 0.9586467 0.1789603 0.2212910
vn 0.7695975 0.0434053 0.6370524
vn -0.1098788 -0.2393368 0.9646992
vn -0.0482159 -0.3339160 0.9413689
vn -0.8093827 -0.3290606 0.4864347
vn -0.9675207 -0.2308365 0.1030449
vn -0.9699417 -0.1283587 -0.2067295
vn -0.7968312 0.0360882 -0.6031232
vn 0.0578083 0.3177482 -0.9464113
vn 0.8144205 0.3172083 -0.4858994
vn 0.9697436 0.2213968 -0.1028631
vn 0.9714564 0.1181106 0.2057240
vn 0.7991770 -0.0496150 0.5990447
vn -0.0482159 -0.3339160 0.9413689
vn 0.0255340 -0.5055565 0.8624156
vn -0.7933040 -0.3834344 0.4729132
vn -0.9740975 -0.1976678 0.1098246
vn -0.9834089 -0.0364732 -0.1776982
vn -0.8248086 0.1840710 -0.5346107
vn -0.0165373 0.4821258 -0.8759459
vn 0.8004266 0.3662312 -0.4745440
vn 0.9768740 0.1830771 -0.1104538
vn 0.9843769 0.0191563 0.1750293
vn 0.8246493 -0.2065407 0.5265876
vn 0.0255340 -0.5055565 0.8624156
vn 0.0147190 -0.7537584 0.6569868
vn -0.7925488 -0.4555028 0.4054425
vn -0.9832369 -0.1346536 0.1229376
vn -0.9859046 0.1257157 -0.1103976
vn -0.8045596 0.4414125 -0.3972895
vn -0.0047791 0.7374368 -0.6753993
vn 0.8004637 0.4350151 -0.4123345
vn 0.9848124 0.1165642 -0.1286753
vn 0.9843271 -0.1431971 0.1029309
vn 0.8014182 -0.4580669 0.3845824
vn 0.0147190 -0.7537584 0.6569868
vn -0.1097301 -0.9049989 0.4110186
vn -0.8149014 -0.4860064 0.3158060
vn -0.9856697 -0.0710891 0.1529758
vn -0.9607091 0.2774936 -0.0059435
vn -0.7092577 0.6709830 -0.2161835
vn 0.1154835 0.8960896 -0.4285873
vn 0.8177289 0.4715606 -0.3300759
vn 0.9845962 0.0582663 -0.1648493
vn 0.9577529 -0.2875547 -0.0046521
vn 0.7068724 -0.6774483 0.2034581
vn -0.1097301 -0.9049989 0.4110186
vn -0.2149217 -0.9406849 0.2625272
vn -0.8312749 -0.4868910 0.2681777
vn -0.9811348 -0.0449809 0.1880191
vn -0.9348325 0.3454680 0.0820985
vn -0.6281779 0.7734959 -0.0842416
vn 0.2062075 0.9362960 -0.2843032
vn 0.8284332 0.4812418 -0.2865394
vn 0.9784781 0.0375210 -0.2029109
vn 0.9301997 -0.3542057 -0.0962645
vn 0.6190628 -0.7824541 0.0672815
vn -0.2149217 -0.9406849 0.2625272
vn -0.2902118 -0.9419071 0.1690803
vn -0.8410378 -0.4841981 0.2412624
vn -0.9752228 -0.0358969 0.2182933
vn -0.9122345 0.3802491 0.1524426
vn -0.5594673 0.8287234 0.0146242
vn 0.2749297 0.9423044 -0.1909871
vn 0.8354333 0.4840287 -0.2603218
vn 0.9715611 0.0319034 -0.2346298
vn 0.9062485 -0.3876016 -0.1687560
vn 0.5456491 -0.8373411 -0.0335711
vn -0.2902118 -0.9419071 0.1690803
vn -0.3550587 -0.9298081 0.0969037
vn -0.8483478 -0.4804757 0.2223716
vn -0.9682916 -0.0339442 0.2475060
vn -0.8892090 0.4021266 0.2181776
vn -0.4909845 0.8651577 0.1021586
vn 0.3358912 0.9344183 -0.1184882
vn 0.8408864 0.4842140 -0.2417578
vn 0.9636226 0.0325706 -0.2652746
vn 0.8816109 -0.4083132 -0.2367331
vn 0.4726907 -0.8726136 -0.1229189
vn -0.3550587 -0.9298081 0.0969037
vn -0.4291642 -0.9028301 0.0267569
vn -0.8560971 -0.4738802 0.2062408
vn -0.9583616 -0.0364252 0.2832247
vn -0.8578913 0.4195253 0.2966834
vn -0.4013786 0.8938217 0.1999450
vn 0.4055156 0.9128086 -0.0483487
vn 0.8466319 0.4816411 -0.2263544
vn 0.9520544 0.0376581 -0.3036022
vn 0.8468490 -0.4250809 -0.3196138
vn 0.3748685 -0.8996133 -0.2239858
vn -0.4291642 -0.9028301 0.0267569
vn -0.5740211 -0.8165276 -0.0615016
vn -0.8734024 -0.4475253 0.1920660
vn -0.9336149 -0.0440765 0.3555567
vn -0.7722947 0.4442867 0.4540597
vn -0.1714582 0.9150080 0.3651882
vn 0.5499915 0.8340854 0.0425551
vn 0.8617133 0.4611108 -0.2117241
vn 0.9240185 0.0512694 -0.3788948
vn 0.7543699 -0.4448241 -0.4827603
vn 0.1353591 -0.9107054 -0.3902480
vn -0.5740211 -0.8165276 -0.0615016
vn -0.7389166 -0.6600864 -0.1352340
vn -0.8971467 -0.4039209 0.1788177
vn -0.8897752 -0.0768512 0.4498823
vn -0.5886020 0.4237823 0.6884448
vn 0.2080665 0.8150372 0.5407612
vn 0.7212417 0.6815748 0.1235560
vn 0.8853488 0.4226480 -0.1937165
vn 0.8772051 0.0924454 -0.4711316
vn 0.5635101 -0.4126045 -0.7156912
vn -0.2404744 -0.7956916 -0.5559199
vn -0.7389166 -0.6600864 -0.1352340
vn -0.8174313 -0.5513431 -0.1668138
vn -0.9099625 -0.3791836 0.1678930
vn -0.8577673 -0.1247341 0.4986749
vn -0.4384701 0.3401473 0.8318917
vn 0.4232108 0.6700422 0.6098657
vn 0.8027861 0.5742236 0.1606291
vn 0.8993254 0.3995253 -0.1777452
vn 0.8445174 0.1447665 -0.5155900
vn 0.4082018 -0.3204239 -0.8548098
vn -0.4526403 -0.6440514 -0.6166965
vn -0.8174313 -0.5513431 -0.1668138
vn -0.8494103 -0.4955397 -0.1815010
vn -0.9159508 -0.3684201 0.1590621
vn -0.8421119 -0.1598949 0.5150545
vn -0.3605973 0.2668282 0.8937406
vn 0.5134786 0.5778286 0.6343925
vn 0.8367766 0.5177743 0.1780863
vn 0.9063554 0.3885087 -0.1660749
vn 0.8292425 0.1811796 -0.5287067
vn 0.3297699 -0.2434761 -0.9121245
vn -0.5393693 -0.5508797 -0.6368770
vn -0.8494103 -0.4955397 -0.1815010
vn -0.8608000 -0.4705968 -0.1938092
vn -0.9190772 -0.3648551 0.1489223
vn -0.8388614 -0.1811023 0.5133357
vn -0.3400916 0.2193432 0.9144541
vn 0.5415926 0.5315940 0.6512183
vn 0.8491367 0.4921996 0.1915894
vn 0.9100817 0.3845144 -0.1545962
vn 0.8265401 0.2025371 -0.5251764
vn 0.3102004 -0.1948841 -0.9304815
vn -0.5656665 -0.5048843 -0.6520071
vn -0.8608000 -0.4705968 -0.1938092
vn -0.8556884 -0.4738124 -0.2080848
vn -0.9198858 -0.3678595 0.1359760
vn -0.8479501 -0.1874246 0.4958353
vn -0.3782930 0.2038782 0.9029552
vn 0.5164245 0.5319716 0.6710529
vn 0.8437052 0.4956630 0.2061062
vn 0.9109318 0.3875842 -0.1413569
vn 0.8361240 0.2087985 -0.5072474
vn 0.3494453 -0.1795588 -0.9195905
vn -0.5415484 -0.5050777 -0.6720282
vn -0.8556884 -0.4738124 -0.2080848
vn -0.8262801 -0.5010439 -0.2573251
vn -0.9171772 -0.3871682 0.0942695
vn -0.8752670 -0.2059699 0.4375888
vn -0.5128477 0.1673286 0.8420145
vn 0.3876572 0.5593964 0.7326647
vn 0.8051222 0.5359112 0.2541211
vn 0.9027607 0.4177878 -0.1023551
vn 0.8585011 0.2379764 -0.4542501
vn 0.4742507 -0.1319021 -0.8704528
vn -0.4324503 -0.5182989 -0.7378028
vn -0.8262801 -0.5010439 -0.2573251
vn -0.9084205 0.4089310 -0.0868772
vn -0.7783893 0.6043279 -0.1699936
s 1
f 3437/3437/3437 3438/3438/3438 3449/3449/3449
f 3437/3437/3437 3449/3449/3449 3448/3448/3448
f 3438/3438/3438 3439/3439/3439 3450/3450/3450
f 3438/3438/3438 3450/3450/3450 3449/3449/3449
f 3439/3439/3439 3440/3440/3440 3451/3451/3451
f 3439/3439/3439 3451/3451/3451 3450/3450/3450
f 3440/3440/3440 3441/3441/3441 3452/3452/3452
f 3440/3440/3440 3452/3452/3452 3451/3451/3451
f 3441/3441/3441 3442/3442/3442 3453/3453/3453
f 3441/3441/3441 3453/3453/3453 3452/3452/3452
f 3442/3442/3442 3443/3443/3443 3454/3454/3454
f 3442/3442/3442 3454/3454/3454 3453/3453/3453
f 3443/3443/3443 3444/3444/3444 3455/3455/3455
f 3443/3443/3443 3455/3455/3455 3454/3454/3454
f 3444/3444/3444 3445/3445/3445 3456/3456/3456
f 3444/3444/3444 3456/3456/3456 3455/3455/3455
f 3445/3445/3445 3446/3446/3446 3457/3457/3457
f 3445/3445/3445 3457/3457/3457 3456/3456/3456
f 3446/3446/3446 3447/3447/3447 3458/3458/3458
f 3446/3446/3446 3458/3458/3458 3457/3457/3457
f 3448/3448/3448 3449/3449/3449 3460/3460/3460
f 3448/3448/3448 3460/3460/3460 3459/3459/3459
f 3449/3449/3449 3450/3450/3450 3461/3461/3461
f 3449/3449/3449 3461/3461/3461 3460/3460/3460
f 3450/3450/3450 3451/3451/3451 3462/3462/3462
f 3450/3450/3450 3462/3462/3462 3461/3461/3461
f 3451/3451/3451 3452/3452/3452 3463/3463/3463
f 3451/3451/3451 3463/3463/3463 3462/3462/3462
f 3452/3452/3452 3453/3453/3453 3464/3464/3464
f 3452/3452/3452 3464/3464/3464 3463/3463/3463
f 3453/3453/3453 3454/3454/3454 3465/3465/3465
f 3453/3453/3453 3465/3465/3465 3464/3464/3464
f 3454/3454/3454 3455/3455/3455 3466/3466/3466
f 3454/3454/3454 3466/3466/3466 3465/3465/3465
f 3455/3455/3455 3456/3456/3456 3467/3467/3467
f 3455/3455/3455 3467/3467/3467 3466/3466/3466
f 3456/3456/3456 3457/3457/3457 3468/3468/3468
f 3456/3456/3456 3468/3468/3468 3467/3467/3467
f 3457/3457/3457 3458/3458/3458 3469/3469/3469
f 3457/3457/3457 3469/3469/3469 3468/3468/3468
f 3459/3459/3459 3460/3460/3460 3471/3471/3471
f 3459/3459/3459 3471/3471/3471 3470/3470/3470
f 3460/3460/3460 3461/3461/3461 3472/3472/3472
f 3460/3460/3460 3472/3472/3472 3471/3471/3471
f 3461/3461/3461 3462/3462/3462 3473/3473/3473
f 3461/3461/3461 3473/3473/3473 3472/3472/3472
f 3462/3462/3462 3463/3463/3463 3474/3474/3474
f 3462/3462/3462 3474/3474/3474 3473/3473/3473
f 3463/3463/3463 3464/3464/3464 3475/3475/3475
f 3463/3463/3463 3475/3475/3475 3474/3474/3474
f 3464/3464/3464 3465/3465/3465 3476/3476/3476
f 3464/3464/3464 3476/3476/3476 3475/3475/3475
f 3465/3465/3465 3466/3466/3466 3477/3477/3477
f 3465/3465/3465 3477/3477/3477 3476/3476/3476
f 3466/3466/3466 3467/3467/3467 3478/3478/3478
f 3466/3466/3466 3478/3478/3478 3477/3477/3477
f 3467/3467/3467 3468/3468/3468 3479/3479/3479
f 3467/3467/3467 3479/3479/3479 3478/3478/3478
f 3468/3468/3468 3469/3469/3469 3480/3480/3480
f 3468/3468/3468 3480/3480/3480 3479/3479/3479
f 3470/3470/3470 3471/3471/3471 3482/3482/3482
f 3470/3470/3470 3482/3482/3482 3481/3481/3481
f 3471/3471/3471 3472/3472/3472 3483/3483/3483
f 3471/3471/3471 3483/3483/3483 3482/3482/3482
f 3472/3472/3472 3473/3473/3473 3484/3484/3484
f 3472/3472/3472 3484/3484/3484 3483/3483/3483
f 3473/3473/3473 3474/3474/3474 3485/3485/3485
f 3473/3473/3473 3485/3485/3485 3484/3484/3484
f 3474/3474/3474 3475/3475/3475 3486/3486/3486
f 3474/3474/3474 3486/3486/3486 3485/3485/3485
f 3475/3475/3475 3476/3476/3476 3487/3487/3487
f 3475/3475/3475 3487/3487/3487 3486/3486/3486
f 3476/3476/3476 3477/3477/3477 3488/3488/3488
f 3476/3476/3476 3488/3488/3488 3487/3487/3487
f 3477/3477/3477 3478/3478/3478 3489/3489/3489
f 3477/3477/3477 3489/3489/3489 3488/3488/3488
f 3478/3478/3478 3479/3479/3479 3490/3490/3490
f 3478/3478/3478 3490/3490/3490 3489/3489/3489
f 3479/3479/3479 3480/3480/3480 3491/3491/3491
f 3479/3479/3479 3491/3491/3491 3490/3490/3490
f 3481/3481/3481 3482/3482/3482 3493/3493/3493
f 3481/3481/3481 3493/3493/3493 3492/3492/3492
f 3482/3482/3482 3483/3483/3483 3494/3494/3494
f 3482/3482/3482 3494/3494/3494 3493/3493/3493
f 3483/3483/3483 3484/3484/3484 3495/3495/3495
f 3483/3483/3483 3495/3495/3495 3494/3494/3494
f 3484/3484/3484 3485/3485/3485 3496/3496/3496
f 3484/3484/3484 3496/3496/3496 3495/3495/3495
f 3485/3485/3485 3486/3486/3486 3497/3497/3497
f 3485/3485/3485 3497/3497/3497 3496/3496/3496
f 3486/3486/3486 3487/3487/3487 3498/3498/3498
f 3486/3486/3486 3498/3498/3498 3497/3497/3497
f 3487/3487/3487 3488/3488/3488 3499/3499/3499
f 3487/3487/3487 3499/3499/3499 3498/3498/3498
f 3488/3488/3488 3489/3489/3489 3500/3500/3500
f 3488/3488/3488 3500/3500/3500 3499/3499/3499
f 3489/3489/3489 3490/3490/3490 3501/3501/3501
f 3489/3489/3489 3501/3501/3501 3500/3500/3500
f 3490/3490/3490 3491/3491/3491 3502/3502/3502
f 3490/3490/3490 3502/3502/3502 3501/3501/3501
f 3492/3492/3492 3493/3493/3493 3504/3504/3504
f 3492/3492/3492 3504/3504/3504 3503/3503/3503
f 3493/3493/3493 3494/3494/3494 3505/3505/3505
f 3493/3493/3493 3505/3505/3505 3504/3504/3504
f 3494/3494/3494 3495/3495/3495 3506/3506/3506
f 3494/3494/3494 3506/3506/3506 3505/3505/3505
f 3495/3495/3495 3496/3496/3496 3507/3507/3507
f 3495/3495/3495 3507/3507/3507 3506/3506/3506
f 3496/3496/3496 3497/3497/3497 3508/3508/3508
f 3496/3496/3496 3508/3508/3508 3507/3507/3507
f 3497/3497/3497 3498/3498/3498 3509/3509/3509
f 3497/3497/3497 3509/3509/3509 3508/3508/3508
f 3498/3498/3498 3499/3499/3499 3510/3510/3510
f 3498/3498/3498 3510/3510/3510 3509/3509/3509
f 3499/3499/3499 3500/3500/3500 3511/3511/3511
f 3499/3499/3499 3511/3511/3511 3510/3510/3510
f 3500/3500/3500 3501/3501/3501 3512/3512/3512
f 3500/3500/3500 3512/3512/3512 3511/3511/3511
f 3501/3501/3501 3502/3502/3502 3513/3513/3513
f 3501/3501/3501 3513/3513/3513 3512/3512/3512
f 3503/3503/3503 3504/3504/3504 3515/3515/3515
f 3503/3503/3503 3515/3515/3515 3514/3514/3514
f 3504/3504/3504 3505/3505/3505 3516/3516/3516
f 3504/3504/3504 3516/3516/3516 3515/3515/3515
f 3505/3505/3505 3506/3506/3506 3517/3517/3517
f 3505/3505/3505 3517/3517/3517 3516/3516/3516
f 3506/3506/3506 3507/3507/3507 3518/3518/3518
f 3506/3506/3506 3518/3518/3518 3517/3517/3517
f 3507/3507/3507 3508/3508/3508 3519/3519/3519
f 3507/3507/3507 3519/3519/3519 3518/3518/3518
f 3508/3508/3508 3509/3509/3509 3520/3520/3520
f 3508/3508/3508 3520/3520/3520 3519/3519/3519
f 3509/3509/3509 3510/3510/3510 3521/3521/3521
f 3509/3509/3509 3521/3521/3521 3520/3520/3520
f 3510/3510/3510 3511/3511/3511 3522/3522/3522
f 3510/3510/3510 3522/3522/3522 3521/3521/3521
f 3511/3511/3511 3512/3512/3512 3523/3523/3523
f 3511/3511/3511 3523/3523/3523 3522/3522/3522
f 3512/3512/3512 3513/3513/3513 3524/3524/3524
f 3512/3512/3512 3524/3524/3524 3523/3523/3523
f 3514/3514/3514 3515/3515/3515 3526/3526/3526
f 3514/3514/3514 3526/3526/3526 3525/3525/3525
f 3515/3515/3515 3516/3516/3516 3527/3527/3527
f 3515/3515/3515 3527/3527/3527 3526/3526/3526
f 3516/3516/3516 3517/3517/3517 3528/3528/3528
f 3516/3516/3516 3528/3528/3528 3527/3527/3527
f 3517/3517/3517 3518/3518/3518 3529/3529/3529
f 3517/3517/3517 3529/3529/3529 3528/3528/3528
f 3518/3518/3518 3519/3519/3519 3530/3530/3530
f 3518/3518/3518 3530/3530/3530 3529/3529/3529
f 3519/3519/3519 3520/3520/3520 3531/3531/3531
f 3519/3519/3519 3531/3531/3531 3530/3530/3530
f 3520/3520/3520 3521/3521/3521 3532/3532/3532
f 3520/3520/3520 3532/3532/3532 3531/3531/3531
f 3521/3521/3521 3522/3522/3522 3533/3533/3533
f 3521/3521/3521 3533/3533/3533 3532/3532/3532
f 3522/3522/3522 3523/3523/3523 3534/3534/3534
f 3522/3522/3522 3534/3534/3534 3533/3533/3533
f 3523/3523/3523 3524/3524/3524 3535/3535/3535
f 3523/3523/3523 3535/3535/3535 3534/3534/3534
f 3525/3525/3525 3526/3526/3526 3537/3537/3537
f 3525/3525/3525 3537/3537/3537 3536/3536/3536
f 3526/3526/3526 3527/3527/3527 3538/3538/3538
f 3526/3526/3526 3538/3538/3538 3537/3537/3537
f 3527/3527/3527 3528/3528/3528 3539/3539/3539
f 3527/3527/3527 3539/3539/3539 3538/3538/3538
f 3528/3528/3528 3529/3529/3529 3540/3540/3540
f 3528/3528/3528 3540/3540/3540 3539/3539/3539
f 3529/3529/3529 3530/3530/3530 3541/3541/3541
f 3529/3529/3529 3541/3541/3541 3540/3540/3540
f 3530/3530/3530 3531/3531/3531 3542/3542/3542
f 3530/3530/3530 3542/3542/3542 3541/3541/3541
f 3531/3531/3531 3532/3532/3532 3543/3543/3543
f 3531/3531/3531 3543/3543/3543 3542/3542/3542
f 3532/3532/3532 3533/3533/3533 3544/3544/3544
f 3532/3532/3532 3544/3544/3544 3543/3543/3543
f 3533/3533/3533 3534/3534/3534 3545/3545/3545
f 3533/3533/3533 3545/3545/3545 3544/3544/3544
f 3534/3534/3534 3535/3535/3535 3546/3546/3546
f 3534/3534/3534 3546/3546/3546 3545/3545/3545
f 3536/3536/3536 3537/3537/3537 3548/3548/3548
f 3536/3536/3536 3548/3548/3548 3547/3547/3547
f 3537/3537/3537 3538/3538/3538 3549/3549/3549
f 3537/3537/3537 3549/3549/3549 3548/3548/3548
f 3538/3538/3538 3539/3539/3539 3550/3550/3550
f 3538/3538/3538 3550/3550/3550 3549/3549/3549
f 3539/3539/3539 3540/3540/3540 3551/3551/3551
f 3539/3539/3539 3551/3551/3551 3550/3550/3550
f 3540/3540/3540 3541/3541/3541 3552/3552/3552
f 3540/3540/3540 3552/3552/3552 3551/3551/3551
f 3541/3541/3541 3542/3542/3542 3553/3553/3553
f 3541/3541/3541 3553/3553/3553 3552/3552/3552
f 3542/3542/3542 3543/3543/3543 3554/3554/3554
f 3542/3542/3542 3554/3554/3554 3553/3553/3553
f 3543/3543/3543 3544/3544/3544 3555/3555/3555
f 3543/3543/3543 3555/3555/3555 3554/3554/3554
f 3544/3544/3544 3545/3545/3545 3556/3556/3556
f 3544/3544/3544 3556/3556/3556 3555/3555/3555
f 3545/3545/3545 3546/3546/3546 3557/3557/3557
f 3545/3545/3545 3557/3557/3557 3556/3556/3556
f 3547/3547/3547 3548/3548/3548 3559/3559/3559
f 3547/3547/3547 3559/3559/3559 3558/3558/3558
f 3548/3548/3548 3549/3549/3549 3560/3560/3560
f 3548/3548/3548 3560/3560/3560 3559/3559/3559
f 3549/3549/3549 3550/3550/3550 3561/3561/3561
f 3549/3549/3549 3561/3561/3561 3560/3560/3560
f 3550/3550/3550 3551/3551/3551 3562/3562/3562
f 3550/3550/3550 3562/3562/3562 3561/3561/3561
f 3551/3551/3551 3552/3552/3552 3563/3563/3563
f 3551/3551/3551 3563/3563/3563 3562/3562/3562
f 3552/3552/3552 3553/3553/3553 3564/3564/3564
f 3552/3552/3552 3564/3564/3564 3563/3563/3563
f 3553/3553/3553 3554/3554/3554 3565/3565/3565
f 3553/3553/3553 3565/3565/3565 3564/3564/3564
f 3554/3554/3554 3555/3555/3555 3566/3566/3566
f 3554/3554/3554 3566/3566/3566 3565/3565/3565
f 3555/3555/3555 3556/3556/3556 3567/3567/3567
f 3555/3555/3555 3567/3567/3567 3566/3566/3566
f 3556/3556/3556 3557/3557/3557 3568/3568/3568
f 3556/3556/3556 3568/3568/3568 3567/3567/3567
f 3558/3558/3558 3559/3559/3559 3570/3570/3570
f 3558/3558/3558 3570/3570/3570 3569/3569/3569
f 3559/3559/3559 3560/3560/3560 3571/3571/3571
f 3559/3559/3559 3571/3571/3571 3570/3570/3570
f 3560/3560/3560 3561/3561/3561 3572/3572/3572
f 3560/3560/3560 3572/3572/3572 3571/3571/3571
f 3561/3561/3561 3562/3562/3562 3573/3573/3573
f 3561/3561/3561 3573/3573/3573 3572/3572/3572
f 3562/3562/3562 3563/3563/3563 3574/3574/3574
f 3562/3562/3562 3574/3574/3574 3573/3573/3573
f 3563/3563/3563 3564/3564/3564 3575/3575/3575
f 3563/3563/3563 3575/3575/3575 3574/3574/3574
f 3564/3564/3564 3565/3565/3565 3576/3576/3576
f 3564/3564/3564 3576/3576/3576 3575/3575/3575
f 3565/3565/3565 3566/3566/3566 3577/3577/3577
f 3565/3565/3565 3577/3577/3577 3576/3576/3576
f 3566/3566/3566 3567/3567/3567 3578/3578/3578
f 3566/3566/3566 3578/3578/3578 3577/3577/3577
f 3567/3567/3567 3568/3568/3568 3579/3579/3579
f 3567/3567/3567 3579/3579/3579 3578/3578/3578
f 3569/3569/3569 3570/3570/3570 3581/3581/3581
f 3569/3569/3569 3581/3581/3581 3580/3580/3580
f 3570/3570/3570 3571/3571/3571 3582/3582/3582
f 3570/3570/3570 3582/3582/3582 3581/3581/3581
f 3571/3571/3571 3572/3572/3572 3583/3583/3583
f 3571/3571/3571 3583/3583/3583 3582/3582/3582
f 3572/3572/3572 3573/3573/3573 3584/3584/3584
f 3572/3572/3572 3584/3584/3584 3583/3583/3583
f 3573/3573/3573 3574/3574/3574 3585/3585/3585
f 3573/3573/3573 3585/3585/3585 3584/3584/3584
f 3574/3574/3574 3575/3575/3575 3586/3586/3586
f 3574/3574/3574 3586/3586/3586 3585/3585/3585
f 3575/3575/3575 3576/3576/3576 3587/3587/3587
f 3575/3575/3575 3587/3587/3587 3586/3586/3586
f 3576/3576/3576 3577/3577/3577 3588/3588/3588
f 3576/3576/3576 3588/3588/3588 3587/3587/3587
f 3577/3577/3577 3578/3578/3578 3589/3589/3589
f 3577/3577/3577 3589/3589/3589 3588/3588/3588
f 3578/3578/3578 3579/3579/3579 3590/3590/3590
f 3578/3578/3578 3590/3590/3590 3589/3589/3589
f 3580/3580/3580 3581/3581/3581 3592/3592/3592
f 3580/3580/3580 3592/3592/3592 3591/3591/3591
f 3581/3581/3581 3582/3582/3582 3593/3593/3593
f 3581/3581/3581 3593/3593/3593 3592/3592/3592
f 3582/3582/3582 3583/3583/3583 3594/3594/3594
f 3582/3582/3582 3594/3594/3594 3593/3593/3593
f 3583/3583/3583 3584/3584/3584 3595/3595/3595
f 3583/3583/3583 3595/3595/3595 3594/3594/3594
f 3584/3584/3584 3585/3585/3585 3596/3596/3596
f 3584/3584/3584 3596/3596/3596 3595/3595/3595
f 3585/3585/3585 3586/3586/3586 3597/3597/3597
f 3585/3585/3585 3597/3597/3597 3596/3596/3596
f 3586/3586/3586 3587/3587/3587 3598/3598/3598
f 3586/3586/3586 3598/3598/3598 3597/3597/3597
f 3587/3587/3587 3588/3588/3588 3599/3599/3599
f 3587/3587/3587 3599/3599/3599 3598/3598/3598
f 3588/3588/3588 3589/3589/3589 3600/3600/3600
f 3588/3588/3588 3600/3600/3600 3599/3599/3599
f 3589/3589/3589 3590/3590/3590 3601/3601/3601
f 3589/3589/3589 3601/3601/3601 3600/3600/3600
f 3591/3591/3591 3592/3592/3592 3603/3603/3603
f 3591/3591/3591 3603/3603/3603 3602/3602/3602
f 3592/3592/3592 3593/3593/3593 3604/3604/3604
f 3592/3592/3592 3604/3604/3604 3603/3603/3603
f 3593/3593/3593 3594/3594/3594 3605/3605/3605
f 3593/3593/3593 3605/3605/3605 3604/3604/3604
f 3594/3594/3594 3595/3595/3595 3606/3606/3606
f 3594/3594/3594 3606/3606/3606 3605/3605/3605
f 3595/3595/3595 3596/3596/3596 3607/3607/3607
f 3595/3595/3595 3607/3607/3607 3606/3606/3606
f 3596/3596/3596 3597/3597/3597 3608/3608/3608
f 3596/3596/3596 3608/3608/3608 3607/3607/3607
f 3597/3597/3597 3598/3598/3598 3609/3609/3609
f 3597/3597/3597 3609/3609/3609 3608/3608/3608
f 3598/3598/3598 3599/3599/3599 3610/3610/3610
f 3598/3598/3598 3610/3610/3610 3609/3609/3609
f 3599/3599/3599 3600/3600/3600 3611/3611/3611
f 3599/3599/3599 3611/3611/3611 3610/3610/3610
f 3600/3600/3600 3601/3601/3601 3612/3612/3612
f 3600/3600/3600 3612/3612/3612 3611/3611/3611
f 3602/3602/3602 3603/3603/3603 3614/3614/3614
f 3602/3602/3602 3614/3614/3614 3613/3613/3613
f 3603/3603/3603 3604/3604/3604 3615/3615/3615
f 3603/3603/3603 3615/3615/3615 3614/3614/3614
f 3604/3604/3604 3605/3605/3605 3616/3616/3616
f 3604/3604/3604 3616/3616/3616 3615/3615/3615
f 3605/3605/3605 3606/3606/3606 3617/3617/3617
f 3605/3605/3605 3617/3617/3617 3616/3616/3616
f 3606/3606/3606 3607/3607/3607 3618/3618/3618
f 3606/3606/3606 3618/3618/3618 3617/3617/3617
f 3607/3607/3607 3608/3608/3608 3619/3619/3619
f 3607/3607/3607 3619/3619/3619 3618/3618/3618
f 3608/3608/3608 3609/3609/3609 3620/3620/3620
f 3608/3608/3608 3620/3620/3620 3619/3619/3619
f 3609/3609/3609 3610/3610/3610 3621/3621/3621
f 3609/3609/3609 3621/3621/3621 3620/3620/3620
f 3610/3610/3610 3611/3611/3611 3622/3622/3622
f 3610/3610/3610 3622/3622/3622 3621/3621/3621
f 3611/3611/3611 3612/3612/3612 3623/3623/3623
f 3611/3611/3611 3623/3623/3623 3622/3622/3622
f 3613/3613/3613 3614/3614/3614 3625/3625/3625
f 3613/3613/3613 3625/3625/3625 3624/3624/3624
f 3614/3614/3614 3615/3615/3615 3626/3626/3626
f 3614/3614/3614 3626/3626/3626 3625/3625/3625
f 3615/3615/3615 3616/3616/3616 3627/3627/3627
f 3615/3615/3615 3627/3627/3627 3626/3626/3626
f 3616/3616/3616 3617/3617/3617 3628/3628/3628
f 3616/3616/3616 3628/3628/3628 3627/3627/3627
f 3617/3617/3617 3618/3618/3618 3629/3629/3629
f 3617/3617/3617 3629/3629/3629 3628/3628/3628
f 3618/3618/3618 3619/3619/3619 3630/3630/3630
f 3618/3618/3618 3630/3630/3630 3629/3629/3629
f 3619/3619/3619 3620/3620/3620 3631/3631/3631
f 3619/3619/3619 3631/3631/3631 3630/3630/3630
f 3620/3620/3620 3621/3621/3621 3632/3632/3632
f 3620/3620/3620 3632/3632/3632 3631/3631/3631
f 3621/3621/3621 3622/3622/3622 3633/3633/3633
f 3621/3621/3621 3633/3633/3633 3632/3632/3632
f 3622/3622/3622 3623/3623/3623 3634/3634/3634
f 3622/3622/3622 3634/3634/3634 3633/3633/3633
f 3624/3624/3624 3625/3625/3625 3636/3636/3636
f 3624/3624/3624 3636/3636/3636 3635/3635/3635
f 3625/3625/3625 3626/3626/3626 3637/3637/3637
f 3625/3625/3625 3637/3637/3637 3636/3636/3636
f 3626/3626/3626 3627/3627/3627 3638/3638/3638
f 3626/3626/3626 3638/3638/3638 3637/3637/3637
f 3627/3627/3627 3628/3628/3628 3639/3639/3639
f 3627/3627/3627 3639/3639/3639 3638/3638/3638
f 3628/3628/3628 3629/3629/3629 3640/3640/3640
f 3628/3628/3628 3640/3640/3640 3639/3639/3639
f 3629/3629/3629 3630/3630/3630 3641/3641/3641
f 3629/3629/3629 3641/3641/3641 3640/3640/3640
f 3630/3630/3630 3631/3631/3631 3642/3642/3642
f 3630/3630/3630 3642/3642/3642 3641/3641/3641
f 3631/3631/3631 3632/3632/3632 3643/3643/3643
f 3631/3631/3631 3643/3643/3643 3642/3642/3642
f 3632/3632/3632 3633/3633/3633 3644/3644/3644
f 3632/3632/3632 3644/3644/3644 3643/3643/3643
f 3633/3633/3633 3634/3634/3634 3645/3645/3645
f 3633/3633/3633 3645/3645/3645 3644/3644/3644
f 3635/3635/3635 3636/3636/3636 3647/3647/3647
f 3635/3635/3635 3647/3647/3647 3646/3646/3646
f 3636/3636/3636 3637/3637/3637 3648/3648/3648
f 3636/3636/3636 3648/3648/3648 3647/3647/3647
f 3637/3637/3637 3638/3638/3638 3649/3649/3649
f 3637/3637/3637 3649/3649/3649 3648/3648/3648
f 3638/3638/3638 3639/3639/3639 3650/3650/3650
f 3638/3638/3638 3650/3650/3650 3649/3649/3649
f 3639/3639/3639 3640/3640/3640 3651/3651/3651
f 3639/3639/3639 3651/3651/3651 3650/3650/3650
f 3640/3640/3640 3641/3641/3641 3652/3652/3652
f 3640/3640/3640 3652/3652/3652 3651/3651/3651
f 3641/3641/3641 3642/3642/3642 3653/3653/3653
f 3641/3641/3641 3653/3653/3653 3652/3652/3652
f 3642/3642/3642 3643/3643/3643 3654/3654/3654
f 3642/3642/3642 3654/3654/3654 3653/3653/3653
f 3643/3643/3643 3644/3644/3644 3655/3655/3655
f 3643/3643/3643 3655/3655/3655 3654/3654/3654
f 3644/3644/3644 3645/3645/3645 3656/3656/3656
f 3644/3644/3644 3656/3656/3656 3655/3655/3655
f 3646/3646/3646 3647/3647/3647 3658/3658/3658
f 3646/3646/3646 3658/3658/3658 3657/3657/3657
f 3647/3647/3647 3648/3648/3648 3659/3659/3659
f 3647/3647/3647 3659/3659/3659 3658/3658/3658
f 3648/3648/3648 3649/3649/3649 3660/3660/3660
f 3648/3648/3648 3660/3660/3660 3659/3659/3659
f 3649/3649/3649 3650/3650/3650 3661/3661/3661
f 3649/3649/3649 3661/3661/3661 3660/3660/3660
f 3650/3650/3650 3651/3651/3651 3662/3662/3662
f 3650/3650/3650 3662/3662/3662 3661/3661/3661
f 3651/3651/3651 3652/3652/3652 3663/3663/3663
f 3651/3651/3651 3663/3663/3663 3662/3662/3662
f 3652/3652/3652 3653/3653/3653 3664/3664/3664
f 3652/3652/3652 3664/3664/3664 3663/3663/3663
f 3653/3653/3653 3654/3654/3654 3665/3665/3665
f 3653/3653/3653 3665/3665/3665 3664/3664/3664
f 3654/3654/3654 3655/3655/3655 3666/3666/3666
f 3654/3654/3654 3666/3666/3666 3665/3665/3665
f 3655/3655/3655 3656/3656/3656 3667/3667/3667
f 3655/3655/3655 3667/3667/3667 3666/3666/3666
f 3657/3657/3657 3658/3658/3658 3669/3669/3669
f 3657/3657/3657 3669/3669/3669 3668/3668/3668
f 3658/3658/3658 3659/3659/3659 3670/3670/3670
f 3658/3658/3658 3670/3670/3670 3669/3669/3669
f 3659/3659/3659 3660/3660/3660 3671/3671/3671
f 3659/3659/3659 3671/3671/3671 3670/3670/3670
f 3660/3660/3660 3661/3661/3661 3672/3672/3672
f 3660/3660/3660 3672/3672/3672 3671/3671/3671
f 3661/3661/3661 3662/3662/3662 3673/3673/3673
f 3661/3661/3661 3673/3673/3673 3672/3672/3672
f 3662/3662/3662 3663/3663/3663 3674/3674/3674
f 3662/3662/3662 3674/3674/3674 3673/3673/3673
f 3663/3663/3663 3664/3664/3664 3675/3675/3675
f 3663/3663/3663 3675/3675/3675 3674/3674/3674
f 3664/3664/3664 3665/3665/3665 3676/3676/3676
f 3664/3664/3664 3676/3676/3676 3675/3675/3675
f 3665/3665/3665 3666/3666/3666 3677/3677/3677
f 3665/3665/3665 3677/3677/3677 3676/3676/3676
f 3666/3666/3666 3667/3667/3667 3678/3678/3678
f 3666/3666/3666 3678/3678/3678 3677/3677/3677
f 3668/3668/3668 3669/3669/3669 3680/3680/3680
f 3668/3668/3668 3680/3680/3680 3679/3679/3679
f 3669/3669/3669 3670/3670/3670 3681/3681/3681
f 3669/3669/3669 3681/3681/3681 3680/3680/3680
f 3670/3670/3670 3671/3671/3671 3682/3682/3682
f 3670/3670/3670 3682/3682/3682 3681/3681/3681
f 3671/3671/3671 3672/3672/3672 3683/3683/3683
f 3671/3671/3671 3683/3683/3683 3682/3682/3682
f 3672/3672/3672 3673/3673/3673 3684/3684/3684
f 3672/3672/3672 3684/3684/3684 3683/3683/3683
f 3673/3673/3673 3674/3674/3674 3685/3685/3685
f 3673/3673/3673 3685/3685/3685 3684/3684/3684
f 3674/3674/3674 3675/3675/3675 3686/3686/3686
f 3674/3674/3674 3686/3686/3686 3685/3685/3685
f 3675/3675/3675 3676/3676/3676 3687/3687/3687
f 3675/3675/3675 3687/3687/3687 3686/3686/3686
f 3676/3676/3676 3677/3677/3677 3688/3688/3688
f 3676/3676/3676 3688/3688/3688 3687/3687/3687
f 3677/3677/3677 3678/3678/3678 3689/3689/3689
f 3677/3677/3677 3689/3689/3689 3688/3688/3688
f 3679/3679/3679 3680/3680/3680 3691/3691/3691
f 3679/3679/3679 3691/3691/3691 3690/3690/3690
f 3680/3680/3680 3681/3681/3681 3692/3692/3692
f 3680/3680/3680 3692/3692/3692 3691/3691/3691
f 3681/3681/3681 3682/3682/3682 3693/3693/3693
f 3681/3681/3681 3693/3693/3693 3692/3692/3692
f 3682/3682/3682 3683/3683/3683 3694/3694/3694
f 3682/3682/3682 3694/3694/3694 3693/3693/3693
f 3683/3683/3683 3684/3684/3684 3695/3695/3695
f 3683/3683/3683 3695/3695/3695 3694/3694/3694
f 3684/3684/3684 3685/3685/3685 3696/3696/3696
f 3684/3684/3684 3696/3696/3696 3695/3695/3695
f 3685/3685/3685 3686/3686/3686 3697/3697/3697
f 3685/3685/3685 3697/3697/3697 3696/3696/3696
f 3686/3686/3686 3687/3687/3687 3698/3698/3698
f 3686/3686/3686 3698/3698/3698 3697/3697/3697
f 3687/3687/3687 3688/3688/3688 3699/3699/3699
f 3687/3687/3687 3699/3699/3699 3698/3698/3698
f 3688/3688/3688 3689/3689/3689 3700/3700/3700
f 3688/3688/3688 3700/3700/3700 3699/3699/3699
f 3690/3690/3690 3691/3691/3691 3702/3702/3702
f 3690/3690/3690 3702/3702/3702 3701/3701/3701
f 3691/3691/3691 3692/3692/3692 3703/3703/3703
f 3691/3691/3691 3703/3703/3703 3702/3702/3702
f 3692/3692/3692 3693/3693/3693 3704/3704/3704
f 3692/3692/3692 3704/3704/3704 3703/3703/3703
f 3693/3693/3693 3694/3694/3694 3705/3705/3705
f 3693/3693/3693 3705/3705/3705 3704/3704/3704
f 3694/3694/3694 3695/3695/3695 3706/3706/3706
f 3694/3694/3694 3706/3706/3706 3705/3705/3705
f 3695/3695/3695 3696/3696/3696 3707/3707/3707
f 3695/3695/3695 3707/3707/3707 3706/3706/3706
f 3696/3696/3696 3697/3697/3697 3708/3708/3708
f 3696/3696/3696 3708/3708/3708 3707/3707/3707
f 3697/3697/3697 3698/3698/3698 3709/3709/3709
f 3697/3697/3697 3709/3709/3709 3708/3708/3708
f 3698/3698/3698 3699/3699/3699 3710/3710/3710
f 3698/3698/3698 3710/3710/3710 3709/3709/3709
f 3699/3699/3699 3700/3700/3700 3711/3711/3711
f 3699/3699/3699 3711/3711/3711 3710/3710/3710
f 3712/3712/3712 3438/3438/3438 3437/3437/3437
f 3712/3712/3712 3439/3439/3439 3438/3438/3438
f 3712/3712/3712 3440/3440/3440 3439/3439/3439
f 3712/3712/3712 3441/3441/3441 3440/3440/3440
f 3712/3712/3712 3442/3442/3442 3441/3441/3441
f 3712/3712/3712 3443/3443/3443 3442/3442/3442
f 3712/3712/3712 3444/3444/3444 3443/3443/3443
f 3712/3712/3712 3445/3445/3445 3444/3444/3444
f 3712/3712/3712 3446/3446/3446 3445/3445/3445
f 3712/3712/3712 3447/3447/3447 3446/3446/3446
f 3713/3713/3713 3701/3701/3701 3702/3702/3702
f 3713/3713/3713 3702/3702/3702 3703/3703/3703
f 3713/3713/3713 3703/3703/3703 3704/3704/3704
f 3713/3713/3713 3704/3704/3704 3705/3705/3705
f 3713/3713/3713 3705/3705/3705 3706/3706/3706
f 3713/3713/3713 3706/3706/3706 3707/3707/3707
f 3713/3713/3713 3707/3707/3707 3708/3708/3708
f 3713/3713/3713 3708/3708/3708 3709/3709/3709
f 3713/3713/3713 3709/3709/3709 3710/3710/3710
f 3713/3713/3713 3710/3710/3710 3711/3711/3711
o Ventral_scale_0
v 9.093913 24.226900 -1.238201
v 10.021119 24.327432 -1.238201
v 9.896897 24.327432 -2.941456
v 9.557516 24.327432 -4.188326
v 9.093913 24.327432 -4.644712
v 8.630310 24.327432 -4.188326
v 8.290929 24.327432 -2.941456
v 8.166707 24.327432 -1.238201
v 8.290929 24.327432 0.465055
v 8.630310 24.327432 1.711925
v 9.093913 24.327432 2.168311
v 9.557516 24.327432 1.711925
v 9.896897 24.327432 0.465055
v 10.021119 24.327432 -1.238201
v 10.699882 24.602090 -1.238201
v 10.484723 24.602090 -4.188326
v 9.896897 24.602090 -6.347968
v 9.093913 24.602090 -7.138452
v 8.290929 24.602090 -6.347968
v 7.703104 24.602090 -4.188326
v 7.487945 24.602090 -1.238201
v 7.703104 24.602090 1.711925
v 8.290929 24.602090 3.871567
v 9.093913 24.602090 4.662051
v 9.896897 24.602090 3.871567
v 10.484723 24.602090 1.711925
v 10.699882 24.602090 -1.238201
v 10.948326 24.977279 -1.238201
v 10.699882 24.977279 -4.644712
v 10.021119 24.977279 -7.138452
v 9.093913 24.977279 -8.051224
v 8.166707 24.977279 -7.138452
v 7.487945 24.977279 -4.644712
v 7.239501 24.977279 -1.238201
v 7.487945 24.977279 2.168311
v 8.166707 24.977279 4.662051
v 9.093913 24.977279 5.574823
v 10.021119 24.977279 4.662051
v 10.699882 24.977279 2.168311
v 10.948326 24.977279 -1.238201
v 10.699882 25.352468 -1.238201
v 10.484723 25.352468 -4.188326
v 9.896897 25.352468 -6.347968
v 9.093913 25.352468 -7.138452
v 8.290929 25.352468 -6.347968
v 7.703104 25.352468 -4.188326
v 7.487945 25.352468 -1.238201
v 7.703104 25.352468 1.711925
v 8.290929 25.352468 3.871567
v 9.093913 25.352468 4.662051
v 9.896897 25.352468 3.871567
v 10.484723 25.352468 1.711925
v 10.699882 25.352468 -1.238201
v 10.021119 25.627126 -1.238201
v 9.896897 25.627126 -2.941456
v 9.557516 25.627126 -4.188326
v 9.093913 25.627126 -4.644712
v 8.630310 25.627126 -4.188326
v 8.290929 25.627126 -2.941456
v 8.166707 25.627126 -1.238201
v 8.290929 25.627126 0.465055
v 8.630310 25.627126 1.711925
v 9.093913 25.627126 2.168311
v 9.557516 25.627126 1.711925
v 9.896897 25.627126 0.465055
v 10.021119 25.627126 -1.238201
v 9.093913 25.727658 -1.238201
vt 0.1855469 0.2807812
vt 0.0362500 0.3254687
vt 0.0611328 0.3254687
vt 0.0860156 0.3254687
vt 0.1108984 0.3254687
vt 0.1357812 0.3254687
vt 0.1606641 0.3254687
vt 0.1855469 0.3254687
vt 0.2104297 0.3254687
vt 0.2353125 0.3254687
vt 0.2601953 0.3254687
vt 0.2850781 0.3254687
vt 0.3099609 0.3254687
vt 0.3348437 0.3254687
vt 0.0362500 0.3014062
vt 0.0611328 0.3014062
vt 0.0860156 0.3014062
vt 0.1108984 0.3014062
vt 0.1357812 0.3014062
vt 0.1606641 0.3014062
vt 0.1855469 0.3014062
vt 0.2104297 0.3014062
vt 0.2353125 0.3014062
vt 0.2601953 0.3014062
vt 0.2850781 0.3014062
vt 0.3099609 0.3014062
vt 0.3348437 0.3014062
vt 0.0362500 0.2773438
vt 0.0611328 0.2773438
vt 0.0860156 0.2773438
vt 0.1108984 0.2773438
vt 0.1357812 0.2773438
vt 0.1606641 0.2773438
vt 0.1855469 0.2773438
vt 0.2104297 0.2773438
vt 0.2353125 0.2773438
vt 0.2601953 0.2773438
vt 0.2850781 0.2773438
vt 0.3099609 0.2773438
vt 0.3348437 0.2773438
vt 0.0362500 0.2532813
vt 0.0611328 0.2532813
vt 0.0860156 0.2532813
vt 0.1108984 0.2532813
vt 0.1357812 0.2532813
vt 0.1606641 0.2532813
vt 0.1855469 0.2532813
vt 0.2104297 0.2532813
vt 0.2353125 0.2532813
vt 0.2601953 0.2532813
vt 0.2850781 0.2532813
vt 0.3099609 0.2532813
vt 0.3348437 0.2532813
vt 0.0362500 0.2292188
vt 0.0611328 0.2292188
vt 0.0860156 0.2292188
vt 0.1108984 0.2292188
vt 0.1357812 0.2292188
vt 0.1606641 0.2292188
vt 0.1855469 0.2292188
vt 0.2104297 0.2292188
vt 0.2353125 0.2292188
vt 0.2601953 0.2292188
vt 0.2850781 0.2292188
vt 0.3099609 0.2292188
vt 0.3348437 0.2292188
vt 0.1855469 0.2807812
vn -0.0000000 -1.0000000 -0.0000000
vn 0.2691285 -0.9630742 -0.0076156
vn 0.2216034 -0.9741563 -0.0437192
vn 0.1135464 -0.9911195 -0.0692052
vn -0.0289564 -0.9967017 -0.0758109
vn -0.1623843 -0.9848416 -0.0609791
vn -0.2483751 -0.9681933 -0.0301909
vn -0.2691285 -0.9630742 0.0076156
vn -0.2216034 -0.9741563 0.0437192
vn -0.1135464 -0.9911195 0.0692052
vn 0.0289564 -0.9967017 0.0758109
vn 0.1623843 -0.9848416 0.0609791
vn 0.2483751 -0.9681933 0.0301909
vn 0.2691285 -0.9630742 -0.0076156
vn 0.5982898 -0.8012547 -0.0063360
vn 0.5320926 -0.8417490 -0.0913026
vn 0.3241749 -0.9310405 -0.1675539
vn -0.0284586 -0.9795686 -0.1990867
vn -0.3655537 -0.9173115 -0.1578294
vn -0.5498120 -0.8315624 -0.0788083
vn -0.5982898 -0.8012547 0.0063360
vn -0.5320926 -0.8417490 0.0913026
vn -0.3241749 -0.9310405 0.1675539
vn 0.0284586 -0.9795686 0.1990867
vn 0.3655537 -0.9173115 0.1578294
vn 0.5498120 -0.8315624 0.0788083
vn 0.5982898 -0.8012547 -0.0063360
vn 1.0000000 0.0000000 -0.0000000
vn 0.9878765 -0.0000000 -0.1552417
vn 0.9045214 -0.0000000 -0.4264282
vn -0.0000000 -0.0000000 -1.0000000
vn -0.9045214 0.0000000 -0.4264282
vn -0.9878765 -0.0000000 -0.1552417
vn -1.0000000 0.0000000 0.0000000
vn -0.9878765 -0.0000000 0.1552417
vn -0.9045214 -0.0000000 0.4264282
vn 0.0000000 -0.0000000 1.0000000
vn 0.9045214 -0.0000000 0.4264282
vn 0.9878765 -0.0000000 0.1552417
vn 1.0000000 0.0000000 -0.0000000
vn 0.5982898 0.8012547 0.0063360
vn 0.5498120 0.8315624 -0.0788083
vn 0.3655537 0.9173115 -0.1578294
vn 0.0284586 0.9795686 -0.1990867
vn -0.3241749 0.9310405 -0.1675539
vn -0.5320926 0.8417490 -0.0913026
vn -0.5982898 0.8012547 -0.0063360
vn -0.5498120 0.8315624 0.0788083
vn -0.3655537 0.9173115 0.1578294
vn -0.0284586 0.9795686 0.1990867
vn 0.3241749 0.9310405 0.1675539
vn 0.5320926 0.8417490 0.0913026
vn 0.5982898 0.8012547 0.0063360
vn 0.2691285 0.9630742 0.0076156
vn 0.2483751 0.9681933 -0.0301909
vn 0.1623843 0.9848416 -0.0609791
vn 0.0289564 0.9967017 -0.0758109
vn -0.1135464 0.9911195 -0.0692052
vn -0.2216034 0.9741563 -0.0437192
vn -0.2691285 0.9630742 -0.0076156
vn -0.2483751 0.9681933 0.0301909
vn -0.1623843 0.9848416 0.0609791
vn -0.0289564 0.9967017 0.0758109
vn 0.1135464 0.9911195 0.0692052
vn 0.2216034 0.9741563 0.0437192
vn 0.2691285 0.9630742 0.0076156
vn -0.0000000 1.0000000 -0.0000000
s 1
f 3714/3714/3714 3716/3716/3716 3715/3715/3715
f 3714/3714/3714 3717/3717/3717 3716/3716/3716
f 3714/3714/3714 3718/3718/3718 3717/3717/3717
f 3714/3714/3714 3719/3719/3719 3718/3718/3718
f 3714/3714/3714 3720/3720/3720 3719/3719/3719
f 3714/3714/3714 3721/3721/3721 3720/3720/3720
f 3714/3714/3714 3722/3722/3722 3721/3721/3721
f 3714/3714/3714 3723/3723/3723 3722/3722/3722
f 3714/3714/3714 3724/3724/3724 3723/3723/3723
f 3714/3714/3714 3725/3725/3725 3724/3724/3724
f 3714/3714/3714 3726/3726/3726 3725/3725/3725
f 3714/3714/3714 3727/3727/3727 3726/3726/3726
f 3715/3715/3715 3716/3716/3716 3729/3729/3729
f 3715/3715/3715 3729/3729/3729 3728/3728/3728
f 3716/3716/3716 3717/3717/3717 3730/3730/3730
f 3716/3716/3716 3730/3730/3730 3729/3729/3729
f 3717/3717/3717 3718/3718/3718 3731/3731/3731
f 3717/3717/3717 3731/3731/3731 3730/3730/3730
f 3718/3718/3718 3719/3719/3719 3732/3732/3732
f 3718/3718/3718 3732/3732/3732 3731/3731/3731
f 3719/3719/3719 3720/3720/3720 3733/3733/3733
f 3719/3719/3719 3733/3733/3733 3732/3732/3732
f 3720/3720/3720 3721/3721/3721 3734/3734/3734
f 3720/3720/3720 3734/3734/3734 3733/3733/3733
f 3721/3721/3721 3722/3722/3722 3735/3735/3735
f 3721/3721/3721 3735/3735/3735 3734/3734/3734
f 3722/3722/3722 3723/3723/3723 3736/3736/3736
f 3722/3722/3722 3736/3736/3736 3735/3735/3735
f 3723/3723/3723 3724/3724/3724 3737/3737/3737
f 3723/3723/3723 3737/3737/3737 3736/3736/3736
f 3724/3724/3724 3725/3725/3725 3738/3738/3738
f 3724/3724/3724 3738/3738/3738 3737/3737/3737
f 3725/3725/3725 3726/3726/3726 3739/3739/3739
f 3725/3725/3725 3739/3739/3739 3738/3738/3738
f 3726/3726/3726 3727/3727/3727 3740/3740/3740
f 3726/3726/3726 3740/3740/3740 3739/3739/3739
f 3728/3728/3728 3729/3729/3729 3742/3742/3742
f 3728/3728/3728 3742/3742/3742 3741/3741/3741
f 3729/3729/3729 3730/3730/3730 3743/3743/3743
f 3729/3729/3729 3743/3743/3743 3742/3742/3742
f 3730/3730/3730 3731/3731/3731 3744/3744/3744
f 3730/3730/3730 3744/3744/3744 3743/3743/3743
f 3731/3731/3731 3732/3732/3732 3745/3745/3745
f 3731/3731/3731 3745/3745/3745 3744/3744/3744
f 3732/3732/3732 3733/3733/3733 3746/3746/3746
f 3732/3732/3732 3746/3746/3746 3745/3745/3745
f 3733/3733/3733 3734/3734/3734 3747/3747/3747
f 3733/3733/3733 3747/3747/3747 3746/3746/3746
f 3734/3734/3734 3735/3735/3735 3748/3748/3748
f 3734/3734/3734 3748/3748/3748 3747/3747/3747
f 3735/3735/3735 3736/3736/3736 3749/3749/3749
f 3735/3735/3735 3749/3749/3749 3748/3748/3748
f 3736/3736/3736 3737/3737/3737 3750/3750/3750
f 3736/3736/3736 3750/3750/3750 3749/3749/3749
f 3737/3737/3737 3738/3738/3738 3751/3751/3751
f 3737/3737/3737 3751/3751/3751 3750/3750/3750
f 3738/3738/3738 3739/3739/3739 3752/3752/3752
f 3738/3738/3738 3752/3752/3752 3751/3751/3751
f 3739/3739/3739 3740/3740/3740 3753/3753/3753
f 3739/3739/3739 3753/3753/3753 3752/3752/3752
f 3741/3741/3741 3742/3742/3742 3755/3755/3755
f 3741/3741/3741 3755/3755/3755 3754/3754/3754
f 3742/3742/3742 3743/3743/3743 3756/3756/3756
f 3742/3742/3742 3756/3756/3756 3755/3755/3755
f 3743/3743/3743 3744/3744/3744 3757/3757/3757
f 3743/3743/3743 3757/3757/3757 3756/3756/3756
f 3744/3744/3744 3745/3745/3745 3758/3758/3758
f 3744/3744/3744 3758/3758/3758 3757/3757/3757
f 3745/3745/3745 3746/3746/3746 3759/3759/3759
f 3745/3745/3745 3759/3759/3759 3758/3758/3758
f 3746/3746/3746 3747/3747/3747 3760/3760/3760
f 3746/3746/3746 3760/3760/3760 3759/3759/3759
f 3747/3747/3747 3748/3748/3748 3761/3761/3761
f 3747/3747/3747 3761/3761/3761 3760/3760/3760
f 3748/3748/3748 3749/3749/3749 3762/3762/3762
f 3748/3748/3748 3762/3762/3762 3761/3761/3761
f 3749/3749/3749 3750/3750/3750 3763/3763/3763
f 3749/3749/3749 3763/3763/3763 3762/3762/3762
f 3750/3750/3750 3751/3751/3751 3764/3764/3764
f 3750/3750/3750 3764/3764/3764 3763/3763/3763
f 3751/3751/3751 3752/3752/3752 3765/3765/3765
f 3751/3751/3751 3765/3765/3765 3764/3764/3764
f 3752/3752/3752 3753/3753/3753 3766/3766/3766
f 3752/3752/3752 3766/3766/3766 3765/3765/3765
f 3754/3754/3754 3755/3755/3755 3768/3768/3768
f 3754/3754/3754 3768/3768/3768 3767/3767/3767
f 3755/3755/3755 3756/3756/3756 3769/3769/3769
f 3755/3755/3755 3769/3769/3769 3768/3768/3768
f 3756/3756/3756 3757/3757/3757 3770/3770/3770
f 3756/3756/3756 3770/3770/3770 3769/3769/3769
f 3757/3757/3757 3758/3758/3758 3771/3771/3771
f 3757/3757/3757 3771/3771/3771 3770/3770/3770
f 3758/3758/3758 3759/3759/3759 3772/3772/3772
f 3758/3758/3758 3772/3772/3772 3771/3771/3771
f 3759/3759/3759 3760/3760/3760 3773/3773/3773
f 3759/3759/3759 3773/3773/3773 3772/3772/3772
f 3760/3760/3760 3761/3761/3761 3774/3774/3774
f 3760/3760/3760 3774/3774/3774 3773/3773/3773
f 3761/3761/3761 3762/3762/3762 3775/3775/3775
f 3761/3761/3761 3775/3775/3775 3774/3774/3774
f 3762/3762/3762 3763/3763/3763 3776/3776/3776
f 3762/3762/3762 3776/3776/3776 3775/3775/3775
f 3763/3763/3763 3764/3764/3764 3777/3777/3777
f 3763/3763/3763 3777/3777/3777 3776/3776/3776
f 3764/3764/3764 3765/3765/3765 3778/3778/3778
f 3764/3764/3764 3778/3778/3778 3777/3777/3777
f 3765/3765/3765 3766/3766/3766 3779/3779/3779
f 3765/3765/3765 3779/3779/3779 3778/3778/3778
f 3767/3767/3767 3768/3768/3768 3780/3780/3780
f 3768/3768/3768 3769/3769/3769 3780/3780/3780
f 3769/3769/3769 3770/3770/3770 3780/3780/3780
f 3770/3770/3770 3771/3771/3771 3780/3780/3780
f 3771/3771/3771 3772/3772/3772 3780/3780/3780
f 3772/3772/3772 3773/3773/3773 3780/3780/3780
f 3773/3773/3773 3774/3774/3774 3780/3780/3780
f 3774/3774/3774 3775/3775/3775 3780/3780/3780
f 3775/3775/3775 3776/3776/3776 3780/3780/3780
f 3776/3776/3776 3777/3777/3777 3780/3780/3780
f 3777/3777/3777 3778/3778/3778 3780/3780/3780
f 3778/3778/3778 3779/3779/3779 3780/3780/3780
o Ventral_scale_1
v 9.248448 26.394661 -1.238201
v 10.175654 26.495193 -1.238201
v 10.051432 26.495193 -2.941456
v 9.712051 26.495193 -4.188326
v 9.248448 26.495193 -4.644712
v 8.784844 26.495193 -4.188326
v 8.445463 26.495193 -2.941456
v 8.321241 26.495193 -1.238201
v 8.445463 26.495193 0.465055
v 8.784844 26.495193 1.711925
v 9.248448 26.495193 2.168311
v 9.712051 26.495193 1.711925
v 10.051432 26.495193 0.465055
v 10.175654 26.495193 -1.238201
v 10.854416 26.769850 -1.238201
v 10.639257 26.769850 -4.188326
v 10.051432 26.769850 -6.347968
v 9.248448 26.769850 -7.138452
v 8.445463 26.769850 -6.347968
v 7.857638 26.769850 -4.188326
v 7.642479 26.769850 -1.238201
v 7.857638 26.769850 1.711925
v 8.445463 26.769850 3.871567
v 9.248448 26.769850 4.662051
v 10.051432 26.769850 3.871567
v 10.639257 26.769850 1.711925
v 10.854416 26.769850 -1.238201
v 11.102860 27.145040 -1.238201
v 10.854416 27.145040 -4.644712
v 10.175654 27.145040 -7.138452
v 9.248448 27.145040 -8.051224
v 8.321241 27.145040 -7.138452
v 7.642479 27.145040 -4.644712
v 7.394035 27.145040 -1.238201
v 7.642479 27.145040 2.168311
v 8.321241 27.145040 4.662051
v 9.248448 27.145040 5.574823
v 10.175654 27.145040 4.662051
v 10.854416 27.145040 2.168311
v 11.102860 27.145040 -1.238201
v 10.854416 27.520229 -1.238201
v 10.639257 27.520229 -4.188326
v 10.051432 27.520229 -6.347968
v 9.248448 27.520229 -7.138452
v 8.445463 27.520229 -6.347968
v 7.857638 27.520229 -4.188326
v 7.642479 27.520229 -1.238201
v 7.857638 27.520229 1.711925
v 8.445463 27.520229 3.871567
v 9.248448 27.520229 4.662051
v 10.051432 27.520229 3.871567
v 10.639257 27.520229 1.711925
v 10.854416 27.520229 -1.238201
v 10.175654 27.794887 -1.238201
v 10.051432 27.794887 -2.941456
v 9.712051 27.794887 -4.188326
v 9.248448 27.794887 -4.644712
v 8.784844 27.794887 -4.188326
v 8.445463 27.794887 -2.941456
v 8.321241 27.794887 -1.238201
v 8.445463 27.794887 0.465055
v 8.784844 27.794887 1.711925
v 9.248448 27.794887 2.168311
v 9.712051 27.794887 1.711925
v 10.051432 27.794887 0.465055
v 10.175654 27.794887 -1.238201
v 9.248448 27.895418 -1.238201
vt 0.1855469 0.2807812
vt 0.0362500 0.3254687
vt 0.0611328 0.3254687
vt 0.0860156 0.3254687
vt 0.1108984 0.3254687
vt 0.1357812 0.3254687
vt 0.1606641 0.3254687
vt 0.1855469 0.3254687
vt 0.2104297 0.3254687
vt 0.2353125 0.3254687
vt 0.2601953 0.3254687
vt 0.2850781 0.3254687
vt 0.3099609 0.3254687
vt 0.3348437 0.3254687
vt 0.0362500 0.3014062
vt 0.0611328 0.3014062
vt 0.0860156 0.3014062
vt 0.1108984 0.3014062
vt 0.1357812 0.3014062
vt 0.1606641 0.3014062
vt 0.1855469 0.3014062
vt 0.2104297 0.3014062
vt 0.2353125 0.3014062
vt 0.2601953 0.3014062
vt 0.2850781 0.3014062
vt 0.3099609 0.3014062
vt 0.3348437 0.3014062
vt 0.0362500 0.2773438
vt 0.0611328 0.2773438
vt 0.0860156 0.2773438
vt 0.1108984 0.2773438
vt 0.1357812 0.2773438
vt 0.1606641 0.2773438
vt 0.1855469 0.2773438
vt 0.2104297 0.2773438
vt 0.2353125 0.2773438
vt 0.2601953 0.2773438
vt 0.2850781 0.2773438
vt 0.3099609 0.2773438
vt 0.3348437 0.2773438
vt 0.0362500 0.2532813
vt 0.0611328 0.2532813
vt 0.0860156 0.2532813
vt 0.1108984 0.2532813
vt 0.1357812 0.2532813
vt 0.1606641 0.2532813
vt 0.1855469 0.2532813
vt 0.2104297 0.2532813
vt 0.2353125 0.2532813
vt 0.2601953 0.2532813
vt 0.2850781 0.2532813
vt 0.3099609 0.2532813
vt 0.3348437 0.2532813
vt 0.0362500 0.2292188
vt 0.0611328 0.2292188
vt 0.0860156 0.2292188
vt 0.1108984 0.2292188
vt 0.1357812 0.2292188
vt 0.1606641 0.2292188
vt 0.1855469 0.2292188
vt 0.2104297 0.2292188
vt 0.2353125 0.2292188
vt 0.2601953 0.2292188
vt 0.2850781 0.2292188
vt 0.3099609 0.2292188
vt 0.3348437 0.2292188
vt 0.1855469 0.2807812
vn -0.0000000 -1.0000000 -0.0000000
vn 0.2691285 -0.9630742 -0.0076156
vn 0.2216034 -0.9741563 -0.0437192
vn 0.1135464 -0.9911195 -0.0692052
vn -0.0289564 -0.9967017 -0.0758109
vn -0.1623843 -0.9848416 -0.0609791
vn -0.2483751 -0.9681933 -0.0301909
vn -0.2691285 -0.9630742 0.0076156
vn -0.2216034 -0.9741563 0.0437192
vn -0.1135464 -0.9911195 0.0692052
vn 0.0289564 -0.9967017 0.0758109
vn 0.1623843 -0.9848416 0.0609791
vn 0.2483751 -0.9681933 0.0301909
vn 0.2691285 -0.9630742 -0.0076156
vn 0.5982898 -0.8012547 -0.0063360
vn 0.5320926 -0.8417490 -0.0913026
vn 0.3241749 -0.9310405 -0.1675539
vn -0.0284586 -0.9795686 -0.1990867
vn -0.3655537 -0.9173115 -0.1578294
vn -0.5498120 -0.8315624 -0.0788083
vn -0.5982898 -0.8012547 0.0063360
vn -0.5320926 -0.8417490 0.0913026
vn -0.3241749 -0.9310405 0.1675539
vn 0.0284586 -0.9795686 0.1990867
vn 0.3655537 -0.9173115 0.1578294
vn 0.5498120 -0.8315624 0.0788083
vn 0.5982898 -0.8012547 -0.0063360
vn 1.0000000 -0.0000000 -0.0000000
vn 0.9878765 -0.0000000 -0.1552417
vn 0.9045214 -0.0000000 -0.4264282
vn 0.0000000 -0.0000000 -1.0000000
vn -0.9045214 0.0000000 -0.4264282
vn -0.9878765 -0.0000000 -0.1552417
vn -1.0000000 0.0000000 -0.0000000
vn -0.9878765 -0.0000000 0.1552417
vn -0.9045214 -0.0000000 0.4264282
vn -0.0000000 -0.0000000 1.0000000
vn 0.9045214 -0.0000000 0.4264282
vn 0.9878765 0.0000000 0.1552417
vn 1.0000000 -0.0000000 -0.0000000
vn 0.5982898 0.8012547 0.0063360
vn 0.5498120 0.8315624 -0.0788083
vn 0.3655537 0.9173115 -0.1578294
vn 0.0284586 0.9795686 -0.1990867
vn -0.3241749 0.9310405 -0.1675539
vn -0.5320926 0.8417490 -0.0913026
vn -0.5982898 0.8012547 -0.0063360
vn -0.5498120 0.8315624 0.0788083
vn -0.3655537 0.9173115 0.1578294
vn -0.0284586 0.9795686 0.1990867
vn 0.3241749 0.9310405 0.1675539
vn 0.5320926 0.8417490 0.0913026
vn 0.5982898 0.8012547 0.0063360
vn 0.2691285 0.9630742 0.0076156
vn 0.2483751 0.9681933 -0.0301909
vn 0.1623843 0.9848416 -0.0609791
vn 0.0289564 0.9967017 -0.0758109
vn -0.1135464 0.9911195 -0.0692052
vn -0.2216034 0.9741563 -0.0437192
vn -0.2691285 0.9630742 -0.0076156
vn -0.2483751 0.9681933 0.0301909
vn -0.1623843 0.9848416 0.0609791
vn -0.0289564 0.9967017 0.0758109
vn 0.1135464 0.9911195 0.0692052
vn 0.2216034 0.9741563 0.0437192
vn 0.2691285 0.9630742 0.0076156
vn -0.0000000 1.0000000 -0.0000000
s 1
f 3781/3781/3781 3783/3783/3783 3782/3782/3782
f 3781/3781/3781 3784/3784/3784 3783/3783/3783
f 3781/3781/3781 3785/3785/3785 3784/3784/3784
f 3781/3781/3781 3786/3786/3786 3785/3785/3785
f 3781/3781/3781 3787/3787/3787 3786/3786/3786
f 3781/3781/3781 3788/3788/3788 3787/3787/3787
f 3781/3781/3781 3789/3789/3789 3788/3788/3788
f 3781/3781/3781 3790/3790/3790 3789/3789/3789
f 3781/3781/3781 3791/3791/3791 3790/3790/3790
f 3781/3781/3781 3792/3792/3792 3791/3791/3791
f 3781/3781/3781 3793/3793/3793 3792/3792/3792
f 3781/3781/3781 3794/3794/3794 3793/3793/3793
f 3782/3782/3782 3783/3783/3783 3796/3796/3796
f 3782/3782/3782 3796/3796/3796 3795/3795/3795
f 3783/3783/3783 3784/3784/3784 3797/3797/3797
f 3783/3783/3783 3797/3797/3797 3796/3796/3796
f 3784/3784/3784 3785/3785/3785 3798/3798/3798
f 3784/3784/3784 3798/3798/3798 3797/3797/3797
f 3785/3785/3785 3786/3786/3786 3799/3799/3799
f 3785/3785/3785 3799/3799/3799 3798/3798/3798
f 3786/3786/3786 3787/3787/3787 3800/3800/3800
f 3786/3786/3786 3800/3800/3800 3799/3799/3799
f 3787/3787/3787 3788/3788/3788 3801/3801/3801
f 3787/3787/3787 3801/3801/3801 3800/3800/3800
f 3788/3788/3788 3789/3789/3789 3802/3802/3802
f 3788/3788/3788 3802/3802/3802 3801/3801/3801
f 3789/3789/3789 3790/3790/3790 3803/3803/3803
f 3789/3789/3789 3803/3803/3803 3802/3802/3802
f 3790/3790/3790 3791/3791/3791 3804/3804/3804
f 3790/3790/3790 3804/3804/3804 3803/3803/3803
f 3791/3791/3791 3792/3792/3792 3805/3805/3805
f 3791/3791/3791 3805/3805/3805 3804/3804/3804
f 3792/3792/3792 3793/3793/3793 3806/3806/3806
f 3792/3792/3792 3806/3806/3806 3805/3805/3805
f 3793/3793/3793 3794/3794/3794 3807/3807/3807
f 3793/3793/3793 3807/3807/3807 3806/3806/3806
f 3795/3795/3795 3796/3796/3796 3809/3809/3809
f 3795/3795/3795 3809/3809/3809 3808/3808/3808
f 3796/3796/3796 3797/3797/3797 3810/3810/3810
f 3796/3796/3796 3810/3810/3810 3809/3809/3809
f 3797/3797/3797 3798/3798/3798 3811/3811/3811
f 3797/3797/3797 3811/3811/3811 3810/3810/3810
f 3798/3798/3798 3799/3799/3799 3812/3812/3812
f 3798/3798/3798 3812/3812/3812 3811/3811/3811
f 3799/3799/3799 3800/3800/3800 3813/3813/3813
f 3799/3799/3799 3813/3813/3813 3812/3812/3812
f 3800/3800/3800 3801/3801/3801 3814/3814/3814
f 3800/3800/3800 3814/3814/3814 3813/3813/3813
f 3801/3801/3801 3802/3802/3802 3815/3815/3815
f 3801/3801/3801 3815/3815/3815 3814/3814/3814
f 3802/3802/3802 3803/3803/3803 3816/3816/3816
f 3802/3802/3802 3816/3816/3816 3815/3815/3815
f 3803/3803/3803 3804/3804/3804 3817/3817/3817
f 3803/3803/3803 3817/3817/3817 3816/3816/3816
f 3804/3804/3804 3805/3805/3805 3818/3818/3818
f 3804/3804/3804 3818/3818/3818 3817/3817/3817
f 3805/3805/3805 3806/3806/3806 3819/3819/3819
f 3805/3805/3805 3819/3819/3819 3818/3818/3818
f 3806/3806/3806 3807/3807/3807 3820/3820/3820
f 3806/3806/3806 3820/3820/3820 3819/3819/3819
f 3808/3808/3808 3809/3809/3809 3822/3822/3822
f 3808/3808/3808 3822/3822/3822 3821/3821/3821
f 3809/3809/3809 3810/3810/3810 3823/3823/3823
f 3809/3809/3809 3823/3823/3823 3822/3822/3822
f 3810/3810/3810 3811/3811/3811 3824/3824/3824
f 3810/3810/3810 3824/3824/3824 3823/3823/3823
f 3811/3811/3811 3812/3812/3812 3825/3825/3825
f 3811/3811/3811 3825/3825/3825 3824/3824/3824
f 3812/3812/3812 3813/3813/3813 3826/3826/3826
f 3812/3812/3812 3826/3826/3826 3825/3825/3825
f 3813/3813/3813 3814/3814/3814 3827/3827/3827
f 3813/3813/3813 3827/3827/3827 3826/3826/3826
f 3814/3814/3814 3815/3815/3815 3828/3828/3828
f 3814/3814/3814 3828/3828/3828 3827/3827/3827
f 3815/3815/3815 3816/3816/3816 3829/3829/3829
f 3815/3815/3815 3829/3829/3829 3828/3828/3828
f 3816/3816/3816 3817/3817/3817 3830/3830/3830
f 3816/3816/3816 3830/3830/3830 3829/3829/3829
f 3817/3817/3817 3818/3818/3818 3831/3831/3831
f 3817/3817/3817 3831/3831/3831 3830/3830/3830
f 3818/3818/3818 3819/3819/3819 3832/3832/3832
f 3818/3818/3818 3832/3832/3832 3831/3831/3831
f 3819/3819/3819 3820/3820/3820 3833/3833/3833
f 3819/3819/3819 3833/3833/3833 3832/3832/3832
f 3821/3821/3821 3822/3822/3822 3835/3835/3835
f 3821/3821/3821 3835/3835/3835 3834/3834/3834
f 3822/3822/3822 3823/3823/3823 3836/3836/3836
f 3822/3822/3822 3836/3836/3836 3835/3835/3835
f 3823/3823/3823 3824/3824/3824 3837/3837/3837
f 3823/3823/3823 3837/3837/3837 3836/3836/3836
f 3824/3824/3824 3825/3825/3825 3838/3838/3838
f 3824/3824/3824 3838/3838/3838 3837/3837/3837
f 3825/3825/3825 3826/3826/3826 3839/3839/3839
f 3825/3825/3825 3839/3839/3839 3838/3838/3838
f 3826/3826/3826 3827/3827/3827 3840/3840/3840
f 3826/3826/3826 3840/3840/3840 3839/3839/3839
f 3827/3827/3827 3828/3828/3828 3841/3841/3841
f 3827/3827/3827 3841/3841/3841 3840/3840/3840
f 3828/3828/3828 3829/3829/3829 3842/3842/3842
f 3828/3828/3828 3842/3842/3842 3841/3841/3841
f 3829/3829/3829 3830/3830/3830 3843/3843/3843
f 3829/3829/3829 3843/3843/3843 3842/3842/3842
f 3830/3830/3830 3831/3831/3831 3844/3844/3844
f 3830/3830/3830 3844/3844/3844 3843/3843/3843
f 3831/3831/3831 3832/3832/3832 3845/3845/3845
f 3831/3831/3831 3845/3845/3845 3844/3844/3844
f 3832/3832/3832 3833/3833/3833 3846/3846/3846
f 3832/3832/3832 3846/3846/3846 3845/3845/3845
f 3834/3834/3834 3835/3835/3835 3847/3847/3847
f 3835/3835/3835 3836/3836/3836 3847/3847/3847
f 3836/3836/3836 3837/3837/3837 3847/3847/3847
f 3837/3837/3837 3838/3838/3838 3847/3847/3847
f 3838/3838/3838 3839/3839/3839 3847/3847/3847
f 3839/3839/3839 3840/3840/3840 3847/3847/3847
f 3840/3840/3840 3841/3841/3841 3847/3847/3847
f 3841/3841/3841 3842/3842/3842 3847/3847/3847
f 3842/3842/3842 3843/3843/3843 3847/3847/3847
f 3843/3843/3843 3844/3844/3844 3847/3847/3847
f 3844/3844/3844 3845/3845/3845 3847/3847/3847
f 3845/3845/3845 3846/3846/3846 3847/3847/3847
o Ventral_scale_2
v 9.402982 28.562422 -1.238201
v 10.330188 28.662953 -1.238201
v 10.205966 28.662953 -2.941456
v 9.866585 28.662953 -4.188326
v 9.402982 28.662953 -4.644712
v 8.939379 28.662953 -4.188326
v 8.599998 28.662953 -2.941456
v 8.475776 28.662953 -1.238201
v 8.599998 28.662953 0.465055
v 8.939379 28.662953 1.711925
v 9.402982 28.662953 2.168311
v 9.866585 28.662953 1.711925
v 10.205966 28.662953 0.465055
v 10.330188 28.662953 -1.238201
v 11.008950 28.937611 -1.238201
v 10.793791 28.937611 -4.188326
v 10.205966 28.937611 -6.347968
v 9.402982 28.937611 -7.138452
v 8.599998 28.937611 -6.347968
v 8.012173 28.937611 -4.188326
v 7.797014 28.937611 -1.238201
v 8.012173 28.937611 1.711925
v 8.599998 28.937611 3.871567
v 9.402982 28.937611 4.662051
v 10.205966 28.937611 3.871567
v 10.793791 28.937611 1.711925
v 11.008950 28.937611 -1.238201
v 11.257395 29.312800 -1.238201
v 11.008950 29.312800 -4.644712
v 10.330188 29.312800 -7.138452
v 9.402982 29.312800 -8.051224
v 8.475776 29.312800 -7.138452
v 7.797014 29.312800 -4.644712
v 7.548569 29.312800 -1.238201
v 7.797014 29.312800 2.168311
v 8.475776 29.312800 4.662051
v 9.402982 29.312800 5.574823
v 10.330188 29.312800 4.662051
v 11.008950 29.312800 2.168311
v 11.257395 29.312800 -1.238201
v 11.008950 29.687990 -1.238201
v 10.793791 29.687990 -4.188326
v 10.205966 29.687990 -6.347968
v 9.402982 29.687990 -7.138452
v 8.599998 29.687990 -6.347968
v 8.012173 29.687990 -4.188326
v 7.797014 29.687990 -1.238201
v 8.012173 29.687990 1.711925
v 8.599998 29.687990 3.871567
v 9.402982 29.687990 4.662051
v 10.205966 29.687990 3.871567
v 10.793791 29.687990 1.711925
v 11.008950 29.687990 -1.238201
v 10.330188 29.962647 -1.238201
v 10.205966 29.962647 -2.941456
v 9.866585 29.962647 -4.188326
v 9.402982 29.962647 -4.644712
v 8.939379 29.962647 -4.188326
v 8.599998 29.962647 -2.941456
v 8.475776 29.962647 -1.238201
v 8.599998 29.962647 0.465055
v 8.939379 29.962647 1.711925
v 9.402982 29.962647 2.168311
v 9.866585 29.962647 1.711925
v 10.205966 29.962647 0.465055
v 10.330188 29.962647 -1.238201
v 9.402982 30.063179 -1.238201
vt 0.1855469 0.2807812
vt 0.0362500 0.3254687
vt 0.0611328 0.3254687
vt 0.0860156 0.3254687
vt 0.1108984 0.3254687
vt 0.1357812 0.3254687
vt 0.1606641 0.3254687
vt 0.1855469 0.3254687
vt 0.2104297 0.3254687
vt 0.2353125 0.3254687
vt 0.2601953 0.3254687
vt 0.2850781 0.3254687
vt 0.3099609 0.3254687
vt 0.3348437 0.3254687
vt 0.0362500 0.3014062
vt 0.0611328 0.3014062
vt 0.0860156 0.3014062
vt 0.1108984 0.3014062
vt 0.1357812 0.3014062
vt 0.1606641 0.3014062
vt 0.1855469 0.3014062
vt 0.2104297 0.3014062
vt 0.2353125 0.3014062
vt 0.2601953 0.3014062
vt 0.2850781 0.3014062
vt 0.3099609 0.3014062
vt 0.3348437 0.3014062
vt 0.0362500 0.2773438
vt 0.0611328 0.2773438
vt 0.0860156 0.2773438
vt 0.1108984 0.2773438
vt 0.1357812 0.2773438
vt 0.1606641 0.2773438
vt 0.1855469 0.2773438
vt 0.2104297 0.2773438
vt 0.2353125 0.2773438
vt 0.2601953 0.2773438
vt 0.2850781 0.2773438
vt 0.3099609 0.2773438
vt 0.3348437 0.2773438
vt 0.0362500 0.2532813
vt 0.0611328 0.2532813
vt 0.0860156 0.2532813
vt 0.1108984 0.2532813
vt 0.1357812 0.2532813
vt 0.1606641 0.2532813
vt 0.1855469 0.2532813
vt 0.2104297 0.2532813
vt 0.2353125 0.2532813
vt 0.2601953 0.2532813
vt 0.2850781 0.2532813
vt 0.3099609 0.2532813
vt 0.3348437 0.2532813
vt 0.0362500 0.2292188
vt 0.0611328 0.2292188
vt 0.0860156 0.2292188
vt 0.1108984 0.2292188
vt 0.1357812 0.2292188
vt 0.1606641 0.2292188
vt 0.1855469 0.2292188
vt 0.2104297 0.2292188
vt 0.2353125 0.2292188
vt 0.2601953 0.2292188
vt 0.2850781 0.2292188
vt 0.3099609 0.2292188
vt 0.3348437 0.2292188
vt 0.1855469 0.2807812
vn -0.0000000 -1.0000000 -0.0000000
vn 0.2691285 -0.9630742 -0.0076156
vn 0.2216034 -0.9741563 -0.0437192
vn 0.1135464 -0.9911195 -0.0692052
vn -0.0289564 -0.9967017 -0.0758109
vn -0.1623843 -0.9848416 -0.0609791
vn -0.2483751 -0.9681933 -0.0301909
vn -0.2691285 -0.9630742 0.0076156
vn -0.2216034 -0.9741563 0.0437192
vn -0.1135464 -0.9911195 0.0692052
vn 0.0289564 -0.9967017 0.0758109
vn 0.1623843 -0.9848416 0.0609791
vn 0.2483751 -0.9681933 0.0301909
vn 0.2691285 -0.9630742 -0.0076156
vn 0.5982898 -0.8012547 -0.0063360
vn 0.5320926 -0.8417490 -0.0913026
vn 0.3241749 -0.9310405 -0.1675539
vn -0.0284586 -0.9795686 -0.1990867
vn -0.3655537 -0.9173115 -0.1578294
vn -0.5498120 -0.8315624 -0.0788083
vn -0.5982898 -0.8012547 0.0063360
vn -0.5320926 -0.8417490 0.0913026
vn -0.3241749 -0.9310405 0.1675539
vn 0.0284586 -0.9795686 0.1990867
vn 0.3655537 -0.9173115 0.1578294
vn 0.5498120 -0.8315624 0.0788083
vn 0.5982898 -0.8012547 -0.0063360
vn 1.0000000 0.0000000 0.0000000
vn 0.9878765 -0.0000000 -0.1552417
vn 0.9045214 -0.0000000 -0.4264282
vn 0.0000000 -0.0000000 -1.0000000
vn -0.9045214 0.0000000 -0.4264282
vn -0.9878765 -0.0000000 -0.1552417
vn -1.0000000 0.0000000 -0.0000000
vn -0.9878765 -0.0000000 0.1552417
vn -0.9045214 -0.0000000 0.4264282
vn -0.0000000 -0.0000000 1.0000000
vn 0.9045214 -0.0000000 0.4264282
vn 0.9878765 -0.0000000 0.1552417
vn 1.0000000 0.0000000 0.0000000
vn 0.5982898 0.8012547 0.0063360
vn 0.5498120 0.8315624 -0.0788083
vn 0.3655537 0.9173115 -0.1578294
vn 0.0284586 0.9795686 -0.1990867
vn -0.3241749 0.9310405 -0.1675539
vn -0.5320926 0.8417490 -0.0913026
vn -0.5982898 0.8012547 -0.0063360
vn -0.5498120 0.8315624 0.0788083
vn -0.3655537 0.9173115 0.1578294
vn -0.0284586 0.9795686 0.1990867
vn 0.3241749 0.9310405 0.1675539
vn 0.5320926 0.8417490 0.0913026
vn 0.5982898 0.8012547 0.0063360
vn 0.2691285 0.9630742 0.0076156
vn 0.2483751 0.9681933 -0.0301909
vn 0.1623843 0.9848416 -0.0609791
vn 0.0289564 0.9967017 -0.0758109
vn -0.1135464 0.9911195 -0.0692052
vn -0.2216034 0.9741563 -0.0437192
vn -0.2691285 0.9630742 -0.0076156
vn -0.2483751 0.9681933 0.0301909
vn -0.1623843 0.9848416 0.0609791
vn -0.0289564 0.9967017 0.0758109
vn 0.1135464 0.9911195 0.0692052
vn 0.2216034 0.9741563 0.0437192
vn 0.2691285 0.9630742 0.0076156
vn -0.0000000 1.0000000 -0.0000000
s 1
f 3848/3848/3848 3850/3850/3850 3849/3849/3849
f 3848/3848/3848 3851/3851/3851 3850/3850/3850
f 3848/3848/3848 3852/3852/3852 3851/3851/3851
f 3848/3848/3848 3853/3853/3853 3852/3852/3852
f 3848/3848/3848 3854/3854/3854 3853/3853/3853
f 3848/3848/3848 3855/3855/3855 3854/3854/3854
f 3848/3848/3848 3856/3856/3856 3855/3855/3855
f 3848/3848/3848 3857/3857/3857 3856/3856/3856
f 3848/3848/3848 3858/3858/3858 3857/3857/3857
f 3848/3848/3848 3859/3859/3859 3858/3858/3858
f 3848/3848/3848 3860/3860/3860 3859/3859/3859
f 3848/3848/3848 3861/3861/3861 3860/3860/3860
f 3849/3849/3849 3850/3850/3850 3863/3863/3863
f 3849/3849/3849 3863/3863/3863 3862/3862/3862
f 3850/3850/3850 3851/3851/3851 3864/3864/3864
f 3850/3850/3850 3864/3864/3864 3863/3863/3863
f 3851/3851/3851 3852/3852/3852 3865/3865/3865
f 3851/3851/3851 3865/3865/3865 3864/3864/3864
f 3852/3852/3852 3853/3853/3853 3866/3866/3866
f 3852/3852/3852 3866/3866/3866 3865/3865/3865
f 3853/3853/3853 3854/3854/3854 3867/3867/3867
f 3853/3853/3853 3867/3867/3867 3866/3866/3866
f 3854/3854/3854 3855/3855/3855 3868/3868/3868
f 3854/3854/3854 3868/3868/3868 3867/3867/3867
f 3855/3855/3855 3856/3856/3856 3869/3869/3869
f 3855/3855/3855 3869/3869/3869 3868/3868/3868
f 3856/3856/3856 3857/3857/3857 3870/3870/3870
f 3856/3856/3856 3870/3870/3870 3869/3869/3869
f 3857/3857/3857 3858/3858/3858 3871/3871/3871
f 3857/3857/3857 3871/3871/3871 3870/3870/3870
f 3858/3858/3858 3859/3859/3859 3872/3872/3872
f 3858/3858/3858 3872/3872/3872 3871/3871/3871
f 3859/3859/3859 3860/3860/3860 3873/3873/3873
f 3859/3859/3859 3873/3873/3873 3872/3872/3872
f 3860/3860/3860 3861/3861/3861 3874/3874/3874
f 3860/3860/3860 3874/3874/3874 3873/3873/3873
f 3862/3862/3862 3863/3863/3863 3876/3876/3876
f 3862/3862/3862 3876/3876/3876 3875/3875/3875
f 3863/3863/3863 3864/3864/3864 3877/3877/3877
f 3863/3863/3863 3877/3877/3877 3876/3876/3876
f 3864/3864/3864 3865/3865/3865 3878/3878/3878
f 3864/3864/3864 3878/3878/3878 3877/3877/3877
f 3865/3865/3865 3866/3866/3866 3879/3879/3879
f 3865/3865/3865 3879/3879/3879 3878/3878/3878
f 3866/3866/3866 3867/3867/3867 3880/3880/3880
f 3866/3866/3866 3880/3880/3880 3879/3879/3879
f 3867/3867/3867 3868/3868/3868 3881/3881/3881
f 3867/3867/3867 3881/3881/3881 3880/3880/3880
f 3868/3868/3868 3869/3869/3869 3882/3882/3882
f 3868/3868/3868 3882/3882/3882 3881/3881/3881
f 3869/3869/3869 3870/3870/3870 3883/3883/3883
f 3869/3869/3869 3883/3883/3883 3882/3882/3882
f 3870/3870/3870 3871/3871/3871 3884/3884/3884
f 3870/3870/3870 3884/3884/3884 3883/3883/3883
f 3871/3871/3871 3872/3872/3872 3885/3885/3885
f 3871/3871/3871 3885/3885/3885 3884/3884/3884
f 3872/3872/3872 3873/3873/3873 3886/3886/3886
f 3872/3872/3872 3886/3886/3886 3885/3885/3885
f 3873/3873/3873 3874/3874/3874 3887/3887/3887
f 3873/3873/3873 3887/3887/3887 3886/3886/3886
f 3875/3875/3875 3876/3876/3876 3889/3889/3889
f 3875/3875/3875 3889/3889/3889 3888/3888/3888
f 3876/3876/3876 3877/3877/3877 3890/3890/3890
f 3876/3876/3876 3890/3890/3890 3889/3889/3889
f 3877/3877/3877 3878/3878/3878 3891/3891/3891
f 3877/3877/3877 3891/3891/3891 3890/3890/3890
f 3878/3878/3878 3879/3879/3879 3892/3892/3892
f 3878/3878/3878 3892/3892/3892 3891/3891/3891
f 3879/3879/3879 3880/3880/3880 3893/3893/3893
f 3879/3879/3879 3893/3893/3893 3892/3892/3892
f 3880/3880/3880 3881/3881/3881 3894/3894/3894
f 3880/3880/3880 3894/3894/3894 3893/3893/3893
f 3881/3881/3881 3882/3882/3882 3895/3895/3895
f 3881/3881/3881 3895/3895/3895 3894/3894/3894
f 3882/3882/3882 3883/3883/3883 3896/3896/3896
f 3882/3882/3882 3896/3896/3896 3895/3895/3895
f 3883/3883/3883 3884/3884/3884 3897/3897/3897
f 3883/3883/3883 3897/3897/3897 3896/3896/3896
f 3884/3884/3884 3885/3885/3885 3898/3898/3898
f 3884/3884/3884 3898/3898/3898 3897/3897/3897
f 3885/3885/3885 3886/3886/3886 3899/3899/3899
f 3885/3885/3885 3899/3899/3899 3898/3898/3898
f 3886/3886/3886 3887/3887/3887 3900/3900/3900
f 3886/3886/3886 3900/3900/3900 3899/3899/3899
f 3888/3888/3888 3889/3889/3889 3902/3902/3902
f 3888/3888/3888 3902/3902/3902 3901/3901/3901
f 3889/3889/3889 3890/3890/3890 3903/3903/3903
f 3889/3889/3889 3903/3903/3903 3902/3902/3902
f 3890/3890/3890 3891/3891/3891 3904/3904/3904
f 3890/3890/3890 3904/3904/3904 3903/3903/3903
f 3891/3891/3891 3892/3892/3892 3905/3905/3905
f 3891/3891/3891 3905/3905/3905 3904/3904/3904
f 3892/3892/3892 3893/3893/3893 3906/3906/3906
f 3892/3892/3892 3906/3906/3906 3905/3905/3905
f 3893/3893/3893 3894/3894/3894 3907/3907/3907
f 3893/3893/3893 3907/3907/3907 3906/3906/3906
f 3894/3894/3894 3895/3895/3895 3908/3908/3908
f 3894/3894/3894 3908/3908/3908 3907/3907/3907
f 3895/3895/3895 3896/3896/3896 3909/3909/3909
f 3895/3895/3895 3909/3909/3909 3908/3908/3908
f 3896/3896/3896 3897/3897/3897 3910/3910/3910
f 3896/3896/3896 3910/3910/3910 3909/3909/3909
f 3897/3897/3897 3898/3898/3898 3911/3911/3911
f 3897/3897/3897 3911/3911/3911 3910/3910/3910
f 3898/3898/3898 3899/3899/3899 3912/3912/3912
f 3898/3898/3898 3912/3912/3912 3911/3911/3911
f 3899/3899/3899 3900/3900/3900 3913/3913/3913
f 3899/3899/3899 3913/3913/3913 3912/3912/3912
f 3901/3901/3901 3902/3902/3902 3914/3914/3914
f 3902/3902/3902 3903/3903/3903 3914/3914/3914
f 3903/3903/3903 3904/3904/3904 3914/3914/3914
f 3904/3904/3904 3905/3905/3905 3914/3914/3914
f 3905/3905/3905 3906/3906/3906 3914/3914/3914
f 3906/3906/3906 3907/3907/3907 3914/3914/3914
f 3907/3907/3907 3908/3908/3908 3914/3914/3914
f 3908/3908/3908 3909/3909/3909 3914/3914/3914
f 3909/3909/3909 3910/3910/3910 3914/3914/3914
f 3910/3910/3910 3911/3911/3911 3914/3914/3914
f 3911/3911/3911 3912/3912/3912 3914/3914/3914
f 3912/3912/3912 3913/3913/3913 3914/3914/3914
o Ventral_scale_3
v 9.557516 30.730182 -1.238201
v 10.484723 30.830714 -1.238201
v 10.360501 30.830714 -2.941456
v 10.021119 30.830714 -4.188326
v 9.557516 30.830714 -4.644712
v 9.093913 30.830714 -4.188326
v 8.754532 30.830714 -2.941456
v 8.630310 30.830714 -1.238201
v 8.754532 30.830714 0.465055
v 9.093913 30.830714 1.711925
v 9.557516 30.830714 2.168311
v 10.021119 30.830714 1.711925
v 10.360501 30.830714 0.465055
v 10.484723 30.830714 -1.238201
v 11.163485 31.105372 -1.238201
v 10.948326 31.105372 -4.188326
v 10.360501 31.105372 -6.347968
v 9.557516 31.105372 -7.138452
v 8.754532 31.105372 -6.347968
v 8.166707 31.105372 -4.188326
v 7.951548 31.105372 -1.238201
v 8.166707 31.105372 1.711925
v 8.754532 31.105372 3.871567
v 9.557516 31.105372 4.662051
v 10.360501 31.105372 3.871567
v 10.948326 31.105372 1.711925
v 11.163485 31.105372 -1.238201
v 11.411929 31.480561 -1.238201
v 11.163485 31.480561 -4.644712
v 10.484723 31.480561 -7.138452
v 9.557516 31.480561 -8.051224
v 8.630310 31.480561 -7.138452
v 7.951548 31.480561 -4.644712
v 7.703104 31.480561 -1.238201
v 7.951548 31.480561 2.168311
v 8.630310 31.480561 4.662051
v 9.557516 31.480561 5.574823
v 10.484723 31.480561 4.662051
v 11.163485 31.480561 2.168311
v 11.411929 31.480561 -1.238201
v 11.163485 31.855750 -1.238201
v 10.948326 31.855750 -4.188326
v 10.360501 31.855750 -6.347968
v 9.557516 31.855750 -7.138452
v 8.754532 31.855750 -6.347968
v 8.166707 31.855750 -4.188326
v 7.951548 31.855750 -1.238201
v 8.166707 31.855750 1.711925
v 8.754532 31.855750 3.871567
v 9.557516 31.855750 4.662051
v 10.360501 31.855750 3.871567
v 10.948326 31.855750 1.711925
v 11.163485 31.855750 -1.238201
v 10.484723 32.130408 -1.238201
v 10.360501 32.130408 -2.941456
v 10.021119 32.130408 -4.188326
v 9.557516 32.130408 -4.644712
v 9.093913 32.130408 -4.188326
v 8.754532 32.130408 -2.941456
v 8.630310 32.130408 -1.238201
v 8.754532 32.130408 0.465055
v 9.093913 32.130408 1.711925
v 9.557516 32.130408 2.168311
v 10.021119 32.130408 1.711925
v 10.360501 32.130408 0.465055
v 10.484723 32.130408 -1.238201
v 9.557516 32.230940 -1.238201
vt 0.1855469 0.2807812
vt 0.0362500 0.3254687
vt 0.0611328 0.3254687
vt 0.0860156 0.3254687
vt 0.1108984 0.3254687
vt 0.1357812 0.3254687
vt 0.1606641 0.3254687
vt 0.1855469 0.3254687
vt 0.2104297 0.3254687
vt 0.2353125 0.3254687
vt 0.2601953 0.3254687
vt 0.2850781 0.3254687
vt 0.3099609 0.3254687
vt 0.3348437 0.3254687
vt 0.0362500 0.3014062
vt 0.0611328 0.3014062
vt 0.0860156 0.3014062
vt 0.1108984 0.3014062
vt 0.1357812 0.3014062
vt 0.1606641 0.3014062
vt 0.1855469 0.3014062
vt 0.2104297 0.3014062
vt 0.2353125 0.3014062
vt 0.2601953 0.3014062
vt 0.2850781 0.3014062
vt 0.3099609 0.3014062
vt 0.3348437 0.3014062
vt 0.0362500 0.2773438
vt 0.0611328 0.2773438
vt 0.0860156 0.2773438
vt 0.1108984 0.2773438
vt 0.1357812 0.2773438
vt 0.1606641 0.2773438
vt 0.1855469 0.2773438
vt 0.2104297 0.2773438
vt 0.2353125 0.2773438
vt 0.2601953 0.2773438
vt 0.2850781 0.2773438
vt 0.3099609 0.2773438
vt 0.3348437 0.2773438
vt 0.0362500 0.2532813
vt 0.0611328 0.2532813
vt 0.0860156 0.2532813
vt 0.1108984 0.2532813
vt 0.1357812 0.2532813
vt 0.1606641 0.2532813
vt 0.1855469 0.2532813
vt 0.2104297 0.2532813
vt 0.2353125 0.2532813
vt 0.2601953 0.2532813
vt 0.2850781 0.2532813
vt 0.3099609 0.2532813
vt 0.3348437 0.2532813
vt 0.0362500 0.2292188
vt 0.0611328 0.2292188
vt 0.0860156 0.2292188
vt 0.1108984 0.2292188
vt 0.1357812 0.2292188
vt 0.1606641 0.2292188
vt 0.1855469 0.2292188
vt 0.2104297 0.2292188
vt 0.2353125 0.2292188
vt 0.2601953 0.2292188
vt 0.2850781 0.2292188
vt 0.3099609 0.2292188
vt 0.3348437 0.2292188
vt 0.1855469 0.2807812
vn -0.0000000 -1.0000000 -0.0000000
vn 0.2691285 -0.9630742 -0.0076156
vn 0.2216034 -0.9741563 -0.0437192
vn 0.1135464 -0.9911195 -0.0692052
vn -0.0289564 -0.9967017 -0.0758109
vn -0.1623843 -0.9848416 -0.0609791
vn -0.2483751 -0.9681933 -0.0301909
vn -0.2691285 -0.9630742 0.0076156
vn -0.2216034 -0.9741563 0.0437192
vn -0.1135464 -0.9911195 0.0692052
vn 0.0289564 -0.9967017 0.0758109
vn 0.1623843 -0.9848416 0.0609791
vn 0.2483751 -0.9681933 0.0301909
vn 0.2691285 -0.9630742 -0.0076156
vn 0.5982898 -0.8012547 -0.0063360
vn 0.5320926 -0.8417490 -0.0913026
vn 0.3241749 -0.9310405 -0.1675539
vn -0.0284586 -0.9795686 -0.1990867
vn -0.3655537 -0.9173115 -0.1578294
vn -0.5498120 -0.8315624 -0.0788083
vn -0.5982898 -0.8012547 0.0063360
vn -0.5320926 -0.8417490 0.0913026
vn -0.3241749 -0.9310405 0.1675539
vn 0.0284586 -0.9795686 0.1990867
vn 0.3655537 -0.9173115 0.1578294
vn 0.5498120 -0.8315624 0.0788083
vn 0.5982898 -0.8012547 -0.0063360
vn 1.0000000 0.0000000 0.0000000
vn 0.9878765 -0.0000000 -0.1552417
vn 0.9045214 -0.0000000 -0.4264282
vn 0.0000000 -0.0000000 -1.0000000
vn -0.9045214 0.0000000 -0.4264282
vn -0.9878765 -0.0000000 -0.1552417
vn -1.0000000 0.0000000 -0.0000000
vn -0.9878765 -0.0000000 0.1552417
vn -0.9045214 -0.0000000 0.4264282
vn -0.0000000 -0.0000000 1.0000000
vn 0.9045214 -0.0000000 0.4264282
vn 0.9878765 -0.0000000 0.1552417
vn 1.0000000 0.0000000 0.0000000
vn 0.5982898 0.8012547 0.0063360
vn 0.5498120 0.8315624 -0.0788083
vn 0.3655537 0.9173115 -0.1578294
vn 0.0284586 0.9795686 -0.1990867
vn -0.3241749 0.9310405 -0.1675539
vn -0.5320926 0.8417490 -0.0913026
vn -0.5982898 0.8012547 -0.0063360
vn -0.5498120 0.8315624 0.0788083
vn -0.3655537 0.9173115 0.1578294
vn -0.0284586 0.9795686 0.1990867
vn 0.3241749 0.9310405 0.1675539
vn 0.5320926 0.8417490 0.0913026
vn 0.5982898 0.8012547 0.0063360
vn 0.2691285 0.9630742 0.0076156
vn 0.2483751 0.9681933 -0.0301909
vn 0.1623843 0.9848416 -0.0609791
vn 0.0289564 0.9967017 -0.0758109
vn -0.1135464 0.9911195 -0.0692052
vn -0.2216034 0.9741563 -0.0437192
vn -0.2691285 0.9630742 -0.0076156
vn -0.2483751 0.9681933 0.0301909
vn -0.1623843 0.9848416 0.0609791
vn -0.0289564 0.9967017 0.0758109
vn 0.1135464 0.9911195 0.0692052
vn 0.2216034 0.9741563 0.0437192
vn 0.2691285 0.9630742 0.0076156
vn -0.0000000 1.0000000 -0.0000000
s 1
f 3915/3915/3915 3917/3917/3917 3916/3916/3916
f 3915/3915/3915 3918/3918/3918 3917/3917/3917
f 3915/3915/3915 3919/3919/3919 3918/3918/3918
f 3915/3915/3915 3920/3920/3920 3919/3919/3919
f 3915/3915/3915 3921/3921/3921 3920/3920/3920
f 3915/3915/3915 3922/3922/3922 3921/3921/3921
f 3915/3915/3915 3923/3923/3923 3922/3922/3922
f 3915/3915/3915 3924/3924/3924 3923/3923/3923
f 3915/3915/3915 3925/3925/3925 3924/3924/3924
f 3915/3915/3915 3926/3926/3926 3925/3925/3925
f 3915/3915/3915 3927/3927/3927 3926/3926/3926
f 3915/3915/3915 3928/3928/3928 3927/3927/3927
f 3916/3916/3916 3917/3917/3917 3930/3930/3930
f 3916/3916/3916 3930/3930/3930 3929/3929/3929
f 3917/3917/3917 3918/3918/3918 3931/3931/3931
f 3917/3917/3917 3931/3931/3931 3930/3930/3930
f 3918/3918/3918 3919/3919/3919 3932/3932/3932
f 3918/3918/3918 3932/3932/3932 3931/3931/3931
f 3919/3919/3919 3920/3920/3920 3933/3933/3933
f 3919/3919/3919 3933/3933/3933 3932/3932/3932
f 3920/3920/3920 3921/3921/3921 3934/3934/3934
f 3920/3920/3920 3934/3934/3934 3933/3933/3933
f 3921/3921/3921 3922/3922/3922 3935/3935/3935
f 3921/3921/3921 3935/3935/3935 3934/3934/3934
f 3922/3922/3922 3923/3923/3923 3936/3936/3936
f 3922/3922/3922 3936/3936/3936 3935/3935/3935
f 3923/3923/3923 3924/3924/3924 3937/3937/3937
f 3923/3923/3923 3937/3937/3937 3936/3936/3936
f 3924/3924/3924 3925/3925/3925 3938/3938/3938
f 3924/3924/3924 3938/3938/3938 3937/3937/3937
f 3925/3925/3925 3926/3926/3926 3939/3939/3939
f 3925/3925/3925 3939/3939/3939 3938/3938/3938
f 3926/3926/3926 3927/3927/3927 3940/3940/3940
f 3926/3926/3926 3940/3940/3940 3939/3939/3939
f 3927/3927/3927 3928/3928/3928 3941/3941/3941
f 3927/3927/3927 3941/3941/3941 3940/3940/3940
f 3929/3929/3929 3930/3930/3930 3943/3943/3943
f 3929/3929/3929 3943/3943/3943 3942/3942/3942
f 3930/3930/3930 3931/3931/3931 3944/3944/3944
f 3930/3930/3930 3944/3944/3944 3943/3943/3943
f 3931/3931/3931 3932/3932/3932 3945/3945/3945
f 3931/3931/3931 3945/3945/3945 3944/3944/3944
f 3932/3932/3932 3933/3933/3933 3946/3946/3946
f 3932/3932/3932 3946/3946/3946 3945/3945/3945
f 3933/3933/3933 3934/3934/3934 3947/3947/3947
f 3933/3933/3933 3947/3947/3947 3946/3946/3946
f 3934/3934/3934 3935/3935/3935 3948/3948/3948
f 3934/3934/3934 3948/3948/3948 3947/3947/3947
f 3935/3935/3935 3936/3936/3936 3949/3949/3949
f 3935/3935/3935 3949/3949/3949 3948/3948/3948
f 3936/3936/3936 3937/3937/3937 3950/3950/3950
f 3936/3936/3936 3950/3950/3950 3949/3949/3949
f 3937/3937/3937 3938/3938/3938 3951/3951/3951
f 3937/3937/3937 3951/3951/3951 3950/3950/3950
f 3938/3938/3938 3939/3939/3939 3952/3952/3952
f 3938/3938/3938 3952/3952/3952 3951/3951/3951
f 3939/3939/3939 3940/3940/3940 3953/3953/3953
f 3939/3939/3939 3953/3953/3953 3952/3952/3952
f 3940/3940/3940 3941/3941/3941 3954/3954/3954
f 3940/3940/3940 3954/3954/3954 3953/3953/3953
f 3942/3942/3942 3943/3943/3943 3956/3956/3956
f 3942/3942/3942 3956/3956/3956 3955/3955/3955
f 3943/3943/3943 3944/3944/3944 3957/3957/3957
f 3943/3943/3943 3957/3957/3957 3956/3956/3956
f 3944/3944/3944 3945/3945/3945 3958/3958/3958
f 3944/3944/3944 3958/3958/3958 3957/3957/3957
f 3945/3945/3945 3946/3946/3946 3959/3959/3959
f 3945/3945/3945 3959/3959/3959 3958/3958/3958
f 3946/3946/3946 3947/3947/3947 3960/3960/3960
f 3946/3946/3946 3960/3960/3960 3959/3959/3959
f 3947/3947/3947 3948/3948/3948 3961/3961/3961
f 3947/3947/3947 3961/3961/3961 3960/3960/3960
f 3948/3948/3948 3949/3949/3949 3962/3962/3962
f 3948/3948/3948 3962/3962/3962 3961/3961/3961
f 3949/3949/3949 3950/3950/3950 3963/3963/3963
f 3949/3949/3949 3963/3963/3963 3962/3962/3962
f 3950/3950/3950 3951/3951/3951 3964/3964/3964
f 3950/3950/3950 3964/3964/3964 3963/3963/3963
f 3951/3951/3951 3952/3952/3952 3965/3965/3965
f 3951/3951/3951 3965/3965/3965 3964/3964/3964
f 3952/3952/3952 3953/3953/3953 3966/3966/3966
f 3952/3952/3952 3966/3966/3966 3965/3965/3965
f 3953/3953/3953 3954/3954/3954 3967/3967/3967
f 3953/3953/3953 3967/3967/3967 3966/3966/3966
f 3955/3955/3955 3956/3956/3956 3969/3969/3969
f 3955/3955/3955 3969/3969/3969 3968/3968/3968
f 3956/3956/3956 3957/3957/3957 3970/3970/3970
f 3956/3956/3956 3970/3970/3970 3969/3969/3969
f 3957/3957/3957 3958/3958/3958 3971/3971/3971
f 3957/3957/3957 3971/3971/3971 3970/3970/3970
f 3958/3958/3958 3959/3959/3959 3972/3972/3972
f 3958/3958/3958 3972/3972/3972 3971/3971/3971
f 3959/3959/3959 3960/3960/3960 3973/3973/3973
f 3959/3959/3959 3973/3973/3973 3972/3972/3972
f 3960/3960/3960 3961/3961/3961 3974/3974/3974
f 3960/3960/3960 3974/3974/3974 3973/3973/3973
f 3961/3961/3961 3962/3962/3962 3975/3975/3975
f 3961/3961/3961 3975/3975/3975 3974/3974/3974
f 3962/3962/3962 3963/3963/3963 3976/3976/3976
f 3962/3962/3962 3976/3976/3976 3975/3975/3975
f 3963/3963/3963 3964/3964/3964 3977/3977/3977
f 3963/3963/3963 3977/3977/3977 3976/3976/3976
f 3964/3964/3964 3965/3965/3965 3978/3978/3978
f 3964/3964/3964 3978/3978/3978 3977/3977/3977
f 3965/3965/3965 3966/3966/3966 3979/3979/3979
f 3965/3965/3965 3979/3979/3979 3978/3978/3978
f 3966/3966/3966 3967/3967/3967 3980/3980/3980
f 3966/3966/3966 3980/3980/3980 3979/3979/3979
f 3968/3968/3968 3969/3969/3969 3981/3981/3981
f 3969/3969/3969 3970/3970/3970 3981/3981/3981
f 3970/3970/3970 3971/3971/3971 3981/3981/3981
f 3971/3971/3971 3972/3972/3972 3981/3981/3981
f 3972/3972/3972 3973/3973/3973 3981/3981/3981
f 3973/3973/3973 3974/3974/3974 3981/3981/3981
f 3974/3974/3974 3975/3975/3975 3981/3981/3981
f 3975/3975/3975 3976/3976/3976 3981/3981/3981
f 3976/3976/3976 3977/3977/3977 3981/3981/3981
f 3977/3977/3977 3978/3978/3978 3981/3981/3981
f 3978/3978/3978 3979/3979/3979 3981/3981/3981
f 3979/3979/3979 3980/3980/3980 3981/3981/3981
o Ventral_scale_4
v 9.712051 32.897943 -1.238201
v 10.639257 32.998475 -1.238201
v 10.515035 32.998475 -2.941456
v 10.175654 32.998475 -4.188326
v 9.712051 32.998475 -4.644712
v 9.248448 32.998475 -4.188326
v 8.909067 32.998475 -2.941456
v 8.784844 32.998475 -1.238201
v 8.909067 32.998475 0.465055
v 9.248448 32.998475 1.711925
v 9.712051 32.998475 2.168311
v 10.175654 32.998475 1.711925
v 10.515035 32.998475 0.465055
v 10.639257 32.998475 -1.238201
v 11.318019 33.273132 -1.238201
v 11.102860 33.273132 -4.188326
v 10.515035 33.273132 -6.347968
v 9.712051 33.273132 -7.138452
v 8.909067 33.273132 -6.347968
v 8.321241 33.273132 -4.188326
v 8.106082 33.273132 -1.238201
v 8.321241 33.273132 1.711925
v 8.909067 33.273132 3.871567
v 9.712051 33.273132 4.662051
v 10.515035 33.273132 3.871567
v 11.102860 33.273132 1.711925
v 11.318019 33.273132 -1.238201
v 11.566463 33.648322 -1.238201
v 11.318019 33.648322 -4.644712
v 10.639257 33.648322 -7.138452
v 9.712051 33.648322 -8.051224
v 8.784844 33.648322 -7.138452
v 8.106082 33.648322 -4.644712
v 7.857638 33.648322 -1.238201
v 8.106082 33.648322 2.168311
v 8.784844 33.648322 4.662051
v 9.712051 33.648322 5.574823
v 10.639257 33.648322 4.662051
v 11.318019 33.648322 2.168311
v 11.566463 33.648322 -1.238201
v 11.318019 34.023511 -1.238201
v 11.102860 34.023511 -4.188326
v 10.515035 34.023511 -6.347968
v 9.712051 34.023511 -7.138452
v 8.909067 34.023511 -6.347968
v 8.321241 34.023511 -4.188326
v 8.106082 34.023511 -1.238201
v 8.321241 34.023511 1.711925
v 8.909067 34.023511 3.871567
v 9.712051 34.023511 4.662051
v 10.515035 34.023511 3.871567
v 11.102860 34.023511 1.711925
v 11.318019 34.023511 -1.238201
v 10.639257 34.298169 -1.238201
v 10.515035 34.298169 -2.941456
v 10.175654 34.298169 -4.188326
v 9.712051 34.298169 -4.644712
v 9.248448 34.298169 -4.188326
v 8.909067 34.298169 -2.941456
v 8.784844 34.298169 -1.238201
v 8.909067 34.298169 0.465055
v 9.248448 34.298169 1.711925
v 9.712051 34.298169 2.168311
v 10.175654 34.298169 1.711925
v 10.515035 34.298169 0.465055
v 10.639257 34.298169 -1.238201
v 9.712051 34.398700 -1.238201
vt 0.1855469 0.2807812
vt 0.0362500 0.3254687
vt 0.0611328 0.3254687
vt 0.0860156 0.3254687
vt 0.1108984 0.3254687
vt 0.1357812 0.3254687
vt 0.1606641 0.3254687
vt 0.1855469 0.3254687
vt 0.2104297 0.3254687
vt 0.2353125 0.3254687
vt 0.2601953 0.3254687
vt 0.2850781 0.3254687
vt 0.3099609 0.3254687
vt 0.3348437 0.3254687
vt 0.0362500 0.3014062
vt 0.0611328 0.3014062
vt 0.0860156 0.3014062
vt 0.1108984 0.3014062
vt 0.1357812 0.3014062
vt 0.1606641 0.3014062
vt 0.1855469 0.3014062
vt 0.2104297 0.3014062
vt 0.2353125 0.3014062
vt 0.2601953 0.3014062
vt 0.2850781 0.3014062
vt 0.3099609 0.3014062
vt 0.3348437 0.3014062
vt 0.0362500 0.2773438
vt 0.0611328 0.2773438
vt 0.0860156 0.2773438
vt 0.1108984 0.2773438
vt 0.1357812 0.2773438
vt 0.1606641 0.2773438
vt 0.1855469 0.2773438
vt 0.2104297 0.2773438
vt 0.2353125 0.2773438
vt 0.2601953 0.2773438
vt 0.2850781 0.2773438
vt 0.3099609 0.2773438
vt 0.3348437 0.2773438
vt 0.0362500 0.2532813
vt 0.0611328 0.2532813
vt 0.0860156 0.2532813
vt 0.1108984 0.2532813
vt 0.1357812 0.2532813
vt 0.1606641 0.2532813
vt 0.1855469 0.2532813
vt 0.2104297 0.2532813
vt 0.2353125 0.2532813
vt 0.2601953 0.2532813
vt 0.2850781 0.2532813
vt 0.3099609 0.2532813
vt 0.3348437 0.2532813
vt 0.0362500 0.2292188
vt 0.0611328 0.2292188
vt 0.0860156 0.2292188
vt 0.1108984 0.2292188
vt 0.1357812 0.2292188
vt 0.1606641 0.2292188
vt 0.1855469 0.2292188
vt 0.2104297 0.2292188
vt 0.2353125 0.2292188
vt 0.2601953 0.2292188
vt 0.2850781 0.2292188
vt 0.3099609 0.2292188
vt 0.3348437 0.2292188
vt 0.1855469 0.2807812
vn -0.0000000 -1.0000000 -0.0000000
vn 0.2691285 -0.9630742 -0.0076156
vn 0.2216034 -0.9741563 -0.0437192
vn 0.1135464 -0.9911195 -0.0692052
vn -0.0289564 -0.9967017 -0.0758109
vn -0.1623843 -0.9848416 -0.0609791
vn -0.2483751 -0.9681933 -0.0301909
vn -0.2691285 -0.9630742 0.0076156
vn -0.2216034 -0.9741563 0.0437192
vn -0.1135464 -0.9911195 0.0692052
vn 0.0289564 -0.9967017 0.0758109
vn 0.1623843 -0.9848416 0.0609791
vn 0.2483751 -0.9681933 0.0301909
vn 0.2691285 -0.9630742 -0.0076156
vn 0.5982898 -0.8012547 -0.0063360
vn 0.5320926 -0.8417490 -0.0913026
vn 0.3241749 -0.9310405 -0.1675539
vn -0.0284586 -0.9795686 -0.1990867
vn -0.3655537 -0.9173115 -0.1578294
vn -0.5498120 -0.8315624 -0.0788083
vn -0.5982898 -0.8012547 0.0063360
vn -0.5320926 -0.8417490 0.0913026
vn -0.3241749 -0.9310405 0.1675539
vn 0.0284586 -0.9795686 0.1990867
vn 0.3655537 -0.9173115 0.1578294
vn 0.5498120 -0.8315624 0.0788083
vn 0.5982898 -0.8012547 -0.0063360
vn 1.0000000 -0.0000000 -0.0000000
vn 0.9878765 0.0000000 -0.1552417
vn 0.9045214 -0.0000000 -0.4264282
vn -0.0000000 -0.0000000 -1.0000000
vn -0.9045214 0.0000000 -0.4264282
vn -0.9878765 -0.0000000 -0.1552417
vn -1.0000000 0.0000000 0.0000000
vn -0.9878765 -0.0000000 0.1552417
vn -0.9045214 -0.0000000 0.4264282
vn 0.0000000 -0.0000000 1.0000000
vn 0.9045214 -0.0000000 0.4264282
vn 0.9878765 -0.0000000 0.1552417
vn 1.0000000 -0.0000000 -0.0000000
vn 0.5982898 0.8012547 0.0063360
vn 0.5498120 0.8315624 -0.0788083
vn 0.3655537 0.9173115 -0.1578294
vn 0.0284586 0.9795686 -0.1990867
vn -0.3241749 0.9310405 -0.1675539
vn -0.5320926 0.8417490 -0.0913026
vn -0.5982898 0.8012547 -0.0063360
vn -0.5498120 0.8315624 0.0788083
vn -0.3655537 0.9173115 0.1578294
vn -0.0284586 0.9795686 0.1990867
vn 0.3241749 0.9310405 0.1675539
vn 0.5320926 0.8417490 0.0913026
vn 0.5982898 0.8012547 0.0063360
vn 0.2691285 0.9630742 0.0076156
vn 0.2483751 0.9681933 -0.0301909
vn 0.1623843 0.9848416 -0.0609791
vn 0.0289564 0.9967017 -0.0758109
vn -0.1135464 0.9911195 -0.0692052
vn -0.2216034 0.9741563 -0.0437192
vn -0.2691285 0.9630742 -0.0076156
vn -0.2483751 0.9681933 0.0301909
vn -0.1623843 0.9848416 0.0609791
vn -0.0289564 0.9967017 0.0758109
vn 0.1135464 0.9911195 0.0692052
vn 0.2216034 0.9741563 0.0437192
vn 0.2691285 0.9630742 0.0076156
vn -0.0000000 1.0000000 -0.0000000
s 1
f 3982/3982/3982 3984/3984/3984 3983/3983/3983
f 3982/3982/3982 3985/3985/3985 3984/3984/3984
f 3982/3982/3982 3986/3986/3986 3985/3985/3985
f 3982/3982/3982 3987/3987/3987 3986/3986/3986
f 3982/3982/3982 3988/3988/3988 3987/3987/3987
f 3982/3982/3982 3989/3989/3989 3988/3988/3988
f 3982/3982/3982 3990/3990/3990 3989/3989/3989
f 3982/3982/3982 3991/3991/3991 3990/3990/3990
f 3982/3982/3982 3992/3992/3992 3991/3991/3991
f 3982/3982/3982 3993/3993/3993 3992/3992/3992
f 3982/3982/3982 3994/3994/3994 3993/3993/3993
f 3982/3982/3982 3995/3995/3995 3994/3994/3994
f 3983/3983/3983 3984/3984/3984 3997/3997/3997
f 3983/3983/3983 3997/3997/3997 3996/3996/3996
f 3984/3984/3984 3985/3985/3985 3998/3998/3998
f 3984/3984/3984 3998/3998/3998 3997/3997/3997
f 3985/3985/3985 3986/3986/3986 3999/3999/3999
f 3985/3985/3985 3999/3999/3999 3998/3998/3998
f 3986/3986/3986 3987/3987/3987 4000/4000/4000
f 3986/3986/3986 4000/4000/4000 3999/3999/3999
f 3987/3987/3987 3988/3988/3988 4001/4001/4001
f 3987/3987/3987 4001/4001/4001 4000/4000/4000
f 3988/3988/3988 3989/3989/3989 4002/4002/4002
f 3988/3988/3988 4002/4002/4002 4001/4001/4001
f 3989/3989/3989 3990/3990/3990 4003/4003/4003
f 3989/3989/3989 4003/4003/4003 4002/4002/4002
f 3990/3990/3990 3991/3991/3991 4004/4004/4004
f 3990/3990/3990 4004/4004/4004 4003/4003/4003
f 3991/3991/3991 3992/3992/3992 4005/4005/4005
f 3991/3991/3991 4005/4005/4005 4004/4004/4004
f 3992/3992/3992 3993/3993/3993 4006/4006/4006
f 3992/3992/3992 4006/4006/4006 4005/4005/4005
f 3993/3993/3993 3994/3994/3994 4007/4007/4007
f 3993/3993/3993 4007/4007/4007 4006/4006/4006
f 3994/3994/3994 3995/3995/3995 4008/4008/4008
f 3994/3994/3994 4008/4008/4008 4007/4007/4007
f 3996/3996/3996 3997/3997/3997 4010/4010/4010
f 3996/3996/3996 4010/4010/4010 4009/4009/4009
f 3997/3997/3997 3998/3998/3998 4011/4011/4011
f 3997/3997/3997 4011/4011/4011 4010/4010/4010
f 3998/3998/3998 3999/3999/3999 4012/4012/4012
f 3998/3998/3998 4012/4012/4012 4011/4011/4011
f 3999/3999/3999 4000/4000/4000 4013/4013/4013
f 3999/3999/3999 4013/4013/4013 4012/4012/4012
f 4000/4000/4000 4001/4001/4001 4014/4014/4014
f 4000/4000/4000 4014/4014/4014 4013/4013/4013
f 4001/4001/4001 4002/4002/4002 4015/4015/4015
f 4001/4001/4001 4015/4015/4015 4014/4014/4014
f 4002/4002/4002 4003/4003/4003 4016/4016/4016
f 4002/4002/4002 4016/4016/4016 4015/4015/4015
f 4003/4003/4003 4004/4004/4004 4017/4017/4017
f 4003/4003/4003 4017/4017/4017 4016/4016/4016
f 4004/4004/4004 4005/4005/4005 4018/4018/4018
f 4004/4004/4004 4018/4018/4018 4017/4017/4017
f 4005/4005/4005 4006/4006/4006 4019/4019/4019
f 4005/4005/4005 4019/4019/4019 4018/4018/4018
f 4006/4006/4006 4007/4007/4007 4020/4020/4020
f 4006/4006/4006 4020/4020/4020 4019/4019/4019
f 4007/4007/4007 4008/4008/4008 4021/4021/4021
f 4007/4007/4007 4021/4021/4021 4020/4020/4020
f 4009/4009/4009 4010/4010/4010 4023/4023/4023
f 4009/4009/4009 4023/4023/4023 4022/4022/4022
f 4010/4010/4010 4011/4011/4011 4024/4024/4024
f 4010/4010/4010 4024/4024/4024 4023/4023/4023
f 4011/4011/4011 4012/4012/4012 4025/4025/4025
f 4011/4011/4011 4025/4025/4025 4024/4024/4024
f 4012/4012/4012 4013/4013/4013 4026/4026/4026
f 4012/4012/4012 4026/4026/4026 4025/4025/4025
f 4013/4013/4013 4014/4014/4014 4027/4027/4027
f 4013/4013/4013 4027/4027/4027 4026/4026/4026
f 4014/4014/4014 4015/4015/4015 4028/4028/4028
f 4014/4014/4014 4028/4028/4028 4027/4027/4027
f 4015/4015/4015 4016/4016/4016 4029/4029/4029
f 4015/4015/4015 4029/4029/4029 4028/4028/4028
f 4016/4016/4016 4017/4017/4017 4030/4030/4030
f 4016/4016/4016 4030/4030/4030 4029/4029/4029
f 4017/4017/4017 4018/4018/4018 4031/4031/4031
f 4017/4017/4017 4031/4031/4031 4030/4030/4030
f 4018/4018/4018 4019/4019/4019 4032/4032/4032
f 4018/4018/4018 4032/4032/4032 4031/4031/4031
f 4019/4019/4019 4020/4020/4020 4033/4033/4033
f 4019/4019/4019 4033/4033/4033 4032/4032/4032
f 4020/4020/4020 4021/4021/4021 4034/4034/4034
f 4020/4020/4020 4034/4034/4034 4033/4033/4033
f 4022/4022/4022 4023/4023/4023 4036/4036/4036
f 4022/4022/4022 4036/4036/4036 4035/4035/4035
f 4023/4023/4023 4024/4024/4024 4037/4037/4037
f 4023/4023/4023 4037/4037/4037 4036/4036/4036
f 4024/4024/4024 4025/4025/4025 4038/4038/4038
f 4024/4024/4024 4038/4038/4038 4037/4037/4037
f 4025/4025/4025 4026/4026/4026 4039/4039/4039
f 4025/4025/4025 4039/4039/4039 4038/4038/4038
f 4026/4026/4026 4027/4027/4027 4040/4040/4040
f 4026/4026/4026 4040/4040/4040 4039/4039/4039
f 4027/4027/4027 4028/4028/4028 4041/4041/4041
f 4027/4027/4027 4041/4041/4041 4040/4040/4040
f 4028/4028/4028 4029/4029/4029 4042/4042/4042
f 4028/4028/4028 4042/4042/4042 4041/4041/4041
f 4029/4029/4029 4030/4030/4030 4043/4043/4043
f 4029/4029/4029 4043/4043/4043 4042/4042/4042
f 4030/4030/4030 4031/4031/4031 4044/4044/4044
f 4030/4030/4030 4044/4044/4044 4043/4043/4043
f 4031/4031/4031 4032/4032/4032 4045/4045/4045
f 4031/4031/4031 4045/4045/4045 4044/4044/4044
f 4032/4032/4032 4033/4033/4033 4046/4046/4046
f 4032/4032/4032 4046/4046/4046 4045/4045/4045
f 4033/4033/4033 4034/4034/4034 4047/4047/4047
f 4033/4033/4033 4047/4047/4047 4046/4046/4046
f 4035/4035/4035 4036/4036/4036 4048/4048/4048
f 4036/4036/4036 4037/4037/4037 4048/4048/4048
f 4037/4037/4037 4038/4038/4038 4048/4048/4048
f 4038/4038/4038 4039/4039/4039 4048/4048/4048
f 4039/4039/4039 4040/4040/4040 4048/4048/4048
f 4040/4040/4040 4041/4041/4041 4048/4048/4048
f 4041/4041/4041 4042/4042/4042 4048/4048/4048
f 4042/4042/4042 4043/4043/4043 4048/4048/4048
f 4043/4043/4043 4044/4044/4044 4048/4048/4048
f 4044/4044/4044 4045/4045/4045 4048/4048/4048
f 4045/4045/4045 4046/4046/4046 4048/4048/4048
f 4046/4046/4046 4047/4047/4047 4048/4048/4048
o Ventral_scale_5
v 9.866585 35.065704 -1.238201
v 10.793791 35.166235 -1.238201
v 10.669569 35.166235 -2.941456
v 10.330188 35.166235 -4.188326
v 9.866585 35.166235 -4.644712
v 9.402982 35.166235 -4.188326
v 9.063601 35.166235 -2.941456
v 8.939379 35.166235 -1.238201
v 9.063601 35.166235 0.465055
v 9.402982 35.166235 1.711925
v 9.866585 35.166235 2.168311
v 10.330188 35.166235 1.711925
v 10.669569 35.166235 0.465055
v 10.793791 35.166235 -1.238201
v 11.472553 35.440893 -1.238201
v 11.257395 35.440893 -4.188326
v 10.669569 35.440893 -6.347968
v 9.866585 35.440893 -7.138452
v 9.063601 35.440893 -6.347968
v 8.475776 35.440893 -4.188326
v 8.260617 35.440893 -1.238201
v 8.475776 35.440893 1.711925
v 9.063601 35.440893 3.871567
v 9.866585 35.440893 4.662051
v 10.669569 35.440893 3.871567
v 11.257395 35.440893 1.711925
v 11.472553 35.440893 -1.238201
v 11.720998 35.816082 -1.238201
v 11.472553 35.816082 -4.644712
v 10.793791 35.816082 -7.138452
v 9.866585 35.816082 -8.051224
v 8.939379 35.816082 -7.138452
v 8.260617 35.816082 -4.644712
v 8.012173 35.816082 -1.238201
v 8.260617 35.816082 2.168311
v 8.939379 35.816082 4.662051
v 9.866585 35.816082 5.574823
v 10.793791 35.816082 4.662051
v 11.472553 35.816082 2.168311
v 11.720998 35.816082 -1.238201
v 11.472553 36.191272 -1.238201
v 11.257395 36.191272 -4.188326
v 10.669569 36.191272 -6.347968
v 9.866585 36.191272 -7.138452
v 9.063601 36.191272 -6.347968
v 8.475776 36.191272 -4.188326
v 8.260617 36.191272 -1.238201
v 8.475776 36.191272 1.711925
v 9.063601 36.191272 3.871567
v 9.866585 36.191272 4.662051
v 10.669569 36.191272 3.871567
v 11.257395 36.191272 1.711925
v 11.472553 36.191272 -1.238201
v 10.793791 36.465929 -1.238201
v 10.669569 36.465929 -2.941456
v 10.330188 36.465929 -4.188326
v 9.866585 36.465929 -4.644712
v 9.402982 36.465929 -4.188326
v 9.063601 36.465929 -2.941456
v 8.939379 36.465929 -1.238201
v 9.063601 36.465929 0.465055
v 9.402982 36.465929 1.711925
v 9.866585 36.465929 2.168311
v 10.330188 36.465929 1.711925
v 10.669569 36.465929 0.465055
v 10.793791 36.465929 -1.238201
v 9.866585 36.566461 -1.238201
vt 0.1855469 0.2807812
vt 0.0362500 0.3254687
vt 0.0611328 0.3254687
vt 0.0860156 0.3254687
vt 0.1108984 0.3254687
vt 0.1357812 0.3254687
vt 0.1606641 0.3254687
vt 0.1855469 0.3254687
vt 0.2104297 0.3254687
vt 0.2353125 0.3254687
vt 0.2601953 0.3254687
vt 0.2850781 0.3254687
vt 0.3099609 0.3254687
vt 0.3348437 0.3254687
vt 0.0362500 0.3014062
vt 0.0611328 0.3014062
vt 0.0860156 0.3014062
vt 0.1108984 0.3014062
vt 0.1357812 0.3014062
vt 0.1606641 0.3014062
vt 0.1855469 0.3014062
vt 0.2104297 0.3014062
vt 0.2353125 0.3014062
vt 0.2601953 0.3014062
vt 0.2850781 0.3014062
vt 0.3099609 0.3014062
vt 0.3348437 0.3014062
vt 0.0362500 0.2773438
vt 0.0611328 0.2773438
vt 0.0860156 0.2773438
vt 0.1108984 0.2773438
vt 0.1357812 0.2773438
vt 0.1606641 0.2773438
vt 0.1855469 0.2773438
vt 0.2104297 0.2773438
vt 0.2353125 0.2773438
vt 0.2601953 0.2773438
vt 0.2850781 0.2773438
vt 0.3099609 0.2773438
vt 0.3348437 0.2773438
vt 0.0362500 0.2532813
vt 0.0611328 0.2532813
vt 0.0860156 0.2532813
vt 0.1108984 0.2532813
vt 0.1357812 0.2532813
vt 0.1606641 0.2532813
vt 0.1855469 0.2532813
vt 0.2104297 0.2532813
vt 0.2353125 0.2532813
vt 0.2601953 0.2532813
vt 0.2850781 0.2532813
vt 0.3099609 0.2532813
vt 0.3348437 0.2532813
vt 0.0362500 0.2292188
vt 0.0611328 0.2292188
vt 0.0860156 0.2292188
vt 0.1108984 0.2292188
vt 0.1357812 0.2292188
vt 0.1606641 0.2292188
vt 0.1855469 0.2292188
vt 0.2104297 0.2292188
vt 0.2353125 0.2292188
vt 0.2601953 0.2292188
vt 0.2850781 0.2292188
vt 0.3099609 0.2292188
vt 0.3348437 0.2292188
vt 0.1855469 0.2807812
vn -0.0000000 -1.0000000 -0.0000000
vn 0.2691285 -0.9630742 -0.0076156
vn 0.2216034 -0.9741563 -0.0437192
vn 0.1135464 -0.9911195 -0.0692052
vn -0.0289564 -0.9967017 -0.0758109
vn -0.1623843 -0.9848416 -0.0609791
vn -0.2483751 -0.9681933 -0.0301909
vn -0.2691285 -0.9630742 0.0076156
vn -0.2216034 -0.9741563 0.0437192
vn -0.1135464 -0.9911195 0.0692052
vn 0.0289564 -0.9967017 0.0758109
vn 0.1623843 -0.9848416 0.0609791
vn 0.2483751 -0.9681933 0.0301909
vn 0.2691285 -0.9630742 -0.0076156
vn 0.5982898 -0.8012547 -0.0063360
vn 0.5320926 -0.8417490 -0.0913026
vn 0.3241749 -0.9310405 -0.1675539
vn -0.0284586 -0.9795686 -0.1990867
vn -0.3655537 -0.9173115 -0.1578294
vn -0.5498120 -0.8315624 -0.0788083
vn -0.5982898 -0.8012547 0.0063360
vn -0.5320926 -0.8417490 0.0913026
vn -0.3241749 -0.9310405 0.1675539
vn 0.0284586 -0.9795686 0.1990867
vn 0.3655537 -0.9173115 0.1578294
vn 0.5498120 -0.8315624 0.0788083
vn 0.5982898 -0.8012547 -0.0063360
vn 1.0000000 0.0000000 0.0000000
vn 0.9878765 -0.0000000 -0.1552417
vn 0.9045214 -0.0000000 -0.4264282
vn 0.0000000 -0.0000000 -1.0000000
vn -0.9045214 0.0000000 -0.4264282
vn -0.9878765 -0.0000000 -0.1552417
vn -1.0000000 -0.0000000 -0.0000000
vn -0.9878765 -0.0000000 0.1552417
vn -0.9045214 -0.0000000 0.4264282
vn -0.0000000 -0.0000000 1.0000000
vn 0.9045214 -0.0000000 0.4264282
vn 0.9878765 -0.0000000 0.1552417
vn 1.0000000 0.0000000 0.0000000
vn 0.5982898 0.8012547 0.0063360
vn 0.5498120 0.8315624 -0.0788083
vn 0.3655537 0.9173115 -0.1578294
vn 0.0284586 0.9795686 -0.1990867
vn -0.3241749 0.9310405 -0.1675539
vn -0.5320926 0.8417490 -0.0913026
vn -0.5982898 0.8012547 -0.0063360
vn -0.5498120 0.8315624 0.0788083
vn -0.3655537 0.9173115 0.1578294
vn -0.0284586 0.9795686 0.1990867
vn 0.3241749 0.9310405 0.1675539
vn 0.5320926 0.8417490 0.0913026
vn 0.5982898 0.8012547 0.0063360
vn 0.2691285 0.9630742 0.0076156
vn 0.2483751 0.9681933 -0.0301909
vn 0.1623843 0.9848416 -0.0609791
vn 0.0289564 0.9967017 -0.0758109
vn -0.1135464 0.9911195 -0.0692052
vn -0.2216034 0.9741563 -0.0437192
vn -0.2691285 0.9630742 -0.0076156
vn -0.2483751 0.9681933 0.0301909
vn -0.1623843 0.9848416 0.0609791
vn -0.0289564 0.9967017 0.0758109
vn 0.1135464 0.9911195 0.0692052
vn 0.2216034 0.9741563 0.0437192
vn 0.2691285 0.9630742 0.0076156
vn -0.0000000 1.0000000 -0.0000000
s 1
f 4049/4049/4049 4051/4051/4051 4050/4050/4050
f 4049/4049/4049 4052/4052/4052 4051/4051/4051
f 4049/4049/4049 4053/4053/4053 4052/4052/4052
f 4049/4049/4049 4054/4054/4054 4053/4053/4053
f 4049/4049/4049 4055/4055/4055 4054/4054/4054
f 4049/4049/4049 4056/4056/4056 4055/4055/4055
f 4049/4049/4049 4057/4057/4057 4056/4056/4056
f 4049/4049/4049 4058/4058/4058 4057/4057/4057
f 4049/4049/4049 4059/4059/4059 4058/4058/4058
f 4049/4049/4049 4060/4060/4060 4059/4059/4059
f 4049/4049/4049 4061/4061/4061 4060/4060/4060
f 4049/4049/4049 4062/4062/4062 4061/4061/4061
f 4050/4050/4050 4051/4051/4051 4064/4064/4064
f 4050/4050/4050 4064/4064/4064 4063/4063/4063
f 4051/4051/4051 4052/4052/4052 4065/4065/4065
f 4051/4051/4051 4065/4065/4065 4064/4064/4064
f 4052/4052/4052 4053/4053/4053 4066/4066/4066
f 4052/4052/4052 4066/4066/4066 4065/4065/4065
f 4053/4053/4053 4054/4054/4054 4067/4067/4067
f 4053/4053/4053 4067/4067/4067 4066/4066/4066
f 4054/4054/4054 4055/4055/4055 4068/4068/4068
f 4054/4054/4054 4068/4068/4068 4067/4067/4067
f 4055/4055/4055 4056/4056/4056 4069/4069/4069
f 4055/4055/4055 4069/4069/4069 4068/4068/4068
f 4056/4056/4056 4057/4057/4057 4070/4070/4070
f 4056/4056/4056 4070/4070/4070 4069/4069/4069
f 4057/4057/4057 4058/4058/4058 4071/4071/4071
f 4057/4057/4057 4071/4071/4071 4070/4070/4070
f 4058/4058/4058 4059/4059/4059 4072/4072/4072
f 4058/4058/4058 4072/4072/4072 4071/4071/4071
f 4059/4059/4059 4060/4060/4060 4073/4073/4073
f 4059/4059/4059 4073/4073/4073 4072/4072/4072
f 4060/4060/4060 4061/4061/4061 4074/4074/4074
f 4060/4060/4060 4074/4074/4074 4073/4073/4073
f 4061/4061/4061 4062/4062/4062 4075/4075/4075
f 4061/4061/4061 4075/4075/4075 4074/4074/4074
f 4063/4063/4063 4064/4064/4064 4077/4077/4077
f 4063/4063/4063 4077/4077/4077 4076/4076/4076
f 4064/4064/4064 4065/4065/4065 4078/4078/4078
f 4064/4064/4064 4078/4078/4078 4077/4077/4077
f 4065/4065/4065 4066/4066/4066 4079/4079/4079
f 4065/4065/4065 4079/4079/4079 4078/4078/4078
f 4066/4066/4066 4067/4067/4067 4080/4080/4080
f 4066/4066/4066 4080/4080/4080 4079/4079/4079
f 4067/4067/4067 4068/4068/4068 4081/4081/4081
f 4067/4067/4067 4081/4081/4081 4080/4080/4080
f 4068/4068/4068 4069/4069/4069 4082/4082/4082
f 4068/4068/4068 4082/4082/4082 4081/4081/4081
f 4069/4069/4069 4070/4070/4070 4083/4083/4083
f 4069/4069/4069 4083/4083/4083 4082/4082/4082
f 4070/4070/4070 4071/4071/4071 4084/4084/4084
f 4070/4070/4070 4084/4084/4084 4083/4083/4083
f 4071/4071/4071 4072/4072/4072 4085/4085/4085
f 4071/4071/4071 4085/4085/4085 4084/4084/4084
f 4072/4072/4072 4073/4073/4073 4086/4086/4086
f 4072/4072/4072 4086/4086/4086 4085/4085/4085
f 4073/4073/4073 4074/4074/4074 4087/4087/4087
f 4073/4073/4073 4087/4087/4087 4086/4086/4086
f 4074/4074/4074 4075/4075/4075 4088/4088/4088
f 4074/4074/4074 4088/4088/4088 4087/4087/4087
f 4076/4076/4076 4077/4077/4077 4090/4090/4090
f 4076/4076/4076 4090/4090/4090 4089/4089/4089
f 4077/4077/4077 4078/4078/4078 4091/4091/4091
f 4077/4077/4077 4091/4091/4091 4090/4090/4090
f 4078/4078/4078 4079/4079/4079 4092/4092/4092
f 4078/4078/4078 4092/4092/4092 4091/4091/4091
f 4079/4079/4079 4080/4080/4080 4093/4093/4093
f 4079/4079/4079 4093/4093/4093 4092/4092/4092
f 4080/4080/4080 4081/4081/4081 4094/4094/4094
f 4080/4080/4080 4094/4094/4094 4093/4093/4093
f 4081/4081/4081 4082/4082/4082 4095/4095/4095
f 4081/4081/4081 4095/4095/4095 4094/4094/4094
f 4082/4082/4082 4083/4083/4083 4096/4096/4096
f 4082/4082/4082 4096/4096/4096 4095/4095/4095
f 4083/4083/4083 4084/4084/4084 4097/4097/4097
f 4083/4083/4083 4097/4097/4097 4096/4096/4096
f 4084/4084/4084 4085/4085/4085 4098/4098/4098
f 4084/4084/4084 4098/4098/4098 4097/4097/4097
f 4085/4085/4085 4086/4086/4086 4099/4099/4099
f 4085/4085/4085 4099/4099/4099 4098/4098/4098
f 4086/4086/4086 4087/4087/4087 4100/4100/4100
f 4086/4086/4086 4100/4100/4100 4099/4099/4099
f 4087/4087/4087 4088/4088/4088 4101/4101/4101
f 4087/4087/4087 4101/4101/4101 4100/4100/4100
f 4089/4089/4089 4090/4090/4090 4103/4103/4103
f 4089/4089/4089 4103/4103/4103 4102/4102/4102
f 4090/4090/4090 4091/4091/4091 4104/4104/4104
f 4090/4090/4090 4104/4104/4104 4103/4103/4103
f 4091/4091/4091 4092/4092/4092 4105/4105/4105
f 4091/4091/4091 4105/4105/4105 4104/4104/4104
f 4092/4092/4092 4093/4093/4093 4106/4106/4106
f 4092/4092/4092 4106/4106/4106 4105/4105/4105
f 4093/4093/4093 4094/4094/4094 4107/4107/4107
f 4093/4093/4093 4107/4107/4107 4106/4106/4106
f 4094/4094/4094 4095/4095/4095 4108/4108/4108
f 4094/4094/4094 4108/4108/4108 4107/4107/4107
f 4095/4095/4095 4096/4096/4096 4109/4109/4109
f 4095/4095/4095 4109/4109/4109 4108/4108/4108
f 4096/4096/4096 4097/4097/4097 4110/4110/4110
f 4096/4096/4096 4110/4110/4110 4109/4109/4109
f 4097/4097/4097 4098/4098/4098 4111/4111/4111
f 4097/4097/4097 4111/4111/4111 4110/4110/4110
f 4098/4098/4098 4099/4099/4099 4112/4112/4112
f 4098/4098/4098 4112/4112/4112 4111/4111/4111
f 4099/4099/4099 4100/4100/4100 4113/4113/4113
f 4099/4099/4099 4113/4113/4113 4112/4112/4112
f 4100/4100/4100 4101/4101/4101 4114/4114/4114
f 4100/4100/4100 4114/4114/4114 4113/4113/4113
f 4102/4102/4102 4103/4103/4103 4115/4115/4115
f 4103/4103/4103 4104/4104/4104 4115/4115/4115
f 4104/4104/4104 4105/4105/4105 4115/4115/4115
f 4105/4105/4105 4106/4106/4106 4115/4115/4115
f 4106/4106/4106 4107/4107/4107 4115/4115/4115
f 4107/4107/4107 4108/4108/4108 4115/4115/4115
f 4108/4108/4108 4109/4109/4109 4115/4115/4115
f 4109/4109/4109 4110/4110/4110 4115/4115/4115
f 4110/4110/4110 4111/4111/4111 4115/4115/4115
f 4111/4111/4111 4112/4112/4112 4115/4115/4115
f 4112/4112/4112 4113/4113/4113 4115/4115/4115
f 4113/4113/4113 4114/4114/4114 4115/4115/4115
o Ventral_scale_6
v 10.021119 37.233464 -1.238201
v 10.948326 37.333996 -1.238201
v 10.824104 37.333996 -2.941456
v 10.484723 37.333996 -4.188326
v 10.021119 37.333996 -4.644712
v 9.557516 37.333996 -4.188326
v 9.218135 37.333996 -2.941456
v 9.093913 37.333996 -1.238201
v 9.218135 37.333996 0.465055
v 9.557516 37.333996 1.711925
v 10.021119 37.333996 2.168311
v 10.484723 37.333996 1.711925
v 10.824104 37.333996 0.465055
v 10.948326 37.333996 -1.238201
v 11.627088 37.608654 -1.238201
v 11.411929 37.608654 -4.188326
v 10.824104 37.608654 -6.347968
v 10.021119 37.608654 -7.138452
v 9.218135 37.608654 -6.347968
v 8.630310 37.608654 -4.188326
v 8.415151 37.608654 -1.238201
v 8.630310 37.608654 1.711925
v 9.218135 37.608654 3.871567
v 10.021119 37.608654 4.662051
v 10.824104 37.608654 3.871567
v 11.411929 37.608654 1.711925
v 11.627088 37.608654 -1.238201
v 11.875532 37.983843 -1.238201
v 11.627088 37.983843 -4.644712
v 10.948326 37.983843 -7.138452
v 10.021119 37.983843 -8.051224
v 9.093913 37.983843 -7.138452
v 8.415151 37.983843 -4.644712
v 8.166707 37.983843 -1.238201
v 8.415151 37.983843 2.168311
v 9.093913 37.983843 4.662051
v 10.021119 37.983843 5.574823
v 10.948326 37.983843 4.662051
v 11.627088 37.983843 2.168311
v 11.875532 37.983843 -1.238201
v 11.627088 38.359032 -1.238201
v 11.411929 38.359032 -4.188326
v 10.824104 38.359032 -6.347968
v 10.021119 38.359032 -7.138452
v 9.218135 38.359032 -6.347968
v 8.630310 38.359032 -4.188326
v 8.415151 38.359032 -1.238201
v 8.630310 38.359032 1.711925
v 9.218135 38.359032 3.871567
v 10.021119 38.359032 4.662051
v 10.824104 38.359032 3.871567
v 11.411929 38.359032 1.711925
v 11.627088 38.359032 -1.238201
v 10.948326 38.633690 -1.238201
v 10.824104 38.633690 -2.941456
v 10.484723 38.633690 -4.188326
v 10.021119 38.633690 -4.644712
v 9.557516 38.633690 -4.188326
v 9.218135 38.633690 -2.941456
v 9.093913 38.633690 -1.238201
v 9.218135 38.633690 0.465055
v 9.557516 38.633690 1.711925
v 10.021119 38.633690 2.168311
v 10.484723 38.633690 1.711925
v 10.824104 38.633690 0.465055
v 10.948326 38.633690 -1.238201
v 10.021119 38.734222 -1.238201
vt 0.1855469 0.2807812
vt 0.0362500 0.3254687
vt 0.0611328 0.3254687
vt 0.0860156 0.3254687
vt 0.1108984 0.3254687
vt 0.1357812 0.3254687
vt 0.1606641 0.3254687
vt 0.1855469 0.3254687
vt 0.2104297 0.3254687
vt 0.2353125 0.3254687
vt 0.2601953 0.3254687
vt 0.2850781 0.3254687
vt 0.3099609 0.3254687
vt 0.3348437 0.3254687
vt 0.0362500 0.3014062
vt 0.0611328 0.3014062
vt 0.0860156 0.3014062
vt 0.1108984 0.3014062
vt 0.1357812 0.3014062
vt 0.1606641 0.3014062
vt 0.1855469 0.3014062
vt 0.2104297 0.3014062
vt 0.2353125 0.3014062
vt 0.2601953 0.3014062
vt 0.2850781 0.3014062
vt 0.3099609 0.3014062
vt 0.3348437 0.3014062
vt 0.0362500 0.2773438
vt 0.0611328 0.2773438
vt 0.0860156 0.2773438
vt 0.1108984 0.2773438
vt 0.1357812 0.2773438
vt 0.1606641 0.2773438
vt 0.1855469 0.2773438
vt 0.2104297 0.2773438
vt 0.2353125 0.2773438
vt 0.2601953 0.2773438
vt 0.2850781 0.2773438
vt 0.3099609 0.2773438
vt 0.3348437 0.2773438
vt 0.0362500 0.2532813
vt 0.0611328 0.2532813
vt 0.0860156 0.2532813
vt 0.1108984 0.2532813
vt 0.1357812 0.2532813
vt 0.1606641 0.2532813
vt 0.1855469 0.2532813
vt 0.2104297 0.2532813
vt 0.2353125 0.2532813
vt 0.2601953 0.2532813
vt 0.2850781 0.2532813
vt 0.3099609 0.2532813
vt 0.3348437 0.2532813
vt 0.0362500 0.2292188
vt 0.0611328 0.2292188
vt 0.0860156 0.2292188
vt 0.1108984 0.2292188
vt 0.1357812 0.2292188
vt 0.1606641 0.2292188
vt 0.1855469 0.2292188
vt 0.2104297 0.2292188
vt 0.2353125 0.2292188
vt 0.2601953 0.2292188
vt 0.2850781 0.2292188
vt 0.3099609 0.2292188
vt 0.3348437 0.2292188
vt 0.1855469 0.2807812
vn -0.0000000 -1.0000000 -0.0000000
vn 0.2691285 -0.9630742 -0.0076156
vn 0.2216034 -0.9741563 -0.0437192
vn 0.1135464 -0.9911195 -0.0692052
vn -0.0289564 -0.9967017 -0.0758109
vn -0.1623843 -0.9848416 -0.0609791
vn -0.2483751 -0.9681933 -0.0301909
vn -0.2691285 -0.9630742 0.0076156
vn -0.2216034 -0.9741563 0.0437192
vn -0.1135464 -0.9911195 0.0692052
vn 0.0289564 -0.9967017 0.0758109
vn 0.1623843 -0.9848416 0.0609791
vn 0.2483751 -0.9681933 0.0301909
vn 0.2691285 -0.9630742 -0.0076156
vn 0.5982898 -0.8012547 -0.0063360
vn 0.5320926 -0.8417490 -0.0913026
vn 0.3241749 -0.9310405 -0.1675539
vn -0.0284586 -0.9795686 -0.1990867
vn -0.3655537 -0.9173115 -0.1578294
vn -0.5498120 -0.8315624 -0.0788083
vn -0.5982898 -0.8012547 0.0063360
vn -0.5320926 -0.8417490 0.0913026
vn -0.3241749 -0.9310405 0.1675539
vn 0.0284586 -0.9795686 0.1990867
vn 0.3655537 -0.9173115 0.1578294
vn 0.5498120 -0.8315624 0.0788083
vn 0.5982898 -0.8012547 -0.0063360
vn 1.0000000 -0.0000000 -0.0000000
vn 0.9878765 0.0000000 -0.1552417
vn 0.9045214 -0.0000000 -0.4264282
vn 0.0000000 -0.0000000 -1.0000000
vn -0.9045214 0.0000000 -0.4264282
vn -0.9878765 -0.0000000 -0.1552417
vn -1.0000000 0.0000000 -0.0000000
vn -0.9878765 -0.0000000 0.1552417
vn -0.9045214 -0.0000000 0.4264282
vn -0.0000000 -0.0000000 1.0000000
vn 0.9045214 -0.0000000 0.4264282
vn 0.9878765 -0.0000000 0.1552417
vn 1.0000000 -0.0000000 -0.0000000
vn 0.5982898 0.8012547 0.0063360
vn 0.5498120 0.8315624 -0.0788083
vn 0.3655537 0.9173115 -0.1578294
vn 0.0284586 0.9795686 -0.1990867
vn -0.3241749 0.9310405 -0.1675539
vn -0.5320926 0.8417490 -0.0913026
vn -0.5982898 0.8012547 -0.0063360
vn -0.5498120 0.8315624 0.0788083
vn -0.3655537 0.9173115 0.1578294
vn -0.0284586 0.9795686 0.1990867
vn 0.3241749 0.9310405 0.1675539
vn 0.5320926 0.8417490 0.0913026
vn 0.5982898 0.8012547 0.0063360
vn 0.2691285 0.9630742 0.0076156
vn 0.2483751 0.9681933 -0.0301909
vn 0.1623843 0.9848416 -0.0609791
vn 0.0289564 0.9967017 -0.0758109
vn -0.1135464 0.9911195 -0.0692052
vn -0.2216034 0.9741563 -0.0437192
vn -0.2691285 0.9630742 -0.0076156
vn -0.2483751 0.9681933 0.0301909
vn -0.1623843 0.9848416 0.0609791
vn -0.0289564 0.9967017 0.0758109
vn 0.1135464 0.9911195 0.0692052
vn 0.2216034 0.9741563 0.0437192
vn 0.2691285 0.9630742 0.0076156
vn -0.0000000 1.0000000 -0.0000000
s 1
f 4116/4116/4116 4118/4118/4118 4117/4117/4117
f 4116/4116/4116 4119/4119/4119 4118/4118/4118
f 4116/4116/4116 4120/4120/4120 4119/4119/4119
f 4116/4116/4116 4121/4121/4121 4120/4120/4120
f 4116/4116/4116 4122/4122/4122 4121/4121/4121
f 4116/4116/4116 4123/4123/4123 4122/4122/4122
f 4116/4116/4116 4124/4124/4124 4123/4123/4123
f 4116/4116/4116 4125/4125/4125 4124/4124/4124
f 4116/4116/4116 4126/4126/4126 4125/4125/4125
f 4116/4116/4116 4127/4127/4127 4126/4126/4126
f 4116/4116/4116 4128/4128/4128 4127/4127/4127
f 4116/4116/4116 4129/4129/4129 4128/4128/4128
f 4117/4117/4117 4118/4118/4118 4131/4131/4131
f 4117/4117/4117 4131/4131/4131 4130/4130/4130
f 4118/4118/4118 4119/4119/4119 4132/4132/4132
f 4118/4118/4118 4132/4132/4132 4131/4131/4131
f 4119/4119/4119 4120/4120/4120 4133/4133/4133
f 4119/4119/4119 4133/4133/4133 4132/4132/4132
f 4120/4120/4120 4121/4121/4121 4134/4134/4134
f 4120/4120/4120 4134/4134/4134 4133/4133/4133
f 4121/4121/4121 4122/4122/4122 4135/4135/4135
f 4121/4121/4121 4135/4135/4135 4134/4134/4134
f 4122/4122/4122 4123/4123/4123 4136/4136/4136
f 4122/4122/4122 4136/4136/4136 4135/4135/4135
f 4123/4123/4123 4124/4124/4124 4137/4137/4137
f 4123/4123/4123 4137/4137/4137 4136/4136/4136
f 4124/4124/4124 4125/4125/4125 4138/4138/4138
f 4124/4124/4124 4138/4138/4138 4137/4137/4137
f 4125/4125/4125 4126/4126/4126 4139/4139/4139
f 4125/4125/4125 4139/4139/4139 4138/4138/4138
f 4126/4126/4126 4127/4127/4127 4140/4140/4140
f 4126/4126/4126 4140/4140/4140 4139/4139/4139
f 4127/4127/4127 4128/4128/4128 4141/4141/4141
f 4127/4127/4127 4141/4141/4141 4140/4140/4140
f 4128/4128/4128 4129/4129/4129 4142/4142/4142
f 4128/4128/4128 4142/4142/4142 4141/4141/4141
f 4130/4130/4130 4131/4131/4131 4144/4144/4144
f 4130/4130/4130 4144/4144/4144 4143/4143/4143
f 4131/4131/4131 4132/4132/4132 4145/4145/4145
f 4131/4131/4131 4145/4145/4145 4144/4144/4144
f 4132/4132/4132 4133/4133/4133 4146/4146/4146
f 4132/4132/4132 4146/4146/4146 4145/4145/4145
f 4133/4133/4133 4134/4134/4134 4147/4147/4147
f 4133/4133/4133 4147/4147/4147 4146/4146/4146
f 4134/4134/4134 4135/4135/4135 4148/4148/4148
f 4134/4134/4134 4148/4148/4148 4147/4147/4147
f 4135/4135/4135 4136/4136/4136 4149/4149/4149
f 4135/4135/4135 4149/4149/4149 4148/4148/4148
f 4136/4136/4136 4137/4137/4137 4150/4150/4150
f 4136/4136/4136 4150/4150/4150 4149/4149/4149
f 4137/4137/4137 4138/4138/4138 4151/4151/4151
f 4137/4137/4137 4151/4151/4151 4150/4150/4150
f 4138/4138/4138 4139/4139/4139 4152/4152/4152
f 4138/4138/4138 4152/4152/4152 4151/4151/4151
f 4139/4139/4139 4140/4140/4140 4153/4153/4153
f 4139/4139/4139 4153/4153/4153 4152/4152/4152
f 4140/4140/4140 4141/4141/4141 4154/4154/4154
f 4140/4140/4140 4154/4154/4154 4153/4153/4153
f 4141/4141/4141 4142/4142/4142 4155/4155/4155
f 4141/4141/4141 4155/4155/4155 4154/4154/4154
f 4143/4143/4143 4144/4144/4144 4157/4157/4157
f 4143/4143/4143 4157/4157/4157 4156/4156/4156
f 4144/4144/4144 4145/4145/4145 4158/4158/4158
f 4144/4144/4144 4158/4158/4158 4157/4157/4157
f 4145/4145/4145 4146/4146/4146 4159/4159/4159
f 4145/4145/4145 4159/4159/4159 4158/4158/4158
f 4146/4146/4146 4147/4147/4147 4160/4160/4160
f 4146/4146/4146 4160/4160/4160 4159/4159/4159
f 4147/4147/4147 4148/4148/4148 4161/4161/4161
f 4147/4147/4147 4161/4161/4161 4160/4160/4160
f 4148/4148/4148 4149/4149/4149 4162/4162/4162
f 4148/4148/4148 4162/4162/4162 4161/4161/4161
f 4149/4149/4149 4150/4150/4150 4163/4163/4163
f 4149/4149/4149 4163/4163/4163 4162/4162/4162
f 4150/4150/4150 4151/4151/4151 4164/4164/4164
f 4150/4150/4150 4164/4164/4164 4163/4163/4163
f 4151/4151/4151 4152/4152/4152 4165/4165/4165
f 4151/4151/4151 4165/4165/4165 4164/4164/4164
f 4152/4152/4152 4153/4153/4153 4166/4166/4166
f 4152/4152/4152 4166/4166/4166 4165/4165/4165
f 4153/4153/4153 4154/4154/4154 4167/4167/4167
f 4153/4153/4153 4167/4167/4167 4166/4166/4166
f 4154/4154/4154 4155/4155/4155 4168/4168/4168
f 4154/4154/4154 4168/4168/4168 4167/4167/4167
f 4156/4156/4156 4157/4157/4157 4170/4170/4170
f 4156/4156/4156 4170/4170/4170 4169/4169/4169
f 4157/4157/4157 4158/4158/4158 4171/4171/4171
f 4157/4157/4157 4171/4171/4171 4170/4170/4170
f 4158/4158/4158 4159/4159/4159 4172/4172/4172
f 4158/4158/4158 4172/4172/4172 4171/4171/4171
f 4159/4159/4159 4160/4160/4160 4173/4173/4173
f 4159/4159/4159 4173/4173/4173 4172/4172/4172
f 4160/4160/4160 4161/4161/4161 4174/4174/4174
f 4160/4160/4160 4174/4174/4174 4173/4173/4173
f 4161/4161/4161 4162/4162/4162 4175/4175/4175
f 4161/4161/4161 4175/4175/4175 4174/4174/4174
f 4162/4162/4162 4163/4163/4163 4176/4176/4176
f 4162/4162/4162 4176/4176/4176 4175/4175/4175
f 4163/4163/4163 4164/4164/4164 4177/4177/4177
f 4163/4163/4163 4177/4177/4177 4176/4176/4176
f 4164/4164/4164 4165/4165/4165 4178/4178/4178
f 4164/4164/4164 4178/4178/4178 4177/4177/4177
f 4165/4165/4165 4166/4166/4166 4179/4179/4179
f 4165/4165/4165 4179/4179/4179 4178/4178/4178
f 4166/4166/4166 4167/4167/4167 4180/4180/4180
f 4166/4166/4166 4180/4180/4180 4179/4179/4179
f 4167/4167/4167 4168/4168/4168 4181/4181/4181
f 4167/4167/4167 4181/4181/4181 4180/4180/4180
f 4169/4169/4169 4170/4170/4170 4182/4182/4182
f 4170/4170/4170 4171/4171/4171 4182/4182/4182
f 4171/4171/4171 4172/4172/4172 4182/4182/4182
f 4172/4172/4172 4173/4173/4173 4182/4182/4182
f 4173/4173/4173 4174/4174/4174 4182/4182/4182
f 4174/4174/4174 4175/4175/4175 4182/4182/4182
f 4175/4175/4175 4176/4176/4176 4182/4182/4182
f 4176/4176/4176 4177/4177/4177 4182/4182/4182
f 4177/4177/4177 4178/4178/4178 4182/4182/4182
f 4178/4178/4178 4179/4179/4179 4182/4182/4182
f 4179/4179/4179 4180/4180/4180 4182/4182/4182
f 4180/4180/4180 4181/4181/4181 4182/4182/4182
o Ventral_scale_7
v 10.175654 39.401225 -1.238201
v 11.102860 39.501757 -1.238201
v 10.978638 39.501757 -2.941456
v 10.639257 39.501757 -4.188326
v 10.175654 39.501757 -4.644712
v 9.712051 39.501757 -4.188326
v 9.372670 39.501757 -2.941456
v 9.248448 39.501757 -1.238201
v 9.372670 39.501757 0.465055
v 9.712051 39.501757 1.711925
v 10.175654 39.501757 2.168311
v 10.639257 39.501757 1.711925
v 10.978638 39.501757 0.465055
v 11.102860 39.501757 -1.238201
v 11.781622 39.776414 -1.238201
v 11.566463 39.776414 -4.188326
v 10.978638 39.776414 -6.347968
v 10.175654 39.776414 -7.138452
v 9.372670 39.776414 -6.347968
v 8.784844 39.776414 -4.188326
v 8.569685 39.776414 -1.238201
v 8.784844 39.776414 1.711925
v 9.372670 39.776414 3.871567
v 10.175654 39.776414 4.662051
v 10.978638 39.776414 3.871567
v 11.566463 39.776414 1.711925
v 11.781622 39.776414 -1.238201
v 12.030066 40.151604 -1.238201
v 11.781622 40.151604 -4.644712
v 11.102860 40.151604 -7.138452
v 10.175654 40.151604 -8.051224
v 9.248448 40.151604 -7.138452
v 8.569685 40.151604 -4.644712
v 8.321241 40.151604 -1.238201
v 8.569685 40.151604 2.168311
v 9.248448 40.151604 4.662051
v 10.175654 40.151604 5.574823
v 11.102860 40.151604 4.662051
v 11.781622 40.151604 2.168311
v 12.030066 40.151604 -1.238201
v 11.781622 40.526793 -1.238201
v 11.566463 40.526793 -4.188326
v 10.978638 40.526793 -6.347968
v 10.175654 40.526793 -7.138452
v 9.372670 40.526793 -6.347968
v 8.784844 40.526793 -4.188326
v 8.569685 40.526793 -1.238201
v 8.784844 40.526793 1.711925
v 9.372670 40.526793 3.871567
v 10.175654 40.526793 4.662051
v 10.978638 40.526793 3.871567
v 11.566463 40.526793 1.711925
v 11.781622 40.526793 -1.238201
v 11.102860 40.801451 -1.238201
v 10.978638 40.801451 -2.941456
v 10.639257 40.801451 -4.188326
v 10.175654 40.801451 -4.644712
v 9.712051 40.801451 -4.188326
v 9.372670 40.801451 -2.941456
v 9.248448 40.801451 -1.238201
v 9.372670 40.801451 0.465055
v 9.712051 40.801451 1.711925
v 10.175654 40.801451 2.168311
v 10.639257 40.801451 1.711925
v 10.978638 40.801451 0.465055
v 11.102860 40.801451 -1.238201
v 10.175654 40.901982 -1.238201
vt 0.1855469 0.2807812
vt 0.0362500 0.3254687
vt 0.0611328 0.3254687
vt 0.0860156 0.3254687
vt 0.1108984 0.3254687
vt 0.1357812 0.3254687
vt 0.1606641 0.3254687
vt 0.1855469 0.3254687
vt 0.2104297 0.3254687
vt 0.2353125 0.3254687
vt 0.2601953 0.3254687
vt 0.2850781 0.3254687
vt 0.3099609 0.3254687
vt 0.3348437 0.3254687
vt 0.0362500 0.3014062
vt 0.0611328 0.3014062
vt 0.0860156 0.3014062
vt 0.1108984 0.3014062
vt 0.1357812 0.3014062
vt 0.1606641 0.3014062
vt 0.1855469 0.3014062
vt 0.2104297 0.3014062
vt 0.2353125 0.3014062
vt 0.2601953 0.3014062
vt 0.2850781 0.3014062
vt 0.3099609 0.3014062
vt 0.3348437 0.3014062
vt 0.0362500 0.2773438
vt 0.0611328 0.2773438
vt 0.0860156 0.2773438
vt 0.1108984 0.2773438
vt 0.1357812 0.2773438
vt 0.1606641 0.2773438
vt 0.1855469 0.2773438
vt 0.2104297 0.2773438
vt 0.2353125 0.2773438
vt 0.2601953 0.2773438
vt 0.2850781 0.2773438
vt 0.3099609 0.2773438
vt 0.3348437 0.2773438
vt 0.0362500 0.2532813
vt 0.0611328 0.2532813
vt 0.0860156 0.2532813
vt 0.1108984 0.2532813
vt 0.1357812 0.2532813
vt 0.1606641 0.2532813
vt 0.1855469 0.2532813
vt 0.2104297 0.2532813
vt 0.2353125 0.2532813
vt 0.2601953 0.2532813
vt 0.2850781 0.2532813
vt 0.3099609 0.2532813
vt 0.3348437 0.2532813
vt 0.0362500 0.2292188
vt 0.0611328 0.2292188
vt 0.0860156 0.2292188
vt 0.1108984 0.2292188
vt 0.1357812 0.2292188
vt 0.1606641 0.2292188
vt 0.1855469 0.2292188
vt 0.2104297 0.2292188
vt 0.2353125 0.2292188
vt 0.2601953 0.2292188
vt 0.2850781 0.2292188
vt 0.3099609 0.2292188
vt 0.3348437 0.2292188
vt 0.1855469 0.2807812
vn -0.0000000 -1.0000000 -0.0000000
vn 0.2691285 -0.9630742 -0.0076156
vn 0.2216034 -0.9741563 -0.0437192
vn 0.1135464 -0.9911195 -0.0692052
vn -0.0289564 -0.9967017 -0.0758109
vn -0.1623843 -0.9848416 -0.0609791
vn -0.2483751 -0.9681933 -0.0301909
vn -0.2691285 -0.9630742 0.0076156
vn -0.2216034 -0.9741563 0.0437192
vn -0.1135464 -0.9911195 0.0692052
vn 0.0289564 -0.9967017 0.0758109
vn 0.1623843 -0.9848416 0.0609791
vn 0.2483751 -0.9681933 0.0301909
vn 0.2691285 -0.9630742 -0.0076156
vn 0.5982898 -0.8012547 -0.0063360
vn 0.5320926 -0.8417490 -0.0913026
vn 0.3241749 -0.9310405 -0.1675539
vn -0.0284586 -0.9795686 -0.1990867
vn -0.3655537 -0.9173115 -0.1578294
vn -0.5498120 -0.8315624 -0.0788083
vn -0.5982898 -0.8012547 0.0063360
vn -0.5320926 -0.8417490 0.0913026
vn -0.3241749 -0.9310405 0.1675539
vn 0.0284586 -0.9795686 0.1990867
vn 0.3655537 -0.9173115 0.1578294
vn 0.5498120 -0.8315624 0.0788083
vn 0.5982898 -0.8012547 -0.0063360
vn 1.0000000 0.0000000 0.0000000
vn 0.9878765 -0.0000000 -0.1552417
vn 0.9045214 -0.0000000 -0.4264282
vn 0.0000000 -0.0000000 -1.0000000
vn -0.9045214 0.0000000 -0.4264282
vn -0.9878765 -0.0000000 -0.1552417
vn -1.0000000 -0.0000000 -0.0000000
vn -0.9878765 -0.0000000 0.1552417
vn -0.9045214 -0.0000000 0.4264282
vn -0.0000000 -0.0000000 1.0000000
vn 0.9045214 -0.0000000 0.4264282
vn 0.9878765 -0.0000000 0.1552417
vn 1.0000000 0.0000000 0.0000000
vn 0.5982898 0.8012547 0.0063360
vn 0.5498120 0.8315624 -0.0788083
vn 0.3655537 0.9173115 -0.1578294
vn 0.0284586 0.9795686 -0.1990867
vn -0.3241749 0.9310405 -0.1675539
vn -0.5320926 0.8417490 -0.0913026
vn -0.5982898 0.8012547 -0.0063360
vn -0.5498120 0.8315624 0.0788083
vn -0.3655537 0.9173115 0.1578294
vn -0.0284586 0.9795686 0.1990867
vn 0.3241749 0.9310405 0.1675539
vn 0.5320926 0.8417490 0.0913026
vn 0.5982898 0.8012547 0.0063360
vn 0.2691285 0.9630742 0.0076156
vn 0.2483751 0.9681933 -0.0301909
vn 0.1623843 0.9848416 -0.0609791
vn 0.0289564 0.9967017 -0.0758109
vn -0.1135464 0.9911195 -0.0692052
vn -0.2216034 0.9741563 -0.0437192
vn -0.2691285 0.9630742 -0.0076156
vn -0.2483751 0.9681933 0.0301909
vn -0.1623843 0.9848416 0.0609791
vn -0.0289564 0.9967017 0.0758109
vn 0.1135464 0.9911195 0.0692052
vn 0.2216034 0.9741563 0.0437192
vn 0.2691285 0.9630742 0.0076156
vn -0.0000000 1.0000000 -0.0000000
s 1
f 4183/4183/4183 4185/4185/4185 4184/4184/4184
f 4183/4183/4183 4186/4186/4186 4185/4185/4185
f 4183/4183/4183 4187/4187/4187 4186/4186/4186
f 4183/4183/4183 4188/4188/4188 4187/4187/4187
f 4183/4183/4183 4189/4189/4189 4188/4188/4188
f 4183/4183/4183 4190/4190/4190 4189/4189/4189
f 4183/4183/4183 4191/4191/4191 4190/4190/4190
f 4183/4183/4183 4192/4192/4192 4191/4191/4191
f 4183/4183/4183 4193/4193/4193 4192/4192/4192
f 4183/4183/4183 4194/4194/4194 4193/4193/4193
f 4183/4183/4183 4195/4195/4195 4194/4194/4194
f 4183/4183/4183 4196/4196/4196 4195/4195/4195
f 4184/4184/4184 4185/4185/4185 4198/4198/4198
f 4184/4184/4184 4198/4198/4198 4197/4197/4197
f 4185/4185/4185 4186/4186/4186 4199/4199/4199
f 4185/4185/4185 4199/4199/4199 4198/4198/4198
f 4186/4186/4186 4187/4187/4187 4200/4200/4200
f 4186/4186/4186 4200/4200/4200 4199/4199/4199
f 4187/4187/4187 4188/4188/4188 4201/4201/4201
f 4187/4187/4187 4201/4201/4201 4200/4200/4200
f 4188/4188/4188 4189/4189/4189 4202/4202/4202
f 4188/4188/4188 4202/4202/4202 4201/4201/4201
f 4189/4189/4189 4190/4190/4190 4203/4203/4203
f 4189/4189/4189 4203/4203/4203 4202/4202/4202
f 4190/4190/4190 4191/4191/4191 4204/4204/4204
f 4190/4190/4190 4204/4204/4204 4203/4203/4203
f 4191/4191/4191 4192/4192/4192 4205/4205/4205
f 4191/4191/4191 4205/4205/4205 4204/4204/4204
f 4192/4192/4192 4193/4193/4193 4206/4206/4206
f 4192/4192/4192 4206/4206/4206 4205/4205/4205
f 4193/4193/4193 4194/4194/4194 4207/4207/4207
f 4193/4193/4193 4207/4207/4207 4206/4206/4206
f 4194/4194/4194 4195/4195/4195 4208/4208/4208
f 4194/4194/4194 4208/4208/4208 4207/4207/4207
f 4195/4195/4195 4196/4196/4196 4209/4209/4209
f 4195/4195/4195 4209/4209/4209 4208/4208/4208
f 4197/4197/4197 4198/4198/4198 4211/4211/4211
f 4197/4197/4197 4211/4211/4211 4210/4210/4210
f 4198/4198/4198 4199/4199/4199 4212/4212/4212
f 4198/4198/4198 4212/4212/4212 4211/4211/4211
f 4199/4199/4199 4200/4200/4200 4213/4213/4213
f 4199/4199/4199 4213/4213/4213 4212/4212/4212
f 4200/4200/4200 4201/4201/4201 4214/4214/4214
f 4200/4200/4200 4214/4214/4214 4213/4213/4213
f 4201/4201/4201 4202/4202/4202 4215/4215/4215
f 4201/4201/4201 4215/4215/4215 4214/4214/4214
f 4202/4202/4202 4203/4203/4203 4216/4216/4216
f 4202/4202/4202 4216/4216/4216 4215/4215/4215
f 4203/4203/4203 4204/4204/4204 4217/4217/4217
f 4203/4203/4203 4217/4217/4217 4216/4216/4216
f 4204/4204/4204 4205/4205/4205 4218/4218/4218
f 4204/4204/4204 4218/4218/4218 4217/4217/4217
f 4205/4205/4205 4206/4206/4206 4219/4219/4219
f 4205/4205/4205 4219/4219/4219 4218/4218/4218
f 4206/4206/4206 4207/4207/4207 4220/4220/4220
f 4206/4206/4206 4220/4220/4220 4219/4219/4219
f 4207/4207/4207 4208/4208/4208 4221/4221/4221
f 4207/4207/4207 4221/4221/4221 4220/4220/4220
f 4208/4208/4208 4209/4209/4209 4222/4222/4222
f 4208/4208/4208 4222/4222/4222 4221/4221/4221
f 4210/4210/4210 4211/4211/4211 4224/4224/4224
f 4210/4210/4210 4224/4224/4224 4223/4223/4223
f 4211/4211/4211 4212/4212/4212 4225/4225/4225
f 4211/4211/4211 4225/4225/4225 4224/4224/4224
f 4212/4212/4212 4213/4213/4213 4226/4226/4226
f 4212/4212/4212 4226/4226/4226 4225/4225/4225
f 4213/4213/4213 4214/4214/4214 4227/4227/4227
f 4213/4213/4213 4227/4227/4227 4226/4226/4226
f 4214/4214/4214 4215/4215/4215 4228/4228/4228
f 4214/4214/4214 4228/4228/4228 4227/4227/4227
f 4215/4215/4215 4216/4216/4216 4229/4229/4229
f 4215/4215/4215 4229/4229/4229 4228/4228/4228
f 4216/4216/4216 4217/4217/4217 4230/4230/4230
f 4216/4216/4216 4230/4230/4230 4229/4229/4229
f 4217/4217/4217 4218/4218/4218 4231/4231/4231
f 4217/4217/4217 4231/4231/4231 4230/4230/4230
f 4218/4218/4218 4219/4219/4219 4232/4232/4232
f 4218/4218/4218 4232/4232/4232 4231/4231/4231
f 4219/4219/4219 4220/4220/4220 4233/4233/4233
f 4219/4219/4219 4233/4233/4233 4232/4232/4232
f 4220/4220/4220 4221/4221/4221 4234/4234/4234
f 4220/4220/4220 4234/4234/4234 4233/4233/4233
f 4221/4221/4221 4222/4222/4222 4235/4235/4235
f 4221/4221/4221 4235/4235/4235 4234/4234/4234
f 4223/4223/4223 4224/4224/4224 4237/4237/4237
f 4223/4223/4223 4237/4237/4237 4236/4236/4236
f 4224/4224/4224 4225/4225/4225 4238/4238/4238
f 4224/4224/4224 4238/4238/4238 4237/4237/4237
f 4225/4225/4225 4226/4226/4226 4239/4239/4239
f 4225/4225/4225 4239/4239/4239 4238/4238/4238
f 4226/4226/4226 4227/4227/4227 4240/4240/4240
f 4226/4226/4226 4240/4240/4240 4239/4239/4239
f 4227/4227/4227 4228/4228/4228 4241/4241/4241
f 4227/4227/4227 4241/4241/4241 4240/4240/4240
f 4228/4228/4228 4229/4229/4229 4242/4242/4242
f 4228/4228/4228 4242/4242/4242 4241/4241/4241
f 4229/4229/4229 4230/4230/4230 4243/4243/4243
f 4229/4229/4229 4243/4243/4243 4242/4242/4242
f 4230/4230/4230 4231/4231/4231 4244/4244/4244
f 4230/4230/4230 4244/4244/4244 4243/4243/4243
f 4231/4231/4231 4232/4232/4232 4245/4245/4245
f 4231/4231/4231 4245/4245/4245 4244/4244/4244
f 4232/4232/4232 4233/4233/4233 4246/4246/4246
f 4232/4232/4232 4246/4246/4246 4245/4245/4245
f 4233/4233/4233 4234/4234/4234 4247/4247/4247
f 4233/4233/4233 4247/4247/4247 4246/4246/4246
f 4234/4234/4234 4235/4235/4235 4248/4248/4248
f 4234/4234/4234 4248/4248/4248 4247/4247/4247
f 4236/4236/4236 4237/4237/4237 4249/4249/4249
f 4237/4237/4237 4238/4238/4238 4249/4249/4249
f 4238/4238/4238 4239/4239/4239 4249/4249/4249
f 4239/4239/4239 4240/4240/4240 4249/4249/4249
f 4240/4240/4240 4241/4241/4241 4249/4249/4249
f 4241/4241/4241 4242/4242/4242 4249/4249/4249
f 4242/4242/4242 4243/4243/4243 4249/4249/4249
f 4243/4243/4243 4244/4244/4244 4249/4249/4249
f 4244/4244/4244 4245/4245/4245 4249/4249/4249
f 4245/4245/4245 4246/4246/4246 4249/4249/4249
f 4246/4246/4246 4247/4247/4247 4249/4249/4249
f 4247/4247/4247 4248/4248/4248 4249/4249/4249
o Ventral_scale_8
v 10.330188 41.568985 -1.238201
v 11.257395 41.669517 -1.238201
v 11.133172 41.669517 -2.941456
v 10.793791 41.669517 -4.188326
v 10.330188 41.669517 -4.644712
v 9.866585 41.669517 -4.188326
v 9.527204 41.669517 -2.941456
v 9.402982 41.669517 -1.238201
v 9.527204 41.669517 0.465055
v 9.866585 41.669517 1.711925
v 10.330188 41.669517 2.168311
v 10.793791 41.669517 1.711925
v 11.133172 41.669517 0.465055
v 11.257395 41.669517 -1.238201
v 11.936157 41.944175 -1.238201
v 11.720998 41.944175 -4.188326
v 11.133172 41.944175 -6.347968
v 10.330188 41.944175 -7.138452
v 9.527204 41.944175 -6.347968
v 8.939379 41.944175 -4.188326
v 8.724220 41.944175 -1.238201
v 8.939379 41.944175 1.711925
v 9.527204 41.944175 3.871567
v 10.330188 41.944175 4.662051
v 11.133172 41.944175 3.871567
v 11.720998 41.944175 1.711925
v 11.936157 41.944175 -1.238201
v 12.184601 42.319364 -1.238201
v 11.936157 42.319364 -4.644712
v 11.257395 42.319364 -7.138452
v 10.330188 42.319364 -8.051224
v 9.402982 42.319364 -7.138452
v 8.724220 42.319364 -4.644712
v 8.475776 42.319364 -1.238201
v 8.724220 42.319364 2.168311
v 9.402982 42.319364 4.662051
v 10.330188 42.319364 5.574823
v 11.257395 42.319364 4.662051
v 11.936157 42.319364 2.168311
v 12.184601 42.319364 -1.238201
v 11.936157 42.694553 -1.238201
v 11.720998 42.694553 -4.188326
v 11.133172 42.694553 -6.347968
v 10.330188 42.694553 -7.138452
v 9.527204 42.694553 -6.347968
v 8.939379 42.694553 -4.188326
v 8.724220 42.694553 -1.238201
v 8.939379 42.694553 1.711925
v 9.527204 42.694553 3.871567
v 10.330188 42.694553 4.662051
v 11.133172 42.694553 3.871567
v 11.720998 42.694553 1.711925
v 11.936157 42.694553 -1.238201
v 11.257395 42.969211 -1.238201
v 11.133172 42.969211 -2.941456
v 10.793791 42.969211 -4.188326
v 10.330188 42.969211 -4.644712
v 9.866585 42.969211 -4.188326
v 9.527204 42.969211 -2.941456
v 9.402982 42.969211 -1.238201
v 9.527204 42.969211 0.465055
v 9.866585 42.969211 1.711925
v 10.330188 42.969211 2.168311
v 10.793791 42.969211 1.711925
v 11.133172 42.969211 0.465055
v 11.257395 42.969211 -1.238201
v 10.330188 43.069743 -1.238201
vt 0.1855469 0.2807812
vt 0.0362500 0.3254687
vt 0.0611328 0.3254687
vt 0.0860156 0.3254687
vt 0.1108984 0.3254687
vt 0.1357812 0.3254687
vt 0.1606641 0.3254687
vt 0.1855469 0.3254687
vt 0.2104297 0.3254687
vt 0.2353125 0.3254687
vt 0.2601953 0.3254687
vt 0.2850781 0.3254687
vt 0.3099609 0.3254687
vt 0.3348437 0.3254687
vt 0.0362500 0.3014062
vt 0.0611328 0.3014062
vt 0.0860156 0.3014062
vt 0.1108984 0.3014062
vt 0.1357812 0.3014062
vt 0.1606641 0.3014062
vt 0.1855469 0.3014062
vt 0.2104297 0.3014062
vt 0.2353125 0.3014062
vt 0.2601953 0.3014062
vt 0.2850781 0.3014062
vt 0.3099609 0.3014062
vt 0.3348437 0.3014062
vt 0.0362500 0.2773438
vt 0.0611328 0.2773438
vt 0.0860156 0.2773438
vt 0.1108984 0.2773438
vt 0.1357812 0.2773438
vt 0.1606641 0.2773438
vt 0.1855469 0.2773438
vt 0.2104297 0.2773438
vt 0.2353125 0.2773438
vt 0.2601953 0.2773438
vt 0.2850781 0.2773438
vt 0.3099609 0.2773438
vt 0.3348437 0.2773438
vt 0.0362500 0.2532813
vt 0.0611328 0.2532813
vt 0.0860156 0.2532813
vt 0.1108984 0.2532813
vt 0.1357812 0.2532813
vt 0.1606641 0.2532813
vt 0.1855469 0.2532813
vt 0.2104297 0.2532813
vt 0.2353125 0.2532813
vt 0.2601953 0.2532813
vt 0.2850781 0.2532813
vt 0.3099609 0.2532813
vt 0.3348437 0.2532813
vt 0.0362500 0.2292188
vt 0.0611328 0.2292188
vt 0.0860156 0.2292188
vt 0.1108984 0.2292188
vt 0.1357812 0.2292188
vt 0.1606641 0.2292188
vt 0.1855469 0.2292188
vt 0.2104297 0.2292188
vt 0.2353125 0.2292188
vt 0.2601953 0.2292188
vt 0.2850781 0.2292188
vt 0.3099609 0.2292188
vt 0.3348437 0.2292188
vt 0.1855469 0.2807812
vn -0.0000000 -1.0000000 -0.0000000
vn 0.2691285 -0.9630742 -0.0076156
vn 0.2216034 -0.9741563 -0.0437192
vn 0.1135464 -0.9911195 -0.0692052
vn -0.0289564 -0.9967017 -0.0758109
vn -0.1623843 -0.9848416 -0.0609791
vn -0.2483751 -0.9681933 -0.0301909
vn -0.2691285 -0.9630742 0.0076156
vn -0.2216034 -0.9741563 0.0437192
vn -0.1135464 -0.9911195 0.0692052
vn 0.0289564 -0.9967017 0.0758109
vn 0.1623843 -0.9848416 0.0609791
vn 0.2483751 -0.9681933 0.0301909
vn 0.2691285 -0.9630742 -0.0076156
vn 0.5982898 -0.8012547 -0.0063360
vn 0.5320926 -0.8417490 -0.0913026
vn 0.3241749 -0.9310405 -0.1675539
vn -0.0284586 -0.9795686 -0.1990867
vn -0.3655537 -0.9173115 -0.1578294
vn -0.5498120 -0.8315624 -0.0788083
vn -0.5982898 -0.8012547 0.0063360
vn -0.5320926 -0.8417490 0.0913026
vn -0.3241749 -0.9310405 0.1675539
vn 0.0284586 -0.9795686 0.1990867
vn 0.3655537 -0.9173115 0.1578294
vn 0.5498120 -0.8315624 0.0788083
vn 0.5982898 -0.8012547 -0.0063360
vn 1.0000000 0.0000000 0.0000000
vn 0.9878765 -0.0000000 -0.1552417
vn 0.9045214 -0.0000000 -0.4264282
vn 0.0000000 -0.0000000 -1.0000000
vn -0.9045214 0.0000000 -0.4264282
vn -0.9878765 -0.0000000 -0.1552417
vn -1.0000000 0.0000000 -0.0000000
vn -0.9878765 -0.0000000 0.1552417
vn -0.9045214 -0.0000000 0.4264282
vn -0.0000000 -0.0000000 1.0000000
vn 0.9045214 -0.0000000 0.4264282
vn 0.9878765 -0.0000000 0.1552417
vn 1.0000000 0.0000000 0.0000000
vn 0.5982898 0.8012547 0.0063360
vn 0.5498120 0.8315624 -0.0788083
vn 0.3655537 0.9173115 -0.1578294
vn 0.0284586 0.9795686 -0.1990867
vn -0.3241749 0.9310405 -0.1675539
vn -0.5320926 0.8417490 -0.0913026
vn -0.5982898 0.8012547 -0.0063360
vn -0.5498120 0.8315624 0.0788083
vn -0.3655537 0.9173115 0.1578294
vn -0.0284586 0.9795686 0.1990867
vn 0.3241749 0.9310405 0.1675539
vn 0.5320926 0.8417490 0.0913026
vn 0.5982898 0.8012547 0.0063360
vn 0.2691285 0.9630742 0.0076156
vn 0.2483751 0.9681933 -0.0301909
vn 0.1623843 0.9848416 -0.0609791
vn 0.0289564 0.9967017 -0.0758109
vn -0.1135464 0.9911195 -0.0692052
vn -0.2216034 0.9741563 -0.0437192
vn -0.2691285 0.9630742 -0.0076156
vn -0.2483751 0.9681933 0.0301909
vn -0.1623843 0.9848416 0.0609791
vn -0.0289564 0.9967017 0.0758109
vn 0.1135464 0.9911195 0.0692052
vn 0.2216034 0.9741563 0.0437192
vn 0.2691285 0.9630742 0.0076156
vn -0.0000000 1.0000000 -0.0000000
s 1
f 4250/4250/4250 4252/4252/4252 4251/4251/4251
f 4250/4250/4250 4253/4253/4253 4252/4252/4252
f 4250/4250/4250 4254/4254/4254 4253/4253/4253
f 4250/4250/4250 4255/4255/4255 4254/4254/4254
f 4250/4250/4250 4256/4256/4256 4255/4255/4255
f 4250/4250/4250 4257/4257/4257 4256/4256/4256
f 4250/4250/4250 4258/4258/4258 4257/4257/4257
f 4250/4250/4250 4259/4259/4259 4258/4258/4258
f 4250/4250/4250 4260/4260/4260 4259/4259/4259
f 4250/4250/4250 4261/4261/4261 4260/4260/4260
f 4250/4250/4250 4262/4262/4262 4261/4261/4261
f 4250/4250/4250 4263/4263/4263 4262/4262/4262
f 4251/4251/4251 4252/4252/4252 4265/4265/4265
f 4251/4251/4251 4265/4265/4265 4264/4264/4264
f 4252/4252/4252 4253/4253/4253 4266/4266/4266
f 4252/4252/4252 4266/4266/4266 4265/4265/4265
f 4253/4253/4253 4254/4254/4254 4267/4267/4267
f 4253/4253/4253 4267/4267/4267 4266/4266/4266
f 4254/4254/4254 4255/4255/4255 4268/4268/4268
f 4254/4254/4254 4268/4268/4268 4267/4267/4267
f 4255/4255/4255 4256/4256/4256 4269/4269/4269
f 4255/4255/4255 4269/4269/4269 4268/4268/4268
f 4256/4256/4256 4257/4257/4257 4270/4270/4270
f 4256/4256/4256 4270/4270/4270 4269/4269/4269
f 4257/4257/4257 4258/4258/4258 4271/4271/4271
f 4257/4257/4257 4271/4271/4271 4270/4270/4270
f 4258/4258/4258 4259/4259/4259 4272/4272/4272
f 4258/4258/4258 4272/4272/4272 4271/4271/4271
f 4259/4259/4259 4260/4260/4260 4273/4273/4273
f 4259/4259/4259 4273/4273/4273 4272/4272/4272
f 4260/4260/4260 4261/4261/4261 4274/4274/4274
f 4260/4260/4260 4274/4274/4274 4273/4273/4273
f 4261/4261/4261 4262/4262/4262 4275/4275/4275
f 4261/4261/4261 4275/4275/4275 4274/4274/4274
f 4262/4262/4262 4263/4263/4263 4276/4276/4276
f 4262/4262/4262 4276/4276/4276 4275/4275/4275
f 4264/4264/4264 4265/4265/4265 4278/4278/4278
f 4264/4264/4264 4278/4278/4278 4277/4277/4277
f 4265/4265/4265 4266/4266/4266 4279/4279/4279
f 4265/4265/4265 4279/4279/4279 4278/4278/4278
f 4266/4266/4266 4267/4267/4267 4280/4280/4280
f 4266/4266/4266 4280/4280/4280 4279/4279/4279
f 4267/4267/4267 4268/4268/4268 4281/4281/4281
f 4267/4267/4267 4281/4281/4281 4280/4280/4280
f 4268/4268/4268 4269/4269/4269 4282/4282/4282
f 4268/4268/4268 4282/4282/4282 4281/4281/4281
f 4269/4269/4269 4270/4270/4270 4283/4283/4283
f 4269/4269/4269 4283/4283/4283 4282/4282/4282
f 4270/4270/4270 4271/4271/4271 4284/4284/4284
f 4270/4270/4270 4284/4284/4284 4283/4283/4283
f 4271/4271/4271 4272/4272/4272 4285/4285/4285
f 4271/4271/4271 4285/4285/4285 4284/4284/4284
f 4272/4272/4272 4273/4273/4273 4286/4286/4286
f 4272/4272/4272 4286/4286/4286 4285/4285/4285
f 4273/4273/4273 4274/4274/4274 4287/4287/4287
f 4273/4273/4273 4287/4287/4287 4286/4286/4286
f 4274/4274/4274 4275/4275/4275 4288/4288/4288
f 4274/4274/4274 4288/4288/4288 4287/4287/4287
f 4275/4275/4275 4276/4276/4276 4289/4289/4289
f 4275/4275/4275 4289/4289/4289 4288/4288/4288
f 4277/4277/4277 4278/4278/4278 4291/4291/4291
f 4277/4277/4277 4291/4291/4291 4290/4290/4290
f 4278/4278/4278 4279/4279/4279 4292/4292/4292
f 4278/4278/4278 4292/4292/4292 4291/4291/4291
f 4279/4279/4279 4280/4280/4280 4293/4293/4293
f 4279/4279/4279 4293/4293/4293 4292/4292/4292
f 4280/4280/4280 4281/4281/4281 4294/4294/4294
f 4280/4280/4280 4294/4294/4294 4293/4293/4293
f 4281/4281/4281 4282/4282/4282 4295/4295/4295
f 4281/4281/4281 4295/4295/4295 4294/4294/4294
f 4282/4282/4282 4283/4283/4283 4296/4296/4296
f 4282/4282/4282 4296/4296/4296 4295/4295/4295
f 4283/4283/4283 4284/4284/4284 4297/4297/4297
f 4283/4283/4283 4297/4297/4297 4296/4296/4296
f 4284/4284/4284 4285/4285/4285 4298/4298/4298
f 4284/4284/4284 4298/4298/4298 4297/4297/4297
f 4285/4285/4285 4286/4286/4286 4299/4299/4299
f 4285/4285/4285 4299/4299/4299 4298/4298/4298
f 4286/4286/4286 4287/4287/4287 4300/4300/4300
f 4286/4286/4286 4300/4300/4300 4299/4299/4299
f 4287/4287/4287 4288/4288/4288 4301/4301/4301
f 4287/4287/4287 4301/4301/4301 4300/4300/4300
f 4288/4288/4288 4289/4289/4289 4302/4302/4302
f 4288/4288/4288 4302/4302/4302 4301/4301/4301
f 4290/4290/4290 4291/4291/4291 4304/4304/4304
f 4290/4290/4290 4304/4304/4304 4303/4303/4303
f 4291/4291/4291 4292/4292/4292 4305/4305/4305
f 4291/4291/4291 4305/4305/4305 4304/4304/4304
f 4292/4292/4292 4293/4293/4293 4306/4306/4306
f 4292/4292/4292 4306/4306/4306 4305/4305/4305
f 4293/4293/4293 4294/4294/4294 4307/4307/4307
f 4293/4293/4293 4307/4307/4307 4306/4306/4306
f 4294/4294/4294 4295/4295/4295 4308/4308/4308
f 4294/4294/4294 4308/4308/4308 4307/4307/4307
f 4295/4295/4295 4296/4296/4296 4309/4309/4309
f 4295/4295/4295 4309/4309/4309 4308/4308/4308
f 4296/4296/4296 4297/4297/4297 4310/4310/4310
f 4296/4296/4296 4310/4310/4310 4309/4309/4309
f 4297/4297/4297 4298/4298/4298 4311/4311/4311
f 4297/4297/4297 4311/4311/4311 4310/4310/4310
f 4298/4298/4298 4299/4299/4299 4312/4312/4312
f 4298/4298/4298 4312/4312/4312 4311/4311/4311
f 4299/4299/4299 4300/4300/4300 4313/4313/4313
f 4299/4299/4299 4313/4313/4313 4312/4312/4312
f 4300/4300/4300 4301/4301/4301 4314/4314/4314
f 4300/4300/4300 4314/4314/4314 4313/4313/4313
f 4301/4301/4301 4302/4302/4302 4315/4315/4315
f 4301/4301/4301 4315/4315/4315 4314/4314/4314
f 4303/4303/4303 4304/4304/4304 4316/4316/4316
f 4304/4304/4304 4305/4305/4305 4316/4316/4316
f 4305/4305/4305 4306/4306/4306 4316/4316/4316
f 4306/4306/4306 4307/4307/4307 4316/4316/4316
f 4307/4307/4307 4308/4308/4308 4316/4316/4316
f 4308/4308/4308 4309/4309/4309 4316/4316/4316
f 4309/4309/4309 4310/4310/4310 4316/4316/4316
f 4310/4310/4310 4311/4311/4311 4316/4316/4316
f 4311/4311/4311 4312/4312/4312 4316/4316/4316
f 4312/4312/4312 4313/4313/4313 4316/4316/4316
f 4313/4313/4313 4314/4314/4314 4316/4316/4316
f 4314/4314/4314 4315/4315/4315 4316/4316/4316
o Ventral_scale_9
v 10.484723 43.736746 -1.238201
v 11.411929 43.837278 -1.238201
v 11.287707 43.837278 -2.941456
v 10.948326 43.837278 -4.188326
v 10.484723 43.837278 -4.644712
v 10.021119 43.837278 -4.188326
v 9.681738 43.837278 -2.941456
v 9.557516 43.837278 -1.238201
v 9.681738 43.837278 0.465055
v 10.021119 43.837278 1.711925
v 10.484723 43.837278 2.168311
v 10.948326 43.837278 1.711925
v 11.287707 43.837278 0.465055
v 11.411929 43.837278 -1.238201
v 12.090691 44.111935 -1.238201
v 11.875532 44.111935 -4.188326
v 11.287707 44.111935 -6.347968
v 10.484723 44.111935 -7.138452
v 9.681738 44.111935 -6.347968
v 9.093913 44.111935 -4.188326
v 8.878754 44.111935 -1.238201
v 9.093913 44.111935 1.711925
v 9.681738 44.111935 3.871567
v 10.484723 44.111935 4.662051
v 11.287707 44.111935 3.871567
v 11.875532 44.111935 1.711925
v 12.090691 44.111935 -1.238201
v 12.339135 44.487125 -1.238201
v 12.090691 44.487125 -4.644712
v 11.411929 44.487125 -7.138452
v 10.484723 44.487125 -8.051224
v 9.557516 44.487125 -7.138452
v 8.878754 44.487125 -4.644712
v 8.630310 44.487125 -1.238201
v 8.878754 44.487125 2.168311
v 9.557516 44.487125 4.662051
v 10.484723 44.487125 5.574823
v 11.411929 44.487125 4.662051
v 12.090691 44.487125 2.168311
v 12.339135 44.487125 -1.238201
v 12.090691 44.862314 -1.238201
v 11.875532 44.862314 -4.188326
v 11.287707 44.862314 -6.347968
v 10.484723 44.862314 -7.138452
v 9.681738 44.862314 -6.347968
v 9.093913 44.862314 -4.188326
v 8.878754 44.862314 -1.238201
v 9.093913 44.862314 1.711925
v 9.681738 44.862314 3.871567
v 10.484723 44.862314 4.662051
v 11.287707 44.862314 3.871567
v 11.875532 44.862314 1.711925
v 12.090691 44.862314 -1.238201
v 11.411929 45.136972 -1.238201
v 11.287707 45.136972 -2.941456
v 10.948326 45.136972 -4.188326
v 10.484723 45.136972 -4.644712
v 10.021119 45.136972 -4.188326
v 9.681738 45.136972 -2.941456
v 9.557516 45.136972 -1.238201
v 9.681738 45.136972 0.465055
v 10.021119 45.136972 1.711925
v 10.484723 45.136972 2.168311
v 10.948326 45.136972 1.711925
v 11.287707 45.136972 0.465055
v 11.411929 45.136972 -1.238201
v 10.484723 45.237503 -1.238201
vt 0.1855469 0.2807812
vt 0.0362500 0.3254687
vt 0.0611328 0.3254687
vt 0.0860156 0.3254687
vt 0.1108984 0.3254687
vt 0.1357812 0.3254687
vt 0.1606641 0.3254687
vt 0.1855469 0.3254687
vt 0.2104297 0.3254687
vt 0.2353125 0.3254687
vt 0.2601953 0.3254687
vt 0.2850781 0.3254687
vt 0.3099609 0.3254687
vt 0.3348437 0.3254687
vt 0.0362500 0.3014062
vt 0.0611328 0.3014062
vt 0.0860156 0.3014062
vt 0.1108984 0.3014062
vt 0.1357812 0.3014062
vt 0.1606641 0.3014062
vt 0.1855469 0.3014062
vt 0.2104297 0.3014062
vt 0.2353125 0.3014062
vt 0.2601953 0.3014062
vt 0.2850781 0.3014062
vt 0.3099609 0.3014062
vt 0.3348437 0.3014062
vt 0.0362500 0.2773438
vt 0.0611328 0.2773438
vt 0.0860156 0.2773438
vt 0.1108984 0.2773438
vt 0.1357812 0.2773438
vt 0.1606641 0.2773438
vt 0.1855469 0.2773438
vt 0.2104297 0.2773438
vt 0.2353125 0.2773438
vt 0.2601953 0.2773438
vt 0.2850781 0.2773438
vt 0.3099609 0.2773438
vt 0.3348437 0.2773438
vt 0.0362500 0.2532813
vt 0.0611328 0.2532813
vt 0.0860156 0.2532813
vt 0.1108984 0.2532813
vt 0.1357812 0.2532813
vt 0.1606641 0.2532813
vt 0.1855469 0.2532813
vt 0.2104297 0.2532813
vt 0.2353125 0.2532813
vt 0.2601953 0.2532813
vt 0.2850781 0.2532813
vt 0.3099609 0.2532813
vt 0.3348437 0.2532813
vt 0.0362500 0.2292188
vt 0.0611328 0.2292188
vt 0.0860156 0.2292188
vt 0.1108984 0.2292188
vt 0.1357812 0.2292188
vt 0.1606641 0.2292188
vt 0.1855469 0.2292188
vt 0.2104297 0.2292188
vt 0.2353125 0.2292188
vt 0.2601953 0.2292188
vt 0.2850781 0.2292188
vt 0.3099609 0.2292188
vt 0.3348437 0.2292188
vt 0.1855469 0.2807812
vn -0.0000000 -1.0000000 -0.0000000
vn 0.2691285 -0.9630742 -0.0076156
vn 0.2216034 -0.9741563 -0.0437192
vn 0.1135464 -0.9911195 -0.0692052
vn -0.0289564 -0.9967017 -0.0758109
vn -0.1623843 -0.9848416 -0.0609791
vn -0.2483751 -0.9681933 -0.0301909
vn -0.2691285 -0.9630742 0.0076156
vn -0.2216034 -0.9741563 0.0437192
vn -0.1135464 -0.9911195 0.0692052
vn 0.0289564 -0.9967017 0.0758109
vn 0.1623843 -0.9848416 0.0609791
vn 0.2483751 -0.9681933 0.0301909
vn 0.2691285 -0.9630742 -0.0076156
vn 0.5982898 -0.8012547 -0.0063360
vn 0.5320926 -0.8417490 -0.0913026
vn 0.3241749 -0.9310405 -0.1675539
vn -0.0284586 -0.9795686 -0.1990867
vn -0.3655537 -0.9173115 -0.1578294
vn -0.5498120 -0.8315624 -0.0788083
vn -0.5982898 -0.8012547 0.0063360
vn -0.5320926 -0.8417490 0.0913026
vn -0.3241749 -0.9310405 0.1675539
vn 0.0284586 -0.9795686 0.1990867
vn 0.3655537 -0.9173115 0.1578294
vn 0.5498120 -0.8315624 0.0788083
vn 0.5982898 -0.8012547 -0.0063360
vn 1.0000000 -0.0000000 -0.0000000
vn 0.9878765 -0.0000000 -0.1552417
vn 0.9045214 -0.0000000 -0.4264282
vn 0.0000000 -0.0000000 -1.0000000
vn -0.9045214 0.0000000 -0.4264282
vn -0.9878765 -0.0000000 -0.1552417
vn -1.0000000 -0.0000000 -0.0000000
vn -0.9878765 -0.0000000 0.1552417
vn -0.9045214 -0.0000000 0.4264282
vn -0.0000000 -0.0000000 1.0000000
vn 0.9045214 -0.0000000 0.4264282
vn 0.9878765 0.0000000 0.1552417
vn 1.0000000 -0.0000000 -0.0000000
vn 0.5982898 0.8012547 0.0063360
vn 0.5498120 0.8315624 -0.0788083
vn 0.3655537 0.9173115 -0.1578294
vn 0.0284586 0.9795686 -0.1990867
vn -0.3241749 0.9310405 -0.1675539
vn -0.5320926 0.8417490 -0.0913026
vn -0.5982898 0.8012547 -0.0063360
vn -0.5498120 0.8315624 0.0788083
vn -0.3655537 0.9173115 0.1578294
vn -0.0284586 0.9795686 0.1990867
vn 0.3241749 0.9310405 0.1675539
vn 0.5320926 0.8417490 0.0913026
vn 0.5982898 0.8012547 0.0063360
vn 0.2691285 0.9630742 0.0076156
vn 0.2483751 0.9681933 -0.0301909
vn 0.1623843 0.9848416 -0.0609791
vn 0.0289564 0.9967017 -0.0758109
vn -0.1135464 0.9911195 -0.0692052
vn -0.2216034 0.9741563 -0.0437192
vn -0.2691285 0.9630742 -0.0076156
vn -0.2483751 0.9681933 0.0301909
vn -0.1623843 0.9848416 0.0609791
vn -0.0289564 0.9967017 0.0758109
vn 0.1135464 0.9911195 0.0692052
vn 0.2216034 0.9741563 0.0437192
vn 0.2691285 0.9630742 0.0076156
vn -0.0000000 1.0000000 -0.0000000
s 1
f 4317/4317/4317 4319/4319/4319 4318/4318/4318
f 4317/4317/4317 4320/4320/4320 4319/4319/4319
f 4317/4317/4317 4321/4321/4321 4320/4320/4320
f 4317/4317/4317 4322/4322/4322 4321/4321/4321
f 4317/4317/4317 4323/4323/4323 4322/4322/4322
f 4317/4317/4317 4324/4324/4324 4323/4323/4323
f 4317/4317/4317 4325/4325/4325 4324/4324/4324
f 4317/4317/4317 4326/4326/4326 4325/4325/4325
f 4317/4317/4317 4327/4327/4327 4326/4326/4326
f 4317/4317/4317 4328/4328/4328 4327/4327/4327
f 4317/4317/4317 4329/4329/4329 4328/4328/4328
f 4317/4317/4317 4330/4330/4330 4329/4329/4329
f 4318/4318/4318 4319/4319/4319 4332/4332/4332
f 4318/4318/4318 4332/4332/4332 4331/4331/4331
f 4319/4319/4319 4320/4320/4320 4333/4333/4333
f 4319/4319/4319 4333/4333/4333 4332/4332/4332
f 4320/4320/4320 4321/4321/4321 4334/4334/4334
f 4320/4320/4320 4334/4334/4334 4333/4333/4333
f 4321/4321/4321 4322/4322/4322 4335/4335/4335
f 4321/4321/4321 4335/4335/4335 4334/4334/4334
f 4322/4322/4322 4323/4323/4323 4336/4336/4336
f 4322/4322/4322 4336/4336/4336 4335/4335/4335
f 4323/4323/4323 4324/4324/4324 4337/4337/4337
f 4323/4323/4323 4337/4337/4337 4336/4336/4336
f 4324/4324/4324 4325/4325/4325 4338/4338/4338
f 4324/4324/4324 4338/4338/4338 4337/4337/4337
f 4325/4325/4325 4326/4326/4326 4339/4339/4339
f 4325/4325/4325 4339/4339/4339 4338/4338/4338
f 4326/4326/4326 4327/4327/4327 4340/4340/4340
f 4326/4326/4326 4340/4340/4340 4339/4339/4339
f 4327/4327/4327 4328/4328/4328 4341/4341/4341
f 4327/4327/4327 4341/4341/4341 4340/4340/4340
f 4328/4328/4328 4329/4329/4329 4342/4342/4342
f 4328/4328/4328 4342/4342/4342 4341/4341/4341
f 4329/4329/4329 4330/4330/4330 4343/4343/4343
f 4329/4329/4329 4343/4343/4343 4342/4342/4342
f 4331/4331/4331 4332/4332/4332 4345/4345/4345
f 4331/4331/4331 4345/4345/4345 4344/4344/4344
f 4332/4332/4332 4333/4333/4333 4346/4346/4346
f 4332/4332/4332 4346/4346/4346 4345/4345/4345
f 4333/4333/4333 4334/4334/4334 4347/4347/4347
f 4333/4333/4333 4347/4347/4347 4346/4346/4346
f 4334/4334/4334 4335/4335/4335 4348/4348/4348
f 4334/4334/4334 4348/4348/4348 4347/4347/4347
f 4335/4335/4335 4336/4336/4336 4349/4349/4349
f 4335/4335/4335 4349/4349/4349 4348/4348/4348
f 4336/4336/4336 4337/4337/4337 4350/4350/4350
f 4336/4336/4336 4350/4350/4350 4349/4349/4349
f 4337/4337/4337 4338/4338/4338 4351/4351/4351
f 4337/4337/4337 4351/4351/4351 4350/4350/4350
f 4338/4338/4338 4339/4339/4339 4352/4352/4352
f 4338/4338/4338 4352/4352/4352 4351/4351/4351
f 4339/4339/4339 4340/4340/4340 4353/4353/4353
f 4339/4339/4339 4353/4353/4353 4352/4352/4352
f 4340/4340/4340 4341/4341/4341 4354/4354/4354
f 4340/4340/4340 4354/4354/4354 4353/4353/4353
f 4341/4341/4341 4342/4342/4342 4355/4355/4355
f 4341/4341/4341 4355/4355/4355 4354/4354/4354
f 4342/4342/4342 4343/4343/4343 4356/4356/4356
f 4342/4342/4342 4356/4356/4356 4355/4355/4355
f 4344/4344/4344 4345/4345/4345 4358/4358/4358
f 4344/4344/4344 4358/4358/4358 4357/4357/4357
f 4345/4345/4345 4346/4346/4346 4359/4359/4359
f 4345/4345/4345 4359/4359/4359 4358/4358/4358
f 4346/4346/4346 4347/4347/4347 4360/4360/4360
f 4346/4346/4346 4360/4360/4360 4359/4359/4359
f 4347/4347/4347 4348/4348/4348 4361/4361/4361
f 4347/4347/4347 4361/4361/4361 4360/4360/4360
f 4348/4348/4348 4349/4349/4349 4362/4362/4362
f 4348/4348/4348 4362/4362/4362 4361/4361/4361
f 4349/4349/4349 4350/4350/4350 4363/4363/4363
f 4349/4349/4349 4363/4363/4363 4362/4362/4362
f 4350/4350/4350 4351/4351/4351 4364/4364/4364
f 4350/4350/4350 4364/4364/4364 4363/4363/4363
f 4351/4351/4351 4352/4352/4352 4365/4365/4365
f 4351/4351/4351 4365/4365/4365 4364/4364/4364
f 4352/4352/4352 4353/4353/4353 4366/4366/4366
f 4352/4352/4352 4366/4366/4366 4365/4365/4365
f 4353/4353/4353 4354/4354/4354 4367/4367/4367
f 4353/4353/4353 4367/4367/4367 4366/4366/4366
f 4354/4354/4354 4355/4355/4355 4368/4368/4368
f 4354/4354/4354 4368/4368/4368 4367/4367/4367
f 4355/4355/4355 4356/4356/4356 4369/4369/4369
f 4355/4355/4355 4369/4369/4369 4368/4368/4368
f 4357/4357/4357 4358/4358/4358 4371/4371/4371
f 4357/4357/4357 4371/4371/4371 4370/4370/4370
f 4358/4358/4358 4359/4359/4359 4372/4372/4372
f 4358/4358/4358 4372/4372/4372 4371/4371/4371
f 4359/4359/4359 4360/4360/4360 4373/4373/4373
f 4359/4359/4359 4373/4373/4373 4372/4372/4372
f 4360/4360/4360 4361/4361/4361 4374/4374/4374
f 4360/4360/4360 4374/4374/4374 4373/4373/4373
f 4361/4361/4361 4362/4362/4362 4375/4375/4375
f 4361/4361/4361 4375/4375/4375 4374/4374/4374
f 4362/4362/4362 4363/4363/4363 4376/4376/4376
f 4362/4362/4362 4376/4376/4376 4375/4375/4375
f 4363/4363/4363 4364/4364/4364 4377/4377/4377
f 4363/4363/4363 4377/4377/4377 4376/4376/4376
f 4364/4364/4364 4365/4365/4365 4378/4378/4378
f 4364/4364/4364 4378/4378/4378 4377/4377/4377
f 4365/4365/4365 4366/4366/4366 4379/4379/4379
f 4365/4365/4365 4379/4379/4379 4378/4378/4378
f 4366/4366/4366 4367/4367/4367 4380/4380/4380
f 4366/4366/4366 4380/4380/4380 4379/4379/4379
f 4367/4367/4367 4368/4368/4368 4381/4381/4381
f 4367/4367/4367 4381/4381/4381 4380/4380/4380
f 4368/4368/4368 4369/4369/4369 4382/4382/4382
f 4368/4368/4368 4382/4382/4382 4381/4381/4381
f 4370/4370/4370 4371/4371/4371 4383/4383/4383
f 4371/4371/4371 4372/4372/4372 4383/4383/4383
f 4372/4372/4372 4373/4373/4373 4383/4383/4383
f 4373/4373/4373 4374/4374/4374 4383/4383/4383
f 4374/4374/4374 4375/4375/4375 4383/4383/4383
f 4375/4375/4375 4376/4376/4376 4383/4383/4383
f 4376/4376/4376 4377/4377/4377 4383/4383/4383
f 4377/4377/4377 4378/4378/4378 4383/4383/4383
f 4378/4378/4378 4379/4379/4379 4383/4383/4383
f 4379/4379/4379 4380/4380/4380 4383/4383/4383
f 4380/4380/4380 4381/4381/4381 4383/4383/4383
f 4381/4381/4381 4382/4382/4382 4383/4383/4383
o Ventral_scale_10
v 10.639257 45.904507 -1.238201
v 11.566463 46.005038 -1.238201
v 11.442241 46.005038 -2.941456
v 11.102860 46.005038 -4.188326
v 10.639257 46.005038 -4.644712
v 10.175654 46.005038 -4.188326
v 9.836273 46.005038 -2.941456
v 9.712051 46.005038 -1.238201
v 9.836273 46.005038 0.465055
v 10.175654 46.005038 1.711925
v 10.639257 46.005038 2.168311
v 11.102860 46.005038 1.711925
v 11.442241 46.005038 0.465055
v 11.566463 46.005038 -1.238201
v 12.245225 46.279696 -1.238201
v 12.030066 46.279696 -4.188326
v 11.442241 46.279696 -6.347968
v 10.639257 46.279696 -7.138452
v 9.836273 46.279696 -6.347968
v 9.248448 46.279696 -4.188326
v 9.033289 46.279696 -1.238201
v 9.248448 46.279696 1.711925
v 9.836273 46.279696 3.871567
v 10.639257 46.279696 4.662051
v 11.442241 46.279696 3.871567
v 12.030066 46.279696 1.711925
v 12.245225 46.279696 -1.238201
v 12.493670 46.654885 -1.238201
v 12.245225 46.654885 -4.644712
v 11.566463 46.654885 -7.138452
v 10.639257 46.654885 -8.051224
v 9.712051 46.654885 -7.138452
v 9.033289 46.654885 -4.644712
v 8.784844 46.654885 -1.238201
v 9.033289 46.654885 2.168311
v 9.712051 46.654885 4.662051
v 10.639257 46.654885 5.574823
v 11.566463 46.654885 4.662051
v 12.245225 46.654885 2.168311
v 12.493670 46.654885 -1.238201
v 12.245225 47.030075 -1.238201
v 12.030066 47.030075 -4.188326
v 11.442241 47.030075 -6.347968
v 10.639257 47.030075 -7.138452
v 9.836273 47.030075 -6.347968
v 9.248448 47.030075 -4.188326
v 9.033289 47.030075 -1.238201
v 9.248448 47.030075 1.711925
v 9.836273 47.030075 3.871567
v 10.639257 47.030075 4.662051
v 11.442241 47.030075 3.871567
v 12.030066 47.030075 1.711925
v 12.245225 47.030075 -1.238201
v 11.566463 47.304732 -1.238201
v 11.442241 47.304732 -2.941456
v 11.102860 47.304732 -4.188326
v 10.639257 47.304732 -4.644712
v 10.175654 47.304732 -4.188326
v 9.836273 47.304732 -2.941456
v 9.712051 47.304732 -1.238201
v 9.836273 47.304732 0.465055
v 10.175654 47.304732 1.711925
v 10.639257 47.304732 2.168311
v 11.102860 47.304732 1.711925
v 11.442241 47.304732 0.465055
v 11.566463 47.304732 -1.238201
v 10.639257 47.405264 -1.238201
vt 0.1855469 0.2807812
vt 0.0362500 0.3254687
vt 0.0611328 0.3254687
vt 0.0860156 0.3254687
vt 0.1108984 0.3254687
vt 0.1357812 0.3254687
vt 0.1606641 0.3254687
vt 0.1855469 0.3254687
vt 0.2104297 0.3254687
vt 0.2353125 0.3254687
vt 0.2601953 0.3254687
vt 0.2850781 0.3254687
vt 0.3099609 0.3254687
vt 0.3348437 0.3254687
vt 0.0362500 0.3014062
vt 0.0611328 0.3014062
vt 0.0860156 0.3014062
vt 0.1108984 0.3014062
vt 0.1357812 0.3014062
vt 0.1606641 0.3014062
vt 0.1855469 0.3014062
vt 0.2104297 0.3014062
vt 0.2353125 0.3014062
vt 0.2601953 0.3014062
vt 0.2850781 0.3014062
vt 0.3099609 0.3014062
vt 0.3348437 0.3014062
vt 0.0362500 0.2773438
vt 0.0611328 0.2773438
vt 0.0860156 0.2773438
vt 0.1108984 0.2773438
vt 0.1357812 0.2773438
vt 0.1606641 0.2773438
vt 0.1855469 0.2773438
vt 0.2104297 0.2773438
vt 0.2353125 0.2773438
vt 0.2601953 0.2773438
vt 0.2850781 0.2773438
vt 0.3099609 0.2773438
vt 0.3348437 0.2773438
vt 0.0362500 0.2532813
vt 0.0611328 0.2532813
vt 0.0860156 0.2532813
vt 0.1108984 0.2532813
vt 0.1357812 0.2532813
vt 0.1606641 0.2532813
vt 0.1855469 0.2532813
vt 0.2104297 0.2532813
vt 0.2353125 0.2532813
vt 0.2601953 0.2532813
vt 0.2850781 0.2532813
vt 0.3099609 0.2532813
vt 0.3348437 0.2532813
vt 0.0362500 0.2292188
vt 0.0611328 0.2292188
vt 0.0860156 0.2292188
vt 0.1108984 0.2292188
vt 0.1357812 0.2292188
vt 0.1606641 0.2292188
vt 0.1855469 0.2292188
vt 0.2104297 0.2292188
vt 0.2353125 0.2292188
vt 0.2601953 0.2292188
vt 0.2850781 0.2292188
vt 0.3099609 0.2292188
vt 0.3348437 0.2292188
vt 0.1855469 0.2807812
vn -0.0000000 -1.0000000 -0.0000000
vn 0.2691285 -0.9630742 -0.0076156
vn 0.2216034 -0.9741563 -0.0437192
vn 0.1135464 -0.9911195 -0.0692052
vn -0.0289564 -0.9967017 -0.0758109
vn -0.1623843 -0.9848416 -0.0609791
vn -0.2483751 -0.9681933 -0.0301909
vn -0.2691285 -0.9630742 0.0076156
vn -0.2216034 -0.9741563 0.0437192
vn -0.1135464 -0.9911195 0.0692052
vn 0.0289564 -0.9967017 0.0758109
vn 0.1623843 -0.9848416 0.0609791
vn 0.2483751 -0.9681933 0.0301909
vn 0.2691285 -0.9630742 -0.0076156
vn 0.5982898 -0.8012547 -0.0063360
vn 0.5320926 -0.8417490 -0.0913026
vn 0.3241749 -0.9310405 -0.1675539
vn -0.0284586 -0.9795686 -0.1990867
vn -0.3655537 -0.9173115 -0.1578294
vn -0.5498120 -0.8315624 -0.0788083
vn -0.5982898 -0.8012547 0.0063360
vn -0.5320926 -0.8417490 0.0913026
vn -0.3241749 -0.9310405 0.1675539
vn 0.0284586 -0.9795686 0.1990867
vn 0.3655537 -0.9173115 0.1578294
vn 0.5498120 -0.8315624 0.0788083
vn 0.5982898 -0.8012547 -0.0063360
vn 1.0000000 0.0000000 0.0000000
vn 0.9878765 -0.0000000 -0.1552417
vn 0.9045214 -0.0000000 -0.4264282
vn 0.0000000 -0.0000000 -1.0000000
vn -0.9045214 0.0000000 -0.4264282
vn -0.9878765 -0.0000000 -0.1552417
vn -1.0000000 0.0000000 -0.0000000
vn -0.9878765 -0.0000000 0.1552417
vn -0.9045214 -0.0000000 0.4264282
vn -0.0000000 -0.0000000 1.0000000
vn 0.9045214 -0.0000000 0.4264282
vn 0.9878765 -0.0000000 0.1552417
vn 1.0000000 0.0000000 0.0000000
vn 0.5982898 0.8012547 0.0063360
vn 0.5498120 0.8315624 -0.0788083
vn 0.3655537 0.9173115 -0.1578294
vn 0.0284586 0.9795686 -0.1990867
vn -0.3241749 0.9310405 -0.1675539
vn -0.5320926 0.8417490 -0.0913026
vn -0.5982898 0.8012547 -0.0063360
vn -0.5498120 0.8315624 0.0788083
vn -0.3655537 0.9173115 0.1578294
vn -0.0284586 0.9795686 0.1990867
vn 0.3241749 0.9310405 0.1675539
vn 0.5320926 0.8417490 0.0913026
vn 0.5982898 0.8012547 0.0063360
vn 0.2691285 0.9630742 0.0076156
vn 0.2483751 0.9681933 -0.0301909
vn 0.1623843 0.9848416 -0.0609791
vn 0.0289564 0.9967017 -0.0758109
vn -0.1135464 0.9911195 -0.0692052
vn -0.2216034 0.9741563 -0.0437192
vn -0.2691285 0.9630742 -0.0076156
vn -0.2483751 0.9681933 0.0301909
vn -0.1623843 0.9848416 0.0609791
vn -0.0289564 0.9967017 0.0758109
vn 0.1135464 0.9911195 0.0692052
vn 0.2216034 0.9741563 0.0437192
vn 0.2691285 0.9630742 0.0076156
vn -0.0000000 1.0000000 0.0000000
s 1
f 4384/4384/4384 4386/4386/4386 4385/4385/4385
f 4384/4384/4384 4387/4387/4387 4386/4386/4386
f 4384/4384/4384 4388/4388/4388 4387/4387/4387
f 4384/4384/4384 4389/4389/4389 4388/4388/4388
f 4384/4384/4384 4390/4390/4390 4389/4389/4389
f 4384/4384/4384 4391/4391/4391 4390/4390/4390
f 4384/4384/4384 4392/4392/4392 4391/4391/4391
f 4384/4384/4384 4393/4393/4393 4392/4392/4392
f 4384/4384/4384 4394/4394/4394 4393/4393/4393
f 4384/4384/4384 4395/4395/4395 4394/4394/4394
f 4384/4384/4384 4396/4396/4396 4395/4395/4395
f 4384/4384/4384 4397/4397/4397 4396/4396/4396
f 4385/4385/4385 4386/4386/4386 4399/4399/4399
f 4385/4385/4385 4399/4399/4399 4398/4398/4398
f 4386/4386/4386 4387/4387/4387 4400/4400/4400
f 4386/4386/4386 4400/4400/4400 4399/4399/4399
f 4387/4387/4387 4388/4388/4388 4401/4401/4401
f 4387/4387/4387 4401/4401/4401 4400/4400/4400
f 4388/4388/4388 4389/4389/4389 4402/4402/4402
f 4388/4388/4388 4402/4402/4402 4401/4401/4401
f 4389/4389/4389 4390/4390/4390 4403/4403/4403
f 4389/4389/4389 4403/4403/4403 4402/4402/4402
f 4390/4390/4390 4391/4391/4391 4404/4404/4404
f 4390/4390/4390 4404/4404/4404 4403/4403/4403
f 4391/4391/4391 4392/4392/4392 4405/4405/4405
f 4391/4391/4391 4405/4405/4405 4404/4404/4404
f 4392/4392/4392 4393/4393/4393 4406/4406/4406
f 4392/4392/4392 4406/4406/4406 4405/4405/4405
f 4393/4393/4393 4394/4394/4394 4407/4407/4407
f 4393/4393/4393 4407/4407/4407 4406/4406/4406
f 4394/4394/4394 4395/4395/4395 4408/4408/4408
f 4394/4394/4394 4408/4408/4408 4407/4407/4407
f 4395/4395/4395 4396/4396/4396 4409/4409/4409
f 4395/4395/4395 4409/4409/4409 4408/4408/4408
f 4396/4396/4396 4397/4397/4397 4410/4410/4410
f 4396/4396/4396 4410/4410/4410 4409/4409/4409
f 4398/4398/4398 4399/4399/4399 4412/4412/4412
f 4398/4398/4398 4412/4412/4412 4411/4411/4411
f 4399/4399/4399 4400/4400/4400 4413/4413/4413
f 4399/4399/4399 4413/4413/4413 4412/4412/4412
f 4400/4400/4400 4401/4401/4401 4414/4414/4414
f 4400/4400/4400 4414/4414/4414 4413/4413/4413
f 4401/4401/4401 4402/4402/4402 4415/4415/4415
f 4401/4401/4401 4415/4415/4415 4414/4414/4414
f 4402/4402/4402 4403/4403/4403 4416/4416/4416
f 4402/4402/4402 4416/4416/4416 4415/4415/4415
f 4403/4403/4403 4404/4404/4404 4417/4417/4417
f 4403/4403/4403 4417/4417/4417 4416/4416/4416
f 4404/4404/4404 4405/4405/4405 4418/4418/4418
f 4404/4404/4404 4418/4418/4418 4417/4417/4417
f 4405/4405/4405 4406/4406/4406 4419/4419/4419
f 4405/4405/4405 4419/4419/4419 4418/4418/4418
f 4406/4406/4406 4407/4407/4407 4420/4420/4420
f 4406/4406/4406 4420/4420/4420 4419/4419/4419
f 4407/4407/4407 4408/4408/4408 4421/4421/4421
f 4407/4407/4407 4421/4421/4421 4420/4420/4420
f 4408/4408/4408 4409/4409/4409 4422/4422/4422
f 4408/4408/4408 4422/4422/4422 4421/4421/4421
f 4409/4409/4409 4410/4410/4410 4423/4423/4423
f 4409/4409/4409 4423/4423/4423 4422/4422/4422
f 4411/4411/4411 4412/4412/4412 4425/4425/4425
f 4411/4411/4411 4425/4425/4425 4424/4424/4424
f 4412/4412/4412 4413/4413/4413 4426/4426/4426
f 4412/4412/4412 4426/4426/4426 4425/4425/4425
f 4413/4413/4413 4414/4414/4414 4427/4427/4427
f 4413/4413/4413 4427/4427/4427 4426/4426/4426
f 4414/4414/4414 4415/4415/4415 4428/4428/4428
f 4414/4414/4414 4428/4428/4428 4427/4427/4427
f 4415/4415/4415 4416/4416/4416 4429/4429/4429
f 4415/4415/4415 4429/4429/4429 4428/4428/4428
f 4416/4416/4416 4417/4417/4417 4430/4430/4430
f 4416/4416/4416 4430/4430/4430 4429/4429/4429
f 4417/4417/4417 4418/4418/4418 4431/4431/4431
f 4417/4417/4417 4431/4431/4431 4430/4430/4430
f 4418/4418/4418 4419/4419/4419 4432/4432/4432
f 4418/4418/4418 4432/4432/4432 4431/4431/4431
f 4419/4419/4419 4420/4420/4420 4433/4433/4433
f 4419/4419/4419 4433/4433/4433 4432/4432/4432
f 4420/4420/4420 4421/4421/4421 4434/4434/4434
f 4420/4420/4420 4434/4434/4434 4433/4433/4433
f 4421/4421/4421 4422/4422/4422 4435/4435/4435
f 4421/4421/4421 4435/4435/4435 4434/4434/4434
f 4422/4422/4422 4423/4423/4423 4436/4436/4436
f 4422/4422/4422 4436/4436/4436 4435/4435/4435
f 4424/4424/4424 4425/4425/4425 4438/4438/4438
f 4424/4424/4424 4438/4438/4438 4437/4437/4437
f 4425/4425/4425 4426/4426/4426 4439/4439/4439
f 4425/4425/4425 4439/4439/4439 4438/4438/4438
f 4426/4426/4426 4427/4427/4427 4440/4440/4440
f 4426/4426/4426 4440/4440/4440 4439/4439/4439
f 4427/4427/4427 4428/4428/4428 4441/4441/4441
f 4427/4427/4427 4441/4441/4441 4440/4440/4440
f 4428/4428/4428 4429/4429/4429 4442/4442/4442
f 4428/4428/4428 4442/4442/4442 4441/4441/4441
f 4429/4429/4429 4430/4430/4430 4443/4443/4443
f 4429/4429/4429 4443/4443/4443 4442/4442/4442
f 4430/4430/4430 4431/4431/4431 4444/4444/4444
f 4430/4430/4430 4444/4444/4444 4443/4443/4443
f 4431/4431/4431 4432/4432/4432 4445/4445/4445
f 4431/4431/4431 4445/4445/4445 4444/4444/4444
f 4432/4432/4432 4433/4433/4433 4446/4446/4446
f 4432/4432/4432 4446/4446/4446 4445/4445/4445
f 4433/4433/4433 4434/4434/4434 4447/4447/4447
f 4433/4433/4433 4447/4447/4447 4446/4446/4446
f 4434/4434/4434 4435/4435/4435 4448/4448/4448
f 4434/4434/4434 4448/4448/4448 4447/4447/4447
f 4435/4435/4435 4436/4436/4436 4449/4449/4449
f 4435/4435/4435 4449/4449/4449 4448/4448/4448
f 4437/4437/4437 4438/4438/4438 4450/4450/4450
f 4438/4438/4438 4439/4439/4439 4450/4450/4450
f 4439/4439/4439 4440/4440/4440 4450/4450/4450
f 4440/4440/4440 4441/4441/4441 4450/4450/4450
f 4441/4441/4441 4442/4442/4442 4450/4450/4450
f 4442/4442/4442 4443/4443/4443 4450/4450/4450
f 4443/4443/4443 4444/4444/4444 4450/4450/4450
f 4444/4444/4444 4445/4445/4445 4450/4450/4450
f 4445/4445/4445 4446/4446/4446 4450/4450/4450
f 4446/4446/4446 4447/4447/4447 4450/4450/4450
f 4447/4447/4447 4448/4448/4448 4450/4450/4450
f 4448/4448/4448 4449/4449/4449 4450/4450/4450
o Ventral_scale_11
v 10.793791 48.072267 -1.238201
v 11.720998 48.172799 -1.238201
v 11.596776 48.172799 -2.941456
v 11.257395 48.172799 -4.188326
v 10.793791 48.172799 -4.644712
v 10.330188 48.172799 -4.188326
v 9.990807 48.172799 -2.941456
v 9.866585 48.172799 -1.238201
v 9.990807 48.172799 0.465055
v 10.330188 48.172799 1.711925
v 10.793791 48.172799 2.168311
v 11.257395 48.172799 1.711925
v 11.596776 48.172799 0.465055
v 11.720998 48.172799 -1.238201
v 12.399760 48.447457 -1.238201
v 12.184601 48.447457 -4.188326
v 11.596776 48.447457 -6.347968
v 10.793791 48.447457 -7.138452
v 9.990807 48.447457 -6.347968
v 9.402982 48.447457 -4.188326
v 9.187823 48.447457 -1.238201
v 9.402982 48.447457 1.711925
v 9.990807 48.447457 3.871567
v 10.793791 48.447457 4.662051
v 11.596776 48.447457 3.871567
v 12.184601 48.447457 1.711925
v 12.399760 48.447457 -1.238201
v 12.648204 48.822646 -1.238201
v 12.399760 48.822646 -4.644712
v 11.720998 48.822646 -7.138452
v 10.793791 48.822646 -8.051224
v 9.866585 48.822646 -7.138452
v 9.187823 48.822646 -4.644712
v 8.939379 48.822646 -1.238201
v 9.187823 48.822646 2.168311
v 9.866585 48.822646 4.662051
v 10.793791 48.822646 5.574823
v 11.720998 48.822646 4.662051
v 12.399760 48.822646 2.168311
v 12.648204 48.822646 -1.238201
v 12.399760 49.197835 -1.238201
v 12.184601 49.197835 -4.188326
v 11.596776 49.197835 -6.347968
v 10.793791 49.197835 -7.138452
v 9.990807 49.197835 -6.347968
v 9.402982 49.197835 -4.188326
v 9.187823 49.197835 -1.238201
v 9.402982 49.197835 1.711925
v 9.990807 49.197835 3.871567
v 10.793791 49.197835 4.662051
v 11.596776 49.197835 3.871567
v 12.184601 49.197835 1.711925
v 12.399760 49.197835 -1.238201
v 11.720998 49.472493 -1.238201
v 11.596776 49.472493 -2.941456
v 11.257395 49.472493 -4.188326
v 10.793791 49.472493 -4.644712
v 10.330188 49.472493 -4.188326
v 9.990807 49.472493 -2.941456
v 9.866585 49.472493 -1.238201
v 9.990807 49.472493 0.465055
v 10.330188 49.472493 1.711925
v 10.793791 49.472493 2.168311
v 11.257395 49.472493 1.711925
v 11.596776 49.472493 0.465055
v 11.720998 49.472493 -1.238201
v 10.793791 49.573025 -1.238201
vt 0.1855469 0.2807812
vt 0.0362500 0.3254687
vt 0.0611328 0.3254687
vt 0.0860156 0.3254687
vt 0.1108984 0.3254687
vt 0.1357812 0.3254687
vt 0.1606641 0.3254687
vt 0.1855469 0.3254687
vt 0.2104297 0.3254687
vt 0.2353125 0.3254687
vt 0.2601953 0.3254687
vt 0.2850781 0.3254687
vt 0.3099609 0.3254687
vt 0.3348437 0.3254687
vt 0.0362500 0.3014062
vt 0.0611328 0.3014062
vt 0.0860156 0.3014062
vt 0.1108984 0.3014062
vt 0.1357812 0.3014062
vt 0.1606641 0.3014062
vt 0.1855469 0.3014062
vt 0.2104297 0.3014062
vt 0.2353125 0.3014062
vt 0.2601953 0.3014062
vt 0.2850781 0.3014062
vt 0.3099609 0.3014062
vt 0.3348437 0.3014062
vt 0.0362500 0.2773438
vt 0.0611328 0.2773438
vt 0.0860156 0.2773438
vt 0.1108984 0.2773438
vt 0.1357812 0.2773438
vt 0.1606641 0.2773438
vt 0.1855469 0.2773438
vt 0.2104297 0.2773438
vt 0.2353125 0.2773438
vt 0.2601953 0.2773438
vt 0.2850781 0.2773438
vt 0.3099609 0.2773438
vt 0.3348437 0.2773438
vt 0.0362500 0.2532813
vt 0.0611328 0.2532813
vt 0.0860156 0.2532813
vt 0.1108984 0.2532813
vt 0.1357812 0.2532813
vt 0.1606641 0.2532813
vt 0.1855469 0.2532813
vt 0.2104297 0.2532813
vt 0.2353125 0.2532813
vt 0.2601953 0.2532813
vt 0.2850781 0.2532813
vt 0.3099609 0.2532813
vt 0.3348437 0.2532813
vt 0.0362500 0.2292188
vt 0.0611328 0.2292188
vt 0.0860156 0.2292188
vt 0.1108984 0.2292188
vt 0.1357812 0.2292188
vt 0.1606641 0.2292188
vt 0.1855469 0.2292188
vt 0.2104297 0.2292188
vt 0.2353125 0.2292188
vt 0.2601953 0.2292188
vt 0.2850781 0.2292188
vt 0.3099609 0.2292188
vt 0.3348437 0.2292188
vt 0.1855469 0.2807812
vn -0.0000000 -1.0000000 -0.0000000
vn 0.2691285 -0.9630742 -0.0076156
vn 0.2216034 -0.9741563 -0.0437192
vn 0.1135464 -0.9911195 -0.0692052
vn -0.0289564 -0.9967017 -0.0758109
vn -0.1623843 -0.9848416 -0.0609791
vn -0.2483751 -0.9681933 -0.0301909
vn -0.2691285 -0.9630742 0.0076156
vn -0.2216034 -0.9741563 0.0437192
vn -0.1135464 -0.9911195 0.0692052
vn 0.0289564 -0.9967017 0.0758109
vn 0.1623843 -0.9848416 0.0609791
vn 0.2483751 -0.9681933 0.0301909
vn 0.2691285 -0.9630742 -0.0076156
vn 0.5982898 -0.8012547 -0.0063360
vn 0.5320926 -0.8417490 -0.0913026
vn 0.3241749 -0.9310405 -0.1675539
vn -0.0284586 -0.9795686 -0.1990867
vn -0.3655537 -0.9173115 -0.1578294
vn -0.5498120 -0.8315624 -0.0788083
vn -0.5982898 -0.8012547 0.0063360
vn -0.5320926 -0.8417490 0.0913026
vn -0.3241749 -0.9310405 0.1675539
vn 0.0284586 -0.9795686 0.1990867
vn 0.3655537 -0.9173115 0.1578294
vn 0.5498120 -0.8315624 0.0788083
vn 0.5982898 -0.8012547 -0.0063360
vn 1.0000000 -0.0000000 -0.0000000
vn 0.9878765 -0.0000000 -0.1552417
vn 0.9045214 -0.0000000 -0.4264282
vn 0.0000000 -0.0000000 -1.0000000
vn -0.9045214 0.0000000 -0.4264282
vn -0.9878765 -0.0000000 -0.1552417
vn -1.0000000 -0.0000000 -0.0000000
vn -0.9878765 -0.0000000 0.1552417
vn -0.9045214 -0.0000000 0.4264282
vn -0.0000000 -0.0000000 1.0000000
vn 0.9045214 -0.0000000 0.4264282
vn 0.9878765 0.0000000 0.1552417
vn 1.0000000 -0.0000000 -0.0000000
vn 0.5982898 0.8012547 0.0063360
vn 0.5498120 0.8315624 -0.0788083
vn 0.3655537 0.9173115 -0.1578294
vn 0.0284586 0.9795686 -0.1990867
vn -0.3241749 0.9310405 -0.1675539
vn -0.5320926 0.8417490 -0.0913026
vn -0.5982898 0.8012547 -0.0063360
vn -0.5498120 0.8315624 0.0788083
vn -0.3655537 0.9173115 0.1578294
vn -0.0284586 0.9795686 0.1990867
vn 0.3241749 0.9310405 0.1675539
vn 0.5320926 0.8417490 0.0913026
vn 0.5982898 0.8012547 0.0063360
vn 0.2691285 0.9630742 0.0076156
vn 0.2483751 0.9681933 -0.0301909
vn 0.1623843 0.9848416 -0.0609791
vn 0.0289564 0.9967017 -0.0758109
vn -0.1135464 0.9911195 -0.0692052
vn -0.2216034 0.9741563 -0.0437192
vn -0.2691285 0.9630742 -0.0076156
vn -0.2483751 0.9681933 0.0301909
vn -0.1623843 0.9848416 0.0609791
vn -0.0289564 0.9967017 0.0758109
vn 0.1135464 0.9911195 0.0692052
vn 0.2216034 0.9741563 0.0437192
vn 0.2691285 0.9630742 0.0076156
vn -0.0000000 1.0000000 -0.0000000
s 1
f 4451/4451/4451 4453/4453/4453 4452/4452/4452
f 4451/4451/4451 4454/4454/4454 4453/4453/4453
f 4451/4451/4451 4455/4455/4455 4454/4454/4454
f 4451/4451/4451 4456/4456/4456 4455/4455/4455
f 4451/4451/4451 4457/4457/4457 4456/4456/4456
f 4451/4451/4451 4458/4458/4458 4457/4457/4457
f 4451/4451/4451 4459/4459/4459 4458/4458/4458
f 4451/4451/4451 4460/4460/4460 4459/4459/4459
f 4451/4451/4451 4461/4461/4461 4460/4460/4460
f 4451/4451/4451 4462/4462/4462 4461/4461/4461
f 4451/4451/4451 4463/4463/4463 4462/4462/4462
f 4451/4451/4451 4464/4464/4464 4463/4463/4463
f 4452/4452/4452 4453/4453/4453 4466/4466/4466
f 4452/4452/4452 4466/4466/4466 4465/4465/4465
f 4453/4453/4453 4454/4454/4454 4467/4467/4467
f 4453/4453/4453 4467/4467/4467 4466/4466/4466
f 4454/4454/4454 4455/4455/4455 4468/4468/4468
f 4454/4454/4454 4468/4468/4468 4467/4467/4467
f 4455/4455/4455 4456/4456/4456 4469/4469/4469
f 4455/4455/4455 4469/4469/4469 4468/4468/4468
f 4456/4456/4456 4457/4457/4457 4470/4470/4470
f 4456/4456/4456 4470/4470/4470 4469/4469/4469
f 4457/4457/4457 4458/4458/4458 4471/4471/4471
f 4457/4457/4457 4471/4471/4471 4470/4470/4470
f 4458/4458/4458 4459/4459/4459 4472/4472/4472
f 4458/4458/4458 4472/4472/4472 4471/4471/4471
f 4459/4459/4459 4460/4460/4460 4473/4473/4473
f 4459/4459/4459 4473/4473/4473 4472/4472/4472
f 4460/4460/4460 4461/4461/4461 4474/4474/4474
f 4460/4460/4460 4474/4474/4474 4473/4473/4473
f 4461/4461/4461 4462/4462/4462 4475/4475/4475
f 4461/4461/4461 4475/4475/4475 4474/4474/4474
f 4462/4462/4462 4463/4463/4463 4476/4476/4476
f 4462/4462/4462 4476/4476/4476 4475/4475/4475
f 4463/4463/4463 4464/4464/4464 4477/4477/4477
f 4463/4463/4463 4477/4477/4477 4476/4476/4476
f 4465/4465/4465 4466/4466/4466 4479/4479/4479
f 4465/4465/4465 4479/4479/4479 4478/4478/4478
f 4466/4466/4466 4467/4467/4467 4480/4480/4480
f 4466/4466/4466 4480/4480/4480 4479/4479/4479
f 4467/4467/4467 4468/4468/4468 4481/4481/4481
f 4467/4467/4467 4481/4481/4481 4480/4480/4480
f 4468/4468/4468 4469/4469/4469 4482/4482/4482
f 4468/4468/4468 4482/4482/4482 4481/4481/4481
f 4469/4469/4469 4470/4470/4470 4483/4483/4483
f 4469/4469/4469 4483/4483/4483 4482/4482/4482
f 4470/4470/4470 4471/4471/4471 4484/4484/4484
f 4470/4470/4470 4484/4484/4484 4483/4483/4483
f 4471/4471/4471 4472/4472/4472 4485/4485/4485
f 4471/4471/4471 4485/4485/4485 4484/4484/4484
f 4472/4472/4472 4473/4473/4473 4486/4486/4486
f 4472/4472/4472 4486/4486/4486 4485/4485/4485
f 4473/4473/4473 4474/4474/4474 4487/4487/4487
f 4473/4473/4473 4487/4487/4487 4486/4486/4486
f 4474/4474/4474 4475/4475/4475 4488/4488/4488
f 4474/4474/4474 4488/4488/4488 4487/4487/4487
f 4475/4475/4475 4476/4476/4476 4489/4489/4489
f 4475/4475/4475 4489/4489/4489 4488/4488/4488
f 4476/4476/4476 4477/4477/4477 4490/4490/4490
f 4476/4476/4476 4490/4490/4490 4489/4489/4489
f 4478/4478/4478 4479/4479/4479 4492/4492/4492
f 4478/4478/4478 4492/4492/4492 4491/4491/4491
f 4479/4479/4479 4480/4480/4480 4493/4493/4493
f 4479/4479/4479 4493/4493/4493 4492/4492/4492
f 4480/4480/4480 4481/4481/4481 4494/4494/4494
f 4480/4480/4480 4494/4494/4494 4493/4493/4493
f 4481/4481/4481 4482/4482/4482 4495/4495/4495
f 4481/4481/4481 4495/4495/4495 4494/4494/4494
f 4482/4482/4482 4483/4483/4483 4496/4496/4496
f 4482/4482/4482 4496/4496/4496 4495/4495/4495
f 4483/4483/4483 4484/4484/4484 4497/4497/4497
f 4483/4483/4483 4497/4497/4497 4496/4496/4496
f 4484/4484/4484 4485/4485/4485 4498/4498/4498
f 4484/4484/4484 4498/4498/4498 4497/4497/4497
f 4485/4485/4485 4486/4486/4486 4499/4499/4499
f 4485/4485/4485 4499/4499/4499 4498/4498/4498
f 4486/4486/4486 4487/4487/4487 4500/4500/4500
f 4486/4486/4486 4500/4500/4500 4499/4499/4499
f 4487/4487/4487 4488/4488/4488 4501/4501/4501
f 4487/4487/4487 4501/4501/4501 4500/4500/4500
f 4488/4488/4488 4489/4489/4489 4502/4502/4502
f 4488/4488/4488 4502/4502/4502 4501/4501/4501
f 4489/4489/4489 4490/4490/4490 4503/4503/4503
f 4489/4489/4489 4503/4503/4503 4502/4502/4502
f 4491/4491/4491 4492/4492/4492 4505/4505/4505
f 4491/4491/4491 4505/4505/4505 4504/4504/4504
f 4492/4492/4492 4493/4493/4493 4506/4506/4506
f 4492/4492/4492 4506/4506/4506 4505/4505/4505
f 4493/4493/4493 4494/4494/4494 4507/4507/4507
f 4493/4493/4493 4507/4507/4507 4506/4506/4506
f 4494/4494/4494 4495/4495/4495 4508/4508/4508
f 4494/4494/4494 4508/4508/4508 4507/4507/4507
f 4495/4495/4495 4496/4496/4496 4509/4509/4509
f 4495/4495/4495 4509/4509/4509 4508/4508/4508
f 4496/4496/4496 4497/4497/4497 4510/4510/4510
f 4496/4496/4496 4510/4510/4510 4509/4509/4509
f 4497/4497/4497 4498/4498/4498 4511/4511/4511
f 4497/4497/4497 4511/4511/4511 4510/4510/4510
f 4498/4498/4498 4499/4499/4499 4512/4512/4512
f 4498/4498/4498 4512/4512/4512 4511/4511/4511
f 4499/4499/4499 4500/4500/4500 4513/4513/4513
f 4499/4499/4499 4513/4513/4513 4512/4512/4512
f 4500/4500/4500 4501/4501/4501 4514/4514/4514
f 4500/4500/4500 4514/4514/4514 4513/4513/4513
f 4501/4501/4501 4502/4502/4502 4515/4515/4515
f 4501/4501/4501 4515/4515/4515 4514/4514/4514
f 4502/4502/4502 4503/4503/4503 4516/4516/4516
f 4502/4502/4502 4516/4516/4516 4515/4515/4515
f 4504/4504/4504 4505/4505/4505 4517/4517/4517
f 4505/4505/4505 4506/4506/4506 4517/4517/4517
f 4506/4506/4506 4507/4507/4507 4517/4517/4517
f 4507/4507/4507 4508/4508/4508 4517/4517/4517
f 4508/4508/4508 4509/4509/4509 4517/4517/4517
f 4509/4509/4509 4510/4510/4510 4517/4517/4517
f 4510/4510/4510 4511/4511/4511 4517/4517/4517
f 4511/4511/4511 4512/4512/4512 4517/4517/4517
f 4512/4512/4512 4513/4513/4513 4517/4517/4517
f 4513/4513/4513 4514/4514/4514 4517/4517/4517
f 4514/4514/4514 4515/4515/4515 4517/4517/4517
f 4515/4515/4515 4516/4516/4516 4517/4517/4517
o Ventral_scale_12
v 10.948326 50.240028 -1.238201
v 11.875532 50.340560 -1.238201
v 11.751310 50.340560 -2.941456
v 11.411929 50.340560 -4.188326
v 10.948326 50.340560 -4.644712
v 10.484723 50.340560 -4.188326
v 10.145342 50.340560 -2.941456
v 10.021119 50.340560 -1.238201
v 10.145342 50.340560 0.465055
v 10.484723 50.340560 1.711925
v 10.948326 50.340560 2.168311
v 11.411929 50.340560 1.711925
v 11.751310 50.340560 0.465055
v 11.875532 50.340560 -1.238201
v 12.554294 50.615217 -1.238201
v 12.339135 50.615217 -4.188326
v 11.751310 50.615217 -6.347968
v 10.948326 50.615217 -7.138452
v 10.145342 50.615217 -6.347968
v 9.557516 50.615217 -4.188326
v 9.342357 50.615217 -1.238201
v 9.557516 50.615217 1.711925
v 10.145342 50.615217 3.871567
v 10.948326 50.615217 4.662051
v 11.751310 50.615217 3.871567
v 12.339135 50.615217 1.711925
v 12.554294 50.615217 -1.238201
v 12.802738 50.990407 -1.238201
v 12.554294 50.990407 -4.644712
v 11.875532 50.990407 -7.138452
v 10.948326 50.990407 -8.051224
v 10.021119 50.990407 -7.138452
v 9.342357 50.990407 -4.644712
v 9.093913 50.990407 -1.238201
v 9.342357 50.990407 2.168311
v 10.021119 50.990407 4.662051
v 10.948326 50.990407 5.574823
v 11.875532 50.990407 4.662051
v 12.554294 50.990407 2.168311
v 12.802738 50.990407 -1.238201
v 12.554294 51.365596 -1.238201
v 12.339135 51.365596 -4.188326
v 11.751310 51.365596 -6.347968
v 10.948326 51.365596 -7.138452
v 10.145342 51.365596 -6.347968
v 9.557516 51.365596 -4.188326
v 9.342357 51.365596 -1.238201
v 9.557516 51.365596 1.711925
v 10.145342 51.365596 3.871567
v 10.948326 51.365596 4.662051
v 11.751310 51.365596 3.871567
v 12.339135 51.365596 1.711925
v 12.554294 51.365596 -1.238201
v 11.875532 51.640254 -1.238201
v 11.751310 51.640254 -2.941456
v 11.411929 51.640254 -4.188326
v 10.948326 51.640254 -4.644712
v 10.484723 51.640254 -4.188326
v 10.145342 51.640254 -2.941456
v 10.021119 51.640254 -1.238201
v 10.145342 51.640254 0.465055
v 10.484723 51.640254 1.711925
v 10.948326 51.640254 2.168311
v 11.411929 51.640254 1.711925
v 11.751310 51.640254 0.465055
v 11.875532 51.640254 -1.238201
v 10.948326 51.740785 -1.238201
vt 0.1855469 0.2807812
vt 0.0362500 0.3254687
vt 0.0611328 0.3254687
vt 0.0860156 0.3254687
vt 0.1108984 0.3254687
vt 0.1357812 0.3254687
vt 0.1606641 0.3254687
vt 0.1855469 0.3254687
vt 0.2104297 0.3254687
vt 0.2353125 0.3254687
vt 0.2601953 0.3254687
vt 0.2850781 0.3254687
vt 0.3099609 0.3254687
vt 0.3348437 0.3254687
vt 0.0362500 0.3014062
vt 0.0611328 0.3014062
vt 0.0860156 0.3014062
vt 0.1108984 0.3014062
vt 0.1357812 0.3014062
vt 0.1606641 0.3014062
vt 0.1855469 0.3014062
vt 0.2104297 0.3014062
vt 0.2353125 0.3014062
vt 0.2601953 0.3014062
vt 0.2850781 0.3014062
vt 0.3099609 0.3014062
vt 0.3348437 0.3014062
vt 0.0362500 0.2773438
vt 0.0611328 0.2773438
vt 0.0860156 0.2773438
vt 0.1108984 0.2773438
vt 0.1357812 0.2773438
vt 0.1606641 0.2773438
vt 0.1855469 0.2773438
vt 0.2104297 0.2773438
vt 0.2353125 0.2773438
vt 0.2601953 0.2773438
vt 0.2850781 0.2773438
vt 0.3099609 0.2773438
vt 0.3348437 0.2773438
vt 0.0362500 0.2532813
vt 0.0611328 0.2532813
vt 0.0860156 0.2532813
vt 0.1108984 0.2532813
vt 0.1357812 0.2532813
vt 0.1606641 0.2532813
vt 0.1855469 0.2532813
vt 0.2104297 0.2532813
vt 0.2353125 0.2532813
vt 0.2601953 0.2532813
vt 0.2850781 0.2532813
vt 0.3099609 0.2532813
vt 0.3348437 0.2532813
vt 0.0362500 0.2292188
vt 0.0611328 0.2292188
vt 0.0860156 0.2292188
vt 0.1108984 0.2292188
vt 0.1357812 0.2292188
vt 0.1606641 0.2292188
vt 0.1855469 0.2292188
vt 0.2104297 0.2292188
vt 0.2353125 0.2292188
vt 0.2601953 0.2292188
vt 0.2850781 0.2292188
vt 0.3099609 0.2292188
vt 0.3348437 0.2292188
vt 0.1855469 0.2807812
vn -0.0000000 -1.0000000 -0.0000000
vn 0.2691285 -0.9630742 -0.0076156
vn 0.2216034 -0.9741563 -0.0437192
vn 0.1135464 -0.9911195 -0.0692052
vn -0.0289564 -0.9967017 -0.0758109
vn -0.1623843 -0.9848416 -0.0609791
vn -0.2483751 -0.9681933 -0.0301909
vn -0.2691285 -0.9630742 0.0076156
vn -0.2216034 -0.9741563 0.0437192
vn -0.1135464 -0.9911195 0.0692052
vn 0.0289564 -0.9967017 0.0758109
vn 0.1623843 -0.9848416 0.0609791
vn 0.2483751 -0.9681933 0.0301909
vn 0.2691285 -0.9630742 -0.0076156
vn 0.5982898 -0.8012547 -0.0063360
vn 0.5320926 -0.8417490 -0.0913026
vn 0.3241749 -0.9310405 -0.1675539
vn -0.0284586 -0.9795686 -0.1990867
vn -0.3655537 -0.9173115 -0.1578294
vn -0.5498120 -0.8315624 -0.0788083
vn -0.5982898 -0.8012547 0.0063360
vn -0.5320926 -0.8417490 0.0913026
vn -0.3241749 -0.9310405 0.1675539
vn 0.0284586 -0.9795686 0.1990867
vn 0.3655537 -0.9173115 0.1578294
vn 0.5498120 -0.8315624 0.0788083
vn 0.5982898 -0.8012547 -0.0063360
vn 1.0000000 0.0000000 -0.0000000
vn 0.9878765 -0.0000000 -0.1552417
vn 0.9045214 -0.0000000 -0.4264282
vn -0.0000000 -0.0000000 -1.0000000
vn -0.9045214 0.0000000 -0.4264282
vn -0.9878765 -0.0000000 -0.1552417
vn -1.0000000 0.0000000 0.0000000
vn -0.9878765 -0.0000000 0.1552417
vn -0.9045214 -0.0000000 0.4264282
vn 0.0000000 -0.0000000 1.0000000
vn 0.9045214 -0.0000000 0.4264282
vn 0.9878765 -0.0000000 0.1552417
vn 1.0000000 0.0000000 -0.0000000
vn 0.5982898 0.8012547 0.0063360
vn 0.5498120 0.8315624 -0.0788083
vn 0.3655537 0.9173115 -0.1578294
vn 0.0284586 0.9795686 -0.1990867
vn -0.3241749 0.9310405 -0.1675539
vn -0.5320926 0.8417490 -0.0913026
vn -0.5982898 0.8012547 -0.0063360
vn -0.5498120 0.8315624 0.0788083
vn -0.3655537 0.9173115 0.1578294
vn -0.0284586 0.9795686 0.1990867
vn 0.3241749 0.9310405 0.1675539
vn 0.5320926 0.8417490 0.0913026
vn 0.5982898 0.8012547 0.0063360
vn 0.2691285 0.9630742 0.0076156
vn 0.2483751 0.9681933 -0.0301909
vn 0.1623843 0.9848416 -0.0609791
vn 0.0289564 0.9967017 -0.0758109
vn -0.1135464 0.9911195 -0.0692052
vn -0.2216034 0.9741563 -0.0437192
vn -0.2691285 0.9630742 -0.0076156
vn -0.2483751 0.9681933 0.0301909
vn -0.1623843 0.9848416 0.0609791
vn -0.0289564 0.9967017 0.0758109
vn 0.1135464 0.9911195 0.0692052
vn 0.2216034 0.9741563 0.0437192
vn 0.2691285 0.9630742 0.0076156
vn -0.0000000 1.0000000 0.0000000
s 1
f 4518/4518/4518 4520/4520/4520 4519/4519/4519
f 4518/4518/4518 4521/4521/4521 4520/4520/4520
f 4518/4518/4518 4522/4522/4522 4521/4521/4521
f 4518/4518/4518 4523/4523/4523 4522/4522/4522
f 4518/4518/4518 4524/4524/4524 4523/4523/4523
f 4518/4518/4518 4525/4525/4525 4524/4524/4524
f 4518/4518/4518 4526/4526/4526 4525/4525/4525
f 4518/4518/4518 4527/4527/4527 4526/4526/4526
f 4518/4518/4518 4528/4528/4528 4527/4527/4527
f 4518/4518/4518 4529/4529/4529 4528/4528/4528
f 4518/4518/4518 4530/4530/4530 4529/4529/4529
f 4518/4518/4518 4531/4531/4531 4530/4530/4530
f 4519/4519/4519 4520/4520/4520 4533/4533/4533
f 4519/4519/4519 4533/4533/4533 4532/4532/4532
f 4520/4520/4520 4521/4521/4521 4534/4534/4534
f 4520/4520/4520 4534/4534/4534 4533/4533/4533
f 4521/4521/4521 4522/4522/4522 4535/4535/4535
f 4521/4521/4521 4535/4535/4535 4534/4534/4534
f 4522/4522/4522 4523/4523/4523 4536/4536/4536
f 4522/4522/4522 4536/4536/4536 4535/4535/4535
f 4523/4523/4523 4524/4524/4524 4537/4537/4537
f 4523/4523/4523 4537/4537/4537 4536/4536/4536
f 4524/4524/4524 4525/4525/4525 4538/4538/4538
f 4524/4524/4524 4538/4538/4538 4537/4537/4537
f 4525/4525/4525 4526/4526/4526 4539/4539/4539
f 4525/4525/4525 4539/4539/4539 4538/4538/4538
f 4526/4526/4526 4527/4527/4527 4540/4540/4540
f 4526/4526/4526 4540/4540/4540 4539/4539/4539
f 4527/4527/4527 4528/4528/4528 4541/4541/4541
f 4527/4527/4527 4541/4541/4541 4540/4540/4540
f 4528/4528/4528 4529/4529/4529 4542/4542/4542
f 4528/4528/4528 4542/4542/4542 4541/4541/4541
f 4529/4529/4529 4530/4530/4530 4543/4543/4543
f 4529/4529/4529 4543/4543/4543 4542/4542/4542
f 4530/4530/4530 4531/4531/4531 4544/4544/4544
f 4530/4530/4530 4544/4544/4544 4543/4543/4543
f 4532/4532/4532 4533/4533/4533 4546/4546/4546
f 4532/4532/4532 4546/4546/4546 4545/4545/4545
f 4533/4533/4533 4534/4534/4534 4547/4547/4547
f 4533/4533/4533 4547/4547/4547 4546/4546/4546
f 4534/4534/4534 4535/4535/4535 4548/4548/4548
f 4534/4534/4534 4548/4548/4548 4547/4547/4547
f 4535/4535/4535 4536/4536/4536 4549/4549/4549
f 4535/4535/4535 4549/4549/4549 4548/4548/4548
f 4536/4536/4536 4537/4537/4537 4550/4550/4550
f 4536/4536/4536 4550/4550/4550 4549/4549/4549
f 4537/4537/4537 4538/4538/4538 4551/4551/4551
f 4537/4537/4537 4551/4551/4551 4550/4550/4550
f 4538/4538/4538 4539/4539/4539 4552/4552/4552
f 4538/4538/4538 4552/4552/4552 4551/4551/4551
f 4539/4539/4539 4540/4540/4540 4553/4553/4553
f 4539/4539/4539 4553/4553/4553 4552/4552/4552
f 4540/4540/4540 4541/4541/4541 4554/4554/4554
f 4540/4540/4540 4554/4554/4554 4553/4553/4553
f 4541/4541/4541 4542/4542/4542 4555/4555/4555
f 4541/4541/4541 4555/4555/4555 4554/4554/4554
f 4542/4542/4542 4543/4543/4543 4556/4556/4556
f 4542/4542/4542 4556/4556/4556 4555/4555/4555
f 4543/4543/4543 4544/4544/4544 4557/4557/4557
f 4543/4543/4543 4557/4557/4557 4556/4556/4556
f 4545/4545/4545 4546/4546/4546 4559/4559/4559
f 4545/4545/4545 4559/4559/4559 4558/4558/4558
f 4546/4546/4546 4547/4547/4547 4560/4560/4560
f 4546/4546/4546 4560/4560/4560 4559/4559/4559
f 4547/4547/4547 4548/4548/4548 4561/4561/4561
f 4547/4547/4547 4561/4561/4561 4560/4560/4560
f 4548/4548/4548 4549/4549/4549 4562/4562/4562
f 4548/4548/4548 4562/4562/4562 4561/4561/4561
f 4549/4549/4549 4550/4550/4550 4563/4563/4563
f 4549/4549/4549 4563/4563/4563 4562/4562/4562
f 4550/4550/4550 4551/4551/4551 4564/4564/4564
f 4550/4550/4550 4564/4564/4564 4563/4563/4563
f 4551/4551/4551 4552/4552/4552 4565/4565/4565
f 4551/4551/4551 4565/4565/4565 4564/4564/4564
f 4552/4552/4552 4553/4553/4553 4566/4566/4566
f 4552/4552/4552 4566/4566/4566 4565/4565/4565
f 4553/4553/4553 4554/4554/4554 4567/4567/4567
f 4553/4553/4553 4567/4567/4567 4566/4566/4566
f 4554/4554/4554 4555/4555/4555 4568/4568/4568
f 4554/4554/4554 4568/4568/4568 4567/4567/4567
f 4555/4555/4555 4556/4556/4556 4569/4569/4569
f 4555/4555/4555 4569/4569/4569 4568/4568/4568
f 4556/4556/4556 4557/4557/4557 4570/4570/4570
f 4556/4556/4556 4570/4570/4570 4569/4569/4569
f 4558/4558/4558 4559/4559/4559 4572/4572/4572
f 4558/4558/4558 4572/4572/4572 4571/4571/4571
f 4559/4559/4559 4560/4560/4560 4573/4573/4573
f 4559/4559/4559 4573/4573/4573 4572/4572/4572
f 4560/4560/4560 4561/4561/4561 4574/4574/4574
f 4560/4560/4560 4574/4574/4574 4573/4573/4573
f 4561/4561/4561 4562/4562/4562 4575/4575/4575
f 4561/4561/4561 4575/4575/4575 4574/4574/4574
f 4562/4562/4562 4563/4563/4563 4576/4576/4576
f 4562/4562/4562 4576/4576/4576 4575/4575/4575
f 4563/4563/4563 4564/4564/4564 4577/4577/4577
f 4563/4563/4563 4577/4577/4577 4576/4576/4576
f 4564/4564/4564 4565/4565/4565 4578/4578/4578
f 4564/4564/4564 4578/4578/4578 4577/4577/4577
f 4565/4565/4565 4566/4566/4566 4579/4579/4579
f 4565/4565/4565 4579/4579/4579 4578/4578/4578
f 4566/4566/4566 4567/4567/4567 4580/4580/4580
f 4566/4566/4566 4580/4580/4580 4579/4579/4579
f 4567/4567/4567 4568/4568/4568 4581/4581/4581
f 4567/4567/4567 4581/4581/4581 4580/4580/4580
f 4568/4568/4568 4569/4569/4569 4582/4582/4582
f 4568/4568/4568 4582/4582/4582 4581/4581/4581
f 4569/4569/4569 4570/4570/4570 4583/4583/4583
f 4569/4569/4569 4583/4583/4583 4582/4582/4582
f 4571/4571/4571 4572/4572/4572 4584/4584/4584
f 4572/4572/4572 4573/4573/4573 4584/4584/4584
f 4573/4573/4573 4574/4574/4574 4584/4584/4584
f 4574/4574/4574 4575/4575/4575 4584/4584/4584
f 4575/4575/4575 4576/4576/4576 4584/4584/4584
f 4576/4576/4576 4577/4577/4577 4584/4584/4584
f 4577/4577/4577 4578/4578/4578 4584/4584/4584
f 4578/4578/4578 4579/4579/4579 4584/4584/4584
f 4579/4579/4579 4580/4580/4580 4584/4584/4584
f 4580/4580/4580 4581/4581/4581 4584/4584/4584
f 4581/4581/4581 4582/4582/4582 4584/4584/4584
f 4582/4582/4582 4583/4583/4583 4584/4584/4584
o Ventral_scale_13
v 11.102860 52.407789 -1.238201
v 12.030066 52.508320 -1.238201
v 11.905844 52.508320 -2.941456
v 11.566463 52.508320 -4.188326
v 11.102860 52.508320 -4.644712
v 10.639257 52.508320 -4.188326
v 10.299876 52.508320 -2.941456
v 10.175654 52.508320 -1.238201
v 10.299876 52.508320 0.465055
v 10.639257 52.508320 1.711925
v 11.102860 52.508320 2.168311
v 11.566463 52.508320 1.711925
v 11.905844 52.508320 0.465055
v 12.030066 52.508320 -1.238201
v 12.708829 52.782978 -1.238201
v 12.493670 52.782978 -4.188326
v 11.905844 52.782978 -6.347968
v 11.102860 52.782978 -7.138452
v 10.299876 52.782978 -6.347968
v 9.712051 52.782978 -4.188326
v 9.496892 52.782978 -1.238201
v 9.712051 52.782978 1.711925
v 10.299876 52.782978 3.871567
v 11.102860 52.782978 4.662051
v 11.905844 52.782978 3.871567
v 12.493670 52.782978 1.711925
v 12.708829 52.782978 -1.238201
v 12.957273 53.158167 -1.238201
v 12.708829 53.158167 -4.644712
v 12.030066 53.158167 -7.138452
v 11.102860 53.158167 -8.051224
v 10.175654 53.158167 -7.138452
v 9.496892 53.158167 -4.644712
v 9.248448 53.158167 -1.238201
v 9.496892 53.158167 2.168311
v 10.175654 53.158167 4.662051
v 11.102860 53.158167 5.574823
v 12.030066 53.158167 4.662051
v 12.708829 53.158167 2.168311
v 12.957273 53.158167 -1.238201
v 12.708829 53.533357 -1.238201
v 12.493670 53.533357 -4.188326
v 11.905844 53.533357 -6.347968
v 11.102860 53.533357 -7.138452
v 10.299876 53.533357 -6.347968
v 9.712051 53.533357 -4.188326
v 9.496892 53.533357 -1.238201
v 9.712051 53.533357 1.711925
v 10.299876 53.533357 3.871567
v 11.102860 53.533357 4.662051
v 11.905844 53.533357 3.871567
v 12.493670 53.533357 1.711925
v 12.708829 53.533357 -1.238201
v 12.030066 53.808014 -1.238201
v 11.905844 53.808014 -2.941456
v 11.566463 53.808014 -4.188326
v 11.102860 53.808014 -4.644712
v 10.639257 53.808014 -4.188326
v 10.299876 53.808014 -2.941456
v 10.175654 53.808014 -1.238201
v 10.299876 53.808014 0.465055
v 10.639257 53.808014 1.711925
v 11.102860 53.808014 2.168311
v 11.566463 53.808014 1.711925
v 11.905844 53.808014 0.465055
v 12.030066 53.808014 -1.238201
v 11.102860 53.908546 -1.238201
vt 0.1855469 0.2807812
vt 0.0362500 0.3254687
vt 0.0611328 0.3254687
vt 0.0860156 0.3254687
vt 0.1108984 0.3254687
vt 0.1357812 0.3254687
vt 0.1606641 0.3254687
vt 0.1855469 0.3254687
vt 0.2104297 0.3254687
vt 0.2353125 0.3254687
vt 0.2601953 0.3254687
vt 0.2850781 0.3254687
vt 0.3099609 0.3254687
vt 0.3348437 0.3254687
vt 0.0362500 0.3014062
vt 0.0611328 0.3014062
vt 0.0860156 0.3014062
vt 0.1108984 0.3014062
vt 0.1357812 0.3014062
vt 0.1606641 0.3014062
vt 0.1855469 0.3014062
vt 0.2104297 0.3014062
vt 0.2353125 0.3014062
vt 0.2601953 0.3014062
vt 0.2850781 0.3014062
vt 0.3099609 0.3014062
vt 0.3348437 0.3014062
vt 0.0362500 0.2773438
vt 0.0611328 0.2773438
vt 0.0860156 0.2773438
vt 0.1108984 0.2773438
vt 0.1357812 0.2773438
vt 0.1606641 0.2773438
vt 0.1855469 0.2773438
vt 0.2104297 0.2773438
vt 0.2353125 0.2773438
vt 0.2601953 0.2773438
vt 0.2850781 0.2773438
vt 0.3099609 0.2773438
vt 0.3348437 0.2773438
vt 0.0362500 0.2532813
vt 0.0611328 0.2532813
vt 0.0860156 0.2532813
vt 0.1108984 0.2532813
vt 0.1357812 0.2532813
vt 0.1606641 0.2532813
vt 0.1855469 0.2532813
vt 0.2104297 0.2532813
vt 0.2353125 0.2532813
vt 0.2601953 0.2532813
vt 0.2850781 0.2532813
vt 0.3099609 0.2532813
vt 0.3348437 0.2532813
vt 0.0362500 0.2292188
vt 0.0611328 0.2292188
vt 0.0860156 0.2292188
vt 0.1108984 0.2292188
vt 0.1357812 0.2292188
vt 0.1606641 0.2292188
vt 0.1855469 0.2292188
vt 0.2104297 0.2292188
vt 0.2353125 0.2292188
vt 0.2601953 0.2292188
vt 0.2850781 0.2292188
vt 0.3099609 0.2292188
vt 0.3348437 0.2292188
vt 0.1855469 0.2807812
vn -0.0000000 -1.0000000 -0.0000000
vn 0.2691285 -0.9630742 -0.0076156
vn 0.2216034 -0.9741563 -0.0437192
vn 0.1135464 -0.9911195 -0.0692052
vn -0.0289564 -0.9967017 -0.0758109
vn -0.1623843 -0.9848416 -0.0609791
vn -0.2483751 -0.9681933 -0.0301909
vn -0.2691285 -0.9630742 0.0076156
vn -0.2216034 -0.9741563 0.0437192
vn -0.1135464 -0.9911195 0.0692052
vn 0.0289564 -0.9967017 0.0758109
vn 0.1623843 -0.9848416 0.0609791
vn 0.2483751 -0.9681933 0.0301909
vn 0.2691285 -0.9630742 -0.0076156
vn 0.5982898 -0.8012547 -0.0063360
vn 0.5320926 -0.8417490 -0.0913026
vn 0.3241749 -0.9310405 -0.1675539
vn -0.0284586 -0.9795686 -0.1990867
vn -0.3655537 -0.9173115 -0.1578294
vn -0.5498120 -0.8315624 -0.0788083
vn -0.5982898 -0.8012547 0.0063360
vn -0.5320926 -0.8417490 0.0913026
vn -0.3241749 -0.9310405 0.1675539
vn 0.0284586 -0.9795686 0.1990867
vn 0.3655537 -0.9173115 0.1578294
vn 0.5498120 -0.8315624 0.0788083
vn 0.5982898 -0.8012547 -0.0063360
vn 1.0000000 0.0000000 -0.0000000
vn 0.9878765 -0.0000000 -0.1552417
vn 0.9045214 -0.0000000 -0.4264282
vn -0.0000000 -0.0000000 -1.0000000
vn -0.9045214 0.0000000 -0.4264282
vn -0.9878765 -0.0000000 -0.1552417
vn -1.0000000 -0.0000000 0.0000000
vn -0.9878765 -0.0000000 0.1552417
vn -0.9045214 -0.0000000 0.4264282
vn 0.0000000 -0.0000000 1.0000000
vn 0.9045214 -0.0000000 0.4264282
vn 0.9878765 -0.0000000 0.1552417
vn 1.0000000 0.0000000 -0.0000000
vn 0.5982898 0.8012547 0.0063360
vn 0.5498120 0.8315624 -0.0788083
vn 0.3655537 0.9173115 -0.1578294
vn 0.0284586 0.9795686 -0.1990867
vn -0.3241749 0.9310405 -0.1675539
vn -0.5320926 0.8417490 -0.0913026
vn -0.5982898 0.8012547 -0.0063360
vn -0.5498120 0.8315624 0.0788083
vn -0.3655537 0.9173115 0.1578294
vn -0.0284586 0.9795686 0.1990867
vn 0.3241749 0.9310405 0.1675539
vn 0.5320926 0.8417490 0.0913026
vn 0.5982898 0.8012547 0.0063360
vn 0.2691285 0.9630742 0.0076156
vn 0.2483751 0.9681933 -0.0301909
vn 0.1623843 0.9848416 -0.0609791
vn 0.0289564 0.9967017 -0.0758109
vn -0.1135464 0.9911195 -0.0692052
vn -0.2216034 0.9741563 -0.0437192
vn -0.2691285 0.9630742 -0.0076156
vn -0.2483751 0.9681933 0.0301909
vn -0.1623843 0.9848416 0.0609791
vn -0.0289564 0.9967017 0.0758109
vn 0.1135464 0.9911195 0.0692052
vn 0.2216034 0.9741563 0.0437192
vn 0.2691285 0.9630742 0.0076156
vn -0.0000000 1.0000000 -0.0000000
s 1
f 4585/4585/4585 4587/4587/4587 4586/4586/4586
f 4585/4585/4585 4588/4588/4588 4587/4587/4587
f 4585/4585/4585 4589/4589/4589 4588/4588/4588
f 4585/4585/4585 4590/4590/4590 4589/4589/4589
f 4585/4585/4585 4591/4591/4591 4590/4590/4590
f 4585/4585/4585 4592/4592/4592 4591/4591/4591
f 4585/4585/4585 4593/4593/4593 4592/4592/4592
f 4585/4585/4585 4594/4594/4594 4593/4593/4593
f 4585/4585/4585 4595/4595/4595 4594/4594/4594
f 4585/4585/4585 4596/4596/4596 4595/4595/4595
f 4585/4585/4585 4597/4597/4597 4596/4596/4596
f 4585/4585/4585 4598/4598/4598 4597/4597/4597
f 4586/4586/4586 4587/4587/4587 4600/4600/4600
f 4586/4586/4586 4600/4600/4600 4599/4599/4599
f 4587/4587/4587 4588/4588/4588 4601/4601/4601
f 4587/4587/4587 4601/4601/4601 4600/4600/4600
f 4588/4588/4588 4589/4589/4589 4602/4602/4602
f 4588/4588/4588 4602/4602/4602 4601/4601/4601
f 4589/4589/4589 4590/4590/4590 4603/4603/4603
f 4589/4589/4589 4603/4603/4603 4602/4602/4602
f 4590/4590/4590 4591/4591/4591 4604/4604/4604
f 4590/4590/4590 4604/4604/4604 4603/4603/4603
f 4591/4591/4591 4592/4592/4592 4605/4605/4605
f 4591/4591/4591 4605/4605/4605 4604/4604/4604
f 4592/4592/4592 4593/4593/4593 4606/4606/4606
f 4592/4592/4592 4606/4606/4606 4605/4605/4605
f 4593/4593/4593 4594/4594/4594 4607/4607/4607
f 4593/4593/4593 4607/4607/4607 4606/4606/4606
f 4594/4594/4594 4595/4595/4595 4608/4608/4608
f 4594/4594/4594 4608/4608/4608 4607/4607/4607
f 4595/4595/4595 4596/4596/4596 4609/4609/4609
f 4595/4595/4595 4609/4609/4609 4608/4608/4608
f 4596/4596/4596 4597/4597/4597 4610/4610/4610
f 4596/4596/4596 4610/4610/4610 4609/4609/4609
f 4597/4597/4597 4598/4598/4598 4611/4611/4611
f 4597/4597/4597 4611/4611/4611 4610/4610/4610
f 4599/4599/4599 4600/4600/4600 4613/4613/4613
f 4599/4599/4599 4613/4613/4613 4612/4612/4612
f 4600/4600/4600 4601/4601/4601 4614/4614/4614
f 4600/4600/4600 4614/4614/4614 4613/4613/4613
f 4601/4601/4601 4602/4602/4602 4615/4615/4615
f 4601/4601/4601 4615/4615/4615 4614/4614/4614
f 4602/4602/4602 4603/4603/4603 4616/4616/4616
f 4602/4602/4602 4616/4616/4616 4615/4615/4615
f 4603/4603/4603 4604/4604/4604 4617/4617/4617
f 4603/4603/4603 4617/4617/4617 4616/4616/4616
f 4604/4604/4604 4605/4605/4605 4618/4618/4618
f 4604/4604/4604 4618/4618/4618 4617/4617/4617
f 4605/4605/4605 4606/4606/4606 4619/4619/4619
f 4605/4605/4605 4619/4619/4619 4618/4618/4618
f 4606/4606/4606 4607/4607/4607 4620/4620/4620
f 4606/4606/4606 4620/4620/4620 4619/4619/4619
f 4607/4607/4607 4608/4608/4608 4621/4621/4621
f 4607/4607/4607 4621/4621/4621 4620/4620/4620
f 4608/4608/4608 4609/4609/4609 4622/4622/4622
f 4608/4608/4608 4622/4622/4622 4621/4621/4621
f 4609/4609/4609 4610/4610/4610 4623/4623/4623
f 4609/4609/4609 4623/4623/4623 4622/4622/4622
f 4610/4610/4610 4611/4611/4611 4624/4624/4624
f 4610/4610/4610 4624/4624/4624 4623/4623/4623
f 4612/4612/4612 4613/4613/4613 4626/4626/4626
f 4612/4612/4612 4626/4626/4626 4625/4625/4625
f 4613/4613/4613 4614/4614/4614 4627/4627/4627
f 4613/4613/4613 4627/4627/4627 4626/4626/4626
f 4614/4614/4614 4615/4615/4615 4628/4628/4628
f 4614/4614/4614 4628/4628/4628 4627/4627/4627
f 4615/4615/4615 4616/4616/4616 4629/4629/4629
f 4615/4615/4615 4629/4629/4629 4628/4628/4628
f 4616/4616/4616 4617/4617/4617 4630/4630/4630
f 4616/4616/4616 4630/4630/4630 4629/4629/4629
f 4617/4617/4617 4618/4618/4618 4631/4631/4631
f 4617/4617/4617 4631/4631/4631 4630/4630/4630
f 4618/4618/4618 4619/4619/4619 4632/4632/4632
f 4618/4618/4618 4632/4632/4632 4631/4631/4631
f 4619/4619/4619 4620/4620/4620 4633/4633/4633
f 4619/4619/4619 4633/4633/4633 4632/4632/4632
f 4620/4620/4620 4621/4621/4621 4634/4634/4634
f 4620/4620/4620 4634/4634/4634 4633/4633/4633
f 4621/4621/4621 4622/4622/4622 4635/4635/4635
f 4621/4621/4621 4635/4635/4635 4634/4634/4634
f 4622/4622/4622 4623/4623/4623 4636/4636/4636
f 4622/4622/4622 4636/4636/4636 4635/4635/4635
f 4623/4623/4623 4624/4624/4624 4637/4637/4637
f 4623/4623/4623 4637/4637/4637 4636/4636/4636
f 4625/4625/4625 4626/4626/4626 4639/4639/4639
f 4625/4625/4625 4639/4639/4639 4638/4638/4638
f 4626/4626/4626 4627/4627/4627 4640/4640/4640
f 4626/4626/4626 4640/4640/4640 4639/4639/4639
f 4627/4627/4627 4628/4628/4628 4641/4641/4641
f 4627/4627/4627 4641/4641/4641 4640/4640/4640
f 4628/4628/4628 4629/4629/4629 4642/4642/4642
f 4628/4628/4628 4642/4642/4642 4641/4641/4641
f 4629/4629/4629 4630/4630/4630 4643/4643/4643
f 4629/4629/4629 4643/4643/4643 4642/4642/4642
f 4630/4630/4630 4631/4631/4631 4644/4644/4644
f 4630/4630/4630 4644/4644/4644 4643/4643/4643
f 4631/4631/4631 4632/4632/4632 4645/4645/4645
f 4631/4631/4631 4645/4645/4645 4644/4644/4644
f 4632/4632/4632 4633/4633/4633 4646/4646/4646
f 4632/4632/4632 4646/4646/4646 4645/4645/4645
f 4633/4633/4633 4634/4634/4634 4647/4647/4647
f 4633/4633/4633 4647/4647/4647 4646/4646/4646
f 4634/4634/4634 4635/4635/4635 4648/4648/4648
f 4634/4634/4634 4648/4648/4648 4647/4647/4647
f 4635/4635/4635 4636/4636/4636 4649/4649/4649
f 4635/4635/4635 4649/4649/4649 4648/4648/4648
f 4636/4636/4636 4637/4637/4637 4650/4650/4650
f 4636/4636/4636 4650/4650/4650 4649/4649/4649
f 4638/4638/4638 4639/4639/4639 4651/4651/4651
f 4639/4639/4639 4640/4640/4640 4651/4651/4651
f 4640/4640/4640 4641/4641/4641 4651/4651/4651
f 4641/4641/4641 4642/4642/4642 4651/4651/4651
f 4642/4642/4642 4643/4643/4643 4651/4651/4651
f 4643/4643/4643 4644/4644/4644 4651/4651/4651
f 4644/4644/4644 4645/4645/4645 4651/4651/4651
f 4645/4645/4645 4646/4646/4646 4651/4651/4651
f 4646/4646/4646 4647/4647/4647 4651/4651/4651
f 4647/4647/4647 4648/4648/4648 4651/4651/4651
f 4648/4648/4648 4649/4649/4649 4651/4651/4651
f 4649/4649/4649 4650/4650/4650 4651/4651/4651
o Ventral_scale_14
v 11.257395 54.575549 -1.238201
v 12.184601 54.676081 -1.238201
v 12.060379 54.676081 -2.941456
v 11.720998 54.676081 -4.188326
v 11.257395 54.676081 -4.644712
v 10.793791 54.676081 -4.188326
v 10.454410 54.676081 -2.941456
v 10.330188 54.676081 -1.238201
v 10.454410 54.676081 0.465055
v 10.793791 54.676081 1.711925
v 11.257395 54.676081 2.168311
v 11.720998 54.676081 1.711925
v 12.060379 54.676081 0.465055
v 12.184601 54.676081 -1.238201
v 12.863363 54.950739 -1.238201
v 12.648204 54.950739 -4.188326
v 12.060379 54.950739 -6.347968
v 11.257395 54.950739 -7.138452
v 10.454410 54.950739 -6.347968
v 9.866585 54.950739 -4.188326
v 9.651426 54.950739 -1.238201
v 9.866585 54.950739 1.711925
v 10.454410 54.950739 3.871567
v 11.257395 54.950739 4.662051
v 12.060379 54.950739 3.871567
v 12.648204 54.950739 1.711925
v 12.863363 54.950739 -1.238201
v 13.111807 55.325928 -1.238201
v 12.863363 55.325928 -4.644712
v 12.184601 55.325928 -7.138452
v 11.257395 55.325928 -8.051224
v 10.330188 55.325928 -7.138452
v 9.651426 55.325928 -4.644712
v 9.402982 55.325928 -1.238201
v 9.651426 55.325928 2.168311
v 10.330188 55.325928 4.662051
v 11.257395 55.325928 5.574823
v 12.184601 55.325928 4.662051
v 12.863363 55.325928 2.168311
v 13.111807 55.325928 -1.238201
v 12.863363 55.701117 -1.238201
v 12.648204 55.701117 -4.188326
v 12.060379 55.701117 -6.347968
v 11.257395 55.701117 -7.138452
v 10.454410 55.701117 -6.347968
v 9.866585 55.701117 -4.188326
v 9.651426 55.701117 -1.238201
v 9.866585 55.701117 1.711925
v 10.454410 55.701117 3.871567
v 11.257395 55.701117 4.662051
v 12.060379 55.701117 3.871567
v 12.648204 55.701117 1.711925
v 12.863363 55.701117 -1.238201
v 12.184601 55.975775 -1.238201
v 12.060379 55.975775 -2.941456
v 11.720998 55.975775 -4.188326
v 11.257395 55.975775 -4.644712
v 10.793791 55.975775 -4.188326
v 10.454410 55.975775 -2.941456
v 10.330188 55.975775 -1.238201
v 10.454410 55.975775 0.465055
v 10.793791 55.975775 1.711925
v 11.257395 55.975775 2.168311
v 11.720998 55.975775 1.711925
v 12.060379 55.975775 0.465055
v 12.184601 55.975775 -1.238201
v 11.257395 56.076307 -1.238201
vt 0.1855469 0.2807812
vt 0.0362500 0.3254687
vt 0.0611328 0.3254687
vt 0.0860156 0.3254687
vt 0.1108984 0.3254687
vt 0.1357812 0.3254687
vt 0.1606641 0.3254687
vt 0.1855469 0.3254687
vt 0.2104297 0.3254687
vt 0.2353125 0.3254687
vt 0.2601953 0.3254687
vt 0.2850781 0.3254687
vt 0.3099609 0.3254687
vt 0.3348437 0.3254687
vt 0.0362500 0.3014062
vt 0.0611328 0.3014062
vt 0.0860156 0.3014062
vt 0.1108984 0.3014062
vt 0.1357812 0.3014062
vt 0.1606641 0.3014062
vt 0.1855469 0.3014062
vt 0.2104297 0.3014062
vt 0.2353125 0.3014062
vt 0.2601953 0.3014062
vt 0.2850781 0.3014062
vt 0.3099609 0.3014062
vt 0.3348437 0.3014062
vt 0.0362500 0.2773438
vt 0.0611328 0.2773438
vt 0.0860156 0.2773438
vt 0.1108984 0.2773438
vt 0.1357812 0.2773438
vt 0.1606641 0.2773438
vt 0.1855469 0.2773438
vt 0.2104297 0.2773438
vt 0.2353125 0.2773438
vt 0.2601953 0.2773438
vt 0.2850781 0.2773438
vt 0.3099609 0.2773438
vt 0.3348437 0.2773438
vt 0.0362500 0.2532813
vt 0.0611328 0.2532813
vt 0.0860156 0.2532813
vt 0.1108984 0.2532813
vt 0.1357812 0.2532813
vt 0.1606641 0.2532813
vt 0.1855469 0.2532813
vt 0.2104297 0.2532813
vt 0.2353125 0.2532813
vt 0.2601953 0.2532813
vt 0.2850781 0.2532813
vt 0.3099609 0.2532813
vt 0.3348437 0.2532813
vt 0.0362500 0.2292188
vt 0.0611328 0.2292188
vt 0.0860156 0.2292188
vt 0.1108984 0.2292188
vt 0.1357812 0.2292188
vt 0.1606641 0.2292188
vt 0.1855469 0.2292188
vt 0.2104297 0.2292188
vt 0.2353125 0.2292188
vt 0.2601953 0.2292188
vt 0.2850781 0.2292188
vt 0.3099609 0.2292188
vt 0.3348437 0.2292188
vt 0.1855469 0.2807812
vn -0.0000000 -1.0000000 0.0000000
vn 0.2691285 -0.9630742 -0.0076156
vn 0.2216034 -0.9741563 -0.0437192
vn 0.1135464 -0.9911195 -0.0692052
vn -0.0289564 -0.9967017 -0.0758109
vn -0.1623843 -0.9848416 -0.0609791
vn -0.2483751 -0.9681933 -0.0301909
vn -0.2691285 -0.9630742 0.0076156
vn -0.2216034 -0.9741563 0.0437192
vn -0.1135464 -0.9911195 0.0692052
vn 0.0289564 -0.9967017 0.0758109
vn 0.1623843 -0.9848416 0.0609791
vn 0.2483751 -0.9681933 0.0301909
vn 0.2691285 -0.9630742 -0.0076156
vn 0.5982898 -0.8012547 -0.0063360
vn 0.5320926 -0.8417490 -0.0913026
vn 0.3241749 -0.9310405 -0.1675539
vn -0.0284586 -0.9795686 -0.1990867
vn -0.3655537 -0.9173115 -0.1578294
vn -0.5498120 -0.8315624 -0.0788083
vn -0.5982898 -0.8012547 0.0063360
vn -0.5320926 -0.8417490 0.0913026
vn -0.3241749 -0.9310405 0.1675539
vn 0.0284586 -0.9795686 0.1990867
vn 0.3655537 -0.9173115 0.1578294
vn 0.5498120 -0.8315624 0.0788083
vn 0.5982898 -0.8012547 -0.0063360
vn 1.0000000 -0.0000000 0.0000000
vn 0.9878765 -0.0000000 -0.1552417
vn 0.9045214 -0.0000000 -0.4264282
vn 0.0000000 -0.0000000 -1.0000000
vn -0.9045214 0.0000000 -0.4264282
vn -0.9878765 -0.0000000 -0.1552417
vn -1.0000000 0.0000000 -0.0000000
vn -0.9878765 -0.0000000 0.1552417
vn -0.9045214 -0.0000000 0.4264282
vn -0.0000000 -0.0000000 1.0000000
vn 0.9045214 -0.0000000 0.4264282
vn 0.9878765 0.0000000 0.1552417
vn 1.0000000 -0.0000000 0.0000000
vn 0.5982898 0.8012547 0.0063360
vn 0.5498120 0.8315624 -0.0788083
vn 0.3655537 0.9173115 -0.1578294
vn 0.0284586 0.9795686 -0.1990867
vn -0.3241749 0.9310405 -0.1675539
vn -0.5320926 0.8417490 -0.0913026
vn -0.5982898 0.8012547 -0.0063360
vn -0.5498120 0.8315624 0.0788083
vn -0.3655537 0.9173115 0.1578294
vn -0.0284586 0.9795686 0.1990867
vn 0.3241749 0.9310405 0.1675539
vn 0.5320926 0.8417490 0.0913026
vn 0.5982898 0.8012547 0.0063360
vn 0.2691285 0.9630742 0.0076156
vn 0.2483751 0.9681933 -0.0301909
vn 0.1623843 0.9848416 -0.0609791
vn 0.0289564 0.9967017 -0.0758109
vn -0.1135464 0.9911195 -0.0692052
vn -0.2216034 0.9741563 -0.0437192
vn -0.2691285 0.9630742 -0.0076156
vn -0.2483751 0.9681933 0.0301909
vn -0.1623843 0.9848416 0.0609791
vn -0.0289564 0.9967017 0.0758109
vn 0.1135464 0.9911195 0.0692052
vn 0.2216034 0.9741563 0.0437192
vn 0.2691285 0.9630742 0.0076156
vn -0.0000000 1.0000000 0.0000000
s 1
f 4652/4652/4652 4654/4654/4654 4653/4653/4653
f 4652/4652/4652 4655/4655/4655 4654/4654/4654
f 4652/4652/4652 4656/4656/4656 4655/4655/4655
f 4652/4652/4652 4657/4657/4657 4656/4656/4656
f 4652/4652/4652 4658/4658/4658 4657/4657/4657
f 4652/4652/4652 4659/4659/4659 4658/4658/4658
f 4652/4652/4652 4660/4660/4660 4659/4659/4659
f 4652/4652/4652 4661/4661/4661 4660/4660/4660
f 4652/4652/4652 4662/4662/4662 4661/4661/4661
f 4652/4652/4652 4663/4663/4663 4662/4662/4662
f 4652/4652/4652 4664/4664/4664 4663/4663/4663
f 4652/4652/4652 4665/4665/4665 4664/4664/4664
f 4653/4653/4653 4654/4654/4654 4667/4667/4667
f 4653/4653/4653 4667/4667/4667 4666/4666/4666
f 4654/4654/4654 4655/4655/4655 4668/4668/4668
f 4654/4654/4654 4668/4668/4668 4667/4667/4667
f 4655/4655/4655 4656/4656/4656 4669/4669/4669
f 4655/4655/4655 4669/4669/4669 4668/4668/4668
f 4656/4656/4656 4657/4657/4657 4670/4670/4670
f 4656/4656/4656 4670/4670/4670 4669/4669/4669
f 4657/4657/4657 4658/4658/4658 4671/4671/4671
f 4657/4657/4657 4671/4671/4671 4670/4670/4670
f 4658/4658/4658 4659/4659/4659 4672/4672/4672
f 4658/4658/4658 4672/4672/4672 4671/4671/4671
f 4659/4659/4659 4660/4660/4660 4673/4673/4673
f 4659/4659/4659 4673/4673/4673 4672/4672/4672
f 4660/4660/4660 4661/4661/4661 4674/4674/4674
f 4660/4660/4660 4674/4674/4674 4673/4673/4673
f 4661/4661/4661 4662/4662/4662 4675/4675/4675
f 4661/4661/4661 4675/4675/4675 4674/4674/4674
f 4662/4662/4662 4663/4663/4663 4676/4676/4676
f 4662/4662/4662 4676/4676/4676 4675/4675/4675
f 4663/4663/4663 4664/4664/4664 4677/4677/4677
f 4663/4663/4663 4677/4677/4677 4676/4676/4676
f 4664/4664/4664 4665/4665/4665 4678/4678/4678
f 4664/4664/4664 4678/4678/4678 4677/4677/4677
f 4666/4666/4666 4667/4667/4667 4680/4680/4680
f 4666/4666/4666 4680/4680/4680 4679/4679/4679
f 4667/4667/4667 4668/4668/4668 4681/4681/4681
f 4667/4667/4667 4681/4681/4681 4680/4680/4680
f 4668/4668/4668 4669/4669/4669 4682/4682/4682
f 4668/4668/4668 4682/4682/4682 4681/4681/4681
f 4669/4669/4669 4670/4670/4670 4683/4683/4683
f 4669/4669/4669 4683/4683/4683 4682/4682/4682
f 4670/4670/4670 4671/4671/4671 4684/4684/4684
f 4670/4670/4670 4684/4684/4684 4683/4683/4683
f 4671/4671/4671 4672/4672/4672 4685/4685/4685
f 4671/4671/4671 4685/4685/4685 4684/4684/4684
f 4672/4672/4672 4673/4673/4673 4686/4686/4686
f 4672/4672/4672 4686/4686/4686 4685/4685/4685
f 4673/4673/4673 4674/4674/4674 4687/4687/4687
f 4673/4673/4673 4687/4687/4687 4686/4686/4686
f 4674/4674/4674 4675/4675/4675 4688/4688/4688
f 4674/4674/4674 4688/4688/4688 4687/4687/4687
f 4675/4675/4675 4676/4676/4676 4689/4689/4689
f 4675/4675/4675 4689/4689/4689 4688/4688/4688
f 4676/4676/4676 4677/4677/4677 4690/4690/4690
f 4676/4676/4676 4690/4690/4690 4689/4689/4689
f 4677/4677/4677 4678/4678/4678 4691/4691/4691
f 4677/4677/4677 4691/4691/4691 4690/4690/4690
f 4679/4679/4679 4680/4680/4680 4693/4693/4693
f 4679/4679/4679 4693/4693/4693 4692/4692/4692
f 4680/4680/4680 4681/4681/4681 4694/4694/4694
f 4680/4680/4680 4694/4694/4694 4693/4693/4693
f 4681/4681/4681 4682/4682/4682 4695/4695/4695
f 4681/4681/4681 4695/4695/4695 4694/4694/4694
f 4682/4682/4682 4683/4683/4683 4696/4696/4696
f 4682/4682/4682 4696/4696/4696 4695/4695/4695
f 4683/4683/4683 4684/4684/4684 4697/4697/4697
f 4683/4683/4683 4697/4697/4697 4696/4696/4696
f 4684/4684/4684 4685/4685/4685 4698/4698/4698
f 4684/4684/4684 4698/4698/4698 4697/4697/4697
f 4685/4685/4685 4686/4686/4686 4699/4699/4699
f 4685/4685/4685 4699/4699/4699 4698/4698/4698
f 4686/4686/4686 4687/4687/4687 4700/4700/4700
f 4686/4686/4686 4700/4700/4700 4699/4699/4699
f 4687/4687/4687 4688/4688/4688 4701/4701/4701
f 4687/4687/4687 4701/4701/4701 4700/4700/4700
f 4688/4688/4688 4689/4689/4689 4702/4702/4702
f 4688/4688/4688 4702/4702/4702 4701/4701/4701
f 4689/4689/4689 4690/4690/4690 4703/4703/4703
f 4689/4689/4689 4703/4703/4703 4702/4702/4702
f 4690/4690/4690 4691/4691/4691 4704/4704/4704
f 4690/4690/4690 4704/4704/4704 4703/4703/4703
f 4692/4692/4692 4693/4693/4693 4706/4706/4706
f 4692/4692/4692 4706/4706/4706 4705/4705/4705
f 4693/4693/4693 4694/4694/4694 4707/4707/4707
f 4693/4693/4693 4707/4707/4707 4706/4706/4706
f 4694/4694/4694 4695/4695/4695 4708/4708/4708
f 4694/4694/4694 4708/4708/4708 4707/4707/4707
f 4695/4695/4695 4696/4696/4696 4709/4709/4709
f 4695/4695/4695 4709/4709/4709 4708/4708/4708
f 4696/4696/4696 4697/4697/4697 4710/4710/4710
f 4696/4696/4696 4710/4710/4710 4709/4709/4709
f 4697/4697/4697 4698/4698/4698 4711/4711/4711
f 4697/4697/4697 4711/4711/4711 4710/4710/4710
f 4698/4698/4698 4699/4699/4699 4712/4712/4712
f 4698/4698/4698 4712/4712/4712 4711/4711/4711
f 4699/4699/4699 4700/4700/4700 4713/4713/4713
f 4699/4699/4699 4713/4713/4713 4712/4712/4712
f 4700/4700/4700 4701/4701/4701 4714/4714/4714
f 4700/4700/4700 4714/4714/4714 4713/4713/4713
f 4701/4701/4701 4702/4702/4702 4715/4715/4715
f 4701/4701/4701 4715/4715/4715 4714/4714/4714
f 4702/4702/4702 4703/4703/4703 4716/4716/4716
f 4702/4702/4702 4716/4716/4716 4715/4715/4715
f 4703/4703/4703 4704/4704/4704 4717/4717/4717
f 4703/4703/4703 4717/4717/4717 4716/4716/4716
f 4705/4705/4705 4706/4706/4706 4718/4718/4718
f 4706/4706/4706 4707/4707/4707 4718/4718/4718
f 4707/4707/4707 4708/4708/4708 4718/4718/4718
f 4708/4708/4708 4709/4709/4709 4718/4718/4718
f 4709/4709/4709 4710/4710/4710 4718/4718/4718
f 4710/4710/4710 4711/4711/4711 4718/4718/4718
f 4711/4711/4711 4712/4712/4712 4718/4718/4718
f 4712/4712/4712 4713/4713/4713 4718/4718/4718
f 4713/4713/4713 4714/4714/4714 4718/4718/4718
f 4714/4714/4714 4715/4715/4715 4718/4718/4718
f 4715/4715/4715 4716/4716/4716 4718/4718/4718
f 4716/4716/4716 4717/4717/4717 4718/4718/4718
o Ventral_scale_15
v 11.411929 56.743310 -1.238201
v 12.339135 56.843842 -1.238201
v 12.214913 56.843842 -2.941456
v 11.875532 56.843842 -4.188326
v 11.411929 56.843842 -4.644712
v 10.948326 56.843842 -4.188326
v 10.608945 56.843842 -2.941456
v 10.484723 56.843842 -1.238201
v 10.608945 56.843842 0.465055
v 10.948326 56.843842 1.711925
v 11.411929 56.843842 2.168311
v 11.875532 56.843842 1.711925
v 12.214913 56.843842 0.465055
v 12.339135 56.843842 -1.238201
v 13.017897 57.118499 -1.238201
v 12.802738 57.118499 -4.188326
v 12.214913 57.118499 -6.347968
v 11.411929 57.118499 -7.138452
v 10.608945 57.118499 -6.347968
v 10.021119 57.118499 -4.188326
v 9.805961 57.118499 -1.238201
v 10.021119 57.118499 1.711925
v 10.608945 57.118499 3.871567
v 11.411929 57.118499 4.662051
v 12.214913 57.118499 3.871567
v 12.802738 57.118499 1.711925
v 13.017897 57.118499 -1.238201
v 13.266341 57.493689 -1.238201
v 13.017897 57.493689 -4.644712
v 12.339135 57.493689 -7.138452
v 11.411929 57.493689 -8.051224
v 10.484723 57.493689 -7.138452
v 9.805961 57.493689 -4.644712
v 9.557516 57.493689 -1.238201
v 9.805961 57.493689 2.168311
v 10.484723 57.493689 4.662051
v 11.411929 57.493689 5.574823
v 12.339135 57.493689 4.662051
v 13.017897 57.493689 2.168311
v 13.266341 57.493689 -1.238201
v 13.017897 57.868878 -1.238201
v 12.802738 57.868878 -4.188326
v 12.214913 57.868878 -6.347968
v 11.411929 57.868878 -7.138452
v 10.608945 57.868878 -6.347968
v 10.021119 57.868878 -4.188326
v 9.805961 57.868878 -1.238201
v 10.021119 57.868878 1.711925
v 10.608945 57.868878 3.871567
v 11.411929 57.868878 4.662051
v 12.214913 57.868878 3.871567
v 12.802738 57.868878 1.711925
v 13.017897 57.868878 -1.238201
v 12.339135 58.143536 -1.238201
v 12.214913 58.143536 -2.941456
v 11.875532 58.143536 -4.188326
v 11.411929 58.143536 -4.644712
v 10.948326 58.143536 -4.188326
v 10.608945 58.143536 -2.941456
v 10.484723 58.143536 -1.238201
v 10.608945 58.143536 0.465055
v 10.948326 58.143536 1.711925
v 11.411929 58.143536 2.168311
v 11.875532 58.143536 1.711925
v 12.214913 58.143536 0.465055
v 12.339135 58.143536 -1.238201
v 11.411929 58.244067 -1.238201
vt 0.1855469 0.2807812
vt 0.0362500 0.3254687
vt 0.0611328 0.3254687
vt 0.0860156 0.3254687
vt 0.1108984 0.3254687
vt 0.1357812 0.3254687
vt 0.1606641 0.3254687
vt 0.1855469 0.3254687
vt 0.2104297 0.3254687
vt 0.2353125 0.3254687
vt 0.2601953 0.3254687
vt 0.2850781 0.3254687
vt 0.3099609 0.3254687
vt 0.3348437 0.3254687
vt 0.0362500 0.3014062
vt 0.0611328 0.3014062
vt 0.0860156 0.3014062
vt 0.1108984 0.3014062
vt 0.1357812 0.3014062
vt 0.1606641 0.3014062
vt 0.1855469 0.3014062
vt 0.2104297 0.3014062
vt 0.2353125 0.3014062
vt 0.2601953 0.3014062
vt 0.2850781 0.3014062
vt 0.3099609 0.3014062
vt 0.3348437 0.3014062
vt 0.0362500 0.2773438
vt 0.0611328 0.2773438
vt 0.0860156 0.2773438
vt 0.1108984 0.2773438
vt 0.1357812 0.2773438
vt 0.1606641 0.2773438
vt 0.1855469 0.2773438
vt 0.2104297 0.2773438
vt 0.2353125 0.2773438
vt 0.2601953 0.2773438
vt 0.2850781 0.2773438
vt 0.3099609 0.2773438
vt 0.3348437 0.2773438
vt 0.0362500 0.2532813
vt 0.0611328 0.2532813
vt 0.0860156 0.2532813
vt 0.1108984 0.2532813
vt 0.1357812 0.2532813
vt 0.1606641 0.2532813
vt 0.1855469 0.2532813
vt 0.2104297 0.2532813
vt 0.2353125 0.2532813
vt 0.2601953 0.2532813
vt 0.2850781 0.2532813
vt 0.3099609 0.2532813
vt 0.3348437 0.2532813
vt 0.0362500 0.2292188
vt 0.0611328 0.2292188
vt 0.0860156 0.2292188
vt 0.1108984 0.2292188
vt 0.1357812 0.2292188
vt 0.1606641 0.2292188
vt 0.1855469 0.2292188
vt 0.2104297 0.2292188
vt 0.2353125 0.2292188
vt 0.2601953 0.2292188
vt 0.2850781 0.2292188
vt 0.3099609 0.2292188
vt 0.3348437 0.2292188
vt 0.1855469 0.2807812
vn -0.0000000 -1.0000000 -0.0000000
vn 0.2691285 -0.9630742 -0.0076156
vn 0.2216034 -0.9741563 -0.0437192
vn 0.1135464 -0.9911195 -0.0692052
vn -0.0289564 -0.9967017 -0.0758109
vn -0.1623843 -0.9848416 -0.0609791
vn -0.2483751 -0.9681933 -0.0301909
vn -0.2691285 -0.9630742 0.0076156
vn -0.2216034 -0.9741563 0.0437192
vn -0.1135464 -0.9911195 0.0692052
vn 0.0289564 -0.9967017 0.0758109
vn 0.1623843 -0.9848416 0.0609791
vn 0.2483751 -0.9681933 0.0301909
vn 0.2691285 -0.9630742 -0.0076156
vn 0.5982898 -0.8012547 -0.0063360
vn 0.5320926 -0.8417490 -0.0913026
vn 0.3241749 -0.9310405 -0.1675539
vn -0.0284586 -0.9795686 -0.1990867
vn -0.3655537 -0.9173115 -0.1578294
vn -0.5498120 -0.8315624 -0.0788083
vn -0.5982898 -0.8012547 0.0063360
vn -0.5320926 -0.8417490 0.0913026
vn -0.3241749 -0.9310405 0.1675539
vn 0.0284586 -0.9795686 0.1990867
vn 0.3655537 -0.9173115 0.1578294
vn 0.5498120 -0.8315624 0.0788083
vn 0.5982898 -0.8012547 -0.0063360
vn 1.0000000 0.0000000 0.0000000
vn 0.9878765 -0.0000000 -0.1552417
vn 0.9045214 -0.0000000 -0.4264282
vn 0.0000000 -0.0000000 -1.0000000
vn -0.9045214 0.0000000 -0.4264282
vn -0.9878765 -0.0000000 -0.1552417
vn -1.0000000 -0.0000000 -0.0000000
vn -0.9878765 -0.0000000 0.1552417
vn -0.9045214 -0.0000000 0.4264282
vn -0.0000000 -0.0000000 1.0000000
vn 0.9045214 -0.0000000 0.4264282
vn 0.9878765 -0.0000000 0.1552417
vn 1.0000000 0.0000000 0.0000000
vn 0.5982898 0.8012547 0.0063360
vn 0.5498120 0.8315624 -0.0788083
vn 0.3655537 0.9173115 -0.1578294
vn 0.0284586 0.9795686 -0.1990867
vn -0.3241749 0.9310405 -0.1675539
vn -0.5320926 0.8417490 -0.0913026
vn -0.5982898 0.8012547 -0.0063360
vn -0.5498120 0.8315624 0.0788083
vn -0.3655537 0.9173115 0.1578294
vn -0.0284586 0.9795686 0.1990867
vn 0.3241749 0.9310405 0.1675539
vn 0.5320926 0.8417490 0.0913026
vn 0.5982898 0.8012547 0.0063360
vn 0.2691285 0.9630742 0.0076156
vn 0.2483751 0.9681933 -0.0301909
vn 0.1623843 0.9848416 -0.0609791
vn 0.0289564 0.9967017 -0.0758109
vn -0.1135464 0.9911195 -0.0692052
vn -0.2216034 0.9741563 -0.0437192
vn -0.2691285 0.9630742 -0.0076156
vn -0.2483751 0.9681933 0.0301909
vn -0.1623843 0.9848416 0.0609791
vn -0.0289564 0.9967017 0.0758109
vn 0.1135464 0.9911195 0.0692052
vn 0.2216034 0.9741563 0.0437192
vn 0.2691285 0.9630742 0.0076156
vn -0.0000000 1.0000000 -0.0000000
s 1
f 4719/4719/4719 4721/4721/4721 4720/4720/4720
f 4719/4719/4719 4722/4722/4722 4721/4721/4721
f 4719/4719/4719 4723/4723/4723 4722/4722/4722
f 4719/4719/4719 4724/4724/4724 4723/4723/4723
f 4719/4719/4719 4725/4725/4725 4724/4724/4724
f 4719/4719/4719 4726/4726/4726 4725/4725/4725
f 4719/4719/4719 4727/4727/4727 4726/4726/4726
f 4719/4719/4719 4728/4728/4728 4727/4727/4727
f 4719/4719/4719 4729/4729/4729 4728/4728/4728
f 4719/4719/4719 4730/4730/4730 4729/4729/4729
f 4719/4719/4719 4731/4731/4731 4730/4730/4730
f 4719/4719/4719 4732/4732/4732 4731/4731/4731
f 4720/4720/4720 4721/4721/4721 4734/4734/4734
f 4720/4720/4720 4734/4734/4734 4733/4733/4733
f 4721/4721/4721 4722/4722/4722 4735/4735/4735
f 4721/4721/4721 4735/4735/4735 4734/4734/4734
f 4722/4722/4722 4723/4723/4723 4736/4736/4736
f 4722/4722/4722 4736/4736/4736 4735/4735/4735
f 4723/4723/4723 4724/4724/4724 4737/4737/4737
f 4723/4723/4723 4737/4737/4737 4736/4736/4736
f 4724/4724/4724 4725/4725/4725 4738/4738/4738
f 4724/4724/4724 4738/4738/4738 4737/4737/4737
f 4725/4725/4725 4726/4726/4726 4739/4739/4739
f 4725/4725/4725 4739/4739/4739 4738/4738/4738
f 4726/4726/4726 4727/4727/4727 4740/4740/4740
f 4726/4726/4726 4740/4740/4740 4739/4739/4739
f 4727/4727/4727 4728/4728/4728 4741/4741/4741
f 4727/4727/4727 4741/4741/4741 4740/4740/4740
f 4728/4728/4728 4729/4729/4729 4742/4742/4742
f 4728/4728/4728 4742/4742/4742 4741/4741/4741
f 4729/4729/4729 4730/4730/4730 4743/4743/4743
f 4729/4729/4729 4743/4743/4743 4742/4742/4742
f 4730/4730/4730 4731/4731/4731 4744/4744/4744
f 4730/4730/4730 4744/4744/4744 4743/4743/4743
f 4731/4731/4731 4732/4732/4732 4745/4745/4745
f 4731/4731/4731 4745/4745/4745 4744/4744/4744
f 4733/4733/4733 4734/4734/4734 4747/4747/4747
f 4733/4733/4733 4747/4747/4747 4746/4746/4746
f 4734/4734/4734 4735/4735/4735 4748/4748/4748
f 4734/4734/4734 4748/4748/4748 4747/4747/4747
f 4735/4735/4735 4736/4736/4736 4749/4749/4749
f 4735/4735/4735 4749/4749/4749 4748/4748/4748
f 4736/4736/4736 4737/4737/4737 4750/4750/4750
f 4736/4736/4736 4750/4750/4750 4749/4749/4749
f 4737/4737/4737 4738/4738/4738 4751/4751/4751
f 4737/4737/4737 4751/4751/4751 4750/4750/4750
f 4738/4738/4738 4739/4739/4739 4752/4752/4752
f 4738/4738/4738 4752/4752/4752 4751/4751/4751
f 4739/4739/4739 4740/4740/4740 4753/4753/4753
f 4739/4739/4739 4753/4753/4753 4752/4752/4752
f 4740/4740/4740 4741/4741/4741 4754/4754/4754
f 4740/4740/4740 4754/4754/4754 4753/4753/4753
f 4741/4741/4741 4742/4742/4742 4755/4755/4755
f 4741/4741/4741 4755/4755/4755 4754/4754/4754
f 4742/4742/4742 4743/4743/4743 4756/4756/4756
f 4742/4742/4742 4756/4756/4756 4755/4755/4755
f 4743/4743/4743 4744/4744/4744 4757/4757/4757
f 4743/4743/4743 4757/4757/4757 4756/4756/4756
f 4744/4744/4744 4745/4745/4745 4758/4758/4758
f 4744/4744/4744 4758/4758/4758 4757/4757/4757
f 4746/4746/4746 4747/4747/4747 4760/4760/4760
f 4746/4746/4746 4760/4760/4760 4759/4759/4759
f 4747/4747/4747 4748/4748/4748 4761/4761/4761
f 4747/4747/4747 4761/4761/4761 4760/4760/4760
f 4748/4748/4748 4749/4749/4749 4762/4762/4762
f 4748/4748/4748 4762/4762/4762 4761/4761/4761
f 4749/4749/4749 4750/4750/4750 4763/4763/4763
f 4749/4749/4749 4763/4763/4763 4762/4762/4762
f 4750/4750/4750 4751/4751/4751 4764/4764/4764
f 4750/4750/4750 4764/4764/4764 4763/4763/4763
f 4751/4751/4751 4752/4752/4752 4765/4765/4765
f 4751/4751/4751 4765/4765/4765 4764/4764/4764
f 4752/4752/4752 4753/4753/4753 4766/4766/4766
f 4752/4752/4752 4766/4766/4766 4765/4765/4765
f 4753/4753/4753 4754/4754/4754 4767/4767/4767
f 4753/4753/4753 4767/4767/4767 4766/4766/4766
f 4754/4754/4754 4755/4755/4755 4768/4768/4768
f 4754/4754/4754 4768/4768/4768 4767/4767/4767
f 4755/4755/4755 4756/4756/4756 4769/4769/4769
f 4755/4755/4755 4769/4769/4769 4768/4768/4768
f 4756/4756/4756 4757/4757/4757 4770/4770/4770
f 4756/4756/4756 4770/4770/4770 4769/4769/4769
f 4757/4757/4757 4758/4758/4758 4771/4771/4771
f 4757/4757/4757 4771/4771/4771 4770/4770/4770
f 4759/4759/4759 4760/4760/4760 4773/4773/4773
f 4759/4759/4759 4773/4773/4773 4772/4772/4772
f 4760/4760/4760 4761/4761/4761 4774/4774/4774
f 4760/4760/4760 4774/4774/4774 4773/4773/4773
f 4761/4761/4761 4762/4762/4762 4775/4775/4775
f 4761/4761/4761 4775/4775/4775 4774/4774/4774
f 4762/4762/4762 4763/4763/4763 4776/4776/4776
f 4762/4762/4762 4776/4776/4776 4775/4775/4775
f 4763/4763/4763 4764/4764/4764 4777/4777/4777
f 4763/4763/4763 4777/4777/4777 4776/4776/4776
f 4764/4764/4764 4765/4765/4765 4778/4778/4778
f 4764/4764/4764 4778/4778/4778 4777/4777/4777
f 4765/4765/4765 4766/4766/4766 4779/4779/4779
f 4765/4765/4765 4779/4779/4779 4778/4778/4778
f 4766/4766/4766 4767/4767/4767 4780/4780/4780
f 4766/4766/4766 4780/4780/4780 4779/4779/4779
f 4767/4767/4767 4768/4768/4768 4781/4781/4781
f 4767/4767/4767 4781/4781/4781 4780/4780/4780
f 4768/4768/4768 4769/4769/4769 4782/4782/4782
f 4768/4768/4768 4782/4782/4782 4781/4781/4781
f 4769/4769/4769 4770/4770/4770 4783/4783/4783
f 4769/4769/4769 4783/4783/4783 4782/4782/4782
f 4770/4770/4770 4771/4771/4771 4784/4784/4784
f 4770/4770/4770 4784/4784/4784 4783/4783/4783
f 4772/4772/4772 4773/4773/4773 4785/4785/4785
f 4773/4773/4773 4774/4774/4774 4785/4785/4785
f 4774/4774/4774 4775/4775/4775 4785/4785/4785
f 4775/4775/4775 4776/4776/4776 4785/4785/4785
f 4776/4776/4776 4777/4777/4777 4785/4785/4785
f 4777/4777/4777 4778/4778/4778 4785/4785/4785
f 4778/4778/4778 4779/4779/4779 4785/4785/4785
f 4779/4779/4779 4780/4780/4780 4785/4785/4785
f 4780/4780/4780 4781/4781/4781 4785/4785/4785
f 4781/4781/4781 4782/4782/4782 4785/4785/4785
f 4782/4782/4782 4783/4783/4783 4785/4785/4785
f 4783/4783/4783 4784/4784/4784 4785/4785/4785
