# Project Broom original creature MK_SENTINEL; CC-BY-SA-4.0
# OBJ axes X=forward Y=up Z=-BlenderY; one diffuse skin via MODELDEF
o Leg_-1
v 3.310435 23.140367 3.697301
v 2.702166 23.153824 4.977746
v 1.073887 23.076534 6.004584
v -1.251902 22.923806 6.574436
v -3.814550 22.725889 6.574436
v -6.106494 22.521984 6.004584
v -7.673785 22.352475 4.977746
v -8.206003 22.250937 3.697301
v -7.597735 22.237481 2.416855
v -5.969456 22.314770 1.390018
v -3.643667 22.467498 0.820166
v -1.081018 22.665415 0.820166
v 1.210926 22.869320 1.390018
v 2.778217 23.038829 2.416855
v 3.310435 23.140367 3.697301
v 4.278533 21.497702 3.863077
v 3.682406 21.510510 5.118553
v 2.087167 21.432879 6.125525
v -0.191228 21.280185 6.684548
v -2.701514 21.082672 6.684902
v -4.946498 20.879460 6.126516
v -6.481534 20.710796 5.119986
v -7.002588 20.610087 3.864667
v -6.406461 20.597280 2.609190
v -4.811222 20.674911 1.602219
v -2.532827 20.827604 1.043196
v -0.022542 21.025117 1.042842
v 2.222442 21.228330 1.601228
v 3.757478 21.396994 2.607758
v 4.278533 21.497702 3.863077
v 5.748305 19.099510 4.108213
v 5.167732 19.113696 5.328508
v 3.611673 19.046518 6.306580
v 1.388326 18.911282 6.848709
v -1.061950 18.734773 6.847522
v -3.253846 18.551951 6.303252
v -4.753230 18.399026 5.323699
v -5.263133 18.306287 4.102875
v -4.682560 18.292101 2.882581
v -3.126501 18.359279 1.904509
v -0.903154 18.494515 1.362379
v 1.547122 18.671024 1.363567
v 3.739018 18.853846 1.907837
v 5.238402 19.006771 2.887390
v 5.748305 19.099510 4.108213
v 7.094716 16.302927 4.371426
v 6.533099 16.322374 5.546240
v 5.020546 16.285237 6.485861
v 2.856635 16.198871 7.004187
v 0.469956 16.080381 6.998555
v -1.666779 15.953238 6.470081
v -3.130365 15.842622 5.523437
v -3.630920 15.770442 4.346116
v -3.069303 15.750995 3.171302
v -1.556749 15.788133 2.231681
v 0.607161 15.874499 1.713355
v 2.993840 15.992988 1.718987
v 5.130575 16.120132 2.247461
v 6.594161 16.230748 3.194105
v 7.094716 16.302927 4.371426
v 7.635731 13.488408 4.585962
v 7.099727 13.517617 5.705214
v 5.647095 13.533290 6.597644
v 3.565546 13.532322 7.086494
v 1.267358 13.514907 7.074942
v -0.792285 13.484492 6.565275
v -2.205446 13.447102 5.658440
v -2.692232 13.410143 4.534047
v -2.156227 13.380934 3.414794
v -0.703595 13.365261 2.522365
v 1.377953 13.366228 2.033514
v 3.676141 13.383644 2.045067
v 5.735785 13.414059 2.554733
v 7.148946 13.451449 3.461568
v 7.635731 13.488408 4.585962
v 6.860890 10.597800 4.728150
v 6.363933 10.634276 5.770902
v 5.016152 10.693718 6.600710
v 3.084492 10.764352 7.053221
v 0.951541 10.832189 7.038808
v -0.960242 10.883791 6.560326
v -2.272207 10.908940 5.712546
v -2.724501 10.902653 4.663379
v -2.227544 10.866177 3.620627
v -0.879763 10.806735 2.790819
v 1.051897 10.736100 2.338308
v 3.184847 10.668264 2.352721
v 5.096631 10.616661 2.831203
v 6.408595 10.591513 3.678983
v 6.860890 10.597800 4.728150
v 5.267795 7.607827 4.830924
v 4.817210 7.644990 5.779907
v 3.597586 7.718381 6.534568
v 1.850484 7.813463 6.945436
v -0.078061 7.911404 6.931134
v -1.806076 7.992806 6.494495
v -2.991307 8.041546 5.722001
v -3.399005 8.047970 4.766652
v -2.948419 8.010807 3.817669
v -1.728795 7.937416 3.063008
v 0.018307 7.842334 2.652140
v 1.946852 7.744393 2.666442
v 3.674867 7.662991 3.103081
v 4.860098 7.614251 3.875576
v 5.267795 7.607827 4.830924
v 3.565947 4.974339 4.904595
v 3.157942 5.009039 5.764895
v 2.054525 5.080476 6.448911
v 0.474240 5.174500 6.821166
v -1.269917 5.272490 6.807929
v -2.832495 5.355037 6.411823
v -3.904006 5.405791 5.711301
v -4.272225 5.414701 4.845110
v -3.864220 5.380001 3.984810
v -2.760803 5.308564 3.300794
v -1.180518 5.214539 2.928539
v 0.563639 5.116550 2.941776
v 2.126217 5.034003 3.337882
v 3.197729 4.983249 4.038404
v 3.565947 4.974339 4.904595
v 2.424447 3.161943 4.957238
v 2.045363 3.193973 5.756361
v 1.019950 3.259345 6.391762
v -0.448697 3.345113 6.737589
v -2.069695 3.434289 6.725349
v -3.521984 3.509210 6.357466
v -4.517921 3.555037 5.706802
v -4.860248 3.562694 4.902231
v -4.481164 3.530665 4.103107
v -3.455751 3.465292 3.467707
v -1.987104 3.379525 3.121879
v -0.366107 3.290349 3.134120
v 1.086182 3.215428 3.502003
v 2.082119 3.169601 4.152666
v 2.424447 3.161943 4.957238
v -2.447784 22.695652 3.697301
v -1.217901 3.362319 4.929734
vt 0.0078125 0.9921875
vt 0.0078125 0.9486607
vt 0.0078125 0.9051339
vt 0.0078125 0.8616071
vt 0.0078125 0.8180804
vt 0.0078125 0.7745536
vt 0.0078125 0.7310268
vt 0.0078125 0.6875000
vt 0.0078125 0.6439732
vt 0.0078125 0.6004464
vt 0.0078125 0.5569196
vt 0.0078125 0.5133929
vt 0.0078125 0.4698661
vt 0.0078125 0.4263393
vt 0.0078125 0.3828125
vt 0.1308594 0.9921875
vt 0.1308594 0.9486607
vt 0.1308594 0.9051339
vt 0.1308594 0.8616071
vt 0.1308594 0.8180804
vt 0.1308594 0.7745536
vt 0.1308594 0.7310268
vt 0.1308594 0.6875000
vt 0.1308594 0.6439732
vt 0.1308594 0.6004464
vt 0.1308594 0.5569196
vt 0.1308594 0.5133929
vt 0.1308594 0.4698661
vt 0.1308594 0.4263393
vt 0.1308594 0.3828125
vt 0.2539062 0.9921875
vt 0.2539062 0.9486607
vt 0.2539062 0.9051339
vt 0.2539062 0.8616071
vt 0.2539062 0.8180804
vt 0.2539062 0.7745536
vt 0.2539062 0.7310268
vt 0.2539062 0.6875000
vt 0.2539062 0.6439732
vt 0.2539062 0.6004464
vt 0.2539062 0.5569196
vt 0.2539062 0.5133929
vt 0.2539062 0.4698661
vt 0.2539062 0.4263393
vt 0.2539062 0.3828125
vt 0.3769531 0.9921875
vt 0.3769531 0.9486607
vt 0.3769531 0.9051339
vt 0.3769531 0.8616071
vt 0.3769531 0.8180804
vt 0.3769531 0.7745536
vt 0.3769531 0.7310268
vt 0.3769531 0.6875000
vt 0.3769531 0.6439732
vt 0.3769531 0.6004464
vt 0.3769531 0.5569196
vt 0.3769531 0.5133929
vt 0.3769531 0.4698661
vt 0.3769531 0.4263393
vt 0.3769531 0.3828125
vt 0.5000000 0.9921875
vt 0.5000000 0.9486607
vt 0.5000000 0.9051339
vt 0.5000000 0.8616071
vt 0.5000000 0.8180804
vt 0.5000000 0.7745536
vt 0.5000000 0.7310268
vt 0.5000000 0.6875000
vt 0.5000000 0.6439732
vt 0.5000000 0.6004464
vt 0.5000000 0.5569196
vt 0.5000000 0.5133929
vt 0.5000000 0.4698661
vt 0.5000000 0.4263393
vt 0.5000000 0.3828125
vt 0.6230469 0.9921875
vt 0.6230469 0.9486607
vt 0.6230469 0.9051339
vt 0.6230469 0.8616071
vt 0.6230469 0.8180804
vt 0.6230469 0.7745536
vt 0.6230469 0.7310268
vt 0.6230469 0.6875000
vt 0.6230469 0.6439732
vt 0.6230469 0.6004464
vt 0.6230469 0.5569196
vt 0.6230469 0.5133929
vt 0.6230469 0.4698661
vt 0.6230469 0.4263393
vt 0.6230469 0.3828125
vt 0.7460938 0.9921875
vt 0.7460938 0.9486607
vt 0.7460938 0.9051339
vt 0.7460938 0.8616071
vt 0.7460938 0.8180804
vt 0.7460938 0.7745536
vt 0.7460938 0.7310268
vt 0.7460938 0.6875000
vt 0.7460938 0.6439732
vt 0.7460938 0.6004464
vt 0.7460938 0.5569196
vt 0.7460938 0.5133929
vt 0.7460938 0.4698661
vt 0.7460938 0.4263393
vt 0.7460938 0.3828125
vt 0.8691406 0.9921875
vt 0.8691406 0.9486607
vt 0.8691406 0.9051339
vt 0.8691406 0.8616071
vt 0.8691406 0.8180804
vt 0.8691406 0.7745536
vt 0.8691406 0.7310268
vt 0.8691406 0.6875000
vt 0.8691406 0.6439732
vt 0.8691406 0.6004464
vt 0.8691406 0.5569196
vt 0.8691406 0.5133929
vt 0.8691406 0.4698661
vt 0.8691406 0.4263393
vt 0.8691406 0.3828125
vt 0.9921875 0.9921875
vt 0.9921875 0.9486607
vt 0.9921875 0.9051339
vt 0.9921875 0.8616071
vt 0.9921875 0.8180804
vt 0.9921875 0.7745536
vt 0.9921875 0.7310268
vt 0.9921875 0.6875000
vt 0.9921875 0.6439732
vt 0.9921875 0.6004464
vt 0.9921875 0.5569196
vt 0.9921875 0.5133929
vt 0.9921875 0.4698661
vt 0.9921875 0.4263393
vt 0.9921875 0.3828125
vt 0.0078125 0.6875000
vt 0.9921875 0.6875000
vn 0.2675343 0.9634349 0.0147836
vn 0.2158365 0.9326944 0.2889563
vn 0.1155248 0.8658538 0.4867764
vn -0.0129953 0.8015829 0.5977424
vn -0.1639099 0.7642057 0.6237973
vn -0.3395473 0.7667843 0.5447472
vn -0.5189112 0.8010376 0.2984457
vn -0.5892984 0.7972888 -0.1306058
vn -0.4685480 0.7202773 -0.5115305
vn -0.2797199 0.6658464 -0.6916685
vn -0.1059301 0.6764487 -0.7288319
vn 0.0436006 0.7412835 -0.6697744
vn 0.1673263 0.8373638 -0.5204074
vn 0.2498177 0.9268534 -0.2802389
vn 0.2675343 0.9634349 0.0147836
vn 0.8549297 0.5181988 0.0237729
vn 0.6289422 0.4392568 0.6414710
vn 0.3377504 0.2796595 0.8987298
vn 0.0992512 0.1322911 0.9862293
vn -0.1213437 -0.0162279 0.9924779
vn -0.3662877 -0.1951740 0.9098024
vn -0.6524238 -0.4275112 0.6257614
vn -0.8006836 -0.5988965 -0.0151249
vn -0.5995351 -0.5150194 -0.6126277
vn -0.3262984 -0.3484149 -0.8787129
vn -0.0934627 -0.1972198 -0.9758940
vn 0.1269787 -0.0507877 -0.9906044
vn 0.3779265 0.1199397 -0.9180338
vn 0.6850301 0.3432574 -0.6425793
vn 0.8549297 0.5181988 0.0237729
vn 0.8786157 0.4774290 0.0098030
vn 0.6469683 0.4101311 0.6428254
vn 0.3466270 0.2627520 0.9004505
vn 0.1048908 0.1272612 0.9863075
vn -0.1165148 -0.0093780 0.9931447
vn -0.3624486 -0.1754984 0.9153313
vn -0.6558106 -0.3968724 0.6421875
vn -0.8205274 -0.5716073 0.0000624
vn -0.6157109 -0.4962178 -0.6121012
vn -0.3345422 -0.3379581 -0.8796964
vn -0.0986054 -0.1966227 -0.9755083
vn 0.1226741 -0.0617869 -0.9905218
vn 0.3746284 0.0944787 -0.9223488
vn 0.6895746 0.3024662 -0.6580282
vn 0.8786157 0.4774290 0.0098030
vn 0.9474310 0.3199126 0.0055147
vn 0.6864736 0.2863727 0.6683896
vn 0.3601635 0.1866503 0.9140262
vn 0.1105109 0.0939039 0.9894288
vn -0.1135036 -0.0023547 0.9935348
vn -0.3642091 -0.1249639 0.9228953
vn -0.6803864 -0.3021930 0.6676479
vn -0.8855023 -0.4645745 0.0074962
vn -0.6547673 -0.4087070 -0.6357975
vn -0.3483710 -0.2837203 -0.8933871
vn -0.1041646 -0.1791057 -0.9783000
vn 0.1197525 -0.0842761 -0.9892203
vn 0.3758983 0.0230475 -0.9263743
vn 0.7132999 0.1717665 -0.6794848
vn 0.9474310 0.3199126 0.0055147
vn 0.9991435 -0.0377411 0.0169677
vn 0.7146315 0.0143225 0.6993545
vn 0.3669481 0.0281656 0.9298149
vn 0.1108903 0.0228462 0.9935700
vn -0.1159500 0.0054334 0.9932402
vn -0.3735181 -0.0285475 0.9271835
vn -0.7212923 -0.0951166 0.6860687
vn -0.9825718 -0.1856172 -0.0099496
vn -0.7017010 -0.1906469 -0.6864907
vn -0.3603285 -0.1598891 -0.9190206
vn -0.1069066 -0.1370573 -0.9847773
vn 0.1188668 -0.1209799 -0.9855123
vn 0.3763984 -0.1071783 -0.9202375
vn 0.7271720 -0.0871684 -0.6808984
vn 0.9991435 -0.0377411 0.0169677
vn 0.9283635 -0.3711139 0.0203883
vn 0.6866944 -0.2532236 0.6814166
vn 0.3599049 -0.1311888 0.9237196
vn 0.1080173 -0.0514323 0.9928177
vn -0.1182567 0.0077174 0.9929531
vn -0.3759724 0.0612099 0.9246070
vn -0.7244681 0.1150012 0.6796474
vn -0.9915880 0.1277748 -0.0206590
vn -0.7110141 0.0478615 -0.7015470
vn -0.3652368 -0.0284400 -0.9304801
vn -0.1099311 -0.0884787 -0.9899933
vn 0.1148864 -0.1479005 -0.9823068
vn 0.3654736 -0.2210012 -0.9042055
vn 0.6901900 -0.3187926 -0.6496222
vn 0.9283635 -0.3711139 0.0203883
vn 0.8633155 -0.5046098 0.0074319
vn 0.6598880 -0.3745698 0.6513412
vn 0.3551328 -0.2095565 0.9110251
vn 0.1085544 -0.0894601 0.9900570
vn -0.1157819 0.0070675 0.9932495
vn -0.3698126 0.1020114 0.9234892
vn -0.7059217 0.2098462 0.6764903
vn -0.9627491 0.2703328 -0.0058567
vn -0.7080107 0.1635238 -0.6870086
vn -0.3700035 0.0382586 -0.9282423
vn -0.1153840 -0.0614469 -0.9914186
vn 0.1080734 -0.1570889 -0.9816533
vn 0.3520248 -0.2701484 -0.8961576
vn 0.6531856 -0.4151882 -0.6332198
vn 0.8633155 -0.5046098 0.0074319
vn 0.8422401 -0.5390445 -0.0079161
vn 0.6544359 -0.4111919 0.6345352
vn 0.3567970 -0.2355045 0.9040097
vn 0.1116600 -0.1037034 0.9883206
vn -0.1118698 0.0038473 0.9937154
vn -0.3637257 0.1107468 0.9248993
vn -0.6939270 0.2337419 0.6810507
vn -0.9506032 0.3101916 0.0116125
vn -0.7107078 0.2004763 -0.6743172
vn -0.3754018 0.0615769 -0.9248144
vn -0.1204983 -0.0499377 -0.9914567
vn 0.1025447 -0.1561772 -0.9823916
vn 0.3437934 -0.2803363 -0.8962241
vn 0.6369732 -0.4376534 -0.6346059
vn 0.8422401 -0.5390445 -0.0079161
vn 0.4312730 -0.9007167 -0.0520872
vn 0.3883349 -0.8501430 0.3556022
vn 0.2518008 -0.7254067 0.6406102
vn 0.0839723 -0.6109268 0.7872211
vn -0.0974390 -0.5412717 0.8351830
vn -0.3058606 -0.5283993 0.7919871
vn -0.5551819 -0.5833528 0.5928512
vn -0.7419549 -0.6623440 0.1039388
vn -0.6248502 -0.6329058 -0.4571570
vn -0.3727161 -0.5744144 -0.7287872
vn -0.1545438 -0.5715528 -0.8058807
vn 0.0301843 -0.6224992 -0.7820381
vn 0.1994753 -0.7169873 -0.6679363
vn 0.3492986 -0.8323361 -0.4303570
vn 0.4312730 -0.9007167 -0.0520872
vn -0.0769169 0.9959288 -0.0470056
vn -0.0550291 -0.9983878 0.0139119
s 1
f 1/1/1 2/2/2 17/17/17
f 1/1/1 17/17/17 16/16/16
f 2/2/2 3/3/3 18/18/18
f 2/2/2 18/18/18 17/17/17
f 3/3/3 4/4/4 19/19/19
f 3/3/3 19/19/19 18/18/18
f 4/4/4 5/5/5 20/20/20
f 4/4/4 20/20/20 19/19/19
f 5/5/5 6/6/6 21/21/21
f 5/5/5 21/21/21 20/20/20
f 6/6/6 7/7/7 22/22/22
f 6/6/6 22/22/22 21/21/21
f 7/7/7 8/8/8 23/23/23
f 7/7/7 23/23/23 22/22/22
f 8/8/8 9/9/9 24/24/24
f 8/8/8 24/24/24 23/23/23
f 9/9/9 10/10/10 25/25/25
f 9/9/9 25/25/25 24/24/24
f 10/10/10 11/11/11 26/26/26
f 10/10/10 26/26/26 25/25/25
f 11/11/11 12/12/12 27/27/27
f 11/11/11 27/27/27 26/26/26
f 12/12/12 13/13/13 28/28/28
f 12/12/12 28/28/28 27/27/27
f 13/13/13 14/14/14 29/29/29
f 13/13/13 29/29/29 28/28/28
f 14/14/14 15/15/15 30/30/30
f 14/14/14 30/30/30 29/29/29
f 16/16/16 17/17/17 32/32/32
f 16/16/16 32/32/32 31/31/31
f 17/17/17 18/18/18 33/33/33
f 17/17/17 33/33/33 32/32/32
f 18/18/18 19/19/19 34/34/34
f 18/18/18 34/34/34 33/33/33
f 19/19/19 20/20/20 35/35/35
f 19/19/19 35/35/35 34/34/34
f 20/20/20 21/21/21 36/36/36
f 20/20/20 36/36/36 35/35/35
f 21/21/21 22/22/22 37/37/37
f 21/21/21 37/37/37 36/36/36
f 22/22/22 23/23/23 38/38/38
f 22/22/22 38/38/38 37/37/37
f 23/23/23 24/24/24 39/39/39
f 23/23/23 39/39/39 38/38/38
f 24/24/24 25/25/25 40/40/40
f 24/24/24 40/40/40 39/39/39
f 25/25/25 26/26/26 41/41/41
f 25/25/25 41/41/41 40/40/40
f 26/26/26 27/27/27 42/42/42
f 26/26/26 42/42/42 41/41/41
f 27/27/27 28/28/28 43/43/43
f 27/27/27 43/43/43 42/42/42
f 28/28/28 29/29/29 44/44/44
f 28/28/28 44/44/44 43/43/43
f 29/29/29 30/30/30 45/45/45
f 29/29/29 45/45/45 44/44/44
f 31/31/31 32/32/32 47/47/47
f 31/31/31 47/47/47 46/46/46
f 32/32/32 33/33/33 48/48/48
f 32/32/32 48/48/48 47/47/47
f 33/33/33 34/34/34 49/49/49
f 33/33/33 49/49/49 48/48/48
f 34/34/34 35/35/35 50/50/50
f 34/34/34 50/50/50 49/49/49
f 35/35/35 36/36/36 51/51/51
f 35/35/35 51/51/51 50/50/50
f 36/36/36 37/37/37 52/52/52
f 36/36/36 52/52/52 51/51/51
f 37/37/37 38/38/38 53/53/53
f 37/37/37 53/53/53 52/52/52
f 38/38/38 39/39/39 54/54/54
f 38/38/38 54/54/54 53/53/53
f 39/39/39 40/40/40 55/55/55
f 39/39/39 55/55/55 54/54/54
f 40/40/40 41/41/41 56/56/56
f 40/40/40 56/56/56 55/55/55
f 41/41/41 42/42/42 57/57/57
f 41/41/41 57/57/57 56/56/56
f 42/42/42 43/43/43 58/58/58
f 42/42/42 58/58/58 57/57/57
f 43/43/43 44/44/44 59/59/59
f 43/43/43 59/59/59 58/58/58
f 44/44/44 45/45/45 60/60/60
f 44/44/44 60/60/60 59/59/59
f 46/46/46 47/47/47 62/62/62
f 46/46/46 62/62/62 61/61/61
f 47/47/47 48/48/48 63/63/63
f 47/47/47 63/63/63 62/62/62
f 48/48/48 49/49/49 64/64/64
f 48/48/48 64/64/64 63/63/63
f 49/49/49 50/50/50 65/65/65
f 49/49/49 65/65/65 64/64/64
f 50/50/50 51/51/51 66/66/66
f 50/50/50 66/66/66 65/65/65
f 51/51/51 52/52/52 67/67/67
f 51/51/51 67/67/67 66/66/66
f 52/52/52 53/53/53 68/68/68
f 52/52/52 68/68/68 67/67/67
f 53/53/53 54/54/54 69/69/69
f 53/53/53 69/69/69 68/68/68
f 54/54/54 55/55/55 70/70/70
f 54/54/54 70/70/70 69/69/69
f 55/55/55 56/56/56 71/71/71
f 55/55/55 71/71/71 70/70/70
f 56/56/56 57/57/57 72/72/72
f 56/56/56 72/72/72 71/71/71
f 57/57/57 58/58/58 73/73/73
f 57/57/57 73/73/73 72/72/72
f 58/58/58 59/59/59 74/74/74
f 58/58/58 74/74/74 73/73/73
f 59/59/59 60/60/60 75/75/75
f 59/59/59 75/75/75 74/74/74
f 61/61/61 62/62/62 77/77/77
f 61/61/61 77/77/77 76/76/76
f 62/62/62 63/63/63 78/78/78
f 62/62/62 78/78/78 77/77/77
f 63/63/63 64/64/64 79/79/79
f 63/63/63 79/79/79 78/78/78
f 64/64/64 65/65/65 80/80/80
f 64/64/64 80/80/80 79/79/79
f 65/65/65 66/66/66 81/81/81
f 65/65/65 81/81/81 80/80/80
f 66/66/66 67/67/67 82/82/82
f 66/66/66 82/82/82 81/81/81
f 67/67/67 68/68/68 83/83/83
f 67/67/67 83/83/83 82/82/82
f 68/68/68 69/69/69 84/84/84
f 68/68/68 84/84/84 83/83/83
f 69/69/69 70/70/70 85/85/85
f 69/69/69 85/85/85 84/84/84
f 70/70/70 71/71/71 86/86/86
f 70/70/70 86/86/86 85/85/85
f 71/71/71 72/72/72 87/87/87
f 71/71/71 87/87/87 86/86/86
f 72/72/72 73/73/73 88/88/88
f 72/72/72 88/88/88 87/87/87
f 73/73/73 74/74/74 89/89/89
f 73/73/73 89/89/89 88/88/88
f 74/74/74 75/75/75 90/90/90
f 74/74/74 90/90/90 89/89/89
f 76/76/76 77/77/77 92/92/92
f 76/76/76 92/92/92 91/91/91
f 77/77/77 78/78/78 93/93/93
f 77/77/77 93/93/93 92/92/92
f 78/78/78 79/79/79 94/94/94
f 78/78/78 94/94/94 93/93/93
f 79/79/79 80/80/80 95/95/95
f 79/79/79 95/95/95 94/94/94
f 80/80/80 81/81/81 96/96/96
f 80/80/80 96/96/96 95/95/95
f 81/81/81 82/82/82 97/97/97
f 81/81/81 97/97/97 96/96/96
f 82/82/82 83/83/83 98/98/98
f 82/82/82 98/98/98 97/97/97
f 83/83/83 84/84/84 99/99/99
f 83/83/83 99/99/99 98/98/98
f 84/84/84 85/85/85 100/100/100
f 84/84/84 100/100/100 99/99/99
f 85/85/85 86/86/86 101/101/101
f 85/85/85 101/101/101 100/100/100
f 86/86/86 87/87/87 102/102/102
f 86/86/86 102/102/102 101/101/101
f 87/87/87 88/88/88 103/103/103
f 87/87/87 103/103/103 102/102/102
f 88/88/88 89/89/89 104/104/104
f 88/88/88 104/104/104 103/103/103
f 89/89/89 90/90/90 105/105/105
f 89/89/89 105/105/105 104/104/104
f 91/91/91 92/92/92 107/107/107
f 91/91/91 107/107/107 106/106/106
f 92/92/92 93/93/93 108/108/108
f 92/92/92 108/108/108 107/107/107
f 93/93/93 94/94/94 109/109/109
f 93/93/93 109/109/109 108/108/108
f 94/94/94 95/95/95 110/110/110
f 94/94/94 110/110/110 109/109/109
f 95/95/95 96/96/96 111/111/111
f 95/95/95 111/111/111 110/110/110
f 96/96/96 97/97/97 112/112/112
f 96/96/96 112/112/112 111/111/111
f 97/97/97 98/98/98 113/113/113
f 97/97/97 113/113/113 112/112/112
f 98/98/98 99/99/99 114/114/114
f 98/98/98 114/114/114 113/113/113
f 99/99/99 100/100/100 115/115/115
f 99/99/99 115/115/115 114/114/114
f 100/100/100 101/101/101 116/116/116
f 100/100/100 116/116/116 115/115/115
f 101/101/101 102/102/102 117/117/117
f 101/101/101 117/117/117 116/116/116
f 102/102/102 103/103/103 118/118/118
f 102/102/102 118/118/118 117/117/117
f 103/103/103 104/104/104 119/119/119
f 103/103/103 119/119/119 118/118/118
f 104/104/104 105/105/105 120/120/120
f 104/104/104 120/120/120 119/119/119
f 106/106/106 107/107/107 122/122/122
f 106/106/106 122/122/122 121/121/121
f 107/107/107 108/108/108 123/123/123
f 107/107/107 123/123/123 122/122/122
f 108/108/108 109/109/109 124/124/124
f 108/108/108 124/124/124 123/123/123
f 109/109/109 110/110/110 125/125/125
f 109/109/109 125/125/125 124/124/124
f 110/110/110 111/111/111 126/126/126
f 110/110/110 126/126/126 125/125/125
f 111/111/111 112/112/112 127/127/127
f 111/111/111 127/127/127 126/126/126
f 112/112/112 113/113/113 128/128/128
f 112/112/112 128/128/128 127/127/127
f 113/113/113 114/114/114 129/129/129
f 113/113/113 129/129/129 128/128/128
f 114/114/114 115/115/115 130/130/130
f 114/114/114 130/130/130 129/129/129
f 115/115/115 116/116/116 131/131/131
f 115/115/115 131/131/131 130/130/130
f 116/116/116 117/117/117 132/132/132
f 116/116/116 132/132/132 131/131/131
f 117/117/117 118/118/118 133/133/133
f 117/117/117 133/133/133 132/132/132
f 118/118/118 119/119/119 134/134/134
f 118/118/118 134/134/134 133/133/133
f 119/119/119 120/120/120 135/135/135
f 119/119/119 135/135/135 134/134/134
f 136/136/136 2/2/2 1/1/1
f 136/136/136 3/3/3 2/2/2
f 136/136/136 4/4/4 3/3/3
f 136/136/136 5/5/5 4/4/4
f 136/136/136 6/6/6 5/5/5
f 136/136/136 7/7/7 6/6/6
f 136/136/136 8/8/8 7/7/7
f 136/136/136 9/9/9 8/8/8
f 136/136/136 10/10/10 9/9/9
f 136/136/136 11/11/11 10/10/10
f 136/136/136 12/12/12 11/11/11
f 136/136/136 13/13/13 12/12/12
f 136/136/136 14/14/14 13/13/13
f 136/136/136 15/15/15 14/14/14
f 137/137/137 121/121/121 122/122/122
f 137/137/137 122/122/122 123/123/123
f 137/137/137 123/123/123 124/124/124
f 137/137/137 124/124/124 125/125/125
f 137/137/137 125/125/125 126/126/126
f 137/137/137 126/126/126 127/127/127
f 137/137/137 127/127/127 128/128/128
f 137/137/137 128/128/128 129/129/129
f 137/137/137 129/129/129 130/130/130
f 137/137/137 130/130/130 131/131/131
f 137/137/137 131/131/131 132/132/132
f 137/137/137 132/132/132 133/133/133
f 137/137/137 133/133/133 134/134/134
f 137/137/137 134/134/134 135/135/135
o Foot_-1
v 4.931517 0.000000 4.929734
v 7.478055 0.057284 4.929734
v 7.353419 0.057284 4.722739
v 6.991710 0.057284 4.536005
v 6.428335 0.057284 4.387812
v 5.718441 0.057284 4.292667
v 4.931517 0.057284 4.259882
v 4.144593 0.057284 4.292667
v 3.434699 0.057284 4.387812
v 2.871324 0.057284 4.536005
v 2.509615 0.057284 4.722739
v 2.384979 0.057284 4.929734
v 2.509615 0.057284 5.136730
v 2.871324 0.057284 5.323464
v 3.434699 0.057284 5.471656
v 4.144593 0.057284 5.566802
v 4.931517 0.057284 5.599587
v 5.718441 0.057284 5.566802
v 6.428335 0.057284 5.471656
v 6.991710 0.057284 5.323464
v 7.353419 0.057284 5.136730
v 7.478055 0.057284 4.929734
v 9.851051 0.225233 4.929734
v 9.610272 0.225233 4.529849
v 8.911504 0.225233 4.169108
v 7.823147 0.225233 3.882822
v 6.451737 0.225233 3.699015
v 4.931517 0.225233 3.635679
v 3.411297 0.225233 3.699015
v 2.039887 0.225233 3.882822
v 0.951530 0.225233 4.169108
v 0.252762 0.225233 4.529849
v 0.011983 0.225233 4.929734
v 0.252762 0.225233 5.329619
v 0.951530 0.225233 5.690361
v 2.039887 0.225233 5.976647
v 3.411297 0.225233 6.160454
v 4.931517 0.225233 6.223790
v 6.451737 0.225233 6.160454
v 7.823147 0.225233 5.976647
v 8.911504 0.225233 5.690361
v 9.610272 0.225233 5.329619
v 9.851051 0.225233 4.929734
v 11.888789 0.492400 4.929734
v 11.548276 0.492400 4.364211
v 10.560068 0.492400 3.854046
v 9.020899 0.492400 3.449176
v 7.081432 0.492400 3.189234
v 4.931517 0.492400 3.099664
v 2.781602 0.492400 3.189234
v 0.842135 0.492400 3.449176
v -0.697034 0.492400 3.854046
v -1.685242 0.492400 4.364211
v -2.025755 0.492400 4.929734
v -1.685242 0.492400 5.495257
v -0.697034 0.492400 6.005423
v 0.842135 0.492400 6.410292
v 2.781602 0.492400 6.670235
v 4.931517 0.492400 6.759805
v 7.081432 0.492400 6.670235
v 9.020899 0.492400 6.410292
v 10.560068 0.492400 6.005423
v 11.548276 0.492400 5.495257
v 11.888789 0.492400 4.929734
v 13.452400 0.840580 4.929734
v 13.035358 0.840580 4.237113
v 11.825056 0.840580 3.612290
v 9.939966 0.840580 3.116428
v 7.564615 0.840580 2.798065
v 4.931517 0.840580 2.688365
v 2.298419 0.840580 2.798065
v -0.076932 0.840580 3.116428
v -1.962022 0.840580 3.612290
v -3.172324 0.840580 4.237113
v -3.589366 0.840580 4.929734
v -3.172324 0.840580 5.622356
v -1.962022 0.840580 6.247178
v -0.076932 0.840580 6.743040
v 2.298419 0.840580 7.061403
v 4.931517 0.840580 7.171104
v 7.564615 0.840580 7.061403
v 9.939966 0.840580 6.743040
v 11.825056 0.840580 6.247178
v 13.035358 0.840580 5.622356
v 13.452400 0.840580 4.929734
v 14.435327 1.246043 4.929734
v 13.970177 1.246043 4.157216
v 12.620261 1.246043 3.460317
v 10.517716 1.246043 2.907254
v 7.868356 1.246043 2.552166
v 4.931517 1.246043 2.429812
v 1.994678 1.246043 2.552166
v -0.654682 1.246043 2.907254
v -2.757227 1.246043 3.460317
v -4.107144 1.246043 4.157216
v -4.572293 1.246043 4.929734
v -4.107144 1.246043 5.702253
v -2.757227 1.246043 6.399152
v -0.654682 1.246043 6.952214
v 1.994678 1.246043 7.307302
v 4.931517 1.246043 7.429657
v 7.868356 1.246043 7.307302
v 10.517716 1.246043 6.952214
v 12.620261 1.246043 6.399152
v 13.970177 1.246043 5.702253
v 14.435327 1.246043 4.929734
v 14.770585 1.681159 4.929734
v 14.289027 1.681159 4.129964
v 12.891490 1.681159 3.408481
v 10.714776 1.681159 2.835909
v 7.971956 1.681159 2.468295
v 4.931517 1.681159 2.341624
v 1.891078 1.681159 2.468295
v -0.851742 1.681159 2.835909
v -3.028456 1.681159 3.408481
v -4.425993 1.681159 4.129964
v -4.907551 1.681159 4.929734
v -4.425993 1.681159 5.729504
v -3.028456 1.681159 6.450988
v -0.851742 1.681159 7.023560
v 1.891078 1.681159 7.391174
v 4.931517 1.681159 7.517845
v 7.971956 1.681159 7.391174
v 10.714776 1.681159 7.023560
v 12.891490 1.681159 6.450988
v 14.289027 1.681159 5.729504
v 14.770585 1.681159 4.929734
v 14.435327 2.116275 4.929734
v 13.970177 2.116275 4.157216
v 12.620261 2.116275 3.460317
v 10.517716 2.116275 2.907254
v 7.868356 2.116275 2.552166
v 4.931517 2.116275 2.429812
v 1.994678 2.116275 2.552166
v -0.654682 2.116275 2.907254
v -2.757227 2.116275 3.460317
v -4.107144 2.116275 4.157216
v -4.572293 2.116275 4.929734
v -4.107144 2.116275 5.702253
v -2.757227 2.116275 6.399152
v -0.654682 2.116275 6.952214
v 1.994678 2.116275 7.307302
v 4.931517 2.116275 7.429657
v 7.868356 2.116275 7.307302
v 10.517716 2.116275 6.952214
v 12.620261 2.116275 6.399152
v 13.970177 2.116275 5.702253
v 14.435327 2.116275 4.929734
v 13.452400 2.521739 4.929734
v 13.035358 2.521739 4.237113
v 11.825056 2.521739 3.612290
v 9.939966 2.521739 3.116428
v 7.564615 2.521739 2.798065
v 4.931517 2.521739 2.688365
v 2.298419 2.521739 2.798065
v -0.076932 2.521739 3.116428
v -1.962022 2.521739 3.612290
v -3.172324 2.521739 4.237113
v -3.589366 2.521739 4.929734
v -3.172324 2.521739 5.622356
v -1.962022 2.521739 6.247178
v -0.076932 2.521739 6.743040
v 2.298419 2.521739 7.061403
v 4.931517 2.521739 7.171104
v 7.564615 2.521739 7.061403
v 9.939966 2.521739 6.743040
v 11.825056 2.521739 6.247178
v 13.035358 2.521739 5.622356
v 13.452400 2.521739 4.929734
v 11.888789 2.869919 4.929734
v 11.548276 2.869919 4.364211
v 10.560068 2.869919 3.854046
v 9.020899 2.869919 3.449176
v 7.081432 2.869919 3.189234
v 4.931517 2.869919 3.099664
v 2.781602 2.869919 3.189234
v 0.842135 2.869919 3.449176
v -0.697034 2.869919 3.854046
v -1.685242 2.869919 4.364211
v -2.025755 2.869919 4.929734
v -1.685242 2.869919 5.495257
v -0.697034 2.869919 6.005423
v 0.842135 2.869919 6.410292
v 2.781602 2.869919 6.670235
v 4.931517 2.869919 6.759805
v 7.081432 2.869919 6.670235
v 9.020899 2.869919 6.410292
v 10.560068 2.869919 6.005423
v 11.548276 2.869919 5.495257
v 11.888789 2.869919 4.929734
v 9.851051 3.137086 4.929734
v 9.610272 3.137086 4.529849
v 8.911504 3.137086 4.169108
v 7.823147 3.137086 3.882822
v 6.451737 3.137086 3.699015
v 4.931517 3.137086 3.635679
v 3.411297 3.137086 3.699015
v 2.039887 3.137086 3.882822
v 0.951530 3.137086 4.169108
v 0.252762 3.137086 4.529849
v 0.011983 3.137086 4.929734
v 0.252762 3.137086 5.329619
v 0.951530 3.137086 5.690361
v 2.039887 3.137086 5.976647
v 3.411297 3.137086 6.160454
v 4.931517 3.137086 6.223790
v 6.451737 3.137086 6.160454
v 7.823147 3.137086 5.976647
v 8.911504 3.137086 5.690361
v 9.610272 3.137086 5.329619
v 9.851051 3.137086 4.929734
v 7.478055 3.305035 4.929734
v 7.353419 3.305035 4.722739
v 6.991710 3.305035 4.536005
v 6.428335 3.305035 4.387812
v 5.718441 3.305035 4.292667
v 4.931517 3.305035 4.259882
v 4.144593 3.305035 4.292667
v 3.434699 3.305035 4.387812
v 2.871324 3.305035 4.536005
v 2.509615 3.305035 4.722739
v 2.384979 3.305035 4.929734
v 2.509615 3.305035 5.136730
v 2.871324 3.305035 5.323464
v 3.434699 3.305035 5.471656
v 4.144593 3.305035 5.566802
v 4.931517 3.305035 5.599587
v 5.718441 3.305035 5.566802
v 6.428335 3.305035 5.471656
v 6.991710 3.305035 5.323464
v 7.353419 3.305035 5.136730
v 7.478055 3.305035 4.929734
v 4.931517 3.362319 4.929734
vt 0.5000000 0.6996875
vt 0.0865625 0.8056375
vt 0.1279062 0.8056375
vt 0.1692500 0.8056375
vt 0.2105938 0.8056375
vt 0.2519375 0.8056375
vt 0.2932813 0.8056375
vt 0.3346250 0.8056375
vt 0.3759688 0.8056375
vt 0.4173125 0.8056375
vt 0.4586563 0.8056375
vt 0.5000000 0.8056375
vt 0.5413438 0.8056375
vt 0.5826875 0.8056375
vt 0.6240313 0.8056375
vt 0.6653750 0.8056375
vt 0.7067187 0.8056375
vt 0.7480625 0.8056375
vt 0.7894062 0.8056375
vt 0.8307500 0.8056375
vt 0.8720937 0.8056375
vt 0.9134375 0.8056375
vt 0.0865625 0.7946797
vt 0.1279062 0.7946797
vt 0.1692500 0.7946797
vt 0.2105938 0.7946797
vt 0.2519375 0.7946797
vt 0.2932813 0.7946797
vt 0.3346250 0.7946797
vt 0.3759688 0.7946797
vt 0.4173125 0.7946797
vt 0.4586563 0.7946797
vt 0.5000000 0.7946797
vt 0.5413438 0.7946797
vt 0.5826875 0.7946797
vt 0.6240313 0.7946797
vt 0.6653750 0.7946797
vt 0.7067187 0.7946797
vt 0.7480625 0.7946797
vt 0.7894062 0.7946797
vt 0.8307500 0.7946797
vt 0.8720937 0.7946797
vt 0.9134375 0.7946797
vt 0.0865625 0.7772483
vt 0.1279062 0.7772483
vt 0.1692500 0.7772483
vt 0.2105938 0.7772483
vt 0.2519375 0.7772483
vt 0.2932813 0.7772483
vt 0.3346250 0.7772483
vt 0.3759688 0.7772483
vt 0.4173125 0.7772483
vt 0.4586563 0.7772483
vt 0.5000000 0.7772483
vt 0.5413438 0.7772483
vt 0.5826875 0.7772483
vt 0.6240313 0.7772483
vt 0.6653750 0.7772483
vt 0.7067187 0.7772483
vt 0.7480625 0.7772483
vt 0.7894062 0.7772483
vt 0.8307500 0.7772483
vt 0.8720937 0.7772483
vt 0.9134375 0.7772483
vt 0.0865625 0.7545312
vt 0.1279062 0.7545312
vt 0.1692500 0.7545312
vt 0.2105938 0.7545312
vt 0.2519375 0.7545312
vt 0.2932813 0.7545312
vt 0.3346250 0.7545312
vt 0.3759688 0.7545312
vt 0.4173125 0.7545312
vt 0.4586563 0.7545312
vt 0.5000000 0.7545312
vt 0.5413438 0.7545312
vt 0.5826875 0.7545312
vt 0.6240313 0.7545312
vt 0.6653750 0.7545312
vt 0.7067187 0.7545312
vt 0.7480625 0.7545312
vt 0.7894062 0.7545312
vt 0.8307500 0.7545312
vt 0.8720937 0.7545312
vt 0.9134375 0.7545312
vt 0.0865625 0.7280767
vt 0.1279062 0.7280767
vt 0.1692500 0.7280767
vt 0.2105938 0.7280767
vt 0.2519375 0.7280767
vt 0.2932813 0.7280767
vt 0.3346250 0.7280767
vt 0.3759688 0.7280767
vt 0.4173125 0.7280767
vt 0.4586563 0.7280767
vt 0.5000000 0.7280767
vt 0.5413438 0.7280767
vt 0.5826875 0.7280767
vt 0.6240313 0.7280767
vt 0.6653750 0.7280767
vt 0.7067187 0.7280767
vt 0.7480625 0.7280767
vt 0.7894062 0.7280767
vt 0.8307500 0.7280767
vt 0.8720937 0.7280767
vt 0.9134375 0.7280767
vt 0.0865625 0.6996875
vt 0.1279062 0.6996875
vt 0.1692500 0.6996875
vt 0.2105938 0.6996875
vt 0.2519375 0.6996875
vt 0.2932813 0.6996875
vt 0.3346250 0.6996875
vt 0.3759688 0.6996875
vt 0.4173125 0.6996875
vt 0.4586563 0.6996875
vt 0.5000000 0.6996875
vt 0.5413438 0.6996875
vt 0.5826875 0.6996875
vt 0.6240313 0.6996875
vt 0.6653750 0.6996875
vt 0.7067187 0.6996875
vt 0.7480625 0.6996875
vt 0.7894062 0.6996875
vt 0.8307500 0.6996875
vt 0.8720937 0.6996875
vt 0.9134375 0.6996875
vt 0.0865625 0.6712983
vt 0.1279062 0.6712983
vt 0.1692500 0.6712983
vt 0.2105938 0.6712983
vt 0.2519375 0.6712983
vt 0.2932813 0.6712983
vt 0.3346250 0.6712983
vt 0.3759688 0.6712983
vt 0.4173125 0.6712983
vt 0.4586563 0.6712983
vt 0.5000000 0.6712983
vt 0.5413438 0.6712983
vt 0.5826875 0.6712983
vt 0.6240313 0.6712983
vt 0.6653750 0.6712983
vt 0.7067187 0.6712983
vt 0.7480625 0.6712983
vt 0.7894062 0.6712983
vt 0.8307500 0.6712983
vt 0.8720937 0.6712983
vt 0.9134375 0.6712983
vt 0.0865625 0.6448438
vt 0.1279062 0.6448438
vt 0.1692500 0.6448438
vt 0.2105938 0.6448438
vt 0.2519375 0.6448438
vt 0.2932813 0.6448438
vt 0.3346250 0.6448438
vt 0.3759688 0.6448438
vt 0.4173125 0.6448438
vt 0.4586563 0.6448438
vt 0.5000000 0.6448438
vt 0.5413438 0.6448438
vt 0.5826875 0.6448438
vt 0.6240313 0.6448438
vt 0.6653750 0.6448438
vt 0.7067187 0.6448438
vt 0.7480625 0.6448438
vt 0.7894062 0.6448438
vt 0.8307500 0.6448438
vt 0.8720937 0.6448438
vt 0.9134375 0.6448438
vt 0.0865625 0.6221267
vt 0.1279062 0.6221267
vt 0.1692500 0.6221267
vt 0.2105938 0.6221267
vt 0.2519375 0.6221267
vt 0.2932813 0.6221267
vt 0.3346250 0.6221267
vt 0.3759688 0.6221267
vt 0.4173125 0.6221267
vt 0.4586563 0.6221267
vt 0.5000000 0.6221267
vt 0.5413438 0.6221267
vt 0.5826875 0.6221267
vt 0.6240313 0.6221267
vt 0.6653750 0.6221267
vt 0.7067187 0.6221267
vt 0.7480625 0.6221267
vt 0.7894062 0.6221267
vt 0.8307500 0.6221267
vt 0.8720937 0.6221267
vt 0.9134375 0.6221267
vt 0.0865625 0.6046953
vt 0.1279062 0.6046953
vt 0.1692500 0.6046953
vt 0.2105938 0.6046953
vt 0.2519375 0.6046953
vt 0.2932813 0.6046953
vt 0.3346250 0.6046953
vt 0.3759688 0.6046953
vt 0.4173125 0.6046953
vt 0.4586563 0.6046953
vt 0.5000000 0.6046953
vt 0.5413438 0.6046953
vt 0.5826875 0.6046953
vt 0.6240313 0.6046953
vt 0.6653750 0.6046953
vt 0.7067187 0.6046953
vt 0.7480625 0.6046953
vt 0.7894062 0.6046953
vt 0.8307500 0.6046953
vt 0.8720937 0.6046953
vt 0.9134375 0.6046953
vt 0.0865625 0.5937375
vt 0.1279062 0.5937375
vt 0.1692500 0.5937375
vt 0.2105938 0.5937375
vt 0.2519375 0.5937375
vt 0.2932813 0.5937375
vt 0.3346250 0.5937375
vt 0.3759688 0.5937375
vt 0.4173125 0.5937375
vt 0.4586563 0.5937375
vt 0.5000000 0.5937375
vt 0.5413438 0.5937375
vt 0.5826875 0.5937375
vt 0.6240313 0.5937375
vt 0.6653750 0.5937375
vt 0.7067187 0.5937375
vt 0.7480625 0.5937375
vt 0.7894062 0.5937375
vt 0.8307500 0.5937375
vt 0.8720937 0.5937375
vt 0.9134375 0.5937375
vt 0.5000000 0.6996875
vn 0.0000000 -1.0000000 -0.0000000
vn 0.0536443 -0.9984685 -0.0135239
vn 0.0497904 -0.9958878 -0.0756857
vn 0.0409865 -0.9906936 -0.1297933
vn 0.0282650 -0.9849360 -0.1705933
vn 0.0129601 -0.9807918 -0.1946264
vn -0.0034908 -0.9797659 -0.2001164
vn -0.0196355 -0.9822230 -0.1866882
vn -0.0340239 -0.9872844 -0.1552798
vn -0.0452448 -0.9930835 -0.1083422
vn -0.0520616 -0.9973862 -0.0501034
vn -0.0536443 -0.9984685 0.0135239
vn -0.0497904 -0.9958878 0.0756857
vn -0.0409865 -0.9906936 0.1297933
vn -0.0282650 -0.9849360 0.1705933
vn -0.0129601 -0.9807918 0.1946264
vn 0.0034908 -0.9797659 0.2001164
vn 0.0196355 -0.9822230 0.1866882
vn 0.0340239 -0.9872844 0.1552798
vn 0.0452448 -0.9930835 0.1083422
vn 0.0520616 -0.9973862 0.0501034
vn 0.0536443 -0.9984685 -0.0135239
vn 0.1026803 -0.9946232 -0.0134718
vn 0.0957773 -0.9865639 -0.1323572
vn 0.0789003 -0.9689936 -0.2341499
vn 0.0548773 -0.9494693 -0.3090251
vn 0.0266666 -0.9352435 -0.3529992
vn -0.0033165 -0.9308709 -0.3653333
vn -0.0330890 -0.9376318 -0.3460517
vn -0.0606084 -0.9535230 -0.2951618
vn -0.0833278 -0.9733037 -0.2138608
vn -0.0982281 -0.9893685 -0.1072439
vn -0.1026803 -0.9946232 0.0134718
vn -0.0957773 -0.9865639 0.1323572
vn -0.0789003 -0.9689936 0.2341499
vn -0.0548773 -0.9494693 0.3090251
vn -0.0266666 -0.9352435 0.3529992
vn 0.0033165 -0.9308709 0.3653333
vn 0.0330890 -0.9376318 0.3460517
vn 0.0606084 -0.9535230 0.2951618
vn 0.0833278 -0.9733037 0.2138608
vn 0.0982281 -0.9893685 0.1072439
vn 0.1026803 -0.9946232 -0.0134718
vn 0.1722095 -0.9849700 -0.0133411
vn 0.1593183 -0.9645177 -0.2105308
vn 0.1282442 -0.9202884 -0.3696250
vn 0.0873443 -0.8744539 -0.4771806
vn 0.0426842 -0.8429080 -0.5363619
vn -0.0029672 -0.8328137 -0.5535454
vn -0.0485668 -0.8458734 -0.5311680
vn -0.0929536 -0.8798322 -0.4661061
vn -0.1329995 -0.9265637 -0.3518391
vn -0.1621870 -0.9689679 -0.1865382
vn -0.1722095 -0.9849700 0.0133411
vn -0.1593183 -0.9645177 0.2105308
vn -0.1282442 -0.9202884 0.3696250
vn -0.0873443 -0.8744539 0.4771806
vn -0.0426842 -0.8429080 0.5363619
vn 0.0029672 -0.8328137 0.5535454
vn 0.0485668 -0.8458734 0.5311680
vn 0.0929536 -0.8798322 0.4661061
vn 0.1329995 -0.9265637 0.3518391
vn 0.1621870 -0.9689679 0.1865382
vn 0.1722095 -0.9849700 -0.0133411
vn 0.2877929 -0.9576048 -0.0129704
vn 0.2583089 -0.9072257 -0.3319909
vn 0.1952595 -0.8100606 -0.5528793
vn 0.1260857 -0.7256014 -0.6764651
vn 0.0603583 -0.6745328 -0.7357733
vn -0.0023465 -0.6586118 -0.7524792
vn -0.0651812 -0.6771464 -0.7329558
vn -0.1312185 -0.7308922 -0.6697598
vn -0.2004625 -0.8174423 -0.5400027
vn -0.2621397 -0.9136147 -0.3107910
vn -0.2877929 -0.9576048 0.0129704
vn -0.2583089 -0.9072257 0.3319909
vn -0.1952595 -0.8100606 0.5528793
vn -0.1260857 -0.7256014 0.6764651
vn -0.0603583 -0.6745328 0.7357733
vn 0.0023465 -0.6586118 0.7524792
vn 0.0651812 -0.6771464 0.7329558
vn 0.1312185 -0.7308922 0.6697598
vn 0.2004625 -0.8174423 0.5400027
vn 0.2621397 -0.9136147 0.3107910
vn 0.2877929 -0.9576048 -0.0129704
vn 0.5423655 -0.8400656 -0.0113784
vn 0.4366183 -0.7123545 -0.5494684
vn 0.2828113 -0.5436320 -0.7902417
vn 0.1664960 -0.4420969 -0.8813793
vn 0.0768834 -0.3920222 -0.9167375
vn -0.0013443 -0.3773123 -0.9260851
vn -0.0797633 -0.3931226 -0.9160199
vn -0.1700254 -0.4446620 -0.8794129
vn -0.2876006 -0.5484229 -0.7851868
vn -0.4422881 -0.7190218 -0.5360866
vn -0.5423655 -0.8400656 0.0113784
vn -0.4366183 -0.7123545 0.5494684
vn -0.2828113 -0.5436320 0.7902417
vn -0.1664960 -0.4420969 0.8813793
vn -0.0768834 -0.3920222 0.9167375
vn 0.0013443 -0.3773123 0.9260851
vn 0.0797633 -0.3931226 0.9160199
vn 0.1700254 -0.4446620 0.8794129
vn 0.2876006 -0.5484229 0.7851868
vn 0.4422881 -0.7190218 0.5360866
vn 0.5423655 -0.8400656 -0.0113784
vn 1.0000000 -0.0000000 0.0000000
vn 0.6292185 -0.0000000 -0.7772284
vn 0.3404248 -0.0000000 -0.9402717
vn 0.1877155 -0.0000000 -0.9822234
vn 0.0851578 -0.0000000 -0.9963675
vn 0.0000000 0.0000000 -1.0000000
vn -0.0851578 0.0000000 -0.9963675
vn -0.1877155 0.0000000 -0.9822234
vn -0.3404248 -0.0000000 -0.9402717
vn -0.6292185 0.0000000 -0.7772284
vn -1.0000000 0.0000000 -0.0000000
vn -0.6292185 0.0000000 0.7772284
vn -0.3404248 -0.0000000 0.9402717
vn -0.1877155 -0.0000000 0.9822234
vn -0.0851578 -0.0000000 0.9963675
vn -0.0000000 -0.0000000 1.0000000
vn 0.0851578 0.0000000 0.9963675
vn 0.1877155 -0.0000000 0.9822234
vn 0.3404248 0.0000000 0.9402717
vn 0.6292185 0.0000000 0.7772284
vn 1.0000000 -0.0000000 0.0000000
vn 0.5423655 0.8400656 0.0113784
vn 0.4422881 0.7190218 -0.5360866
vn 0.2876006 0.5484229 -0.7851868
vn 0.1700254 0.4446620 -0.8794129
vn 0.0797633 0.3931226 -0.9160199
vn 0.0013443 0.3773123 -0.9260851
vn -0.0768834 0.3920222 -0.9167375
vn -0.1664960 0.4420969 -0.8813793
vn -0.2828113 0.5436320 -0.7902417
vn -0.4366183 0.7123545 -0.5494684
vn -0.5423655 0.8400656 -0.0113784
vn -0.4422881 0.7190218 0.5360866
vn -0.2876006 0.5484229 0.7851868
vn -0.1700254 0.4446620 0.8794129
vn -0.0797633 0.3931226 0.9160199
vn -0.0013443 0.3773123 0.9260851
vn 0.0768834 0.3920222 0.9167375
vn 0.1664960 0.4420969 0.8813793
vn 0.2828113 0.5436320 0.7902417
vn 0.4366183 0.7123545 0.5494684
vn 0.5423655 0.8400656 0.0113784
vn 0.2877929 0.9576048 0.0129704
vn 0.2621397 0.9136147 -0.3107910
vn 0.2004625 0.8174423 -0.5400027
vn 0.1312185 0.7308922 -0.6697598
vn 0.0651812 0.6771464 -0.7329558
vn 0.0023465 0.6586118 -0.7524792
vn -0.0603583 0.6745328 -0.7357733
vn -0.1260857 0.7256014 -0.6764651
vn -0.1952595 0.8100606 -0.5528793
vn -0.2583089 0.9072257 -0.3319909
vn -0.2877929 0.9576048 -0.0129704
vn -0.2621397 0.9136147 0.3107910
vn -0.2004625 0.8174423 0.5400027
vn -0.1312185 0.7308922 0.6697598
vn -0.0651812 0.6771464 0.7329558
vn -0.0023465 0.6586118 0.7524792
vn 0.0603583 0.6745328 0.7357733
vn 0.1260857 0.7256014 0.6764651
vn 0.1952595 0.8100606 0.5528793
vn 0.2583089 0.9072257 0.3319909
vn 0.2877929 0.9576048 0.0129704
vn 0.1722095 0.9849700 0.0133411
vn 0.1621870 0.9689679 -0.1865382
vn 0.1329995 0.9265637 -0.3518391
vn 0.0929536 0.8798322 -0.4661061
vn 0.0485668 0.8458734 -0.5311680
vn 0.0029672 0.8328137 -0.5535454
vn -0.0426842 0.8429080 -0.5363619
vn -0.0873443 0.8744539 -0.4771806
vn -0.1282442 0.9202884 -0.3696250
vn -0.1593183 0.9645177 -0.2105308
vn -0.1722095 0.9849700 -0.0133411
vn -0.1621870 0.9689679 0.1865382
vn -0.1329995 0.9265637 0.3518391
vn -0.0929536 0.8798322 0.4661061
vn -0.0485668 0.8458734 0.5311680
vn -0.0029672 0.8328137 0.5535454
vn 0.0426842 0.8429080 0.5363619
vn 0.0873443 0.8744539 0.4771806
vn 0.1282442 0.9202884 0.3696250
vn 0.1593183 0.9645177 0.2105308
vn 0.1722095 0.9849700 0.0133411
vn 0.1026803 0.9946232 0.0134718
vn 0.0982281 0.9893685 -0.1072439
vn 0.0833278 0.9733037 -0.2138608
vn 0.0606084 0.9535230 -0.2951618
vn 0.0330890 0.9376318 -0.3460517
vn 0.0033165 0.9308709 -0.3653333
vn -0.0266666 0.9352435 -0.3529992
vn -0.0548773 0.9494693 -0.3090251
vn -0.0789003 0.9689936 -0.2341499
vn -0.0957773 0.9865639 -0.1323572
vn -0.1026803 0.9946232 -0.0134718
vn -0.0982281 0.9893685 0.1072439
vn -0.0833278 0.9733037 0.2138608
vn -0.0606084 0.9535230 0.2951618
vn -0.0330890 0.9376318 0.3460517
vn -0.0033165 0.9308709 0.3653333
vn 0.0266666 0.9352435 0.3529992
vn 0.0548773 0.9494693 0.3090251
vn 0.0789003 0.9689936 0.2341499
vn 0.0957773 0.9865639 0.1323572
vn 0.1026803 0.9946232 0.0134718
vn 0.0536443 0.9984685 0.0135239
vn 0.0520616 0.9973862 -0.0501034
vn 0.0452448 0.9930835 -0.1083422
vn 0.0340239 0.9872844 -0.1552798
vn 0.0196355 0.9822230 -0.1866882
vn 0.0034908 0.9797659 -0.2001164
vn -0.0129601 0.9807918 -0.1946264
vn -0.0282650 0.9849360 -0.1705933
vn -0.0409865 0.9906936 -0.1297933
vn -0.0497904 0.9958878 -0.0756857
vn -0.0536443 0.9984685 -0.0135239
vn -0.0520616 0.9973862 0.0501034
vn -0.0452448 0.9930835 0.1083422
vn -0.0340239 0.9872844 0.1552798
vn -0.0196355 0.9822230 0.1866882
vn -0.0034908 0.9797659 0.2001164
vn 0.0129601 0.9807918 0.1946264
vn 0.0282650 0.9849360 0.1705933
vn 0.0409865 0.9906936 0.1297933
vn 0.0497904 0.9958878 0.0756857
vn 0.0536443 0.9984685 0.0135239
vn -0.0000000 1.0000000 0.0000000
s 1
f 138/138/138 140/140/140 139/139/139
f 138/138/138 141/141/141 140/140/140
f 138/138/138 142/142/142 141/141/141
f 138/138/138 143/143/143 142/142/142
f 138/138/138 144/144/144 143/143/143
f 138/138/138 145/145/145 144/144/144
f 138/138/138 146/146/146 145/145/145
f 138/138/138 147/147/147 146/146/146
f 138/138/138 148/148/148 147/147/147
f 138/138/138 149/149/149 148/148/148
f 138/138/138 150/150/150 149/149/149
f 138/138/138 151/151/151 150/150/150
f 138/138/138 152/152/152 151/151/151
f 138/138/138 153/153/153 152/152/152
f 138/138/138 154/154/154 153/153/153
f 138/138/138 155/155/155 154/154/154
f 138/138/138 156/156/156 155/155/155
f 138/138/138 157/157/157 156/156/156
f 138/138/138 158/158/158 157/157/157
f 138/138/138 159/159/159 158/158/158
f 139/139/139 140/140/140 161/161/161
f 139/139/139 161/161/161 160/160/160
f 140/140/140 141/141/141 162/162/162
f 140/140/140 162/162/162 161/161/161
f 141/141/141 142/142/142 163/163/163
f 141/141/141 163/163/163 162/162/162
f 142/142/142 143/143/143 164/164/164
f 142/142/142 164/164/164 163/163/163
f 143/143/143 144/144/144 165/165/165
f 143/143/143 165/165/165 164/164/164
f 144/144/144 145/145/145 166/166/166
f 144/144/144 166/166/166 165/165/165
f 145/145/145 146/146/146 167/167/167
f 145/145/145 167/167/167 166/166/166
f 146/146/146 147/147/147 168/168/168
f 146/146/146 168/168/168 167/167/167
f 147/147/147 148/148/148 169/169/169
f 147/147/147 169/169/169 168/168/168
f 148/148/148 149/149/149 170/170/170
f 148/148/148 170/170/170 169/169/169
f 149/149/149 150/150/150 171/171/171
f 149/149/149 171/171/171 170/170/170
f 150/150/150 151/151/151 172/172/172
f 150/150/150 172/172/172 171/171/171
f 151/151/151 152/152/152 173/173/173
f 151/151/151 173/173/173 172/172/172
f 152/152/152 153/153/153 174/174/174
f 152/152/152 174/174/174 173/173/173
f 153/153/153 154/154/154 175/175/175
f 153/153/153 175/175/175 174/174/174
f 154/154/154 155/155/155 176/176/176
f 154/154/154 176/176/176 175/175/175
f 155/155/155 156/156/156 177/177/177
f 155/155/155 177/177/177 176/176/176
f 156/156/156 157/157/157 178/178/178
f 156/156/156 178/178/178 177/177/177
f 157/157/157 158/158/158 179/179/179
f 157/157/157 179/179/179 178/178/178
f 158/158/158 159/159/159 180/180/180
f 158/158/158 180/180/180 179/179/179
f 160/160/160 161/161/161 182/182/182
f 160/160/160 182/182/182 181/181/181
f 161/161/161 162/162/162 183/183/183
f 161/161/161 183/183/183 182/182/182
f 162/162/162 163/163/163 184/184/184
f 162/162/162 184/184/184 183/183/183
f 163/163/163 164/164/164 185/185/185
f 163/163/163 185/185/185 184/184/184
f 164/164/164 165/165/165 186/186/186
f 164/164/164 186/186/186 185/185/185
f 165/165/165 166/166/166 187/187/187
f 165/165/165 187/187/187 186/186/186
f 166/166/166 167/167/167 188/188/188
f 166/166/166 188/188/188 187/187/187
f 167/167/167 168/168/168 189/189/189
f 167/167/167 189/189/189 188/188/188
f 168/168/168 169/169/169 190/190/190
f 168/168/168 190/190/190 189/189/189
f 169/169/169 170/170/170 191/191/191
f 169/169/169 191/191/191 190/190/190
f 170/170/170 171/171/171 192/192/192
f 170/170/170 192/192/192 191/191/191
f 171/171/171 172/172/172 193/193/193
f 171/171/171 193/193/193 192/192/192
f 172/172/172 173/173/173 194/194/194
f 172/172/172 194/194/194 193/193/193
f 173/173/173 174/174/174 195/195/195
f 173/173/173 195/195/195 194/194/194
f 174/174/174 175/175/175 196/196/196
f 174/174/174 196/196/196 195/195/195
f 175/175/175 176/176/176 197/197/197
f 175/175/175 197/197/197 196/196/196
f 176/176/176 177/177/177 198/198/198
f 176/176/176 198/198/198 197/197/197
f 177/177/177 178/178/178 199/199/199
f 177/177/177 199/199/199 198/198/198
f 178/178/178 179/179/179 200/200/200
f 178/178/178 200/200/200 199/199/199
f 179/179/179 180/180/180 201/201/201
f 179/179/179 201/201/201 200/200/200
f 181/181/181 182/182/182 203/203/203
f 181/181/181 203/203/203 202/202/202
f 182/182/182 183/183/183 204/204/204
f 182/182/182 204/204/204 203/203/203
f 183/183/183 184/184/184 205/205/205
f 183/183/183 205/205/205 204/204/204
f 184/184/184 185/185/185 206/206/206
f 184/184/184 206/206/206 205/205/205
f 185/185/185 186/186/186 207/207/207
f 185/185/185 207/207/207 206/206/206
f 186/186/186 187/187/187 208/208/208
f 186/186/186 208/208/208 207/207/207
f 187/187/187 188/188/188 209/209/209
f 187/187/187 209/209/209 208/208/208
f 188/188/188 189/189/189 210/210/210
f 188/188/188 210/210/210 209/209/209
f 189/189/189 190/190/190 211/211/211
f 189/189/189 211/211/211 210/210/210
f 190/190/190 191/191/191 212/212/212
f 190/190/190 212/212/212 211/211/211
f 191/191/191 192/192/192 213/213/213
f 191/191/191 213/213/213 212/212/212
f 192/192/192 193/193/193 214/214/214
f 192/192/192 214/214/214 213/213/213
f 193/193/193 194/194/194 215/215/215
f 193/193/193 215/215/215 214/214/214
f 194/194/194 195/195/195 216/216/216
f 194/194/194 216/216/216 215/215/215
f 195/195/195 196/196/196 217/217/217
f 195/195/195 217/217/217 216/216/216
f 196/196/196 197/197/197 218/218/218
f 196/196/196 218/218/218 217/217/217
f 197/197/197 198/198/198 219/219/219
f 197/197/197 219/219/219 218/218/218
f 198/198/198 199/199/199 220/220/220
f 198/198/198 220/220/220 219/219/219
f 199/199/199 200/200/200 221/221/221
f 199/199/199 221/221/221 220/220/220
f 200/200/200 201/201/201 222/222/222
f 200/200/200 222/222/222 221/221/221
f 202/202/202 203/203/203 224/224/224
f 202/202/202 224/224/224 223/223/223
f 203/203/203 204/204/204 225/225/225
f 203/203/203 225/225/225 224/224/224
f 204/204/204 205/205/205 226/226/226
f 204/204/204 226/226/226 225/225/225
f 205/205/205 206/206/206 227/227/227
f 205/205/205 227/227/227 226/226/226
f 206/206/206 207/207/207 228/228/228
f 206/206/206 228/228/228 227/227/227
f 207/207/207 208/208/208 229/229/229
f 207/207/207 229/229/229 228/228/228
f 208/208/208 209/209/209 230/230/230
f 208/208/208 230/230/230 229/229/229
f 209/209/209 210/210/210 231/231/231
f 209/209/209 231/231/231 230/230/230
f 210/210/210 211/211/211 232/232/232
f 210/210/210 232/232/232 231/231/231
f 211/211/211 212/212/212 233/233/233
f 211/211/211 233/233/233 232/232/232
f 212/212/212 213/213/213 234/234/234
f 212/212/212 234/234/234 233/233/233
f 213/213/213 214/214/214 235/235/235
f 213/213/213 235/235/235 234/234/234
f 214/214/214 215/215/215 236/236/236
f 214/214/214 236/236/236 235/235/235
f 215/215/215 216/216/216 237/237/237
f 215/215/215 237/237/237 236/236/236
f 216/216/216 217/217/217 238/238/238
f 216/216/216 238/238/238 237/237/237
f 217/217/217 218/218/218 239/239/239
f 217/217/217 239/239/239 238/238/238
f 218/218/218 219/219/219 240/240/240
f 218/218/218 240/240/240 239/239/239
f 219/219/219 220/220/220 241/241/241
f 219/219/219 241/241/241 240/240/240
f 220/220/220 221/221/221 242/242/242
f 220/220/220 242/242/242 241/241/241
f 221/221/221 222/222/222 243/243/243
f 221/221/221 243/243/243 242/242/242
f 223/223/223 224/224/224 245/245/245
f 223/223/223 245/245/245 244/244/244
f 224/224/224 225/225/225 246/246/246
f 224/224/224 246/246/246 245/245/245
f 225/225/225 226/226/226 247/247/247
f 225/225/225 247/247/247 246/246/246
f 226/226/226 227/227/227 248/248/248
f 226/226/226 248/248/248 247/247/247
f 227/227/227 228/228/228 249/249/249
f 227/227/227 249/249/249 248/248/248
f 228/228/228 229/229/229 250/250/250
f 228/228/228 250/250/250 249/249/249
f 229/229/229 230/230/230 251/251/251
f 229/229/229 251/251/251 250/250/250
f 230/230/230 231/231/231 252/252/252
f 230/230/230 252/252/252 251/251/251
f 231/231/231 232/232/232 253/253/253
f 231/231/231 253/253/253 252/252/252
f 232/232/232 233/233/233 254/254/254
f 232/232/232 254/254/254 253/253/253
f 233/233/233 234/234/234 255/255/255
f 233/233/233 255/255/255 254/254/254
f 234/234/234 235/235/235 256/256/256
f 234/234/234 256/256/256 255/255/255
f 235/235/235 236/236/236 257/257/257
f 235/235/235 257/257/257 256/256/256
f 236/236/236 237/237/237 258/258/258
f 236/236/236 258/258/258 257/257/257
f 237/237/237 238/238/238 259/259/259
f 237/237/237 259/259/259 258/258/258
f 238/238/238 239/239/239 260/260/260
f 238/238/238 260/260/260 259/259/259
f 239/239/239 240/240/240 261/261/261
f 239/239/239 261/261/261 260/260/260
f 240/240/240 241/241/241 262/262/262
f 240/240/240 262/262/262 261/261/261
f 241/241/241 242/242/242 263/263/263
f 241/241/241 263/263/263 262/262/262
f 242/242/242 243/243/243 264/264/264
f 242/242/242 264/264/264 263/263/263
f 244/244/244 245/245/245 266/266/266
f 244/244/244 266/266/266 265/265/265
f 245/245/245 246/246/246 267/267/267
f 245/245/245 267/267/267 266/266/266
f 246/246/246 247/247/247 268/268/268
f 246/246/246 268/268/268 267/267/267
f 247/247/247 248/248/248 269/269/269
f 247/247/247 269/269/269 268/268/268
f 248/248/248 249/249/249 270/270/270
f 248/248/248 270/270/270 269/269/269
f 249/249/249 250/250/250 271/271/271
f 249/249/249 271/271/271 270/270/270
f 250/250/250 251/251/251 272/272/272
f 250/250/250 272/272/272 271/271/271
f 251/251/251 252/252/252 273/273/273
f 251/251/251 273/273/273 272/272/272
f 252/252/252 253/253/253 274/274/274
f 252/252/252 274/274/274 273/273/273
f 253/253/253 254/254/254 275/275/275
f 253/253/253 275/275/275 274/274/274
f 254/254/254 255/255/255 276/276/276
f 254/254/254 276/276/276 275/275/275
f 255/255/255 256/256/256 277/277/277
f 255/255/255 277/277/277 276/276/276
f 256/256/256 257/257/257 278/278/278
f 256/256/256 278/278/278 277/277/277
f 257/257/257 258/258/258 279/279/279
f 257/257/257 279/279/279 278/278/278
f 258/258/258 259/259/259 280/280/280
f 258/258/258 280/280/280 279/279/279
f 259/259/259 260/260/260 281/281/281
f 259/259/259 281/281/281 280/280/280
f 260/260/260 261/261/261 282/282/282
f 260/260/260 282/282/282 281/281/281
f 261/261/261 262/262/262 283/283/283
f 261/261/261 283/283/283 282/282/282
f 262/262/262 263/263/263 284/284/284
f 262/262/262 284/284/284 283/283/283
f 263/263/263 264/264/264 285/285/285
f 263/263/263 285/285/285 284/284/284
f 265/265/265 266/266/266 287/287/287
f 265/265/265 287/287/287 286/286/286
f 266/266/266 267/267/267 288/288/288
f 266/266/266 288/288/288 287/287/287
f 267/267/267 268/268/268 289/289/289
f 267/267/267 289/289/289 288/288/288
f 268/268/268 269/269/269 290/290/290
f 268/268/268 290/290/290 289/289/289
f 269/269/269 270/270/270 291/291/291
f 269/269/269 291/291/291 290/290/290
f 270/270/270 271/271/271 292/292/292
f 270/270/270 292/292/292 291/291/291
f 271/271/271 272/272/272 293/293/293
f 271/271/271 293/293/293 292/292/292
f 272/272/272 273/273/273 294/294/294
f 272/272/272 294/294/294 293/293/293
f 273/273/273 274/274/274 295/295/295
f 273/273/273 295/295/295 294/294/294
f 274/274/274 275/275/275 296/296/296
f 274/274/274 296/296/296 295/295/295
f 275/275/275 276/276/276 297/297/297
f 275/275/275 297/297/297 296/296/296
f 276/276/276 277/277/277 298/298/298
f 276/276/276 298/298/298 297/297/297
f 277/277/277 278/278/278 299/299/299
f 277/277/277 299/299/299 298/298/298
f 278/278/278 279/279/279 300/300/300
f 278/278/278 300/300/300 299/299/299
f 279/279/279 280/280/280 301/301/301
f 279/279/279 301/301/301 300/300/300
f 280/280/280 281/281/281 302/302/302
f 280/280/280 302/302/302 301/301/301
f 281/281/281 282/282/282 303/303/303
f 281/281/281 303/303/303 302/302/302
f 282/282/282 283/283/283 304/304/304
f 282/282/282 304/304/304 303/303/303
f 283/283/283 284/284/284 305/305/305
f 283/283/283 305/305/305 304/304/304
f 284/284/284 285/285/285 306/306/306
f 284/284/284 306/306/306 305/305/305
f 286/286/286 287/287/287 308/308/308
f 286/286/286 308/308/308 307/307/307
f 287/287/287 288/288/288 309/309/309
f 287/287/287 309/309/309 308/308/308
f 288/288/288 289/289/289 310/310/310
f 288/288/288 310/310/310 309/309/309
f 289/289/289 290/290/290 311/311/311
f 289/289/289 311/311/311 310/310/310
f 290/290/290 291/291/291 312/312/312
f 290/290/290 312/312/312 311/311/311
f 291/291/291 292/292/292 313/313/313
f 291/291/291 313/313/313 312/312/312
f 292/292/292 293/293/293 314/314/314
f 292/292/292 314/314/314 313/313/313
f 293/293/293 294/294/294 315/315/315
f 293/293/293 315/315/315 314/314/314
f 294/294/294 295/295/295 316/316/316
f 294/294/294 316/316/316 315/315/315
f 295/295/295 296/296/296 317/317/317
f 295/295/295 317/317/317 316/316/316
f 296/296/296 297/297/297 318/318/318
f 296/296/296 318/318/318 317/317/317
f 297/297/297 298/298/298 319/319/319
f 297/297/297 319/319/319 318/318/318
f 298/298/298 299/299/299 320/320/320
f 298/298/298 320/320/320 319/319/319
f 299/299/299 300/300/300 321/321/321
f 299/299/299 321/321/321 320/320/320
f 300/300/300 301/301/301 322/322/322
f 300/300/300 322/322/322 321/321/321
f 301/301/301 302/302/302 323/323/323
f 301/301/301 323/323/323 322/322/322
f 302/302/302 303/303/303 324/324/324
f 302/302/302 324/324/324 323/323/323
f 303/303/303 304/304/304 325/325/325
f 303/303/303 325/325/325 324/324/324
f 304/304/304 305/305/305 326/326/326
f 304/304/304 326/326/326 325/325/325
f 305/305/305 306/306/306 327/327/327
f 305/305/305 327/327/327 326/326/326
f 307/307/307 308/308/308 329/329/329
f 307/307/307 329/329/329 328/328/328
f 308/308/308 309/309/309 330/330/330
f 308/308/308 330/330/330 329/329/329
f 309/309/309 310/310/310 331/331/331
f 309/309/309 331/331/331 330/330/330
f 310/310/310 311/311/311 332/332/332
f 310/310/310 332/332/332 331/331/331
f 311/311/311 312/312/312 333/333/333
f 311/311/311 333/333/333 332/332/332
f 312/312/312 313/313/313 334/334/334
f 312/312/312 334/334/334 333/333/333
f 313/313/313 314/314/314 335/335/335
f 313/313/313 335/335/335 334/334/334
f 314/314/314 315/315/315 336/336/336
f 314/314/314 336/336/336 335/335/335
f 315/315/315 316/316/316 337/337/337
f 315/315/315 337/337/337 336/336/336
f 316/316/316 317/317/317 338/338/338
f 316/316/316 338/338/338 337/337/337
f 317/317/317 318/318/318 339/339/339
f 317/317/317 339/339/339 338/338/338
f 318/318/318 319/319/319 340/340/340
f 318/318/318 340/340/340 339/339/339
f 319/319/319 320/320/320 341/341/341
f 319/319/319 341/341/341 340/340/340
f 320/320/320 321/321/321 342/342/342
f 320/320/320 342/342/342 341/341/341
f 321/321/321 322/322/322 343/343/343
f 321/321/321 343/343/343 342/342/342
f 322/322/322 323/323/323 344/344/344
f 322/322/322 344/344/344 343/343/343
f 323/323/323 324/324/324 345/345/345
f 323/323/323 345/345/345 344/344/344
f 324/324/324 325/325/325 346/346/346
f 324/324/324 346/346/346 345/345/345
f 325/325/325 326/326/326 347/347/347
f 325/325/325 347/347/347 346/346/346
f 326/326/326 327/327/327 348/348/348
f 326/326/326 348/348/348 347/347/347
f 328/328/328 329/329/329 350/350/350
f 328/328/328 350/350/350 349/349/349
f 329/329/329 330/330/330 351/351/351
f 329/329/329 351/351/351 350/350/350
f 330/330/330 331/331/331 352/352/352
f 330/330/330 352/352/352 351/351/351
f 331/331/331 332/332/332 353/353/353
f 331/331/331 353/353/353 352/352/352
f 332/332/332 333/333/333 354/354/354
f 332/332/332 354/354/354 353/353/353
f 333/333/333 334/334/334 355/355/355
f 333/333/333 355/355/355 354/354/354
f 334/334/334 335/335/335 356/356/356
f 334/334/334 356/356/356 355/355/355
f 335/335/335 336/336/336 357/357/357
f 335/335/335 357/357/357 356/356/356
f 336/336/336 337/337/337 358/358/358
f 336/336/336 358/358/358 357/357/357
f 337/337/337 338/338/338 359/359/359
f 337/337/337 359/359/359 358/358/358
f 338/338/338 339/339/339 360/360/360
f 338/338/338 360/360/360 359/359/359
f 339/339/339 340/340/340 361/361/361
f 339/339/339 361/361/361 360/360/360
f 340/340/340 341/341/341 362/362/362
f 340/340/340 362/362/362 361/361/361
f 341/341/341 342/342/342 363/363/363
f 341/341/341 363/363/363 362/362/362
f 342/342/342 343/343/343 364/364/364
f 342/342/342 364/364/364 363/363/363
f 343/343/343 344/344/344 365/365/365
f 343/343/343 365/365/365 364/364/364
f 344/344/344 345/345/345 366/366/366
f 344/344/344 366/366/366 365/365/365
f 345/345/345 346/346/346 367/367/367
f 345/345/345 367/367/367 366/366/366
f 346/346/346 347/347/347 368/368/368
f 346/346/346 368/368/368 367/367/367
f 347/347/347 348/348/348 369/369/369
f 347/347/347 369/369/369 368/368/368
f 349/349/349 350/350/350 370/370/370
f 350/350/350 351/351/351 370/370/370
f 351/351/351 352/352/352 370/370/370
f 352/352/352 353/353/353 370/370/370
f 353/353/353 354/354/354 370/370/370
f 354/354/354 355/355/355 370/370/370
f 355/355/355 356/356/356 370/370/370
f 356/356/356 357/357/357 370/370/370
f 357/357/357 358/358/358 370/370/370
f 358/358/358 359/359/359 370/370/370
f 359/359/359 360/360/360 370/370/370
f 360/360/360 361/361/361 370/370/370
f 361/361/361 362/362/362 370/370/370
f 362/362/362 363/363/363 370/370/370
f 363/363/363 364/364/364 370/370/370
f 364/364/364 365/365/365 370/370/370
f 365/365/365 366/366/366 370/370/370
f 366/366/366 367/367/367 370/370/370
f 367/367/367 368/368/368 370/370/370
f 368/368/368 369/369/369 370/370/370
o Leg_1
v 3.310435 23.140367 -3.697301
v 2.778217 23.038829 -2.416855
v 1.210926 22.869320 -1.390018
v -1.081018 22.665415 -0.820166
v -3.643667 22.467498 -0.820166
v -5.969456 22.314770 -1.390018
v -7.597735 22.237481 -2.416855
v -8.206003 22.250937 -3.697301
v -7.673785 22.352475 -4.977746
v -6.106494 22.521984 -6.004584
v -3.814550 22.725889 -6.574436
v -1.251902 22.923806 -6.574436
v 1.073887 23.076534 -6.004584
v 2.702166 23.153824 -4.977746
v 3.310435 23.140367 -3.697301
v 4.278533 21.497702 -3.863077
v 3.757478 21.396994 -2.607758
v 2.222442 21.228330 -1.601228
v -0.022542 21.025117 -1.042842
v -2.532827 20.827604 -1.043196
v -4.811222 20.674911 -1.602219
v -6.406461 20.597280 -2.609190
v -7.002588 20.610087 -3.864667
v -6.481534 20.710796 -5.119986
v -4.946498 20.879460 -6.126516
v -2.701514 21.082672 -6.684902
v -0.191228 21.280185 -6.684548
v 2.087167 21.432879 -6.125525
v 3.682406 21.510510 -5.118553
v 4.278533 21.497702 -3.863077
v 5.748305 19.099510 -4.108213
v 5.238402 19.006771 -2.887390
v 3.739018 18.853846 -1.907837
v 1.547122 18.671024 -1.363567
v -0.903154 18.494515 -1.362379
v -3.126501 18.359279 -1.904509
v -4.682560 18.292101 -2.882581
v -5.263133 18.306287 -4.102875
v -4.753230 18.399026 -5.323699
v -3.253846 18.551951 -6.303252
v -1.061950 18.734773 -6.847522
v 1.388326 18.911282 -6.848709
v 3.611673 19.046518 -6.306580
v 5.167732 19.113696 -5.328508
v 5.748305 19.099510 -4.108213
v 7.094716 16.302927 -4.371426
v 6.594161 16.230748 -3.194105
v 5.130575 16.120132 -2.247461
v 2.993840 15.992988 -1.718987
v 0.607161 15.874499 -1.713355
v -1.556749 15.788133 -2.231681
v -3.069303 15.750995 -3.171302
v -3.630920 15.770442 -4.346116
v -3.130365 15.842622 -5.523437
v -1.666779 15.953238 -6.470081
v 0.469956 16.080381 -6.998555
v 2.856635 16.198871 -7.004187
v 5.020546 16.285237 -6.485861
v 6.533099 16.322374 -5.546240
v 7.094716 16.302927 -4.371426
v 7.635731 13.488408 -4.585962
v 7.148946 13.451449 -3.461568
v 5.735785 13.414059 -2.554733
v 3.676141 13.383644 -2.045067
v 1.377953 13.366228 -2.033514
v -0.703595 13.365261 -2.522365
v -2.156227 13.380934 -3.414794
v -2.692232 13.410143 -4.534047
v -2.205446 13.447102 -5.658440
v -0.792285 13.484492 -6.565275
v 1.267358 13.514907 -7.074942
v 3.565546 13.532322 -7.086494
v 5.647095 13.533290 -6.597644
v 7.099727 13.517617 -5.705214
v 7.635731 13.488408 -4.585962
v 6.860890 10.597800 -4.728150
v 6.408595 10.591513 -3.678983
v 5.096631 10.616661 -2.831203
v 3.184847 10.668264 -2.352721
v 1.051897 10.736100 -2.338308
v -0.879763 10.806735 -2.790819
v -2.227544 10.866177 -3.620627
v -2.724501 10.902653 -4.663379
v -2.272207 10.908940 -5.712546
v -0.960242 10.883791 -6.560326
v 0.951541 10.832189 -7.038808
v 3.084492 10.764352 -7.053221
v 5.016152 10.693718 -6.600710
v 6.363933 10.634276 -5.770902
v 6.860890 10.597800 -4.728150
v 5.267795 7.607827 -4.830924
v 4.860098 7.614251 -3.875576
v 3.674867 7.662991 -3.103081
v 1.946852 7.744393 -2.666442
v 0.018307 7.842334 -2.652140
v -1.728795 7.937416 -3.063008
v -2.948419 8.010807 -3.817669
v -3.399005 8.047970 -4.766652
v -2.991307 8.041546 -5.722001
v -1.806076 7.992806 -6.494495
v -0.078061 7.911404 -6.931134
v 1.850484 7.813463 -6.945436
v 3.597586 7.718381 -6.534568
v 4.817210 7.644990 -5.779907
v 5.267795 7.607827 -4.830924
v 3.565947 4.974339 -4.904595
v 3.197729 4.983249 -4.038404
v 2.126217 5.034003 -3.337882
v 0.563639 5.116550 -2.941776
v -1.180518 5.214539 -2.928539
v -2.760803 5.308564 -3.300794
v -3.864220 5.380001 -3.984810
v -4.272225 5.414701 -4.845110
v -3.904006 5.405791 -5.711301
v -2.832495 5.355037 -6.411823
v -1.269917 5.272490 -6.807929
v 0.474240 5.174500 -6.821166
v 2.054525 5.080476 -6.448911
v 3.157942 5.009039 -5.764895
v 3.565947 4.974339 -4.904595
v 2.424447 3.161943 -4.957238
v 2.082119 3.169601 -4.152666
v 1.086182 3.215428 -3.502003
v -0.366107 3.290349 -3.134120
v -1.987104 3.379525 -3.121879
v -3.455751 3.465292 -3.467707
v -4.481164 3.530665 -4.103107
v -4.860248 3.562694 -4.902231
v -4.517921 3.555037 -5.706802
v -3.521984 3.509210 -6.357466
v -2.069695 3.434289 -6.725349
v -0.448697 3.345113 -6.737589
v 1.019950 3.259345 -6.391762
v 2.045363 3.193973 -5.756361
v 2.424447 3.161943 -4.957238
v -2.447784 22.695652 -3.697301
v -1.217901 3.362319 -4.929734
vt 0.0078125 0.9921875
vt 0.0078125 0.9486607
vt 0.0078125 0.9051339
vt 0.0078125 0.8616071
vt 0.0078125 0.8180804
vt 0.0078125 0.7745536
vt 0.0078125 0.7310268
vt 0.0078125 0.6875000
vt 0.0078125 0.6439732
vt 0.0078125 0.6004464
vt 0.0078125 0.5569196
vt 0.0078125 0.5133929
vt 0.0078125 0.4698661
vt 0.0078125 0.4263393
vt 0.0078125 0.3828125
vt 0.1308594 0.9921875
vt 0.1308594 0.9486607
vt 0.1308594 0.9051339
vt 0.1308594 0.8616071
vt 0.1308594 0.8180804
vt 0.1308594 0.7745536
vt 0.1308594 0.7310268
vt 0.1308594 0.6875000
vt 0.1308594 0.6439732
vt 0.1308594 0.6004464
vt 0.1308594 0.5569196
vt 0.1308594 0.5133929
vt 0.1308594 0.4698661
vt 0.1308594 0.4263393
vt 0.1308594 0.3828125
vt 0.2539062 0.9921875
vt 0.2539062 0.9486607
vt 0.2539062 0.9051339
vt 0.2539062 0.8616071
vt 0.2539062 0.8180804
vt 0.2539062 0.7745536
vt 0.2539062 0.7310268
vt 0.2539062 0.6875000
vt 0.2539062 0.6439732
vt 0.2539062 0.6004464
vt 0.2539062 0.5569196
vt 0.2539062 0.5133929
vt 0.2539062 0.4698661
vt 0.2539062 0.4263393
vt 0.2539062 0.3828125
vt 0.3769531 0.9921875
vt 0.3769531 0.9486607
vt 0.3769531 0.9051339
vt 0.3769531 0.8616071
vt 0.3769531 0.8180804
vt 0.3769531 0.7745536
vt 0.3769531 0.7310268
vt 0.3769531 0.6875000
vt 0.3769531 0.6439732
vt 0.3769531 0.6004464
vt 0.3769531 0.5569196
vt 0.3769531 0.5133929
vt 0.3769531 0.4698661
vt 0.3769531 0.4263393
vt 0.3769531 0.3828125
vt 0.5000000 0.9921875
vt 0.5000000 0.9486607
vt 0.5000000 0.9051339
vt 0.5000000 0.8616071
vt 0.5000000 0.8180804
vt 0.5000000 0.7745536
vt 0.5000000 0.7310268
vt 0.5000000 0.6875000
vt 0.5000000 0.6439732
vt 0.5000000 0.6004464
vt 0.5000000 0.5569196
vt 0.5000000 0.5133929
vt 0.5000000 0.4698661
vt 0.5000000 0.4263393
vt 0.5000000 0.3828125
vt 0.6230469 0.9921875
vt 0.6230469 0.9486607
vt 0.6230469 0.9051339
vt 0.6230469 0.8616071
vt 0.6230469 0.8180804
vt 0.6230469 0.7745536
vt 0.6230469 0.7310268
vt 0.6230469 0.6875000
vt 0.6230469 0.6439732
vt 0.6230469 0.6004464
vt 0.6230469 0.5569196
vt 0.6230469 0.5133929
vt 0.6230469 0.4698661
vt 0.6230469 0.4263393
vt 0.6230469 0.3828125
vt 0.7460938 0.9921875
vt 0.7460938 0.9486607
vt 0.7460938 0.9051339
vt 0.7460938 0.8616071
vt 0.7460938 0.8180804
vt 0.7460938 0.7745536
vt 0.7460938 0.7310268
vt 0.7460938 0.6875000
vt 0.7460938 0.6439732
vt 0.7460938 0.6004464
vt 0.7460938 0.5569196
vt 0.7460938 0.5133929
vt 0.7460938 0.4698661
vt 0.7460938 0.4263393
vt 0.7460938 0.3828125
vt 0.8691406 0.9921875
vt 0.8691406 0.9486607
vt 0.8691406 0.9051339
vt 0.8691406 0.8616071
vt 0.8691406 0.8180804
vt 0.8691406 0.7745536
vt 0.8691406 0.7310268
vt 0.8691406 0.6875000
vt 0.8691406 0.6439732
vt 0.8691406 0.6004464
vt 0.8691406 0.5569196
vt 0.8691406 0.5133929
vt 0.8691406 0.4698661
vt 0.8691406 0.4263393
vt 0.8691406 0.3828125
vt 0.9921875 0.9921875
vt 0.9921875 0.9486607
vt 0.9921875 0.9051339
vt 0.9921875 0.8616071
vt 0.9921875 0.8180804
vt 0.9921875 0.7745536
vt 0.9921875 0.7310268
vt 0.9921875 0.6875000
vt 0.9921875 0.6439732
vt 0.9921875 0.6004464
vt 0.9921875 0.5569196
vt 0.9921875 0.5133929
vt 0.9921875 0.4698661
vt 0.9921875 0.4263393
vt 0.9921875 0.3828125
vt 0.0078125 0.6875000
vt 0.9921875 0.6875000
vn 0.2698130 0.9591135 0.0854530
vn 0.2284857 0.9006746 0.3695668
vn 0.1295687 0.8035864 0.5809137
vn -0.0037110 0.7145631 0.6995612
vn -0.1611938 0.6657132 0.7285894
vn -0.3428633 0.6768208 0.6514279
vn -0.5242010 0.7484881 0.4061759
vn -0.5878054 0.8086705 -0.0231704
vn -0.4630062 0.7890039 -0.4038542
vn -0.2782132 0.7613844 -0.5855692
vn -0.1108657 0.7729155 -0.6247483
vn 0.0323684 0.8211321 -0.5698196
vn 0.1528318 0.8896230 -0.4303641
vn 0.2397720 0.9491211 -0.2041533
vn 0.2698130 0.9591135 0.0854530
vn 0.8570225 0.5149177 0.0192920
vn 0.6681669 0.3294387 0.6671006
vn 0.3630304 0.1087633 0.9254077
vn 0.1150816 -0.0596292 0.9915647
vn -0.1046754 -0.2054185 0.9730603
vn -0.3388686 -0.3571049 0.8704276
vn -0.6133156 -0.5231673 0.5917262
vn -0.8024695 -0.5963129 -0.0212999
vn -0.6386956 -0.4146899 -0.6481513
vn -0.3528295 -0.1840358 -0.9174106
vn -0.1096946 -0.0072039 -0.9939392
vn 0.1110557 0.1407040 -0.9838034
vn 0.3519850 0.2886659 -0.8903811
vn 0.6458530 0.4479455 -0.6182384
vn 0.8570225 0.5149177 0.0192920
vn 0.8786903 0.4773919 0.0005367
vn 0.6845858 0.3030255 0.6629614
vn 0.3710246 0.0969263 0.9235508
vn 0.1202911 -0.0587338 0.9909997
vn -0.1005035 -0.1937845 0.9758825
vn -0.3363953 -0.3358818 0.8797850
vn -0.6174727 -0.4954183 0.6109732
vn -0.8202785 -0.5719569 -0.0029122
vn -0.6534928 -0.3984506 -0.6435715
vn -0.3602236 -0.1782366 -0.9156805
vn -0.1143465 -0.0124775 -0.9933626
vn 0.1074926 0.1244438 -0.9863869
vn 0.3502891 0.2609351 -0.8995612
vn 0.6517124 0.4100061 -0.6380956
vn 0.8786903 0.4773919 0.0005367
vn 0.9461995 0.3230252 -0.0190070
vn 0.7178804 0.1835905 0.6715223
vn 0.3805949 0.0359624 0.9240423
vn 0.1241895 -0.0721781 0.9896299
vn -0.0992693 -0.1681502 0.9807503
vn -0.3419532 -0.2740240 0.8988764
vn -0.6463102 -0.4016359 0.6488234
vn -0.8838065 -0.4675767 0.0160644
vn -0.6879439 -0.3142456 -0.6542041
vn -0.3705020 -0.1375962 -0.9185835
vn -0.1181537 -0.0145617 -0.9928885
vn 0.1065495 0.0822213 -0.9909020
vn 0.3560877 0.1761797 -0.9176940
vn 0.6817327 0.2794641 -0.6761216
vn 0.9461995 0.3230252 -0.0190070
vn 0.9990170 -0.0327636 -0.0298585
vn 0.7335219 -0.0714209 0.6759029
vn 0.3809416 -0.0894146 0.9202655
vn 0.1220742 -0.1039179 0.9870658
vn -0.1041692 -0.1216513 0.9870915
vn -0.3573397 -0.1470318 0.9223286
vn -0.6978415 -0.1827888 0.6925355
vn -0.9816703 -0.1894619 0.0206780
vn -0.7249615 -0.1089402 -0.6801198
vn -0.3768225 -0.0449643 -0.9251935
vn -0.1188601 -0.0115594 -0.9928437
vn 0.1077855 0.0062006 -0.9941548
vn 0.3628423 0.0133610 -0.9317548
vn 0.7088422 0.0052768 -0.7053474
vn 0.9990170 -0.0327636 -0.0298585
vn 0.9289829 -0.3683940 -0.0357310
vn 0.6983769 -0.3129313 0.6436954
vn 0.3710286 -0.2128691 0.9038941
vn 0.1184709 -0.1393304 0.9831336
vn -0.1071820 -0.0804725 0.9909774
vn -0.3625789 -0.0217759 0.9316986
vn -0.7080780 0.0516480 0.7042429
vn -0.9917131 0.1257406 0.0263517
vn -0.7280334 0.1082762 -0.6769370
vn -0.3792079 0.0528850 -0.9237990
vn -0.1214072 -0.0009732 -0.9926023
vn 0.1042198 -0.0596787 -0.9927621
vn 0.3544242 -0.1376812 -0.9248932
vn 0.6791919 -0.2554518 -0.6880718
vn 0.9289829 -0.3683940 -0.0357310
vn 0.8632779 -0.5024149 -0.0482747
vn 0.6704796 -0.4202487 0.6114312
vn 0.3663876 -0.2730126 0.8895079
vn 0.1195611 -0.1581852 0.9801442
vn -0.1041418 -0.0622490 0.9926125
vn -0.3562311 0.0363333 0.9336912
vn -0.6903447 0.1590241 0.7057872
vn -0.9623118 0.2680517 0.0458730
vn -0.7238825 0.2118920 -0.6565790
vn -0.3839745 0.1029714 -0.9175840
vn -0.1272650 0.0076014 -0.9918396
vn 0.0969503 -0.0880649 -0.9913855
vn 0.3408036 -0.2056288 -0.9173711
vn 0.6427628 -0.3669206 -0.6724769
vn 0.8632779 -0.5024149 -0.0482747
vn 0.8414692 -0.5366294 -0.0629168
vn 0.6647530 -0.4528665 0.5941510
vn 0.3682209 -0.2937577 0.8821110
vn 0.1229349 -0.1668257 0.9782925
vn -0.0999371 -0.0598370 0.9931929
vn -0.3498560 0.0503279 0.9354506
vn -0.6780747 0.1867193 0.7108801
vn -0.9493314 0.3075915 0.0644774
vn -0.7263996 0.2453568 -0.6419841
vn -0.3895772 0.1215142 -0.9129424
vn -0.1326204 0.0137002 -0.9910722
vn 0.0911735 -0.0928486 -0.9914971
vn 0.3323083 -0.2213712 -0.9168239
vn 0.6262189 -0.3935934 -0.6730037
vn 0.8414692 -0.5366294 -0.0629168
vn 0.4309216 -0.8969162 -0.0992362
vn 0.3900434 -0.8670906 0.3098709
vn 0.2562752 -0.7579075 0.5999160
vn 0.0915726 -0.6517903 0.7528505
vn -0.0862696 -0.5841497 0.8070481
vn -0.2900601 -0.5666721 0.7711989
vn -0.5357479 -0.6078194 0.5861141
vn -0.7367457 -0.6659544 0.1170919
vn -0.6426748 -0.6155815 -0.4561016
vn -0.3903266 -0.5398079 -0.7458234
vn -0.1672204 -0.5294396 -0.8317037
vn 0.0213936 -0.5802229 -0.8141767
vn 0.1939077 -0.6807293 -0.7064045
vn 0.3466667 -0.8090623 -0.4745950
vn 0.4309216 -0.8969162 -0.0992362
vn -0.0769169 0.9959288 0.0470056
vn -0.0550291 -0.9983878 -0.0139119
s 1
f 371/371/371 372/372/372 387/387/387
f 371/371/371 387/387/387 386/386/386
f 372/372/372 373/373/373 388/388/388
f 372/372/372 388/388/388 387/387/387
f 373/373/373 374/374/374 389/389/389
f 373/373/373 389/389/389 388/388/388
f 374/374/374 375/375/375 390/390/390
f 374/374/374 390/390/390 389/389/389
f 375/375/375 376/376/376 391/391/391
f 375/375/375 391/391/391 390/390/390
f 376/376/376 377/377/377 392/392/392
f 376/376/376 392/392/392 391/391/391
f 377/377/377 378/378/378 393/393/393
f 377/377/377 393/393/393 392/392/392
f 378/378/378 379/379/379 394/394/394
f 378/378/378 394/394/394 393/393/393
f 379/379/379 380/380/380 395/395/395
f 379/379/379 395/395/395 394/394/394
f 380/380/380 381/381/381 396/396/396
f 380/380/380 396/396/396 395/395/395
f 381/381/381 382/382/382 397/397/397
f 381/381/381 397/397/397 396/396/396
f 382/382/382 383/383/383 398/398/398
f 382/382/382 398/398/398 397/397/397
f 383/383/383 384/384/384 399/399/399
f 383/383/383 399/399/399 398/398/398
f 384/384/384 385/385/385 400/400/400
f 384/384/384 400/400/400 399/399/399
f 386/386/386 387/387/387 402/402/402
f 386/386/386 402/402/402 401/401/401
f 387/387/387 388/388/388 403/403/403
f 387/387/387 403/403/403 402/402/402
f 388/388/388 389/389/389 404/404/404
f 388/388/388 404/404/404 403/403/403
f 389/389/389 390/390/390 405/405/405
f 389/389/389 405/405/405 404/404/404
f 390/390/390 391/391/391 406/406/406
f 390/390/390 406/406/406 405/405/405
f 391/391/391 392/392/392 407/407/407
f 391/391/391 407/407/407 406/406/406
f 392/392/392 393/393/393 408/408/408
f 392/392/392 408/408/408 407/407/407
f 393/393/393 394/394/394 409/409/409
f 393/393/393 409/409/409 408/408/408
f 394/394/394 395/395/395 410/410/410
f 394/394/394 410/410/410 409/409/409
f 395/395/395 396/396/396 411/411/411
f 395/395/395 411/411/411 410/410/410
f 396/396/396 397/397/397 412/412/412
f 396/396/396 412/412/412 411/411/411
f 397/397/397 398/398/398 413/413/413
f 397/397/397 413/413/413 412/412/412
f 398/398/398 399/399/399 414/414/414
f 398/398/398 414/414/414 413/413/413
f 399/399/399 400/400/400 415/415/415
f 399/399/399 415/415/415 414/414/414
f 401/401/401 402/402/402 417/417/417
f 401/401/401 417/417/417 416/416/416
f 402/402/402 403/403/403 418/418/418
f 402/402/402 418/418/418 417/417/417
f 403/403/403 404/404/404 419/419/419
f 403/403/403 419/419/419 418/418/418
f 404/404/404 405/405/405 420/420/420
f 404/404/404 420/420/420 419/419/419
f 405/405/405 406/406/406 421/421/421
f 405/405/405 421/421/421 420/420/420
f 406/406/406 407/407/407 422/422/422
f 406/406/406 422/422/422 421/421/421
f 407/407/407 408/408/408 423/423/423
f 407/407/407 423/423/423 422/422/422
f 408/408/408 409/409/409 424/424/424
f 408/408/408 424/424/424 423/423/423
f 409/409/409 410/410/410 425/425/425
f 409/409/409 425/425/425 424/424/424
f 410/410/410 411/411/411 426/426/426
f 410/410/410 426/426/426 425/425/425
f 411/411/411 412/412/412 427/427/427
f 411/411/411 427/427/427 426/426/426
f 412/412/412 413/413/413 428/428/428
f 412/412/412 428/428/428 427/427/427
f 413/413/413 414/414/414 429/429/429
f 413/413/413 429/429/429 428/428/428
f 414/414/414 415/415/415 430/430/430
f 414/414/414 430/430/430 429/429/429
f 416/416/416 417/417/417 432/432/432
f 416/416/416 432/432/432 431/431/431
f 417/417/417 418/418/418 433/433/433
f 417/417/417 433/433/433 432/432/432
f 418/418/418 419/419/419 434/434/434
f 418/418/418 434/434/434 433/433/433
f 419/419/419 420/420/420 435/435/435
f 419/419/419 435/435/435 434/434/434
f 420/420/420 421/421/421 436/436/436
f 420/420/420 436/436/436 435/435/435
f 421/421/421 422/422/422 437/437/437
f 421/421/421 437/437/437 436/436/436
f 422/422/422 423/423/423 438/438/438
f 422/422/422 438/438/438 437/437/437
f 423/423/423 424/424/424 439/439/439
f 423/423/423 439/439/439 438/438/438
f 424/424/424 425/425/425 440/440/440
f 424/424/424 440/440/440 439/439/439
f 425/425/425 426/426/426 441/441/441
f 425/425/425 441/441/441 440/440/440
f 426/426/426 427/427/427 442/442/442
f 426/426/426 442/442/442 441/441/441
f 427/427/427 428/428/428 443/443/443
f 427/427/427 443/443/443 442/442/442
f 428/428/428 429/429/429 444/444/444
f 428/428/428 444/444/444 443/443/443
f 429/429/429 430/430/430 445/445/445
f 429/429/429 445/445/445 444/444/444
f 431/431/431 432/432/432 447/447/447
f 431/431/431 447/447/447 446/446/446
f 432/432/432 433/433/433 448/448/448
f 432/432/432 448/448/448 447/447/447
f 433/433/433 434/434/434 449/449/449
f 433/433/433 449/449/449 448/448/448
f 434/434/434 435/435/435 450/450/450
f 434/434/434 450/450/450 449/449/449
f 435/435/435 436/436/436 451/451/451
f 435/435/435 451/451/451 450/450/450
f 436/436/436 437/437/437 452/452/452
f 436/436/436 452/452/452 451/451/451
f 437/437/437 438/438/438 453/453/453
f 437/437/437 453/453/453 452/452/452
f 438/438/438 439/439/439 454/454/454
f 438/438/438 454/454/454 453/453/453
f 439/439/439 440/440/440 455/455/455
f 439/439/439 455/455/455 454/454/454
f 440/440/440 441/441/441 456/456/456
f 440/440/440 456/456/456 455/455/455
f 441/441/441 442/442/442 457/457/457
f 441/441/441 457/457/457 456/456/456
f 442/442/442 443/443/443 458/458/458
f 442/442/442 458/458/458 457/457/457
f 443/443/443 444/444/444 459/459/459
f 443/443/443 459/459/459 458/458/458
f 444/444/444 445/445/445 460/460/460
f 444/444/444 460/460/460 459/459/459
f 446/446/446 447/447/447 462/462/462
f 446/446/446 462/462/462 461/461/461
f 447/447/447 448/448/448 463/463/463
f 447/447/447 463/463/463 462/462/462
f 448/448/448 449/449/449 464/464/464
f 448/448/448 464/464/464 463/463/463
f 449/449/449 450/450/450 465/465/465
f 449/449/449 465/465/465 464/464/464
f 450/450/450 451/451/451 466/466/466
f 450/450/450 466/466/466 465/465/465
f 451/451/451 452/452/452 467/467/467
f 451/451/451 467/467/467 466/466/466
f 452/452/452 453/453/453 468/468/468
f 452/452/452 468/468/468 467/467/467
f 453/453/453 454/454/454 469/469/469
f 453/453/453 469/469/469 468/468/468
f 454/454/454 455/455/455 470/470/470
f 454/454/454 470/470/470 469/469/469
f 455/455/455 456/456/456 471/471/471
f 455/455/455 471/471/471 470/470/470
f 456/456/456 457/457/457 472/472/472
f 456/456/456 472/472/472 471/471/471
f 457/457/457 458/458/458 473/473/473
f 457/457/457 473/473/473 472/472/472
f 458/458/458 459/459/459 474/474/474
f 458/458/458 474/474/474 473/473/473
f 459/459/459 460/460/460 475/475/475
f 459/459/459 475/475/475 474/474/474
f 461/461/461 462/462/462 477/477/477
f 461/461/461 477/477/477 476/476/476
f 462/462/462 463/463/463 478/478/478
f 462/462/462 478/478/478 477/477/477
f 463/463/463 464/464/464 479/479/479
f 463/463/463 479/479/479 478/478/478
f 464/464/464 465/465/465 480/480/480
f 464/464/464 480/480/480 479/479/479
f 465/465/465 466/466/466 481/481/481
f 465/465/465 481/481/481 480/480/480
f 466/466/466 467/467/467 482/482/482
f 466/466/466 482/482/482 481/481/481
f 467/467/467 468/468/468 483/483/483
f 467/467/467 483/483/483 482/482/482
f 468/468/468 469/469/469 484/484/484
f 468/468/468 484/484/484 483/483/483
f 469/469/469 470/470/470 485/485/485
f 469/469/469 485/485/485 484/484/484
f 470/470/470 471/471/471 486/486/486
f 470/470/470 486/486/486 485/485/485
f 471/471/471 472/472/472 487/487/487
f 471/471/471 487/487/487 486/486/486
f 472/472/472 473/473/473 488/488/488
f 472/472/472 488/488/488 487/487/487
f 473/473/473 474/474/474 489/489/489
f 473/473/473 489/489/489 488/488/488
f 474/474/474 475/475/475 490/490/490
f 474/474/474 490/490/490 489/489/489
f 476/476/476 477/477/477 492/492/492
f 476/476/476 492/492/492 491/491/491
f 477/477/477 478/478/478 493/493/493
f 477/477/477 493/493/493 492/492/492
f 478/478/478 479/479/479 494/494/494
f 478/478/478 494/494/494 493/493/493
f 479/479/479 480/480/480 495/495/495
f 479/479/479 495/495/495 494/494/494
f 480/480/480 481/481/481 496/496/496
f 480/480/480 496/496/496 495/495/495
f 481/481/481 482/482/482 497/497/497
f 481/481/481 497/497/497 496/496/496
f 482/482/482 483/483/483 498/498/498
f 482/482/482 498/498/498 497/497/497
f 483/483/483 484/484/484 499/499/499
f 483/483/483 499/499/499 498/498/498
f 484/484/484 485/485/485 500/500/500
f 484/484/484 500/500/500 499/499/499
f 485/485/485 486/486/486 501/501/501
f 485/485/485 501/501/501 500/500/500
f 486/486/486 487/487/487 502/502/502
f 486/486/486 502/502/502 501/501/501
f 487/487/487 488/488/488 503/503/503
f 487/487/487 503/503/503 502/502/502
f 488/488/488 489/489/489 504/504/504
f 488/488/488 504/504/504 503/503/503
f 489/489/489 490/490/490 505/505/505
f 489/489/489 505/505/505 504/504/504
f 506/506/506 372/372/372 371/371/371
f 506/506/506 373/373/373 372/372/372
f 506/506/506 374/374/374 373/373/373
f 506/506/506 375/375/375 374/374/374
f 506/506/506 376/376/376 375/375/375
f 506/506/506 377/377/377 376/376/376
f 506/506/506 378/378/378 377/377/377
f 506/506/506 379/379/379 378/378/378
f 506/506/506 380/380/380 379/379/379
f 506/506/506 381/381/381 380/380/380
f 506/506/506 382/382/382 381/381/381
f 506/506/506 383/383/383 382/382/382
f 506/506/506 384/384/384 383/383/383
f 506/506/506 385/385/385 384/384/384
f 507/507/507 491/491/491 492/492/492
f 507/507/507 492/492/492 493/493/493
f 507/507/507 493/493/493 494/494/494
f 507/507/507 494/494/494 495/495/495
f 507/507/507 495/495/495 496/496/496
f 507/507/507 496/496/496 497/497/497
f 507/507/507 497/497/497 498/498/498
f 507/507/507 498/498/498 499/499/499
f 507/507/507 499/499/499 500/500/500
f 507/507/507 500/500/500 501/501/501
f 507/507/507 501/501/501 502/502/502
f 507/507/507 502/502/502 503/503/503
f 507/507/507 503/503/503 504/504/504
f 507/507/507 504/504/504 505/505/505
o Foot_1
v 4.931517 0.000000 -4.929734
v 7.478055 0.057284 -4.929734
v 7.353419 0.057284 -5.136730
v 6.991710 0.057284 -5.323464
v 6.428335 0.057284 -5.471656
v 5.718441 0.057284 -5.566802
v 4.931517 0.057284 -5.599587
v 4.144593 0.057284 -5.566802
v 3.434699 0.057284 -5.471656
v 2.871324 0.057284 -5.323464
v 2.509615 0.057284 -5.136730
v 2.384979 0.057284 -4.929734
v 2.509615 0.057284 -4.722739
v 2.871324 0.057284 -4.536005
v 3.434699 0.057284 -4.387812
v 4.144593 0.057284 -4.292667
v 4.931517 0.057284 -4.259882
v 5.718441 0.057284 -4.292667
v 6.428335 0.057284 -4.387812
v 6.991710 0.057284 -4.536005
v 7.353419 0.057284 -4.722739
v 7.478055 0.057284 -4.929734
v 9.851051 0.225233 -4.929734
v 9.610272 0.225233 -5.329619
v 8.911504 0.225233 -5.690361
v 7.823147 0.225233 -5.976647
v 6.451737 0.225233 -6.160454
v 4.931517 0.225233 -6.223790
v 3.411297 0.225233 -6.160454
v 2.039887 0.225233 -5.976647
v 0.951530 0.225233 -5.690361
v 0.252762 0.225233 -5.329619
v 0.011983 0.225233 -4.929734
v 0.252762 0.225233 -4.529849
v 0.951530 0.225233 -4.169108
v 2.039887 0.225233 -3.882822
v 3.411297 0.225233 -3.699015
v 4.931517 0.225233 -3.635679
v 6.451737 0.225233 -3.699015
v 7.823147 0.225233 -3.882822
v 8.911504 0.225233 -4.169108
v 9.610272 0.225233 -4.529849
v 9.851051 0.225233 -4.929734
v 11.888789 0.492400 -4.929734
v 11.548276 0.492400 -5.495257
v 10.560068 0.492400 -6.005423
v 9.020899 0.492400 -6.410292
v 7.081432 0.492400 -6.670235
v 4.931517 0.492400 -6.759805
v 2.781602 0.492400 -6.670235
v 0.842135 0.492400 -6.410292
v -0.697034 0.492400 -6.005423
v -1.685242 0.492400 -5.495257
v -2.025755 0.492400 -4.929734
v -1.685242 0.492400 -4.364211
v -0.697034 0.492400 -3.854046
v 0.842135 0.492400 -3.449176
v 2.781602 0.492400 -3.189234
v 4.931517 0.492400 -3.099664
v 7.081432 0.492400 -3.189234
v 9.020899 0.492400 -3.449176
v 10.560068 0.492400 -3.854046
v 11.548276 0.492400 -4.364211
v 11.888789 0.492400 -4.929734
v 13.452400 0.840580 -4.929734
v 13.035358 0.840580 -5.622356
v 11.825056 0.840580 -6.247178
v 9.939966 0.840580 -6.743040
v 7.564615 0.840580 -7.061403
v 4.931517 0.840580 -7.171104
v 2.298419 0.840580 -7.061403
v -0.076932 0.840580 -6.743040
v -1.962022 0.840580 -6.247178
v -3.172324 0.840580 -5.622356
v -3.589366 0.840580 -4.929734
v -3.172324 0.840580 -4.237113
v -1.962022 0.840580 -3.612290
v -0.076932 0.840580 -3.116428
v 2.298419 0.840580 -2.798065
v 4.931517 0.840580 -2.688365
v 7.564615 0.840580 -2.798065
v 9.939966 0.840580 -3.116428
v 11.825056 0.840580 -3.612290
v 13.035358 0.840580 -4.237113
v 13.452400 0.840580 -4.929734
v 14.435327 1.246043 -4.929734
v 13.970177 1.246043 -5.702253
v 12.620261 1.246043 -6.399152
v 10.517716 1.246043 -6.952214
v 7.868356 1.246043 -7.307302
v 4.931517 1.246043 -7.429657
v 1.994678 1.246043 -7.307302
v -0.654682 1.246043 -6.952214
v -2.757227 1.246043 -6.399152
v -4.107144 1.246043 -5.702253
v -4.572293 1.246043 -4.929734
v -4.107144 1.246043 -4.157216
v -2.757227 1.246043 -3.460317
v -0.654682 1.246043 -2.907254
v 1.994678 1.246043 -2.552166
v 4.931517 1.246043 -2.429812
v 7.868356 1.246043 -2.552166
v 10.517716 1.246043 -2.907254
v 12.620261 1.246043 -3.460317
v 13.970177 1.246043 -4.157216
v 14.435327 1.246043 -4.929734
v 14.770585 1.681159 -4.929734
v 14.289027 1.681159 -5.729504
v 12.891490 1.681159 -6.450988
v 10.714776 1.681159 -7.023560
v 7.971956 1.681159 -7.391174
v 4.931517 1.681159 -7.517845
v 1.891078 1.681159 -7.391174
v -0.851742 1.681159 -7.023560
v -3.028456 1.681159 -6.450988
v -4.425993 1.681159 -5.729504
v -4.907551 1.681159 -4.929734
v -4.425993 1.681159 -4.129964
v -3.028456 1.681159 -3.408481
v -0.851742 1.681159 -2.835909
v 1.891078 1.681159 -2.468295
v 4.931517 1.681159 -2.341624
v 7.971956 1.681159 -2.468295
v 10.714776 1.681159 -2.835909
v 12.891490 1.681159 -3.408481
v 14.289027 1.681159 -4.129964
v 14.770585 1.681159 -4.929734
v 14.435327 2.116275 -4.929734
v 13.970177 2.116275 -5.702253
v 12.620261 2.116275 -6.399152
v 10.517716 2.116275 -6.952214
v 7.868356 2.116275 -7.307302
v 4.931517 2.116275 -7.429657
v 1.994678 2.116275 -7.307302
v -0.654682 2.116275 -6.952214
v -2.757227 2.116275 -6.399152
v -4.107144 2.116275 -5.702253
v -4.572293 2.116275 -4.929734
v -4.107144 2.116275 -4.157216
v -2.757227 2.116275 -3.460317
v -0.654682 2.116275 -2.907254
v 1.994678 2.116275 -2.552166
v 4.931517 2.116275 -2.429812
v 7.868356 2.116275 -2.552166
v 10.517716 2.116275 -2.907254
v 12.620261 2.116275 -3.460317
v 13.970177 2.116275 -4.157216
v 14.435327 2.116275 -4.929734
v 13.452400 2.521739 -4.929734
v 13.035358 2.521739 -5.622356
v 11.825056 2.521739 -6.247178
v 9.939966 2.521739 -6.743040
v 7.564615 2.521739 -7.061403
v 4.931517 2.521739 -7.171104
v 2.298419 2.521739 -7.061403
v -0.076932 2.521739 -6.743040
v -1.962022 2.521739 -6.247178
v -3.172324 2.521739 -5.622356
v -3.589366 2.521739 -4.929734
v -3.172324 2.521739 -4.237113
v -1.962022 2.521739 -3.612290
v -0.076932 2.521739 -3.116428
v 2.298419 2.521739 -2.798065
v 4.931517 2.521739 -2.688365
v 7.564615 2.521739 -2.798065
v 9.939966 2.521739 -3.116428
v 11.825056 2.521739 -3.612290
v 13.035358 2.521739 -4.237113
v 13.452400 2.521739 -4.929734
v 11.888789 2.869919 -4.929734
v 11.548276 2.869919 -5.495257
v 10.560068 2.869919 -6.005423
v 9.020899 2.869919 -6.410292
v 7.081432 2.869919 -6.670235
v 4.931517 2.869919 -6.759805
v 2.781602 2.869919 -6.670235
v 0.842135 2.869919 -6.410292
v -0.697034 2.869919 -6.005423
v -1.685242 2.869919 -5.495257
v -2.025755 2.869919 -4.929734
v -1.685242 2.869919 -4.364211
v -0.697034 2.869919 -3.854046
v 0.842135 2.869919 -3.449176
v 2.781602 2.869919 -3.189234
v 4.931517 2.869919 -3.099664
v 7.081432 2.869919 -3.189234
v 9.020899 2.869919 -3.449176
v 10.560068 2.869919 -3.854046
v 11.548276 2.869919 -4.364211
v 11.888789 2.869919 -4.929734
v 9.851051 3.137086 -4.929734
v 9.610272 3.137086 -5.329619
v 8.911504 3.137086 -5.690361
v 7.823147 3.137086 -5.976647
v 6.451737 3.137086 -6.160454
v 4.931517 3.137086 -6.223790
v 3.411297 3.137086 -6.160454
v 2.039887 3.137086 -5.976647
v 0.951530 3.137086 -5.690361
v 0.252762 3.137086 -5.329619
v 0.011983 3.137086 -4.929734
v 0.252762 3.137086 -4.529849
v 0.951530 3.137086 -4.169108
v 2.039887 3.137086 -3.882822
v 3.411297 3.137086 -3.699015
v 4.931517 3.137086 -3.635679
v 6.451737 3.137086 -3.699015
v 7.823147 3.137086 -3.882822
v 8.911504 3.137086 -4.169108
v 9.610272 3.137086 -4.529849
v 9.851051 3.137086 -4.929734
v 7.478055 3.305035 -4.929734
v 7.353419 3.305035 -5.136730
v 6.991710 3.305035 -5.323464
v 6.428335 3.305035 -5.471656
v 5.718441 3.305035 -5.566802
v 4.931517 3.305035 -5.599587
v 4.144593 3.305035 -5.566802
v 3.434699 3.305035 -5.471656
v 2.871324 3.305035 -5.323464
v 2.509615 3.305035 -5.136730
v 2.384979 3.305035 -4.929734
v 2.509615 3.305035 -4.722739
v 2.871324 3.305035 -4.536005
v 3.434699 3.305035 -4.387812
v 4.144593 3.305035 -4.292667
v 4.931517 3.305035 -4.259882
v 5.718441 3.305035 -4.292667
v 6.428335 3.305035 -4.387812
v 6.991710 3.305035 -4.536005
v 7.353419 3.305035 -4.722739
v 7.478055 3.305035 -4.929734
v 4.931517 3.362319 -4.929734
vt 0.5000000 0.6996875
vt 0.0865625 0.8056375
vt 0.1279062 0.8056375
vt 0.1692500 0.8056375
vt 0.2105938 0.8056375
vt 0.2519375 0.8056375
vt 0.2932813 0.8056375
vt 0.3346250 0.8056375
vt 0.3759688 0.8056375
vt 0.4173125 0.8056375
vt 0.4586563 0.8056375
vt 0.5000000 0.8056375
vt 0.5413438 0.8056375
vt 0.5826875 0.8056375
vt 0.6240313 0.8056375
vt 0.6653750 0.8056375
vt 0.7067187 0.8056375
vt 0.7480625 0.8056375
vt 0.7894062 0.8056375
vt 0.8307500 0.8056375
vt 0.8720937 0.8056375
vt 0.9134375 0.8056375
vt 0.0865625 0.7946797
vt 0.1279062 0.7946797
vt 0.1692500 0.7946797
vt 0.2105938 0.7946797
vt 0.2519375 0.7946797
vt 0.2932813 0.7946797
vt 0.3346250 0.7946797
vt 0.3759688 0.7946797
vt 0.4173125 0.7946797
vt 0.4586563 0.7946797
vt 0.5000000 0.7946797
vt 0.5413438 0.7946797
vt 0.5826875 0.7946797
vt 0.6240313 0.7946797
vt 0.6653750 0.7946797
vt 0.7067187 0.7946797
vt 0.7480625 0.7946797
vt 0.7894062 0.7946797
vt 0.8307500 0.7946797
vt 0.8720937 0.7946797
vt 0.9134375 0.7946797
vt 0.0865625 0.7772483
vt 0.1279062 0.7772483
vt 0.1692500 0.7772483
vt 0.2105938 0.7772483
vt 0.2519375 0.7772483
vt 0.2932813 0.7772483
vt 0.3346250 0.7772483
vt 0.3759688 0.7772483
vt 0.4173125 0.7772483
vt 0.4586563 0.7772483
vt 0.5000000 0.7772483
vt 0.5413438 0.7772483
vt 0.5826875 0.7772483
vt 0.6240313 0.7772483
vt 0.6653750 0.7772483
vt 0.7067187 0.7772483
vt 0.7480625 0.7772483
vt 0.7894062 0.7772483
vt 0.8307500 0.7772483
vt 0.8720937 0.7772483
vt 0.9134375 0.7772483
vt 0.0865625 0.7545312
vt 0.1279062 0.7545312
vt 0.1692500 0.7545312
vt 0.2105938 0.7545312
vt 0.2519375 0.7545312
vt 0.2932813 0.7545312
vt 0.3346250 0.7545312
vt 0.3759688 0.7545312
vt 0.4173125 0.7545312
vt 0.4586563 0.7545312
vt 0.5000000 0.7545312
vt 0.5413438 0.7545312
vt 0.5826875 0.7545312
vt 0.6240313 0.7545312
vt 0.6653750 0.7545312
vt 0.7067187 0.7545312
vt 0.7480625 0.7545312
vt 0.7894062 0.7545312
vt 0.8307500 0.7545312
vt 0.8720937 0.7545312
vt 0.9134375 0.7545312
vt 0.0865625 0.7280767
vt 0.1279062 0.7280767
vt 0.1692500 0.7280767
vt 0.2105938 0.7280767
vt 0.2519375 0.7280767
vt 0.2932813 0.7280767
vt 0.3346250 0.7280767
vt 0.3759688 0.7280767
vt 0.4173125 0.7280767
vt 0.4586563 0.7280767
vt 0.5000000 0.7280767
vt 0.5413438 0.7280767
vt 0.5826875 0.7280767
vt 0.6240313 0.7280767
vt 0.6653750 0.7280767
vt 0.7067187 0.7280767
vt 0.7480625 0.7280767
vt 0.7894062 0.7280767
vt 0.8307500 0.7280767
vt 0.8720937 0.7280767
vt 0.9134375 0.7280767
vt 0.0865625 0.6996875
vt 0.1279062 0.6996875
vt 0.1692500 0.6996875
vt 0.2105938 0.6996875
vt 0.2519375 0.6996875
vt 0.2932813 0.6996875
vt 0.3346250 0.6996875
vt 0.3759688 0.6996875
vt 0.4173125 0.6996875
vt 0.4586563 0.6996875
vt 0.5000000 0.6996875
vt 0.5413438 0.6996875
vt 0.5826875 0.6996875
vt 0.6240313 0.6996875
vt 0.6653750 0.6996875
vt 0.7067187 0.6996875
vt 0.7480625 0.6996875
vt 0.7894062 0.6996875
vt 0.8307500 0.6996875
vt 0.8720937 0.6996875
vt 0.9134375 0.6996875
vt 0.0865625 0.6712983
vt 0.1279062 0.6712983
vt 0.1692500 0.6712983
vt 0.2105938 0.6712983
vt 0.2519375 0.6712983
vt 0.2932813 0.6712983
vt 0.3346250 0.6712983
vt 0.3759688 0.6712983
vt 0.4173125 0.6712983
vt 0.4586563 0.6712983
vt 0.5000000 0.6712983
vt 0.5413438 0.6712983
vt 0.5826875 0.6712983
vt 0.6240313 0.6712983
vt 0.6653750 0.6712983
vt 0.7067187 0.6712983
vt 0.7480625 0.6712983
vt 0.7894062 0.6712983
vt 0.8307500 0.6712983
vt 0.8720937 0.6712983
vt 0.9134375 0.6712983
vt 0.0865625 0.6448438
vt 0.1279062 0.6448438
vt 0.1692500 0.6448438
vt 0.2105938 0.6448438
vt 0.2519375 0.6448438
vt 0.2932813 0.6448438
vt 0.3346250 0.6448438
vt 0.3759688 0.6448438
vt 0.4173125 0.6448438
vt 0.4586563 0.6448438
vt 0.5000000 0.6448438
vt 0.5413438 0.6448438
vt 0.5826875 0.6448438
vt 0.6240313 0.6448438
vt 0.6653750 0.6448438
vt 0.7067187 0.6448438
vt 0.7480625 0.6448438
vt 0.7894062 0.6448438
vt 0.8307500 0.6448438
vt 0.8720937 0.6448438
vt 0.9134375 0.6448438
vt 0.0865625 0.6221267
vt 0.1279062 0.6221267
vt 0.1692500 0.6221267
vt 0.2105938 0.6221267
vt 0.2519375 0.6221267
vt 0.2932813 0.6221267
vt 0.3346250 0.6221267
vt 0.3759688 0.6221267
vt 0.4173125 0.6221267
vt 0.4586563 0.6221267
vt 0.5000000 0.6221267
vt 0.5413438 0.6221267
vt 0.5826875 0.6221267
vt 0.6240313 0.6221267
vt 0.6653750 0.6221267
vt 0.7067187 0.6221267
vt 0.7480625 0.6221267
vt 0.7894062 0.6221267
vt 0.8307500 0.6221267
vt 0.8720937 0.6221267
vt 0.9134375 0.6221267
vt 0.0865625 0.6046953
vt 0.1279062 0.6046953
vt 0.1692500 0.6046953
vt 0.2105938 0.6046953
vt 0.2519375 0.6046953
vt 0.2932813 0.6046953
vt 0.3346250 0.6046953
vt 0.3759688 0.6046953
vt 0.4173125 0.6046953
vt 0.4586563 0.6046953
vt 0.5000000 0.6046953
vt 0.5413438 0.6046953
vt 0.5826875 0.6046953
vt 0.6240313 0.6046953
vt 0.6653750 0.6046953
vt 0.7067187 0.6046953
vt 0.7480625 0.6046953
vt 0.7894062 0.6046953
vt 0.8307500 0.6046953
vt 0.8720937 0.6046953
vt 0.9134375 0.6046953
vt 0.0865625 0.5937375
vt 0.1279062 0.5937375
vt 0.1692500 0.5937375
vt 0.2105938 0.5937375
vt 0.2519375 0.5937375
vt 0.2932813 0.5937375
vt 0.3346250 0.5937375
vt 0.3759688 0.5937375
vt 0.4173125 0.5937375
vt 0.4586563 0.5937375
vt 0.5000000 0.5937375
vt 0.5413438 0.5937375
vt 0.5826875 0.5937375
vt 0.6240313 0.5937375
vt 0.6653750 0.5937375
vt 0.7067187 0.5937375
vt 0.7480625 0.5937375
vt 0.7894062 0.5937375
vt 0.8307500 0.5937375
vt 0.8720937 0.5937375
vt 0.9134375 0.5937375
vt 0.5000000 0.6996875
vn 0.0000000 -1.0000000 -0.0000000
vn 0.0536443 -0.9984685 -0.0135239
vn 0.0497904 -0.9958878 -0.0756857
vn 0.0409865 -0.9906936 -0.1297933
vn 0.0282650 -0.9849360 -0.1705933
vn 0.0129601 -0.9807918 -0.1946264
vn -0.0034908 -0.9797659 -0.2001164
vn -0.0196355 -0.9822230 -0.1866882
vn -0.0340239 -0.9872844 -0.1552798
vn -0.0452448 -0.9930835 -0.1083422
vn -0.0520616 -0.9973862 -0.0501034
vn -0.0536443 -0.9984685 0.0135239
vn -0.0497904 -0.9958878 0.0756857
vn -0.0409865 -0.9906936 0.1297933
vn -0.0282650 -0.9849360 0.1705933
vn -0.0129601 -0.9807918 0.1946264
vn 0.0034908 -0.9797659 0.2001164
vn 0.0196355 -0.9822230 0.1866882
vn 0.0340239 -0.9872844 0.1552798
vn 0.0452448 -0.9930835 0.1083422
vn 0.0520616 -0.9973862 0.0501034
vn 0.0536443 -0.9984685 -0.0135239
vn 0.1026803 -0.9946232 -0.0134718
vn 0.0957773 -0.9865639 -0.1323572
vn 0.0789003 -0.9689936 -0.2341499
vn 0.0548773 -0.9494693 -0.3090251
vn 0.0266666 -0.9352435 -0.3529992
vn -0.0033165 -0.9308709 -0.3653333
vn -0.0330890 -0.9376318 -0.3460517
vn -0.0606084 -0.9535230 -0.2951618
vn -0.0833278 -0.9733037 -0.2138608
vn -0.0982281 -0.9893685 -0.1072439
vn -0.1026803 -0.9946232 0.0134718
vn -0.0957773 -0.9865639 0.1323572
vn -0.0789003 -0.9689936 0.2341499
vn -0.0548773 -0.9494693 0.3090251
vn -0.0266666 -0.9352435 0.3529992
vn 0.0033165 -0.9308709 0.3653333
vn 0.0330890 -0.9376318 0.3460517
vn 0.0606084 -0.9535230 0.2951618
vn 0.0833278 -0.9733037 0.2138608
vn 0.0982281 -0.9893685 0.1072439
vn 0.1026803 -0.9946232 -0.0134718
vn 0.1722095 -0.9849700 -0.0133411
vn 0.1593183 -0.9645177 -0.2105308
vn 0.1282442 -0.9202884 -0.3696250
vn 0.0873443 -0.8744539 -0.4771806
vn 0.0426842 -0.8429080 -0.5363619
vn -0.0029672 -0.8328137 -0.5535454
vn -0.0485668 -0.8458734 -0.5311680
vn -0.0929536 -0.8798322 -0.4661061
vn -0.1329995 -0.9265637 -0.3518391
vn -0.1621870 -0.9689679 -0.1865382
vn -0.1722095 -0.9849700 0.0133411
vn -0.1593183 -0.9645177 0.2105308
vn -0.1282442 -0.9202884 0.3696250
vn -0.0873443 -0.8744539 0.4771806
vn -0.0426842 -0.8429080 0.5363619
vn 0.0029672 -0.8328137 0.5535454
vn 0.0485668 -0.8458734 0.5311680
vn 0.0929536 -0.8798322 0.4661061
vn 0.1329995 -0.9265637 0.3518391
vn 0.1621870 -0.9689679 0.1865382
vn 0.1722095 -0.9849700 -0.0133411
vn 0.2877929 -0.9576048 -0.0129704
vn 0.2583089 -0.9072257 -0.3319909
vn 0.1952595 -0.8100606 -0.5528793
vn 0.1260857 -0.7256014 -0.6764651
vn 0.0603583 -0.6745328 -0.7357733
vn -0.0023465 -0.6586118 -0.7524792
vn -0.0651812 -0.6771464 -0.7329558
vn -0.1312185 -0.7308922 -0.6697598
vn -0.2004625 -0.8174423 -0.5400027
vn -0.2621397 -0.9136147 -0.3107910
vn -0.2877929 -0.9576048 0.0129704
vn -0.2583089 -0.9072257 0.3319909
vn -0.1952595 -0.8100606 0.5528793
vn -0.1260857 -0.7256014 0.6764651
vn -0.0603583 -0.6745328 0.7357733
vn 0.0023465 -0.6586118 0.7524792
vn 0.0651812 -0.6771464 0.7329558
vn 0.1312185 -0.7308922 0.6697598
vn 0.2004625 -0.8174423 0.5400027
vn 0.2621397 -0.9136147 0.3107910
vn 0.2877929 -0.9576048 -0.0129704
vn 0.5423655 -0.8400656 -0.0113784
vn 0.4366183 -0.7123545 -0.5494684
vn 0.2828113 -0.5436320 -0.7902417
vn 0.1664960 -0.4420969 -0.8813793
vn 0.0768834 -0.3920222 -0.9167375
vn -0.0013443 -0.3773123 -0.9260851
vn -0.0797633 -0.3931226 -0.9160199
vn -0.1700254 -0.4446620 -0.8794129
vn -0.2876006 -0.5484229 -0.7851868
vn -0.4422881 -0.7190218 -0.5360866
vn -0.5423655 -0.8400656 0.0113784
vn -0.4366183 -0.7123545 0.5494684
vn -0.2828113 -0.5436320 0.7902417
vn -0.1664960 -0.4420969 0.8813793
vn -0.0768834 -0.3920222 0.9167375
vn 0.0013443 -0.3773123 0.9260851
vn 0.0797633 -0.3931226 0.9160199
vn 0.1700254 -0.4446620 0.8794129
vn 0.2876006 -0.5484229 0.7851868
vn 0.4422881 -0.7190218 0.5360866
vn 0.5423655 -0.8400656 -0.0113784
vn 1.0000000 0.0000000 0.0000000
vn 0.6292185 -0.0000000 -0.7772284
vn 0.3404248 0.0000000 -0.9402717
vn 0.1877155 -0.0000000 -0.9822234
vn 0.0851578 -0.0000000 -0.9963675
vn 0.0000000 0.0000000 -1.0000000
vn -0.0851578 0.0000000 -0.9963675
vn -0.1877155 0.0000000 -0.9822234
vn -0.3404248 -0.0000000 -0.9402717
vn -0.6292185 0.0000000 -0.7772284
vn -1.0000000 -0.0000000 -0.0000000
vn -0.6292185 0.0000000 0.7772284
vn -0.3404248 -0.0000000 0.9402717
vn -0.1877155 -0.0000000 0.9822234
vn -0.0851578 0.0000000 0.9963675
vn -0.0000000 0.0000000 1.0000000
vn 0.0851578 -0.0000000 0.9963675
vn 0.1877155 0.0000000 0.9822234
vn 0.3404248 0.0000000 0.9402717
vn 0.6292185 -0.0000000 0.7772284
vn 1.0000000 0.0000000 0.0000000
vn 0.5423655 0.8400656 0.0113784
vn 0.4422881 0.7190218 -0.5360866
vn 0.2876006 0.5484229 -0.7851868
vn 0.1700254 0.4446620 -0.8794129
vn 0.0797633 0.3931226 -0.9160199
vn 0.0013443 0.3773123 -0.9260851
vn -0.0768834 0.3920222 -0.9167375
vn -0.1664960 0.4420969 -0.8813793
vn -0.2828113 0.5436320 -0.7902417
vn -0.4366183 0.7123545 -0.5494684
vn -0.5423655 0.8400656 -0.0113784
vn -0.4422881 0.7190218 0.5360866
vn -0.2876006 0.5484229 0.7851868
vn -0.1700254 0.4446620 0.8794129
vn -0.0797633 0.3931226 0.9160199
vn -0.0013443 0.3773123 0.9260851
vn 0.0768834 0.3920222 0.9167375
vn 0.1664960 0.4420969 0.8813793
vn 0.2828113 0.5436320 0.7902417
vn 0.4366183 0.7123545 0.5494684
vn 0.5423655 0.8400656 0.0113784
vn 0.2877929 0.9576048 0.0129704
vn 0.2621397 0.9136147 -0.3107910
vn 0.2004625 0.8174423 -0.5400027
vn 0.1312185 0.7308922 -0.6697598
vn 0.0651812 0.6771464 -0.7329558
vn 0.0023465 0.6586118 -0.7524792
vn -0.0603583 0.6745328 -0.7357733
vn -0.1260857 0.7256014 -0.6764651
vn -0.1952595 0.8100606 -0.5528793
vn -0.2583089 0.9072257 -0.3319909
vn -0.2877929 0.9576048 -0.0129704
vn -0.2621397 0.9136147 0.3107910
vn -0.2004625 0.8174423 0.5400027
vn -0.1312185 0.7308922 0.6697598
vn -0.0651812 0.6771464 0.7329558
vn -0.0023465 0.6586118 0.7524792
vn 0.0603583 0.6745328 0.7357733
vn 0.1260857 0.7256014 0.6764651
vn 0.1952595 0.8100606 0.5528793
vn 0.2583089 0.9072257 0.3319909
vn 0.2877929 0.9576048 0.0129704
vn 0.1722095 0.9849700 0.0133411
vn 0.1621870 0.9689679 -0.1865382
vn 0.1329995 0.9265637 -0.3518391
vn 0.0929536 0.8798322 -0.4661061
vn 0.0485668 0.8458734 -0.5311680
vn 0.0029672 0.8328137 -0.5535454
vn -0.0426842 0.8429080 -0.5363619
vn -0.0873443 0.8744539 -0.4771806
vn -0.1282442 0.9202884 -0.3696250
vn -0.1593183 0.9645177 -0.2105308
vn -0.1722095 0.9849700 -0.0133411
vn -0.1621870 0.9689679 0.1865382
vn -0.1329995 0.9265637 0.3518391
vn -0.0929536 0.8798322 0.4661061
vn -0.0485668 0.8458734 0.5311680
vn -0.0029672 0.8328137 0.5535454
vn 0.0426842 0.8429080 0.5363619
vn 0.0873443 0.8744539 0.4771806
vn 0.1282442 0.9202884 0.3696250
vn 0.1593183 0.9645177 0.2105308
vn 0.1722095 0.9849700 0.0133411
vn 0.1026803 0.9946232 0.0134718
vn 0.0982281 0.9893685 -0.1072439
vn 0.0833278 0.9733037 -0.2138608
vn 0.0606084 0.9535230 -0.2951618
vn 0.0330890 0.9376318 -0.3460517
vn 0.0033165 0.9308709 -0.3653333
vn -0.0266666 0.9352435 -0.3529992
vn -0.0548773 0.9494693 -0.3090251
vn -0.0789003 0.9689936 -0.2341499
vn -0.0957773 0.9865639 -0.1323572
vn -0.1026803 0.9946232 -0.0134718
vn -0.0982281 0.9893685 0.1072439
vn -0.0833278 0.9733037 0.2138608
vn -0.0606084 0.9535230 0.2951618
vn -0.0330890 0.9376318 0.3460517
vn -0.0033165 0.9308709 0.3653333
vn 0.0266666 0.9352435 0.3529992
vn 0.0548773 0.9494693 0.3090251
vn 0.0789003 0.9689936 0.2341499
vn 0.0957773 0.9865639 0.1323572
vn 0.1026803 0.9946232 0.0134718
vn 0.0536443 0.9984685 0.0135239
vn 0.0520616 0.9973862 -0.0501034
vn 0.0452448 0.9930835 -0.1083422
vn 0.0340239 0.9872844 -0.1552798
vn 0.0196355 0.9822230 -0.1866882
vn 0.0034908 0.9797659 -0.2001164
vn -0.0129601 0.9807918 -0.1946264
vn -0.0282650 0.9849360 -0.1705933
vn -0.0409865 0.9906936 -0.1297933
vn -0.0497904 0.9958878 -0.0756857
vn -0.0536443 0.9984685 -0.0135239
vn -0.0520616 0.9973862 0.0501034
vn -0.0452448 0.9930835 0.1083422
vn -0.0340239 0.9872844 0.1552798
vn -0.0196355 0.9822230 0.1866882
vn -0.0034908 0.9797659 0.2001164
vn 0.0129601 0.9807918 0.1946264
vn 0.0282650 0.9849360 0.1705933
vn 0.0409865 0.9906936 0.1297933
vn 0.0497904 0.9958878 0.0756857
vn 0.0536443 0.9984685 0.0135239
vn -0.0000000 1.0000000 0.0000000
s 1
f 508/508/508 510/510/510 509/509/509
f 508/508/508 511/511/511 510/510/510
f 508/508/508 512/512/512 511/511/511
f 508/508/508 513/513/513 512/512/512
f 508/508/508 514/514/514 513/513/513
f 508/508/508 515/515/515 514/514/514
f 508/508/508 516/516/516 515/515/515
f 508/508/508 517/517/517 516/516/516
f 508/508/508 518/518/518 517/517/517
f 508/508/508 519/519/519 518/518/518
f 508/508/508 520/520/520 519/519/519
f 508/508/508 521/521/521 520/520/520
f 508/508/508 522/522/522 521/521/521
f 508/508/508 523/523/523 522/522/522
f 508/508/508 524/524/524 523/523/523
f 508/508/508 525/525/525 524/524/524
f 508/508/508 526/526/526 525/525/525
f 508/508/508 527/527/527 526/526/526
f 508/508/508 528/528/528 527/527/527
f 508/508/508 529/529/529 528/528/528
f 509/509/509 510/510/510 531/531/531
f 509/509/509 531/531/531 530/530/530
f 510/510/510 511/511/511 532/532/532
f 510/510/510 532/532/532 531/531/531
f 511/511/511 512/512/512 533/533/533
f 511/511/511 533/533/533 532/532/532
f 512/512/512 513/513/513 534/534/534
f 512/512/512 534/534/534 533/533/533
f 513/513/513 514/514/514 535/535/535
f 513/513/513 535/535/535 534/534/534
f 514/514/514 515/515/515 536/536/536
f 514/514/514 536/536/536 535/535/535
f 515/515/515 516/516/516 537/537/537
f 515/515/515 537/537/537 536/536/536
f 516/516/516 517/517/517 538/538/538
f 516/516/516 538/538/538 537/537/537
f 517/517/517 518/518/518 539/539/539
f 517/517/517 539/539/539 538/538/538
f 518/518/518 519/519/519 540/540/540
f 518/518/518 540/540/540 539/539/539
f 519/519/519 520/520/520 541/541/541
f 519/519/519 541/541/541 540/540/540
f 520/520/520 521/521/521 542/542/542
f 520/520/520 542/542/542 541/541/541
f 521/521/521 522/522/522 543/543/543
f 521/521/521 543/543/543 542/542/542
f 522/522/522 523/523/523 544/544/544
f 522/522/522 544/544/544 543/543/543
f 523/523/523 524/524/524 545/545/545
f 523/523/523 545/545/545 544/544/544
f 524/524/524 525/525/525 546/546/546
f 524/524/524 546/546/546 545/545/545
f 525/525/525 526/526/526 547/547/547
f 525/525/525 547/547/547 546/546/546
f 526/526/526 527/527/527 548/548/548
f 526/526/526 548/548/548 547/547/547
f 527/527/527 528/528/528 549/549/549
f 527/527/527 549/549/549 548/548/548
f 528/528/528 529/529/529 550/550/550
f 528/528/528 550/550/550 549/549/549
f 530/530/530 531/531/531 552/552/552
f 530/530/530 552/552/552 551/551/551
f 531/531/531 532/532/532 553/553/553
f 531/531/531 553/553/553 552/552/552
f 532/532/532 533/533/533 554/554/554
f 532/532/532 554/554/554 553/553/553
f 533/533/533 534/534/534 555/555/555
f 533/533/533 555/555/555 554/554/554
f 534/534/534 535/535/535 556/556/556
f 534/534/534 556/556/556 555/555/555
f 535/535/535 536/536/536 557/557/557
f 535/535/535 557/557/557 556/556/556
f 536/536/536 537/537/537 558/558/558
f 536/536/536 558/558/558 557/557/557
f 537/537/537 538/538/538 559/559/559
f 537/537/537 559/559/559 558/558/558
f 538/538/538 539/539/539 560/560/560
f 538/538/538 560/560/560 559/559/559
f 539/539/539 540/540/540 561/561/561
f 539/539/539 561/561/561 560/560/560
f 540/540/540 541/541/541 562/562/562
f 540/540/540 562/562/562 561/561/561
f 541/541/541 542/542/542 563/563/563
f 541/541/541 563/563/563 562/562/562
f 542/542/542 543/543/543 564/564/564
f 542/542/542 564/564/564 563/563/563
f 543/543/543 544/544/544 565/565/565
f 543/543/543 565/565/565 564/564/564
f 544/544/544 545/545/545 566/566/566
f 544/544/544 566/566/566 565/565/565
f 545/545/545 546/546/546 567/567/567
f 545/545/545 567/567/567 566/566/566
f 546/546/546 547/547/547 568/568/568
f 546/546/546 568/568/568 567/567/567
f 547/547/547 548/548/548 569/569/569
f 547/547/547 569/569/569 568/568/568
f 548/548/548 549/549/549 570/570/570
f 548/548/548 570/570/570 569/569/569
f 549/549/549 550/550/550 571/571/571
f 549/549/549 571/571/571 570/570/570
f 551/551/551 552/552/552 573/573/573
f 551/551/551 573/573/573 572/572/572
f 552/552/552 553/553/553 574/574/574
f 552/552/552 574/574/574 573/573/573
f 553/553/553 554/554/554 575/575/575
f 553/553/553 575/575/575 574/574/574
f 554/554/554 555/555/555 576/576/576
f 554/554/554 576/576/576 575/575/575
f 555/555/555 556/556/556 577/577/577
f 555/555/555 577/577/577 576/576/576
f 556/556/556 557/557/557 578/578/578
f 556/556/556 578/578/578 577/577/577
f 557/557/557 558/558/558 579/579/579
f 557/557/557 579/579/579 578/578/578
f 558/558/558 559/559/559 580/580/580
f 558/558/558 580/580/580 579/579/579
f 559/559/559 560/560/560 581/581/581
f 559/559/559 581/581/581 580/580/580
f 560/560/560 561/561/561 582/582/582
f 560/560/560 582/582/582 581/581/581
f 561/561/561 562/562/562 583/583/583
f 561/561/561 583/583/583 582/582/582
f 562/562/562 563/563/563 584/584/584
f 562/562/562 584/584/584 583/583/583
f 563/563/563 564/564/564 585/585/585
f 563/563/563 585/585/585 584/584/584
f 564/564/564 565/565/565 586/586/586
f 564/564/564 586/586/586 585/585/585
f 565/565/565 566/566/566 587/587/587
f 565/565/565 587/587/587 586/586/586
f 566/566/566 567/567/567 588/588/588
f 566/566/566 588/588/588 587/587/587
f 567/567/567 568/568/568 589/589/589
f 567/567/567 589/589/589 588/588/588
f 568/568/568 569/569/569 590/590/590
f 568/568/568 590/590/590 589/589/589
f 569/569/569 570/570/570 591/591/591
f 569/569/569 591/591/591 590/590/590
f 570/570/570 571/571/571 592/592/592
f 570/570/570 592/592/592 591/591/591
f 572/572/572 573/573/573 594/594/594
f 572/572/572 594/594/594 593/593/593
f 573/573/573 574/574/574 595/595/595
f 573/573/573 595/595/595 594/594/594
f 574/574/574 575/575/575 596/596/596
f 574/574/574 596/596/596 595/595/595
f 575/575/575 576/576/576 597/597/597
f 575/575/575 597/597/597 596/596/596
f 576/576/576 577/577/577 598/598/598
f 576/576/576 598/598/598 597/597/597
f 577/577/577 578/578/578 599/599/599
f 577/577/577 599/599/599 598/598/598
f 578/578/578 579/579/579 600/600/600
f 578/578/578 600/600/600 599/599/599
f 579/579/579 580/580/580 601/601/601
f 579/579/579 601/601/601 600/600/600
f 580/580/580 581/581/581 602/602/602
f 580/580/580 602/602/602 601/601/601
f 581/581/581 582/582/582 603/603/603
f 581/581/581 603/603/603 602/602/602
f 582/582/582 583/583/583 604/604/604
f 582/582/582 604/604/604 603/603/603
f 583/583/583 584/584/584 605/605/605
f 583/583/583 605/605/605 604/604/604
f 584/584/584 585/585/585 606/606/606
f 584/584/584 606/606/606 605/605/605
f 585/585/585 586/586/586 607/607/607
f 585/585/585 607/607/607 606/606/606
f 586/586/586 587/587/587 608/608/608
f 586/586/586 608/608/608 607/607/607
f 587/587/587 588/588/588 609/609/609
f 587/587/587 609/609/609 608/608/608
f 588/588/588 589/589/589 610/610/610
f 588/588/588 610/610/610 609/609/609
f 589/589/589 590/590/590 611/611/611
f 589/589/589 611/611/611 610/610/610
f 590/590/590 591/591/591 612/612/612
f 590/590/590 612/612/612 611/611/611
f 591/591/591 592/592/592 613/613/613
f 591/591/591 613/613/613 612/612/612
f 593/593/593 594/594/594 615/615/615
f 593/593/593 615/615/615 614/614/614
f 594/594/594 595/595/595 616/616/616
f 594/594/594 616/616/616 615/615/615
f 595/595/595 596/596/596 617/617/617
f 595/595/595 617/617/617 616/616/616
f 596/596/596 597/597/597 618/618/618
f 596/596/596 618/618/618 617/617/617
f 597/597/597 598/598/598 619/619/619
f 597/597/597 619/619/619 618/618/618
f 598/598/598 599/599/599 620/620/620
f 598/598/598 620/620/620 619/619/619
f 599/599/599 600/600/600 621/621/621
f 599/599/599 621/621/621 620/620/620
f 600/600/600 601/601/601 622/622/622
f 600/600/600 622/622/622 621/621/621
f 601/601/601 602/602/602 623/623/623
f 601/601/601 623/623/623 622/622/622
f 602/602/602 603/603/603 624/624/624
f 602/602/602 624/624/624 623/623/623
f 603/603/603 604/604/604 625/625/625
f 603/603/603 625/625/625 624/624/624
f 604/604/604 605/605/605 626/626/626
f 604/604/604 626/626/626 625/625/625
f 605/605/605 606/606/606 627/627/627
f 605/605/605 627/627/627 626/626/626
f 606/606/606 607/607/607 628/628/628
f 606/606/606 628/628/628 627/627/627
f 607/607/607 608/608/608 629/629/629
f 607/607/607 629/629/629 628/628/628
f 608/608/608 609/609/609 630/630/630
f 608/608/608 630/630/630 629/629/629
f 609/609/609 610/610/610 631/631/631
f 609/609/609 631/631/631 630/630/630
f 610/610/610 611/611/611 632/632/632
f 610/610/610 632/632/632 631/631/631
f 611/611/611 612/612/612 633/633/633
f 611/611/611 633/633/633 632/632/632
f 612/612/612 613/613/613 634/634/634
f 612/612/612 634/634/634 633/633/633
f 614/614/614 615/615/615 636/636/636
f 614/614/614 636/636/636 635/635/635
f 615/615/615 616/616/616 637/637/637
f 615/615/615 637/637/637 636/636/636
f 616/616/616 617/617/617 638/638/638
f 616/616/616 638/638/638 637/637/637
f 617/617/617 618/618/618 639/639/639
f 617/617/617 639/639/639 638/638/638
f 618/618/618 619/619/619 640/640/640
f 618/618/618 640/640/640 639/639/639
f 619/619/619 620/620/620 641/641/641
f 619/619/619 641/641/641 640/640/640
f 620/620/620 621/621/621 642/642/642
f 620/620/620 642/642/642 641/641/641
f 621/621/621 622/622/622 643/643/643
f 621/621/621 643/643/643 642/642/642
f 622/622/622 623/623/623 644/644/644
f 622/622/622 644/644/644 643/643/643
f 623/623/623 624/624/624 645/645/645
f 623/623/623 645/645/645 644/644/644
f 624/624/624 625/625/625 646/646/646
f 624/624/624 646/646/646 645/645/645
f 625/625/625 626/626/626 647/647/647
f 625/625/625 647/647/647 646/646/646
f 626/626/626 627/627/627 648/648/648
f 626/626/626 648/648/648 647/647/647
f 627/627/627 628/628/628 649/649/649
f 627/627/627 649/649/649 648/648/648
f 628/628/628 629/629/629 650/650/650
f 628/628/628 650/650/650 649/649/649
f 629/629/629 630/630/630 651/651/651
f 629/629/629 651/651/651 650/650/650
f 630/630/630 631/631/631 652/652/652
f 630/630/630 652/652/652 651/651/651
f 631/631/631 632/632/632 653/653/653
f 631/631/631 653/653/653 652/652/652
f 632/632/632 633/633/633 654/654/654
f 632/632/632 654/654/654 653/653/653
f 633/633/633 634/634/634 655/655/655
f 633/633/633 655/655/655 654/654/654
f 635/635/635 636/636/636 657/657/657
f 635/635/635 657/657/657 656/656/656
f 636/636/636 637/637/637 658/658/658
f 636/636/636 658/658/658 657/657/657
f 637/637/637 638/638/638 659/659/659
f 637/637/637 659/659/659 658/658/658
f 638/638/638 639/639/639 660/660/660
f 638/638/638 660/660/660 659/659/659
f 639/639/639 640/640/640 661/661/661
f 639/639/639 661/661/661 660/660/660
f 640/640/640 641/641/641 662/662/662
f 640/640/640 662/662/662 661/661/661
f 641/641/641 642/642/642 663/663/663
f 641/641/641 663/663/663 662/662/662
f 642/642/642 643/643/643 664/664/664
f 642/642/642 664/664/664 663/663/663
f 643/643/643 644/644/644 665/665/665
f 643/643/643 665/665/665 664/664/664
f 644/644/644 645/645/645 666/666/666
f 644/644/644 666/666/666 665/665/665
f 645/645/645 646/646/646 667/667/667
f 645/645/645 667/667/667 666/666/666
f 646/646/646 647/647/647 668/668/668
f 646/646/646 668/668/668 667/667/667
f 647/647/647 648/648/648 669/669/669
f 647/647/647 669/669/669 668/668/668
f 648/648/648 649/649/649 670/670/670
f 648/648/648 670/670/670 669/669/669
f 649/649/649 650/650/650 671/671/671
f 649/649/649 671/671/671 670/670/670
f 650/650/650 651/651/651 672/672/672
f 650/650/650 672/672/672 671/671/671
f 651/651/651 652/652/652 673/673/673
f 651/651/651 673/673/673 672/672/672
f 652/652/652 653/653/653 674/674/674
f 652/652/652 674/674/674 673/673/673
f 653/653/653 654/654/654 675/675/675
f 653/653/653 675/675/675 674/674/674
f 654/654/654 655/655/655 676/676/676
f 654/654/654 676/676/676 675/675/675
f 656/656/656 657/657/657 678/678/678
f 656/656/656 678/678/678 677/677/677
f 657/657/657 658/658/658 679/679/679
f 657/657/657 679/679/679 678/678/678
f 658/658/658 659/659/659 680/680/680
f 658/658/658 680/680/680 679/679/679
f 659/659/659 660/660/660 681/681/681
f 659/659/659 681/681/681 680/680/680
f 660/660/660 661/661/661 682/682/682
f 660/660/660 682/682/682 681/681/681
f 661/661/661 662/662/662 683/683/683
f 661/661/661 683/683/683 682/682/682
f 662/662/662 663/663/663 684/684/684
f 662/662/662 684/684/684 683/683/683
f 663/663/663 664/664/664 685/685/685
f 663/663/663 685/685/685 684/684/684
f 664/664/664 665/665/665 686/686/686
f 664/664/664 686/686/686 685/685/685
f 665/665/665 666/666/666 687/687/687
f 665/665/665 687/687/687 686/686/686
f 666/666/666 667/667/667 688/688/688
f 666/666/666 688/688/688 687/687/687
f 667/667/667 668/668/668 689/689/689
f 667/667/667 689/689/689 688/688/688
f 668/668/668 669/669/669 690/690/690
f 668/668/668 690/690/690 689/689/689
f 669/669/669 670/670/670 691/691/691
f 669/669/669 691/691/691 690/690/690
f 670/670/670 671/671/671 692/692/692
f 670/670/670 692/692/692 691/691/691
f 671/671/671 672/672/672 693/693/693
f 671/671/671 693/693/693 692/692/692
f 672/672/672 673/673/673 694/694/694
f 672/672/672 694/694/694 693/693/693
f 673/673/673 674/674/674 695/695/695
f 673/673/673 695/695/695 694/694/694
f 674/674/674 675/675/675 696/696/696
f 674/674/674 696/696/696 695/695/695
f 675/675/675 676/676/676 697/697/697
f 675/675/675 697/697/697 696/696/696
f 677/677/677 678/678/678 699/699/699
f 677/677/677 699/699/699 698/698/698
f 678/678/678 679/679/679 700/700/700
f 678/678/678 700/700/700 699/699/699
f 679/679/679 680/680/680 701/701/701
f 679/679/679 701/701/701 700/700/700
f 680/680/680 681/681/681 702/702/702
f 680/680/680 702/702/702 701/701/701
f 681/681/681 682/682/682 703/703/703
f 681/681/681 703/703/703 702/702/702
f 682/682/682 683/683/683 704/704/704
f 682/682/682 704/704/704 703/703/703
f 683/683/683 684/684/684 705/705/705
f 683/683/683 705/705/705 704/704/704
f 684/684/684 685/685/685 706/706/706
f 684/684/684 706/706/706 705/705/705
f 685/685/685 686/686/686 707/707/707
f 685/685/685 707/707/707 706/706/706
f 686/686/686 687/687/687 708/708/708
f 686/686/686 708/708/708 707/707/707
f 687/687/687 688/688/688 709/709/709
f 687/687/687 709/709/709 708/708/708
f 688/688/688 689/689/689 710/710/710
f 688/688/688 710/710/710 709/709/709
f 689/689/689 690/690/690 711/711/711
f 689/689/689 711/711/711 710/710/710
f 690/690/690 691/691/691 712/712/712
f 690/690/690 712/712/712 711/711/711
f 691/691/691 692/692/692 713/713/713
f 691/691/691 713/713/713 712/712/712
f 692/692/692 693/693/693 714/714/714
f 692/692/692 714/714/714 713/713/713
f 693/693/693 694/694/694 715/715/715
f 693/693/693 715/715/715 714/714/714
f 694/694/694 695/695/695 716/716/716
f 694/694/694 716/716/716 715/715/715
f 695/695/695 696/696/696 717/717/717
f 695/695/695 717/717/717 716/716/716
f 696/696/696 697/697/697 718/718/718
f 696/696/696 718/718/718 717/717/717
f 698/698/698 699/699/699 720/720/720
f 698/698/698 720/720/720 719/719/719
f 699/699/699 700/700/700 721/721/721
f 699/699/699 721/721/721 720/720/720
f 700/700/700 701/701/701 722/722/722
f 700/700/700 722/722/722 721/721/721
f 701/701/701 702/702/702 723/723/723
f 701/701/701 723/723/723 722/722/722
f 702/702/702 703/703/703 724/724/724
f 702/702/702 724/724/724 723/723/723
f 703/703/703 704/704/704 725/725/725
f 703/703/703 725/725/725 724/724/724
f 704/704/704 705/705/705 726/726/726
f 704/704/704 726/726/726 725/725/725
f 705/705/705 706/706/706 727/727/727
f 705/705/705 727/727/727 726/726/726
f 706/706/706 707/707/707 728/728/728
f 706/706/706 728/728/728 727/727/727
f 707/707/707 708/708/708 729/729/729
f 707/707/707 729/729/729 728/728/728
f 708/708/708 709/709/709 730/730/730
f 708/708/708 730/730/730 729/729/729
f 709/709/709 710/710/710 731/731/731
f 709/709/709 731/731/731 730/730/730
f 710/710/710 711/711/711 732/732/732
f 710/710/710 732/732/732 731/731/731
f 711/711/711 712/712/712 733/733/733
f 711/711/711 733/733/733 732/732/732
f 712/712/712 713/713/713 734/734/734
f 712/712/712 734/734/734 733/733/733
f 713/713/713 714/714/714 735/735/735
f 713/713/713 735/735/735 734/734/734
f 714/714/714 715/715/715 736/736/736
f 714/714/714 736/736/736 735/735/735
f 715/715/715 716/716/716 737/737/737
f 715/715/715 737/737/737 736/736/736
f 716/716/716 717/717/717 738/738/738
f 716/716/716 738/738/738 737/737/737
f 717/717/717 718/718/718 739/739/739
f 717/717/717 739/739/739 738/738/738
f 719/719/719 720/720/720 740/740/740
f 720/720/720 721/721/721 740/740/740
f 721/721/721 722/722/722 740/740/740
f 722/722/722 723/723/723 740/740/740
f 723/723/723 724/724/724 740/740/740
f 724/724/724 725/725/725 740/740/740
f 725/725/725 726/726/726 740/740/740
f 726/726/726 727/727/727 740/740/740
f 727/727/727 728/728/728 740/740/740
f 728/728/728 729/729/729 740/740/740
f 729/729/729 730/730/730 740/740/740
f 730/730/730 731/731/731 740/740/740
f 731/731/731 732/732/732 740/740/740
f 732/732/732 733/733/733 740/740/740
f 733/733/733 734/734/734 740/740/740
f 734/734/734 735/735/735 740/740/740
f 735/735/735 736/736/736 740/740/740
f 736/736/736 737/737/737 740/740/740
f 737/737/737 738/738/738 740/740/740
f 738/738/738 739/739/739 740/740/740
o Pelvis
v 0.011983 18.492754 -0.000000
v 2.876838 18.635964 -0.000000
v 2.736622 18.635964 -0.591416
v 2.329700 18.635964 -1.124941
v 1.695903 18.635964 -1.548348
v 0.897272 18.635964 -1.820193
v 0.011983 18.635964 -1.913864
v -0.873306 18.635964 -1.820193
v -1.671937 18.635964 -1.548348
v -2.305734 18.635964 -1.124941
v -2.712657 18.635964 -0.591416
v -2.852873 18.635964 -0.000000
v -2.712657 18.635964 0.591416
v -2.305734 18.635964 1.124941
v -1.671937 18.635964 1.548348
v -0.873306 18.635964 1.820193
v 0.011983 18.635964 1.913864
v 0.897272 18.635964 1.820193
v 1.695903 18.635964 1.548348
v 2.329700 18.635964 1.124941
v 2.736622 18.635964 0.591416
v 2.876838 18.635964 0.000000
v 5.546459 19.055835 -0.000000
v 5.275582 19.055835 -1.142529
v 4.489468 19.055835 -2.173219
v 3.265066 19.055835 -2.991179
v 1.722230 19.055835 -3.516342
v 0.011983 19.055835 -3.697301
v -1.698264 19.055835 -3.516342
v -3.241100 19.055835 -2.991179
v -4.465502 19.055835 -2.173219
v -5.251617 19.055835 -1.142529
v -5.522493 19.055835 -0.000000
v -5.251617 19.055835 1.142529
v -4.465502 19.055835 2.173219
v -3.241100 19.055835 2.991179
v -1.698264 19.055835 3.516342
v 0.011983 19.055835 3.697301
v 1.722230 19.055835 3.516342
v 3.265066 19.055835 2.991179
v 4.489468 19.055835 2.173219
v 5.275582 19.055835 1.142529
v 5.546459 19.055835 0.000000
v 7.838914 19.723754 -0.000000
v 7.455836 19.723754 -1.615780
v 6.344103 19.723754 -3.073396
v 4.612537 19.723754 -4.230166
v 2.430637 19.723754 -4.972859
v 0.011983 19.723754 -5.228773
v -2.406672 19.723754 -4.972859
v -4.588572 19.723754 -4.230166
v -6.320137 19.723754 -3.073396
v -7.431871 19.723754 -1.615780
v -7.814948 19.723754 -0.000000
v -7.431871 19.723754 1.615780
v -6.320137 19.723754 3.073396
v -4.588572 19.723754 4.230166
v -2.406672 19.723754 4.972859
v 0.011983 19.723754 5.228773
v 2.430637 19.723754 4.972859
v 4.612537 19.723754 4.230166
v 6.344103 19.723754 3.073396
v 7.455836 19.723754 1.615780
v 7.838914 19.723754 0.000000
v 9.597976 20.594203 -0.000000
v 9.128804 20.594203 -1.978918
v 7.767214 20.594203 -3.764125
v 5.646488 20.594203 -5.180874
v 2.974218 20.594203 -6.090483
v 0.011983 20.594203 -6.403913
v -2.950252 20.594203 -6.090483
v -5.622523 20.594203 -5.180874
v -7.743249 20.594203 -3.764125
v -9.104839 20.594203 -1.978918
v -9.574011 20.594203 -0.000000
v -9.104839 20.594203 1.978918
v -7.743249 20.594203 3.764125
v -5.622523 20.594203 5.180874
v -2.950252 20.594203 6.090483
v 0.011983 20.594203 6.403913
v 2.974218 20.594203 6.090483
v 5.646488 20.594203 5.180874
v 7.767214 20.594203 3.764125
v 9.128804 20.594203 1.978918
v 9.597976 20.594203 0.000000
v 10.703769 21.607862 -0.000000
v 10.180476 21.607862 -2.207196
v 8.661820 21.607862 -4.198336
v 6.296457 21.607862 -5.778514
v 3.315927 21.607862 -6.793051
v 0.011983 21.607862 -7.142637
v -3.291961 21.607862 -6.793051
v -6.272492 21.607862 -5.778514
v -8.637854 21.607862 -4.198336
v -10.156510 21.607862 -2.207196
v -10.679804 21.607862 -0.000000
v -10.156510 21.607862 2.207196
v -8.637854 21.607862 4.198336
v -6.272492 21.607862 5.778514
v -3.291961 21.607862 6.793051
v 0.011983 21.607862 7.142637
v 3.315927 21.607862 6.793051
v 6.296457 21.607862 5.778514
v 8.661820 21.607862 4.198336
v 10.180476 21.607862 2.207196
v 10.703769 21.607862 0.000000
v 11.080935 22.695652 -0.000000
v 10.539182 22.695652 -2.285058
v 8.966953 22.695652 -4.346438
v 6.518149 22.695652 -5.982358
v 3.432477 22.695652 -7.032684
v 0.011983 22.695652 -7.394602
v -3.408511 22.695652 -7.032684
v -6.494184 22.695652 -5.982358
v -8.942987 22.695652 -4.346438
v -10.515216 22.695652 -2.285058
v -11.056969 22.695652 -0.000000
v -10.515216 22.695652 2.285058
v -8.942987 22.695652 4.346438
v -6.494184 22.695652 5.982358
v -3.408511 22.695652 7.032684
v 0.011983 22.695652 7.394602
v 3.432477 22.695652 7.032684
v 6.518149 22.695652 5.982358
v 8.966953 22.695652 4.346438
v 10.539182 22.695652 2.285058
v 11.080935 22.695652 0.000000
v 10.703769 23.783442 -0.000000
v 10.180476 23.783442 -2.207196
v 8.661820 23.783442 -4.198336
v 6.296457 23.783442 -5.778514
v 3.315927 23.783442 -6.793051
v 0.011983 23.783442 -7.142637
v -3.291961 23.783442 -6.793051
v -6.272492 23.783442 -5.778514
v -8.637854 23.783442 -4.198336
v -10.156510 23.783442 -2.207196
v -10.679804 23.783442 -0.000000
v -10.156510 23.783442 2.207196
v -8.637854 23.783442 4.198336
v -6.272492 23.783442 5.778514
v -3.291961 23.783442 6.793051
v 0.011983 23.783442 7.142637
v 3.315927 23.783442 6.793051
v 6.296457 23.783442 5.778514
v 8.661820 23.783442 4.198336
v 10.180476 23.783442 2.207196
v 10.703769 23.783442 0.000000
v 9.597976 24.797101 -0.000000
v 9.128804 24.797101 -1.978918
v 7.767214 24.797101 -3.764125
v 5.646488 24.797101 -5.180874
v 2.974218 24.797101 -6.090483
v 0.011983 24.797101 -6.403913
v -2.950252 24.797101 -6.090483
v -5.622523 24.797101 -5.180874
v -7.743249 24.797101 -3.764125
v -9.104839 24.797101 -1.978918
v -9.574011 24.797101 -0.000000
v -9.104839 24.797101 1.978918
v -7.743249 24.797101 3.764125
v -5.622523 24.797101 5.180874
v -2.950252 24.797101 6.090483
v 0.011983 24.797101 6.403913
v 2.974218 24.797101 6.090483
v 5.646488 24.797101 5.180874
v 7.767214 24.797101 3.764125
v 9.128804 24.797101 1.978918
v 9.597976 24.797101 0.000000
v 7.838914 25.667550 -0.000000
v 7.455836 25.667550 -1.615780
v 6.344103 25.667550 -3.073396
v 4.612537 25.667550 -4.230166
v 2.430637 25.667550 -4.972859
v 0.011983 25.667550 -5.228773
v -2.406672 25.667550 -4.972859
v -4.588572 25.667550 -4.230166
v -6.320137 25.667550 -3.073396
v -7.431871 25.667550 -1.615780
v -7.814948 25.667550 -0.000000
v -7.431871 25.667550 1.615780
v -6.320137 25.667550 3.073396
v -4.588572 25.667550 4.230166
v -2.406672 25.667550 4.972859
v 0.011983 25.667550 5.228773
v 2.430637 25.667550 4.972859
v 4.612537 25.667550 4.230166
v 6.344103 25.667550 3.073396
v 7.455836 25.667550 1.615780
v 7.838914 25.667550 0.000000
v 5.546459 26.335469 -0.000000
v 5.275582 26.335469 -1.142529
v 4.489468 26.335469 -2.173219
v 3.265066 26.335469 -2.991179
v 1.722230 26.335469 -3.516342
v 0.011983 26.335469 -3.697301
v -1.698264 26.335469 -3.516342
v -3.241100 26.335469 -2.991179
v -4.465502 26.335469 -2.173219
v -5.251617 26.335469 -1.142529
v -5.522493 26.335469 -0.000000
v -5.251617 26.335469 1.142529
v -4.465502 26.335469 2.173219
v -3.241100 26.335469 2.991179
v -1.698264 26.335469 3.516342
v 0.011983 26.335469 3.697301
v 1.722230 26.335469 3.516342
v 3.265066 26.335469 2.991179
v 4.489468 26.335469 2.173219
v 5.275582 26.335469 1.142529
v 5.546459 26.335469 0.000000
v 2.876838 26.755340 -0.000000
v 2.736622 26.755340 -0.591416
v 2.329700 26.755340 -1.124941
v 1.695903 26.755340 -1.548348
v 0.897272 26.755340 -1.820193
v 0.011983 26.755340 -1.913864
v -0.873306 26.755340 -1.820193
v -1.671937 26.755340 -1.548348
v -2.305734 26.755340 -1.124941
v -2.712657 26.755340 -0.591416
v -2.852873 26.755340 -0.000000
v -2.712657 26.755340 0.591416
v -2.305734 26.755340 1.124941
v -1.671937 26.755340 1.548348
v -0.873306 26.755340 1.820193
v 0.011983 26.755340 1.913864
v 0.897272 26.755340 1.820193
v 1.695903 26.755340 1.548348
v 2.329700 26.755340 1.124941
v 2.736622 26.755340 0.591416
v 2.876838 26.755340 0.000000
v 0.011983 26.898551 -0.000000
vt 0.5000000 0.6996875
vt 0.0865625 0.8056375
vt 0.1279062 0.8056375
vt 0.1692500 0.8056375
vt 0.2105938 0.8056375
vt 0.2519375 0.8056375
vt 0.2932813 0.8056375
vt 0.3346250 0.8056375
vt 0.3759688 0.8056375
vt 0.4173125 0.8056375
vt 0.4586563 0.8056375
vt 0.5000000 0.8056375
vt 0.5413438 0.8056375
vt 0.5826875 0.8056375
vt 0.6240313 0.8056375
vt 0.6653750 0.8056375
vt 0.7067187 0.8056375
vt 0.7480625 0.8056375
vt 0.7894062 0.8056375
vt 0.8307500 0.8056375
vt 0.8720937 0.8056375
vt 0.9134375 0.8056375
vt 0.0865625 0.7946797
vt 0.1279062 0.7946797
vt 0.1692500 0.7946797
vt 0.2105938 0.7946797
vt 0.2519375 0.7946797
vt 0.2932813 0.7946797
vt 0.3346250 0.7946797
vt 0.3759688 0.7946797
vt 0.4173125 0.7946797
vt 0.4586563 0.7946797
vt 0.5000000 0.7946797
vt 0.5413438 0.7946797
vt 0.5826875 0.7946797
vt 0.6240313 0.7946797
vt 0.6653750 0.7946797
vt 0.7067187 0.7946797
vt 0.7480625 0.7946797
vt 0.7894062 0.7946797
vt 0.8307500 0.7946797
vt 0.8720937 0.7946797
vt 0.9134375 0.7946797
vt 0.0865625 0.7772483
vt 0.1279062 0.7772483
vt 0.1692500 0.7772483
vt 0.2105938 0.7772483
vt 0.2519375 0.7772483
vt 0.2932813 0.7772483
vt 0.3346250 0.7772483
vt 0.3759688 0.7772483
vt 0.4173125 0.7772483
vt 0.4586563 0.7772483
vt 0.5000000 0.7772483
vt 0.5413438 0.7772483
vt 0.5826875 0.7772483
vt 0.6240313 0.7772483
vt 0.6653750 0.7772483
vt 0.7067187 0.7772483
vt 0.7480625 0.7772483
vt 0.7894062 0.7772483
vt 0.8307500 0.7772483
vt 0.8720937 0.7772483
vt 0.9134375 0.7772483
vt 0.0865625 0.7545312
vt 0.1279062 0.7545312
vt 0.1692500 0.7545312
vt 0.2105938 0.7545312
vt 0.2519375 0.7545312
vt 0.2932813 0.7545312
vt 0.3346250 0.7545312
vt 0.3759688 0.7545312
vt 0.4173125 0.7545312
vt 0.4586563 0.7545312
vt 0.5000000 0.7545312
vt 0.5413438 0.7545312
vt 0.5826875 0.7545312
vt 0.6240313 0.7545312
vt 0.6653750 0.7545312
vt 0.7067187 0.7545312
vt 0.7480625 0.7545312
vt 0.7894062 0.7545312
vt 0.8307500 0.7545312
vt 0.8720937 0.7545312
vt 0.9134375 0.7545312
vt 0.0865625 0.7280767
vt 0.1279062 0.7280767
vt 0.1692500 0.7280767
vt 0.2105938 0.7280767
vt 0.2519375 0.7280767
vt 0.2932813 0.7280767
vt 0.3346250 0.7280767
vt 0.3759688 0.7280767
vt 0.4173125 0.7280767
vt 0.4586563 0.7280767
vt 0.5000000 0.7280767
vt 0.5413438 0.7280767
vt 0.5826875 0.7280767
vt 0.6240313 0.7280767
vt 0.6653750 0.7280767
vt 0.7067187 0.7280767
vt 0.7480625 0.7280767
vt 0.7894062 0.7280767
vt 0.8307500 0.7280767
vt 0.8720937 0.7280767
vt 0.9134375 0.7280767
vt 0.0865625 0.6996875
vt 0.1279062 0.6996875
vt 0.1692500 0.6996875
vt 0.2105938 0.6996875
vt 0.2519375 0.6996875
vt 0.2932813 0.6996875
vt 0.3346250 0.6996875
vt 0.3759688 0.6996875
vt 0.4173125 0.6996875
vt 0.4586563 0.6996875
vt 0.5000000 0.6996875
vt 0.5413438 0.6996875
vt 0.5826875 0.6996875
vt 0.6240313 0.6996875
vt 0.6653750 0.6996875
vt 0.7067187 0.6996875
vt 0.7480625 0.6996875
vt 0.7894062 0.6996875
vt 0.8307500 0.6996875
vt 0.8720937 0.6996875
vt 0.9134375 0.6996875
vt 0.0865625 0.6712983
vt 0.1279062 0.6712983
vt 0.1692500 0.6712983
vt 0.2105938 0.6712983
vt 0.2519375 0.6712983
vt 0.2932813 0.6712983
vt 0.3346250 0.6712983
vt 0.3759688 0.6712983
vt 0.4173125 0.6712983
vt 0.4586563 0.6712983
vt 0.5000000 0.6712983
vt 0.5413438 0.6712983
vt 0.5826875 0.6712983
vt 0.6240313 0.6712983
vt 0.6653750 0.6712983
vt 0.7067187 0.6712983
vt 0.7480625 0.6712983
vt 0.7894062 0.6712983
vt 0.8307500 0.6712983
vt 0.8720937 0.6712983
vt 0.9134375 0.6712983
vt 0.0865625 0.6448438
vt 0.1279062 0.6448438
vt 0.1692500 0.6448438
vt 0.2105938 0.6448438
vt 0.2519375 0.6448438
vt 0.2932813 0.6448438
vt 0.3346250 0.6448438
vt 0.3759688 0.6448438
vt 0.4173125 0.6448438
vt 0.4586563 0.6448438
vt 0.5000000 0.6448438
vt 0.5413438 0.6448438
vt 0.5826875 0.6448438
vt 0.6240313 0.6448438
vt 0.6653750 0.6448438
vt 0.7067187 0.6448438
vt 0.7480625 0.6448438
vt 0.7894062 0.6448438
vt 0.8307500 0.6448438
vt 0.8720937 0.6448438
vt 0.9134375 0.6448438
vt 0.0865625 0.6221267
vt 0.1279062 0.6221267
vt 0.1692500 0.6221267
vt 0.2105938 0.6221267
vt 0.2519375 0.6221267
vt 0.2932813 0.6221267
vt 0.3346250 0.6221267
vt 0.3759688 0.6221267
vt 0.4173125 0.6221267
vt 0.4586563 0.6221267
vt 0.5000000 0.6221267
vt 0.5413438 0.6221267
vt 0.5826875 0.6221267
vt 0.6240313 0.6221267
vt 0.6653750 0.6221267
vt 0.7067187 0.6221267
vt 0.7480625 0.6221267
vt 0.7894062 0.6221267
vt 0.8307500 0.6221267
vt 0.8720937 0.6221267
vt 0.9134375 0.6221267
vt 0.0865625 0.6046953
vt 0.1279062 0.6046953
vt 0.1692500 0.6046953
vt 0.2105938 0.6046953
vt 0.2519375 0.6046953
vt 0.2932813 0.6046953
vt 0.3346250 0.6046953
vt 0.3759688 0.6046953
vt 0.4173125 0.6046953
vt 0.4586563 0.6046953
vt 0.5000000 0.6046953
vt 0.5413438 0.6046953
vt 0.5826875 0.6046953
vt 0.6240313 0.6046953
vt 0.6653750 0.6046953
vt 0.7067187 0.6046953
vt 0.7480625 0.6046953
vt 0.7894062 0.6046953
vt 0.8307500 0.6046953
vt 0.8720937 0.6046953
vt 0.9134375 0.6046953
vt 0.0865625 0.5937375
vt 0.1279062 0.5937375
vt 0.1692500 0.5937375
vt 0.2105938 0.5937375
vt 0.2519375 0.5937375
vt 0.2932813 0.5937375
vt 0.3346250 0.5937375
vt 0.3759688 0.5937375
vt 0.4173125 0.5937375
vt 0.4586563 0.5937375
vt 0.5000000 0.5937375
vt 0.5413438 0.5937375
vt 0.5826875 0.5937375
vt 0.6240313 0.5937375
vt 0.6653750 0.5937375
vt 0.7067187 0.5937375
vt 0.7480625 0.5937375
vt 0.7894062 0.5937375
vt 0.8307500 0.5937375
vt 0.8720937 0.5937375
vt 0.9134375 0.5937375
vt 0.5000000 0.6996875
vn -0.0000000 -1.0000000 -0.0000000
vn 0.1185422 -0.9928793 -0.0117672
vn 0.1101825 -0.9917211 -0.0659479
vn 0.0909599 -0.9893749 -0.1134179
vn 0.0629268 -0.9867506 -0.1495441
vn 0.0289194 -0.9848462 -0.1710021
vn -0.0077937 -0.9843727 -0.1759252
vn -0.0437803 -0.9855053 -0.1638980
vn -0.0756500 -0.9878240 -0.1359441
vn -0.1002780 -0.9904569 -0.0945487
vn -0.1151133 -0.9923941 -0.0436211
vn -0.1185422 -0.9928793 0.0117672
vn -0.1101825 -0.9917211 0.0659479
vn -0.0909599 -0.9893749 0.1134179
vn -0.0629268 -0.9867506 0.1495441
vn -0.0289194 -0.9848462 0.1710021
vn 0.0077937 -0.9843727 0.1759252
vn 0.0437803 -0.9855053 0.1638980
vn 0.0756500 -0.9878240 0.1359441
vn 0.1002780 -0.9904569 0.0945487
vn 0.1151133 -0.9923941 0.0436211
vn 0.1185422 -0.9928793 -0.0117672
vn 0.2235884 -0.9746152 -0.0115507
vn 0.2095106 -0.9711380 -0.1140017
vn 0.1743201 -0.9633900 -0.2036964
vn 0.1225962 -0.9545042 -0.2718308
vn 0.0600574 -0.9478409 -0.3130347
vn -0.0074880 -0.9457601 -0.3247797
vn -0.0744203 -0.9489709 -0.3064570
vn -0.1350881 -0.9563735 -0.2590386
vn -0.1836525 -0.9653121 -0.1855917
vn -0.2145307 -0.9723534 -0.0922246
vn -0.2235884 -0.9746152 0.0115507
vn -0.2095106 -0.9711380 0.1140017
vn -0.1743201 -0.9633900 0.2036964
vn -0.1225962 -0.9545042 0.2718308
vn -0.0600574 -0.9478409 0.3130347
vn 0.0074880 -0.9457601 0.3247797
vn 0.0744203 -0.9489709 0.3064570
vn 0.1350881 -0.9563735 0.2590386
vn 0.1836525 -0.9653121 0.1855917
vn 0.2145307 -0.9723534 0.0922246
vn 0.2235884 -0.9746152 -0.0115507
vn 0.3621315 -0.9320616 -0.0110464
vn 0.3391757 -0.9240209 -0.1764799
vn 0.2804320 -0.9055790 -0.3182525
vn 0.1964023 -0.8848330 -0.4224888
vn 0.0978473 -0.8695092 -0.4841278
vn -0.0068439 -0.8644156 -0.5027314
vn -0.1111306 -0.8709877 -0.4785713
vn -0.2083305 -0.8873583 -0.4113316
vn -0.2897244 -0.9082867 -0.3017865
vn -0.3443573 -0.9257959 -0.1559487
vn -0.3621315 -0.9320616 0.0110464
vn -0.3391757 -0.9240209 0.1764799
vn -0.2804320 -0.9055790 0.3182525
vn -0.1964023 -0.8848330 0.4224888
vn -0.0978473 -0.8695092 0.4841278
vn 0.0068439 -0.8644156 0.5027314
vn 0.1111306 -0.8709877 0.4785713
vn 0.2083305 -0.8873583 0.4113316
vn 0.2897244 -0.9082867 0.3017865
vn 0.3443573 -0.9257959 0.1559487
vn 0.3621315 -0.9320616 -0.0110464
vn 0.5553564 -0.8315541 -0.0098552
vn 0.5161216 -0.8157189 -0.2611917
vn 0.4178186 -0.7800198 -0.4658290
vn 0.2866620 -0.7423609 -0.6055784
vn 0.1423800 -0.7160235 -0.6834020
vn -0.0055992 -0.7071991 -0.7069923
vn -0.1534669 -0.7174433 -0.6795021
vn -0.2971959 -0.7449267 -0.5972929
vn -0.4267015 -0.7829979 -0.4525926
vn -0.5214528 -0.8178200 -0.2434283
vn -0.5553564 -0.8315541 0.0098552
vn -0.5161216 -0.8157189 0.2611917
vn -0.4178186 -0.7800198 0.4658290
vn -0.2866620 -0.7423609 0.6055784
vn -0.1423800 -0.7160235 0.6834020
vn 0.0055992 -0.7071991 0.7069923
vn 0.1534669 -0.7174433 0.6795021
vn 0.2971959 -0.7449267 0.5972929
vn 0.4267015 -0.7829979 0.4525926
vn 0.5214528 -0.8178200 0.2434283
vn 0.5553564 -0.8315541 -0.0098552
vn 0.8203671 -0.5717971 -0.0067767
vn 0.7485712 -0.5495913 -0.3709321
vn 0.5813611 -0.5028828 -0.6396313
vn 0.3842618 -0.4591488 -0.8009528
vn 0.1879528 -0.4312603 -0.8824332
vn -0.0033420 -0.4221120 -0.9065375
vn -0.1947477 -0.4319262 -0.8806322
vn -0.3912509 -0.4604517 -0.7968105
vn -0.5880383 -0.5045961 -0.6321343
vn -0.7531473 -0.5509716 -0.3594432
vn -0.8203671 -0.5717971 0.0067767
vn -0.7485712 -0.5495913 0.3709321
vn -0.5813611 -0.5028828 0.6396313
vn -0.3842618 -0.4591488 0.8009528
vn -0.1879528 -0.4312603 0.8824332
vn 0.0033420 -0.4221120 0.9065375
vn 0.1947477 -0.4319262 0.8806322
vn 0.3912509 -0.4604517 0.7968105
vn 0.5880383 -0.5045961 0.6321343
vn 0.7531473 -0.5509716 0.3594432
vn 0.8203671 -0.5717971 -0.0067767
vn 1.0000000 -0.0000000 -0.0000000
vn 0.8992759 0.0000000 -0.4373818
vn 0.6768534 0.0000000 -0.7361179
vn 0.4366504 0.0000000 -0.8996313
vn 0.2121226 -0.0000000 -0.9772431
vn 0.0000000 0.0000000 -1.0000000
vn -0.2121226 0.0000000 -0.9772431
vn -0.4366504 0.0000000 -0.8996313
vn -0.6768534 -0.0000000 -0.7361179
vn -0.8992759 -0.0000000 -0.4373818
vn -1.0000000 0.0000000 -0.0000000
vn -0.8992759 0.0000000 0.4373818
vn -0.6768534 -0.0000000 0.7361179
vn -0.4366504 -0.0000000 0.8996313
vn -0.2121226 -0.0000000 0.9772431
vn -0.0000000 0.0000000 1.0000000
vn 0.2121226 0.0000000 0.9772431
vn 0.4366504 -0.0000000 0.8996313
vn 0.6768534 -0.0000000 0.7361179
vn 0.8992759 0.0000000 0.4373818
vn 1.0000000 -0.0000000 -0.0000000
vn 0.8203671 0.5717971 0.0067767
vn 0.7531473 0.5509716 -0.3594432
vn 0.5880383 0.5045961 -0.6321343
vn 0.3912509 0.4604517 -0.7968105
vn 0.1947477 0.4319262 -0.8806322
vn 0.0033420 0.4221120 -0.9065375
vn -0.1879528 0.4312603 -0.8824332
vn -0.3842618 0.4591488 -0.8009528
vn -0.5813611 0.5028828 -0.6396313
vn -0.7485712 0.5495913 -0.3709321
vn -0.8203671 0.5717971 -0.0067767
vn -0.7531473 0.5509716 0.3594432
vn -0.5880383 0.5045961 0.6321343
vn -0.3912509 0.4604517 0.7968105
vn -0.1947477 0.4319262 0.8806322
vn -0.0033420 0.4221120 0.9065375
vn 0.1879528 0.4312603 0.8824332
vn 0.3842618 0.4591488 0.8009528
vn 0.5813611 0.5028828 0.6396313
vn 0.7485712 0.5495913 0.3709321
vn 0.8203671 0.5717971 0.0067767
vn 0.5553564 0.8315541 0.0098552
vn 0.5214528 0.8178200 -0.2434283
vn 0.4267015 0.7829979 -0.4525926
vn 0.2971959 0.7449267 -0.5972929
vn 0.1534669 0.7174433 -0.6795021
vn 0.0055992 0.7071991 -0.7069923
vn -0.1423800 0.7160235 -0.6834020
vn -0.2866620 0.7423609 -0.6055784
vn -0.4178186 0.7800198 -0.4658290
vn -0.5161216 0.8157189 -0.2611917
vn -0.5553564 0.8315541 -0.0098552
vn -0.5214528 0.8178200 0.2434283
vn -0.4267015 0.7829979 0.4525926
vn -0.2971959 0.7449267 0.5972929
vn -0.1534669 0.7174433 0.6795021
vn -0.0055992 0.7071991 0.7069923
vn 0.1423800 0.7160235 0.6834020
vn 0.2866620 0.7423609 0.6055784
vn 0.4178186 0.7800198 0.4658290
vn 0.5161216 0.8157189 0.2611917
vn 0.5553564 0.8315541 0.0098552
vn 0.3621315 0.9320616 0.0110464
vn 0.3443573 0.9257959 -0.1559487
vn 0.2897244 0.9082867 -0.3017865
vn 0.2083305 0.8873583 -0.4113316
vn 0.1111306 0.8709877 -0.4785713
vn 0.0068439 0.8644156 -0.5027314
vn -0.0978473 0.8695092 -0.4841278
vn -0.1964023 0.8848330 -0.4224888
vn -0.2804320 0.9055790 -0.3182525
vn -0.3391757 0.9240209 -0.1764799
vn -0.3621315 0.9320616 -0.0110464
vn -0.3443573 0.9257959 0.1559487
vn -0.2897244 0.9082867 0.3017865
vn -0.2083305 0.8873583 0.4113316
vn -0.1111306 0.8709877 0.4785713
vn -0.0068439 0.8644156 0.5027314
vn 0.0978473 0.8695092 0.4841278
vn 0.1964023 0.8848330 0.4224888
vn 0.2804320 0.9055790 0.3182525
vn 0.3391757 0.9240209 0.1764799
vn 0.3621315 0.9320616 0.0110464
vn 0.2235884 0.9746152 0.0115507
vn 0.2145307 0.9723534 -0.0922246
vn 0.1836525 0.9653121 -0.1855917
vn 0.1350881 0.9563735 -0.2590386
vn 0.0744203 0.9489709 -0.3064570
vn 0.0074880 0.9457601 -0.3247797
vn -0.0600574 0.9478409 -0.3130347
vn -0.1225962 0.9545042 -0.2718308
vn -0.1743201 0.9633900 -0.2036964
vn -0.2095106 0.9711380 -0.1140017
vn -0.2235884 0.9746152 -0.0115507
vn -0.2145307 0.9723534 0.0922246
vn -0.1836525 0.9653121 0.1855917
vn -0.1350881 0.9563735 0.2590386
vn -0.0744203 0.9489709 0.3064570
vn -0.0074880 0.9457601 0.3247797
vn 0.0600574 0.9478409 0.3130347
vn 0.1225962 0.9545042 0.2718308
vn 0.1743201 0.9633900 0.2036964
vn 0.2095106 0.9711380 0.1140017
vn 0.2235884 0.9746152 0.0115507
vn 0.1185422 0.9928793 0.0117672
vn 0.1151133 0.9923941 -0.0436211
vn 0.1002780 0.9904569 -0.0945487
vn 0.0756500 0.9878240 -0.1359441
vn 0.0437803 0.9855053 -0.1638980
vn 0.0077937 0.9843727 -0.1759252
vn -0.0289194 0.9848462 -0.1710021
vn -0.0629268 0.9867506 -0.1495441
vn -0.0909599 0.9893749 -0.1134179
vn -0.1101825 0.9917211 -0.0659479
vn -0.1185422 0.9928793 -0.0117672
vn -0.1151133 0.9923941 0.0436211
vn -0.1002780 0.9904569 0.0945487
vn -0.0756500 0.9878240 0.1359441
vn -0.0437803 0.9855053 0.1638980
vn -0.0077937 0.9843727 0.1759252
vn 0.0289194 0.9848462 0.1710021
vn 0.0629268 0.9867506 0.1495441
vn 0.0909599 0.9893749 0.1134179
vn 0.1101825 0.9917211 0.0659479
vn 0.1185422 0.9928793 0.0117672
vn -0.0000000 1.0000000 0.0000000
s 1
f 741/741/741 743/743/743 742/742/742
f 741/741/741 744/744/744 743/743/743
f 741/741/741 745/745/745 744/744/744
f 741/741/741 746/746/746 745/745/745
f 741/741/741 747/747/747 746/746/746
f 741/741/741 748/748/748 747/747/747
f 741/741/741 749/749/749 748/748/748
f 741/741/741 750/750/750 749/749/749
f 741/741/741 751/751/751 750/750/750
f 741/741/741 752/752/752 751/751/751
f 741/741/741 753/753/753 752/752/752
f 741/741/741 754/754/754 753/753/753
f 741/741/741 755/755/755 754/754/754
f 741/741/741 756/756/756 755/755/755
f 741/741/741 757/757/757 756/756/756
f 741/741/741 758/758/758 757/757/757
f 741/741/741 759/759/759 758/758/758
f 741/741/741 760/760/760 759/759/759
f 741/741/741 761/761/761 760/760/760
f 741/741/741 762/762/762 761/761/761
f 742/742/742 743/743/743 764/764/764
f 742/742/742 764/764/764 763/763/763
f 743/743/743 744/744/744 765/765/765
f 743/743/743 765/765/765 764/764/764
f 744/744/744 745/745/745 766/766/766
f 744/744/744 766/766/766 765/765/765
f 745/745/745 746/746/746 767/767/767
f 745/745/745 767/767/767 766/766/766
f 746/746/746 747/747/747 768/768/768
f 746/746/746 768/768/768 767/767/767
f 747/747/747 748/748/748 769/769/769
f 747/747/747 769/769/769 768/768/768
f 748/748/748 749/749/749 770/770/770
f 748/748/748 770/770/770 769/769/769
f 749/749/749 750/750/750 771/771/771
f 749/749/749 771/771/771 770/770/770
f 750/750/750 751/751/751 772/772/772
f 750/750/750 772/772/772 771/771/771
f 751/751/751 752/752/752 773/773/773
f 751/751/751 773/773/773 772/772/772
f 752/752/752 753/753/753 774/774/774
f 752/752/752 774/774/774 773/773/773
f 753/753/753 754/754/754 775/775/775
f 753/753/753 775/775/775 774/774/774
f 754/754/754 755/755/755 776/776/776
f 754/754/754 776/776/776 775/775/775
f 755/755/755 756/756/756 777/777/777
f 755/755/755 777/777/777 776/776/776
f 756/756/756 757/757/757 778/778/778
f 756/756/756 778/778/778 777/777/777
f 757/757/757 758/758/758 779/779/779
f 757/757/757 779/779/779 778/778/778
f 758/758/758 759/759/759 780/780/780
f 758/758/758 780/780/780 779/779/779
f 759/759/759 760/760/760 781/781/781
f 759/759/759 781/781/781 780/780/780
f 760/760/760 761/761/761 782/782/782
f 760/760/760 782/782/782 781/781/781
f 761/761/761 762/762/762 783/783/783
f 761/761/761 783/783/783 782/782/782
f 763/763/763 764/764/764 785/785/785
f 763/763/763 785/785/785 784/784/784
f 764/764/764 765/765/765 786/786/786
f 764/764/764 786/786/786 785/785/785
f 765/765/765 766/766/766 787/787/787
f 765/765/765 787/787/787 786/786/786
f 766/766/766 767/767/767 788/788/788
f 766/766/766 788/788/788 787/787/787
f 767/767/767 768/768/768 789/789/789
f 767/767/767 789/789/789 788/788/788
f 768/768/768 769/769/769 790/790/790
f 768/768/768 790/790/790 789/789/789
f 769/769/769 770/770/770 791/791/791
f 769/769/769 791/791/791 790/790/790
f 770/770/770 771/771/771 792/792/792
f 770/770/770 792/792/792 791/791/791
f 771/771/771 772/772/772 793/793/793
f 771/771/771 793/793/793 792/792/792
f 772/772/772 773/773/773 794/794/794
f 772/772/772 794/794/794 793/793/793
f 773/773/773 774/774/774 795/795/795
f 773/773/773 795/795/795 794/794/794
f 774/774/774 775/775/775 796/796/796
f 774/774/774 796/796/796 795/795/795
f 775/775/775 776/776/776 797/797/797
f 775/775/775 797/797/797 796/796/796
f 776/776/776 777/777/777 798/798/798
f 776/776/776 798/798/798 797/797/797
f 777/777/777 778/778/778 799/799/799
f 777/777/777 799/799/799 798/798/798
f 778/778/778 779/779/779 800/800/800
f 778/778/778 800/800/800 799/799/799
f 779/779/779 780/780/780 801/801/801
f 779/779/779 801/801/801 800/800/800
f 780/780/780 781/781/781 802/802/802
f 780/780/780 802/802/802 801/801/801
f 781/781/781 782/782/782 803/803/803
f 781/781/781 803/803/803 802/802/802
f 782/782/782 783/783/783 804/804/804
f 782/782/782 804/804/804 803/803/803
f 784/784/784 785/785/785 806/806/806
f 784/784/784 806/806/806 805/805/805
f 785/785/785 786/786/786 807/807/807
f 785/785/785 807/807/807 806/806/806
f 786/786/786 787/787/787 808/808/808
f 786/786/786 808/808/808 807/807/807
f 787/787/787 788/788/788 809/809/809
f 787/787/787 809/809/809 808/808/808
f 788/788/788 789/789/789 810/810/810
f 788/788/788 810/810/810 809/809/809
f 789/789/789 790/790/790 811/811/811
f 789/789/789 811/811/811 810/810/810
f 790/790/790 791/791/791 812/812/812
f 790/790/790 812/812/812 811/811/811
f 791/791/791 792/792/792 813/813/813
f 791/791/791 813/813/813 812/812/812
f 792/792/792 793/793/793 814/814/814
f 792/792/792 814/814/814 813/813/813
f 793/793/793 794/794/794 815/815/815
f 793/793/793 815/815/815 814/814/814
f 794/794/794 795/795/795 816/816/816
f 794/794/794 816/816/816 815/815/815
f 795/795/795 796/796/796 817/817/817
f 795/795/795 817/817/817 816/816/816
f 796/796/796 797/797/797 818/818/818
f 796/796/796 818/818/818 817/817/817
f 797/797/797 798/798/798 819/819/819
f 797/797/797 819/819/819 818/818/818
f 798/798/798 799/799/799 820/820/820
f 798/798/798 820/820/820 819/819/819
f 799/799/799 800/800/800 821/821/821
f 799/799/799 821/821/821 820/820/820
f 800/800/800 801/801/801 822/822/822
f 800/800/800 822/822/822 821/821/821
f 801/801/801 802/802/802 823/823/823
f 801/801/801 823/823/823 822/822/822
f 802/802/802 803/803/803 824/824/824
f 802/802/802 824/824/824 823/823/823
f 803/803/803 804/804/804 825/825/825
f 803/803/803 825/825/825 824/824/824
f 805/805/805 806/806/806 827/827/827
f 805/805/805 827/827/827 826/826/826
f 806/806/806 807/807/807 828/828/828
f 806/806/806 828/828/828 827/827/827
f 807/807/807 808/808/808 829/829/829
f 807/807/807 829/829/829 828/828/828
f 808/808/808 809/809/809 830/830/830
f 808/808/808 830/830/830 829/829/829
f 809/809/809 810/810/810 831/831/831
f 809/809/809 831/831/831 830/830/830
f 810/810/810 811/811/811 832/832/832
f 810/810/810 832/832/832 831/831/831
f 811/811/811 812/812/812 833/833/833
f 811/811/811 833/833/833 832/832/832
f 812/812/812 813/813/813 834/834/834
f 812/812/812 834/834/834 833/833/833
f 813/813/813 814/814/814 835/835/835
f 813/813/813 835/835/835 834/834/834
f 814/814/814 815/815/815 836/836/836
f 814/814/814 836/836/836 835/835/835
f 815/815/815 816/816/816 837/837/837
f 815/815/815 837/837/837 836/836/836
f 816/816/816 817/817/817 838/838/838
f 816/816/816 838/838/838 837/837/837
f 817/817/817 818/818/818 839/839/839
f 817/817/817 839/839/839 838/838/838
f 818/818/818 819/819/819 840/840/840
f 818/818/818 840/840/840 839/839/839
f 819/819/819 820/820/820 841/841/841
f 819/819/819 841/841/841 840/840/840
f 820/820/820 821/821/821 842/842/842
f 820/820/820 842/842/842 841/841/841
f 821/821/821 822/822/822 843/843/843
f 821/821/821 843/843/843 842/842/842
f 822/822/822 823/823/823 844/844/844
f 822/822/822 844/844/844 843/843/843
f 823/823/823 824/824/824 845/845/845
f 823/823/823 845/845/845 844/844/844
f 824/824/824 825/825/825 846/846/846
f 824/824/824 846/846/846 845/845/845
f 826/826/826 827/827/827 848/848/848
f 826/826/826 848/848/848 847/847/847
f 827/827/827 828/828/828 849/849/849
f 827/827/827 849/849/849 848/848/848
f 828/828/828 829/829/829 850/850/850
f 828/828/828 850/850/850 849/849/849
f 829/829/829 830/830/830 851/851/851
f 829/829/829 851/851/851 850/850/850
f 830/830/830 831/831/831 852/852/852
f 830/830/830 852/852/852 851/851/851
f 831/831/831 832/832/832 853/853/853
f 831/831/831 853/853/853 852/852/852
f 832/832/832 833/833/833 854/854/854
f 832/832/832 854/854/854 853/853/853
f 833/833/833 834/834/834 855/855/855
f 833/833/833 855/855/855 854/854/854
f 834/834/834 835/835/835 856/856/856
f 834/834/834 856/856/856 855/855/855
f 835/835/835 836/836/836 857/857/857
f 835/835/835 857/857/857 856/856/856
f 836/836/836 837/837/837 858/858/858
f 836/836/836 858/858/858 857/857/857
f 837/837/837 838/838/838 859/859/859
f 837/837/837 859/859/859 858/858/858
f 838/838/838 839/839/839 860/860/860
f 838/838/838 860/860/860 859/859/859
f 839/839/839 840/840/840 861/861/861
f 839/839/839 861/861/861 860/860/860
f 840/840/840 841/841/841 862/862/862
f 840/840/840 862/862/862 861/861/861
f 841/841/841 842/842/842 863/863/863
f 841/841/841 863/863/863 862/862/862
f 842/842/842 843/843/843 864/864/864
f 842/842/842 864/864/864 863/863/863
f 843/843/843 844/844/844 865/865/865
f 843/843/843 865/865/865 864/864/864
f 844/844/844 845/845/845 866/866/866
f 844/844/844 866/866/866 865/865/865
f 845/845/845 846/846/846 867/867/867
f 845/845/845 867/867/867 866/866/866
f 847/847/847 848/848/848 869/869/869
f 847/847/847 869/869/869 868/868/868
f 848/848/848 849/849/849 870/870/870
f 848/848/848 870/870/870 869/869/869
f 849/849/849 850/850/850 871/871/871
f 849/849/849 871/871/871 870/870/870
f 850/850/850 851/851/851 872/872/872
f 850/850/850 872/872/872 871/871/871
f 851/851/851 852/852/852 873/873/873
f 851/851/851 873/873/873 872/872/872
f 852/852/852 853/853/853 874/874/874
f 852/852/852 874/874/874 873/873/873
f 853/853/853 854/854/854 875/875/875
f 853/853/853 875/875/875 874/874/874
f 854/854/854 855/855/855 876/876/876
f 854/854/854 876/876/876 875/875/875
f 855/855/855 856/856/856 877/877/877
f 855/855/855 877/877/877 876/876/876
f 856/856/856 857/857/857 878/878/878
f 856/856/856 878/878/878 877/877/877
f 857/857/857 858/858/858 879/879/879
f 857/857/857 879/879/879 878/878/878
f 858/858/858 859/859/859 880/880/880
f 858/858/858 880/880/880 879/879/879
f 859/859/859 860/860/860 881/881/881
f 859/859/859 881/881/881 880/880/880
f 860/860/860 861/861/861 882/882/882
f 860/860/860 882/882/882 881/881/881
f 861/861/861 862/862/862 883/883/883
f 861/861/861 883/883/883 882/882/882
f 862/862/862 863/863/863 884/884/884
f 862/862/862 884/884/884 883/883/883
f 863/863/863 864/864/864 885/885/885
f 863/863/863 885/885/885 884/884/884
f 864/864/864 865/865/865 886/886/886
f 864/864/864 886/886/886 885/885/885
f 865/865/865 866/866/866 887/887/887
f 865/865/865 887/887/887 886/886/886
f 866/866/866 867/867/867 888/888/888
f 866/866/866 888/888/888 887/887/887
f 868/868/868 869/869/869 890/890/890
f 868/868/868 890/890/890 889/889/889
f 869/869/869 870/870/870 891/891/891
f 869/869/869 891/891/891 890/890/890
f 870/870/870 871/871/871 892/892/892
f 870/870/870 892/892/892 891/891/891
f 871/871/871 872/872/872 893/893/893
f 871/871/871 893/893/893 892/892/892
f 872/872/872 873/873/873 894/894/894
f 872/872/872 894/894/894 893/893/893
f 873/873/873 874/874/874 895/895/895
f 873/873/873 895/895/895 894/894/894
f 874/874/874 875/875/875 896/896/896
f 874/874/874 896/896/896 895/895/895
f 875/875/875 876/876/876 897/897/897
f 875/875/875 897/897/897 896/896/896
f 876/876/876 877/877/877 898/898/898
f 876/876/876 898/898/898 897/897/897
f 877/877/877 878/878/878 899/899/899
f 877/877/877 899/899/899 898/898/898
f 878/878/878 879/879/879 900/900/900
f 878/878/878 900/900/900 899/899/899
f 879/879/879 880/880/880 901/901/901
f 879/879/879 901/901/901 900/900/900
f 880/880/880 881/881/881 902/902/902
f 880/880/880 902/902/902 901/901/901
f 881/881/881 882/882/882 903/903/903
f 881/881/881 903/903/903 902/902/902
f 882/882/882 883/883/883 904/904/904
f 882/882/882 904/904/904 903/903/903
f 883/883/883 884/884/884 905/905/905
f 883/883/883 905/905/905 904/904/904
f 884/884/884 885/885/885 906/906/906
f 884/884/884 906/906/906 905/905/905
f 885/885/885 886/886/886 907/907/907
f 885/885/885 907/907/907 906/906/906
f 886/886/886 887/887/887 908/908/908
f 886/886/886 908/908/908 907/907/907
f 887/887/887 888/888/888 909/909/909
f 887/887/887 909/909/909 908/908/908
f 889/889/889 890/890/890 911/911/911
f 889/889/889 911/911/911 910/910/910
f 890/890/890 891/891/891 912/912/912
f 890/890/890 912/912/912 911/911/911
f 891/891/891 892/892/892 913/913/913
f 891/891/891 913/913/913 912/912/912
f 892/892/892 893/893/893 914/914/914
f 892/892/892 914/914/914 913/913/913
f 893/893/893 894/894/894 915/915/915
f 893/893/893 915/915/915 914/914/914
f 894/894/894 895/895/895 916/916/916
f 894/894/894 916/916/916 915/915/915
f 895/895/895 896/896/896 917/917/917
f 895/895/895 917/917/917 916/916/916
f 896/896/896 897/897/897 918/918/918
f 896/896/896 918/918/918 917/917/917
f 897/897/897 898/898/898 919/919/919
f 897/897/897 919/919/919 918/918/918
f 898/898/898 899/899/899 920/920/920
f 898/898/898 920/920/920 919/919/919
f 899/899/899 900/900/900 921/921/921
f 899/899/899 921/921/921 920/920/920
f 900/900/900 901/901/901 922/922/922
f 900/900/900 922/922/922 921/921/921
f 901/901/901 902/902/902 923/923/923
f 901/901/901 923/923/923 922/922/922
f 902/902/902 903/903/903 924/924/924
f 902/902/902 924/924/924 923/923/923
f 903/903/903 904/904/904 925/925/925
f 903/903/903 925/925/925 924/924/924
f 904/904/904 905/905/905 926/926/926
f 904/904/904 926/926/926 925/925/925
f 905/905/905 906/906/906 927/927/927
f 905/905/905 927/927/927 926/926/926
f 906/906/906 907/907/907 928/928/928
f 906/906/906 928/928/928 927/927/927
f 907/907/907 908/908/908 929/929/929
f 907/907/907 929/929/929 928/928/928
f 908/908/908 909/909/909 930/930/930
f 908/908/908 930/930/930 929/929/929
f 910/910/910 911/911/911 932/932/932
f 910/910/910 932/932/932 931/931/931
f 911/911/911 912/912/912 933/933/933
f 911/911/911 933/933/933 932/932/932
f 912/912/912 913/913/913 934/934/934
f 912/912/912 934/934/934 933/933/933
f 913/913/913 914/914/914 935/935/935
f 913/913/913 935/935/935 934/934/934
f 914/914/914 915/915/915 936/936/936
f 914/914/914 936/936/936 935/935/935
f 915/915/915 916/916/916 937/937/937
f 915/915/915 937/937/937 936/936/936
f 916/916/916 917/917/917 938/938/938
f 916/916/916 938/938/938 937/937/937
f 917/917/917 918/918/918 939/939/939
f 917/917/917 939/939/939 938/938/938
f 918/918/918 919/919/919 940/940/940
f 918/918/918 940/940/940 939/939/939
f 919/919/919 920/920/920 941/941/941
f 919/919/919 941/941/941 940/940/940
f 920/920/920 921/921/921 942/942/942
f 920/920/920 942/942/942 941/941/941
f 921/921/921 922/922/922 943/943/943
f 921/921/921 943/943/943 942/942/942
f 922/922/922 923/923/923 944/944/944
f 922/922/922 944/944/944 943/943/943
f 923/923/923 924/924/924 945/945/945
f 923/923/923 945/945/945 944/944/944
f 924/924/924 925/925/925 946/946/946
f 924/924/924 946/946/946 945/945/945
f 925/925/925 926/926/926 947/947/947
f 925/925/925 947/947/947 946/946/946
f 926/926/926 927/927/927 948/948/948
f 926/926/926 948/948/948 947/947/947
f 927/927/927 928/928/928 949/949/949
f 927/927/927 949/949/949 948/948/948
f 928/928/928 929/929/929 950/950/950
f 928/928/928 950/950/950 949/949/949
f 929/929/929 930/930/930 951/951/951
f 929/929/929 951/951/951 950/950/950
f 931/931/931 932/932/932 953/953/953
f 931/931/931 953/953/953 952/952/952
f 932/932/932 933/933/933 954/954/954
f 932/932/932 954/954/954 953/953/953
f 933/933/933 934/934/934 955/955/955
f 933/933/933 955/955/955 954/954/954
f 934/934/934 935/935/935 956/956/956
f 934/934/934 956/956/956 955/955/955
f 935/935/935 936/936/936 957/957/957
f 935/935/935 957/957/957 956/956/956
f 936/936/936 937/937/937 958/958/958
f 936/936/936 958/958/958 957/957/957
f 937/937/937 938/938/938 959/959/959
f 937/937/937 959/959/959 958/958/958
f 938/938/938 939/939/939 960/960/960
f 938/938/938 960/960/960 959/959/959
f 939/939/939 940/940/940 961/961/961
f 939/939/939 961/961/961 960/960/960
f 940/940/940 941/941/941 962/962/962
f 940/940/940 962/962/962 961/961/961
f 941/941/941 942/942/942 963/963/963
f 941/941/941 963/963/963 962/962/962
f 942/942/942 943/943/943 964/964/964
f 942/942/942 964/964/964 963/963/963
f 943/943/943 944/944/944 965/965/965
f 943/943/943 965/965/965 964/964/964
f 944/944/944 945/945/945 966/966/966
f 944/944/944 966/966/966 965/965/965
f 945/945/945 946/946/946 967/967/967
f 945/945/945 967/967/967 966/966/966
f 946/946/946 947/947/947 968/968/968
f 946/946/946 968/968/968 967/967/967
f 947/947/947 948/948/948 969/969/969
f 947/947/947 969/969/969 968/968/968
f 948/948/948 949/949/949 970/970/970
f 948/948/948 970/970/970 969/969/969
f 949/949/949 950/950/950 971/971/971
f 949/949/949 971/971/971 970/970/970
f 950/950/950 951/951/951 972/972/972
f 950/950/950 972/972/972 971/971/971
f 952/952/952 953/953/953 973/973/973
f 953/953/953 954/954/954 973/973/973
f 954/954/954 955/955/955 973/973/973
f 955/955/955 956/956/956 973/973/973
f 956/956/956 957/957/957 973/973/973
f 957/957/957 958/958/958 973/973/973
f 958/958/958 959/959/959 973/973/973
f 959/959/959 960/960/960 973/973/973
f 960/960/960 961/961/961 973/973/973
f 961/961/961 962/962/962 973/973/973
f 962/962/962 963/963/963 973/973/973
f 963/963/963 964/964/964 973/973/973
f 964/964/964 965/965/965 973/973/973
f 965/965/965 966/966/966 973/973/973
f 966/966/966 967/967/967 973/973/973
f 967/967/967 968/968/968 973/973/973
f 968/968/968 969/969/969 973/973/973
f 969/969/969 970/970/970 973/973/973
f 970/970/970 971/971/971 973/973/973
f 971/971/971 972/972/972 973/973/973
o Continuous_torso
v -11.519876 22.670450 -0.000000
v -11.126937 22.699951 1.531091
v -9.974900 22.786443 2.957841
v -8.142273 22.924032 4.183018
v -5.753946 23.103341 5.123130
v -2.972682 23.312151 5.714109
v 0.011983 23.536232 5.915681
v 2.996647 23.760313 5.714109
v 5.777912 23.969123 5.123130
v 8.166238 24.148432 4.183018
v 9.998865 24.286021 2.957841
v 11.150903 24.372513 1.531091
v 11.543842 24.402013 0.000000
v 11.150903 24.372513 -1.531091
v 9.998865 24.286021 -2.957841
v 8.166238 24.148432 -4.183018
v 5.777912 23.969123 -5.123130
v 2.996647 23.760313 -5.714109
v 0.011983 23.536232 -5.915681
v -2.972682 23.312151 -5.714109
v -5.753946 23.103341 -5.123130
v -8.142273 22.924032 -4.183018
v -9.974900 22.786443 -2.957841
v -11.126937 22.699951 -1.531091
v -11.519876 22.670450 -0.000000
v -11.799867 23.537721 -0.000000
v -11.416378 23.567208 1.495954
v -10.292042 23.653657 2.889960
v -8.503483 23.791179 4.087021
v -6.172588 23.970401 5.005558
v -3.458202 24.179109 5.582975
v -0.545308 24.403080 5.779921
v 2.367586 24.627051 5.582975
v 5.081971 24.835759 5.005558
v 7.412867 25.014980 4.087021
v 9.201426 25.152502 2.889960
v 10.325761 25.238952 1.495954
v 10.709251 25.268438 0.000000
v 10.325761 25.238952 -1.495954
v 9.201426 25.152502 -2.889960
v 7.412867 25.014980 -4.087021
v 5.081971 24.835759 -5.005558
v 2.367586 24.627051 -5.582975
v -0.545308 24.403080 -5.779921
v -3.458202 24.179109 -5.582975
v -6.172588 23.970401 -5.005558
v -8.503483 23.791179 -4.087021
v -10.292042 23.653657 -2.889960
v -11.416378 23.567208 -1.495954
v -11.799867 23.537721 -0.000000
v -12.268802 24.889249 -0.000000
v -11.897490 24.914752 1.441379
v -10.808859 24.989520 2.784530
v -9.077096 25.108460 3.937920
v -6.820219 25.263465 4.822947
v -4.192030 25.443973 5.379298
v -1.371636 25.637681 5.569059
v 1.448758 25.831390 5.379298
v 4.076947 26.011897 4.822947
v 6.333824 26.166902 3.937920
v 8.065586 26.285842 2.784530
v 9.154218 26.360611 1.441379
v 9.525530 26.386113 0.000000
v 9.154218 26.360611 -1.441379
v 8.065586 26.285842 -2.784530
v 6.333824 26.166902 -3.937920
v 4.076947 26.011897 -4.822947
v 1.448758 25.831390 -5.379298
v -1.371636 25.637681 -5.569059
v -4.192030 25.443973 -5.379298
v -6.820219 25.263465 -4.822947
v -9.077096 25.108460 -3.937920
v -10.808859 24.989520 -2.784530
v -11.897490 24.914752 -1.441379
v -12.268802 24.889249 -0.000000
v -12.892912 26.622294 -0.000000
v -12.525871 26.637973 1.407736
v -11.449762 26.683940 2.719538
v -9.737920 26.757064 3.846008
v -7.507004 26.852361 4.710378
v -4.909047 26.963336 5.253744
v -2.121096 27.082428 5.439076
v 0.666855 27.201519 5.253744
v 3.264811 27.312494 4.710378
v 5.495727 27.407791 3.846008
v 7.207569 27.480915 2.719538
v 8.283678 27.526882 1.407736
v 8.650719 27.542561 0.000000
v 8.283678 27.526882 -1.407736
v 7.207569 27.480915 -2.719538
v 5.495727 27.407791 -3.846008
v 3.264811 27.312494 -4.710378
v 0.666855 27.201519 -5.253744
v -2.121096 27.082428 -5.439076
v -4.909047 26.963336 -5.253744
v -7.507004 26.852361 -4.710378
v -9.737920 26.757064 -3.846008
v -11.449762 26.683940 -2.719538
v -12.525871 26.637973 -1.407736
v -12.892912 26.622294 -0.000000
v -13.516518 28.555970 -0.000000
v -13.139360 28.556779 1.435398
v -12.033589 28.559151 2.772976
v -10.274561 28.562924 3.921580
v -7.982151 28.567840 4.802935
v -5.312583 28.573566 5.356977
v -2.447784 28.579710 5.545951
v 0.417015 28.585854 5.356977
v 3.086583 28.591580 4.802935
v 5.378992 28.596497 3.921580
v 7.138020 28.600269 2.772976
v 8.243792 28.602641 1.435398
v 8.620950 28.603450 0.000000
v 8.243792 28.602641 -1.435398
v 7.138020 28.600269 -2.772976
v 5.378992 28.596497 -3.921580
v 3.086583 28.591580 -4.802935
v 0.417015 28.585854 -5.356977
v -2.447784 28.579710 -5.545951
v -5.312583 28.573566 -5.356977
v -7.982151 28.567840 -4.802935
v -10.274561 28.562924 -3.921580
v -12.033589 28.559151 -2.772976
v -13.139360 28.556779 -1.435398
v -13.516518 28.555970 -0.000000
v -14.298849 30.597996 -0.000000
v -13.885867 30.585167 1.578190
v -12.675063 30.547551 3.048829
v -10.748953 30.487714 4.311695
v -8.238798 30.409732 5.280726
v -5.315660 30.318920 5.889885
v -2.178747 30.221467 6.097658
v 0.958166 30.124014 5.889885
v 3.881304 30.033203 5.280726
v 6.391459 29.955221 4.311695
v 8.317569 29.895384 3.048829
v 9.528372 29.857768 1.578190
v 9.941355 29.844938 0.000000
v 9.528372 29.857768 -1.578190
v 8.317569 29.895384 -3.048829
v 6.391459 29.955221 -4.311695
v 3.881304 30.033203 -5.280726
v 0.958166 30.124014 -5.889885
v -2.178747 30.221467 -6.097658
v -5.315660 30.318920 -5.889885
v -8.238798 30.409732 -5.280726
v -10.748953 30.487714 -4.311695
v -12.675063 30.547551 -3.048829
v -13.885867 30.585167 -1.578190
v -14.298849 30.597996 -0.000000
v -15.276072 32.698794 -0.000000
v -14.807529 32.676588 1.800228
v -13.433828 32.611484 3.477774
v -11.248585 32.507918 4.918314
v -8.400722 32.372948 6.023680
v -5.084315 32.215772 6.718543
v -1.525372 32.047101 6.955547
v 2.033572 31.878431 6.718543
v 5.349979 31.721255 6.023680
v 8.197842 31.586285 4.918314
v 10.383085 31.482719 3.477774
v 11.756785 31.417615 1.800228
v 12.225329 31.395409 0.000000
v 11.756785 31.417615 -1.800228
v 10.383085 31.482719 -3.477774
v 8.197842 31.586285 -4.918314
v 5.349979 31.721255 -6.023680
v 2.033572 31.878431 -6.718543
v -1.525372 32.047101 -6.955547
v -5.084315 32.215772 -6.718543
v -8.400722 32.372948 -6.023680
v -11.248585 32.507918 -4.918314
v -13.433828 32.611484 -3.477774
v -14.807529 32.676588 -1.800228
v -15.276072 32.698794 -0.000000
v -16.000000 34.662498 -0.000000
v -15.479287 34.633797 2.007314
v -13.952635 34.549651 3.877833
v -11.524082 34.415794 5.484084
v -8.359130 34.241349 6.716604
v -4.673466 34.038202 7.491398
v -0.718261 33.820199 7.755666
v 3.236945 33.602196 7.491398
v 6.922609 33.399050 6.716604
v 10.087561 33.224604 5.484084
v 12.516114 33.090747 3.877833
v 14.042766 33.006601 2.007314
v 14.563479 32.977901 0.000000
v 14.042766 33.006601 -2.007314
v 12.516114 33.090747 -3.877833
v 10.087561 33.224604 -5.484084
v 6.922609 33.399050 -6.716604
v 3.236945 33.602196 -7.491398
v -0.718261 33.820199 -7.755666
v -4.673466 34.038202 -7.491398
v -8.359130 34.241349 -6.716604
v -11.524082 34.415794 -5.484084
v -13.952635 34.549651 -3.877833
v -15.479287 34.633797 -2.007314
v -16.000000 34.662498 -0.000000
v -15.961252 36.295578 -0.000000
v -15.416977 36.261803 2.105250
v -13.821244 36.162779 4.067031
v -11.282800 36.005254 5.751650
v -7.974634 35.799963 7.044304
v -4.122194 35.560897 7.856900
v 0.011983 35.304348 8.134062
v 4.146160 35.047799 7.856900
v 7.998600 34.808733 7.044304
v 11.306765 34.603442 5.751650
v 13.845210 34.445917 4.067031
v 15.440943 34.346893 2.105250
v 15.985217 34.313117 0.000000
v 15.440943 34.346893 -2.105250
v 13.845210 34.445917 -4.067031
v 11.306765 34.603442 -5.751650
v 7.998600 34.808733 -7.044304
v 4.146160 35.047799 -7.856900
v 0.011983 35.304348 -8.134062
v -4.122194 35.560897 -7.856900
v -7.974634 35.799963 -7.044304
v -11.282800 36.005254 -5.751650
v -13.821244 36.162779 -4.067031
v -15.416977 36.261803 -2.105250
v -15.961252 36.295578 -0.000000
v -14.630849 37.637741 -0.000000
v -14.108989 37.597616 2.035723
v -12.578971 37.479973 3.932715
v -10.145065 37.292831 5.561699
v -6.973137 37.048943 6.811662
v -3.279348 36.764929 7.597422
v 0.684575 36.460145 7.865430
v 4.648499 36.155361 7.597422
v 8.342288 35.871347 6.811662
v 11.514216 35.627459 5.561699
v 13.948122 35.440317 3.932715
v 15.478140 35.322674 2.035723
v 16.000000 35.282548 0.000000
v 15.478140 35.322674 -2.035723
v 13.948122 35.440317 -3.932715
v 11.514216 35.627459 -5.561699
v 8.342288 35.871347 -6.811662
v 4.648499 36.155361 -7.597422
v 0.684575 36.460145 -7.865430
v -3.279348 36.764929 -7.597422
v -6.973137 37.048943 -6.811662
v -10.145065 37.292831 -5.561699
v -12.578971 37.479973 -3.932715
v -14.108989 37.597616 -2.035723
v -14.630849 37.637741 -0.000000
v -12.440007 38.698627 -0.000000
v -11.968570 38.654575 1.860036
v -10.586387 38.525420 3.593314
v -8.387651 38.319966 5.081714
v -5.522202 38.052212 6.223803
v -2.185317 37.740406 6.941750
v 1.395602 37.405797 7.186628
v 4.976521 37.071188 6.941750
v 8.313406 36.759382 6.223803
v 11.178854 36.491629 5.081714
v 13.377590 36.286174 3.593314
v 14.759773 36.157020 1.860036
v 15.231210 36.112968 0.000000
v 14.759773 36.157020 -1.860036
v 13.377590 36.286174 -3.593314
v 11.178854 36.491629 -5.081714
v 8.313406 36.759382 -6.223803
v 4.976521 37.071188 -6.941750
v 1.395602 37.405797 -7.186628
v -2.185317 37.740406 -6.941750
v -5.522202 38.052212 -6.223803
v -8.387651 38.319966 -5.081714
v -10.586387 38.525420 -3.593314
v -11.968570 38.654575 -1.860036
v -12.440007 38.698627 -0.000000
v -10.284448 39.368682 -0.000000
v -9.864852 39.326860 1.663417
v -8.634657 39.204245 3.213474
v -6.677700 39.009191 4.544539
v -4.127344 38.754993 5.565901
v -1.157391 38.458973 6.207956
v 2.029761 38.141304 6.426949
v 5.216912 37.823636 6.207956
v 8.186865 37.527615 5.565901
v 10.737221 37.273417 4.544539
v 12.694178 37.078364 3.213474
v 13.924373 36.955749 1.663417
v 14.343969 36.913927 0.000000
v 13.924373 36.955749 -1.663417
v 12.694178 37.078364 -3.213474
v 10.737221 37.273417 -4.544539
v 8.186865 37.527615 -5.565901
v 5.216912 37.823636 -6.207956
v 2.029761 38.141304 -6.426949
v -1.157391 38.458973 -6.207956
v -4.127344 38.754993 -5.565901
v -6.677700 39.009191 -4.544539
v -8.634657 39.204245 -3.213474
v -9.864852 39.326860 -1.663417
v -10.284448 39.368682 -0.000000
v -8.875482 39.781507 -0.000000
v -8.488834 39.743520 1.531091
v -7.355241 39.632147 2.957841
v -5.551955 39.454978 4.183018
v -3.201866 39.224087 5.123130
v -0.465130 38.955209 5.714109
v 2.471750 38.666667 5.915681
v 5.408630 38.378125 5.714109
v 8.145366 38.109246 5.123130
v 10.495454 37.878355 4.183018
v 12.298741 37.701187 2.957841
v 13.432334 37.589814 1.531091
v 13.818982 37.551826 0.000000
v 13.432334 37.589814 -1.531091
v 12.298741 37.701187 -2.957841
v 10.495454 37.878355 -4.183018
v 8.145366 38.109246 -5.123130
v 5.408630 38.378125 -5.714109
v 2.471750 38.666667 -5.915681
v -0.465130 38.955209 -5.714109
v -3.201866 39.224087 -5.123130
v -5.551955 39.454978 -4.183018
v -7.355241 39.632147 -2.957841
v -8.488834 39.743520 -1.531091
v -8.875482 39.781507 -0.000000
v 0.011983 23.536232 -0.000000
v 2.471750 38.666667 -0.000000
vt 0.0078125 0.9921875
vt 0.0078125 0.9667969
vt 0.0078125 0.9414062
vt 0.0078125 0.9160156
vt 0.0078125 0.8906250
vt 0.0078125 0.8652344
vt 0.0078125 0.8398438
vt 0.0078125 0.8144531
vt 0.0078125 0.7890625
vt 0.0078125 0.7636719
vt 0.0078125 0.7382812
vt 0.0078125 0.7128906
vt 0.0078125 0.6875000
vt 0.0078125 0.6621094
vt 0.0078125 0.6367188
vt 0.0078125 0.6113281
vt 0.0078125 0.5859375
vt 0.0078125 0.5605469
vt 0.0078125 0.5351562
vt 0.0078125 0.5097656
vt 0.0078125 0.4843750
vt 0.0078125 0.4589844
vt 0.0078125 0.4335938
vt 0.0078125 0.4082031
vt 0.0078125 0.3828125
vt 0.0898438 0.9921875
vt 0.0898438 0.9667969
vt 0.0898438 0.9414062
vt 0.0898438 0.9160156
vt 0.0898438 0.8906250
vt 0.0898438 0.8652344
vt 0.0898438 0.8398438
vt 0.0898438 0.8144531
vt 0.0898438 0.7890625
vt 0.0898438 0.7636719
vt 0.0898438 0.7382812
vt 0.0898438 0.7128906
vt 0.0898438 0.6875000
vt 0.0898438 0.6621094
vt 0.0898438 0.6367188
vt 0.0898438 0.6113281
vt 0.0898438 0.5859375
vt 0.0898438 0.5605469
vt 0.0898438 0.5351562
vt 0.0898438 0.5097656
vt 0.0898438 0.4843750
vt 0.0898438 0.4589844
vt 0.0898438 0.4335938
vt 0.0898438 0.4082031
vt 0.0898438 0.3828125
vt 0.1718750 0.9921875
vt 0.1718750 0.9667969
vt 0.1718750 0.9414062
vt 0.1718750 0.9160156
vt 0.1718750 0.8906250
vt 0.1718750 0.8652344
vt 0.1718750 0.8398438
vt 0.1718750 0.8144531
vt 0.1718750 0.7890625
vt 0.1718750 0.7636719
vt 0.1718750 0.7382812
vt 0.1718750 0.7128906
vt 0.1718750 0.6875000
vt 0.1718750 0.6621094
vt 0.1718750 0.6367188
vt 0.1718750 0.6113281
vt 0.1718750 0.5859375
vt 0.1718750 0.5605469
vt 0.1718750 0.5351562
vt 0.1718750 0.5097656
vt 0.1718750 0.4843750
vt 0.1718750 0.4589844
vt 0.1718750 0.4335938
vt 0.1718750 0.4082031
vt 0.1718750 0.3828125
vt 0.2539062 0.9921875
vt 0.2539062 0.9667969
vt 0.2539062 0.9414062
vt 0.2539062 0.9160156
vt 0.2539062 0.8906250
vt 0.2539062 0.8652344
vt 0.2539062 0.8398438
vt 0.2539062 0.8144531
vt 0.2539062 0.7890625
vt 0.2539062 0.7636719
vt 0.2539062 0.7382812
vt 0.2539062 0.7128906
vt 0.2539062 0.6875000
vt 0.2539062 0.6621094
vt 0.2539062 0.6367188
vt 0.2539062 0.6113281
vt 0.2539062 0.5859375
vt 0.2539062 0.5605469
vt 0.2539062 0.5351562
vt 0.2539062 0.5097656
vt 0.2539062 0.4843750
vt 0.2539062 0.4589844
vt 0.2539062 0.4335938
vt 0.2539062 0.4082031
vt 0.2539062 0.3828125
vt 0.3359375 0.9921875
vt 0.3359375 0.9667969
vt 0.3359375 0.9414062
vt 0.3359375 0.9160156
vt 0.3359375 0.8906250
vt 0.3359375 0.8652344
vt 0.3359375 0.8398438
vt 0.3359375 0.8144531
vt 0.3359375 0.7890625
vt 0.3359375 0.7636719
vt 0.3359375 0.7382812
vt 0.3359375 0.7128906
vt 0.3359375 0.6875000
vt 0.3359375 0.6621094
vt 0.3359375 0.6367188
vt 0.3359375 0.6113281
vt 0.3359375 0.5859375
vt 0.3359375 0.5605469
vt 0.3359375 0.5351562
vt 0.3359375 0.5097656
vt 0.3359375 0.4843750
vt 0.3359375 0.4589844
vt 0.3359375 0.4335938
vt 0.3359375 0.4082031
vt 0.3359375 0.3828125
vt 0.4179688 0.9921875
vt 0.4179688 0.9667969
vt 0.4179688 0.9414062
vt 0.4179688 0.9160156
vt 0.4179688 0.8906250
vt 0.4179688 0.8652344
vt 0.4179688 0.8398438
vt 0.4179688 0.8144531
vt 0.4179688 0.7890625
vt 0.4179688 0.7636719
vt 0.4179688 0.7382812
vt 0.4179688 0.7128906
vt 0.4179688 0.6875000
vt 0.4179688 0.6621094
vt 0.4179688 0.6367188
vt 0.4179688 0.6113281
vt 0.4179688 0.5859375
vt 0.4179688 0.5605469
vt 0.4179688 0.5351562
vt 0.4179688 0.5097656
vt 0.4179688 0.4843750
vt 0.4179688 0.4589844
vt 0.4179688 0.4335938
vt 0.4179688 0.4082031
vt 0.4179688 0.3828125
vt 0.5000000 0.9921875
vt 0.5000000 0.9667969
vt 0.5000000 0.9414062
vt 0.5000000 0.9160156
vt 0.5000000 0.8906250
vt 0.5000000 0.8652344
vt 0.5000000 0.8398438
vt 0.5000000 0.8144531
vt 0.5000000 0.7890625
vt 0.5000000 0.7636719
vt 0.5000000 0.7382812
vt 0.5000000 0.7128906
vt 0.5000000 0.6875000
vt 0.5000000 0.6621094
vt 0.5000000 0.6367188
vt 0.5000000 0.6113281
vt 0.5000000 0.5859375
vt 0.5000000 0.5605469
vt 0.5000000 0.5351562
vt 0.5000000 0.5097656
vt 0.5000000 0.4843750
vt 0.5000000 0.4589844
vt 0.5000000 0.4335938
vt 0.5000000 0.4082031
vt 0.5000000 0.3828125
vt 0.5820312 0.9921875
vt 0.5820312 0.9667969
vt 0.5820312 0.9414062
vt 0.5820312 0.9160156
vt 0.5820312 0.8906250
vt 0.5820312 0.8652344
vt 0.5820312 0.8398438
vt 0.5820312 0.8144531
vt 0.5820312 0.7890625
vt 0.5820312 0.7636719
vt 0.5820312 0.7382812
vt 0.5820312 0.7128906
vt 0.5820312 0.6875000
vt 0.5820312 0.6621094
vt 0.5820312 0.6367188
vt 0.5820312 0.6113281
vt 0.5820312 0.5859375
vt 0.5820312 0.5605469
vt 0.5820312 0.5351562
vt 0.5820312 0.5097656
vt 0.5820312 0.4843750
vt 0.5820312 0.4589844
vt 0.5820312 0.4335938
vt 0.5820312 0.4082031
vt 0.5820312 0.3828125
vt 0.6640625 0.9921875
vt 0.6640625 0.9667969
vt 0.6640625 0.9414062
vt 0.6640625 0.9160156
vt 0.6640625 0.8906250
vt 0.6640625 0.8652344
vt 0.6640625 0.8398438
vt 0.6640625 0.8144531
vt 0.6640625 0.7890625
vt 0.6640625 0.7636719
vt 0.6640625 0.7382812
vt 0.6640625 0.7128906
vt 0.6640625 0.6875000
vt 0.6640625 0.6621094
vt 0.6640625 0.6367188
vt 0.6640625 0.6113281
vt 0.6640625 0.5859375
vt 0.6640625 0.5605469
vt 0.6640625 0.5351562
vt 0.6640625 0.5097656
vt 0.6640625 0.4843750
vt 0.6640625 0.4589844
vt 0.6640625 0.4335938
vt 0.6640625 0.4082031
vt 0.6640625 0.3828125
vt 0.7460938 0.9921875
vt 0.7460938 0.9667969
vt 0.7460938 0.9414062
vt 0.7460938 0.9160156
vt 0.7460938 0.8906250
vt 0.7460938 0.8652344
vt 0.7460938 0.8398438
vt 0.7460938 0.8144531
vt 0.7460938 0.7890625
vt 0.7460938 0.7636719
vt 0.7460938 0.7382812
vt 0.7460938 0.7128906
vt 0.7460938 0.6875000
vt 0.7460938 0.6621094
vt 0.7460938 0.6367188
vt 0.7460938 0.6113281
vt 0.7460938 0.5859375
vt 0.7460938 0.5605469
vt 0.7460938 0.5351562
vt 0.7460938 0.5097656
vt 0.7460938 0.4843750
vt 0.7460938 0.4589844
vt 0.7460938 0.4335938
vt 0.7460938 0.4082031
vt 0.7460938 0.3828125
vt 0.8281250 0.9921875
vt 0.8281250 0.9667969
vt 0.8281250 0.9414062
vt 0.8281250 0.9160156
vt 0.8281250 0.8906250
vt 0.8281250 0.8652344
vt 0.8281250 0.8398438
vt 0.8281250 0.8144531
vt 0.8281250 0.7890625
vt 0.8281250 0.7636719
vt 0.8281250 0.7382812
vt 0.8281250 0.7128906
vt 0.8281250 0.6875000
vt 0.8281250 0.6621094
vt 0.8281250 0.6367188
vt 0.8281250 0.6113281
vt 0.8281250 0.5859375
vt 0.8281250 0.5605469
vt 0.8281250 0.5351562
vt 0.8281250 0.5097656
vt 0.8281250 0.4843750
vt 0.8281250 0.4589844
vt 0.8281250 0.4335938
vt 0.8281250 0.4082031
vt 0.8281250 0.3828125
vt 0.9101562 0.9921875
vt 0.9101562 0.9667969
vt 0.9101562 0.9414062
vt 0.9101562 0.9160156
vt 0.9101562 0.8906250
vt 0.9101562 0.8652344
vt 0.9101562 0.8398438
vt 0.9101562 0.8144531
vt 0.9101562 0.7890625
vt 0.9101562 0.7636719
vt 0.9101562 0.7382812
vt 0.9101562 0.7128906
vt 0.9101562 0.6875000
vt 0.9101562 0.6621094
vt 0.9101562 0.6367188
vt 0.9101562 0.6113281
vt 0.9101562 0.5859375
vt 0.9101562 0.5605469
vt 0.9101562 0.5351562
vt 0.9101562 0.5097656
vt 0.9101562 0.4843750
vt 0.9101562 0.4589844
vt 0.9101562 0.4335938
vt 0.9101562 0.4082031
vt 0.9101562 0.3828125
vt 0.9921875 0.9921875
vt 0.9921875 0.9667969
vt 0.9921875 0.9414062
vt 0.9921875 0.9160156
vt 0.9921875 0.8906250
vt 0.9921875 0.8652344
vt 0.9921875 0.8398438
vt 0.9921875 0.8144531
vt 0.9921875 0.7890625
vt 0.9921875 0.7636719
vt 0.9921875 0.7382812
vt 0.9921875 0.7128906
vt 0.9921875 0.6875000
vt 0.9921875 0.6621094
vt 0.9921875 0.6367188
vt 0.9921875 0.6113281
vt 0.9921875 0.5859375
vt 0.9921875 0.5605469
vt 0.9921875 0.5351562
vt 0.9921875 0.5097656
vt 0.9921875 0.4843750
vt 0.9921875 0.4589844
vt 0.9921875 0.4335938
vt 0.9921875 0.4082031
vt 0.9921875 0.3828125
vt 0.0078125 0.6875000
vt 0.9921875 0.6875000
vn -0.0355864 -0.9993232 0.0093165
vn -0.0309739 -0.9974070 0.0649601
vn -0.0196073 -0.9929603 0.1168139
vn -0.0020498 -0.9868175 0.1618242
vn 0.0208428 -0.9801245 0.1972856
vn 0.0479580 -0.9741166 0.2209000
vn 0.0779313 -0.9698766 0.2307943
vn 0.1091088 -0.9680987 0.2255664
vn 0.1394905 -0.9688876 0.2044486
vn 0.1667176 -0.9716478 0.1676481
vn 0.1882091 -0.9751560 0.1168250
vn 0.2015348 -0.9779085 0.0554857
vn 0.2049848 -0.9787025 -0.0110764
vn 0.1980935 -0.9771901 -0.0765412
vn 0.1817981 -0.9740499 -0.1348192
vn 0.1581235 -0.9706527 -0.1811914
vn 0.1296042 -0.9684579 -0.2128191
vn 0.0987660 -0.9684970 -0.2286019
vn 0.0678401 -0.9711268 -0.2287149
vn 0.0386929 -0.9760314 -0.2141624
vn 0.0128648 -0.9823708 -0.1864997
vn -0.0083721 -0.9889937 -0.1477207
vn -0.0239888 -0.9946746 -0.1002347
vn -0.0332161 -0.9983497 -0.0468471
vn -0.0355864 -0.9993232 0.0093165
vn -0.9474262 -0.3195934 0.0156114
vn -0.8419353 -0.2735245 0.4651122
vn -0.6386997 -0.1822065 0.7475717
vn -0.4439198 -0.0890733 0.8916284
vn -0.2794893 -0.0036269 0.9601419
vn -0.1379579 0.0770983 0.9874328
vn -0.0087897 0.1580008 0.9873999
vn 0.1169723 0.2439422 0.9627096
vn 0.2465540 0.3394936 0.9077198
vn 0.3844859 0.4477269 0.8072863
vn 0.5272772 0.5651214 0.6345207
vn 0.6502424 0.6692915 0.3594910
vn 0.7012410 0.7128952 -0.0064430
vn 0.6472802 0.6659802 -0.3708082
vn 0.5227622 0.5600111 -0.6427342
vn 0.3794603 0.4420316 -0.8127841
vn 0.2413261 0.3337080 -0.9112632
vn 0.1114685 0.2381792 -0.9648033
vn -0.0148194 0.1522171 -0.9882360
vn -0.1448997 0.0711740 -0.9868832
vn -0.2878858 -0.0098648 -0.9576139
vn -0.4544038 -0.0957918 -0.8856304
vn -0.6512552 -0.1892224 -0.7348888
vn -0.8528477 -0.2790440 -0.4413449
vn -0.9474262 -0.3195934 0.0156114
vn -0.9426228 -0.3337667 0.0078733
vn -0.8401308 -0.2907965 0.4578401
vn -0.6383162 -0.2028841 0.7425567
vn -0.4439456 -0.1134334 0.8888448
vn -0.2795466 -0.0319855 0.9595992
vn -0.1377665 0.0445333 0.9894631
vn -0.0079372 0.1211430 0.9926033
vn 0.1192078 0.2028424 0.9719282
vn 0.2514942 0.2944701 0.9219751
vn 0.3945493 0.3997686 0.8273548
vn 0.5463680 0.5166240 0.6592280
vn 0.6818211 0.6238945 0.3819368
vn 0.7410659 0.6714301 0.0017242
vn 0.6826694 0.6245381 -0.3793609
vn 0.5470981 0.5172916 -0.6580981
vn 0.3946208 0.4002374 -0.8270940
vn 0.2508526 0.2948666 -0.9220231
vn 0.1179077 0.2033125 -0.9719886
vn -0.0099010 0.1217299 -0.9925139
vn -0.1405113 0.0451610 -0.9890486
vn -0.2833225 -0.0315110 -0.9585069
vn -0.4490971 -0.1134155 -0.8862555
vn -0.6448622 -0.2036127 -0.7366781
vn -0.8460191 -0.2919293 -0.4461266
vn -0.9426228 -0.3337667 0.0078733
vn -0.9466542 -0.3222245 0.0041554
vn -0.8421390 -0.2885012 0.4555974
vn -0.6368490 -0.2193514 0.7391268
vn -0.4409686 -0.1523540 0.8844970
vn -0.2760976 -0.0949982 0.9564233
vn -0.1337347 -0.0443110 0.9900260
vn -0.0022315 0.0039265 0.9999898
vn 0.1290782 0.0537436 0.9901770
vn 0.2707471 0.1092702 0.9564288
vn 0.4340071 0.1749530 0.8837586
vn 0.6264649 0.2536822 0.7370122
vn 0.8258263 0.3359278 0.4529498
vn 0.9259480 0.3776199 0.0048402
vn 0.8287841 0.3382238 -0.4457820
vn 0.6293203 0.2570392 -0.7334077
vn 0.4357170 0.1790034 -0.8821046
vn 0.2714554 0.1140936 -0.9556645
vn 0.1290340 0.0593726 -0.9898612
vn -0.0029053 0.0102531 -0.9999432
vn -0.1350538 -0.0375286 -0.9901273
vn -0.2782084 -0.0881430 -0.9564679
vn -0.4441159 -0.1460043 -0.8839931
vn -0.6410945 -0.2143565 -0.7369187
vn -0.8461196 -0.2858164 -0.4498784
vn -0.9466542 -0.3222245 0.0041554
vn -0.9423712 -0.3345115 0.0062152
vn -0.8362813 -0.3112706 0.4513804
vn -0.6304398 -0.2671134 0.7288320
vn -0.4352817 -0.2322682 0.8698168
vn -0.2715786 -0.2123725 0.9386922
vn -0.1304895 -0.2057716 0.9698611
vn -0.0003705 -0.2111805 0.9774470
vn 0.1292154 -0.2289907 0.9648143
vn 0.2682294 -0.2613235 0.9272341
vn 0.4264360 -0.3115689 0.8491626
vn 0.6081220 -0.3813510 0.6962464
vn 0.7872783 -0.4578772 0.4129664
vn 0.8692156 -0.4942880 -0.0119888
vn 0.7796821 -0.4535647 -0.4317114
vn 0.5992506 -0.3756386 -0.7069613
vn 0.4190346 -0.3055592 -0.8550109
vn 0.2623102 -0.2549116 -0.9307059
vn 0.1242339 -0.2219875 -0.9671026
vn -0.0049264 -0.2035848 -0.9790449
vn -0.1350592 -0.1977761 -0.9708984
vn -0.2765877 -0.2043593 -0.9390083
vn -0.4411521 -0.2248604 -0.8688053
vn -0.6372500 -0.2612631 -0.7250200
vn -0.8421693 -0.3080952 -0.4425248
vn -0.9423712 -0.3345115 0.0062152
vn -0.9195308 -0.3929143 0.0090209
vn -0.8181472 -0.3730429 0.4375777
vn -0.6201379 -0.3404440 0.7067722
vn -0.4303811 -0.3224992 0.8430696
vn -0.2705559 -0.3237483 0.9066347
vn -0.1334490 -0.3422881 0.9300700
vn -0.0090307 -0.3769040 0.9262083
vn 0.1108072 -0.4279157 0.8970005
vn 0.2318167 -0.4963796 0.8365813
vn 0.3561218 -0.5818646 0.7311709
vn 0.4776936 -0.6771041 0.5597668
vn 0.5745804 -0.7593689 0.3053133
vn 0.6108017 -0.7916594 -0.0140211
vn 0.5676929 -0.7545011 -0.3293219
vn 0.4677463 -0.6706584 -0.5757001
vn 0.3462506 -0.5762417 -0.7403080
vn 0.2230967 -0.4920725 -0.8414823
vn 0.1031885 -0.4245863 -0.8994880
vn -0.0159581 -0.3741449 -0.9272329
vn -0.1401727 -0.3398734 -0.9299665
vn -0.2775847 -0.3216733 -0.9052475
vn -0.4381956 -0.3209664 -0.8396220
vn -0.6287495 -0.3397698 -0.6994502
vn -0.8252775 -0.3731838 -0.4238525
vn -0.9195308 -0.3929143 0.0090209
vn -0.9228490 -0.3851113 0.0062432
vn -0.8227154 -0.3688200 0.4325635
vn -0.6250431 -0.3441409 0.7006342
vn -0.4353509 -0.3349826 0.8356173
vn -0.2759238 -0.3446707 0.8972559
vn -0.1398465 -0.3709465 0.9180641
vn -0.0173779 -0.4123370 0.9108656
vn 0.0991581 -0.4687686 0.8777378
vn 0.2148746 -0.5406709 0.8133289
vn 0.3311732 -0.6267630 0.7053314
vn 0.4420449 -0.7192323 0.5360049
vn 0.5285024 -0.7968945 0.2926506
vn 0.5613598 -0.8275396 -0.0073057
vn 0.5253033 -0.7941902 -0.3054806
vn 0.4371780 -0.7153786 -0.5450769
vn 0.3260258 -0.6230988 -0.7109536
vn 0.2100336 -0.5376872 -0.8165650
vn 0.0946887 -0.4664678 -0.8794554
vn -0.0216278 -0.4105860 -0.9115654
vn -0.1441128 -0.3696357 -0.9179330
vn -0.2804903 -0.3437667 -0.8961862
vn -0.4405061 -0.3345381 -0.8330898
vn -0.6307747 -0.3442355 -0.6954317
vn -0.8274802 -0.3692536 -0.4229993
vn -0.9228490 -0.3851113 0.0062432
vn -0.9831455 -0.1828239 -0.0006402
vn -0.8718627 -0.1829861 0.4542813
vn -0.6544737 -0.1897622 0.7318842
vn -0.4520745 -0.2085773 0.8672509
vn -0.2854660 -0.2387831 0.9281658
vn -0.1447771 -0.2793881 0.9492006
vn -0.0185149 -0.3306862 0.9435591
vn 0.1021798 -0.3941031 0.9133685
vn 0.2236046 -0.4715312 0.8530295
vn 0.3486012 -0.5634791 0.7489783
vn 0.4722599 -0.6640534 0.5796582
vn 0.5735173 -0.7517996 0.3253848
vn 0.6148321 -0.7886578 0.0006563
vn 0.5739179 -0.7519648 -0.3242948
vn 0.4728463 -0.6641977 -0.5790145
vn 0.3491954 -0.5634623 -0.7487141
vn 0.2241404 -0.4713173 -0.8530071
vn 0.1026529 -0.3937083 -0.9134857
vn -0.0180868 -0.3301419 -0.9437580
vn -0.1443689 -0.2787298 -0.9494563
vn -0.2850486 -0.2380514 -0.9284820
vn -0.4516167 -0.2078264 -0.8676696
vn -0.6539658 -0.1890810 -0.7325142
vn -0.8714299 -0.1825389 -0.4552906
vn -0.9831455 -0.1828239 -0.0006402
vn -0.9080847 0.4187579 -0.0049008
vn -0.8176409 0.3740730 0.4376445
vn -0.6275530 0.2803433 0.7263504
vn -0.4389402 0.1861869 0.8790142
vn -0.2767915 0.1036977 0.9553184
vn -0.1355081 0.0301696 0.9903168
vn -0.0048851 -0.0394944 0.9992079
vn 0.1247640 -0.1103523 0.9860306
vn 0.2627115 -0.1875086 0.9464794
vn 0.4177603 -0.2760285 0.8656123
vn 0.5931823 -0.3778605 0.7108841
vn 0.7649670 -0.4787040 0.4308920
vn 0.8490432 -0.5281529 0.0134213
vn 0.7736507 -0.4831593 -0.4099046
vn 0.6036880 -0.3828234 -0.6992904
vn 0.4267245 -0.2796489 -0.8600597
vn 0.2698526 -0.1897219 -0.9440260
vn 0.1305622 -0.1115101 -0.9851492
vn 0.0000722 -0.0399473 -0.9992018
vn -0.1309759 0.0301204 -0.9909279
vn -0.2723316 0.1037720 -0.9565913
vn -0.4342696 0.1860994 -0.8813495
vn -0.6226941 0.2798637 -0.7307040
vn -0.8138191 0.3733887 -0.4452857
vn -0.9080847 0.4187579 -0.0049008
vn -0.5660504 0.8243413 -0.0069491
vn -0.5316103 0.7913472 0.3019271
vn -0.4416050 0.7088674 0.5499927
vn -0.3274304 0.6118152 0.7200497
vn -0.2087362 0.5223556 0.8267853
vn -0.0913022 0.4483223 0.8891968
vn 0.0265938 0.3909496 0.9200278
vn 0.1502292 0.3498946 0.9246648
vn 0.2872041 0.3253398 0.9009261
vn 0.4467601 0.3186477 0.8359839
vn 0.6345989 0.3313857 0.6981889
vn 0.8276532 0.3588385 0.4315381
vn 0.9263008 0.3765078 0.0144438
vn 0.8380559 0.3607033 -0.4093354
vn 0.6467495 0.3331054 -0.6861165
vn 0.4570067 0.3195832 -0.8300672
vn 0.2954985 0.3256476 -0.8981282
vn 0.1572235 0.3497411 -0.9235594
vn 0.0328779 0.3903476 -0.9200803
vn -0.0852909 0.4471516 -0.8903825
vn -0.2027227 0.5204369 -0.8294871
vn -0.3214074 0.6090764 -0.7250677
vn -0.4361232 0.7056997 -0.5583766
vn -0.5280730 0.7889994 -0.3140364
vn -0.5660504 0.8243413 -0.0069491
vn -0.3718344 0.9282424 -0.0102568
vn -0.3546916 0.9098351 0.2153925
vn -0.3035587 0.8584754 0.4133669
vn -0.2294432 0.7906590 0.5676391
vn -0.1424462 0.7220785 0.6769873
vn -0.0481860 0.6629021 0.7471539
vn 0.0519127 0.6186826 0.7839241
vn 0.1591843 0.5926817 0.7895498
vn 0.2762445 0.5874261 0.7606705
vn 0.4046480 0.6046827 0.6860167
vn 0.5389721 0.6424364 0.5447793
vn 0.6547414 0.6871677 0.3148241
vn 0.7041586 0.7099951 0.0082216
vn 0.6572258 0.6917416 -0.2992454
vn 0.5434532 0.6499008 -0.5313074
vn 0.4105199 0.6129941 -0.6750642
vn 0.2830652 0.5950215 -0.7522124
vn 0.1667146 0.5985627 -0.7835362
vn 0.0600403 0.6222645 -0.7805012
vn -0.0395580 0.6639025 -0.7467721
vn -0.1335472 0.7205378 -0.6804340
vn -0.2208413 0.7871231 -0.5759048
vn -0.2963621 0.8542490 -0.4271162
vn -0.3504593 0.9068926 -0.2339318
vn -0.3718344 0.9282424 -0.0102568
vn -0.2907700 0.9567363 -0.0104178
vn -0.2787099 0.9433431 0.1800682
vn -0.2410188 0.9038839 0.3534173
vn -0.1832298 0.8480486 0.4972328
vn -0.1112347 0.7867204 0.6072050
vn -0.0290041 0.7286322 0.6842908
vn 0.0620589 0.6797962 0.7307707
vn 0.1628005 0.6444413 0.7471221
vn 0.2755162 0.6261040 0.7294413
vn 0.4020134 0.6278769 0.6664502
vn 0.5377964 0.6501440 0.5367381
vn 0.6585752 0.6832654 0.3153208
vn 0.7123276 0.7017591 0.0111193
vn 0.6637899 0.6870360 -0.2955749
vn 0.5456862 0.6555854 -0.5219524
vn 0.4106806 0.6331314 -0.6561144
vn 0.2843141 0.6301626 -0.7225376
vn 0.1716474 0.6467764 -0.7431134
vn 0.0709931 0.6801239 -0.7296516
vn -0.0200244 0.7268829 -0.6864694
vn -0.1024582 0.7831368 -0.6133507
vn -0.1752220 0.8433439 -0.5080042
vn -0.2346976 0.8993223 -0.3689668
vn -0.2751599 0.9404879 -0.1994231
vn -0.2907700 0.9567363 -0.0104178
vn 0.0352899 0.9993614 -0.0056085
vn 0.0365787 0.9989959 0.0258694
vn 0.0417373 0.9975647 0.0558806
vn 0.0505416 0.9952915 0.0827063
vn 0.0625961 0.9925300 0.1047187
vn 0.0773248 0.9897048 0.1204376
vn 0.0939595 0.9872348 0.1286040
vn 0.1115318 0.9854467 0.1282789
vn 0.1288813 0.9844969 0.1189770
vn 0.1446980 0.9843253 0.1008271
vn 0.1576216 0.9846680 0.0747289
vn 0.1664060 0.9851437 0.0424378
vn 0.1701265 0.9854008 0.0064974
vn 0.1683690 0.9852665 -0.0300293
vn 0.1613248 0.9848247 -0.0639887
vn 0.1497473 0.9843788 -0.0925964
vn 0.1347907 0.9843201 -0.1137781
vn 0.1178005 0.9849709 -0.1263148
vn 0.1001278 0.9864707 -0.1298071
vn 0.0830035 0.9887368 -0.1245388
vn 0.0674754 0.9914923 -0.1113111
vn 0.0543885 0.9943374 -0.0912961
vn 0.0443877 0.9968369 -0.0659230
vn 0.0379289 0.9986029 -0.0367919
vn 0.0352899 0.9993614 -0.0056085
vn 0.0748667 -0.9971936 -0.0000000
vn 0.0977770 0.9952083 0.0000000
s 1
f 974/974/974 975/975/975 1000/1000/1000
f 974/974/974 1000/1000/1000 999/999/999
f 975/975/975 976/976/976 1001/1001/1001
f 975/975/975 1001/1001/1001 1000/1000/1000
f 976/976/976 977/977/977 1002/1002/1002
f 976/976/976 1002/1002/1002 1001/1001/1001
f 977/977/977 978/978/978 1003/1003/1003
f 977/977/977 1003/1003/1003 1002/1002/1002
f 978/978/978 979/979/979 1004/1004/1004
f 978/978/978 1004/1004/1004 1003/1003/1003
f 979/979/979 980/980/980 1005/1005/1005
f 979/979/979 1005/1005/1005 1004/1004/1004
f 980/980/980 981/981/981 1006/1006/1006
f 980/980/980 1006/1006/1006 1005/1005/1005
f 981/981/981 982/982/982 1007/1007/1007
f 981/981/981 1007/1007/1007 1006/1006/1006
f 982/982/982 983/983/983 1008/1008/1008
f 982/982/982 1008/1008/1008 1007/1007/1007
f 983/983/983 984/984/984 1009/1009/1009
f 983/983/983 1009/1009/1009 1008/1008/1008
f 984/984/984 985/985/985 1010/1010/1010
f 984/984/984 1010/1010/1010 1009/1009/1009
f 985/985/985 986/986/986 1011/1011/1011
f 985/985/985 1011/1011/1011 1010/1010/1010
f 986/986/986 987/987/987 1012/1012/1012
f 986/986/986 1012/1012/1012 1011/1011/1011
f 987/987/987 988/988/988 1013/1013/1013
f 987/987/987 1013/1013/1013 1012/1012/1012
f 988/988/988 989/989/989 1014/1014/1014
f 988/988/988 1014/1014/1014 1013/1013/1013
f 989/989/989 990/990/990 1015/1015/1015
f 989/989/989 1015/1015/1015 1014/1014/1014
f 990/990/990 991/991/991 1016/1016/1016
f 990/990/990 1016/1016/1016 1015/1015/1015
f 991/991/991 992/992/992 1017/1017/1017
f 991/991/991 1017/1017/1017 1016/1016/1016
f 992/992/992 993/993/993 1018/1018/1018
f 992/992/992 1018/1018/1018 1017/1017/1017
f 993/993/993 994/994/994 1019/1019/1019
f 993/993/993 1019/1019/1019 1018/1018/1018
f 994/994/994 995/995/995 1020/1020/1020
f 994/994/994 1020/1020/1020 1019/1019/1019
f 995/995/995 996/996/996 1021/1021/1021
f 995/995/995 1021/1021/1021 1020/1020/1020
f 996/996/996 997/997/997 1022/1022/1022
f 996/996/996 1022/1022/1022 1021/1021/1021
f 997/997/997 998/998/998 1023/1023/1023
f 997/997/997 1023/1023/1023 1022/1022/1022
f 999/999/999 1000/1000/1000 1025/1025/1025
f 999/999/999 1025/1025/1025 1024/1024/1024
f 1000/1000/1000 1001/1001/1001 1026/1026/1026
f 1000/1000/1000 1026/1026/1026 1025/1025/1025
f 1001/1001/1001 1002/1002/1002 1027/1027/1027
f 1001/1001/1001 1027/1027/1027 1026/1026/1026
f 1002/1002/1002 1003/1003/1003 1028/1028/1028
f 1002/1002/1002 1028/1028/1028 1027/1027/1027
f 1003/1003/1003 1004/1004/1004 1029/1029/1029
f 1003/1003/1003 1029/1029/1029 1028/1028/1028
f 1004/1004/1004 1005/1005/1005 1030/1030/1030
f 1004/1004/1004 1030/1030/1030 1029/1029/1029
f 1005/1005/1005 1006/1006/1006 1031/1031/1031
f 1005/1005/1005 1031/1031/1031 1030/1030/1030
f 1006/1006/1006 1007/1007/1007 1032/1032/1032
f 1006/1006/1006 1032/1032/1032 1031/1031/1031
f 1007/1007/1007 1008/1008/1008 1033/1033/1033
f 1007/1007/1007 1033/1033/1033 1032/1032/1032
f 1008/1008/1008 1009/1009/1009 1034/1034/1034
f 1008/1008/1008 1034/1034/1034 1033/1033/1033
f 1009/1009/1009 1010/1010/1010 1035/1035/1035
f 1009/1009/1009 1035/1035/1035 1034/1034/1034
f 1010/1010/1010 1011/1011/1011 1036/1036/1036
f 1010/1010/1010 1036/1036/1036 1035/1035/1035
f 1011/1011/1011 1012/1012/1012 1037/1037/1037
f 1011/1011/1011 1037/1037/1037 1036/1036/1036
f 1012/1012/1012 1013/1013/1013 1038/1038/1038
f 1012/1012/1012 1038/1038/1038 1037/1037/1037
f 1013/1013/1013 1014/1014/1014 1039/1039/1039
f 1013/1013/1013 1039/1039/1039 1038/1038/1038
f 1014/1014/1014 1015/1015/1015 1040/1040/1040
f 1014/1014/1014 1040/1040/1040 1039/1039/1039
f 1015/1015/1015 1016/1016/1016 1041/1041/1041
f 1015/1015/1015 1041/1041/1041 1040/1040/1040
f 1016/1016/1016 1017/1017/1017 1042/1042/1042
f 1016/1016/1016 1042/1042/1042 1041/1041/1041
f 1017/1017/1017 1018/1018/1018 1043/1043/1043
f 1017/1017/1017 1043/1043/1043 1042/1042/1042
f 1018/1018/1018 1019/1019/1019 1044/1044/1044
f 1018/1018/1018 1044/1044/1044 1043/1043/1043
f 1019/1019/1019 1020/1020/1020 1045/1045/1045
f 1019/1019/1019 1045/1045/1045 1044/1044/1044
f 1020/1020/1020 1021/1021/1021 1046/1046/1046
f 1020/1020/1020 1046/1046/1046 1045/1045/1045
f 1021/1021/1021 1022/1022/1022 1047/1047/1047
f 1021/1021/1021 1047/1047/1047 1046/1046/1046
f 1022/1022/1022 1023/1023/1023 1048/1048/1048
f 1022/1022/1022 1048/1048/1048 1047/1047/1047
f 1024/1024/1024 1025/1025/1025 1050/1050/1050
f 1024/1024/1024 1050/1050/1050 1049/1049/1049
f 1025/1025/1025 1026/1026/1026 1051/1051/1051
f 1025/1025/1025 1051/1051/1051 1050/1050/1050
f 1026/1026/1026 1027/1027/1027 1052/1052/1052
f 1026/1026/1026 1052/1052/1052 1051/1051/1051
f 1027/1027/1027 1028/1028/1028 1053/1053/1053
f 1027/1027/1027 1053/1053/1053 1052/1052/1052
f 1028/1028/1028 1029/1029/1029 1054/1054/1054
f 1028/1028/1028 1054/1054/1054 1053/1053/1053
f 1029/1029/1029 1030/1030/1030 1055/1055/1055
f 1029/1029/1029 1055/1055/1055 1054/1054/1054
f 1030/1030/1030 1031/1031/1031 1056/1056/1056
f 1030/1030/1030 1056/1056/1056 1055/1055/1055
f 1031/1031/1031 1032/1032/1032 1057/1057/1057
f 1031/1031/1031 1057/1057/1057 1056/1056/1056
f 1032/1032/1032 1033/1033/1033 1058/1058/1058
f 1032/1032/1032 1058/1058/1058 1057/1057/1057
f 1033/1033/1033 1034/1034/1034 1059/1059/1059
f 1033/1033/1033 1059/1059/1059 1058/1058/1058
f 1034/1034/1034 1035/1035/1035 1060/1060/1060
f 1034/1034/1034 1060/1060/1060 1059/1059/1059
f 1035/1035/1035 1036/1036/1036 1061/1061/1061
f 1035/1035/1035 1061/1061/1061 1060/1060/1060
f 1036/1036/1036 1037/1037/1037 1062/1062/1062
f 1036/1036/1036 1062/1062/1062 1061/1061/1061
f 1037/1037/1037 1038/1038/1038 1063/1063/1063
f 1037/1037/1037 1063/1063/1063 1062/1062/1062
f 1038/1038/1038 1039/1039/1039 1064/1064/1064
f 1038/1038/1038 1064/1064/1064 1063/1063/1063
f 1039/1039/1039 1040/1040/1040 1065/1065/1065
f 1039/1039/1039 1065/1065/1065 1064/1064/1064
f 1040/1040/1040 1041/1041/1041 1066/1066/1066
f 1040/1040/1040 1066/1066/1066 1065/1065/1065
f 1041/1041/1041 1042/1042/1042 1067/1067/1067
f 1041/1041/1041 1067/1067/1067 1066/1066/1066
f 1042/1042/1042 1043/1043/1043 1068/1068/1068
f 1042/1042/1042 1068/1068/1068 1067/1067/1067
f 1043/1043/1043 1044/1044/1044 1069/1069/1069
f 1043/1043/1043 1069/1069/1069 1068/1068/1068
f 1044/1044/1044 1045/1045/1045 1070/1070/1070
f 1044/1044/1044 1070/1070/1070 1069/1069/1069
f 1045/1045/1045 1046/1046/1046 1071/1071/1071
f 1045/1045/1045 1071/1071/1071 1070/1070/1070
f 1046/1046/1046 1047/1047/1047 1072/1072/1072
f 1046/1046/1046 1072/1072/1072 1071/1071/1071
f 1047/1047/1047 1048/1048/1048 1073/1073/1073
f 1047/1047/1047 1073/1073/1073 1072/1072/1072
f 1049/1049/1049 1050/1050/1050 1075/1075/1075
f 1049/1049/1049 1075/1075/1075 1074/1074/1074
f 1050/1050/1050 1051/1051/1051 1076/1076/1076
f 1050/1050/1050 1076/1076/1076 1075/1075/1075
f 1051/1051/1051 1052/1052/1052 1077/1077/1077
f 1051/1051/1051 1077/1077/1077 1076/1076/1076
f 1052/1052/1052 1053/1053/1053 1078/1078/1078
f 1052/1052/1052 1078/1078/1078 1077/1077/1077
f 1053/1053/1053 1054/1054/1054 1079/1079/1079
f 1053/1053/1053 1079/1079/1079 1078/1078/1078
f 1054/1054/1054 1055/1055/1055 1080/1080/1080
f 1054/1054/1054 1080/1080/1080 1079/1079/1079
f 1055/1055/1055 1056/1056/1056 1081/1081/1081
f 1055/1055/1055 1081/1081/1081 1080/1080/1080
f 1056/1056/1056 1057/1057/1057 1082/1082/1082
f 1056/1056/1056 1082/1082/1082 1081/1081/1081
f 1057/1057/1057 1058/1058/1058 1083/1083/1083
f 1057/1057/1057 1083/1083/1083 1082/1082/1082
f 1058/1058/1058 1059/1059/1059 1084/1084/1084
f 1058/1058/1058 1084/1084/1084 1083/1083/1083
f 1059/1059/1059 1060/1060/1060 1085/1085/1085
f 1059/1059/1059 1085/1085/1085 1084/1084/1084
f 1060/1060/1060 1061/1061/1061 1086/1086/1086
f 1060/1060/1060 1086/1086/1086 1085/1085/1085
f 1061/1061/1061 1062/1062/1062 1087/1087/1087
f 1061/1061/1061 1087/1087/1087 1086/1086/1086
f 1062/1062/1062 1063/1063/1063 1088/1088/1088
f 1062/1062/1062 1088/1088/1088 1087/1087/1087
f 1063/1063/1063 1064/1064/1064 1089/1089/1089
f 1063/1063/1063 1089/1089/1089 1088/1088/1088
f 1064/1064/1064 1065/1065/1065 1090/1090/1090
f 1064/1064/1064 1090/1090/1090 1089/1089/1089
f 1065/1065/1065 1066/1066/1066 1091/1091/1091
f 1065/1065/1065 1091/1091/1091 1090/1090/1090
f 1066/1066/1066 1067/1067/1067 1092/1092/1092
f 1066/1066/1066 1092/1092/1092 1091/1091/1091
f 1067/1067/1067 1068/1068/1068 1093/1093/1093
f 1067/1067/1067 1093/1093/1093 1092/1092/1092
f 1068/1068/1068 1069/1069/1069 1094/1094/1094
f 1068/1068/1068 1094/1094/1094 1093/1093/1093
f 1069/1069/1069 1070/1070/1070 1095/1095/1095
f 1069/1069/1069 1095/1095/1095 1094/1094/1094
f 1070/1070/1070 1071/1071/1071 1096/1096/1096
f 1070/1070/1070 1096/1096/1096 1095/1095/1095
f 1071/1071/1071 1072/1072/1072 1097/1097/1097
f 1071/1071/1071 1097/1097/1097 1096/1096/1096
f 1072/1072/1072 1073/1073/1073 1098/1098/1098
f 1072/1072/1072 1098/1098/1098 1097/1097/1097
f 1074/1074/1074 1075/1075/1075 1100/1100/1100
f 1074/1074/1074 1100/1100/1100 1099/1099/1099
f 1075/1075/1075 1076/1076/1076 1101/1101/1101
f 1075/1075/1075 1101/1101/1101 1100/1100/1100
f 1076/1076/1076 1077/1077/1077 1102/1102/1102
f 1076/1076/1076 1102/1102/1102 1101/1101/1101
f 1077/1077/1077 1078/1078/1078 1103/1103/1103
f 1077/1077/1077 1103/1103/1103 1102/1102/1102
f 1078/1078/1078 1079/1079/1079 1104/1104/1104
f 1078/1078/1078 1104/1104/1104 1103/1103/1103
f 1079/1079/1079 1080/1080/1080 1105/1105/1105
f 1079/1079/1079 1105/1105/1105 1104/1104/1104
f 1080/1080/1080 1081/1081/1081 1106/1106/1106
f 1080/1080/1080 1106/1106/1106 1105/1105/1105
f 1081/1081/1081 1082/1082/1082 1107/1107/1107
f 1081/1081/1081 1107/1107/1107 1106/1106/1106
f 1082/1082/1082 1083/1083/1083 1108/1108/1108
f 1082/1082/1082 1108/1108/1108 1107/1107/1107
f 1083/1083/1083 1084/1084/1084 1109/1109/1109
f 1083/1083/1083 1109/1109/1109 1108/1108/1108
f 1084/1084/1084 1085/1085/1085 1110/1110/1110
f 1084/1084/1084 1110/1110/1110 1109/1109/1109
f 1085/1085/1085 1086/1086/1086 1111/1111/1111
f 1085/1085/1085 1111/1111/1111 1110/1110/1110
f 1086/1086/1086 1087/1087/1087 1112/1112/1112
f 1086/1086/1086 1112/1112/1112 1111/1111/1111
f 1087/1087/1087 1088/1088/1088 1113/1113/1113
f 1087/1087/1087 1113/1113/1113 1112/1112/1112
f 1088/1088/1088 1089/1089/1089 1114/1114/1114
f 1088/1088/1088 1114/1114/1114 1113/1113/1113
f 1089/1089/1089 1090/1090/1090 1115/1115/1115
f 1089/1089/1089 1115/1115/1115 1114/1114/1114
f 1090/1090/1090 1091/1091/1091 1116/1116/1116
f 1090/1090/1090 1116/1116/1116 1115/1115/1115
f 1091/1091/1091 1092/1092/1092 1117/1117/1117
f 1091/1091/1091 1117/1117/1117 1116/1116/1116
f 1092/1092/1092 1093/1093/1093 1118/1118/1118
f 1092/1092/1092 1118/1118/1118 1117/1117/1117
f 1093/1093/1093 1094/1094/1094 1119/1119/1119
f 1093/1093/1093 1119/1119/1119 1118/1118/1118
f 1094/1094/1094 1095/1095/1095 1120/1120/1120
f 1094/1094/1094 1120/1120/1120 1119/1119/1119
f 1095/1095/1095 1096/1096/1096 1121/1121/1121
f 1095/1095/1095 1121/1121/1121 1120/1120/1120
f 1096/1096/1096 1097/1097/1097 1122/1122/1122
f 1096/1096/1096 1122/1122/1122 1121/1121/1121
f 1097/1097/1097 1098/1098/1098 1123/1123/1123
f 1097/1097/1097 1123/1123/1123 1122/1122/1122
f 1099/1099/1099 1100/1100/1100 1125/1125/1125
f 1099/1099/1099 1125/1125/1125 1124/1124/1124
f 1100/1100/1100 1101/1101/1101 1126/1126/1126
f 1100/1100/1100 1126/1126/1126 1125/1125/1125
f 1101/1101/1101 1102/1102/1102 1127/1127/1127
f 1101/1101/1101 1127/1127/1127 1126/1126/1126
f 1102/1102/1102 1103/1103/1103 1128/1128/1128
f 1102/1102/1102 1128/1128/1128 1127/1127/1127
f 1103/1103/1103 1104/1104/1104 1129/1129/1129
f 1103/1103/1103 1129/1129/1129 1128/1128/1128
f 1104/1104/1104 1105/1105/1105 1130/1130/1130
f 1104/1104/1104 1130/1130/1130 1129/1129/1129
f 1105/1105/1105 1106/1106/1106 1131/1131/1131
f 1105/1105/1105 1131/1131/1131 1130/1130/1130
f 1106/1106/1106 1107/1107/1107 1132/1132/1132
f 1106/1106/1106 1132/1132/1132 1131/1131/1131
f 1107/1107/1107 1108/1108/1108 1133/1133/1133
f 1107/1107/1107 1133/1133/1133 1132/1132/1132
f 1108/1108/1108 1109/1109/1109 1134/1134/1134
f 1108/1108/1108 1134/1134/1134 1133/1133/1133
f 1109/1109/1109 1110/1110/1110 1135/1135/1135
f 1109/1109/1109 1135/1135/1135 1134/1134/1134
f 1110/1110/1110 1111/1111/1111 1136/1136/1136
f 1110/1110/1110 1136/1136/1136 1135/1135/1135
f 1111/1111/1111 1112/1112/1112 1137/1137/1137
f 1111/1111/1111 1137/1137/1137 1136/1136/1136
f 1112/1112/1112 1113/1113/1113 1138/1138/1138
f 1112/1112/1112 1138/1138/1138 1137/1137/1137
f 1113/1113/1113 1114/1114/1114 1139/1139/1139
f 1113/1113/1113 1139/1139/1139 1138/1138/1138
f 1114/1114/1114 1115/1115/1115 1140/1140/1140
f 1114/1114/1114 1140/1140/1140 1139/1139/1139
f 1115/1115/1115 1116/1116/1116 1141/1141/1141
f 1115/1115/1115 1141/1141/1141 1140/1140/1140
f 1116/1116/1116 1117/1117/1117 1142/1142/1142
f 1116/1116/1116 1142/1142/1142 1141/1141/1141
f 1117/1117/1117 1118/1118/1118 1143/1143/1143
f 1117/1117/1117 1143/1143/1143 1142/1142/1142
f 1118/1118/1118 1119/1119/1119 1144/1144/1144
f 1118/1118/1118 1144/1144/1144 1143/1143/1143
f 1119/1119/1119 1120/1120/1120 1145/1145/1145
f 1119/1119/1119 1145/1145/1145 1144/1144/1144
f 1120/1120/1120 1121/1121/1121 1146/1146/1146
f 1120/1120/1120 1146/1146/1146 1145/1145/1145
f 1121/1121/1121 1122/1122/1122 1147/1147/1147
f 1121/1121/1121 1147/1147/1147 1146/1146/1146
f 1122/1122/1122 1123/1123/1123 1148/1148/1148
f 1122/1122/1122 1148/1148/1148 1147/1147/1147
f 1124/1124/1124 1125/1125/1125 1150/1150/1150
f 1124/1124/1124 1150/1150/1150 1149/1149/1149
f 1125/1125/1125 1126/1126/1126 1151/1151/1151
f 1125/1125/1125 1151/1151/1151 1150/1150/1150
f 1126/1126/1126 1127/1127/1127 1152/1152/1152
f 1126/1126/1126 1152/1152/1152 1151/1151/1151
f 1127/1127/1127 1128/1128/1128 1153/1153/1153
f 1127/1127/1127 1153/1153/1153 1152/1152/1152
f 1128/1128/1128 1129/1129/1129 1154/1154/1154
f 1128/1128/1128 1154/1154/1154 1153/1153/1153
f 1129/1129/1129 1130/1130/1130 1155/1155/1155
f 1129/1129/1129 1155/1155/1155 1154/1154/1154
f 1130/1130/1130 1131/1131/1131 1156/1156/1156
f 1130/1130/1130 1156/1156/1156 1155/1155/1155
f 1131/1131/1131 1132/1132/1132 1157/1157/1157
f 1131/1131/1131 1157/1157/1157 1156/1156/1156
f 1132/1132/1132 1133/1133/1133 1158/1158/1158
f 1132/1132/1132 1158/1158/1158 1157/1157/1157
f 1133/1133/1133 1134/1134/1134 1159/1159/1159
f 1133/1133/1133 1159/1159/1159 1158/1158/1158
f 1134/1134/1134 1135/1135/1135 1160/1160/1160
f 1134/1134/1134 1160/1160/1160 1159/1159/1159
f 1135/1135/1135 1136/1136/1136 1161/1161/1161
f 1135/1135/1135 1161/1161/1161 1160/1160/1160
f 1136/1136/1136 1137/1137/1137 1162/1162/1162
f 1136/1136/1136 1162/1162/1162 1161/1161/1161
f 1137/1137/1137 1138/1138/1138 1163/1163/1163
f 1137/1137/1137 1163/1163/1163 1162/1162/1162
f 1138/1138/1138 1139/1139/1139 1164/1164/1164
f 1138/1138/1138 1164/1164/1164 1163/1163/1163
f 1139/1139/1139 1140/1140/1140 1165/1165/1165
f 1139/1139/1139 1165/1165/1165 1164/1164/1164
f 1140/1140/1140 1141/1141/1141 1166/1166/1166
f 1140/1140/1140 1166/1166/1166 1165/1165/1165
f 1141/1141/1141 1142/1142/1142 1167/1167/1167
f 1141/1141/1141 1167/1167/1167 1166/1166/1166
f 1142/1142/1142 1143/1143/1143 1168/1168/1168
f 1142/1142/1142 1168/1168/1168 1167/1167/1167
f 1143/1143/1143 1144/1144/1144 1169/1169/1169
f 1143/1143/1143 1169/1169/1169 1168/1168/1168
f 1144/1144/1144 1145/1145/1145 1170/1170/1170
f 1144/1144/1144 1170/1170/1170 1169/1169/1169
f 1145/1145/1145 1146/1146/1146 1171/1171/1171
f 1145/1145/1145 1171/1171/1171 1170/1170/1170
f 1146/1146/1146 1147/1147/1147 1172/1172/1172
f 1146/1146/1146 1172/1172/1172 1171/1171/1171
f 1147/1147/1147 1148/1148/1148 1173/1173/1173
f 1147/1147/1147 1173/1173/1173 1172/1172/1172
f 1149/1149/1149 1150/1150/1150 1175/1175/1175
f 1149/1149/1149 1175/1175/1175 1174/1174/1174
f 1150/1150/1150 1151/1151/1151 1176/1176/1176
f 1150/1150/1150 1176/1176/1176 1175/1175/1175
f 1151/1151/1151 1152/1152/1152 1177/1177/1177
f 1151/1151/1151 1177/1177/1177 1176/1176/1176
f 1152/1152/1152 1153/1153/1153 1178/1178/1178
f 1152/1152/1152 1178/1178/1178 1177/1177/1177
f 1153/1153/1153 1154/1154/1154 1179/1179/1179
f 1153/1153/1153 1179/1179/1179 1178/1178/1178
f 1154/1154/1154 1155/1155/1155 1180/1180/1180
f 1154/1154/1154 1180/1180/1180 1179/1179/1179
f 1155/1155/1155 1156/1156/1156 1181/1181/1181
f 1155/1155/1155 1181/1181/1181 1180/1180/1180
f 1156/1156/1156 1157/1157/1157 1182/1182/1182
f 1156/1156/1156 1182/1182/1182 1181/1181/1181
f 1157/1157/1157 1158/1158/1158 1183/1183/1183
f 1157/1157/1157 1183/1183/1183 1182/1182/1182
f 1158/1158/1158 1159/1159/1159 1184/1184/1184
f 1158/1158/1158 1184/1184/1184 1183/1183/1183
f 1159/1159/1159 1160/1160/1160 1185/1185/1185
f 1159/1159/1159 1185/1185/1185 1184/1184/1184
f 1160/1160/1160 1161/1161/1161 1186/1186/1186
f 1160/1160/1160 1186/1186/1186 1185/1185/1185
f 1161/1161/1161 1162/1162/1162 1187/1187/1187
f 1161/1161/1161 1187/1187/1187 1186/1186/1186
f 1162/1162/1162 1163/1163/1163 1188/1188/1188
f 1162/1162/1162 1188/1188/1188 1187/1187/1187
f 1163/1163/1163 1164/1164/1164 1189/1189/1189
f 1163/1163/1163 1189/1189/1189 1188/1188/1188
f 1164/1164/1164 1165/1165/1165 1190/1190/1190
f 1164/1164/1164 1190/1190/1190 1189/1189/1189
f 1165/1165/1165 1166/1166/1166 1191/1191/1191
f 1165/1165/1165 1191/1191/1191 1190/1190/1190
f 1166/1166/1166 1167/1167/1167 1192/1192/1192
f 1166/1166/1166 1192/1192/1192 1191/1191/1191
f 1167/1167/1167 1168/1168/1168 1193/1193/1193
f 1167/1167/1167 1193/1193/1193 1192/1192/1192
f 1168/1168/1168 1169/1169/1169 1194/1194/1194
f 1168/1168/1168 1194/1194/1194 1193/1193/1193
f 1169/1169/1169 1170/1170/1170 1195/1195/1195
f 1169/1169/1169 1195/1195/1195 1194/1194/1194
f 1170/1170/1170 1171/1171/1171 1196/1196/1196
f 1170/1170/1170 1196/1196/1196 1195/1195/1195
f 1171/1171/1171 1172/1172/1172 1197/1197/1197
f 1171/1171/1171 1197/1197/1197 1196/1196/1196
f 1172/1172/1172 1173/1173/1173 1198/1198/1198
f 1172/1172/1172 1198/1198/1198 1197/1197/1197
f 1174/1174/1174 1175/1175/1175 1200/1200/1200
f 1174/1174/1174 1200/1200/1200 1199/1199/1199
f 1175/1175/1175 1176/1176/1176 1201/1201/1201
f 1175/1175/1175 1201/1201/1201 1200/1200/1200
f 1176/1176/1176 1177/1177/1177 1202/1202/1202
f 1176/1176/1176 1202/1202/1202 1201/1201/1201
f 1177/1177/1177 1178/1178/1178 1203/1203/1203
f 1177/1177/1177 1203/1203/1203 1202/1202/1202
f 1178/1178/1178 1179/1179/1179 1204/1204/1204
f 1178/1178/1178 1204/1204/1204 1203/1203/1203
f 1179/1179/1179 1180/1180/1180 1205/1205/1205
f 1179/1179/1179 1205/1205/1205 1204/1204/1204
f 1180/1180/1180 1181/1181/1181 1206/1206/1206
f 1180/1180/1180 1206/1206/1206 1205/1205/1205
f 1181/1181/1181 1182/1182/1182 1207/1207/1207
f 1181/1181/1181 1207/1207/1207 1206/1206/1206
f 1182/1182/1182 1183/1183/1183 1208/1208/1208
f 1182/1182/1182 1208/1208/1208 1207/1207/1207
f 1183/1183/1183 1184/1184/1184 1209/1209/1209
f 1183/1183/1183 1209/1209/1209 1208/1208/1208
f 1184/1184/1184 1185/1185/1185 1210/1210/1210
f 1184/1184/1184 1210/1210/1210 1209/1209/1209
f 1185/1185/1185 1186/1186/1186 1211/1211/1211
f 1185/1185/1185 1211/1211/1211 1210/1210/1210
f 1186/1186/1186 1187/1187/1187 1212/1212/1212
f 1186/1186/1186 1212/1212/1212 1211/1211/1211
f 1187/1187/1187 1188/1188/1188 1213/1213/1213
f 1187/1187/1187 1213/1213/1213 1212/1212/1212
f 1188/1188/1188 1189/1189/1189 1214/1214/1214
f 1188/1188/1188 1214/1214/1214 1213/1213/1213
f 1189/1189/1189 1190/1190/1190 1215/1215/1215
f 1189/1189/1189 1215/1215/1215 1214/1214/1214
f 1190/1190/1190 1191/1191/1191 1216/1216/1216
f 1190/1190/1190 1216/1216/1216 1215/1215/1215
f 1191/1191/1191 1192/1192/1192 1217/1217/1217
f 1191/1191/1191 1217/1217/1217 1216/1216/1216
f 1192/1192/1192 1193/1193/1193 1218/1218/1218
f 1192/1192/1192 1218/1218/1218 1217/1217/1217
f 1193/1193/1193 1194/1194/1194 1219/1219/1219
f 1193/1193/1193 1219/1219/1219 1218/1218/1218
f 1194/1194/1194 1195/1195/1195 1220/1220/1220
f 1194/1194/1194 1220/1220/1220 1219/1219/1219
f 1195/1195/1195 1196/1196/1196 1221/1221/1221
f 1195/1195/1195 1221/1221/1221 1220/1220/1220
f 1196/1196/1196 1197/1197/1197 1222/1222/1222
f 1196/1196/1196 1222/1222/1222 1221/1221/1221
f 1197/1197/1197 1198/1198/1198 1223/1223/1223
f 1197/1197/1197 1223/1223/1223 1222/1222/1222
f 1199/1199/1199 1200/1200/1200 1225/1225/1225
f 1199/1199/1199 1225/1225/1225 1224/1224/1224
f 1200/1200/1200 1201/1201/1201 1226/1226/1226
f 1200/1200/1200 1226/1226/1226 1225/1225/1225
f 1201/1201/1201 1202/1202/1202 1227/1227/1227
f 1201/1201/1201 1227/1227/1227 1226/1226/1226
f 1202/1202/1202 1203/1203/1203 1228/1228/1228
f 1202/1202/1202 1228/1228/1228 1227/1227/1227
f 1203/1203/1203 1204/1204/1204 1229/1229/1229
f 1203/1203/1203 1229/1229/1229 1228/1228/1228
f 1204/1204/1204 1205/1205/1205 1230/1230/1230
f 1204/1204/1204 1230/1230/1230 1229/1229/1229
f 1205/1205/1205 1206/1206/1206 1231/1231/1231
f 1205/1205/1205 1231/1231/1231 1230/1230/1230
f 1206/1206/1206 1207/1207/1207 1232/1232/1232
f 1206/1206/1206 1232/1232/1232 1231/1231/1231
f 1207/1207/1207 1208/1208/1208 1233/1233/1233
f 1207/1207/1207 1233/1233/1233 1232/1232/1232
f 1208/1208/1208 1209/1209/1209 1234/1234/1234
f 1208/1208/1208 1234/1234/1234 1233/1233/1233
f 1209/1209/1209 1210/1210/1210 1235/1235/1235
f 1209/1209/1209 1235/1235/1235 1234/1234/1234
f 1210/1210/1210 1211/1211/1211 1236/1236/1236
f 1210/1210/1210 1236/1236/1236 1235/1235/1235
f 1211/1211/1211 1212/1212/1212 1237/1237/1237
f 1211/1211/1211 1237/1237/1237 1236/1236/1236
f 1212/1212/1212 1213/1213/1213 1238/1238/1238
f 1212/1212/1212 1238/1238/1238 1237/1237/1237
f 1213/1213/1213 1214/1214/1214 1239/1239/1239
f 1213/1213/1213 1239/1239/1239 1238/1238/1238
f 1214/1214/1214 1215/1215/1215 1240/1240/1240
f 1214/1214/1214 1240/1240/1240 1239/1239/1239
f 1215/1215/1215 1216/1216/1216 1241/1241/1241
f 1215/1215/1215 1241/1241/1241 1240/1240/1240
f 1216/1216/1216 1217/1217/1217 1242/1242/1242
f 1216/1216/1216 1242/1242/1242 1241/1241/1241
f 1217/1217/1217 1218/1218/1218 1243/1243/1243
f 1217/1217/1217 1243/1243/1243 1242/1242/1242
f 1218/1218/1218 1219/1219/1219 1244/1244/1244
f 1218/1218/1218 1244/1244/1244 1243/1243/1243
f 1219/1219/1219 1220/1220/1220 1245/1245/1245
f 1219/1219/1219 1245/1245/1245 1244/1244/1244
f 1220/1220/1220 1221/1221/1221 1246/1246/1246
f 1220/1220/1220 1246/1246/1246 1245/1245/1245
f 1221/1221/1221 1222/1222/1222 1247/1247/1247
f 1221/1221/1221 1247/1247/1247 1246/1246/1246
f 1222/1222/1222 1223/1223/1223 1248/1248/1248
f 1222/1222/1222 1248/1248/1248 1247/1247/1247
f 1224/1224/1224 1225/1225/1225 1250/1250/1250
f 1224/1224/1224 1250/1250/1250 1249/1249/1249
f 1225/1225/1225 1226/1226/1226 1251/1251/1251
f 1225/1225/1225 1251/1251/1251 1250/1250/1250
f 1226/1226/1226 1227/1227/1227 1252/1252/1252
f 1226/1226/1226 1252/1252/1252 1251/1251/1251
f 1227/1227/1227 1228/1228/1228 1253/1253/1253
f 1227/1227/1227 1253/1253/1253 1252/1252/1252
f 1228/1228/1228 1229/1229/1229 1254/1254/1254
f 1228/1228/1228 1254/1254/1254 1253/1253/1253
f 1229/1229/1229 1230/1230/1230 1255/1255/1255
f 1229/1229/1229 1255/1255/1255 1254/1254/1254
f 1230/1230/1230 1231/1231/1231 1256/1256/1256
f 1230/1230/1230 1256/1256/1256 1255/1255/1255
f 1231/1231/1231 1232/1232/1232 1257/1257/1257
f 1231/1231/1231 1257/1257/1257 1256/1256/1256
f 1232/1232/1232 1233/1233/1233 1258/1258/1258
f 1232/1232/1232 1258/1258/1258 1257/1257/1257
f 1233/1233/1233 1234/1234/1234 1259/1259/1259
f 1233/1233/1233 1259/1259/1259 1258/1258/1258
f 1234/1234/1234 1235/1235/1235 1260/1260/1260
f 1234/1234/1234 1260/1260/1260 1259/1259/1259
f 1235/1235/1235 1236/1236/1236 1261/1261/1261
f 1235/1235/1235 1261/1261/1261 1260/1260/1260
f 1236/1236/1236 1237/1237/1237 1262/1262/1262
f 1236/1236/1236 1262/1262/1262 1261/1261/1261
f 1237/1237/1237 1238/1238/1238 1263/1263/1263
f 1237/1237/1237 1263/1263/1263 1262/1262/1262
f 1238/1238/1238 1239/1239/1239 1264/1264/1264
f 1238/1238/1238 1264/1264/1264 1263/1263/1263
f 1239/1239/1239 1240/1240/1240 1265/1265/1265
f 1239/1239/1239 1265/1265/1265 1264/1264/1264
f 1240/1240/1240 1241/1241/1241 1266/1266/1266
f 1240/1240/1240 1266/1266/1266 1265/1265/1265
f 1241/1241/1241 1242/1242/1242 1267/1267/1267
f 1241/1241/1241 1267/1267/1267 1266/1266/1266
f 1242/1242/1242 1243/1243/1243 1268/1268/1268
f 1242/1242/1242 1268/1268/1268 1267/1267/1267
f 1243/1243/1243 1244/1244/1244 1269/1269/1269
f 1243/1243/1243 1269/1269/1269 1268/1268/1268
f 1244/1244/1244 1245/1245/1245 1270/1270/1270
f 1244/1244/1244 1270/1270/1270 1269/1269/1269
f 1245/1245/1245 1246/1246/1246 1271/1271/1271
f 1245/1245/1245 1271/1271/1271 1270/1270/1270
f 1246/1246/1246 1247/1247/1247 1272/1272/1272
f 1246/1246/1246 1272/1272/1272 1271/1271/1271
f 1247/1247/1247 1248/1248/1248 1273/1273/1273
f 1247/1247/1247 1273/1273/1273 1272/1272/1272
f 1249/1249/1249 1250/1250/1250 1275/1275/1275
f 1249/1249/1249 1275/1275/1275 1274/1274/1274
f 1250/1250/1250 1251/1251/1251 1276/1276/1276
f 1250/1250/1250 1276/1276/1276 1275/1275/1275
f 1251/1251/1251 1252/1252/1252 1277/1277/1277
f 1251/1251/1251 1277/1277/1277 1276/1276/1276
f 1252/1252/1252 1253/1253/1253 1278/1278/1278
f 1252/1252/1252 1278/1278/1278 1277/1277/1277
f 1253/1253/1253 1254/1254/1254 1279/1279/1279
f 1253/1253/1253 1279/1279/1279 1278/1278/1278
f 1254/1254/1254 1255/1255/1255 1280/1280/1280
f 1254/1254/1254 1280/1280/1280 1279/1279/1279
f 1255/1255/1255 1256/1256/1256 1281/1281/1281
f 1255/1255/1255 1281/1281/1281 1280/1280/1280
f 1256/1256/1256 1257/1257/1257 1282/1282/1282
f 1256/1256/1256 1282/1282/1282 1281/1281/1281
f 1257/1257/1257 1258/1258/1258 1283/1283/1283
f 1257/1257/1257 1283/1283/1283 1282/1282/1282
f 1258/1258/1258 1259/1259/1259 1284/1284/1284
f 1258/1258/1258 1284/1284/1284 1283/1283/1283
f 1259/1259/1259 1260/1260/1260 1285/1285/1285
f 1259/1259/1259 1285/1285/1285 1284/1284/1284
f 1260/1260/1260 1261/1261/1261 1286/1286/1286
f 1260/1260/1260 1286/1286/1286 1285/1285/1285
f 1261/1261/1261 1262/1262/1262 1287/1287/1287
f 1261/1261/1261 1287/1287/1287 1286/1286/1286
f 1262/1262/1262 1263/1263/1263 1288/1288/1288
f 1262/1262/1262 1288/1288/1288 1287/1287/1287
f 1263/1263/1263 1264/1264/1264 1289/1289/1289
f 1263/1263/1263 1289/1289/1289 1288/1288/1288
f 1264/1264/1264 1265/1265/1265 1290/1290/1290
f 1264/1264/1264 1290/1290/1290 1289/1289/1289
f 1265/1265/1265 1266/1266/1266 1291/1291/1291
f 1265/1265/1265 1291/1291/1291 1290/1290/1290
f 1266/1266/1266 1267/1267/1267 1292/1292/1292
f 1266/1266/1266 1292/1292/1292 1291/1291/1291
f 1267/1267/1267 1268/1268/1268 1293/1293/1293
f 1267/1267/1267 1293/1293/1293 1292/1292/1292
f 1268/1268/1268 1269/1269/1269 1294/1294/1294
f 1268/1268/1268 1294/1294/1294 1293/1293/1293
f 1269/1269/1269 1270/1270/1270 1295/1295/1295
f 1269/1269/1269 1295/1295/1295 1294/1294/1294
f 1270/1270/1270 1271/1271/1271 1296/1296/1296
f 1270/1270/1270 1296/1296/1296 1295/1295/1295
f 1271/1271/1271 1272/1272/1272 1297/1297/1297
f 1271/1271/1271 1297/1297/1297 1296/1296/1296
f 1272/1272/1272 1273/1273/1273 1298/1298/1298
f 1272/1272/1272 1298/1298/1298 1297/1297/1297
f 1299/1299/1299 975/975/975 974/974/974
f 1299/1299/1299 976/976/976 975/975/975
f 1299/1299/1299 977/977/977 976/976/976
f 1299/1299/1299 978/978/978 977/977/977
f 1299/1299/1299 979/979/979 978/978/978
f 1299/1299/1299 980/980/980 979/979/979
f 1299/1299/1299 981/981/981 980/980/980
f 1299/1299/1299 982/982/982 981/981/981
f 1299/1299/1299 983/983/983 982/982/982
f 1299/1299/1299 984/984/984 983/983/983
f 1299/1299/1299 985/985/985 984/984/984
f 1299/1299/1299 986/986/986 985/985/985
f 1299/1299/1299 987/987/987 986/986/986
f 1299/1299/1299 988/988/988 987/987/987
f 1299/1299/1299 989/989/989 988/988/988
f 1299/1299/1299 990/990/990 989/989/989
f 1299/1299/1299 991/991/991 990/990/990
f 1299/1299/1299 992/992/992 991/991/991
f 1299/1299/1299 993/993/993 992/992/992
f 1299/1299/1299 994/994/994 993/993/993
f 1299/1299/1299 995/995/995 994/994/994
f 1299/1299/1299 996/996/996 995/995/995
f 1299/1299/1299 997/997/997 996/996/996
f 1299/1299/1299 998/998/998 997/997/997
f 1300/1300/1300 1274/1274/1274 1275/1275/1275
f 1300/1300/1300 1275/1275/1275 1276/1276/1276
f 1300/1300/1300 1276/1276/1276 1277/1277/1277
f 1300/1300/1300 1277/1277/1277 1278/1278/1278
f 1300/1300/1300 1278/1278/1278 1279/1279/1279
f 1300/1300/1300 1279/1279/1279 1280/1280/1280
f 1300/1300/1300 1280/1280/1280 1281/1281/1281
f 1300/1300/1300 1281/1281/1281 1282/1282/1282
f 1300/1300/1300 1282/1282/1282 1283/1283/1283
f 1300/1300/1300 1283/1283/1283 1284/1284/1284
f 1300/1300/1300 1284/1284/1284 1285/1285/1285
f 1300/1300/1300 1285/1285/1285 1286/1286/1286
f 1300/1300/1300 1286/1286/1286 1287/1287/1287
f 1300/1300/1300 1287/1287/1287 1288/1288/1288
f 1300/1300/1300 1288/1288/1288 1289/1289/1289
f 1300/1300/1300 1289/1289/1289 1290/1290/1290
f 1300/1300/1300 1290/1290/1290 1291/1291/1291
f 1300/1300/1300 1291/1291/1291 1292/1292/1292
f 1300/1300/1300 1292/1292/1292 1293/1293/1293
f 1300/1300/1300 1293/1293/1293 1294/1294/1294
f 1300/1300/1300 1294/1294/1294 1295/1295/1295
f 1300/1300/1300 1295/1295/1295 1296/1296/1296
f 1300/1300/1300 1296/1296/1296 1297/1297/1297
f 1300/1300/1300 1297/1297/1297 1298/1298/1298
o Neck
v -4.079258 37.358621 -0.000000
v -3.580592 37.330220 1.273406
v -2.160512 37.249339 2.352948
v -0.035212 37.128292 3.074274
v 2.471750 36.985507 3.327571
v 4.978712 36.842723 3.074274
v 7.104012 36.721676 2.352948
v 8.524092 36.640795 1.273406
v 9.022758 36.612393 0.000000
v 8.524092 36.640795 -1.273406
v 7.104012 36.721676 -2.352948
v 4.978712 36.842723 -3.074274
v 2.471750 36.985507 -3.327571
v -0.035212 37.128292 -3.074274
v -2.160512 37.249339 -2.352948
v -3.580592 37.330220 -1.273406
v -4.079258 37.358621 -0.000000
v -3.206658 38.844796 -0.000000
v -2.718936 38.817018 1.245458
v -1.330024 38.737912 2.301306
v 0.748630 38.619522 3.006801
v 3.200570 38.479871 3.254538
v 5.652510 38.340220 3.006801
v 7.731164 38.221830 2.301306
v 9.120076 38.142724 1.245458
v 9.607797 38.114946 0.000000
v 9.120076 38.142724 -1.245458
v 7.731164 38.221830 -2.301306
v 5.652510 38.340220 -3.006801
v 3.200570 38.479871 -3.254538
v 0.748630 38.619522 -3.006801
v -1.330024 38.737912 -2.301306
v -2.718936 38.817018 -1.245458
v -3.206658 38.844796 -0.000000
v -2.006832 40.888287 -0.000000
v -1.534160 40.861366 1.207028
v -0.188103 40.784701 2.230298
v 1.826413 40.669963 2.914024
v 4.202697 40.534622 3.154117
v 6.578981 40.399280 2.914024
v 8.593497 40.284543 2.230298
v 9.939554 40.207878 1.207028
v 10.412226 40.180956 0.000000
v 9.939554 40.207878 -1.207028
v 8.593497 40.284543 -2.230298
v 6.578981 40.399280 -2.914024
v 4.202697 40.534622 -3.154117
v 1.826413 40.669963 -2.914024
v -0.188103 40.784701 -2.230298
v -1.534160 40.861366 -1.207028
v -2.006832 40.888287 -0.000000
v -1.134231 42.374462 -0.000000
v -0.672504 42.348164 1.179080
v 0.642385 42.273274 2.178655
v 2.610256 42.161193 2.846550
v 4.931517 42.028986 3.081084
v 7.252778 41.896778 2.846550
v 9.220649 41.784697 2.178655
v 10.535538 41.709807 1.179080
v 10.997265 41.683509 0.000000
v 10.535538 41.709807 -1.179080
v 9.220649 41.784697 -2.178655
v 7.252778 41.896778 -2.846550
v 4.931517 42.028986 -3.081084
v 2.610256 42.161193 -2.846550
v 0.642385 42.273274 -2.178655
v -0.672504 42.348164 -1.179080
v -1.134231 42.374462 -0.000000
v 2.471750 36.985507 -0.000000
v 4.931517 42.028986 -0.000000
vt 0.0078125 0.9921875
vt 0.0078125 0.9541016
vt 0.0078125 0.9160156
vt 0.0078125 0.8779297
vt 0.0078125 0.8398438
vt 0.0078125 0.8017578
vt 0.0078125 0.7636719
vt 0.0078125 0.7255859
vt 0.0078125 0.6875000
vt 0.0078125 0.6494141
vt 0.0078125 0.6113281
vt 0.0078125 0.5732422
vt 0.0078125 0.5351562
vt 0.0078125 0.4970703
vt 0.0078125 0.4589844
vt 0.0078125 0.4208984
vt 0.0078125 0.3828125
vt 0.3359375 0.9921875
vt 0.3359375 0.9541016
vt 0.3359375 0.9160156
vt 0.3359375 0.8779297
vt 0.3359375 0.8398438
vt 0.3359375 0.8017578
vt 0.3359375 0.7636719
vt 0.3359375 0.7255859
vt 0.3359375 0.6875000
vt 0.3359375 0.6494141
vt 0.3359375 0.6113281
vt 0.3359375 0.5732422
vt 0.3359375 0.5351562
vt 0.3359375 0.4970703
vt 0.3359375 0.4589844
vt 0.3359375 0.4208984
vt 0.3359375 0.3828125
vt 0.6640625 0.9921875
vt 0.6640625 0.9541016
vt 0.6640625 0.9160156
vt 0.6640625 0.8779297
vt 0.6640625 0.8398438
vt 0.6640625 0.8017578
vt 0.6640625 0.7636719
vt 0.6640625 0.7255859
vt 0.6640625 0.6875000
vt 0.6640625 0.6494141
vt 0.6640625 0.6113281
vt 0.6640625 0.5732422
vt 0.6640625 0.5351562
vt 0.6640625 0.4970703
vt 0.6640625 0.4589844
vt 0.6640625 0.4208984
vt 0.6640625 0.3828125
vt 0.9921875 0.9921875
vt 0.9921875 0.9541016
vt 0.9921875 0.9160156
vt 0.9921875 0.8779297
vt 0.9921875 0.8398438
vt 0.9921875 0.8017578
vt 0.9921875 0.7636719
vt 0.9921875 0.7255859
vt 0.9921875 0.6875000
vt 0.9921875 0.6494141
vt 0.9921875 0.6113281
vt 0.9921875 0.5732422
vt 0.9921875 0.5351562
vt 0.9921875 0.4970703
vt 0.9921875 0.4589844
vt 0.9921875 0.4208984
vt 0.9921875 0.3828125
vt 0.0078125 0.6875000
vt 0.9921875 0.6875000
vn -0.4412132 -0.8959982 0.0501809
vn -0.3815200 -0.8663436 0.3223216
vn -0.2687699 -0.8246555 0.4977008
vn -0.1450361 -0.8054047 0.5747067
vn -0.0275144 -0.8179084 0.5746902
vn 0.0785743 -0.8572487 0.5088720
vn 0.1673514 -0.9103004 0.3786115
vn 0.2270511 -0.9555179 0.1882375
vn 0.2434245 -0.9691592 -0.0384057
vn 0.2113808 -0.9429502 -0.2572217
vn 0.1403733 -0.8923193 -0.4290240
vn 0.0448585 -0.8418416 -0.5378573
vn -0.0654752 -0.8103561 -0.5822679
vn -0.1858921 -0.8083242 -0.5586198
vn -0.3089804 -0.8371557 -0.4513330
vn -0.4098702 -0.8798420 -0.2405919
vn -0.4412132 -0.8959982 0.0501809
vn -0.8622447 0.5062629 0.0152315
vn -0.6898518 0.4109983 0.5959739
vn -0.4187570 0.2637740 0.8689452
vn -0.1910570 0.1443569 0.9709059
vn 0.0069920 0.0454107 0.9989439
vn 0.2077910 -0.0494775 0.9769211
vn 0.4464606 -0.1563168 0.8810437
vn 0.7440477 -0.2839934 0.6047650
vn 0.9317317 -0.3627823 -0.0162796
vn 0.7305123 -0.2782713 -0.6236319
vn 0.4346094 -0.1511281 -0.8878485
vn 0.1983859 -0.0451483 -0.9790836
vn -0.0015808 0.0495832 -0.9987687
vn -0.2002665 0.1490813 -0.9683326
vn -0.4299532 0.2697659 -0.8616070
vn -0.7017797 0.4175579 -0.5771920
vn -0.8622447 0.5062629 0.0152315
vn -0.8621439 0.5062037 -0.0215786
vn -0.7042476 0.4189129 0.5731905
vn -0.4323003 0.2710209 0.8600373
vn -0.2021938 0.1500693 0.9677794
vn -0.0033673 0.0504521 0.9987208
vn 0.1964346 -0.0442507 0.9795179
vn 0.4321563 -0.1500551 0.8892268
vn 0.7276774 -0.2770750 0.6274672
vn 0.9316074 -0.3627338 0.0230630
vn 0.7468529 -0.2851815 -0.6007348
vn 0.4489476 -0.1574068 -0.8795846
vn 0.2097603 -0.0503846 -0.9764538
vn 0.0087792 0.0445403 -0.9989690
vn -0.1891452 0.1433755 -0.9714255
vn -0.4164370 0.2625314 -0.8704352
vn -0.6873492 0.4096199 -0.5998022
vn -0.8621439 0.5062037 -0.0215786
vn -0.2491336 0.9676287 -0.0403368
vn -0.2326067 0.9537076 0.1906197
vn -0.1717642 0.9070657 0.3843550
vn -0.0814519 0.8523272 0.5166275
vn 0.0262621 0.8116122 0.5836059
vn 0.1456395 0.7982866 0.5844036
vn 0.2718778 0.8175506 0.5076352
vn 0.3879487 0.8603649 0.3305571
vn 0.4502274 0.8913420 0.0529605
vn 0.4181787 0.8747798 -0.2447180
vn 0.3143684 0.8307337 -0.4594063
vn 0.1885233 0.8012438 -0.5678621
vn 0.0660019 0.8035247 -0.5916010
vn -0.0461244 0.8359564 -0.5468542
vn -0.1434041 0.8879403 -0.4370324
vn -0.2160723 0.9403021 -0.2629538
vn -0.2491336 0.9676287 -0.0403368
vn -0.0568631 -0.9983820 -0.0000000
vn 0.0568631 0.9983820 0.0000000
s 1
f 1301/1301/1301 1302/1302/1302 1319/1319/1319
f 1301/1301/1301 1319/1319/1319 1318/1318/1318
f 1302/1302/1302 1303/1303/1303 1320/1320/1320
f 1302/1302/1302 1320/1320/1320 1319/1319/1319
f 1303/1303/1303 1304/1304/1304 1321/1321/1321
f 1303/1303/1303 1321/1321/1321 1320/1320/1320
f 1304/1304/1304 1305/1305/1305 1322/1322/1322
f 1304/1304/1304 1322/1322/1322 1321/1321/1321
f 1305/1305/1305 1306/1306/1306 1323/1323/1323
f 1305/1305/1305 1323/1323/1323 1322/1322/1322
f 1306/1306/1306 1307/1307/1307 1324/1324/1324
f 1306/1306/1306 1324/1324/1324 1323/1323/1323
f 1307/1307/1307 1308/1308/1308 1325/1325/1325
f 1307/1307/1307 1325/1325/1325 1324/1324/1324
f 1308/1308/1308 1309/1309/1309 1326/1326/1326
f 1308/1308/1308 1326/1326/1326 1325/1325/1325
f 1309/1309/1309 1310/1310/1310 1327/1327/1327
f 1309/1309/1309 1327/1327/1327 1326/1326/1326
f 1310/1310/1310 1311/1311/1311 1328/1328/1328
f 1310/1310/1310 1328/1328/1328 1327/1327/1327
f 1311/1311/1311 1312/1312/1312 1329/1329/1329
f 1311/1311/1311 1329/1329/1329 1328/1328/1328
f 1312/1312/1312 1313/1313/1313 1330/1330/1330
f 1312/1312/1312 1330/1330/1330 1329/1329/1329
f 1313/1313/1313 1314/1314/1314 1331/1331/1331
f 1313/1313/1313 1331/1331/1331 1330/1330/1330
f 1314/1314/1314 1315/1315/1315 1332/1332/1332
f 1314/1314/1314 1332/1332/1332 1331/1331/1331
f 1315/1315/1315 1316/1316/1316 1333/1333/1333
f 1315/1315/1315 1333/1333/1333 1332/1332/1332
f 1316/1316/1316 1317/1317/1317 1334/1334/1334
f 1316/1316/1316 1334/1334/1334 1333/1333/1333
f 1318/1318/1318 1319/1319/1319 1336/1336/1336
f 1318/1318/1318 1336/1336/1336 1335/1335/1335
f 1319/1319/1319 1320/1320/1320 1337/1337/1337
f 1319/1319/1319 1337/1337/1337 1336/1336/1336
f 1320/1320/1320 1321/1321/1321 1338/1338/1338
f 1320/1320/1320 1338/1338/1338 1337/1337/1337
f 1321/1321/1321 1322/1322/1322 1339/1339/1339
f 1321/1321/1321 1339/1339/1339 1338/1338/1338
f 1322/1322/1322 1323/1323/1323 1340/1340/1340
f 1322/1322/1322 1340/1340/1340 1339/1339/1339
f 1323/1323/1323 1324/1324/1324 1341/1341/1341
f 1323/1323/1323 1341/1341/1341 1340/1340/1340
f 1324/1324/1324 1325/1325/1325 1342/1342/1342
f 1324/1324/1324 1342/1342/1342 1341/1341/1341
f 1325/1325/1325 1326/1326/1326 1343/1343/1343
f 1325/1325/1325 1343/1343/1343 1342/1342/1342
f 1326/1326/1326 1327/1327/1327 1344/1344/1344
f 1326/1326/1326 1344/1344/1344 1343/1343/1343
f 1327/1327/1327 1328/1328/1328 1345/1345/1345
f 1327/1327/1327 1345/1345/1345 1344/1344/1344
f 1328/1328/1328 1329/1329/1329 1346/1346/1346
f 1328/1328/1328 1346/1346/1346 1345/1345/1345
f 1329/1329/1329 1330/1330/1330 1347/1347/1347
f 1329/1329/1329 1347/1347/1347 1346/1346/1346
f 1330/1330/1330 1331/1331/1331 1348/1348/1348
f 1330/1330/1330 1348/1348/1348 1347/1347/1347
f 1331/1331/1331 1332/1332/1332 1349/1349/1349
f 1331/1331/1331 1349/1349/1349 1348/1348/1348
f 1332/1332/1332 1333/1333/1333 1350/1350/1350
f 1332/1332/1332 1350/1350/1350 1349/1349/1349
f 1333/1333/1333 1334/1334/1334 1351/1351/1351
f 1333/1333/1333 1351/1351/1351 1350/1350/1350
f 1335/1335/1335 1336/1336/1336 1353/1353/1353
f 1335/1335/1335 1353/1353/1353 1352/1352/1352
f 1336/1336/1336 1337/1337/1337 1354/1354/1354
f 1336/1336/1336 1354/1354/1354 1353/1353/1353
f 1337/1337/1337 1338/1338/1338 1355/1355/1355
f 1337/1337/1337 1355/1355/1355 1354/1354/1354
f 1338/1338/1338 1339/1339/1339 1356/1356/1356
f 1338/1338/1338 1356/1356/1356 1355/1355/1355
f 1339/1339/1339 1340/1340/1340 1357/1357/1357
f 1339/1339/1339 1357/1357/1357 1356/1356/1356
f 1340/1340/1340 1341/1341/1341 1358/1358/1358
f 1340/1340/1340 1358/1358/1358 1357/1357/1357
f 1341/1341/1341 1342/1342/1342 1359/1359/1359
f 1341/1341/1341 1359/1359/1359 1358/1358/1358
f 1342/1342/1342 1343/1343/1343 1360/1360/1360
f 1342/1342/1342 1360/1360/1360 1359/1359/1359
f 1343/1343/1343 1344/1344/1344 1361/1361/1361
f 1343/1343/1343 1361/1361/1361 1360/1360/1360
f 1344/1344/1344 1345/1345/1345 1362/1362/1362
f 1344/1344/1344 1362/1362/1362 1361/1361/1361
f 1345/1345/1345 1346/1346/1346 1363/1363/1363
f 1345/1345/1345 1363/1363/1363 1362/1362/1362
f 1346/1346/1346 1347/1347/1347 1364/1364/1364
f 1346/1346/1346 1364/1364/1364 1363/1363/1363
f 1347/1347/1347 1348/1348/1348 1365/1365/1365
f 1347/1347/1347 1365/1365/1365 1364/1364/1364
f 1348/1348/1348 1349/1349/1349 1366/1366/1366
f 1348/1348/1348 1366/1366/1366 1365/1365/1365
f 1349/1349/1349 1350/1350/1350 1367/1367/1367
f 1349/1349/1349 1367/1367/1367 1366/1366/1366
f 1350/1350/1350 1351/1351/1351 1368/1368/1368
f 1350/1350/1350 1368/1368/1368 1367/1367/1367
f 1369/1369/1369 1302/1302/1302 1301/1301/1301
f 1369/1369/1369 1303/1303/1303 1302/1302/1302
f 1369/1369/1369 1304/1304/1304 1303/1303/1303
f 1369/1369/1369 1305/1305/1305 1304/1304/1304
f 1369/1369/1369 1306/1306/1306 1305/1305/1305
f 1369/1369/1369 1307/1307/1307 1306/1306/1306
f 1369/1369/1369 1308/1308/1308 1307/1307/1307
f 1369/1369/1369 1309/1309/1309 1308/1308/1308
f 1369/1369/1369 1310/1310/1310 1309/1309/1309
f 1369/1369/1369 1311/1311/1311 1310/1310/1310
f 1369/1369/1369 1312/1312/1312 1311/1311/1311
f 1369/1369/1369 1313/1313/1313 1312/1312/1312
f 1369/1369/1369 1314/1314/1314 1313/1313/1313
f 1369/1369/1369 1315/1315/1315 1314/1314/1314
f 1369/1369/1369 1316/1316/1316 1315/1315/1315
f 1369/1369/1369 1317/1317/1317 1316/1316/1316
f 1370/1370/1370 1352/1352/1352 1353/1353/1353
f 1370/1370/1370 1353/1353/1353 1354/1354/1354
f 1370/1370/1370 1354/1354/1354 1355/1355/1355
f 1370/1370/1370 1355/1355/1355 1356/1356/1356
f 1370/1370/1370 1356/1356/1356 1357/1357/1357
f 1370/1370/1370 1357/1357/1357 1358/1358/1358
f 1370/1370/1370 1358/1358/1358 1359/1359/1359
f 1370/1370/1370 1359/1359/1359 1360/1360/1360
f 1370/1370/1370 1360/1360/1360 1361/1361/1361
f 1370/1370/1370 1361/1361/1361 1362/1362/1362
f 1370/1370/1370 1362/1362/1362 1363/1363/1363
f 1370/1370/1370 1363/1363/1363 1364/1364/1364
f 1370/1370/1370 1364/1364/1364 1365/1365/1365
f 1370/1370/1370 1365/1365/1365 1366/1366/1366
f 1370/1370/1370 1366/1366/1366 1367/1367/1367
f 1370/1370/1370 1367/1367/1367 1368/1368/1368
o Cranium
v 4.931517 40.515942 -0.000000
v 6.611086 40.593469 -0.000000
v 6.553856 40.593469 -0.248918
v 6.386066 40.593469 -0.480872
v 6.119151 40.593469 -0.680055
v 5.771301 40.593469 -0.832894
v 5.366221 40.593469 -0.928973
v 4.931517 40.593469 -0.961743
v 4.496813 40.593469 -0.928973
v 4.091733 40.593469 -0.832894
v 3.743883 40.593469 -0.680055
v 3.476968 40.593469 -0.480872
v 3.309178 40.593469 -0.248918
v 3.251948 40.593469 -0.000000
v 3.309178 40.593469 0.248918
v 3.476968 40.593469 0.480872
v 3.743883 40.593469 0.680055
v 4.091733 40.593469 0.832894
v 4.496813 40.593469 0.928973
v 4.931517 40.593469 0.961743
v 5.366221 40.593469 0.928973
v 5.771301 40.593469 0.832894
v 6.119151 40.593469 0.680055
v 6.386066 40.593469 0.480872
v 6.553856 40.593469 0.248918
v 6.611086 40.593469 0.000000
v 8.226109 40.823072 -0.000000
v 8.113849 40.823072 -0.488269
v 7.784718 40.823072 -0.943264
v 7.261146 40.823072 -1.333976
v 6.578813 40.823072 -1.633781
v 5.784220 40.823072 -1.822246
v 4.931517 40.823072 -1.886528
v 4.078814 40.823072 -1.822246
v 3.284221 40.823072 -1.633781
v 2.601888 40.823072 -1.333976
v 2.078316 40.823072 -0.943264
v 1.749185 40.823072 -0.488269
v 1.636925 40.823072 -0.000000
v 1.749185 40.823072 0.488269
v 2.078316 40.823072 0.943264
v 2.601888 40.823072 1.333976
v 3.284221 40.823072 1.633781
v 4.078814 40.823072 1.822246
v 4.931517 40.823072 1.886528
v 5.784220 40.823072 1.822246
v 6.578813 40.823072 1.633781
v 7.261146 40.823072 1.333976
v 7.784718 40.823072 0.943264
v 8.113849 40.823072 0.488269
v 8.226109 40.823072 0.000000
v 9.714524 41.195926 -0.000000
v 9.551547 41.195926 -0.708857
v 9.073722 41.195926 -1.369407
v 8.313613 41.195926 -1.936634
v 7.323020 41.195926 -2.371882
v 6.169450 41.195926 -2.645491
v 4.931517 41.195926 -2.738814
v 3.693584 41.195926 -2.645491
v 2.540014 41.195926 -2.371882
v 1.549420 41.195926 -1.936634
v 0.789312 41.195926 -1.369407
v 0.311487 41.195926 -0.708857
v 0.148510 41.195926 -0.000000
v 0.311487 41.195926 0.708857
v 0.789312 41.195926 1.369407
v 1.549420 41.195926 1.936634
v 2.540014 41.195926 2.371882
v 3.693584 41.195926 2.645491
v 4.931517 41.195926 2.738814
v 6.169450 41.195926 2.645491
v 7.323020 41.195926 2.371882
v 8.313613 41.195926 1.936634
v 9.073722 41.195926 1.369407
v 9.551547 41.195926 0.708857
v 9.714524 41.195926 0.000000
v 11.019130 41.697702 -0.000000
v 10.811699 41.697702 -0.902204
v 10.203544 41.697702 -1.742924
v 9.236109 41.697702 -2.464867
v 7.975323 41.697702 -3.018833
v 6.507107 41.697702 -3.367071
v 4.931517 41.697702 -3.485849
v 3.355927 41.697702 -3.367071
v 1.887711 41.697702 -3.018833
v 0.626925 41.697702 -2.464867
v -0.340510 41.697702 -1.742924
v -0.948666 41.697702 -0.902204
v -1.156096 41.697702 -0.000000
v -0.948666 41.697702 0.902204
v -0.340510 41.697702 1.742924
v 0.626925 41.697702 2.464867
v 1.887711 41.697702 3.018833
v 3.355927 41.697702 3.367071
v 4.931517 41.697702 3.485849
v 6.507107 41.697702 3.367071
v 7.975323 41.697702 3.018833
v 9.236109 41.697702 2.464867
v 10.203544 41.697702 1.742924
v 10.811699 41.697702 0.902204
v 11.019130 41.697702 0.000000
v 12.089792 42.309120 -0.000000
v 11.845880 42.309120 -1.060880
v 11.130765 42.309120 -2.049462
v 9.993182 42.309120 -2.898377
v 8.510655 42.309120 -3.549773
v 6.784215 42.309120 -3.959257
v 4.931517 42.309120 -4.098924
v 3.078819 42.309120 -3.959257
v 1.352379 42.309120 -3.549773
v -0.130148 42.309120 -2.898377
v -1.267731 42.309120 -2.049462
v -1.982846 42.309120 -1.060880
v -2.226759 42.309120 -0.000000
v -1.982846 42.309120 1.060880
v -1.267731 42.309120 2.049462
v -0.130148 42.309120 2.898377
v 1.352379 42.309120 3.549773
v 3.078819 42.309120 3.959257
v 4.931517 42.309120 4.098924
v 6.784215 42.309120 3.959257
v 8.510655 42.309120 3.549773
v 9.993182 42.309120 2.898377
v 11.130765 42.309120 2.049462
v 11.845880 42.309120 1.060880
v 12.089792 42.309120 0.000000
v 12.885366 43.006680 -0.000000
v 12.614346 43.006680 -1.178786
v 11.819753 43.006680 -2.277240
v 10.555738 43.006680 -3.220504
v 8.908442 43.006680 -3.944296
v 6.990125 43.006680 -4.399290
v 4.931517 43.006680 -4.554481
v 2.872909 43.006680 -4.399290
v 0.954592 43.006680 -3.944296
v -0.692704 43.006680 -3.220504
v -1.956719 43.006680 -2.277240
v -2.751312 43.006680 -1.178786
v -3.022333 43.006680 -0.000000
v -2.751312 43.006680 1.178786
v -1.956719 43.006680 2.277240
v -0.692704 43.006680 3.220504
v 0.954592 43.006680 3.944296
v 2.872909 43.006680 4.399290
v 4.931517 43.006680 4.554481
v 6.990125 43.006680 4.399290
v 8.908442 43.006680 3.944296
v 10.555738 43.006680 3.220504
v 11.819753 43.006680 2.277240
v 12.614346 43.006680 1.178786
v 12.885366 43.006680 0.000000
v 13.375279 43.763578 -0.000000
v 13.087564 43.763578 -1.251393
v 12.244029 43.763578 -2.417505
v 10.902158 43.763578 -3.418869
v 9.153398 43.763578 -4.187242
v 7.116923 43.763578 -4.670262
v 4.931517 43.763578 -4.835011
v 2.746111 43.763578 -4.670262
v 0.709636 43.763578 -4.187242
v -1.039124 43.763578 -3.418869
v -2.380995 43.763578 -2.417505
v -3.224530 43.763578 -1.251393
v -3.512245 43.763578 -0.000000
v -3.224530 43.763578 1.251393
v -2.380995 43.763578 2.417505
v -1.039124 43.763578 3.418869
v 0.709636 43.763578 4.187242
v 2.746111 43.763578 4.670262
v 4.931517 43.763578 4.835011
v 7.116923 43.763578 4.670262
v 9.153398 43.763578 4.187242
v 10.902158 43.763578 3.418869
v 12.244029 43.763578 2.417505
v 13.087564 43.763578 1.251393
v 13.375279 43.763578 0.000000
v 13.540702 44.550725 -0.000000
v 13.247351 44.550725 -1.275909
v 12.387290 44.550725 -2.464867
v 11.019130 44.550725 -3.485849
v 9.236109 44.550725 -4.269275
v 7.159738 44.550725 -4.761758
v 4.931517 44.550725 -4.929734
v 2.703296 44.550725 -4.761758
v 0.626925 44.550725 -4.269275
v -1.156096 44.550725 -3.485849
v -2.524256 44.550725 -2.464867
v -3.384317 44.550725 -1.275909
v -3.677668 44.550725 -0.000000
v -3.384317 44.550725 1.275909
v -2.524256 44.550725 2.464867
v -1.156096 44.550725 3.485849
v 0.626925 44.550725 4.269275
v 2.703296 44.550725 4.761758
v 4.931517 44.550725 4.929734
v 7.159738 44.550725 4.761758
v 9.236109 44.550725 4.269275
v 11.019130 44.550725 3.485849
v 12.387290 44.550725 2.464867
v 13.247351 44.550725 1.275909
v 13.540702 44.550725 0.000000
v 13.375279 45.337872 -0.000000
v 13.087564 45.337872 -1.251393
v 12.244029 45.337872 -2.417505
v 10.902158 45.337872 -3.418869
v 9.153398 45.337872 -4.187242
v 7.116923 45.337872 -4.670262
v 4.931517 45.337872 -4.835011
v 2.746111 45.337872 -4.670262
v 0.709636 45.337872 -4.187242
v -1.039124 45.337872 -3.418869
v -2.380995 45.337872 -2.417505
v -3.224530 45.337872 -1.251393
v -3.512245 45.337872 -0.000000
v -3.224530 45.337872 1.251393
v -2.380995 45.337872 2.417505
v -1.039124 45.337872 3.418869
v 0.709636 45.337872 4.187242
v 2.746111 45.337872 4.670262
v 4.931517 45.337872 4.835011
v 7.116923 45.337872 4.670262
v 9.153398 45.337872 4.187242
v 10.902158 45.337872 3.418869
v 12.244029 45.337872 2.417505
v 13.087564 45.337872 1.251393
v 13.375279 45.337872 0.000000
v 12.885366 46.094769 -0.000000
v 12.614346 46.094769 -1.178786
v 11.819753 46.094769 -2.277240
v 10.555738 46.094769 -3.220504
v 8.908442 46.094769 -3.944296
v 6.990125 46.094769 -4.399290
v 4.931517 46.094769 -4.554481
v 2.872909 46.094769 -4.399290
v 0.954592 46.094769 -3.944296
v -0.692704 46.094769 -3.220504
v -1.956719 46.094769 -2.277240
v -2.751312 46.094769 -1.178786
v -3.022333 46.094769 -0.000000
v -2.751312 46.094769 1.178786
v -1.956719 46.094769 2.277240
v -0.692704 46.094769 3.220504
v 0.954592 46.094769 3.944296
v 2.872909 46.094769 4.399290
v 4.931517 46.094769 4.554481
v 6.990125 46.094769 4.399290
v 8.908442 46.094769 3.944296
v 10.555738 46.094769 3.220504
v 11.819753 46.094769 2.277240
v 12.614346 46.094769 1.178786
v 12.885366 46.094769 0.000000
v 12.089792 46.792330 -0.000000
v 11.845880 46.792330 -1.060880
v 11.130765 46.792330 -2.049462
v 9.993182 46.792330 -2.898377
v 8.510655 46.792330 -3.549773
v 6.784215 46.792330 -3.959257
v 4.931517 46.792330 -4.098924
v 3.078819 46.792330 -3.959257
v 1.352379 46.792330 -3.549773
v -0.130148 46.792330 -2.898377
v -1.267731 46.792330 -2.049462
v -1.982846 46.792330 -1.060880
v -2.226759 46.792330 -0.000000
v -1.982846 46.792330 1.060880
v -1.267731 46.792330 2.049462
v -0.130148 46.792330 2.898377
v 1.352379 46.792330 3.549773
v 3.078819 46.792330 3.959257
v 4.931517 46.792330 4.098924
v 6.784215 46.792330 3.959257
v 8.510655 46.792330 3.549773
v 9.993182 46.792330 2.898377
v 11.130765 46.792330 2.049462
v 11.845880 46.792330 1.060880
v 12.089792 46.792330 0.000000
v 11.019130 47.403747 -0.000000
v 10.811699 47.403747 -0.902204
v 10.203544 47.403747 -1.742924
v 9.236109 47.403747 -2.464867
v 7.975323 47.403747 -3.018833
v 6.507107 47.403747 -3.367071
v 4.931517 47.403747 -3.485849
v 3.355927 47.403747 -3.367071
v 1.887711 47.403747 -3.018833
v 0.626925 47.403747 -2.464867
v -0.340510 47.403747 -1.742924
v -0.948666 47.403747 -0.902204
v -1.156096 47.403747 -0.000000
v -0.948666 47.403747 0.902204
v -0.340510 47.403747 1.742924
v 0.626925 47.403747 2.464867
v 1.887711 47.403747 3.018833
v 3.355927 47.403747 3.367071
v 4.931517 47.403747 3.485849
v 6.507107 47.403747 3.367071
v 7.975323 47.403747 3.018833
v 9.236109 47.403747 2.464867
v 10.203544 47.403747 1.742924
v 10.811699 47.403747 0.902204
v 11.019130 47.403747 0.000000
v 9.714524 47.905524 -0.000000
v 9.551547 47.905524 -0.708857
v 9.073722 47.905524 -1.369407
v 8.313613 47.905524 -1.936634
v 7.323020 47.905524 -2.371882
v 6.169450 47.905524 -2.645491
v 4.931517 47.905524 -2.738814
v 3.693584 47.905524 -2.645491
v 2.540014 47.905524 -2.371882
v 1.549420 47.905524 -1.936634
v 0.789312 47.905524 -1.369407
v 0.311487 47.905524 -0.708857
v 0.148510 47.905524 -0.000000
v 0.311487 47.905524 0.708857
v 0.789312 47.905524 1.369407
v 1.549420 47.905524 1.936634
v 2.540014 47.905524 2.371882
v 3.693584 47.905524 2.645491
v 4.931517 47.905524 2.738814
v 6.169450 47.905524 2.645491
v 7.323020 47.905524 2.371882
v 8.313613 47.905524 1.936634
v 9.073722 47.905524 1.369407
v 9.551547 47.905524 0.708857
v 9.714524 47.905524 0.000000
v 8.226109 48.278378 -0.000000
v 8.113849 48.278378 -0.488269
v 7.784718 48.278378 -0.943264
v 7.261146 48.278378 -1.333976
v 6.578813 48.278378 -1.633781
v 5.784220 48.278378 -1.822246
v 4.931517 48.278378 -1.886528
v 4.078814 48.278378 -1.822246
v 3.284221 48.278378 -1.633781
v 2.601888 48.278378 -1.333976
v 2.078316 48.278378 -0.943264
v 1.749185 48.278378 -0.488269
v 1.636925 48.278378 -0.000000
v 1.749185 48.278378 0.488269
v 2.078316 48.278378 0.943264
v 2.601888 48.278378 1.333976
v 3.284221 48.278378 1.633781
v 4.078814 48.278378 1.822246
v 4.931517 48.278378 1.886528
v 5.784220 48.278378 1.822246
v 6.578813 48.278378 1.633781
v 7.261146 48.278378 1.333976
v 7.784718 48.278378 0.943264
v 8.113849 48.278378 0.488269
v 8.226109 48.278378 0.000000
v 6.611086 48.507980 -0.000000
v 6.553856 48.507980 -0.248918
v 6.386066 48.507980 -0.480872
v 6.119151 48.507980 -0.680055
v 5.771301 48.507980 -0.832894
v 5.366221 48.507980 -0.928973
v 4.931517 48.507980 -0.961743
v 4.496813 48.507980 -0.928973
v 4.091733 48.507980 -0.832894
v 3.743883 48.507980 -0.680055
v 3.476968 48.507980 -0.480872
v 3.309178 48.507980 -0.248918
v 3.251948 48.507980 -0.000000
v 3.309178 48.507980 0.248918
v 3.476968 48.507980 0.480872
v 3.743883 48.507980 0.680055
v 4.091733 48.507980 0.832894
v 4.496813 48.507980 0.928973
v 4.931517 48.507980 0.961743
v 5.366221 48.507980 0.928973
v 5.771301 48.507980 0.832894
v 6.119151 48.507980 0.680055
v 6.386066 48.507980 0.480872
v 6.553856 48.507980 0.248918
v 6.611086 48.507980 0.000000
v 4.931517 48.585507 -0.000000
vt 0.5000000 0.6996875
vt 0.0865625 0.8072674
vt 0.1210156 0.8072674
vt 0.1554687 0.8072674
vt 0.1899219 0.8072674
vt 0.2243750 0.8072674
vt 0.2588281 0.8072674
vt 0.2932812 0.8072674
vt 0.3277344 0.8072674
vt 0.3621875 0.8072674
vt 0.3966406 0.8072674
vt 0.4310938 0.8072674
vt 0.4655469 0.8072674
vt 0.5000000 0.8072674
vt 0.5344531 0.8072674
vt 0.5689062 0.8072674
vt 0.6033594 0.8072674
vt 0.6378125 0.8072674
vt 0.6722656 0.8072674
vt 0.7067187 0.8072674
vt 0.7411719 0.8072674
vt 0.7756250 0.8072674
vt 0.8100781 0.8072674
vt 0.8445312 0.8072674
vt 0.8789844 0.8072674
vt 0.9134375 0.8072674
vt 0.0865625 0.8010255
vt 0.1210156 0.8010255
vt 0.1554687 0.8010255
vt 0.1899219 0.8010255
vt 0.2243750 0.8010255
vt 0.2588281 0.8010255
vt 0.2932812 0.8010255
vt 0.3277344 0.8010255
vt 0.3621875 0.8010255
vt 0.3966406 0.8010255
vt 0.4310938 0.8010255
vt 0.4655469 0.8010255
vt 0.5000000 0.8010255
vt 0.5344531 0.8010255
vt 0.5689062 0.8010255
vt 0.6033594 0.8010255
vt 0.6378125 0.8010255
vt 0.6722656 0.8010255
vt 0.7067187 0.8010255
vt 0.7411719 0.8010255
vt 0.7756250 0.8010255
vt 0.8100781 0.8010255
vt 0.8445312 0.8010255
vt 0.8789844 0.8010255
vt 0.9134375 0.8010255
vt 0.0865625 0.7908893
vt 0.1210156 0.7908893
vt 0.1554687 0.7908893
vt 0.1899219 0.7908893
vt 0.2243750 0.7908893
vt 0.2588281 0.7908893
vt 0.2932812 0.7908893
vt 0.3277344 0.7908893
vt 0.3621875 0.7908893
vt 0.3966406 0.7908893
vt 0.4310938 0.7908893
vt 0.4655469 0.7908893
vt 0.5000000 0.7908893
vt 0.5344531 0.7908893
vt 0.5689062 0.7908893
vt 0.6033594 0.7908893
vt 0.6378125 0.7908893
vt 0.6722656 0.7908893
vt 0.7067187 0.7908893
vt 0.7411719 0.7908893
vt 0.7756250 0.7908893
vt 0.8100781 0.7908893
vt 0.8445312 0.7908893
vt 0.8789844 0.7908893
vt 0.9134375 0.7908893
vt 0.0865625 0.7772483
vt 0.1210156 0.7772483
vt 0.1554687 0.7772483
vt 0.1899219 0.7772483
vt 0.2243750 0.7772483
vt 0.2588281 0.7772483
vt 0.2932812 0.7772483
vt 0.3277344 0.7772483
vt 0.3621875 0.7772483
vt 0.3966406 0.7772483
vt 0.4310938 0.7772483
vt 0.4655469 0.7772483
vt 0.5000000 0.7772483
vt 0.5344531 0.7772483
vt 0.5689062 0.7772483
vt 0.6033594 0.7772483
vt 0.6378125 0.7772483
vt 0.6722656 0.7772483
vt 0.7067187 0.7772483
vt 0.7411719 0.7772483
vt 0.7756250 0.7772483
vt 0.8100781 0.7772483
vt 0.8445312 0.7772483
vt 0.8789844 0.7772483
vt 0.9134375 0.7772483
vt 0.0865625 0.7606266
vt 0.1210156 0.7606266
vt 0.1554687 0.7606266
vt 0.1899219 0.7606266
vt 0.2243750 0.7606266
vt 0.2588281 0.7606266
vt 0.2932812 0.7606266
vt 0.3277344 0.7606266
vt 0.3621875 0.7606266
vt 0.3966406 0.7606266
vt 0.4310938 0.7606266
vt 0.4655469 0.7606266
vt 0.5000000 0.7606266
vt 0.5344531 0.7606266
vt 0.5689062 0.7606266
vt 0.6033594 0.7606266
vt 0.6378125 0.7606266
vt 0.6722656 0.7606266
vt 0.7067187 0.7606266
vt 0.7411719 0.7606266
vt 0.7756250 0.7606266
vt 0.8100781 0.7606266
vt 0.8445312 0.7606266
vt 0.8789844 0.7606266
vt 0.9134375 0.7606266
vt 0.0865625 0.7416631
vt 0.1210156 0.7416631
vt 0.1554687 0.7416631
vt 0.1899219 0.7416631
vt 0.2243750 0.7416631
vt 0.2588281 0.7416631
vt 0.2932812 0.7416631
vt 0.3277344 0.7416631
vt 0.3621875 0.7416631
vt 0.3966406 0.7416631
vt 0.4310938 0.7416631
vt 0.4655469 0.7416631
vt 0.5000000 0.7416631
vt 0.5344531 0.7416631
vt 0.5689062 0.7416631
vt 0.6033594 0.7416631
vt 0.6378125 0.7416631
vt 0.6722656 0.7416631
vt 0.7067187 0.7416631
vt 0.7411719 0.7416631
vt 0.7756250 0.7416631
vt 0.8100781 0.7416631
vt 0.8445312 0.7416631
vt 0.8789844 0.7416631
vt 0.9134375 0.7416631
vt 0.0865625 0.7210865
vt 0.1210156 0.7210865
vt 0.1554687 0.7210865
vt 0.1899219 0.7210865
vt 0.2243750 0.7210865
vt 0.2588281 0.7210865
vt 0.2932812 0.7210865
vt 0.3277344 0.7210865
vt 0.3621875 0.7210865
vt 0.3966406 0.7210865
vt 0.4310938 0.7210865
vt 0.4655469 0.7210865
vt 0.5000000 0.7210865
vt 0.5344531 0.7210865
vt 0.5689062 0.7210865
vt 0.6033594 0.7210865
vt 0.6378125 0.7210865
vt 0.6722656 0.7210865
vt 0.7067187 0.7210865
vt 0.7411719 0.7210865
vt 0.7756250 0.7210865
vt 0.8100781 0.7210865
vt 0.8445312 0.7210865
vt 0.8789844 0.7210865
vt 0.9134375 0.7210865
vt 0.0865625 0.6996875
vt 0.1210156 0.6996875
vt 0.1554687 0.6996875
vt 0.1899219 0.6996875
vt 0.2243750 0.6996875
vt 0.2588281 0.6996875
vt 0.2932812 0.6996875
vt 0.3277344 0.6996875
vt 0.3621875 0.6996875
vt 0.3966406 0.6996875
vt 0.4310938 0.6996875
vt 0.4655469 0.6996875
vt 0.5000000 0.6996875
vt 0.5344531 0.6996875
vt 0.5689062 0.6996875
vt 0.6033594 0.6996875
vt 0.6378125 0.6996875
vt 0.6722656 0.6996875
vt 0.7067187 0.6996875
vt 0.7411719 0.6996875
vt 0.7756250 0.6996875
vt 0.8100781 0.6996875
vt 0.8445312 0.6996875
vt 0.8789844 0.6996875
vt 0.9134375 0.6996875
vt 0.0865625 0.6782885
vt 0.1210156 0.6782885
vt 0.1554687 0.6782885
vt 0.1899219 0.6782885
vt 0.2243750 0.6782885
vt 0.2588281 0.6782885
vt 0.2932812 0.6782885
vt 0.3277344 0.6782885
vt 0.3621875 0.6782885
vt 0.3966406 0.6782885
vt 0.4310938 0.6782885
vt 0.4655469 0.6782885
vt 0.5000000 0.6782885
vt 0.5344531 0.6782885
vt 0.5689062 0.6782885
vt 0.6033594 0.6782885
vt 0.6378125 0.6782885
vt 0.6722656 0.6782885
vt 0.7067187 0.6782885
vt 0.7411719 0.6782885
vt 0.7756250 0.6782885
vt 0.8100781 0.6782885
vt 0.8445312 0.6782885
vt 0.8789844 0.6782885
vt 0.9134375 0.6782885
vt 0.0865625 0.6577119
vt 0.1210156 0.6577119
vt 0.1554687 0.6577119
vt 0.1899219 0.6577119
vt 0.2243750 0.6577119
vt 0.2588281 0.6577119
vt 0.2932812 0.6577119
vt 0.3277344 0.6577119
vt 0.3621875 0.6577119
vt 0.3966406 0.6577119
vt 0.4310938 0.6577119
vt 0.4655469 0.6577119
vt 0.5000000 0.6577119
vt 0.5344531 0.6577119
vt 0.5689062 0.6577119
vt 0.6033594 0.6577119
vt 0.6378125 0.6577119
vt 0.6722656 0.6577119
vt 0.7067187 0.6577119
vt 0.7411719 0.6577119
vt 0.7756250 0.6577119
vt 0.8100781 0.6577119
vt 0.8445312 0.6577119
vt 0.8789844 0.6577119
vt 0.9134375 0.6577119
vt 0.0865625 0.6387484
vt 0.1210156 0.6387484
vt 0.1554687 0.6387484
vt 0.1899219 0.6387484
vt 0.2243750 0.6387484
vt 0.2588281 0.6387484
vt 0.2932812 0.6387484
vt 0.3277344 0.6387484
vt 0.3621875 0.6387484
vt 0.3966406 0.6387484
vt 0.4310938 0.6387484
vt 0.4655469 0.6387484
vt 0.5000000 0.6387484
vt 0.5344531 0.6387484
vt 0.5689062 0.6387484
vt 0.6033594 0.6387484
vt 0.6378125 0.6387484
vt 0.6722656 0.6387484
vt 0.7067187 0.6387484
vt 0.7411719 0.6387484
vt 0.7756250 0.6387484
vt 0.8100781 0.6387484
vt 0.8445312 0.6387484
vt 0.8789844 0.6387484
vt 0.9134375 0.6387484
vt 0.0865625 0.6221267
vt 0.1210156 0.6221267
vt 0.1554687 0.6221267
vt 0.1899219 0.6221267
vt 0.2243750 0.6221267
vt 0.2588281 0.6221267
vt 0.2932812 0.6221267
vt 0.3277344 0.6221267
vt 0.3621875 0.6221267
vt 0.3966406 0.6221267
vt 0.4310938 0.6221267
vt 0.4655469 0.6221267
vt 0.5000000 0.6221267
vt 0.5344531 0.6221267
vt 0.5689062 0.6221267
vt 0.6033594 0.6221267
vt 0.6378125 0.6221267
vt 0.6722656 0.6221267
vt 0.7067187 0.6221267
vt 0.7411719 0.6221267
vt 0.7756250 0.6221267
vt 0.8100781 0.6221267
vt 0.8445312 0.6221267
vt 0.8789844 0.6221267
vt 0.9134375 0.6221267
vt 0.0865625 0.6084857
vt 0.1210156 0.6084857
vt 0.1554687 0.6084857
vt 0.1899219 0.6084857
vt 0.2243750 0.6084857
vt 0.2588281 0.6084857
vt 0.2932812 0.6084857
vt 0.3277344 0.6084857
vt 0.3621875 0.6084857
vt 0.3966406 0.6084857
vt 0.4310938 0.6084857
vt 0.4655469 0.6084857
vt 0.5000000 0.6084857
vt 0.5344531 0.6084857
vt 0.5689062 0.6084857
vt 0.6033594 0.6084857
vt 0.6378125 0.6084857
vt 0.6722656 0.6084857
vt 0.7067187 0.6084857
vt 0.7411719 0.6084857
vt 0.7756250 0.6084857
vt 0.8100781 0.6084857
vt 0.8445312 0.6084857
vt 0.8789844 0.6084857
vt 0.9134375 0.6084857
vt 0.0865625 0.5983495
vt 0.1210156 0.5983495
vt 0.1554687 0.5983495
vt 0.1899219 0.5983495
vt 0.2243750 0.5983495
vt 0.2588281 0.5983495
vt 0.2932812 0.5983495
vt 0.3277344 0.5983495
vt 0.3621875 0.5983495
vt 0.3966406 0.5983495
vt 0.4310938 0.5983495
vt 0.4655469 0.5983495
vt 0.5000000 0.5983495
vt 0.5344531 0.5983495
vt 0.5689062 0.5983495
vt 0.6033594 0.5983495
vt 0.6378125 0.5983495
vt 0.6722656 0.5983495
vt 0.7067187 0.5983495
vt 0.7411719 0.5983495
vt 0.7756250 0.5983495
vt 0.8100781 0.5983495
vt 0.8445312 0.5983495
vt 0.8789844 0.5983495
vt 0.9134375 0.5983495
vt 0.0865625 0.5921076
vt 0.1210156 0.5921076
vt 0.1554687 0.5921076
vt 0.1899219 0.5921076
vt 0.2243750 0.5921076
vt 0.2588281 0.5921076
vt 0.2932812 0.5921076
vt 0.3277344 0.5921076
vt 0.3621875 0.5921076
vt 0.3966406 0.5921076
vt 0.4310938 0.5921076
vt 0.4655469 0.5921076
vt 0.5000000 0.5921076
vt 0.5344531 0.5921076
vt 0.5689062 0.5921076
vt 0.6033594 0.5921076
vt 0.6378125 0.5921076
vt 0.6722656 0.5921076
vt 0.7067187 0.5921076
vt 0.7411719 0.5921076
vt 0.7756250 0.5921076
vt 0.8100781 0.5921076
vt 0.8445312 0.5921076
vt 0.8789844 0.5921076
vt 0.9134375 0.5921076
vt 0.5000000 0.6996875
vn -0.0000000 -1.0000000 -0.0000000
vn 0.1084638 -0.9940444 -0.0105495
vn 0.1030870 -0.9929122 -0.0591478
vn 0.0905877 -0.9904982 -0.1034751
vn 0.0719449 -0.9874684 -0.1404636
vn 0.0485369 -0.9846400 -0.1677145
vn 0.0219851 -0.9827577 -0.1835866
vn -0.0059694 -0.9823070 -0.1871823
vn -0.0335445 -0.9834033 -0.1783049
vn -0.0589681 -0.9857657 -0.1574446
vn -0.0805381 -0.9887798 -0.1258100
vn -0.0967187 -0.9916441 -0.0853667
vn -0.1062816 -0.9935781 -0.0388170
vn -0.1084638 -0.9940444 0.0105495
vn -0.1030870 -0.9929122 0.0591478
vn -0.0905877 -0.9904982 0.1034751
vn -0.0719449 -0.9874684 0.1404636
vn -0.0485369 -0.9846400 0.1677145
vn -0.0219851 -0.9827577 0.1835866
vn 0.0059694 -0.9823070 0.1871823
vn 0.0335445 -0.9834033 0.1783049
vn 0.0589681 -0.9857657 0.1574446
vn 0.0805381 -0.9887798 0.1258100
vn 0.0967187 -0.9916441 0.0853667
vn 0.1062816 -0.9935781 0.0388170
vn 0.1084638 -0.9940444 -0.0105495
vn 0.1986734 -0.9800106 -0.0104005
vn 0.1897346 -0.9767790 -0.0995165
vn 0.1672234 -0.9692583 -0.1804845
vn 0.1334435 -0.9596683 -0.2474462
vn 0.0913573 -0.9506479 -0.2965171
vn 0.0440126 -0.9444884 -0.3255834
vn -0.0057284 -0.9426505 -0.3337322
vn -0.0551628 -0.9455540 -0.3207563
vn -0.1015644 -0.9525324 -0.2869960
vn -0.1420217 -0.9619080 -0.2335868
vn -0.1734703 -0.9712559 -0.1630031
vn -0.1930400 -0.9779579 -0.0795864
vn -0.1986734 -0.9800106 0.0104005
vn -0.1897346 -0.9767790 0.0995165
vn -0.1672234 -0.9692583 0.1804845
vn -0.1334435 -0.9596683 0.2474462
vn -0.0913573 -0.9506479 0.2965171
vn -0.0440126 -0.9444884 0.3255834
vn 0.0057284 -0.9426505 0.3337322
vn 0.0551628 -0.9455540 0.3207563
vn 0.1015644 -0.9525324 0.2869960
vn 0.1420217 -0.9619080 0.2335868
vn 0.1734703 -0.9712559 0.1630031
vn 0.1930400 -0.9779579 0.0795864
vn 0.1986734 -0.9800106 -0.0104005
vn 0.3045279 -0.9524498 -0.0101080
vn 0.2905492 -0.9456020 -0.1463492
vn 0.2544717 -0.9292145 -0.2679638
vn 0.2015362 -0.9086925 -0.3655968
vn 0.1375731 -0.8898486 -0.4350208
vn 0.0674364 -0.8771338 -0.4754877
vn -0.0053058 -0.8730991 -0.4875139
vn -0.0778531 -0.8784808 -0.4713919
vn -0.1473422 -0.8922890 -0.4267442
vn -0.2100375 -0.9116958 -0.3531219
vn -0.2608967 -0.9319943 -0.2516339
vn -0.2940478 -0.9472902 -0.1271891
vn -0.3045279 -0.9524498 0.0101080
vn -0.2905492 -0.9456020 0.1463492
vn -0.2544717 -0.9292145 0.2679638
vn -0.2015362 -0.9086925 0.3655968
vn -0.1375731 -0.8898486 0.4350208
vn -0.0674364 -0.8771338 0.4754877
vn 0.0053058 -0.8730991 0.4875139
vn 0.0778531 -0.8784808 0.4713919
vn 0.1473422 -0.8922890 0.4267442
vn 0.2100375 -0.9116958 0.3531219
vn 0.2608967 -0.9319943 0.2516339
vn 0.2940478 -0.9472902 0.1271891
vn 0.3045279 -0.9524498 -0.0101080
vn 0.4288466 -0.9033264 -0.0095867
vn 0.4072195 -0.8910860 -0.2003450
vn 0.3517458 -0.8619112 -0.3652178
vn 0.2740435 -0.8269366 -0.4909949
vn 0.1848278 -0.7963008 -0.5759720
vn 0.0908272 -0.7762855 -0.6238039
vn -0.0046782 -0.7698212 -0.6382424
vn -0.1001191 -0.7776724 -0.6206462
vn -0.1938398 -0.7988994 -0.5693732
vn -0.2822941 -0.8303012 -0.4805309
vn -0.3583496 -0.8652093 -0.3507113
vn -0.4109886 -0.8931855 -0.1825049
vn -0.4288466 -0.9033264 0.0095867
vn -0.4072195 -0.8910860 0.2003450
vn -0.3517458 -0.8619112 0.3652178
vn -0.2740435 -0.8269366 0.4909949
vn -0.1848278 -0.7963008 0.5759720
vn -0.0908272 -0.7762855 0.6238039
vn 0.0046782 -0.7698212 0.6382424
vn 0.1001191 -0.7776724 0.6206462
vn 0.1938398 -0.7988994 0.5693732
vn 0.2822941 -0.8303012 0.4805309
vn 0.3583496 -0.8652093 0.3507113
vn 0.4109886 -0.8931855 0.1825049
vn 0.4288466 -0.9033264 -0.0095867
vn 0.5778047 -0.8161291 -0.0086613
vn 0.5437300 -0.7969247 -0.2631893
vn 0.4591137 -0.7525320 -0.4721336
vn 0.3488775 -0.7029259 -0.6198223
vn 0.2309749 -0.6623350 -0.7127152
vn 0.1129874 -0.6370173 -0.7625239
vn -0.0038215 -0.6288519 -0.7775157
vn -0.1206819 -0.6381603 -0.7603863
vn -0.2387477 -0.6645654 -0.7080624
vn -0.3564753 -0.7060092 -0.6119448
vn -0.4657055 -0.7558082 -0.4602960
vn -0.5477731 -0.7991659 -0.2475449
vn -0.5778047 -0.8161291 0.0086613
vn -0.5437300 -0.7969247 0.2631893
vn -0.4591137 -0.7525320 0.4721336
vn -0.3488775 -0.7029259 0.6198223
vn -0.2309749 -0.6623350 0.7127152
vn -0.1129874 -0.6370173 0.7625239
vn 0.0038215 -0.6288519 0.7775157
vn 0.1206819 -0.6381603 0.7603863
vn 0.2387477 -0.6645654 0.7080624
vn 0.3564753 -0.7060092 0.6119448
vn 0.4657055 -0.7558082 0.4602960
vn 0.5477731 -0.7991659 0.2475449
vn 0.5778047 -0.8161291 -0.0086613
vn 0.7517540 -0.6594066 -0.0069981
vn 0.6975078 -0.6343129 -0.3333616
vn 0.5703502 -0.5794648 -0.5821694
vn 0.4199267 -0.5237055 -0.7412112
vn 0.2720291 -0.4816718 -0.8330621
vn 0.1321015 -0.4567892 -0.8797118
vn -0.0027275 -0.4488355 -0.8936103
vn -0.1376682 -0.4574675 -0.8785050
vn -0.2778931 -0.4830521 -0.8303229
vn -0.4260903 -0.5257574 -0.7362243
vn -0.5762562 -0.5818728 -0.5738927
vn -0.7015102 -0.6361329 -0.3212761
vn -0.7517540 -0.6594066 0.0069981
vn -0.6975078 -0.6343129 0.3333616
vn -0.5703502 -0.5794648 0.5821694
vn -0.4199267 -0.5237055 0.7412112
vn -0.2720291 -0.4816718 0.8330621
vn -0.1321015 -0.4567892 0.8797118
vn 0.0027275 -0.4488355 0.8936103
vn 0.1376682 -0.4574675 0.8785050
vn 0.2778931 -0.4830521 0.8303229
vn 0.4260903 -0.5257574 0.7362243
vn 0.5762562 -0.5818728 0.5738927
vn 0.7015102 -0.6361329 0.3212761
vn 0.7517540 -0.6594066 -0.0069981
vn 0.9214523 -0.3884697 -0.0041227
vn 0.8408890 -0.3672632 -0.3975215
vn 0.6642537 -0.3238400 -0.6737171
vn 0.4746565 -0.2837219 -0.8331885
vn 0.3018425 -0.2556384 -0.9184444
vn 0.1457610 -0.2397187 -0.9598378
vn -0.0014260 -0.2346637 -0.9720756
vn -0.1487016 -0.2399224 -0.9593357
vn -0.3050438 -0.2560670 -0.9172666
vn -0.4782337 -0.2843991 -0.8309089
vn -0.6680167 -0.3247126 -0.6695636
vn -0.8437273 -0.3679973 -0.3907713
vn -0.9214523 -0.3884697 0.0041227
vn -0.8408890 -0.3672632 0.3975215
vn -0.6642537 -0.3238400 0.6737171
vn -0.4746565 -0.2837219 0.8331885
vn -0.3018425 -0.2556384 0.9184444
vn -0.1457610 -0.2397187 0.9598378
vn 0.0014260 -0.2346637 0.9720756
vn 0.1487016 -0.2399224 0.9593357
vn 0.3050438 -0.2560670 0.9172666
vn 0.4782337 -0.2843991 0.8309089
vn 0.6680167 -0.3247126 0.6695636
vn 0.8437273 -0.3679973 0.3907713
vn 0.9214523 -0.3884697 -0.0041227
vn 1.0000000 -0.0000000 0.0000000
vn 0.9057404 0.0000000 -0.4238329
vn 0.7041881 0.0000000 -0.7100134
vn 0.4969138 -0.0000000 -0.8677999
vn 0.3138898 0.0000000 -0.9494594
vn 0.1516566 -0.0000000 -0.9884332
vn -0.0000000 -0.0000000 -1.0000000
vn -0.1516566 -0.0000000 -0.9884332
vn -0.3138898 -0.0000000 -0.9494594
vn -0.4969138 0.0000000 -0.8677999
vn -0.7041881 -0.0000000 -0.7100134
vn -0.9057404 0.0000000 -0.4238329
vn -1.0000000 -0.0000000 -0.0000000
vn -0.9057404 -0.0000000 0.4238329
vn -0.7041881 0.0000000 0.7100134
vn -0.4969138 0.0000000 0.8677999
vn -0.3138898 0.0000000 0.9494594
vn -0.1516566 -0.0000000 0.9884332
vn -0.0000000 0.0000000 1.0000000
vn 0.1516566 0.0000000 0.9884332
vn 0.3138898 -0.0000000 0.9494594
vn 0.4969138 0.0000000 0.8677999
vn 0.7041881 -0.0000000 0.7100134
vn 0.9057404 -0.0000000 0.4238329
vn 1.0000000 -0.0000000 0.0000000
vn 0.9214523 0.3884697 0.0041227
vn 0.8437273 0.3679973 -0.3907713
vn 0.6680167 0.3247126 -0.6695636
vn 0.4782337 0.2843991 -0.8309089
vn 0.3050438 0.2560670 -0.9172666
vn 0.1487016 0.2399224 -0.9593357
vn 0.0014260 0.2346637 -0.9720756
vn -0.1457610 0.2397187 -0.9598378
vn -0.3018425 0.2556384 -0.9184444
vn -0.4746565 0.2837219 -0.8331885
vn -0.6642537 0.3238400 -0.6737171
vn -0.8408890 0.3672632 -0.3975215
vn -0.9214523 0.3884697 -0.0041227
vn -0.8437273 0.3679973 0.3907713
vn -0.6680167 0.3247126 0.6695636
vn -0.4782337 0.2843991 0.8309089
vn -0.3050438 0.2560670 0.9172666
vn -0.1487016 0.2399224 0.9593357
vn -0.0014260 0.2346637 0.9720756
vn 0.1457610 0.2397187 0.9598378
vn 0.3018425 0.2556384 0.9184444
vn 0.4746565 0.2837219 0.8331885
vn 0.6642537 0.3238400 0.6737171
vn 0.8408890 0.3672632 0.3975215
vn 0.9214523 0.3884697 0.0041227
vn 0.7517540 0.6594066 0.0069981
vn 0.7015102 0.6361329 -0.3212761
vn 0.5762562 0.5818728 -0.5738927
vn 0.4260903 0.5257574 -0.7362243
vn 0.2778931 0.4830521 -0.8303229
vn 0.1376682 0.4574675 -0.8785050
vn 0.0027275 0.4488355 -0.8936103
vn -0.1321015 0.4567892 -0.8797118
vn -0.2720291 0.4816718 -0.8330621
vn -0.4199267 0.5237055 -0.7412112
vn -0.5703502 0.5794648 -0.5821694
vn -0.6975078 0.6343129 -0.3333616
vn -0.7517540 0.6594066 -0.0069981
vn -0.7015102 0.6361329 0.3212761
vn -0.5762562 0.5818728 0.5738927
vn -0.4260903 0.5257574 0.7362243
vn -0.2778931 0.4830521 0.8303229
vn -0.1376682 0.4574675 0.8785050
vn -0.0027275 0.4488355 0.8936103
vn 0.1321015 0.4567892 0.8797118
vn 0.2720291 0.4816718 0.8330621
vn 0.4199267 0.5237055 0.7412112
vn 0.5703502 0.5794648 0.5821694
vn 0.6975078 0.6343129 0.3333616
vn 0.7517540 0.6594066 0.0069981
vn 0.5778047 0.8161291 0.0086613
vn 0.5477731 0.7991659 -0.2475449
vn 0.4657055 0.7558082 -0.4602960
vn 0.3564753 0.7060092 -0.6119448
vn 0.2387477 0.6645654 -0.7080624
vn 0.1206819 0.6381603 -0.7603863
vn 0.0038215 0.6288519 -0.7775157
vn -0.1129874 0.6370173 -0.7625239
vn -0.2309749 0.6623350 -0.7127152
vn -0.3488775 0.7029259 -0.6198223
vn -0.4591137 0.7525320 -0.4721336
vn -0.5437300 0.7969247 -0.2631893
vn -0.5778047 0.8161291 -0.0086613
vn -0.5477731 0.7991659 0.2475449
vn -0.4657055 0.7558082 0.4602960
vn -0.3564753 0.7060092 0.6119448
vn -0.2387477 0.6645654 0.7080624
vn -0.1206819 0.6381603 0.7603863
vn -0.0038215 0.6288519 0.7775157
vn 0.1129874 0.6370173 0.7625239
vn 0.2309749 0.6623350 0.7127152
vn 0.3488775 0.7029259 0.6198223
vn 0.4591137 0.7525320 0.4721336
vn 0.5437300 0.7969247 0.2631893
vn 0.5778047 0.8161291 0.0086613
vn 0.4288466 0.9033264 0.0095867
vn 0.4109886 0.8931855 -0.1825049
vn 0.3583496 0.8652093 -0.3507113
vn 0.2822941 0.8303012 -0.4805309
vn 0.1938398 0.7988994 -0.5693732
vn 0.1001191 0.7776724 -0.6206462
vn 0.0046782 0.7698212 -0.6382424
vn -0.0908272 0.7762855 -0.6238039
vn -0.1848278 0.7963008 -0.5759720
vn -0.2740435 0.8269366 -0.4909949
vn -0.3517458 0.8619112 -0.3652178
vn -0.4072195 0.8910860 -0.2003450
vn -0.4288466 0.9033264 -0.0095867
vn -0.4109886 0.8931855 0.1825049
vn -0.3583496 0.8652093 0.3507113
vn -0.2822941 0.8303012 0.4805309
vn -0.1938398 0.7988994 0.5693732
vn -0.1001191 0.7776724 0.6206462
vn -0.0046782 0.7698212 0.6382424
vn 0.0908272 0.7762855 0.6238039
vn 0.1848278 0.7963008 0.5759720
vn 0.2740435 0.8269366 0.4909949
vn 0.3517458 0.8619112 0.3652178
vn 0.4072195 0.8910860 0.2003450
vn 0.4288466 0.9033264 0.0095867
vn 0.3045279 0.9524498 0.0101080
vn 0.2940478 0.9472902 -0.1271891
vn 0.2608967 0.9319943 -0.2516339
vn 0.2100375 0.9116958 -0.3531219
vn 0.1473422 0.8922890 -0.4267442
vn 0.0778531 0.8784808 -0.4713919
vn 0.0053058 0.8730991 -0.4875139
vn -0.0674364 0.8771338 -0.4754877
vn -0.1375731 0.8898486 -0.4350208
vn -0.2015362 0.9086925 -0.3655968
vn -0.2544717 0.9292145 -0.2679638
vn -0.2905492 0.9456020 -0.1463492
vn -0.3045279 0.9524498 -0.0101080
vn -0.2940478 0.9472902 0.1271891
vn -0.2608967 0.9319943 0.2516339
vn -0.2100375 0.9116958 0.3531219
vn -0.1473422 0.8922890 0.4267442
vn -0.0778531 0.8784808 0.4713919
vn -0.0053058 0.8730991 0.4875139
vn 0.0674364 0.8771338 0.4754877
vn 0.1375731 0.8898486 0.4350208
vn 0.2015362 0.9086925 0.3655968
vn 0.2544717 0.9292145 0.2679638
vn 0.2905492 0.9456020 0.1463492
vn 0.3045279 0.9524498 0.0101080
vn 0.1986734 0.9800106 0.0104005
vn 0.1930400 0.9779579 -0.0795864
vn 0.1734703 0.9712559 -0.1630031
vn 0.1420217 0.9619080 -0.2335868
vn 0.1015644 0.9525324 -0.2869960
vn 0.0551628 0.9455540 -0.3207563
vn 0.0057284 0.9426505 -0.3337322
vn -0.0440126 0.9444884 -0.3255834
vn -0.0913573 0.9506479 -0.2965171
vn -0.1334435 0.9596683 -0.2474462
vn -0.1672234 0.9692583 -0.1804845
vn -0.1897346 0.9767790 -0.0995165
vn -0.1986734 0.9800106 -0.0104005
vn -0.1930400 0.9779579 0.0795864
vn -0.1734703 0.9712559 0.1630031
vn -0.1420217 0.9619080 0.2335868
vn -0.1015644 0.9525324 0.2869960
vn -0.0551628 0.9455540 0.3207563
vn -0.0057284 0.9426505 0.3337322
vn 0.0440126 0.9444884 0.3255834
vn 0.0913573 0.9506479 0.2965171
vn 0.1334435 0.9596683 0.2474462
vn 0.1672234 0.9692583 0.1804845
vn 0.1897346 0.9767790 0.0995165
vn 0.1986734 0.9800106 0.0104005
vn 0.1084638 0.9940444 0.0105495
vn 0.1062816 0.9935781 -0.0388170
vn 0.0967187 0.9916441 -0.0853667
vn 0.0805381 0.9887798 -0.1258100
vn 0.0589681 0.9857657 -0.1574446
vn 0.0335445 0.9834033 -0.1783049
vn 0.0059694 0.9823070 -0.1871823
vn -0.0219851 0.9827577 -0.1835866
vn -0.0485369 0.9846400 -0.1677145
vn -0.0719449 0.9874684 -0.1404636
vn -0.0905877 0.9904982 -0.1034751
vn -0.1030870 0.9929122 -0.0591478
vn -0.1084638 0.9940444 -0.0105495
vn -0.1062816 0.9935781 0.0388170
vn -0.0967187 0.9916441 0.0853667
vn -0.0805381 0.9887798 0.1258100
vn -0.0589681 0.9857657 0.1574446
vn -0.0335445 0.9834033 0.1783049
vn -0.0059694 0.9823070 0.1871823
vn 0.0219851 0.9827577 0.1835866
vn 0.0485369 0.9846400 0.1677145
vn 0.0719449 0.9874684 0.1404636
vn 0.0905877 0.9904982 0.1034751
vn 0.1030870 0.9929122 0.0591478
vn 0.1084638 0.9940444 0.0105495
vn -0.0000000 1.0000000 -0.0000000
s 1
f 1371/1371/1371 1373/1373/1373 1372/1372/1372
f 1371/1371/1371 1374/1374/1374 1373/1373/1373
f 1371/1371/1371 1375/1375/1375 1374/1374/1374
f 1371/1371/1371 1376/1376/1376 1375/1375/1375
f 1371/1371/1371 1377/1377/1377 1376/1376/1376
f 1371/1371/1371 1378/1378/1378 1377/1377/1377
f 1371/1371/1371 1379/1379/1379 1378/1378/1378
f 1371/1371/1371 1380/1380/1380 1379/1379/1379
f 1371/1371/1371 1381/1381/1381 1380/1380/1380
f 1371/1371/1371 1382/1382/1382 1381/1381/1381
f 1371/1371/1371 1383/1383/1383 1382/1382/1382
f 1371/1371/1371 1384/1384/1384 1383/1383/1383
f 1371/1371/1371 1385/1385/1385 1384/1384/1384
f 1371/1371/1371 1386/1386/1386 1385/1385/1385
f 1371/1371/1371 1387/1387/1387 1386/1386/1386
f 1371/1371/1371 1388/1388/1388 1387/1387/1387
f 1371/1371/1371 1389/1389/1389 1388/1388/1388
f 1371/1371/1371 1390/1390/1390 1389/1389/1389
f 1371/1371/1371 1391/1391/1391 1390/1390/1390
f 1371/1371/1371 1392/1392/1392 1391/1391/1391
f 1371/1371/1371 1393/1393/1393 1392/1392/1392
f 1371/1371/1371 1394/1394/1394 1393/1393/1393
f 1371/1371/1371 1395/1395/1395 1394/1394/1394
f 1371/1371/1371 1396/1396/1396 1395/1395/1395
f 1372/1372/1372 1373/1373/1373 1398/1398/1398
f 1372/1372/1372 1398/1398/1398 1397/1397/1397
f 1373/1373/1373 1374/1374/1374 1399/1399/1399
f 1373/1373/1373 1399/1399/1399 1398/1398/1398
f 1374/1374/1374 1375/1375/1375 1400/1400/1400
f 1374/1374/1374 1400/1400/1400 1399/1399/1399
f 1375/1375/1375 1376/1376/1376 1401/1401/1401
f 1375/1375/1375 1401/1401/1401 1400/1400/1400
f 1376/1376/1376 1377/1377/1377 1402/1402/1402
f 1376/1376/1376 1402/1402/1402 1401/1401/1401
f 1377/1377/1377 1378/1378/1378 1403/1403/1403
f 1377/1377/1377 1403/1403/1403 1402/1402/1402
f 1378/1378/1378 1379/1379/1379 1404/1404/1404
f 1378/1378/1378 1404/1404/1404 1403/1403/1403
f 1379/1379/1379 1380/1380/1380 1405/1405/1405
f 1379/1379/1379 1405/1405/1405 1404/1404/1404
f 1380/1380/1380 1381/1381/1381 1406/1406/1406
f 1380/1380/1380 1406/1406/1406 1405/1405/1405
f 1381/1381/1381 1382/1382/1382 1407/1407/1407
f 1381/1381/1381 1407/1407/1407 1406/1406/1406
f 1382/1382/1382 1383/1383/1383 1408/1408/1408
f 1382/1382/1382 1408/1408/1408 1407/1407/1407
f 1383/1383/1383 1384/1384/1384 1409/1409/1409
f 1383/1383/1383 1409/1409/1409 1408/1408/1408
f 1384/1384/1384 1385/1385/1385 1410/1410/1410
f 1384/1384/1384 1410/1410/1410 1409/1409/1409
f 1385/1385/1385 1386/1386/1386 1411/1411/1411
f 1385/1385/1385 1411/1411/1411 1410/1410/1410
f 1386/1386/1386 1387/1387/1387 1412/1412/1412
f 1386/1386/1386 1412/1412/1412 1411/1411/1411
f 1387/1387/1387 1388/1388/1388 1413/1413/1413
f 1387/1387/1387 1413/1413/1413 1412/1412/1412
f 1388/1388/1388 1389/1389/1389 1414/1414/1414
f 1388/1388/1388 1414/1414/1414 1413/1413/1413
f 1389/1389/1389 1390/1390/1390 1415/1415/1415
f 1389/1389/1389 1415/1415/1415 1414/1414/1414
f 1390/1390/1390 1391/1391/1391 1416/1416/1416
f 1390/1390/1390 1416/1416/1416 1415/1415/1415
f 1391/1391/1391 1392/1392/1392 1417/1417/1417
f 1391/1391/1391 1417/1417/1417 1416/1416/1416
f 1392/1392/1392 1393/1393/1393 1418/1418/1418
f 1392/1392/1392 1418/1418/1418 1417/1417/1417
f 1393/1393/1393 1394/1394/1394 1419/1419/1419
f 1393/1393/1393 1419/1419/1419 1418/1418/1418
f 1394/1394/1394 1395/1395/1395 1420/1420/1420
f 1394/1394/1394 1420/1420/1420 1419/1419/1419
f 1395/1395/1395 1396/1396/1396 1421/1421/1421
f 1395/1395/1395 1421/1421/1421 1420/1420/1420
f 1397/1397/1397 1398/1398/1398 1423/1423/1423
f 1397/1397/1397 1423/1423/1423 1422/1422/1422
f 1398/1398/1398 1399/1399/1399 1424/1424/1424
f 1398/1398/1398 1424/1424/1424 1423/1423/1423
f 1399/1399/1399 1400/1400/1400 1425/1425/1425
f 1399/1399/1399 1425/1425/1425 1424/1424/1424
f 1400/1400/1400 1401/1401/1401 1426/1426/1426
f 1400/1400/1400 1426/1426/1426 1425/1425/1425
f 1401/1401/1401 1402/1402/1402 1427/1427/1427
f 1401/1401/1401 1427/1427/1427 1426/1426/1426
f 1402/1402/1402 1403/1403/1403 1428/1428/1428
f 1402/1402/1402 1428/1428/1428 1427/1427/1427
f 1403/1403/1403 1404/1404/1404 1429/1429/1429
f 1403/1403/1403 1429/1429/1429 1428/1428/1428
f 1404/1404/1404 1405/1405/1405 1430/1430/1430
f 1404/1404/1404 1430/1430/1430 1429/1429/1429
f 1405/1405/1405 1406/1406/1406 1431/1431/1431
f 1405/1405/1405 1431/1431/1431 1430/1430/1430
f 1406/1406/1406 1407/1407/1407 1432/1432/1432
f 1406/1406/1406 1432/1432/1432 1431/1431/1431
f 1407/1407/1407 1408/1408/1408 1433/1433/1433
f 1407/1407/1407 1433/1433/1433 1432/1432/1432
f 1408/1408/1408 1409/1409/1409 1434/1434/1434
f 1408/1408/1408 1434/1434/1434 1433/1433/1433
f 1409/1409/1409 1410/1410/1410 1435/1435/1435
f 1409/1409/1409 1435/1435/1435 1434/1434/1434
f 1410/1410/1410 1411/1411/1411 1436/1436/1436
f 1410/1410/1410 1436/1436/1436 1435/1435/1435
f 1411/1411/1411 1412/1412/1412 1437/1437/1437
f 1411/1411/1411 1437/1437/1437 1436/1436/1436
f 1412/1412/1412 1413/1413/1413 1438/1438/1438
f 1412/1412/1412 1438/1438/1438 1437/1437/1437
f 1413/1413/1413 1414/1414/1414 1439/1439/1439
f 1413/1413/1413 1439/1439/1439 1438/1438/1438
f 1414/1414/1414 1415/1415/1415 1440/1440/1440
f 1414/1414/1414 1440/1440/1440 1439/1439/1439
f 1415/1415/1415 1416/1416/1416 1441/1441/1441
f 1415/1415/1415 1441/1441/1441 1440/1440/1440
f 1416/1416/1416 1417/1417/1417 1442/1442/1442
f 1416/1416/1416 1442/1442/1442 1441/1441/1441
f 1417/1417/1417 1418/1418/1418 1443/1443/1443
f 1417/1417/1417 1443/1443/1443 1442/1442/1442
f 1418/1418/1418 1419/1419/1419 1444/1444/1444
f 1418/1418/1418 1444/1444/1444 1443/1443/1443
f 1419/1419/1419 1420/1420/1420 1445/1445/1445
f 1419/1419/1419 1445/1445/1445 1444/1444/1444
f 1420/1420/1420 1421/1421/1421 1446/1446/1446
f 1420/1420/1420 1446/1446/1446 1445/1445/1445
f 1422/1422/1422 1423/1423/1423 1448/1448/1448
f 1422/1422/1422 1448/1448/1448 1447/1447/1447
f 1423/1423/1423 1424/1424/1424 1449/1449/1449
f 1423/1423/1423 1449/1449/1449 1448/1448/1448
f 1424/1424/1424 1425/1425/1425 1450/1450/1450
f 1424/1424/1424 1450/1450/1450 1449/1449/1449
f 1425/1425/1425 1426/1426/1426 1451/1451/1451
f 1425/1425/1425 1451/1451/1451 1450/1450/1450
f 1426/1426/1426 1427/1427/1427 1452/1452/1452
f 1426/1426/1426 1452/1452/1452 1451/1451/1451
f 1427/1427/1427 1428/1428/1428 1453/1453/1453
f 1427/1427/1427 1453/1453/1453 1452/1452/1452
f 1428/1428/1428 1429/1429/1429 1454/1454/1454
f 1428/1428/1428 1454/1454/1454 1453/1453/1453
f 1429/1429/1429 1430/1430/1430 1455/1455/1455
f 1429/1429/1429 1455/1455/1455 1454/1454/1454
f 1430/1430/1430 1431/1431/1431 1456/1456/1456
f 1430/1430/1430 1456/1456/1456 1455/1455/1455
f 1431/1431/1431 1432/1432/1432 1457/1457/1457
f 1431/1431/1431 1457/1457/1457 1456/1456/1456
f 1432/1432/1432 1433/1433/1433 1458/1458/1458
f 1432/1432/1432 1458/1458/1458 1457/1457/1457
f 1433/1433/1433 1434/1434/1434 1459/1459/1459
f 1433/1433/1433 1459/1459/1459 1458/1458/1458
f 1434/1434/1434 1435/1435/1435 1460/1460/1460
f 1434/1434/1434 1460/1460/1460 1459/1459/1459
f 1435/1435/1435 1436/1436/1436 1461/1461/1461
f 1435/1435/1435 1461/1461/1461 1460/1460/1460
f 1436/1436/1436 1437/1437/1437 1462/1462/1462
f 1436/1436/1436 1462/1462/1462 1461/1461/1461
f 1437/1437/1437 1438/1438/1438 1463/1463/1463
f 1437/1437/1437 1463/1463/1463 1462/1462/1462
f 1438/1438/1438 1439/1439/1439 1464/1464/1464
f 1438/1438/1438 1464/1464/1464 1463/1463/1463
f 1439/1439/1439 1440/1440/1440 1465/1465/1465
f 1439/1439/1439 1465/1465/1465 1464/1464/1464
f 1440/1440/1440 1441/1441/1441 1466/1466/1466
f 1440/1440/1440 1466/1466/1466 1465/1465/1465
f 1441/1441/1441 1442/1442/1442 1467/1467/1467
f 1441/1441/1441 1467/1467/1467 1466/1466/1466
f 1442/1442/1442 1443/1443/1443 1468/1468/1468
f 1442/1442/1442 1468/1468/1468 1467/1467/1467
f 1443/1443/1443 1444/1444/1444 1469/1469/1469
f 1443/1443/1443 1469/1469/1469 1468/1468/1468
f 1444/1444/1444 1445/1445/1445 1470/1470/1470
f 1444/1444/1444 1470/1470/1470 1469/1469/1469
f 1445/1445/1445 1446/1446/1446 1471/1471/1471
f 1445/1445/1445 1471/1471/1471 1470/1470/1470
f 1447/1447/1447 1448/1448/1448 1473/1473/1473
f 1447/1447/1447 1473/1473/1473 1472/1472/1472
f 1448/1448/1448 1449/1449/1449 1474/1474/1474
f 1448/1448/1448 1474/1474/1474 1473/1473/1473
f 1449/1449/1449 1450/1450/1450 1475/1475/1475
f 1449/1449/1449 1475/1475/1475 1474/1474/1474
f 1450/1450/1450 1451/1451/1451 1476/1476/1476
f 1450/1450/1450 1476/1476/1476 1475/1475/1475
f 1451/1451/1451 1452/1452/1452 1477/1477/1477
f 1451/1451/1451 1477/1477/1477 1476/1476/1476
f 1452/1452/1452 1453/1453/1453 1478/1478/1478
f 1452/1452/1452 1478/1478/1478 1477/1477/1477
f 1453/1453/1453 1454/1454/1454 1479/1479/1479
f 1453/1453/1453 1479/1479/1479 1478/1478/1478
f 1454/1454/1454 1455/1455/1455 1480/1480/1480
f 1454/1454/1454 1480/1480/1480 1479/1479/1479
f 1455/1455/1455 1456/1456/1456 1481/1481/1481
f 1455/1455/1455 1481/1481/1481 1480/1480/1480
f 1456/1456/1456 1457/1457/1457 1482/1482/1482
f 1456/1456/1456 1482/1482/1482 1481/1481/1481
f 1457/1457/1457 1458/1458/1458 1483/1483/1483
f 1457/1457/1457 1483/1483/1483 1482/1482/1482
f 1458/1458/1458 1459/1459/1459 1484/1484/1484
f 1458/1458/1458 1484/1484/1484 1483/1483/1483
f 1459/1459/1459 1460/1460/1460 1485/1485/1485
f 1459/1459/1459 1485/1485/1485 1484/1484/1484
f 1460/1460/1460 1461/1461/1461 1486/1486/1486
f 1460/1460/1460 1486/1486/1486 1485/1485/1485
f 1461/1461/1461 1462/1462/1462 1487/1487/1487
f 1461/1461/1461 1487/1487/1487 1486/1486/1486
f 1462/1462/1462 1463/1463/1463 1488/1488/1488
f 1462/1462/1462 1488/1488/1488 1487/1487/1487
f 1463/1463/1463 1464/1464/1464 1489/1489/1489
f 1463/1463/1463 1489/1489/1489 1488/1488/1488
f 1464/1464/1464 1465/1465/1465 1490/1490/1490
f 1464/1464/1464 1490/1490/1490 1489/1489/1489
f 1465/1465/1465 1466/1466/1466 1491/1491/1491
f 1465/1465/1465 1491/1491/1491 1490/1490/1490
f 1466/1466/1466 1467/1467/1467 1492/1492/1492
f 1466/1466/1466 1492/1492/1492 1491/1491/1491
f 1467/1467/1467 1468/1468/1468 1493/1493/1493
f 1467/1467/1467 1493/1493/1493 1492/1492/1492
f 1468/1468/1468 1469/1469/1469 1494/1494/1494
f 1468/1468/1468 1494/1494/1494 1493/1493/1493
f 1469/1469/1469 1470/1470/1470 1495/1495/1495
f 1469/1469/1469 1495/1495/1495 1494/1494/1494
f 1470/1470/1470 1471/1471/1471 1496/1496/1496
f 1470/1470/1470 1496/1496/1496 1495/1495/1495
f 1472/1472/1472 1473/1473/1473 1498/1498/1498
f 1472/1472/1472 1498/1498/1498 1497/1497/1497
f 1473/1473/1473 1474/1474/1474 1499/1499/1499
f 1473/1473/1473 1499/1499/1499 1498/1498/1498
f 1474/1474/1474 1475/1475/1475 1500/1500/1500
f 1474/1474/1474 1500/1500/1500 1499/1499/1499
f 1475/1475/1475 1476/1476/1476 1501/1501/1501
f 1475/1475/1475 1501/1501/1501 1500/1500/1500
f 1476/1476/1476 1477/1477/1477 1502/1502/1502
f 1476/1476/1476 1502/1502/1502 1501/1501/1501
f 1477/1477/1477 1478/1478/1478 1503/1503/1503
f 1477/1477/1477 1503/1503/1503 1502/1502/1502
f 1478/1478/1478 1479/1479/1479 1504/1504/1504
f 1478/1478/1478 1504/1504/1504 1503/1503/1503
f 1479/1479/1479 1480/1480/1480 1505/1505/1505
f 1479/1479/1479 1505/1505/1505 1504/1504/1504
f 1480/1480/1480 1481/1481/1481 1506/1506/1506
f 1480/1480/1480 1506/1506/1506 1505/1505/1505
f 1481/1481/1481 1482/1482/1482 1507/1507/1507
f 1481/1481/1481 1507/1507/1507 1506/1506/1506
f 1482/1482/1482 1483/1483/1483 1508/1508/1508
f 1482/1482/1482 1508/1508/1508 1507/1507/1507
f 1483/1483/1483 1484/1484/1484 1509/1509/1509
f 1483/1483/1483 1509/1509/1509 1508/1508/1508
f 1484/1484/1484 1485/1485/1485 1510/1510/1510
f 1484/1484/1484 1510/1510/1510 1509/1509/1509
f 1485/1485/1485 1486/1486/1486 1511/1511/1511
f 1485/1485/1485 1511/1511/1511 1510/1510/1510
f 1486/1486/1486 1487/1487/1487 1512/1512/1512
f 1486/1486/1486 1512/1512/1512 1511/1511/1511
f 1487/1487/1487 1488/1488/1488 1513/1513/1513
f 1487/1487/1487 1513/1513/1513 1512/1512/1512
f 1488/1488/1488 1489/1489/1489 1514/1514/1514
f 1488/1488/1488 1514/1514/1514 1513/1513/1513
f 1489/1489/1489 1490/1490/1490 1515/1515/1515
f 1489/1489/1489 1515/1515/1515 1514/1514/1514
f 1490/1490/1490 1491/1491/1491 1516/1516/1516
f 1490/1490/1490 1516/1516/1516 1515/1515/1515
f 1491/1491/1491 1492/1492/1492 1517/1517/1517
f 1491/1491/1491 1517/1517/1517 1516/1516/1516
f 1492/1492/1492 1493/1493/1493 1518/1518/1518
f 1492/1492/1492 1518/1518/1518 1517/1517/1517
f 1493/1493/1493 1494/1494/1494 1519/1519/1519
f 1493/1493/1493 1519/1519/1519 1518/1518/1518
f 1494/1494/1494 1495/1495/1495 1520/1520/1520
f 1494/1494/1494 1520/1520/1520 1519/1519/1519
f 1495/1495/1495 1496/1496/1496 1521/1521/1521
f 1495/1495/1495 1521/1521/1521 1520/1520/1520
f 1497/1497/1497 1498/1498/1498 1523/1523/1523
f 1497/1497/1497 1523/1523/1523 1522/1522/1522
f 1498/1498/1498 1499/1499/1499 1524/1524/1524
f 1498/1498/1498 1524/1524/1524 1523/1523/1523
f 1499/1499/1499 1500/1500/1500 1525/1525/1525
f 1499/1499/1499 1525/1525/1525 1524/1524/1524
f 1500/1500/1500 1501/1501/1501 1526/1526/1526
f 1500/1500/1500 1526/1526/1526 1525/1525/1525
f 1501/1501/1501 1502/1502/1502 1527/1527/1527
f 1501/1501/1501 1527/1527/1527 1526/1526/1526
f 1502/1502/1502 1503/1503/1503 1528/1528/1528
f 1502/1502/1502 1528/1528/1528 1527/1527/1527
f 1503/1503/1503 1504/1504/1504 1529/1529/1529
f 1503/1503/1503 1529/1529/1529 1528/1528/1528
f 1504/1504/1504 1505/1505/1505 1530/1530/1530
f 1504/1504/1504 1530/1530/1530 1529/1529/1529
f 1505/1505/1505 1506/1506/1506 1531/1531/1531
f 1505/1505/1505 1531/1531/1531 1530/1530/1530
f 1506/1506/1506 1507/1507/1507 1532/1532/1532
f 1506/1506/1506 1532/1532/1532 1531/1531/1531
f 1507/1507/1507 1508/1508/1508 1533/1533/1533
f 1507/1507/1507 1533/1533/1533 1532/1532/1532
f 1508/1508/1508 1509/1509/1509 1534/1534/1534
f 1508/1508/1508 1534/1534/1534 1533/1533/1533
f 1509/1509/1509 1510/1510/1510 1535/1535/1535
f 1509/1509/1509 1535/1535/1535 1534/1534/1534
f 1510/1510/1510 1511/1511/1511 1536/1536/1536
f 1510/1510/1510 1536/1536/1536 1535/1535/1535
f 1511/1511/1511 1512/1512/1512 1537/1537/1537
f 1511/1511/1511 1537/1537/1537 1536/1536/1536
f 1512/1512/1512 1513/1513/1513 1538/1538/1538
f 1512/1512/1512 1538/1538/1538 1537/1537/1537
f 1513/1513/1513 1514/1514/1514 1539/1539/1539
f 1513/1513/1513 1539/1539/1539 1538/1538/1538
f 1514/1514/1514 1515/1515/1515 1540/1540/1540
f 1514/1514/1514 1540/1540/1540 1539/1539/1539
f 1515/1515/1515 1516/1516/1516 1541/1541/1541
f 1515/1515/1515 1541/1541/1541 1540/1540/1540
f 1516/1516/1516 1517/1517/1517 1542/1542/1542
f 1516/1516/1516 1542/1542/1542 1541/1541/1541
f 1517/1517/1517 1518/1518/1518 1543/1543/1543
f 1517/1517/1517 1543/1543/1543 1542/1542/1542
f 1518/1518/1518 1519/1519/1519 1544/1544/1544
f 1518/1518/1518 1544/1544/1544 1543/1543/1543
f 1519/1519/1519 1520/1520/1520 1545/1545/1545
f 1519/1519/1519 1545/1545/1545 1544/1544/1544
f 1520/1520/1520 1521/1521/1521 1546/1546/1546
f 1520/1520/1520 1546/1546/1546 1545/1545/1545
f 1522/1522/1522 1523/1523/1523 1548/1548/1548
f 1522/1522/1522 1548/1548/1548 1547/1547/1547
f 1523/1523/1523 1524/1524/1524 1549/1549/1549
f 1523/1523/1523 1549/1549/1549 1548/1548/1548
f 1524/1524/1524 1525/1525/1525 1550/1550/1550
f 1524/1524/1524 1550/1550/1550 1549/1549/1549
f 1525/1525/1525 1526/1526/1526 1551/1551/1551
f 1525/1525/1525 1551/1551/1551 1550/1550/1550
f 1526/1526/1526 1527/1527/1527 1552/1552/1552
f 1526/1526/1526 1552/1552/1552 1551/1551/1551
f 1527/1527/1527 1528/1528/1528 1553/1553/1553
f 1527/1527/1527 1553/1553/1553 1552/1552/1552
f 1528/1528/1528 1529/1529/1529 1554/1554/1554
f 1528/1528/1528 1554/1554/1554 1553/1553/1553
f 1529/1529/1529 1530/1530/1530 1555/1555/1555
f 1529/1529/1529 1555/1555/1555 1554/1554/1554
f 1530/1530/1530 1531/1531/1531 1556/1556/1556
f 1530/1530/1530 1556/1556/1556 1555/1555/1555
f 1531/1531/1531 1532/1532/1532 1557/1557/1557
f 1531/1531/1531 1557/1557/1557 1556/1556/1556
f 1532/1532/1532 1533/1533/1533 1558/1558/1558
f 1532/1532/1532 1558/1558/1558 1557/1557/1557
f 1533/1533/1533 1534/1534/1534 1559/1559/1559
f 1533/1533/1533 1559/1559/1559 1558/1558/1558
f 1534/1534/1534 1535/1535/1535 1560/1560/1560
f 1534/1534/1534 1560/1560/1560 1559/1559/1559
f 1535/1535/1535 1536/1536/1536 1561/1561/1561
f 1535/1535/1535 1561/1561/1561 1560/1560/1560
f 1536/1536/1536 1537/1537/1537 1562/1562/1562
f 1536/1536/1536 1562/1562/1562 1561/1561/1561
f 1537/1537/1537 1538/1538/1538 1563/1563/1563
f 1537/1537/1537 1563/1563/1563 1562/1562/1562
f 1538/1538/1538 1539/1539/1539 1564/1564/1564
f 1538/1538/1538 1564/1564/1564 1563/1563/1563
f 1539/1539/1539 1540/1540/1540 1565/1565/1565
f 1539/1539/1539 1565/1565/1565 1564/1564/1564
f 1540/1540/1540 1541/1541/1541 1566/1566/1566
f 1540/1540/1540 1566/1566/1566 1565/1565/1565
f 1541/1541/1541 1542/1542/1542 1567/1567/1567
f 1541/1541/1541 1567/1567/1567 1566/1566/1566
f 1542/1542/1542 1543/1543/1543 1568/1568/1568
f 1542/1542/1542 1568/1568/1568 1567/1567/1567
f 1543/1543/1543 1544/1544/1544 1569/1569/1569
f 1543/1543/1543 1569/1569/1569 1568/1568/1568
f 1544/1544/1544 1545/1545/1545 1570/1570/1570
f 1544/1544/1544 1570/1570/1570 1569/1569/1569
f 1545/1545/1545 1546/1546/1546 1571/1571/1571
f 1545/1545/1545 1571/1571/1571 1570/1570/1570
f 1547/1547/1547 1548/1548/1548 1573/1573/1573
f 1547/1547/1547 1573/1573/1573 1572/1572/1572
f 1548/1548/1548 1549/1549/1549 1574/1574/1574
f 1548/1548/1548 1574/1574/1574 1573/1573/1573
f 1549/1549/1549 1550/1550/1550 1575/1575/1575
f 1549/1549/1549 1575/1575/1575 1574/1574/1574
f 1550/1550/1550 1551/1551/1551 1576/1576/1576
f 1550/1550/1550 1576/1576/1576 1575/1575/1575
f 1551/1551/1551 1552/1552/1552 1577/1577/1577
f 1551/1551/1551 1577/1577/1577 1576/1576/1576
f 1552/1552/1552 1553/1553/1553 1578/1578/1578
f 1552/1552/1552 1578/1578/1578 1577/1577/1577
f 1553/1553/1553 1554/1554/1554 1579/1579/1579
f 1553/1553/1553 1579/1579/1579 1578/1578/1578
f 1554/1554/1554 1555/1555/1555 1580/1580/1580
f 1554/1554/1554 1580/1580/1580 1579/1579/1579
f 1555/1555/1555 1556/1556/1556 1581/1581/1581
f 1555/1555/1555 1581/1581/1581 1580/1580/1580
f 1556/1556/1556 1557/1557/1557 1582/1582/1582
f 1556/1556/1556 1582/1582/1582 1581/1581/1581
f 1557/1557/1557 1558/1558/1558 1583/1583/1583
f 1557/1557/1557 1583/1583/1583 1582/1582/1582
f 1558/1558/1558 1559/1559/1559 1584/1584/1584
f 1558/1558/1558 1584/1584/1584 1583/1583/1583
f 1559/1559/1559 1560/1560/1560 1585/1585/1585
f 1559/1559/1559 1585/1585/1585 1584/1584/1584
f 1560/1560/1560 1561/1561/1561 1586/1586/1586
f 1560/1560/1560 1586/1586/1586 1585/1585/1585
f 1561/1561/1561 1562/1562/1562 1587/1587/1587
f 1561/1561/1561 1587/1587/1587 1586/1586/1586
f 1562/1562/1562 1563/1563/1563 1588/1588/1588
f 1562/1562/1562 1588/1588/1588 1587/1587/1587
f 1563/1563/1563 1564/1564/1564 1589/1589/1589
f 1563/1563/1563 1589/1589/1589 1588/1588/1588
f 1564/1564/1564 1565/1565/1565 1590/1590/1590
f 1564/1564/1564 1590/1590/1590 1589/1589/1589
f 1565/1565/1565 1566/1566/1566 1591/1591/1591
f 1565/1565/1565 1591/1591/1591 1590/1590/1590
f 1566/1566/1566 1567/1567/1567 1592/1592/1592
f 1566/1566/1566 1592/1592/1592 1591/1591/1591
f 1567/1567/1567 1568/1568/1568 1593/1593/1593
f 1567/1567/1567 1593/1593/1593 1592/1592/1592
f 1568/1568/1568 1569/1569/1569 1594/1594/1594
f 1568/1568/1568 1594/1594/1594 1593/1593/1593
f 1569/1569/1569 1570/1570/1570 1595/1595/1595
f 1569/1569/1569 1595/1595/1595 1594/1594/1594
f 1570/1570/1570 1571/1571/1571 1596/1596/1596
f 1570/1570/1570 1596/1596/1596 1595/1595/1595
f 1572/1572/1572 1573/1573/1573 1598/1598/1598
f 1572/1572/1572 1598/1598/1598 1597/1597/1597
f 1573/1573/1573 1574/1574/1574 1599/1599/1599
f 1573/1573/1573 1599/1599/1599 1598/1598/1598
f 1574/1574/1574 1575/1575/1575 1600/1600/1600
f 1574/1574/1574 1600/1600/1600 1599/1599/1599
f 1575/1575/1575 1576/1576/1576 1601/1601/1601
f 1575/1575/1575 1601/1601/1601 1600/1600/1600
f 1576/1576/1576 1577/1577/1577 1602/1602/1602
f 1576/1576/1576 1602/1602/1602 1601/1601/1601
f 1577/1577/1577 1578/1578/1578 1603/1603/1603
f 1577/1577/1577 1603/1603/1603 1602/1602/1602
f 1578/1578/1578 1579/1579/1579 1604/1604/1604
f 1578/1578/1578 1604/1604/1604 1603/1603/1603
f 1579/1579/1579 1580/1580/1580 1605/1605/1605
f 1579/1579/1579 1605/1605/1605 1604/1604/1604
f 1580/1580/1580 1581/1581/1581 1606/1606/1606
f 1580/1580/1580 1606/1606/1606 1605/1605/1605
f 1581/1581/1581 1582/1582/1582 1607/1607/1607
f 1581/1581/1581 1607/1607/1607 1606/1606/1606
f 1582/1582/1582 1583/1583/1583 1608/1608/1608
f 1582/1582/1582 1608/1608/1608 1607/1607/1607
f 1583/1583/1583 1584/1584/1584 1609/1609/1609
f 1583/1583/1583 1609/1609/1609 1608/1608/1608
f 1584/1584/1584 1585/1585/1585 1610/1610/1610
f 1584/1584/1584 1610/1610/1610 1609/1609/1609
f 1585/1585/1585 1586/1586/1586 1611/1611/1611
f 1585/1585/1585 1611/1611/1611 1610/1610/1610
f 1586/1586/1586 1587/1587/1587 1612/1612/1612
f 1586/1586/1586 1612/1612/1612 1611/1611/1611
f 1587/1587/1587 1588/1588/1588 1613/1613/1613
f 1587/1587/1587 1613/1613/1613 1612/1612/1612
f 1588/1588/1588 1589/1589/1589 1614/1614/1614
f 1588/1588/1588 1614/1614/1614 1613/1613/1613
f 1589/1589/1589 1590/1590/1590 1615/1615/1615
f 1589/1589/1589 1615/1615/1615 1614/1614/1614
f 1590/1590/1590 1591/1591/1591 1616/1616/1616
f 1590/1590/1590 1616/1616/1616 1615/1615/1615
f 1591/1591/1591 1592/1592/1592 1617/1617/1617
f 1591/1591/1591 1617/1617/1617 1616/1616/1616
f 1592/1592/1592 1593/1593/1593 1618/1618/1618
f 1592/1592/1592 1618/1618/1618 1617/1617/1617
f 1593/1593/1593 1594/1594/1594 1619/1619/1619
f 1593/1593/1593 1619/1619/1619 1618/1618/1618
f 1594/1594/1594 1595/1595/1595 1620/1620/1620
f 1594/1594/1594 1620/1620/1620 1619/1619/1619
f 1595/1595/1595 1596/1596/1596 1621/1621/1621
f 1595/1595/1595 1621/1621/1621 1620/1620/1620
f 1597/1597/1597 1598/1598/1598 1623/1623/1623
f 1597/1597/1597 1623/1623/1623 1622/1622/1622
f 1598/1598/1598 1599/1599/1599 1624/1624/1624
f 1598/1598/1598 1624/1624/1624 1623/1623/1623
f 1599/1599/1599 1600/1600/1600 1625/1625/1625
f 1599/1599/1599 1625/1625/1625 1624/1624/1624
f 1600/1600/1600 1601/1601/1601 1626/1626/1626
f 1600/1600/1600 1626/1626/1626 1625/1625/1625
f 1601/1601/1601 1602/1602/1602 1627/1627/1627
f 1601/1601/1601 1627/1627/1627 1626/1626/1626
f 1602/1602/1602 1603/1603/1603 1628/1628/1628
f 1602/1602/1602 1628/1628/1628 1627/1627/1627
f 1603/1603/1603 1604/1604/1604 1629/1629/1629
f 1603/1603/1603 1629/1629/1629 1628/1628/1628
f 1604/1604/1604 1605/1605/1605 1630/1630/1630
f 1604/1604/1604 1630/1630/1630 1629/1629/1629
f 1605/1605/1605 1606/1606/1606 1631/1631/1631
f 1605/1605/1605 1631/1631/1631 1630/1630/1630
f 1606/1606/1606 1607/1607/1607 1632/1632/1632
f 1606/1606/1606 1632/1632/1632 1631/1631/1631
f 1607/1607/1607 1608/1608/1608 1633/1633/1633
f 1607/1607/1607 1633/1633/1633 1632/1632/1632
f 1608/1608/1608 1609/1609/1609 1634/1634/1634
f 1608/1608/1608 1634/1634/1634 1633/1633/1633
f 1609/1609/1609 1610/1610/1610 1635/1635/1635
f 1609/1609/1609 1635/1635/1635 1634/1634/1634
f 1610/1610/1610 1611/1611/1611 1636/1636/1636
f 1610/1610/1610 1636/1636/1636 1635/1635/1635
f 1611/1611/1611 1612/1612/1612 1637/1637/1637
f 1611/1611/1611 1637/1637/1637 1636/1636/1636
f 1612/1612/1612 1613/1613/1613 1638/1638/1638
f 1612/1612/1612 1638/1638/1638 1637/1637/1637
f 1613/1613/1613 1614/1614/1614 1639/1639/1639
f 1613/1613/1613 1639/1639/1639 1638/1638/1638
f 1614/1614/1614 1615/1615/1615 1640/1640/1640
f 1614/1614/1614 1640/1640/1640 1639/1639/1639
f 1615/1615/1615 1616/1616/1616 1641/1641/1641
f 1615/1615/1615 1641/1641/1641 1640/1640/1640
f 1616/1616/1616 1617/1617/1617 1642/1642/1642
f 1616/1616/1616 1642/1642/1642 1641/1641/1641
f 1617/1617/1617 1618/1618/1618 1643/1643/1643
f 1617/1617/1617 1643/1643/1643 1642/1642/1642
f 1618/1618/1618 1619/1619/1619 1644/1644/1644
f 1618/1618/1618 1644/1644/1644 1643/1643/1643
f 1619/1619/1619 1620/1620/1620 1645/1645/1645
f 1619/1619/1619 1645/1645/1645 1644/1644/1644
f 1620/1620/1620 1621/1621/1621 1646/1646/1646
f 1620/1620/1620 1646/1646/1646 1645/1645/1645
f 1622/1622/1622 1623/1623/1623 1648/1648/1648
f 1622/1622/1622 1648/1648/1648 1647/1647/1647
f 1623/1623/1623 1624/1624/1624 1649/1649/1649
f 1623/1623/1623 1649/1649/1649 1648/1648/1648
f 1624/1624/1624 1625/1625/1625 1650/1650/1650
f 1624/1624/1624 1650/1650/1650 1649/1649/1649
f 1625/1625/1625 1626/1626/1626 1651/1651/1651
f 1625/1625/1625 1651/1651/1651 1650/1650/1650
f 1626/1626/1626 1627/1627/1627 1652/1652/1652
f 1626/1626/1626 1652/1652/1652 1651/1651/1651
f 1627/1627/1627 1628/1628/1628 1653/1653/1653
f 1627/1627/1627 1653/1653/1653 1652/1652/1652
f 1628/1628/1628 1629/1629/1629 1654/1654/1654
f 1628/1628/1628 1654/1654/1654 1653/1653/1653
f 1629/1629/1629 1630/1630/1630 1655/1655/1655
f 1629/1629/1629 1655/1655/1655 1654/1654/1654
f 1630/1630/1630 1631/1631/1631 1656/1656/1656
f 1630/1630/1630 1656/1656/1656 1655/1655/1655
f 1631/1631/1631 1632/1632/1632 1657/1657/1657
f 1631/1631/1631 1657/1657/1657 1656/1656/1656
f 1632/1632/1632 1633/1633/1633 1658/1658/1658
f 1632/1632/1632 1658/1658/1658 1657/1657/1657
f 1633/1633/1633 1634/1634/1634 1659/1659/1659
f 1633/1633/1633 1659/1659/1659 1658/1658/1658
f 1634/1634/1634 1635/1635/1635 1660/1660/1660
f 1634/1634/1634 1660/1660/1660 1659/1659/1659
f 1635/1635/1635 1636/1636/1636 1661/1661/1661
f 1635/1635/1635 1661/1661/1661 1660/1660/1660
f 1636/1636/1636 1637/1637/1637 1662/1662/1662
f 1636/1636/1636 1662/1662/1662 1661/1661/1661
f 1637/1637/1637 1638/1638/1638 1663/1663/1663
f 1637/1637/1637 1663/1663/1663 1662/1662/1662
f 1638/1638/1638 1639/1639/1639 1664/1664/1664
f 1638/1638/1638 1664/1664/1664 1663/1663/1663
f 1639/1639/1639 1640/1640/1640 1665/1665/1665
f 1639/1639/1639 1665/1665/1665 1664/1664/1664
f 1640/1640/1640 1641/1641/1641 1666/1666/1666
f 1640/1640/1640 1666/1666/1666 1665/1665/1665
f 1641/1641/1641 1642/1642/1642 1667/1667/1667
f 1641/1641/1641 1667/1667/1667 1666/1666/1666
f 1642/1642/1642 1643/1643/1643 1668/1668/1668
f 1642/1642/1642 1668/1668/1668 1667/1667/1667
f 1643/1643/1643 1644/1644/1644 1669/1669/1669
f 1643/1643/1643 1669/1669/1669 1668/1668/1668
f 1644/1644/1644 1645/1645/1645 1670/1670/1670
f 1644/1644/1644 1670/1670/1670 1669/1669/1669
f 1645/1645/1645 1646/1646/1646 1671/1671/1671
f 1645/1645/1645 1671/1671/1671 1670/1670/1670
f 1647/1647/1647 1648/1648/1648 1673/1673/1673
f 1647/1647/1647 1673/1673/1673 1672/1672/1672
f 1648/1648/1648 1649/1649/1649 1674/1674/1674
f 1648/1648/1648 1674/1674/1674 1673/1673/1673
f 1649/1649/1649 1650/1650/1650 1675/1675/1675
f 1649/1649/1649 1675/1675/1675 1674/1674/1674
f 1650/1650/1650 1651/1651/1651 1676/1676/1676
f 1650/1650/1650 1676/1676/1676 1675/1675/1675
f 1651/1651/1651 1652/1652/1652 1677/1677/1677
f 1651/1651/1651 1677/1677/1677 1676/1676/1676
f 1652/1652/1652 1653/1653/1653 1678/1678/1678
f 1652/1652/1652 1678/1678/1678 1677/1677/1677
f 1653/1653/1653 1654/1654/1654 1679/1679/1679
f 1653/1653/1653 1679/1679/1679 1678/1678/1678
f 1654/1654/1654 1655/1655/1655 1680/1680/1680
f 1654/1654/1654 1680/1680/1680 1679/1679/1679
f 1655/1655/1655 1656/1656/1656 1681/1681/1681
f 1655/1655/1655 1681/1681/1681 1680/1680/1680
f 1656/1656/1656 1657/1657/1657 1682/1682/1682
f 1656/1656/1656 1682/1682/1682 1681/1681/1681
f 1657/1657/1657 1658/1658/1658 1683/1683/1683
f 1657/1657/1657 1683/1683/1683 1682/1682/1682
f 1658/1658/1658 1659/1659/1659 1684/1684/1684
f 1658/1658/1658 1684/1684/1684 1683/1683/1683
f 1659/1659/1659 1660/1660/1660 1685/1685/1685
f 1659/1659/1659 1685/1685/1685 1684/1684/1684
f 1660/1660/1660 1661/1661/1661 1686/1686/1686
f 1660/1660/1660 1686/1686/1686 1685/1685/1685
f 1661/1661/1661 1662/1662/1662 1687/1687/1687
f 1661/1661/1661 1687/1687/1687 1686/1686/1686
f 1662/1662/1662 1663/1663/1663 1688/1688/1688
f 1662/1662/1662 1688/1688/1688 1687/1687/1687
f 1663/1663/1663 1664/1664/1664 1689/1689/1689
f 1663/1663/1663 1689/1689/1689 1688/1688/1688
f 1664/1664/1664 1665/1665/1665 1690/1690/1690
f 1664/1664/1664 1690/1690/1690 1689/1689/1689
f 1665/1665/1665 1666/1666/1666 1691/1691/1691
f 1665/1665/1665 1691/1691/1691 1690/1690/1690
f 1666/1666/1666 1667/1667/1667 1692/1692/1692
f 1666/1666/1666 1692/1692/1692 1691/1691/1691
f 1667/1667/1667 1668/1668/1668 1693/1693/1693
f 1667/1667/1667 1693/1693/1693 1692/1692/1692
f 1668/1668/1668 1669/1669/1669 1694/1694/1694
f 1668/1668/1668 1694/1694/1694 1693/1693/1693
f 1669/1669/1669 1670/1670/1670 1695/1695/1695
f 1669/1669/1669 1695/1695/1695 1694/1694/1694
f 1670/1670/1670 1671/1671/1671 1696/1696/1696
f 1670/1670/1670 1696/1696/1696 1695/1695/1695
f 1672/1672/1672 1673/1673/1673 1698/1698/1698
f 1672/1672/1672 1698/1698/1698 1697/1697/1697
f 1673/1673/1673 1674/1674/1674 1699/1699/1699
f 1673/1673/1673 1699/1699/1699 1698/1698/1698
f 1674/1674/1674 1675/1675/1675 1700/1700/1700
f 1674/1674/1674 1700/1700/1700 1699/1699/1699
f 1675/1675/1675 1676/1676/1676 1701/1701/1701
f 1675/1675/1675 1701/1701/1701 1700/1700/1700
f 1676/1676/1676 1677/1677/1677 1702/1702/1702
f 1676/1676/1676 1702/1702/1702 1701/1701/1701
f 1677/1677/1677 1678/1678/1678 1703/1703/1703
f 1677/1677/1677 1703/1703/1703 1702/1702/1702
f 1678/1678/1678 1679/1679/1679 1704/1704/1704
f 1678/1678/1678 1704/1704/1704 1703/1703/1703
f 1679/1679/1679 1680/1680/1680 1705/1705/1705
f 1679/1679/1679 1705/1705/1705 1704/1704/1704
f 1680/1680/1680 1681/1681/1681 1706/1706/1706
f 1680/1680/1680 1706/1706/1706 1705/1705/1705
f 1681/1681/1681 1682/1682/1682 1707/1707/1707
f 1681/1681/1681 1707/1707/1707 1706/1706/1706
f 1682/1682/1682 1683/1683/1683 1708/1708/1708
f 1682/1682/1682 1708/1708/1708 1707/1707/1707
f 1683/1683/1683 1684/1684/1684 1709/1709/1709
f 1683/1683/1683 1709/1709/1709 1708/1708/1708
f 1684/1684/1684 1685/1685/1685 1710/1710/1710
f 1684/1684/1684 1710/1710/1710 1709/1709/1709
f 1685/1685/1685 1686/1686/1686 1711/1711/1711
f 1685/1685/1685 1711/1711/1711 1710/1710/1710
f 1686/1686/1686 1687/1687/1687 1712/1712/1712
f 1686/1686/1686 1712/1712/1712 1711/1711/1711
f 1687/1687/1687 1688/1688/1688 1713/1713/1713
f 1687/1687/1687 1713/1713/1713 1712/1712/1712
f 1688/1688/1688 1689/1689/1689 1714/1714/1714
f 1688/1688/1688 1714/1714/1714 1713/1713/1713
f 1689/1689/1689 1690/1690/1690 1715/1715/1715
f 1689/1689/1689 1715/1715/1715 1714/1714/1714
f 1690/1690/1690 1691/1691/1691 1716/1716/1716
f 1690/1690/1690 1716/1716/1716 1715/1715/1715
f 1691/1691/1691 1692/1692/1692 1717/1717/1717
f 1691/1691/1691 1717/1717/1717 1716/1716/1716
f 1692/1692/1692 1693/1693/1693 1718/1718/1718
f 1692/1692/1692 1718/1718/1718 1717/1717/1717
f 1693/1693/1693 1694/1694/1694 1719/1719/1719
f 1693/1693/1693 1719/1719/1719 1718/1718/1718
f 1694/1694/1694 1695/1695/1695 1720/1720/1720
f 1694/1694/1694 1720/1720/1720 1719/1719/1719
f 1695/1695/1695 1696/1696/1696 1721/1721/1721
f 1695/1695/1695 1721/1721/1721 1720/1720/1720
f 1697/1697/1697 1698/1698/1698 1723/1723/1723
f 1697/1697/1697 1723/1723/1723 1722/1722/1722
f 1698/1698/1698 1699/1699/1699 1724/1724/1724
f 1698/1698/1698 1724/1724/1724 1723/1723/1723
f 1699/1699/1699 1700/1700/1700 1725/1725/1725
f 1699/1699/1699 1725/1725/1725 1724/1724/1724
f 1700/1700/1700 1701/1701/1701 1726/1726/1726
f 1700/1700/1700 1726/1726/1726 1725/1725/1725
f 1701/1701/1701 1702/1702/1702 1727/1727/1727
f 1701/1701/1701 1727/1727/1727 1726/1726/1726
f 1702/1702/1702 1703/1703/1703 1728/1728/1728
f 1702/1702/1702 1728/1728/1728 1727/1727/1727
f 1703/1703/1703 1704/1704/1704 1729/1729/1729
f 1703/1703/1703 1729/1729/1729 1728/1728/1728
f 1704/1704/1704 1705/1705/1705 1730/1730/1730
f 1704/1704/1704 1730/1730/1730 1729/1729/1729
f 1705/1705/1705 1706/1706/1706 1731/1731/1731
f 1705/1705/1705 1731/1731/1731 1730/1730/1730
f 1706/1706/1706 1707/1707/1707 1732/1732/1732
f 1706/1706/1706 1732/1732/1732 1731/1731/1731
f 1707/1707/1707 1708/1708/1708 1733/1733/1733
f 1707/1707/1707 1733/1733/1733 1732/1732/1732
f 1708/1708/1708 1709/1709/1709 1734/1734/1734
f 1708/1708/1708 1734/1734/1734 1733/1733/1733
f 1709/1709/1709 1710/1710/1710 1735/1735/1735
f 1709/1709/1709 1735/1735/1735 1734/1734/1734
f 1710/1710/1710 1711/1711/1711 1736/1736/1736
f 1710/1710/1710 1736/1736/1736 1735/1735/1735
f 1711/1711/1711 1712/1712/1712 1737/1737/1737
f 1711/1711/1711 1737/1737/1737 1736/1736/1736
f 1712/1712/1712 1713/1713/1713 1738/1738/1738
f 1712/1712/1712 1738/1738/1738 1737/1737/1737
f 1713/1713/1713 1714/1714/1714 1739/1739/1739
f 1713/1713/1713 1739/1739/1739 1738/1738/1738
f 1714/1714/1714 1715/1715/1715 1740/1740/1740
f 1714/1714/1714 1740/1740/1740 1739/1739/1739
f 1715/1715/1715 1716/1716/1716 1741/1741/1741
f 1715/1715/1715 1741/1741/1741 1740/1740/1740
f 1716/1716/1716 1717/1717/1717 1742/1742/1742
f 1716/1716/1716 1742/1742/1742 1741/1741/1741
f 1717/1717/1717 1718/1718/1718 1743/1743/1743
f 1717/1717/1717 1743/1743/1743 1742/1742/1742
f 1718/1718/1718 1719/1719/1719 1744/1744/1744
f 1718/1718/1718 1744/1744/1744 1743/1743/1743
f 1719/1719/1719 1720/1720/1720 1745/1745/1745
f 1719/1719/1719 1745/1745/1745 1744/1744/1744
f 1720/1720/1720 1721/1721/1721 1746/1746/1746
f 1720/1720/1720 1746/1746/1746 1745/1745/1745
f 1722/1722/1722 1723/1723/1723 1747/1747/1747
f 1723/1723/1723 1724/1724/1724 1747/1747/1747
f 1724/1724/1724 1725/1725/1725 1747/1747/1747
f 1725/1725/1725 1726/1726/1726 1747/1747/1747
f 1726/1726/1726 1727/1727/1727 1747/1747/1747
f 1727/1727/1727 1728/1728/1728 1747/1747/1747
f 1728/1728/1728 1729/1729/1729 1747/1747/1747
f 1729/1729/1729 1730/1730/1730 1747/1747/1747
f 1730/1730/1730 1731/1731/1731 1747/1747/1747
f 1731/1731/1731 1732/1732/1732 1747/1747/1747
f 1732/1732/1732 1733/1733/1733 1747/1747/1747
f 1733/1733/1733 1734/1734/1734 1747/1747/1747
f 1734/1734/1734 1735/1735/1735 1747/1747/1747
f 1735/1735/1735 1736/1736/1736 1747/1747/1747
f 1736/1736/1736 1737/1737/1737 1747/1747/1747
f 1737/1737/1737 1738/1738/1738 1747/1747/1747
f 1738/1738/1738 1739/1739/1739 1747/1747/1747
f 1739/1739/1739 1740/1740/1740 1747/1747/1747
f 1740/1740/1740 1741/1741/1741 1747/1747/1747
f 1741/1741/1741 1742/1742/1742 1747/1747/1747
f 1742/1742/1742 1743/1743/1743 1747/1747/1747
f 1743/1743/1743 1744/1744/1744 1747/1747/1747
f 1744/1744/1744 1745/1745/1745 1747/1747/1747
f 1745/1745/1745 1746/1746/1746 1747/1747/1747
o Jaw
v 7.391284 40.347826 -0.000000
v 9.428515 40.405110 -0.000000
v 9.328805 40.405110 -0.305565
v 9.039438 40.405110 -0.581219
v 8.588738 40.405110 -0.799980
v 8.020823 40.405110 -0.940433
v 7.391284 40.405110 -0.988830
v 6.761745 40.405110 -0.940433
v 6.193830 40.405110 -0.799980
v 5.743130 40.405110 -0.581219
v 5.453763 40.405110 -0.305565
v 5.354053 40.405110 -0.000000
v 5.453763 40.405110 0.305565
v 5.743130 40.405110 0.581219
v 6.193830 40.405110 0.799980
v 6.761745 40.405110 0.940433
v 7.391284 40.405110 0.988830
v 8.020823 40.405110 0.940433
v 8.588738 40.405110 0.799980
v 9.039438 40.405110 0.581219
v 9.328805 40.405110 0.305565
v 9.428515 40.405110 0.000000
v 11.326911 40.573059 -0.000000
v 11.134288 40.573059 -0.590307
v 10.575273 40.573059 -1.122830
v 9.704588 40.573059 -1.545443
v 8.607460 40.573059 -1.816777
v 7.391284 40.573059 -1.910272
v 6.175108 40.573059 -1.816777
v 5.077980 40.573059 -1.545443
v 4.207295 40.573059 -1.122830
v 3.648280 40.573059 -0.590307
v 3.455657 40.573059 -0.000000
v 3.648280 40.573059 0.590307
v 4.207295 40.573059 1.122830
v 5.077980 40.573059 1.545443
v 6.175108 40.573059 1.816777
v 7.391284 40.573059 1.910272
v 8.607460 40.573059 1.816777
v 9.704588 40.573059 1.545443
v 10.575273 40.573059 1.122830
v 11.134288 40.573059 0.590307
v 11.326911 40.573059 0.000000
v 12.957101 40.840226 -0.000000
v 12.684691 40.840226 -0.834819
v 11.894125 40.840226 -1.587921
v 10.662789 40.840226 -2.185586
v 9.111216 40.840226 -2.569310
v 7.391284 40.840226 -2.701533
v 5.671352 40.840226 -2.569310
v 4.119779 40.840226 -2.185586
v 2.888443 40.840226 -1.587921
v 2.097877 40.840226 -0.834819
v 1.825467 40.840226 -0.000000
v 2.097877 40.840226 0.834819
v 2.888443 40.840226 1.587921
v 4.119779 40.840226 2.185586
v 5.671352 40.840226 2.569310
v 7.391284 40.840226 2.701533
v 9.111216 40.840226 2.569310
v 10.662789 40.840226 2.185586
v 11.894125 40.840226 1.587921
v 12.684691 40.840226 0.834819
v 12.957101 40.840226 0.000000
v 14.207990 41.188406 -0.000000
v 13.874357 41.188406 -1.022441
v 12.906115 41.188406 -1.944798
v 11.398044 41.188406 -2.676785
v 9.497762 41.188406 -3.146750
v 7.391284 41.188406 -3.308688
v 5.284806 41.188406 -3.146750
v 3.384525 41.188406 -2.676785
v 1.876453 41.188406 -1.944798
v 0.908211 41.188406 -1.022441
v 0.574578 41.188406 -0.000000
v 0.908211 41.188406 1.022441
v 1.876453 41.188406 1.944798
v 3.384525 41.188406 2.676785
v 5.284806 41.188406 3.146750
v 7.391284 41.188406 3.308688
v 9.497762 41.188406 3.146750
v 11.398044 41.188406 2.676785
v 12.906115 41.188406 1.944798
v 13.874357 41.188406 1.022441
v 14.207990 41.188406 0.000000
v 14.994332 41.593869 -0.000000
v 14.622212 41.593869 -1.140385
v 13.542279 41.593869 -2.169140
v 11.860244 41.593869 -2.985566
v 9.740755 41.593869 -3.509743
v 7.391284 41.593869 -3.690362
v 5.041813 41.593869 -3.509743
v 2.922324 41.593869 -2.985566
v 1.240289 41.593869 -2.169140
v 0.160356 41.593869 -1.140385
v -0.211764 41.593869 -0.000000
v 0.160356 41.593869 1.140385
v 1.240289 41.593869 2.169140
v 2.922324 41.593869 2.985566
v 5.041813 41.593869 3.509743
v 7.391284 41.593869 3.690362
v 9.740755 41.593869 3.509743
v 11.860244 41.593869 2.985566
v 13.542279 41.593869 2.169140
v 14.622212 41.593869 1.140385
v 14.994332 41.593869 0.000000
v 15.262539 42.028986 -0.000000
v 14.877292 42.028986 -1.180613
v 13.759263 42.028986 -2.245659
v 12.017891 42.028986 -3.090885
v 9.823635 42.028986 -3.633553
v 7.391284 42.028986 -3.820544
v 4.958933 42.028986 -3.633553
v 2.764677 42.028986 -3.090885
v 1.023305 42.028986 -2.245659
v -0.094724 42.028986 -1.180613
v -0.479971 42.028986 -0.000000
v -0.094724 42.028986 1.180613
v 1.023305 42.028986 2.245659
v 2.764677 42.028986 3.090885
v 4.958933 42.028986 3.633553
v 7.391284 42.028986 3.820544
v 9.823635 42.028986 3.633553
v 12.017891 42.028986 3.090885
v 13.759263 42.028986 2.245659
v 14.877292 42.028986 1.180613
v 15.262539 42.028986 0.000000
v 14.994332 42.464102 -0.000000
v 14.622212 42.464102 -1.140385
v 13.542279 42.464102 -2.169140
v 11.860244 42.464102 -2.985566
v 9.740755 42.464102 -3.509743
v 7.391284 42.464102 -3.690362
v 5.041813 42.464102 -3.509743
v 2.922324 42.464102 -2.985566
v 1.240289 42.464102 -2.169140
v 0.160356 42.464102 -1.140385
v -0.211764 42.464102 -0.000000
v 0.160356 42.464102 1.140385
v 1.240289 42.464102 2.169140
v 2.922324 42.464102 2.985566
v 5.041813 42.464102 3.509743
v 7.391284 42.464102 3.690362
v 9.740755 42.464102 3.509743
v 11.860244 42.464102 2.985566
v 13.542279 42.464102 2.169140
v 14.622212 42.464102 1.140385
v 14.994332 42.464102 0.000000
v 14.207990 42.869565 -0.000000
v 13.874357 42.869565 -1.022441
v 12.906115 42.869565 -1.944798
v 11.398044 42.869565 -2.676785
v 9.497762 42.869565 -3.146750
v 7.391284 42.869565 -3.308688
v 5.284806 42.869565 -3.146750
v 3.384525 42.869565 -2.676785
v 1.876453 42.869565 -1.944798
v 0.908211 42.869565 -1.022441
v 0.574578 42.869565 -0.000000
v 0.908211 42.869565 1.022441
v 1.876453 42.869565 1.944798
v 3.384525 42.869565 2.676785
v 5.284806 42.869565 3.146750
v 7.391284 42.869565 3.308688
v 9.497762 42.869565 3.146750
v 11.398044 42.869565 2.676785
v 12.906115 42.869565 1.944798
v 13.874357 42.869565 1.022441
v 14.207990 42.869565 0.000000
v 12.957101 43.217745 -0.000000
v 12.684691 43.217745 -0.834819
v 11.894125 43.217745 -1.587921
v 10.662789 43.217745 -2.185586
v 9.111216 43.217745 -2.569310
v 7.391284 43.217745 -2.701533
v 5.671352 43.217745 -2.569310
v 4.119779 43.217745 -2.185586
v 2.888443 43.217745 -1.587921
v 2.097877 43.217745 -0.834819
v 1.825467 43.217745 -0.000000
v 2.097877 43.217745 0.834819
v 2.888443 43.217745 1.587921
v 4.119779 43.217745 2.185586
v 5.671352 43.217745 2.569310
v 7.391284 43.217745 2.701533
v 9.111216 43.217745 2.569310
v 10.662789 43.217745 2.185586
v 11.894125 43.217745 1.587921
v 12.684691 43.217745 0.834819
v 12.957101 43.217745 0.000000
v 11.326911 43.484912 -0.000000
v 11.134288 43.484912 -0.590307
v 10.575273 43.484912 -1.122830
v 9.704588 43.484912 -1.545443
v 8.607460 43.484912 -1.816777
v 7.391284 43.484912 -1.910272
v 6.175108 43.484912 -1.816777
v 5.077980 43.484912 -1.545443
v 4.207295 43.484912 -1.122830
v 3.648280 43.484912 -0.590307
v 3.455657 43.484912 -0.000000
v 3.648280 43.484912 0.590307
v 4.207295 43.484912 1.122830
v 5.077980 43.484912 1.545443
v 6.175108 43.484912 1.816777
v 7.391284 43.484912 1.910272
v 8.607460 43.484912 1.816777
v 9.704588 43.484912 1.545443
v 10.575273 43.484912 1.122830
v 11.134288 43.484912 0.590307
v 11.326911 43.484912 0.000000
v 9.428515 43.652861 -0.000000
v 9.328805 43.652861 -0.305565
v 9.039438 43.652861 -0.581219
v 8.588738 43.652861 -0.799980
v 8.020823 43.652861 -0.940433
v 7.391284 43.652861 -0.988830
v 6.761745 43.652861 -0.940433
v 6.193830 43.652861 -0.799980
v 5.743130 43.652861 -0.581219
v 5.453763 43.652861 -0.305565
v 5.354053 43.652861 -0.000000
v 5.453763 43.652861 0.305565
v 5.743130 43.652861 0.581219
v 6.193830 43.652861 0.799980
v 6.761745 43.652861 0.940433
v 7.391284 43.652861 0.988830
v 8.020823 43.652861 0.940433
v 8.588738 43.652861 0.799980
v 9.039438 43.652861 0.581219
v 9.328805 43.652861 0.305565
v 9.428515 43.652861 0.000000
v 7.391284 43.710145 -0.000000
vt 0.5000000 0.6996875
vt 0.0865625 0.8056375
vt 0.1279062 0.8056375
vt 0.1692500 0.8056375
vt 0.2105938 0.8056375
vt 0.2519375 0.8056375
vt 0.2932813 0.8056375
vt 0.3346250 0.8056375
vt 0.3759688 0.8056375
vt 0.4173125 0.8056375
vt 0.4586563 0.8056375
vt 0.5000000 0.8056375
vt 0.5413438 0.8056375
vt 0.5826875 0.8056375
vt 0.6240313 0.8056375
vt 0.6653750 0.8056375
vt 0.7067187 0.8056375
vt 0.7480625 0.8056375
vt 0.7894062 0.8056375
vt 0.8307500 0.8056375
vt 0.8720937 0.8056375
vt 0.9134375 0.8056375
vt 0.0865625 0.7946797
vt 0.1279062 0.7946797
vt 0.1692500 0.7946797
vt 0.2105938 0.7946797
vt 0.2519375 0.7946797
vt 0.2932813 0.7946797
vt 0.3346250 0.7946797
vt 0.3759688 0.7946797
vt 0.4173125 0.7946797
vt 0.4586563 0.7946797
vt 0.5000000 0.7946797
vt 0.5413438 0.7946797
vt 0.5826875 0.7946797
vt 0.6240313 0.7946797
vt 0.6653750 0.7946797
vt 0.7067187 0.7946797
vt 0.7480625 0.7946797
vt 0.7894062 0.7946797
vt 0.8307500 0.7946797
vt 0.8720937 0.7946797
vt 0.9134375 0.7946797
vt 0.0865625 0.7772483
vt 0.1279062 0.7772483
vt 0.1692500 0.7772483
vt 0.2105938 0.7772483
vt 0.2519375 0.7772483
vt 0.2932813 0.7772483
vt 0.3346250 0.7772483
vt 0.3759688 0.7772483
vt 0.4173125 0.7772483
vt 0.4586563 0.7772483
vt 0.5000000 0.7772483
vt 0.5413438 0.7772483
vt 0.5826875 0.7772483
vt 0.6240313 0.7772483
vt 0.6653750 0.7772483
vt 0.7067187 0.7772483
vt 0.7480625 0.7772483
vt 0.7894062 0.7772483
vt 0.8307500 0.7772483
vt 0.8720937 0.7772483
vt 0.9134375 0.7772483
vt 0.0865625 0.7545312
vt 0.1279062 0.7545312
vt 0.1692500 0.7545312
vt 0.2105938 0.7545312
vt 0.2519375 0.7545312
vt 0.2932813 0.7545312
vt 0.3346250 0.7545312
vt 0.3759688 0.7545312
vt 0.4173125 0.7545312
vt 0.4586563 0.7545312
vt 0.5000000 0.7545312
vt 0.5413438 0.7545312
vt 0.5826875 0.7545312
vt 0.6240313 0.7545312
vt 0.6653750 0.7545312
vt 0.7067187 0.7545312
vt 0.7480625 0.7545312
vt 0.7894062 0.7545312
vt 0.8307500 0.7545312
vt 0.8720937 0.7545312
vt 0.9134375 0.7545312
vt 0.0865625 0.7280767
vt 0.1279062 0.7280767
vt 0.1692500 0.7280767
vt 0.2105938 0.7280767
vt 0.2519375 0.7280767
vt 0.2932813 0.7280767
vt 0.3346250 0.7280767
vt 0.3759688 0.7280767
vt 0.4173125 0.7280767
vt 0.4586563 0.7280767
vt 0.5000000 0.7280767
vt 0.5413438 0.7280767
vt 0.5826875 0.7280767
vt 0.6240313 0.7280767
vt 0.6653750 0.7280767
vt 0.7067187 0.7280767
vt 0.7480625 0.7280767
vt 0.7894062 0.7280767
vt 0.8307500 0.7280767
vt 0.8720937 0.7280767
vt 0.9134375 0.7280767
vt 0.0865625 0.6996875
vt 0.1279062 0.6996875
vt 0.1692500 0.6996875
vt 0.2105938 0.6996875
vt 0.2519375 0.6996875
vt 0.2932813 0.6996875
vt 0.3346250 0.6996875
vt 0.3759688 0.6996875
vt 0.4173125 0.6996875
vt 0.4586563 0.6996875
vt 0.5000000 0.6996875
vt 0.5413438 0.6996875
vt 0.5826875 0.6996875
vt 0.6240313 0.6996875
vt 0.6653750 0.6996875
vt 0.7067187 0.6996875
vt 0.7480625 0.6996875
vt 0.7894062 0.6996875
vt 0.8307500 0.6996875
vt 0.8720937 0.6996875
vt 0.9134375 0.6996875
vt 0.0865625 0.6712983
vt 0.1279062 0.6712983
vt 0.1692500 0.6712983
vt 0.2105938 0.6712983
vt 0.2519375 0.6712983
vt 0.2932813 0.6712983
vt 0.3346250 0.6712983
vt 0.3759688 0.6712983
vt 0.4173125 0.6712983
vt 0.4586563 0.6712983
vt 0.5000000 0.6712983
vt 0.5413438 0.6712983
vt 0.5826875 0.6712983
vt 0.6240313 0.6712983
vt 0.6653750 0.6712983
vt 0.7067187 0.6712983
vt 0.7480625 0.6712983
vt 0.7894062 0.6712983
vt 0.8307500 0.6712983
vt 0.8720937 0.6712983
vt 0.9134375 0.6712983
vt 0.0865625 0.6448438
vt 0.1279062 0.6448438
vt 0.1692500 0.6448438
vt 0.2105938 0.6448438
vt 0.2519375 0.6448438
vt 0.2932813 0.6448438
vt 0.3346250 0.6448438
vt 0.3759688 0.6448438
vt 0.4173125 0.6448438
vt 0.4586563 0.6448438
vt 0.5000000 0.6448438
vt 0.5413438 0.6448438
vt 0.5826875 0.6448438
vt 0.6240313 0.6448438
vt 0.6653750 0.6448438
vt 0.7067187 0.6448438
vt 0.7480625 0.6448438
vt 0.7894062 0.6448438
vt 0.8307500 0.6448438
vt 0.8720937 0.6448438
vt 0.9134375 0.6448438
vt 0.0865625 0.6221267
vt 0.1279062 0.6221267
vt 0.1692500 0.6221267
vt 0.2105938 0.6221267
vt 0.2519375 0.6221267
vt 0.2932813 0.6221267
vt 0.3346250 0.6221267
vt 0.3759688 0.6221267
vt 0.4173125 0.6221267
vt 0.4586563 0.6221267
vt 0.5000000 0.6221267
vt 0.5413438 0.6221267
vt 0.5826875 0.6221267
vt 0.6240313 0.6221267
vt 0.6653750 0.6221267
vt 0.7067187 0.6221267
vt 0.7480625 0.6221267
vt 0.7894062 0.6221267
vt 0.8307500 0.6221267
vt 0.8720937 0.6221267
vt 0.9134375 0.6221267
vt 0.0865625 0.6046953
vt 0.1279062 0.6046953
vt 0.1692500 0.6046953
vt 0.2105938 0.6046953
vt 0.2519375 0.6046953
vt 0.2932813 0.6046953
vt 0.3346250 0.6046953
vt 0.3759688 0.6046953
vt 0.4173125 0.6046953
vt 0.4586563 0.6046953
vt 0.5000000 0.6046953
vt 0.5413438 0.6046953
vt 0.5826875 0.6046953
vt 0.6240313 0.6046953
vt 0.6653750 0.6046953
vt 0.7067187 0.6046953
vt 0.7480625 0.6046953
vt 0.7894062 0.6046953
vt 0.8307500 0.6046953
vt 0.8720937 0.6046953
vt 0.9134375 0.6046953
vt 0.0865625 0.5937375
vt 0.1279062 0.5937375
vt 0.1692500 0.5937375
vt 0.2105938 0.5937375
vt 0.2519375 0.5937375
vt 0.2932813 0.5937375
vt 0.3346250 0.5937375
vt 0.3759688 0.5937375
vt 0.4173125 0.5937375
vt 0.4586563 0.5937375
vt 0.5000000 0.5937375
vt 0.5413438 0.5937375
vt 0.5826875 0.5937375
vt 0.6240313 0.5937375
vt 0.6653750 0.5937375
vt 0.7067187 0.5937375
vt 0.7480625 0.5937375
vt 0.7894062 0.5937375
vt 0.8307500 0.5937375
vt 0.8720937 0.5937375
vt 0.9134375 0.5937375
vt 0.5000000 0.6996875
vn -0.0000000 -1.0000000 -0.0000000
vn 0.0670045 -0.9977107 -0.0091544
vn 0.0622912 -0.9967380 -0.0513147
vn 0.0514437 -0.9947659 -0.0882859
vn 0.0356046 -0.9925573 -0.1164574
vn 0.0163680 -0.9909527 -0.1332096
vn -0.0044115 -0.9905536 -0.1370553
vn -0.0247764 -0.9915083 -0.1276617
vn -0.0427959 -0.9934610 -0.1058476
vn -0.0567036 -0.9956756 -0.0735847
vn -0.0650715 -0.9973033 -0.0339382
vn -0.0670045 -0.9977107 0.0091544
vn -0.0622912 -0.9967380 0.0513147
vn -0.0514437 -0.9947659 0.0882859
vn -0.0356046 -0.9925573 0.1164574
vn -0.0163680 -0.9909527 0.1332096
vn 0.0044115 -0.9905536 0.1370553
vn 0.0247764 -0.9915083 0.1276617
vn 0.0427959 -0.9934610 0.1058476
vn 0.0567036 -0.9956756 0.0735847
vn 0.0650715 -0.9973033 0.0339382
vn 0.0670045 -0.9977107 -0.0091544
vn 0.1279777 -0.9917353 -0.0090996
vn 0.1199811 -0.9887014 -0.0898556
vn 0.0999415 -0.9819247 -0.1607344
vn 0.0703779 -0.9741244 -0.2147756
vn 0.0345099 -0.9682554 -0.2475692
vn -0.0043040 -0.9664192 -0.2569348
vn -0.0427561 -0.9692519 -0.2423276
vn -0.0775280 -0.9757679 -0.2046129
vn -0.1052625 -0.9836080 -0.1464072
vn -0.1228341 -0.9897624 -0.0726780
vn -0.1279777 -0.9917353 0.0090996
vn -0.1199811 -0.9887014 0.0898556
vn -0.0999415 -0.9819247 0.1607344
vn -0.0703779 -0.9741244 0.2147756
vn -0.0345099 -0.9682554 0.2475692
vn 0.0043040 -0.9664192 0.2569348
vn 0.0427561 -0.9692519 0.2423276
vn 0.0775280 -0.9757679 0.2046129
vn 0.1052625 -0.9836080 0.1464072
vn 0.1228341 -0.9897624 0.0726780
vn 0.1279777 -0.9917353 -0.0090996
vn 0.2134987 -0.9769022 -0.0089635
vn 0.2001214 -0.9692328 -0.1433148
vn 0.1657550 -0.9515746 -0.2589035
vn 0.1163152 -0.9315988 -0.3443755
vn 0.0580306 -0.9167688 -0.3951802
vn -0.0040609 -0.9118254 -0.4105581
vn -0.0658996 -0.9182024 -0.3905913
vn -0.1233503 -0.9340366 -0.3352019
vn -0.1712032 -0.9541731 -0.2454447
vn -0.2031437 -0.9709274 -0.1266201
vn -0.2134987 -0.9769022 0.0089635
vn -0.2001214 -0.9692328 0.1433148
vn -0.1657550 -0.9515746 0.2589035
vn -0.1163152 -0.9315988 0.3443755
vn -0.0580306 -0.9167688 0.3951802
vn 0.0040609 -0.9118254 0.4105581
vn 0.0658996 -0.9182024 0.3905913
vn 0.1233503 -0.9340366 0.3352019
vn 0.1712032 -0.9541731 0.2454447
vn 0.2031437 -0.9709274 0.1266201
vn 0.2134987 -0.9769022 -0.0089635
vn 0.3516584 -0.9360890 -0.0085890
vn 0.3265155 -0.9174233 -0.2274250
vn 0.2637996 -0.8755268 -0.4047994
vn 0.1806296 -0.8315941 -0.5251897
vn 0.0895960 -0.8010217 -0.5918925
vn -0.0035219 -0.7908054 -0.6120575
vn -0.0965795 -0.8026667 -0.5885563
vn -0.1872920 -0.8345791 -0.5180729
vn -0.2694518 -0.8790124 -0.3933611
vn -0.3299279 -0.9198970 -0.2119835
vn -0.3516584 -0.9360890 0.0085890
vn -0.3265155 -0.9174233 0.2274250
vn -0.2637996 -0.8755268 0.4047994
vn -0.1806296 -0.8315941 0.5251897
vn -0.0895960 -0.8010217 0.5918925
vn 0.0035219 -0.7908054 0.6120575
vn 0.0965795 -0.8026667 0.5885563
vn 0.1872920 -0.8345791 0.5180729
vn 0.2694518 -0.8790124 0.3933611
vn 0.3299279 -0.9198970 0.2119835
vn 0.3516584 -0.9360890 -0.0085890
vn 0.6280084 -0.7781738 -0.0071401
vn 0.5617680 -0.7332317 -0.3831293
vn 0.4204092 -0.6465029 -0.6366240
vn 0.2697520 -0.5730181 -0.7738760
vn 0.1297547 -0.5292873 -0.8384621
vn -0.0022954 -0.5154015 -0.8569457
vn -0.1344969 -0.5303066 -0.8370696
vn -0.2748840 -0.5751163 -0.7705063
vn -0.4257723 -0.6495208 -0.6299529
vn -0.5658754 -0.7359488 -0.3717048
vn -0.6280084 -0.7781738 0.0071401
vn -0.5617680 -0.7332317 0.3831293
vn -0.4204092 -0.6465029 0.6366240
vn -0.2697520 -0.5730181 0.7738760
vn -0.1297547 -0.5292873 0.8384621
vn 0.0022954 -0.5154015 0.8569457
vn 0.1344969 -0.5303066 0.8370696
vn 0.2748840 -0.5751163 0.7705063
vn 0.4257723 -0.6495208 0.6299529
vn 0.5658754 -0.7359488 0.3717048
vn 0.6280084 -0.7781738 -0.0071401
vn 1.0000000 -0.0000000 0.0000000
vn 0.8309951 0.0000000 -0.5562797
vn 0.5555062 0.0000000 -0.8315124
vn 0.3325748 -0.0000000 -0.9430769
vn 0.1557839 -0.0000000 -0.9877912
vn 0.0000000 0.0000000 -1.0000000
vn -0.1557839 0.0000000 -0.9877912
vn -0.3325748 -0.0000000 -0.9430769
vn -0.5555062 -0.0000000 -0.8315124
vn -0.8309951 -0.0000000 -0.5562797
vn -1.0000000 -0.0000000 -0.0000000
vn -0.8309951 0.0000000 0.5562797
vn -0.5555062 -0.0000000 0.8315124
vn -0.3325748 -0.0000000 0.9430769
vn -0.1557839 0.0000000 0.9877912
vn -0.0000000 0.0000000 1.0000000
vn 0.1557839 0.0000000 0.9877912
vn 0.3325748 -0.0000000 0.9430769
vn 0.5555062 -0.0000000 0.8315124
vn 0.8309951 -0.0000000 0.5562797
vn 1.0000000 -0.0000000 0.0000000
vn 0.6280084 0.7781738 0.0071401
vn 0.5658754 0.7359488 -0.3717048
vn 0.4257723 0.6495208 -0.6299529
vn 0.2748840 0.5751163 -0.7705063
vn 0.1344969 0.5303066 -0.8370696
vn 0.0022954 0.5154015 -0.8569457
vn -0.1297547 0.5292873 -0.8384621
vn -0.2697520 0.5730181 -0.7738760
vn -0.4204092 0.6465029 -0.6366240
vn -0.5617680 0.7332317 -0.3831293
vn -0.6280084 0.7781738 -0.0071401
vn -0.5658754 0.7359488 0.3717048
vn -0.4257723 0.6495208 0.6299529
vn -0.2748840 0.5751163 0.7705063
vn -0.1344969 0.5303066 0.8370696
vn -0.0022954 0.5154015 0.8569457
vn 0.1297547 0.5292873 0.8384621
vn 0.2697520 0.5730181 0.7738760
vn 0.4204092 0.6465029 0.6366240
vn 0.5617680 0.7332317 0.3831293
vn 0.6280084 0.7781738 0.0071401
vn 0.3516584 0.9360890 0.0085890
vn 0.3299279 0.9198970 -0.2119835
vn 0.2694518 0.8790124 -0.3933611
vn 0.1872920 0.8345791 -0.5180729
vn 0.0965795 0.8026667 -0.5885563
vn 0.0035219 0.7908054 -0.6120575
vn -0.0895960 0.8010217 -0.5918925
vn -0.1806296 0.8315941 -0.5251897
vn -0.2637996 0.8755268 -0.4047994
vn -0.3265155 0.9174233 -0.2274250
vn -0.3516584 0.9360890 -0.0085890
vn -0.3299279 0.9198970 0.2119835
vn -0.2694518 0.8790124 0.3933611
vn -0.1872920 0.8345791 0.5180729
vn -0.0965795 0.8026667 0.5885563
vn -0.0035219 0.7908054 0.6120575
vn 0.0895960 0.8010217 0.5918925
vn 0.1806296 0.8315941 0.5251897
vn 0.2637996 0.8755268 0.4047994
vn 0.3265155 0.9174233 0.2274250
vn 0.3516584 0.9360890 0.0085890
vn 0.2134987 0.9769022 0.0089635
vn 0.2031437 0.9709274 -0.1266201
vn 0.1712032 0.9541731 -0.2454447
vn 0.1233503 0.9340366 -0.3352019
vn 0.0658996 0.9182024 -0.3905913
vn 0.0040609 0.9118254 -0.4105581
vn -0.0580306 0.9167688 -0.3951802
vn -0.1163152 0.9315988 -0.3443755
vn -0.1657550 0.9515746 -0.2589035
vn -0.2001214 0.9692328 -0.1433148
vn -0.2134987 0.9769022 -0.0089635
vn -0.2031437 0.9709274 0.1266201
vn -0.1712032 0.9541731 0.2454447
vn -0.1233503 0.9340366 0.3352019
vn -0.0658996 0.9182024 0.3905913
vn -0.0040609 0.9118254 0.4105581
vn 0.0580306 0.9167688 0.3951802
vn 0.1163152 0.9315988 0.3443755
vn 0.1657550 0.9515746 0.2589035
vn 0.2001214 0.9692328 0.1433148
vn 0.2134987 0.9769022 0.0089635
vn 0.1279777 0.9917353 0.0090996
vn 0.1228341 0.9897624 -0.0726780
vn 0.1052625 0.9836080 -0.1464072
vn 0.0775280 0.9757679 -0.2046129
vn 0.0427561 0.9692519 -0.2423276
vn 0.0043040 0.9664192 -0.2569348
vn -0.0345099 0.9682554 -0.2475692
vn -0.0703779 0.9741244 -0.2147756
vn -0.0999415 0.9819247 -0.1607344
vn -0.1199811 0.9887014 -0.0898556
vn -0.1279777 0.9917353 -0.0090996
vn -0.1228341 0.9897624 0.0726780
vn -0.1052625 0.9836080 0.1464072
vn -0.0775280 0.9757679 0.2046129
vn -0.0427561 0.9692519 0.2423276
vn -0.0043040 0.9664192 0.2569348
vn 0.0345099 0.9682554 0.2475692
vn 0.0703779 0.9741244 0.2147756
vn 0.0999415 0.9819247 0.1607344
vn 0.1199811 0.9887014 0.0898556
vn 0.1279777 0.9917353 0.0090996
vn 0.0670045 0.9977107 0.0091544
vn 0.0650715 0.9973033 -0.0339382
vn 0.0567036 0.9956756 -0.0735847
vn 0.0427959 0.9934610 -0.1058476
vn 0.0247764 0.9915083 -0.1276617
vn 0.0044115 0.9905536 -0.1370553
vn -0.0163680 0.9909527 -0.1332096
vn -0.0356046 0.9925573 -0.1164574
vn -0.0514437 0.9947659 -0.0882859
vn -0.0622912 0.9967380 -0.0513147
vn -0.0670045 0.9977107 -0.0091544
vn -0.0650715 0.9973033 0.0339382
vn -0.0567036 0.9956756 0.0735847
vn -0.0427959 0.9934610 0.1058476
vn -0.0247764 0.9915083 0.1276617
vn -0.0044115 0.9905536 0.1370553
vn 0.0163680 0.9909527 0.1332096
vn 0.0356046 0.9925573 0.1164574
vn 0.0514437 0.9947659 0.0882859
vn 0.0622912 0.9967380 0.0513147
vn 0.0670045 0.9977107 0.0091544
vn -0.0000000 1.0000000 0.0000000
s 1
f 1748/1748/1748 1750/1750/1750 1749/1749/1749
f 1748/1748/1748 1751/1751/1751 1750/1750/1750
f 1748/1748/1748 1752/1752/1752 1751/1751/1751
f 1748/1748/1748 1753/1753/1753 1752/1752/1752
f 1748/1748/1748 1754/1754/1754 1753/1753/1753
f 1748/1748/1748 1755/1755/1755 1754/1754/1754
f 1748/1748/1748 1756/1756/1756 1755/1755/1755
f 1748/1748/1748 1757/1757/1757 1756/1756/1756
f 1748/1748/1748 1758/1758/1758 1757/1757/1757
f 1748/1748/1748 1759/1759/1759 1758/1758/1758
f 1748/1748/1748 1760/1760/1760 1759/1759/1759
f 1748/1748/1748 1761/1761/1761 1760/1760/1760
f 1748/1748/1748 1762/1762/1762 1761/1761/1761
f 1748/1748/1748 1763/1763/1763 1762/1762/1762
f 1748/1748/1748 1764/1764/1764 1763/1763/1763
f 1748/1748/1748 1765/1765/1765 1764/1764/1764
f 1748/1748/1748 1766/1766/1766 1765/1765/1765
f 1748/1748/1748 1767/1767/1767 1766/1766/1766
f 1748/1748/1748 1768/1768/1768 1767/1767/1767
f 1748/1748/1748 1769/1769/1769 1768/1768/1768
f 1749/1749/1749 1750/1750/1750 1771/1771/1771
f 1749/1749/1749 1771/1771/1771 1770/1770/1770
f 1750/1750/1750 1751/1751/1751 1772/1772/1772
f 1750/1750/1750 1772/1772/1772 1771/1771/1771
f 1751/1751/1751 1752/1752/1752 1773/1773/1773
f 1751/1751/1751 1773/1773/1773 1772/1772/1772
f 1752/1752/1752 1753/1753/1753 1774/1774/1774
f 1752/1752/1752 1774/1774/1774 1773/1773/1773
f 1753/1753/1753 1754/1754/1754 1775/1775/1775
f 1753/1753/1753 1775/1775/1775 1774/1774/1774
f 1754/1754/1754 1755/1755/1755 1776/1776/1776
f 1754/1754/1754 1776/1776/1776 1775/1775/1775
f 1755/1755/1755 1756/1756/1756 1777/1777/1777
f 1755/1755/1755 1777/1777/1777 1776/1776/1776
f 1756/1756/1756 1757/1757/1757 1778/1778/1778
f 1756/1756/1756 1778/1778/1778 1777/1777/1777
f 1757/1757/1757 1758/1758/1758 1779/1779/1779
f 1757/1757/1757 1779/1779/1779 1778/1778/1778
f 1758/1758/1758 1759/1759/1759 1780/1780/1780
f 1758/1758/1758 1780/1780/1780 1779/1779/1779
f 1759/1759/1759 1760/1760/1760 1781/1781/1781
f 1759/1759/1759 1781/1781/1781 1780/1780/1780
f 1760/1760/1760 1761/1761/1761 1782/1782/1782
f 1760/1760/1760 1782/1782/1782 1781/1781/1781
f 1761/1761/1761 1762/1762/1762 1783/1783/1783
f 1761/1761/1761 1783/1783/1783 1782/1782/1782
f 1762/1762/1762 1763/1763/1763 1784/1784/1784
f 1762/1762/1762 1784/1784/1784 1783/1783/1783
f 1763/1763/1763 1764/1764/1764 1785/1785/1785
f 1763/1763/1763 1785/1785/1785 1784/1784/1784
f 1764/1764/1764 1765/1765/1765 1786/1786/1786
f 1764/1764/1764 1786/1786/1786 1785/1785/1785
f 1765/1765/1765 1766/1766/1766 1787/1787/1787
f 1765/1765/1765 1787/1787/1787 1786/1786/1786
f 1766/1766/1766 1767/1767/1767 1788/1788/1788
f 1766/1766/1766 1788/1788/1788 1787/1787/1787
f 1767/1767/1767 1768/1768/1768 1789/1789/1789
f 1767/1767/1767 1789/1789/1789 1788/1788/1788
f 1768/1768/1768 1769/1769/1769 1790/1790/1790
f 1768/1768/1768 1790/1790/1790 1789/1789/1789
f 1770/1770/1770 1771/1771/1771 1792/1792/1792
f 1770/1770/1770 1792/1792/1792 1791/1791/1791
f 1771/1771/1771 1772/1772/1772 1793/1793/1793
f 1771/1771/1771 1793/1793/1793 1792/1792/1792
f 1772/1772/1772 1773/1773/1773 1794/1794/1794
f 1772/1772/1772 1794/1794/1794 1793/1793/1793
f 1773/1773/1773 1774/1774/1774 1795/1795/1795
f 1773/1773/1773 1795/1795/1795 1794/1794/1794
f 1774/1774/1774 1775/1775/1775 1796/1796/1796
f 1774/1774/1774 1796/1796/1796 1795/1795/1795
f 1775/1775/1775 1776/1776/1776 1797/1797/1797
f 1775/1775/1775 1797/1797/1797 1796/1796/1796
f 1776/1776/1776 1777/1777/1777 1798/1798/1798
f 1776/1776/1776 1798/1798/1798 1797/1797/1797
f 1777/1777/1777 1778/1778/1778 1799/1799/1799
f 1777/1777/1777 1799/1799/1799 1798/1798/1798
f 1778/1778/1778 1779/1779/1779 1800/1800/1800
f 1778/1778/1778 1800/1800/1800 1799/1799/1799
f 1779/1779/1779 1780/1780/1780 1801/1801/1801
f 1779/1779/1779 1801/1801/1801 1800/1800/1800
f 1780/1780/1780 1781/1781/1781 1802/1802/1802
f 1780/1780/1780 1802/1802/1802 1801/1801/1801
f 1781/1781/1781 1782/1782/1782 1803/1803/1803
f 1781/1781/1781 1803/1803/1803 1802/1802/1802
f 1782/1782/1782 1783/1783/1783 1804/1804/1804
f 1782/1782/1782 1804/1804/1804 1803/1803/1803
f 1783/1783/1783 1784/1784/1784 1805/1805/1805
f 1783/1783/1783 1805/1805/1805 1804/1804/1804
f 1784/1784/1784 1785/1785/1785 1806/1806/1806
f 1784/1784/1784 1806/1806/1806 1805/1805/1805
f 1785/1785/1785 1786/1786/1786 1807/1807/1807
f 1785/1785/1785 1807/1807/1807 1806/1806/1806
f 1786/1786/1786 1787/1787/1787 1808/1808/1808
f 1786/1786/1786 1808/1808/1808 1807/1807/1807
f 1787/1787/1787 1788/1788/1788 1809/1809/1809
f 1787/1787/1787 1809/1809/1809 1808/1808/1808
f 1788/1788/1788 1789/1789/1789 1810/1810/1810
f 1788/1788/1788 1810/1810/1810 1809/1809/1809
f 1789/1789/1789 1790/1790/1790 1811/1811/1811
f 1789/1789/1789 1811/1811/1811 1810/1810/1810
f 1791/1791/1791 1792/1792/1792 1813/1813/1813
f 1791/1791/1791 1813/1813/1813 1812/1812/1812
f 1792/1792/1792 1793/1793/1793 1814/1814/1814
f 1792/1792/1792 1814/1814/1814 1813/1813/1813
f 1793/1793/1793 1794/1794/1794 1815/1815/1815
f 1793/1793/1793 1815/1815/1815 1814/1814/1814
f 1794/1794/1794 1795/1795/1795 1816/1816/1816
f 1794/1794/1794 1816/1816/1816 1815/1815/1815
f 1795/1795/1795 1796/1796/1796 1817/1817/1817
f 1795/1795/1795 1817/1817/1817 1816/1816/1816
f 1796/1796/1796 1797/1797/1797 1818/1818/1818
f 1796/1796/1796 1818/1818/1818 1817/1817/1817
f 1797/1797/1797 1798/1798/1798 1819/1819/1819
f 1797/1797/1797 1819/1819/1819 1818/1818/1818
f 1798/1798/1798 1799/1799/1799 1820/1820/1820
f 1798/1798/1798 1820/1820/1820 1819/1819/1819
f 1799/1799/1799 1800/1800/1800 1821/1821/1821
f 1799/1799/1799 1821/1821/1821 1820/1820/1820
f 1800/1800/1800 1801/1801/1801 1822/1822/1822
f 1800/1800/1800 1822/1822/1822 1821/1821/1821
f 1801/1801/1801 1802/1802/1802 1823/1823/1823
f 1801/1801/1801 1823/1823/1823 1822/1822/1822
f 1802/1802/1802 1803/1803/1803 1824/1824/1824
f 1802/1802/1802 1824/1824/1824 1823/1823/1823
f 1803/1803/1803 1804/1804/1804 1825/1825/1825
f 1803/1803/1803 1825/1825/1825 1824/1824/1824
f 1804/1804/1804 1805/1805/1805 1826/1826/1826
f 1804/1804/1804 1826/1826/1826 1825/1825/1825
f 1805/1805/1805 1806/1806/1806 1827/1827/1827
f 1805/1805/1805 1827/1827/1827 1826/1826/1826
f 1806/1806/1806 1807/1807/1807 1828/1828/1828
f 1806/1806/1806 1828/1828/1828 1827/1827/1827
f 1807/1807/1807 1808/1808/1808 1829/1829/1829
f 1807/1807/1807 1829/1829/1829 1828/1828/1828
f 1808/1808/1808 1809/1809/1809 1830/1830/1830
f 1808/1808/1808 1830/1830/1830 1829/1829/1829
f 1809/1809/1809 1810/1810/1810 1831/1831/1831
f 1809/1809/1809 1831/1831/1831 1830/1830/1830
f 1810/1810/1810 1811/1811/1811 1832/1832/1832
f 1810/1810/1810 1832/1832/1832 1831/1831/1831
f 1812/1812/1812 1813/1813/1813 1834/1834/1834
f 1812/1812/1812 1834/1834/1834 1833/1833/1833
f 1813/1813/1813 1814/1814/1814 1835/1835/1835
f 1813/1813/1813 1835/1835/1835 1834/1834/1834
f 1814/1814/1814 1815/1815/1815 1836/1836/1836
f 1814/1814/1814 1836/1836/1836 1835/1835/1835
f 1815/1815/1815 1816/1816/1816 1837/1837/1837
f 1815/1815/1815 1837/1837/1837 1836/1836/1836
f 1816/1816/1816 1817/1817/1817 1838/1838/1838
f 1816/1816/1816 1838/1838/1838 1837/1837/1837
f 1817/1817/1817 1818/1818/1818 1839/1839/1839
f 1817/1817/1817 1839/1839/1839 1838/1838/1838
f 1818/1818/1818 1819/1819/1819 1840/1840/1840
f 1818/1818/1818 1840/1840/1840 1839/1839/1839
f 1819/1819/1819 1820/1820/1820 1841/1841/1841
f 1819/1819/1819 1841/1841/1841 1840/1840/1840
f 1820/1820/1820 1821/1821/1821 1842/1842/1842
f 1820/1820/1820 1842/1842/1842 1841/1841/1841
f 1821/1821/1821 1822/1822/1822 1843/1843/1843
f 1821/1821/1821 1843/1843/1843 1842/1842/1842
f 1822/1822/1822 1823/1823/1823 1844/1844/1844
f 1822/1822/1822 1844/1844/1844 1843/1843/1843
f 1823/1823/1823 1824/1824/1824 1845/1845/1845
f 1823/1823/1823 1845/1845/1845 1844/1844/1844
f 1824/1824/1824 1825/1825/1825 1846/1846/1846
f 1824/1824/1824 1846/1846/1846 1845/1845/1845
f 1825/1825/1825 1826/1826/1826 1847/1847/1847
f 1825/1825/1825 1847/1847/1847 1846/1846/1846
f 1826/1826/1826 1827/1827/1827 1848/1848/1848
f 1826/1826/1826 1848/1848/1848 1847/1847/1847
f 1827/1827/1827 1828/1828/1828 1849/1849/1849
f 1827/1827/1827 1849/1849/1849 1848/1848/1848
f 1828/1828/1828 1829/1829/1829 1850/1850/1850
f 1828/1828/1828 1850/1850/1850 1849/1849/1849
f 1829/1829/1829 1830/1830/1830 1851/1851/1851
f 1829/1829/1829 1851/1851/1851 1850/1850/1850
f 1830/1830/1830 1831/1831/1831 1852/1852/1852
f 1830/1830/1830 1852/1852/1852 1851/1851/1851
f 1831/1831/1831 1832/1832/1832 1853/1853/1853
f 1831/1831/1831 1853/1853/1853 1852/1852/1852
f 1833/1833/1833 1834/1834/1834 1855/1855/1855
f 1833/1833/1833 1855/1855/1855 1854/1854/1854
f 1834/1834/1834 1835/1835/1835 1856/1856/1856
f 1834/1834/1834 1856/1856/1856 1855/1855/1855
f 1835/1835/1835 1836/1836/1836 1857/1857/1857
f 1835/1835/1835 1857/1857/1857 1856/1856/1856
f 1836/1836/1836 1837/1837/1837 1858/1858/1858
f 1836/1836/1836 1858/1858/1858 1857/1857/1857
f 1837/1837/1837 1838/1838/1838 1859/1859/1859
f 1837/1837/1837 1859/1859/1859 1858/1858/1858
f 1838/1838/1838 1839/1839/1839 1860/1860/1860
f 1838/1838/1838 1860/1860/1860 1859/1859/1859
f 1839/1839/1839 1840/1840/1840 1861/1861/1861
f 1839/1839/1839 1861/1861/1861 1860/1860/1860
f 1840/1840/1840 1841/1841/1841 1862/1862/1862
f 1840/1840/1840 1862/1862/1862 1861/1861/1861
f 1841/1841/1841 1842/1842/1842 1863/1863/1863
f 1841/1841/1841 1863/1863/1863 1862/1862/1862
f 1842/1842/1842 1843/1843/1843 1864/1864/1864
f 1842/1842/1842 1864/1864/1864 1863/1863/1863
f 1843/1843/1843 1844/1844/1844 1865/1865/1865
f 1843/1843/1843 1865/1865/1865 1864/1864/1864
f 1844/1844/1844 1845/1845/1845 1866/1866/1866
f 1844/1844/1844 1866/1866/1866 1865/1865/1865
f 1845/1845/1845 1846/1846/1846 1867/1867/1867
f 1845/1845/1845 1867/1867/1867 1866/1866/1866
f 1846/1846/1846 1847/1847/1847 1868/1868/1868
f 1846/1846/1846 1868/1868/1868 1867/1867/1867
f 1847/1847/1847 1848/1848/1848 1869/1869/1869
f 1847/1847/1847 1869/1869/1869 1868/1868/1868
f 1848/1848/1848 1849/1849/1849 1870/1870/1870
f 1848/1848/1848 1870/1870/1870 1869/1869/1869
f 1849/1849/1849 1850/1850/1850 1871/1871/1871
f 1849/1849/1849 1871/1871/1871 1870/1870/1870
f 1850/1850/1850 1851/1851/1851 1872/1872/1872
f 1850/1850/1850 1872/1872/1872 1871/1871/1871
f 1851/1851/1851 1852/1852/1852 1873/1873/1873
f 1851/1851/1851 1873/1873/1873 1872/1872/1872
f 1852/1852/1852 1853/1853/1853 1874/1874/1874
f 1852/1852/1852 1874/1874/1874 1873/1873/1873
f 1854/1854/1854 1855/1855/1855 1876/1876/1876
f 1854/1854/1854 1876/1876/1876 1875/1875/1875
f 1855/1855/1855 1856/1856/1856 1877/1877/1877
f 1855/1855/1855 1877/1877/1877 1876/1876/1876
f 1856/1856/1856 1857/1857/1857 1878/1878/1878
f 1856/1856/1856 1878/1878/1878 1877/1877/1877
f 1857/1857/1857 1858/1858/1858 1879/1879/1879
f 1857/1857/1857 1879/1879/1879 1878/1878/1878
f 1858/1858/1858 1859/1859/1859 1880/1880/1880
f 1858/1858/1858 1880/1880/1880 1879/1879/1879
f 1859/1859/1859 1860/1860/1860 1881/1881/1881
f 1859/1859/1859 1881/1881/1881 1880/1880/1880
f 1860/1860/1860 1861/1861/1861 1882/1882/1882
f 1860/1860/1860 1882/1882/1882 1881/1881/1881
f 1861/1861/1861 1862/1862/1862 1883/1883/1883
f 1861/1861/1861 1883/1883/1883 1882/1882/1882
f 1862/1862/1862 1863/1863/1863 1884/1884/1884
f 1862/1862/1862 1884/1884/1884 1883/1883/1883
f 1863/1863/1863 1864/1864/1864 1885/1885/1885
f 1863/1863/1863 1885/1885/1885 1884/1884/1884
f 1864/1864/1864 1865/1865/1865 1886/1886/1886
f 1864/1864/1864 1886/1886/1886 1885/1885/1885
f 1865/1865/1865 1866/1866/1866 1887/1887/1887
f 1865/1865/1865 1887/1887/1887 1886/1886/1886
f 1866/1866/1866 1867/1867/1867 1888/1888/1888
f 1866/1866/1866 1888/1888/1888 1887/1887/1887
f 1867/1867/1867 1868/1868/1868 1889/1889/1889
f 1867/1867/1867 1889/1889/1889 1888/1888/1888
f 1868/1868/1868 1869/1869/1869 1890/1890/1890
f 1868/1868/1868 1890/1890/1890 1889/1889/1889
f 1869/1869/1869 1870/1870/1870 1891/1891/1891
f 1869/1869/1869 1891/1891/1891 1890/1890/1890
f 1870/1870/1870 1871/1871/1871 1892/1892/1892
f 1870/1870/1870 1892/1892/1892 1891/1891/1891
f 1871/1871/1871 1872/1872/1872 1893/1893/1893
f 1871/1871/1871 1893/1893/1893 1892/1892/1892
f 1872/1872/1872 1873/1873/1873 1894/1894/1894
f 1872/1872/1872 1894/1894/1894 1893/1893/1893
f 1873/1873/1873 1874/1874/1874 1895/1895/1895
f 1873/1873/1873 1895/1895/1895 1894/1894/1894
f 1875/1875/1875 1876/1876/1876 1897/1897/1897
f 1875/1875/1875 1897/1897/1897 1896/1896/1896
f 1876/1876/1876 1877/1877/1877 1898/1898/1898
f 1876/1876/1876 1898/1898/1898 1897/1897/1897
f 1877/1877/1877 1878/1878/1878 1899/1899/1899
f 1877/1877/1877 1899/1899/1899 1898/1898/1898
f 1878/1878/1878 1879/1879/1879 1900/1900/1900
f 1878/1878/1878 1900/1900/1900 1899/1899/1899
f 1879/1879/1879 1880/1880/1880 1901/1901/1901
f 1879/1879/1879 1901/1901/1901 1900/1900/1900
f 1880/1880/1880 1881/1881/1881 1902/1902/1902
f 1880/1880/1880 1902/1902/1902 1901/1901/1901
f 1881/1881/1881 1882/1882/1882 1903/1903/1903
f 1881/1881/1881 1903/1903/1903 1902/1902/1902
f 1882/1882/1882 1883/1883/1883 1904/1904/1904
f 1882/1882/1882 1904/1904/1904 1903/1903/1903
f 1883/1883/1883 1884/1884/1884 1905/1905/1905
f 1883/1883/1883 1905/1905/1905 1904/1904/1904
f 1884/1884/1884 1885/1885/1885 1906/1906/1906
f 1884/1884/1884 1906/1906/1906 1905/1905/1905
f 1885/1885/1885 1886/1886/1886 1907/1907/1907
f 1885/1885/1885 1907/1907/1907 1906/1906/1906
f 1886/1886/1886 1887/1887/1887 1908/1908/1908
f 1886/1886/1886 1908/1908/1908 1907/1907/1907
f 1887/1887/1887 1888/1888/1888 1909/1909/1909
f 1887/1887/1887 1909/1909/1909 1908/1908/1908
f 1888/1888/1888 1889/1889/1889 1910/1910/1910
f 1888/1888/1888 1910/1910/1910 1909/1909/1909
f 1889/1889/1889 1890/1890/1890 1911/1911/1911
f 1889/1889/1889 1911/1911/1911 1910/1910/1910
f 1890/1890/1890 1891/1891/1891 1912/1912/1912
f 1890/1890/1890 1912/1912/1912 1911/1911/1911
f 1891/1891/1891 1892/1892/1892 1913/1913/1913
f 1891/1891/1891 1913/1913/1913 1912/1912/1912
f 1892/1892/1892 1893/1893/1893 1914/1914/1914
f 1892/1892/1892 1914/1914/1914 1913/1913/1913
f 1893/1893/1893 1894/1894/1894 1915/1915/1915
f 1893/1893/1893 1915/1915/1915 1914/1914/1914
f 1894/1894/1894 1895/1895/1895 1916/1916/1916
f 1894/1894/1894 1916/1916/1916 1915/1915/1915
f 1896/1896/1896 1897/1897/1897 1918/1918/1918
f 1896/1896/1896 1918/1918/1918 1917/1917/1917
f 1897/1897/1897 1898/1898/1898 1919/1919/1919
f 1897/1897/1897 1919/1919/1919 1918/1918/1918
f 1898/1898/1898 1899/1899/1899 1920/1920/1920
f 1898/1898/1898 1920/1920/1920 1919/1919/1919
f 1899/1899/1899 1900/1900/1900 1921/1921/1921
f 1899/1899/1899 1921/1921/1921 1920/1920/1920
f 1900/1900/1900 1901/1901/1901 1922/1922/1922
f 1900/1900/1900 1922/1922/1922 1921/1921/1921
f 1901/1901/1901 1902/1902/1902 1923/1923/1923
f 1901/1901/1901 1923/1923/1923 1922/1922/1922
f 1902/1902/1902 1903/1903/1903 1924/1924/1924
f 1902/1902/1902 1924/1924/1924 1923/1923/1923
f 1903/1903/1903 1904/1904/1904 1925/1925/1925
f 1903/1903/1903 1925/1925/1925 1924/1924/1924
f 1904/1904/1904 1905/1905/1905 1926/1926/1926
f 1904/1904/1904 1926/1926/1926 1925/1925/1925
f 1905/1905/1905 1906/1906/1906 1927/1927/1927
f 1905/1905/1905 1927/1927/1927 1926/1926/1926
f 1906/1906/1906 1907/1907/1907 1928/1928/1928
f 1906/1906/1906 1928/1928/1928 1927/1927/1927
f 1907/1907/1907 1908/1908/1908 1929/1929/1929
f 1907/1907/1907 1929/1929/1929 1928/1928/1928
f 1908/1908/1908 1909/1909/1909 1930/1930/1930
f 1908/1908/1908 1930/1930/1930 1929/1929/1929
f 1909/1909/1909 1910/1910/1910 1931/1931/1931
f 1909/1909/1909 1931/1931/1931 1930/1930/1930
f 1910/1910/1910 1911/1911/1911 1932/1932/1932
f 1910/1910/1910 1932/1932/1932 1931/1931/1931
f 1911/1911/1911 1912/1912/1912 1933/1933/1933
f 1911/1911/1911 1933/1933/1933 1932/1932/1932
f 1912/1912/1912 1913/1913/1913 1934/1934/1934
f 1912/1912/1912 1934/1934/1934 1933/1933/1933
f 1913/1913/1913 1914/1914/1914 1935/1935/1935
f 1913/1913/1913 1935/1935/1935 1934/1934/1934
f 1914/1914/1914 1915/1915/1915 1936/1936/1936
f 1914/1914/1914 1936/1936/1936 1935/1935/1935
f 1915/1915/1915 1916/1916/1916 1937/1937/1937
f 1915/1915/1915 1937/1937/1937 1936/1936/1936
f 1917/1917/1917 1918/1918/1918 1939/1939/1939
f 1917/1917/1917 1939/1939/1939 1938/1938/1938
f 1918/1918/1918 1919/1919/1919 1940/1940/1940
f 1918/1918/1918 1940/1940/1940 1939/1939/1939
f 1919/1919/1919 1920/1920/1920 1941/1941/1941
f 1919/1919/1919 1941/1941/1941 1940/1940/1940
f 1920/1920/1920 1921/1921/1921 1942/1942/1942
f 1920/1920/1920 1942/1942/1942 1941/1941/1941
f 1921/1921/1921 1922/1922/1922 1943/1943/1943
f 1921/1921/1921 1943/1943/1943 1942/1942/1942
f 1922/1922/1922 1923/1923/1923 1944/1944/1944
f 1922/1922/1922 1944/1944/1944 1943/1943/1943
f 1923/1923/1923 1924/1924/1924 1945/1945/1945
f 1923/1923/1923 1945/1945/1945 1944/1944/1944
f 1924/1924/1924 1925/1925/1925 1946/1946/1946
f 1924/1924/1924 1946/1946/1946 1945/1945/1945
f 1925/1925/1925 1926/1926/1926 1947/1947/1947
f 1925/1925/1925 1947/1947/1947 1946/1946/1946
f 1926/1926/1926 1927/1927/1927 1948/1948/1948
f 1926/1926/1926 1948/1948/1948 1947/1947/1947
f 1927/1927/1927 1928/1928/1928 1949/1949/1949
f 1927/1927/1927 1949/1949/1949 1948/1948/1948
f 1928/1928/1928 1929/1929/1929 1950/1950/1950
f 1928/1928/1928 1950/1950/1950 1949/1949/1949
f 1929/1929/1929 1930/1930/1930 1951/1951/1951
f 1929/1929/1929 1951/1951/1951 1950/1950/1950
f 1930/1930/1930 1931/1931/1931 1952/1952/1952
f 1930/1930/1930 1952/1952/1952 1951/1951/1951
f 1931/1931/1931 1932/1932/1932 1953/1953/1953
f 1931/1931/1931 1953/1953/1953 1952/1952/1952
f 1932/1932/1932 1933/1933/1933 1954/1954/1954
f 1932/1932/1932 1954/1954/1954 1953/1953/1953
f 1933/1933/1933 1934/1934/1934 1955/1955/1955
f 1933/1933/1933 1955/1955/1955 1954/1954/1954
f 1934/1934/1934 1935/1935/1935 1956/1956/1956
f 1934/1934/1934 1956/1956/1956 1955/1955/1955
f 1935/1935/1935 1936/1936/1936 1957/1957/1957
f 1935/1935/1935 1957/1957/1957 1956/1956/1956
f 1936/1936/1936 1937/1937/1937 1958/1958/1958
f 1936/1936/1936 1958/1958/1958 1957/1957/1957
f 1938/1938/1938 1939/1939/1939 1960/1960/1960
f 1938/1938/1938 1960/1960/1960 1959/1959/1959
f 1939/1939/1939 1940/1940/1940 1961/1961/1961
f 1939/1939/1939 1961/1961/1961 1960/1960/1960
f 1940/1940/1940 1941/1941/1941 1962/1962/1962
f 1940/1940/1940 1962/1962/1962 1961/1961/1961
f 1941/1941/1941 1942/1942/1942 1963/1963/1963
f 1941/1941/1941 1963/1963/1963 1962/1962/1962
f 1942/1942/1942 1943/1943/1943 1964/1964/1964
f 1942/1942/1942 1964/1964/1964 1963/1963/1963
f 1943/1943/1943 1944/1944/1944 1965/1965/1965
f 1943/1943/1943 1965/1965/1965 1964/1964/1964
f 1944/1944/1944 1945/1945/1945 1966/1966/1966
f 1944/1944/1944 1966/1966/1966 1965/1965/1965
f 1945/1945/1945 1946/1946/1946 1967/1967/1967
f 1945/1945/1945 1967/1967/1967 1966/1966/1966
f 1946/1946/1946 1947/1947/1947 1968/1968/1968
f 1946/1946/1946 1968/1968/1968 1967/1967/1967
f 1947/1947/1947 1948/1948/1948 1969/1969/1969
f 1947/1947/1947 1969/1969/1969 1968/1968/1968
f 1948/1948/1948 1949/1949/1949 1970/1970/1970
f 1948/1948/1948 1970/1970/1970 1969/1969/1969
f 1949/1949/1949 1950/1950/1950 1971/1971/1971
f 1949/1949/1949 1971/1971/1971 1970/1970/1970
f 1950/1950/1950 1951/1951/1951 1972/1972/1972
f 1950/1950/1950 1972/1972/1972 1971/1971/1971
f 1951/1951/1951 1952/1952/1952 1973/1973/1973
f 1951/1951/1951 1973/1973/1973 1972/1972/1972
f 1952/1952/1952 1953/1953/1953 1974/1974/1974
f 1952/1952/1952 1974/1974/1974 1973/1973/1973
f 1953/1953/1953 1954/1954/1954 1975/1975/1975
f 1953/1953/1953 1975/1975/1975 1974/1974/1974
f 1954/1954/1954 1955/1955/1955 1976/1976/1976
f 1954/1954/1954 1976/1976/1976 1975/1975/1975
f 1955/1955/1955 1956/1956/1956 1977/1977/1977
f 1955/1955/1955 1977/1977/1977 1976/1976/1976
f 1956/1956/1956 1957/1957/1957 1978/1978/1978
f 1956/1956/1956 1978/1978/1978 1977/1977/1977
f 1957/1957/1957 1958/1958/1958 1979/1979/1979
f 1957/1957/1957 1979/1979/1979 1978/1978/1978
f 1959/1959/1959 1960/1960/1960 1980/1980/1980
f 1960/1960/1960 1961/1961/1961 1980/1980/1980
f 1961/1961/1961 1962/1962/1962 1980/1980/1980
f 1962/1962/1962 1963/1963/1963 1980/1980/1980
f 1963/1963/1963 1964/1964/1964 1980/1980/1980
f 1964/1964/1964 1965/1965/1965 1980/1980/1980
f 1965/1965/1965 1966/1966/1966 1980/1980/1980
f 1966/1966/1966 1967/1967/1967 1980/1980/1980
f 1967/1967/1967 1968/1968/1968 1980/1980/1980
f 1968/1968/1968 1969/1969/1969 1980/1980/1980
f 1969/1969/1969 1970/1970/1970 1980/1980/1980
f 1970/1970/1970 1971/1971/1971 1980/1980/1980
f 1971/1971/1971 1972/1972/1972 1980/1980/1980
f 1972/1972/1972 1973/1973/1973 1980/1980/1980
f 1973/1973/1973 1974/1974/1974 1980/1980/1980
f 1974/1974/1974 1975/1975/1975 1980/1980/1980
f 1975/1975/1975 1976/1976/1976 1980/1980/1980
f 1976/1976/1976 1977/1977/1977 1980/1980/1980
f 1977/1977/1977 1978/1978/1978 1980/1980/1980
f 1978/1978/1978 1979/1979/1979 1980/1980/1980
o Shoulder_-1
v 0.011983 33.623188 8.627035
v 1.921887 33.709115 8.627035
v 1.828409 33.709115 8.331327
v 1.557127 33.709115 8.064565
v 1.134596 33.709115 7.852861
v 0.602176 33.709115 7.716939
v 0.011983 33.709115 7.670103
v -0.578210 33.709115 7.716939
v -1.110630 33.709115 7.852861
v -1.533162 33.709115 8.064565
v -1.804444 33.709115 8.331327
v -1.897921 33.709115 8.627035
v -1.804444 33.709115 8.922743
v -1.533162 33.709115 9.189506
v -1.110630 33.709115 9.401209
v -0.578210 33.709115 9.537131
v 0.011983 33.709115 9.583967
v 0.602176 33.709115 9.537131
v 1.134596 33.709115 9.401209
v 1.557127 33.709115 9.189506
v 1.828409 33.709115 8.922743
v 1.921887 33.709115 8.627035
v 3.701633 33.961037 8.627035
v 3.521049 33.961037 8.055771
v 2.996973 33.961037 7.540426
v 2.180705 33.961037 7.131446
v 1.152148 33.961037 6.868864
v 0.011983 33.961037 6.778385
v -1.128182 33.961037 6.868864
v -2.156739 33.961037 7.131446
v -2.973007 33.961037 7.540426
v -3.497083 33.961037 8.055771
v -3.677668 33.961037 8.627035
v -3.497083 33.961037 9.198299
v -2.973007 33.961037 9.713645
v -2.156739 33.961037 10.122625
v -1.128182 33.961037 10.385206
v 0.011983 33.961037 10.475685
v 1.152148 33.961037 10.385206
v 2.180705 33.961037 10.122625
v 2.996973 33.961037 9.713645
v 3.521049 33.961037 9.198299
v 3.701633 33.961037 8.627035
v 5.229937 34.361789 8.627035
v 4.974552 34.361789 7.819145
v 4.233396 34.361789 7.090337
v 3.079019 34.361789 6.511952
v 1.624419 34.361789 6.140606
v 0.011983 34.361789 6.012649
v -1.600454 34.361789 6.140606
v -3.055054 34.361789 6.511952
v -4.209431 34.361789 7.090337
v -4.950586 34.361789 7.819145
v -5.205971 34.361789 8.627035
v -4.950586 34.361789 9.434925
v -4.209431 34.361789 10.163733
v -3.055054 34.361789 10.742118
v -1.600454 34.361789 11.113464
v 0.011983 34.361789 11.241422
v 1.624419 34.361789 11.113464
v 3.079019 34.361789 10.742118
v 4.233396 34.361789 10.163733
v 4.974552 34.361789 9.434925
v 5.229937 34.361789 8.627035
v 6.402645 34.884058 8.627035
v 6.089864 34.884058 7.637576
v 5.182137 34.884058 6.744972
v 3.768320 34.884058 6.036598
v 1.986806 34.884058 5.581794
v 0.011983 34.884058 5.425079
v -1.962840 34.884058 5.581794
v -3.744354 34.884058 6.036598
v -5.158172 34.884058 6.744972
v -6.065898 34.884058 7.637576
v -6.378679 34.884058 8.627035
v -6.065898 34.884058 9.616494
v -5.158172 34.884058 10.509098
v -3.744354 34.884058 11.217472
v -1.962840 34.884058 11.672277
v 0.011983 34.884058 11.828991
v 1.986806 34.884058 11.672277
v 3.768320 34.884058 11.217472
v 5.182137 34.884058 10.509098
v 6.089864 34.884058 9.616494
v 6.402645 34.884058 8.627035
v 7.139840 35.492253 8.627035
v 6.790978 35.492253 7.523437
v 5.778541 35.492253 6.527867
v 4.201632 35.492253 5.737778
v 2.214612 35.492253 5.230510
v 0.011983 35.492253 5.055717
v -2.190646 35.492253 5.230510
v -4.177667 35.492253 5.737778
v -5.754575 35.492253 6.527867
v -6.767013 35.492253 7.523437
v -7.115875 35.492253 8.627035
v -6.767013 35.492253 9.730633
v -5.754575 35.492253 10.726203
v -4.177667 35.492253 11.516292
v -2.190646 35.492253 12.023561
v 0.011983 35.492253 12.198353
v 2.214612 35.492253 12.023561
v 4.201632 35.492253 11.516292
v 5.778541 35.492253 10.726203
v 6.790978 35.492253 9.730633
v 7.139840 35.492253 8.627035
v 7.391284 36.144928 8.627035
v 7.030115 36.144928 7.484506
v 5.981963 36.144928 6.453816
v 4.349427 36.144928 5.635856
v 2.292312 36.144928 5.110693
v 0.011983 36.144928 4.929734
v -2.268347 36.144928 5.110693
v -4.325462 36.144928 5.635856
v -5.957997 36.144928 6.453816
v -7.006150 36.144928 7.484506
v -7.367318 36.144928 8.627035
v -7.006150 36.144928 9.769564
v -5.957997 36.144928 10.800254
v -4.325462 36.144928 11.618214
v -2.268347 36.144928 12.143377
v 0.011983 36.144928 12.324336
v 2.292312 36.144928 12.143377
v 4.349427 36.144928 11.618214
v 5.981963 36.144928 10.800254
v 7.030115 36.144928 9.769564
v 7.391284 36.144928 8.627035
v 7.139840 36.797602 8.627035
v 6.790978 36.797602 7.523437
v 5.778541 36.797602 6.527867
v 4.201632 36.797602 5.737778
v 2.214612 36.797602 5.230510
v 0.011983 36.797602 5.055717
v -2.190646 36.797602 5.230510
v -4.177667 36.797602 5.737778
v -5.754575 36.797602 6.527867
v -6.767013 36.797602 7.523437
v -7.115875 36.797602 8.627035
v -6.767013 36.797602 9.730633
v -5.754575 36.797602 10.726203
v -4.177667 36.797602 11.516292
v -2.190646 36.797602 12.023561
v 0.011983 36.797602 12.198353
v 2.214612 36.797602 12.023561
v 4.201632 36.797602 11.516292
v 5.778541 36.797602 10.726203
v 6.790978 36.797602 9.730633
v 7.139840 36.797602 8.627035
v 6.402645 37.405797 8.627035
v 6.089864 37.405797 7.637576
v 5.182137 37.405797 6.744972
v 3.768320 37.405797 6.036598
v 1.986806 37.405797 5.581794
v 0.011983 37.405797 5.425079
v -1.962840 37.405797 5.581794
v -3.744354 37.405797 6.036598
v -5.158172 37.405797 6.744972
v -6.065898 37.405797 7.637576
v -6.378679 37.405797 8.627035
v -6.065898 37.405797 9.616494
v -5.158172 37.405797 10.509098
v -3.744354 37.405797 11.217472
v -1.962840 37.405797 11.672277
v 0.011983 37.405797 11.828991
v 1.986806 37.405797 11.672277
v 3.768320 37.405797 11.217472
v 5.182137 37.405797 10.509098
v 6.089864 37.405797 9.616494
v 6.402645 37.405797 8.627035
v 5.229937 37.928066 8.627035
v 4.974552 37.928066 7.819145
v 4.233396 37.928066 7.090337
v 3.079019 37.928066 6.511952
v 1.624419 37.928066 6.140606
v 0.011983 37.928066 6.012649
v -1.600454 37.928066 6.140606
v -3.055054 37.928066 6.511952
v -4.209431 37.928066 7.090337
v -4.950586 37.928066 7.819145
v -5.205971 37.928066 8.627035
v -4.950586 37.928066 9.434925
v -4.209431 37.928066 10.163733
v -3.055054 37.928066 10.742118
v -1.600454 37.928066 11.113464
v 0.011983 37.928066 11.241422
v 1.624419 37.928066 11.113464
v 3.079019 37.928066 10.742118
v 4.233396 37.928066 10.163733
v 4.974552 37.928066 9.434925
v 5.229937 37.928066 8.627035
v 3.701633 38.328818 8.627035
v 3.521049 38.328818 8.055771
v 2.996973 38.328818 7.540426
v 2.180705 38.328818 7.131446
v 1.152148 38.328818 6.868864
v 0.011983 38.328818 6.778385
v -1.128182 38.328818 6.868864
v -2.156739 38.328818 7.131446
v -2.973007 38.328818 7.540426
v -3.497083 38.328818 8.055771
v -3.677668 38.328818 8.627035
v -3.497083 38.328818 9.198299
v -2.973007 38.328818 9.713645
v -2.156739 38.328818 10.122625
v -1.128182 38.328818 10.385206
v 0.011983 38.328818 10.475685
v 1.152148 38.328818 10.385206
v 2.180705 38.328818 10.122625
v 2.996973 38.328818 9.713645
v 3.521049 38.328818 9.198299
v 3.701633 38.328818 8.627035
v 1.921887 38.580740 8.627035
v 1.828409 38.580740 8.331327
v 1.557127 38.580740 8.064565
v 1.134596 38.580740 7.852861
v 0.602176 38.580740 7.716939
v 0.011983 38.580740 7.670103
v -0.578210 38.580740 7.716939
v -1.110630 38.580740 7.852861
v -1.533162 38.580740 8.064565
v -1.804444 38.580740 8.331327
v -1.897921 38.580740 8.627035
v -1.804444 38.580740 8.922743
v -1.533162 38.580740 9.189506
v -1.110630 38.580740 9.401209
v -0.578210 38.580740 9.537131
v 0.011983 38.580740 9.583967
v 0.602176 38.580740 9.537131
v 1.134596 38.580740 9.401209
v 1.557127 38.580740 9.189506
v 1.828409 38.580740 8.922743
v 1.921887 38.580740 8.627035
v 0.011983 38.666667 8.627035
vt 0.5000000 0.6996875
vt 0.0865625 0.8056375
vt 0.1279062 0.8056375
vt 0.1692500 0.8056375
vt 0.2105938 0.8056375
vt 0.2519375 0.8056375
vt 0.2932813 0.8056375
vt 0.3346250 0.8056375
vt 0.3759688 0.8056375
vt 0.4173125 0.8056375
vt 0.4586563 0.8056375
vt 0.5000000 0.8056375
vt 0.5413438 0.8056375
vt 0.5826875 0.8056375
vt 0.6240313 0.8056375
vt 0.6653750 0.8056375
vt 0.7067187 0.8056375
vt 0.7480625 0.8056375
vt 0.7894062 0.8056375
vt 0.8307500 0.8056375
vt 0.8720937 0.8056375
vt 0.9134375 0.8056375
vt 0.0865625 0.7946797
vt 0.1279062 0.7946797
vt 0.1692500 0.7946797
vt 0.2105938 0.7946797
vt 0.2519375 0.7946797
vt 0.2932813 0.7946797
vt 0.3346250 0.7946797
vt 0.3759688 0.7946797
vt 0.4173125 0.7946797
vt 0.4586563 0.7946797
vt 0.5000000 0.7946797
vt 0.5413438 0.7946797
vt 0.5826875 0.7946797
vt 0.6240313 0.7946797
vt 0.6653750 0.7946797
vt 0.7067187 0.7946797
vt 0.7480625 0.7946797
vt 0.7894062 0.7946797
vt 0.8307500 0.7946797
vt 0.8720937 0.7946797
vt 0.9134375 0.7946797
vt 0.0865625 0.7772483
vt 0.1279062 0.7772483
vt 0.1692500 0.7772483
vt 0.2105938 0.7772483
vt 0.2519375 0.7772483
vt 0.2932813 0.7772483
vt 0.3346250 0.7772483
vt 0.3759688 0.7772483
vt 0.4173125 0.7772483
vt 0.4586563 0.7772483
vt 0.5000000 0.7772483
vt 0.5413438 0.7772483
vt 0.5826875 0.7772483
vt 0.6240313 0.7772483
vt 0.6653750 0.7772483
vt 0.7067187 0.7772483
vt 0.7480625 0.7772483
vt 0.7894062 0.7772483
vt 0.8307500 0.7772483
vt 0.8720937 0.7772483
vt 0.9134375 0.7772483
vt 0.0865625 0.7545312
vt 0.1279062 0.7545312
vt 0.1692500 0.7545312
vt 0.2105938 0.7545312
vt 0.2519375 0.7545312
vt 0.2932813 0.7545312
vt 0.3346250 0.7545312
vt 0.3759688 0.7545312
vt 0.4173125 0.7545312
vt 0.4586563 0.7545312
vt 0.5000000 0.7545312
vt 0.5413438 0.7545312
vt 0.5826875 0.7545312
vt 0.6240313 0.7545312
vt 0.6653750 0.7545312
vt 0.7067187 0.7545312
vt 0.7480625 0.7545312
vt 0.7894062 0.7545312
vt 0.8307500 0.7545312
vt 0.8720937 0.7545312
vt 0.9134375 0.7545312
vt 0.0865625 0.7280767
vt 0.1279062 0.7280767
vt 0.1692500 0.7280767
vt 0.2105938 0.7280767
vt 0.2519375 0.7280767
vt 0.2932813 0.7280767
vt 0.3346250 0.7280767
vt 0.3759688 0.7280767
vt 0.4173125 0.7280767
vt 0.4586563 0.7280767
vt 0.5000000 0.7280767
vt 0.5413438 0.7280767
vt 0.5826875 0.7280767
vt 0.6240313 0.7280767
vt 0.6653750 0.7280767
vt 0.7067187 0.7280767
vt 0.7480625 0.7280767
vt 0.7894062 0.7280767
vt 0.8307500 0.7280767
vt 0.8720937 0.7280767
vt 0.9134375 0.7280767
vt 0.0865625 0.6996875
vt 0.1279062 0.6996875
vt 0.1692500 0.6996875
vt 0.2105938 0.6996875
vt 0.2519375 0.6996875
vt 0.2932813 0.6996875
vt 0.3346250 0.6996875
vt 0.3759688 0.6996875
vt 0.4173125 0.6996875
vt 0.4586563 0.6996875
vt 0.5000000 0.6996875
vt 0.5413438 0.6996875
vt 0.5826875 0.6996875
vt 0.6240313 0.6996875
vt 0.6653750 0.6996875
vt 0.7067187 0.6996875
vt 0.7480625 0.6996875
vt 0.7894062 0.6996875
vt 0.8307500 0.6996875
vt 0.8720937 0.6996875
vt 0.9134375 0.6996875
vt 0.0865625 0.6712983
vt 0.1279062 0.6712983
vt 0.1692500 0.6712983
vt 0.2105938 0.6712983
vt 0.2519375 0.6712983
vt 0.2932813 0.6712983
vt 0.3346250 0.6712983
vt 0.3759688 0.6712983
vt 0.4173125 0.6712983
vt 0.4586563 0.6712983
vt 0.5000000 0.6712983
vt 0.5413438 0.6712983
vt 0.5826875 0.6712983
vt 0.6240313 0.6712983
vt 0.6653750 0.6712983
vt 0.7067187 0.6712983
vt 0.7480625 0.6712983
vt 0.7894062 0.6712983
vt 0.8307500 0.6712983
vt 0.8720937 0.6712983
vt 0.9134375 0.6712983
vt 0.0865625 0.6448438
vt 0.1279062 0.6448438
vt 0.1692500 0.6448438
vt 0.2105938 0.6448438
vt 0.2519375 0.6448438
vt 0.2932813 0.6448438
vt 0.3346250 0.6448438
vt 0.3759688 0.6448438
vt 0.4173125 0.6448438
vt 0.4586563 0.6448438
vt 0.5000000 0.6448438
vt 0.5413438 0.6448438
vt 0.5826875 0.6448438
vt 0.6240313 0.6448438
vt 0.6653750 0.6448438
vt 0.7067187 0.6448438
vt 0.7480625 0.6448438
vt 0.7894062 0.6448438
vt 0.8307500 0.6448438
vt 0.8720937 0.6448438
vt 0.9134375 0.6448438
vt 0.0865625 0.6221267
vt 0.1279062 0.6221267
vt 0.1692500 0.6221267
vt 0.2105938 0.6221267
vt 0.2519375 0.6221267
vt 0.2932813 0.6221267
vt 0.3346250 0.6221267
vt 0.3759688 0.6221267
vt 0.4173125 0.6221267
vt 0.4586563 0.6221267
vt 0.5000000 0.6221267
vt 0.5413438 0.6221267
vt 0.5826875 0.6221267
vt 0.6240313 0.6221267
vt 0.6653750 0.6221267
vt 0.7067187 0.6221267
vt 0.7480625 0.6221267
vt 0.7894062 0.6221267
vt 0.8307500 0.6221267
vt 0.8720937 0.6221267
vt 0.9134375 0.6221267
vt 0.0865625 0.6046953
vt 0.1279062 0.6046953
vt 0.1692500 0.6046953
vt 0.2105938 0.6046953
vt 0.2519375 0.6046953
vt 0.2932813 0.6046953
vt 0.3346250 0.6046953
vt 0.3759688 0.6046953
vt 0.4173125 0.6046953
vt 0.4586563 0.6046953
vt 0.5000000 0.6046953
vt 0.5413438 0.6046953
vt 0.5826875 0.6046953
vt 0.6240313 0.6046953
vt 0.6653750 0.6046953
vt 0.7067187 0.6046953
vt 0.7480625 0.6046953
vt 0.7894062 0.6046953
vt 0.8307500 0.6046953
vt 0.8720937 0.6046953
vt 0.9134375 0.6046953
vt 0.0865625 0.5937375
vt 0.1279062 0.5937375
vt 0.1692500 0.5937375
vt 0.2105938 0.5937375
vt 0.2519375 0.5937375
vt 0.2932813 0.5937375
vt 0.3346250 0.5937375
vt 0.3759688 0.5937375
vt 0.4173125 0.5937375
vt 0.4586563 0.5937375
vt 0.5000000 0.5937375
vt 0.5413438 0.5937375
vt 0.5826875 0.5937375
vt 0.6240313 0.5937375
vt 0.6653750 0.5937375
vt 0.7067187 0.5937375
vt 0.7480625 0.5937375
vt 0.7894062 0.5937375
vt 0.8307500 0.5937375
vt 0.8720937 0.5937375
vt 0.9134375 0.5937375
vt 0.5000000 0.6996875
vn 0.0000000 -1.0000000 -0.0000000
vn 0.1068275 -0.9941770 -0.0141391
vn 0.0991837 -0.9919160 -0.0791530
vn 0.0816971 -0.9873588 -0.1358242
vn 0.0563785 -0.9822974 -0.1786431
vn 0.0258636 -0.9786477 -0.2039110
vn -0.0069671 -0.9777434 -0.2096885
vn -0.0391785 -0.9799087 -0.1955607
vn -0.0678464 -0.9843631 -0.1625614
vn -0.0901591 -0.9894567 -0.1133439
vn -0.1036891 -0.9932290 -0.0523893
vn -0.1068275 -0.9941770 0.0141391
vn -0.0991837 -0.9919160 0.0791530
vn -0.0816971 -0.9873588 0.1358242
vn -0.0563785 -0.9822974 0.1786431
vn -0.0258636 -0.9786477 0.2039110
vn 0.0069671 -0.9777434 0.2096885
vn 0.0391785 -0.9799087 0.1955607
vn 0.0678464 -0.9843631 0.1625614
vn 0.0901591 -0.9894567 0.1133439
vn 0.1036891 -0.9932290 0.0523893
vn 0.1068275 -0.9941770 -0.0141391
vn 0.2021861 -0.9792481 -0.0139267
vn 0.1888071 -0.9724134 -0.1369817
vn 0.1559179 -0.9574327 -0.2429242
vn 0.1087360 -0.9406576 -0.3214650
vn 0.0529402 -0.9283503 -0.3679173
vn -0.0065881 -0.9245530 -0.3809965
vn -0.0656691 -0.9304214 -0.3605601
vn -0.1200256 -0.9441516 -0.3068739
vn -0.1645691 -0.9611178 -0.2217424
vn -0.1935624 -0.9747945 -0.1109473
vn -0.2021861 -0.9792481 0.0139267
vn -0.1888071 -0.9724134 0.1369817
vn -0.1559179 -0.9574327 0.2429242
vn -0.1087360 -0.9406576 0.3214650
vn -0.0529402 -0.9283503 0.3679173
vn 0.0065881 -0.9245530 0.3809965
vn 0.0656691 -0.9304214 0.3605601
vn 0.1200256 -0.9441516 0.3068739
vn 0.1645691 -0.9611178 0.2217424
vn 0.1935624 -0.9747945 0.1109473
vn 0.2021861 -0.9792481 -0.0139267
vn 0.3300471 -0.9438690 -0.0134236
vn 0.3065103 -0.9278113 -0.2126446
vn 0.2487316 -0.8924567 -0.3763690
vn 0.1707858 -0.8549173 -0.4898456
vn 0.0839145 -0.8285520 -0.5535882
vn -0.0058432 -0.8200252 -0.5722975
vn -0.0954313 -0.8310486 -0.5479517
vn -0.1815834 -0.8593694 -0.4780289
vn -0.2576625 -0.8975251 -0.3578531
vn -0.3117712 -0.9313209 -0.1882552
vn -0.3300471 -0.9438690 0.0134236
vn -0.3065103 -0.9278113 0.2126446
vn -0.2487316 -0.8924567 0.3763690
vn -0.1707858 -0.8549173 0.4898456
vn -0.0839145 -0.8285520 0.5535882
vn 0.0058432 -0.8200252 0.5722975
vn 0.0954313 -0.8310486 0.5479517
vn 0.1815834 -0.8593694 0.4780289
vn 0.2576625 -0.8975251 0.3578531
vn 0.3117712 -0.9313209 0.1882552
vn 0.3300471 -0.9438690 -0.0134236
vn 0.5151306 -0.8570251 -0.0121885
vn 0.4693680 -0.8242509 -0.3167083
vn 0.3648418 -0.7567981 -0.5423532
vn 0.2410286 -0.6935391 -0.6789026
vn 0.1168970 -0.6531894 -0.7481168
vn -0.0045625 -0.6402882 -0.7681212
vn -0.1261551 -0.6552927 -0.7447660
vn -0.2504934 -0.6976290 -0.6712427
vn -0.3737922 -0.7621214 -0.5286306
vn -0.4754302 -0.8284893 -0.2959249
vn -0.5151306 -0.8570251 0.0121885
vn -0.4693680 -0.8242509 0.3167083
vn -0.3648418 -0.7567981 0.5423532
vn -0.2410286 -0.6935391 0.6789026
vn -0.1168970 -0.6531894 0.7481168
vn 0.0045625 -0.6402882 0.7681212
vn 0.1261551 -0.6552927 0.7447660
vn 0.2504934 -0.6976290 0.6712427
vn 0.3737922 -0.7621214 0.5286306
vn 0.4754302 -0.8284893 0.2959249
vn 0.5151306 -0.8570251 -0.0121885
vn 0.7905971 -0.6122748 -0.0087077
vn 0.6897395 -0.5626643 -0.4557064
vn 0.4953307 -0.4760730 -0.7266374
vn 0.3088044 -0.4099843 -0.8582265
vn 0.1463533 -0.3731219 -0.9161664
vn -0.0025777 -0.3617461 -0.9322731
vn -0.1517518 -0.3739629 -0.9149444
vn -0.3149163 -0.4117953 -0.8551329
vn -0.5022997 -0.4789152 -0.7199550
vn -0.6957808 -0.5655607 -0.4427529
vn -0.7905971 -0.6122748 0.0087077
vn -0.6897395 -0.5626643 0.4557064
vn -0.4953307 -0.4760730 0.7266374
vn -0.3088044 -0.4099843 0.8582265
vn -0.1463533 -0.3731219 0.9161664
vn 0.0025777 -0.3617461 0.9322731
vn 0.1517518 -0.3739629 0.9149444
vn 0.3149163 -0.4117953 0.8551329
vn 0.5022997 -0.4789152 0.7199550
vn 0.6957808 -0.5655607 0.4427529
vn 0.7905971 -0.6122748 -0.0087077
vn 1.0000000 -0.0000000 -0.0000000
vn 0.8390202 -0.0000000 -0.5441002
vn 0.5677121 0.0000000 -0.8232271
vn 0.3420651 -0.0000000 -0.9396762
vn 0.1606814 -0.0000000 -0.9870063
vn 0.0000000 0.0000000 -1.0000000
vn -0.1606814 0.0000000 -0.9870063
vn -0.3420651 0.0000000 -0.9396762
vn -0.5677121 -0.0000000 -0.8232271
vn -0.8390202 0.0000000 -0.5441002
vn -1.0000000 0.0000000 -0.0000000
vn -0.8390202 0.0000000 0.5441002
vn -0.5677121 -0.0000000 0.8232271
vn -0.3420651 -0.0000000 0.9396762
vn -0.1606814 -0.0000000 0.9870063
vn 0.0000000 -0.0000000 1.0000000
vn 0.1606814 0.0000000 0.9870063
vn 0.3420651 0.0000000 0.9396762
vn 0.5677121 -0.0000000 0.8232271
vn 0.8390202 0.0000000 0.5441002
vn 1.0000000 -0.0000000 -0.0000000
vn 0.7905971 0.6122748 0.0087077
vn 0.6957808 0.5655607 -0.4427529
vn 0.5022997 0.4789152 -0.7199550
vn 0.3149163 0.4117953 -0.8551329
vn 0.1517518 0.3739629 -0.9149444
vn 0.0025777 0.3617461 -0.9322731
vn -0.1463533 0.3731219 -0.9161664
vn -0.3088044 0.4099843 -0.8582265
vn -0.4953307 0.4760730 -0.7266374
vn -0.6897395 0.5626643 -0.4557064
vn -0.7905971 0.6122748 -0.0087077
vn -0.6957808 0.5655607 0.4427529
vn -0.5022997 0.4789152 0.7199550
vn -0.3149163 0.4117953 0.8551329
vn -0.1517518 0.3739629 0.9149444
vn -0.0025777 0.3617461 0.9322731
vn 0.1463533 0.3731219 0.9161664
vn 0.3088044 0.4099843 0.8582265
vn 0.4953307 0.4760730 0.7266374
vn 0.6897395 0.5626643 0.4557064
vn 0.7905971 0.6122748 0.0087077
vn 0.5151306 0.8570251 0.0121885
vn 0.4754302 0.8284893 -0.2959249
vn 0.3737922 0.7621214 -0.5286306
vn 0.2504934 0.6976290 -0.6712427
vn 0.1261551 0.6552927 -0.7447660
vn 0.0045625 0.6402882 -0.7681212
vn -0.1168970 0.6531894 -0.7481168
vn -0.2410286 0.6935391 -0.6789026
vn -0.3648418 0.7567981 -0.5423532
vn -0.4693680 0.8242509 -0.3167083
vn -0.5151306 0.8570251 -0.0121885
vn -0.4754302 0.8284893 0.2959249
vn -0.3737922 0.7621214 0.5286306
vn -0.2504934 0.6976290 0.6712427
vn -0.1261551 0.6552927 0.7447660
vn -0.0045625 0.6402882 0.7681212
vn 0.1168970 0.6531894 0.7481168
vn 0.2410286 0.6935391 0.6789026
vn 0.3648418 0.7567981 0.5423532
vn 0.4693680 0.8242509 0.3167083
vn 0.5151306 0.8570251 0.0121885
vn 0.3300471 0.9438690 0.0134236
vn 0.3117712 0.9313209 -0.1882552
vn 0.2576625 0.8975251 -0.3578531
vn 0.1815834 0.8593694 -0.4780289
vn 0.0954313 0.8310486 -0.5479517
vn 0.0058432 0.8200252 -0.5722975
vn -0.0839145 0.8285520 -0.5535882
vn -0.1707858 0.8549173 -0.4898456
vn -0.2487316 0.8924567 -0.3763690
vn -0.3065103 0.9278113 -0.2126446
vn -0.3300471 0.9438690 -0.0134236
vn -0.3117712 0.9313209 0.1882552
vn -0.2576625 0.8975251 0.3578531
vn -0.1815834 0.8593694 0.4780289
vn -0.0954313 0.8310486 0.5479517
vn -0.0058432 0.8200252 0.5722975
vn 0.0839145 0.8285520 0.5535882
vn 0.1707858 0.8549173 0.4898456
vn 0.2487316 0.8924567 0.3763690
vn 0.3065103 0.9278113 0.2126446
vn 0.3300471 0.9438690 0.0134236
vn 0.2021861 0.9792481 0.0139267
vn 0.1935624 0.9747945 -0.1109473
vn 0.1645691 0.9611178 -0.2217424
vn 0.1200256 0.9441516 -0.3068739
vn 0.0656691 0.9304214 -0.3605601
vn 0.0065881 0.9245530 -0.3809965
vn -0.0529402 0.9283503 -0.3679173
vn -0.1087360 0.9406576 -0.3214650
vn -0.1559179 0.9574327 -0.2429242
vn -0.1888071 0.9724134 -0.1369817
vn -0.2021861 0.9792481 -0.0139267
vn -0.1935624 0.9747945 0.1109473
vn -0.1645691 0.9611178 0.2217424
vn -0.1200256 0.9441516 0.3068739
vn -0.0656691 0.9304214 0.3605601
vn -0.0065881 0.9245530 0.3809965
vn 0.0529402 0.9283503 0.3679173
vn 0.1087360 0.9406576 0.3214650
vn 0.1559179 0.9574327 0.2429242
vn 0.1888071 0.9724134 0.1369817
vn 0.2021861 0.9792481 0.0139267
vn 0.1068275 0.9941770 0.0141391
vn 0.1036891 0.9932290 -0.0523893
vn 0.0901591 0.9894567 -0.1133439
vn 0.0678464 0.9843631 -0.1625614
vn 0.0391785 0.9799087 -0.1955607
vn 0.0069671 0.9777434 -0.2096885
vn -0.0258636 0.9786477 -0.2039110
vn -0.0563785 0.9822974 -0.1786431
vn -0.0816971 0.9873588 -0.1358242
vn -0.0991837 0.9919160 -0.0791530
vn -0.1068275 0.9941770 -0.0141391
vn -0.1036891 0.9932290 0.0523893
vn -0.0901591 0.9894567 0.1133439
vn -0.0678464 0.9843631 0.1625614
vn -0.0391785 0.9799087 0.1955607
vn -0.0069671 0.9777434 0.2096885
vn 0.0258636 0.9786477 0.2039110
vn 0.0563785 0.9822974 0.1786431
vn 0.0816971 0.9873588 0.1358242
vn 0.0991837 0.9919160 0.0791530
vn 0.1068275 0.9941770 0.0141391
vn 0.0000000 1.0000000 -0.0000000
s 1
f 1981/1981/1981 1983/1983/1983 1982/1982/1982
f 1981/1981/1981 1984/1984/1984 1983/1983/1983
f 1981/1981/1981 1985/1985/1985 1984/1984/1984
f 1981/1981/1981 1986/1986/1986 1985/1985/1985
f 1981/1981/1981 1987/1987/1987 1986/1986/1986
f 1981/1981/1981 1988/1988/1988 1987/1987/1987
f 1981/1981/1981 1989/1989/1989 1988/1988/1988
f 1981/1981/1981 1990/1990/1990 1989/1989/1989
f 1981/1981/1981 1991/1991/1991 1990/1990/1990
f 1981/1981/1981 1992/1992/1992 1991/1991/1991
f 1981/1981/1981 1993/1993/1993 1992/1992/1992
f 1981/1981/1981 1994/1994/1994 1993/1993/1993
f 1981/1981/1981 1995/1995/1995 1994/1994/1994
f 1981/1981/1981 1996/1996/1996 1995/1995/1995
f 1981/1981/1981 1997/1997/1997 1996/1996/1996
f 1981/1981/1981 1998/1998/1998 1997/1997/1997
f 1981/1981/1981 1999/1999/1999 1998/1998/1998
f 1981/1981/1981 2000/2000/2000 1999/1999/1999
f 1981/1981/1981 2001/2001/2001 2000/2000/2000
f 1981/1981/1981 2002/2002/2002 2001/2001/2001
f 1982/1982/1982 1983/1983/1983 2004/2004/2004
f 1982/1982/1982 2004/2004/2004 2003/2003/2003
f 1983/1983/1983 1984/1984/1984 2005/2005/2005
f 1983/1983/1983 2005/2005/2005 2004/2004/2004
f 1984/1984/1984 1985/1985/1985 2006/2006/2006
f 1984/1984/1984 2006/2006/2006 2005/2005/2005
f 1985/1985/1985 1986/1986/1986 2007/2007/2007
f 1985/1985/1985 2007/2007/2007 2006/2006/2006
f 1986/1986/1986 1987/1987/1987 2008/2008/2008
f 1986/1986/1986 2008/2008/2008 2007/2007/2007
f 1987/1987/1987 1988/1988/1988 2009/2009/2009
f 1987/1987/1987 2009/2009/2009 2008/2008/2008
f 1988/1988/1988 1989/1989/1989 2010/2010/2010
f 1988/1988/1988 2010/2010/2010 2009/2009/2009
f 1989/1989/1989 1990/1990/1990 2011/2011/2011
f 1989/1989/1989 2011/2011/2011 2010/2010/2010
f 1990/1990/1990 1991/1991/1991 2012/2012/2012
f 1990/1990/1990 2012/2012/2012 2011/2011/2011
f 1991/1991/1991 1992/1992/1992 2013/2013/2013
f 1991/1991/1991 2013/2013/2013 2012/2012/2012
f 1992/1992/1992 1993/1993/1993 2014/2014/2014
f 1992/1992/1992 2014/2014/2014 2013/2013/2013
f 1993/1993/1993 1994/1994/1994 2015/2015/2015
f 1993/1993/1993 2015/2015/2015 2014/2014/2014
f 1994/1994/1994 1995/1995/1995 2016/2016/2016
f 1994/1994/1994 2016/2016/2016 2015/2015/2015
f 1995/1995/1995 1996/1996/1996 2017/2017/2017
f 1995/1995/1995 2017/2017/2017 2016/2016/2016
f 1996/1996/1996 1997/1997/1997 2018/2018/2018
f 1996/1996/1996 2018/2018/2018 2017/2017/2017
f 1997/1997/1997 1998/1998/1998 2019/2019/2019
f 1997/1997/1997 2019/2019/2019 2018/2018/2018
f 1998/1998/1998 1999/1999/1999 2020/2020/2020
f 1998/1998/1998 2020/2020/2020 2019/2019/2019
f 1999/1999/1999 2000/2000/2000 2021/2021/2021
f 1999/1999/1999 2021/2021/2021 2020/2020/2020
f 2000/2000/2000 2001/2001/2001 2022/2022/2022
f 2000/2000/2000 2022/2022/2022 2021/2021/2021
f 2001/2001/2001 2002/2002/2002 2023/2023/2023
f 2001/2001/2001 2023/2023/2023 2022/2022/2022
f 2003/2003/2003 2004/2004/2004 2025/2025/2025
f 2003/2003/2003 2025/2025/2025 2024/2024/2024
f 2004/2004/2004 2005/2005/2005 2026/2026/2026
f 2004/2004/2004 2026/2026/2026 2025/2025/2025
f 2005/2005/2005 2006/2006/2006 2027/2027/2027
f 2005/2005/2005 2027/2027/2027 2026/2026/2026
f 2006/2006/2006 2007/2007/2007 2028/2028/2028
f 2006/2006/2006 2028/2028/2028 2027/2027/2027
f 2007/2007/2007 2008/2008/2008 2029/2029/2029
f 2007/2007/2007 2029/2029/2029 2028/2028/2028
f 2008/2008/2008 2009/2009/2009 2030/2030/2030
f 2008/2008/2008 2030/2030/2030 2029/2029/2029
f 2009/2009/2009 2010/2010/2010 2031/2031/2031
f 2009/2009/2009 2031/2031/2031 2030/2030/2030
f 2010/2010/2010 2011/2011/2011 2032/2032/2032
f 2010/2010/2010 2032/2032/2032 2031/2031/2031
f 2011/2011/2011 2012/2012/2012 2033/2033/2033
f 2011/2011/2011 2033/2033/2033 2032/2032/2032
f 2012/2012/2012 2013/2013/2013 2034/2034/2034
f 2012/2012/2012 2034/2034/2034 2033/2033/2033
f 2013/2013/2013 2014/2014/2014 2035/2035/2035
f 2013/2013/2013 2035/2035/2035 2034/2034/2034
f 2014/2014/2014 2015/2015/2015 2036/2036/2036
f 2014/2014/2014 2036/2036/2036 2035/2035/2035
f 2015/2015/2015 2016/2016/2016 2037/2037/2037
f 2015/2015/2015 2037/2037/2037 2036/2036/2036
f 2016/2016/2016 2017/2017/2017 2038/2038/2038
f 2016/2016/2016 2038/2038/2038 2037/2037/2037
f 2017/2017/2017 2018/2018/2018 2039/2039/2039
f 2017/2017/2017 2039/2039/2039 2038/2038/2038
f 2018/2018/2018 2019/2019/2019 2040/2040/2040
f 2018/2018/2018 2040/2040/2040 2039/2039/2039
f 2019/2019/2019 2020/2020/2020 2041/2041/2041
f 2019/2019/2019 2041/2041/2041 2040/2040/2040
f 2020/2020/2020 2021/2021/2021 2042/2042/2042
f 2020/2020/2020 2042/2042/2042 2041/2041/2041
f 2021/2021/2021 2022/2022/2022 2043/2043/2043
f 2021/2021/2021 2043/2043/2043 2042/2042/2042
f 2022/2022/2022 2023/2023/2023 2044/2044/2044
f 2022/2022/2022 2044/2044/2044 2043/2043/2043
f 2024/2024/2024 2025/2025/2025 2046/2046/2046
f 2024/2024/2024 2046/2046/2046 2045/2045/2045
f 2025/2025/2025 2026/2026/2026 2047/2047/2047
f 2025/2025/2025 2047/2047/2047 2046/2046/2046
f 2026/2026/2026 2027/2027/2027 2048/2048/2048
f 2026/2026/2026 2048/2048/2048 2047/2047/2047
f 2027/2027/2027 2028/2028/2028 2049/2049/2049
f 2027/2027/2027 2049/2049/2049 2048/2048/2048
f 2028/2028/2028 2029/2029/2029 2050/2050/2050
f 2028/2028/2028 2050/2050/2050 2049/2049/2049
f 2029/2029/2029 2030/2030/2030 2051/2051/2051
f 2029/2029/2029 2051/2051/2051 2050/2050/2050
f 2030/2030/2030 2031/2031/2031 2052/2052/2052
f 2030/2030/2030 2052/2052/2052 2051/2051/2051
f 2031/2031/2031 2032/2032/2032 2053/2053/2053
f 2031/2031/2031 2053/2053/2053 2052/2052/2052
f 2032/2032/2032 2033/2033/2033 2054/2054/2054
f 2032/2032/2032 2054/2054/2054 2053/2053/2053
f 2033/2033/2033 2034/2034/2034 2055/2055/2055
f 2033/2033/2033 2055/2055/2055 2054/2054/2054
f 2034/2034/2034 2035/2035/2035 2056/2056/2056
f 2034/2034/2034 2056/2056/2056 2055/2055/2055
f 2035/2035/2035 2036/2036/2036 2057/2057/2057
f 2035/2035/2035 2057/2057/2057 2056/2056/2056
f 2036/2036/2036 2037/2037/2037 2058/2058/2058
f 2036/2036/2036 2058/2058/2058 2057/2057/2057
f 2037/2037/2037 2038/2038/2038 2059/2059/2059
f 2037/2037/2037 2059/2059/2059 2058/2058/2058
f 2038/2038/2038 2039/2039/2039 2060/2060/2060
f 2038/2038/2038 2060/2060/2060 2059/2059/2059
f 2039/2039/2039 2040/2040/2040 2061/2061/2061
f 2039/2039/2039 2061/2061/2061 2060/2060/2060
f 2040/2040/2040 2041/2041/2041 2062/2062/2062
f 2040/2040/2040 2062/2062/2062 2061/2061/2061
f 2041/2041/2041 2042/2042/2042 2063/2063/2063
f 2041/2041/2041 2063/2063/2063 2062/2062/2062
f 2042/2042/2042 2043/2043/2043 2064/2064/2064
f 2042/2042/2042 2064/2064/2064 2063/2063/2063
f 2043/2043/2043 2044/2044/2044 2065/2065/2065
f 2043/2043/2043 2065/2065/2065 2064/2064/2064
f 2045/2045/2045 2046/2046/2046 2067/2067/2067
f 2045/2045/2045 2067/2067/2067 2066/2066/2066
f 2046/2046/2046 2047/2047/2047 2068/2068/2068
f 2046/2046/2046 2068/2068/2068 2067/2067/2067
f 2047/2047/2047 2048/2048/2048 2069/2069/2069
f 2047/2047/2047 2069/2069/2069 2068/2068/2068
f 2048/2048/2048 2049/2049/2049 2070/2070/2070
f 2048/2048/2048 2070/2070/2070 2069/2069/2069
f 2049/2049/2049 2050/2050/2050 2071/2071/2071
f 2049/2049/2049 2071/2071/2071 2070/2070/2070
f 2050/2050/2050 2051/2051/2051 2072/2072/2072
f 2050/2050/2050 2072/2072/2072 2071/2071/2071
f 2051/2051/2051 2052/2052/2052 2073/2073/2073
f 2051/2051/2051 2073/2073/2073 2072/2072/2072
f 2052/2052/2052 2053/2053/2053 2074/2074/2074
f 2052/2052/2052 2074/2074/2074 2073/2073/2073
f 2053/2053/2053 2054/2054/2054 2075/2075/2075
f 2053/2053/2053 2075/2075/2075 2074/2074/2074
f 2054/2054/2054 2055/2055/2055 2076/2076/2076
f 2054/2054/2054 2076/2076/2076 2075/2075/2075
f 2055/2055/2055 2056/2056/2056 2077/2077/2077
f 2055/2055/2055 2077/2077/2077 2076/2076/2076
f 2056/2056/2056 2057/2057/2057 2078/2078/2078
f 2056/2056/2056 2078/2078/2078 2077/2077/2077
f 2057/2057/2057 2058/2058/2058 2079/2079/2079
f 2057/2057/2057 2079/2079/2079 2078/2078/2078
f 2058/2058/2058 2059/2059/2059 2080/2080/2080
f 2058/2058/2058 2080/2080/2080 2079/2079/2079
f 2059/2059/2059 2060/2060/2060 2081/2081/2081
f 2059/2059/2059 2081/2081/2081 2080/2080/2080
f 2060/2060/2060 2061/2061/2061 2082/2082/2082
f 2060/2060/2060 2082/2082/2082 2081/2081/2081
f 2061/2061/2061 2062/2062/2062 2083/2083/2083
f 2061/2061/2061 2083/2083/2083 2082/2082/2082
f 2062/2062/2062 2063/2063/2063 2084/2084/2084
f 2062/2062/2062 2084/2084/2084 2083/2083/2083
f 2063/2063/2063 2064/2064/2064 2085/2085/2085
f 2063/2063/2063 2085/2085/2085 2084/2084/2084
f 2064/2064/2064 2065/2065/2065 2086/2086/2086
f 2064/2064/2064 2086/2086/2086 2085/2085/2085
f 2066/2066/2066 2067/2067/2067 2088/2088/2088
f 2066/2066/2066 2088/2088/2088 2087/2087/2087
f 2067/2067/2067 2068/2068/2068 2089/2089/2089
f 2067/2067/2067 2089/2089/2089 2088/2088/2088
f 2068/2068/2068 2069/2069/2069 2090/2090/2090
f 2068/2068/2068 2090/2090/2090 2089/2089/2089
f 2069/2069/2069 2070/2070/2070 2091/2091/2091
f 2069/2069/2069 2091/2091/2091 2090/2090/2090
f 2070/2070/2070 2071/2071/2071 2092/2092/2092
f 2070/2070/2070 2092/2092/2092 2091/2091/2091
f 2071/2071/2071 2072/2072/2072 2093/2093/2093
f 2071/2071/2071 2093/2093/2093 2092/2092/2092
f 2072/2072/2072 2073/2073/2073 2094/2094/2094
f 2072/2072/2072 2094/2094/2094 2093/2093/2093
f 2073/2073/2073 2074/2074/2074 2095/2095/2095
f 2073/2073/2073 2095/2095/2095 2094/2094/2094
f 2074/2074/2074 2075/2075/2075 2096/2096/2096
f 2074/2074/2074 2096/2096/2096 2095/2095/2095
f 2075/2075/2075 2076/2076/2076 2097/2097/2097
f 2075/2075/2075 2097/2097/2097 2096/2096/2096
f 2076/2076/2076 2077/2077/2077 2098/2098/2098
f 2076/2076/2076 2098/2098/2098 2097/2097/2097
f 2077/2077/2077 2078/2078/2078 2099/2099/2099
f 2077/2077/2077 2099/2099/2099 2098/2098/2098
f 2078/2078/2078 2079/2079/2079 2100/2100/2100
f 2078/2078/2078 2100/2100/2100 2099/2099/2099
f 2079/2079/2079 2080/2080/2080 2101/2101/2101
f 2079/2079/2079 2101/2101/2101 2100/2100/2100
f 2080/2080/2080 2081/2081/2081 2102/2102/2102
f 2080/2080/2080 2102/2102/2102 2101/2101/2101
f 2081/2081/2081 2082/2082/2082 2103/2103/2103
f 2081/2081/2081 2103/2103/2103 2102/2102/2102
f 2082/2082/2082 2083/2083/2083 2104/2104/2104
f 2082/2082/2082 2104/2104/2104 2103/2103/2103
f 2083/2083/2083 2084/2084/2084 2105/2105/2105
f 2083/2083/2083 2105/2105/2105 2104/2104/2104
f 2084/2084/2084 2085/2085/2085 2106/2106/2106
f 2084/2084/2084 2106/2106/2106 2105/2105/2105
f 2085/2085/2085 2086/2086/2086 2107/2107/2107
f 2085/2085/2085 2107/2107/2107 2106/2106/2106
f 2087/2087/2087 2088/2088/2088 2109/2109/2109
f 2087/2087/2087 2109/2109/2109 2108/2108/2108
f 2088/2088/2088 2089/2089/2089 2110/2110/2110
f 2088/2088/2088 2110/2110/2110 2109/2109/2109
f 2089/2089/2089 2090/2090/2090 2111/2111/2111
f 2089/2089/2089 2111/2111/2111 2110/2110/2110
f 2090/2090/2090 2091/2091/2091 2112/2112/2112
f 2090/2090/2090 2112/2112/2112 2111/2111/2111
f 2091/2091/2091 2092/2092/2092 2113/2113/2113
f 2091/2091/2091 2113/2113/2113 2112/2112/2112
f 2092/2092/2092 2093/2093/2093 2114/2114/2114
f 2092/2092/2092 2114/2114/2114 2113/2113/2113
f 2093/2093/2093 2094/2094/2094 2115/2115/2115
f 2093/2093/2093 2115/2115/2115 2114/2114/2114
f 2094/2094/2094 2095/2095/2095 2116/2116/2116
f 2094/2094/2094 2116/2116/2116 2115/2115/2115
f 2095/2095/2095 2096/2096/2096 2117/2117/2117
f 2095/2095/2095 2117/2117/2117 2116/2116/2116
f 2096/2096/2096 2097/2097/2097 2118/2118/2118
f 2096/2096/2096 2118/2118/2118 2117/2117/2117
f 2097/2097/2097 2098/2098/2098 2119/2119/2119
f 2097/2097/2097 2119/2119/2119 2118/2118/2118
f 2098/2098/2098 2099/2099/2099 2120/2120/2120
f 2098/2098/2098 2120/2120/2120 2119/2119/2119
f 2099/2099/2099 2100/2100/2100 2121/2121/2121
f 2099/2099/2099 2121/2121/2121 2120/2120/2120
f 2100/2100/2100 2101/2101/2101 2122/2122/2122
f 2100/2100/2100 2122/2122/2122 2121/2121/2121
f 2101/2101/2101 2102/2102/2102 2123/2123/2123
f 2101/2101/2101 2123/2123/2123 2122/2122/2122
f 2102/2102/2102 2103/2103/2103 2124/2124/2124
f 2102/2102/2102 2124/2124/2124 2123/2123/2123
f 2103/2103/2103 2104/2104/2104 2125/2125/2125
f 2103/2103/2103 2125/2125/2125 2124/2124/2124
f 2104/2104/2104 2105/2105/2105 2126/2126/2126
f 2104/2104/2104 2126/2126/2126 2125/2125/2125
f 2105/2105/2105 2106/2106/2106 2127/2127/2127
f 2105/2105/2105 2127/2127/2127 2126/2126/2126
f 2106/2106/2106 2107/2107/2107 2128/2128/2128
f 2106/2106/2106 2128/2128/2128 2127/2127/2127
f 2108/2108/2108 2109/2109/2109 2130/2130/2130
f 2108/2108/2108 2130/2130/2130 2129/2129/2129
f 2109/2109/2109 2110/2110/2110 2131/2131/2131
f 2109/2109/2109 2131/2131/2131 2130/2130/2130
f 2110/2110/2110 2111/2111/2111 2132/2132/2132
f 2110/2110/2110 2132/2132/2132 2131/2131/2131
f 2111/2111/2111 2112/2112/2112 2133/2133/2133
f 2111/2111/2111 2133/2133/2133 2132/2132/2132
f 2112/2112/2112 2113/2113/2113 2134/2134/2134
f 2112/2112/2112 2134/2134/2134 2133/2133/2133
f 2113/2113/2113 2114/2114/2114 2135/2135/2135
f 2113/2113/2113 2135/2135/2135 2134/2134/2134
f 2114/2114/2114 2115/2115/2115 2136/2136/2136
f 2114/2114/2114 2136/2136/2136 2135/2135/2135
f 2115/2115/2115 2116/2116/2116 2137/2137/2137
f 2115/2115/2115 2137/2137/2137 2136/2136/2136
f 2116/2116/2116 2117/2117/2117 2138/2138/2138
f 2116/2116/2116 2138/2138/2138 2137/2137/2137
f 2117/2117/2117 2118/2118/2118 2139/2139/2139
f 2117/2117/2117 2139/2139/2139 2138/2138/2138
f 2118/2118/2118 2119/2119/2119 2140/2140/2140
f 2118/2118/2118 2140/2140/2140 2139/2139/2139
f 2119/2119/2119 2120/2120/2120 2141/2141/2141
f 2119/2119/2119 2141/2141/2141 2140/2140/2140
f 2120/2120/2120 2121/2121/2121 2142/2142/2142
f 2120/2120/2120 2142/2142/2142 2141/2141/2141
f 2121/2121/2121 2122/2122/2122 2143/2143/2143
f 2121/2121/2121 2143/2143/2143 2142/2142/2142
f 2122/2122/2122 2123/2123/2123 2144/2144/2144
f 2122/2122/2122 2144/2144/2144 2143/2143/2143
f 2123/2123/2123 2124/2124/2124 2145/2145/2145
f 2123/2123/2123 2145/2145/2145 2144/2144/2144
f 2124/2124/2124 2125/2125/2125 2146/2146/2146
f 2124/2124/2124 2146/2146/2146 2145/2145/2145
f 2125/2125/2125 2126/2126/2126 2147/2147/2147
f 2125/2125/2125 2147/2147/2147 2146/2146/2146
f 2126/2126/2126 2127/2127/2127 2148/2148/2148
f 2126/2126/2126 2148/2148/2148 2147/2147/2147
f 2127/2127/2127 2128/2128/2128 2149/2149/2149
f 2127/2127/2127 2149/2149/2149 2148/2148/2148
f 2129/2129/2129 2130/2130/2130 2151/2151/2151
f 2129/2129/2129 2151/2151/2151 2150/2150/2150
f 2130/2130/2130 2131/2131/2131 2152/2152/2152
f 2130/2130/2130 2152/2152/2152 2151/2151/2151
f 2131/2131/2131 2132/2132/2132 2153/2153/2153
f 2131/2131/2131 2153/2153/2153 2152/2152/2152
f 2132/2132/2132 2133/2133/2133 2154/2154/2154
f 2132/2132/2132 2154/2154/2154 2153/2153/2153
f 2133/2133/2133 2134/2134/2134 2155/2155/2155
f 2133/2133/2133 2155/2155/2155 2154/2154/2154
f 2134/2134/2134 2135/2135/2135 2156/2156/2156
f 2134/2134/2134 2156/2156/2156 2155/2155/2155
f 2135/2135/2135 2136/2136/2136 2157/2157/2157
f 2135/2135/2135 2157/2157/2157 2156/2156/2156
f 2136/2136/2136 2137/2137/2137 2158/2158/2158
f 2136/2136/2136 2158/2158/2158 2157/2157/2157
f 2137/2137/2137 2138/2138/2138 2159/2159/2159
f 2137/2137/2137 2159/2159/2159 2158/2158/2158
f 2138/2138/2138 2139/2139/2139 2160/2160/2160
f 2138/2138/2138 2160/2160/2160 2159/2159/2159
f 2139/2139/2139 2140/2140/2140 2161/2161/2161
f 2139/2139/2139 2161/2161/2161 2160/2160/2160
f 2140/2140/2140 2141/2141/2141 2162/2162/2162
f 2140/2140/2140 2162/2162/2162 2161/2161/2161
f 2141/2141/2141 2142/2142/2142 2163/2163/2163
f 2141/2141/2141 2163/2163/2163 2162/2162/2162
f 2142/2142/2142 2143/2143/2143 2164/2164/2164
f 2142/2142/2142 2164/2164/2164 2163/2163/2163
f 2143/2143/2143 2144/2144/2144 2165/2165/2165
f 2143/2143/2143 2165/2165/2165 2164/2164/2164
f 2144/2144/2144 2145/2145/2145 2166/2166/2166
f 2144/2144/2144 2166/2166/2166 2165/2165/2165
f 2145/2145/2145 2146/2146/2146 2167/2167/2167
f 2145/2145/2145 2167/2167/2167 2166/2166/2166
f 2146/2146/2146 2147/2147/2147 2168/2168/2168
f 2146/2146/2146 2168/2168/2168 2167/2167/2167
f 2147/2147/2147 2148/2148/2148 2169/2169/2169
f 2147/2147/2147 2169/2169/2169 2168/2168/2168
f 2148/2148/2148 2149/2149/2149 2170/2170/2170
f 2148/2148/2148 2170/2170/2170 2169/2169/2169
f 2150/2150/2150 2151/2151/2151 2172/2172/2172
f 2150/2150/2150 2172/2172/2172 2171/2171/2171
f 2151/2151/2151 2152/2152/2152 2173/2173/2173
f 2151/2151/2151 2173/2173/2173 2172/2172/2172
f 2152/2152/2152 2153/2153/2153 2174/2174/2174
f 2152/2152/2152 2174/2174/2174 2173/2173/2173
f 2153/2153/2153 2154/2154/2154 2175/2175/2175
f 2153/2153/2153 2175/2175/2175 2174/2174/2174
f 2154/2154/2154 2155/2155/2155 2176/2176/2176
f 2154/2154/2154 2176/2176/2176 2175/2175/2175
f 2155/2155/2155 2156/2156/2156 2177/2177/2177
f 2155/2155/2155 2177/2177/2177 2176/2176/2176
f 2156/2156/2156 2157/2157/2157 2178/2178/2178
f 2156/2156/2156 2178/2178/2178 2177/2177/2177
f 2157/2157/2157 2158/2158/2158 2179/2179/2179
f 2157/2157/2157 2179/2179/2179 2178/2178/2178
f 2158/2158/2158 2159/2159/2159 2180/2180/2180
f 2158/2158/2158 2180/2180/2180 2179/2179/2179
f 2159/2159/2159 2160/2160/2160 2181/2181/2181
f 2159/2159/2159 2181/2181/2181 2180/2180/2180
f 2160/2160/2160 2161/2161/2161 2182/2182/2182
f 2160/2160/2160 2182/2182/2182 2181/2181/2181
f 2161/2161/2161 2162/2162/2162 2183/2183/2183
f 2161/2161/2161 2183/2183/2183 2182/2182/2182
f 2162/2162/2162 2163/2163/2163 2184/2184/2184
f 2162/2162/2162 2184/2184/2184 2183/2183/2183
f 2163/2163/2163 2164/2164/2164 2185/2185/2185
f 2163/2163/2163 2185/2185/2185 2184/2184/2184
f 2164/2164/2164 2165/2165/2165 2186/2186/2186
f 2164/2164/2164 2186/2186/2186 2185/2185/2185
f 2165/2165/2165 2166/2166/2166 2187/2187/2187
f 2165/2165/2165 2187/2187/2187 2186/2186/2186
f 2166/2166/2166 2167/2167/2167 2188/2188/2188
f 2166/2166/2166 2188/2188/2188 2187/2187/2187
f 2167/2167/2167 2168/2168/2168 2189/2189/2189
f 2167/2167/2167 2189/2189/2189 2188/2188/2188
f 2168/2168/2168 2169/2169/2169 2190/2190/2190
f 2168/2168/2168 2190/2190/2190 2189/2189/2189
f 2169/2169/2169 2170/2170/2170 2191/2191/2191
f 2169/2169/2169 2191/2191/2191 2190/2190/2190
f 2171/2171/2171 2172/2172/2172 2193/2193/2193
f 2171/2171/2171 2193/2193/2193 2192/2192/2192
f 2172/2172/2172 2173/2173/2173 2194/2194/2194
f 2172/2172/2172 2194/2194/2194 2193/2193/2193
f 2173/2173/2173 2174/2174/2174 2195/2195/2195
f 2173/2173/2173 2195/2195/2195 2194/2194/2194
f 2174/2174/2174 2175/2175/2175 2196/2196/2196
f 2174/2174/2174 2196/2196/2196 2195/2195/2195
f 2175/2175/2175 2176/2176/2176 2197/2197/2197
f 2175/2175/2175 2197/2197/2197 2196/2196/2196
f 2176/2176/2176 2177/2177/2177 2198/2198/2198
f 2176/2176/2176 2198/2198/2198 2197/2197/2197
f 2177/2177/2177 2178/2178/2178 2199/2199/2199
f 2177/2177/2177 2199/2199/2199 2198/2198/2198
f 2178/2178/2178 2179/2179/2179 2200/2200/2200
f 2178/2178/2178 2200/2200/2200 2199/2199/2199
f 2179/2179/2179 2180/2180/2180 2201/2201/2201
f 2179/2179/2179 2201/2201/2201 2200/2200/2200
f 2180/2180/2180 2181/2181/2181 2202/2202/2202
f 2180/2180/2180 2202/2202/2202 2201/2201/2201
f 2181/2181/2181 2182/2182/2182 2203/2203/2203
f 2181/2181/2181 2203/2203/2203 2202/2202/2202
f 2182/2182/2182 2183/2183/2183 2204/2204/2204
f 2182/2182/2182 2204/2204/2204 2203/2203/2203
f 2183/2183/2183 2184/2184/2184 2205/2205/2205
f 2183/2183/2183 2205/2205/2205 2204/2204/2204
f 2184/2184/2184 2185/2185/2185 2206/2206/2206
f 2184/2184/2184 2206/2206/2206 2205/2205/2205
f 2185/2185/2185 2186/2186/2186 2207/2207/2207
f 2185/2185/2185 2207/2207/2207 2206/2206/2206
f 2186/2186/2186 2187/2187/2187 2208/2208/2208
f 2186/2186/2186 2208/2208/2208 2207/2207/2207
f 2187/2187/2187 2188/2188/2188 2209/2209/2209
f 2187/2187/2187 2209/2209/2209 2208/2208/2208
f 2188/2188/2188 2189/2189/2189 2210/2210/2210
f 2188/2188/2188 2210/2210/2210 2209/2209/2209
f 2189/2189/2189 2190/2190/2190 2211/2211/2211
f 2189/2189/2189 2211/2211/2211 2210/2210/2210
f 2190/2190/2190 2191/2191/2191 2212/2212/2212
f 2190/2190/2190 2212/2212/2212 2211/2211/2211
f 2192/2192/2192 2193/2193/2193 2213/2213/2213
f 2193/2193/2193 2194/2194/2194 2213/2213/2213
f 2194/2194/2194 2195/2195/2195 2213/2213/2213
f 2195/2195/2195 2196/2196/2196 2213/2213/2213
f 2196/2196/2196 2197/2197/2197 2213/2213/2213
f 2197/2197/2197 2198/2198/2198 2213/2213/2213
f 2198/2198/2198 2199/2199/2199 2213/2213/2213
f 2199/2199/2199 2200/2200/2200 2213/2213/2213
f 2200/2200/2200 2201/2201/2201 2213/2213/2213
f 2201/2201/2201 2202/2202/2202 2213/2213/2213
f 2202/2202/2202 2203/2203/2203 2213/2213/2213
f 2203/2203/2203 2204/2204/2204 2213/2213/2213
f 2204/2204/2204 2205/2205/2205 2213/2213/2213
f 2205/2205/2205 2206/2206/2206 2213/2213/2213
f 2206/2206/2206 2207/2207/2207 2213/2213/2213
f 2207/2207/2207 2208/2208/2208 2213/2213/2213
f 2208/2208/2208 2209/2209/2209 2213/2213/2213
f 2209/2209/2209 2210/2210/2210 2213/2213/2213
f 2210/2210/2210 2211/2211/2211 2213/2213/2213
f 2211/2211/2211 2212/2212/2212 2213/2213/2213
o Arm_-1
v -6.729574 36.144928 9.333296
v -5.655380 35.382037 10.237604
v -3.458694 34.770247 10.822919
v -0.574599 34.430729 10.973313
v 2.425676 34.430729 10.658997
v 4.947890 34.770247 9.942227
v 6.492487 35.382037 8.964966
v 6.753540 36.144928 7.920775
v 5.679345 36.907818 7.016466
v 3.482660 37.519608 6.431151
v 0.598564 37.859127 6.280757
v -2.401711 37.859127 6.595073
v -4.923924 37.519608 7.311843
v -6.468521 36.907818 8.289104
v -6.729574 36.144928 9.333296
v -5.932525 36.798238 10.349342
v -4.921351 36.066895 11.191160
v -2.845529 35.481075 11.734893
v -0.116199 35.156807 11.872849
v 2.726060 35.158317 11.577704
v 5.118304 35.485305 10.907915
v 6.586720 36.073007 9.996142
v 6.840470 36.805022 9.022973
v 5.829296 37.536366 8.181156
v 3.753473 38.122186 7.637423
v 1.024144 38.446454 7.499467
v -1.818115 38.444944 7.794612
v -4.210359 38.117956 8.464401
v -5.678775 37.530254 9.376173
v -5.932525 36.798238 10.349342
v -4.773191 37.733409 11.878097
v -3.818789 37.100029 12.712567
v -1.892511 36.589643 13.256557
v 0.624119 36.303339 13.402323
v 3.232652 36.297823 13.120994
v 5.416437 36.574187 12.468290
v 6.742948 37.077695 11.573489
v 6.949452 37.708620 10.613816
v 5.995051 38.342000 9.779346
v 4.068773 38.852386 9.235356
v 1.552143 39.138690 9.089590
v -1.056390 39.144206 9.370919
v -3.240175 38.867842 10.023622
v -4.566686 38.364334 10.918424
v -4.773191 37.733409 11.878097
v -3.475337 38.972447 13.352037
v -2.540350 38.539783 14.268762
v -0.745871 38.179075 14.880465
v 1.552683 37.961765 15.065990
v 3.900053 37.930894 14.788592
v 5.831316 38.092576 14.103212
v 6.963960 38.414788 13.145599
v 7.073651 38.833713 12.105420
v 6.138665 39.266376 11.188694
v 4.344185 39.627085 10.576991
v 2.045632 39.844395 10.391466
v -0.301739 39.875266 10.668864
v -2.233001 39.713584 11.354244
v -3.365645 39.391371 12.311857
v -3.475337 38.972447 13.352037
v -2.282728 40.511161 14.142856
v -1.340313 40.379895 15.114114
v 0.357127 40.242277 15.776921
v 2.473395 40.125564 16.000000
v 4.589336 40.052873 15.739167
v 6.285864 40.038601 15.046083
v 7.226960 40.085575 14.058023
v 7.226227 40.184491 12.970683
v 6.283813 40.315757 11.999425
v 4.586372 40.453375 11.336618
v 2.470105 40.570088 11.113539
v 0.354163 40.642779 11.374372
v -1.342364 40.657051 12.067455
v -2.283460 40.610077 13.055516
v -2.282728 40.511161 14.142856
v -1.172004 42.557247 13.925074
v -0.262640 42.609658 14.811100
v 1.321520 42.610793 15.418178
v 3.266711 42.560427 15.626069
v 5.187666 42.468536 15.393597
v 6.703916 42.353320 14.766807
v 7.515148 42.237599 13.869842
v 7.460689 42.144293 12.880357
v 6.551325 42.091882 11.994331
v 4.967165 42.090747 11.387253
v 3.021974 42.141113 11.179362
v 1.101019 42.233004 11.411833
v -0.415231 42.348220 12.038623
v -1.226463 42.463941 12.935588
v -1.172004 42.557247 13.925074
v -0.049148 45.018123 13.099307
v 0.789510 45.120130 13.886765
v 2.235400 45.161386 14.425789
v 4.002144 45.133721 14.609619
v 5.739817 45.042613 14.401845
v 7.104252 44.906109 13.843620
v 7.825206 44.751243 13.045507
v 7.759886 44.608689 12.165581
v 6.921227 44.506682 11.378124
v 5.475338 44.465425 10.839100
v 3.708594 44.493091 10.655270
v 1.970921 44.584198 10.863044
v 0.606485 44.720703 11.421269
v -0.114469 44.875569 12.219382
v -0.049148 45.018123 13.099307
v 0.933643 47.335187 12.131866
v 1.700980 47.440360 12.844686
v 3.020624 47.486974 13.332394
v 4.631202 47.465797 13.498395
v 6.213720 47.381023 13.309810
v 7.454740 47.249442 12.803990
v 8.108463 47.097117 12.081120
v 8.045412 46.954215 11.284372
v 7.278075 46.849042 10.571552
v 5.958431 46.802428 10.083844
v 4.347853 46.823605 9.917843
v 2.765335 46.908379 10.106428
v 1.524315 47.039960 10.612248
v 0.870592 47.192286 11.335118
v 0.933643 47.335187 12.131866
v 1.619374 48.930252 11.486879
v 2.333404 49.025800 12.151728
v 3.562023 49.067440 12.606664
v 5.061886 49.046924 12.761584
v 6.535929 48.968317 12.585803
v 7.692198 48.847187 12.114136
v 8.301680 48.707526 11.440003
v 8.243660 48.576994 10.696925
v 7.529630 48.481447 10.032077
v 6.301011 48.439807 9.577140
v 4.801148 48.460322 9.422221
v 3.327105 48.538929 9.598002
v 2.170836 48.660059 10.069668
v 1.561354 48.799721 10.743801
v 1.619374 48.930252 11.486879
v 0.011983 36.144928 8.627035
v 4.931517 48.753623 11.091902
vt 0.0078125 0.9921875
vt 0.0078125 0.9486607
vt 0.0078125 0.9051339
vt 0.0078125 0.8616071
vt 0.0078125 0.8180804
vt 0.0078125 0.7745536
vt 0.0078125 0.7310268
vt 0.0078125 0.6875000
vt 0.0078125 0.6439732
vt 0.0078125 0.6004464
vt 0.0078125 0.5569196
vt 0.0078125 0.5133929
vt 0.0078125 0.4698661
vt 0.0078125 0.4263393
vt 0.0078125 0.3828125
vt 0.1308594 0.9921875
vt 0.1308594 0.9486607
vt 0.1308594 0.9051339
vt 0.1308594 0.8616071
vt 0.1308594 0.8180804
vt 0.1308594 0.7745536
vt 0.1308594 0.7310268
vt 0.1308594 0.6875000
vt 0.1308594 0.6439732
vt 0.1308594 0.6004464
vt 0.1308594 0.5569196
vt 0.1308594 0.5133929
vt 0.1308594 0.4698661
vt 0.1308594 0.4263393
vt 0.1308594 0.3828125
vt 0.2539062 0.9921875
vt 0.2539062 0.9486607
vt 0.2539062 0.9051339
vt 0.2539062 0.8616071
vt 0.2539062 0.8180804
vt 0.2539062 0.7745536
vt 0.2539062 0.7310268
vt 0.2539062 0.6875000
vt 0.2539062 0.6439732
vt 0.2539062 0.6004464
vt 0.2539062 0.5569196
vt 0.2539062 0.5133929
vt 0.2539062 0.4698661
vt 0.2539062 0.4263393
vt 0.2539062 0.3828125
vt 0.3769531 0.9921875
vt 0.3769531 0.9486607
vt 0.3769531 0.9051339
vt 0.3769531 0.8616071
vt 0.3769531 0.8180804
vt 0.3769531 0.7745536
vt 0.3769531 0.7310268
vt 0.3769531 0.6875000
vt 0.3769531 0.6439732
vt 0.3769531 0.6004464
vt 0.3769531 0.5569196
vt 0.3769531 0.5133929
vt 0.3769531 0.4698661
vt 0.3769531 0.4263393
vt 0.3769531 0.3828125
vt 0.5000000 0.9921875
vt 0.5000000 0.9486607
vt 0.5000000 0.9051339
vt 0.5000000 0.8616071
vt 0.5000000 0.8180804
vt 0.5000000 0.7745536
vt 0.5000000 0.7310268
vt 0.5000000 0.6875000
vt 0.5000000 0.6439732
vt 0.5000000 0.6004464
vt 0.5000000 0.5569196
vt 0.5000000 0.5133929
vt 0.5000000 0.4698661
vt 0.5000000 0.4263393
vt 0.5000000 0.3828125
vt 0.6230469 0.9921875
vt 0.6230469 0.9486607
vt 0.6230469 0.9051339
vt 0.6230469 0.8616071
vt 0.6230469 0.8180804
vt 0.6230469 0.7745536
vt 0.6230469 0.7310268
vt 0.6230469 0.6875000
vt 0.6230469 0.6439732
vt 0.6230469 0.6004464
vt 0.6230469 0.5569196
vt 0.6230469 0.5133929
vt 0.6230469 0.4698661
vt 0.6230469 0.4263393
vt 0.6230469 0.3828125
vt 0.7460938 0.9921875
vt 0.7460938 0.9486607
vt 0.7460938 0.9051339
vt 0.7460938 0.8616071
vt 0.7460938 0.8180804
vt 0.7460938 0.7745536
vt 0.7460938 0.7310268
vt 0.7460938 0.6875000
vt 0.7460938 0.6439732
vt 0.7460938 0.6004464
vt 0.7460938 0.5569196
vt 0.7460938 0.5133929
vt 0.7460938 0.4698661
vt 0.7460938 0.4263393
vt 0.7460938 0.3828125
vt 0.8691406 0.9921875
vt 0.8691406 0.9486607
vt 0.8691406 0.9051339
vt 0.8691406 0.8616071
vt 0.8691406 0.8180804
vt 0.8691406 0.7745536
vt 0.8691406 0.7310268
vt 0.8691406 0.6875000
vt 0.8691406 0.6439732
vt 0.8691406 0.6004464
vt 0.8691406 0.5569196
vt 0.8691406 0.5133929
vt 0.8691406 0.4698661
vt 0.8691406 0.4263393
vt 0.8691406 0.3828125
vt 0.9921875 0.9921875
vt 0.9921875 0.9486607
vt 0.9921875 0.9051339
vt 0.9921875 0.8616071
vt 0.9921875 0.8180804
vt 0.9921875 0.7745536
vt 0.9921875 0.7310268
vt 0.9921875 0.6875000
vt 0.9921875 0.6439732
vt 0.9921875 0.6004464
vt 0.9921875 0.5569196
vt 0.9921875 0.5133929
vt 0.9921875 0.4698661
vt 0.9921875 0.4263393
vt 0.9921875 0.3828125
vt 0.0078125 0.6875000
vt 0.9921875 0.6875000
vn -0.3222369 -0.8300519 -0.4551672
vn -0.2331058 -0.9312377 -0.2801036
vn -0.1370738 -0.9721995 -0.1898391
vn -0.0473487 -0.9840847 -0.1712759
vn 0.0353519 -0.9762122 -0.2139157
vn 0.1103808 -0.9418358 -0.3174295
vn 0.1697164 -0.8590961 -0.4828563
vn 0.1920997 -0.7006902 -0.6871178
vn 0.1542709 -0.4804439 -0.8633505
vn 0.0617388 -0.2815979 -0.9575442
vn -0.0590001 -0.1822410 -0.9814822
vn -0.1891621 -0.2143947 -0.9582550
vn -0.3064847 -0.3834742 -0.8712145
vn -0.3608733 -0.6315549 -0.6862280
vn -0.3222369 -0.8300519 -0.4551672
vn -0.8335371 0.1849860 0.5205729
vn -0.5120404 -0.4810818 0.7116002
vn -0.2224753 -0.7071000 0.6712037
vn -0.0228604 -0.7860538 0.6177353
vn 0.1604070 -0.8104293 0.5634483
vn 0.3931414 -0.7800184 0.4868378
vn 0.7757769 -0.5585784 0.2935310
vn 0.9433070 0.2557570 -0.2115661
vn 0.5068779 0.7412211 -0.4400750
vn 0.2254341 0.8611219 -0.4556848
vn 0.0390400 0.9040382 -0.4256652
vn -0.1268765 0.9215938 -0.3668341
vn -0.3234298 0.9112296 -0.2550565
vn -0.6147252 0.7887339 0.0034260
vn -0.8335371 0.1849860 0.5205729
vn -0.8247848 0.2377985 0.5130127
vn -0.5194889 -0.4182063 0.7451408
vn -0.2277296 -0.6575688 0.7181522
vn -0.0240383 -0.7459242 0.6655970
vn 0.1622159 -0.7782348 0.6066603
vn 0.3954587 -0.7570859 0.5200320
vn 0.7712651 -0.5564262 0.3090954
vn 0.9509396 0.2154414 -0.2220335
vn 0.5195767 0.7157101 -0.4666895
vn 0.2327634 0.8458760 -0.4799115
vn 0.0440154 0.8930816 -0.4477363
vn -0.1229614 0.9125999 -0.3899255
vn -0.3196800 0.9051271 -0.2802672
vn -0.6066853 0.7946707 -0.0207694
vn -0.8247848 0.2377985 0.5130127
vn -0.7990600 0.3456750 0.4919470
vn -0.5204385 -0.1946532 0.8314168
vn -0.2318832 -0.4467395 0.8640914
vn -0.0154577 -0.5608086 0.8278011
vn 0.1867114 -0.6176900 0.7639358
vn 0.4359152 -0.6230929 0.6494099
vn 0.8060443 -0.4701869 0.3594675
vn 0.9468037 0.1375774 -0.2909214
vn 0.5364408 0.5916853 -0.6017804
vn 0.2401334 0.7434617 -0.6241800
vn 0.0400455 0.8069804 -0.5892190
vn -0.1389616 0.8366426 -0.5298291
vn -0.3493805 0.8424494 -0.4101369
vn -0.6336345 0.7658910 -0.1091712
vn -0.7990600 0.3456750 0.4919470
vn -0.7733489 0.4632727 0.4327932
vn -0.4960996 0.1886531 0.8475230
vn -0.2246754 -0.0041255 0.9744249
vn 0.0028036 -0.1267915 0.9919254
vn 0.2305409 -0.2120021 0.9496873
vn 0.5149763 -0.2699003 0.8136051
vn 0.8805019 -0.2582665 0.3975109
vn 0.9125995 -0.0581650 -0.4046961
vn 0.5379192 0.1424730 -0.8308696
vn 0.2352662 0.2523152 -0.9386090
vn 0.0009218 0.3345477 -0.9423784
vn -0.2228446 0.4240437 -0.8777968
vn -0.4782692 0.5316550 -0.6990004
vn -0.7507557 0.6069097 -0.2608188
vn -0.7733489 0.4632727 0.4327932
vn -0.7842149 0.4915579 0.3786527
vn -0.4686076 0.4211205 0.7765722
vn -0.2062832 0.3350597 0.9193379
vn 0.0151748 0.2615360 0.9650744
vn 0.2464418 0.1901106 0.9503286
vn 0.5470904 0.0984165 0.8312679
vn 0.9204913 -0.0558447 0.3867520
vn 0.8802181 -0.2008740 -0.4299602
vn 0.5057602 -0.2069052 -0.8374944
vn 0.2171988 -0.1668849 -0.9617557
vn -0.0142074 -0.1076237 -0.9940902
vn -0.2491446 -0.0167666 -0.9683212
vn -0.5411991 0.1380565 -0.8294842
vn -0.8511109 0.3768104 -0.3655463
vn -0.7842149 0.4915579 0.3786527
vn -0.7993173 0.4889317 0.3493389
vn -0.4654523 0.4917393 0.7358985
vn -0.2029709 0.4448295 0.8723127
vn 0.0149115 0.3937786 0.9190844
vn 0.2429717 0.3332153 0.9110062
vn 0.5438710 0.2349492 0.8056074
vn 0.9247975 0.0200773 0.3799296
vn 0.8738669 -0.2500763 -0.4169154
vn 0.4978076 -0.3195683 -0.8062653
vn 0.2150844 -0.3024407 -0.9285840
vn -0.0115547 -0.2559588 -0.9666186
vn -0.2442044 -0.1766507 -0.9534982
vn -0.5423140 -0.0266037 -0.8397546
vn -0.8780970 0.2600141 -0.4016693
vn -0.7993173 0.4889317 0.3493389
vn -0.8111727 0.4818981 0.3313202
vn -0.4712948 0.5067098 0.7218908
vn -0.2068112 0.4698583 0.8581739
vn 0.0105600 0.4247657 0.9052417
vn 0.2368309 0.3681732 0.8990882
vn 0.5352865 0.2716095 0.7998104
vn 0.9196682 0.0481116 0.3897380
vn 0.8793817 -0.2553367 -0.4018595
vn 0.5017744 -0.3451347 -0.7931611
vn 0.2187318 -0.3362581 -0.9160169
vn -0.0068109 -0.2952215 -0.9554046
vn -0.2376007 -0.2214053 -0.9457936
vn -0.5346216 -0.0770246 -0.8415741
vn -0.8803511 0.2164468 -0.4220578
vn -0.8111727 0.4818981 0.3313202
vn -0.4559546 0.8896636 0.0245771
vn -0.3196162 0.8775913 0.3573220
vn -0.1586707 0.8299351 0.5348190
vn 0.0017408 0.7949924 0.6066169
vn 0.1712711 0.7842084 0.5963920
vn 0.3674621 0.7964225 0.4802945
vn 0.5796771 0.7969355 0.1699066
vn 0.6528034 0.6675915 -0.3580073
vn 0.4755880 0.4417365 -0.7607134
vn 0.2440369 0.3117560 -0.9182887
vn 0.0381056 0.2973027 -0.9540226
vn -0.1553803 0.3797395 -0.9119511
vn -0.3439781 0.5548965 -0.7574754
vn -0.4760239 0.7727089 -0.4199074
vn -0.4559546 0.8896636 0.0245771
vn -0.0627470 -0.7983264 -0.5989472
vn 0.0315678 0.9840056 -0.1753181
s 1
f 2214/2214/2214 2215/2215/2215 2230/2230/2230
f 2214/2214/2214 2230/2230/2230 2229/2229/2229
f 2215/2215/2215 2216/2216/2216 2231/2231/2231
f 2215/2215/2215 2231/2231/2231 2230/2230/2230
f 2216/2216/2216 2217/2217/2217 2232/2232/2232
f 2216/2216/2216 2232/2232/2232 2231/2231/2231
f 2217/2217/2217 2218/2218/2218 2233/2233/2233
f 2217/2217/2217 2233/2233/2233 2232/2232/2232
f 2218/2218/2218 2219/2219/2219 2234/2234/2234
f 2218/2218/2218 2234/2234/2234 2233/2233/2233
f 2219/2219/2219 2220/2220/2220 2235/2235/2235
f 2219/2219/2219 2235/2235/2235 2234/2234/2234
f 2220/2220/2220 2221/2221/2221 2236/2236/2236
f 2220/2220/2220 2236/2236/2236 2235/2235/2235
f 2221/2221/2221 2222/2222/2222 2237/2237/2237
f 2221/2221/2221 2237/2237/2237 2236/2236/2236
f 2222/2222/2222 2223/2223/2223 2238/2238/2238
f 2222/2222/2222 2238/2238/2238 2237/2237/2237
f 2223/2223/2223 2224/2224/2224 2239/2239/2239
f 2223/2223/2223 2239/2239/2239 2238/2238/2238
f 2224/2224/2224 2225/2225/2225 2240/2240/2240
f 2224/2224/2224 2240/2240/2240 2239/2239/2239
f 2225/2225/2225 2226/2226/2226 2241/2241/2241
f 2225/2225/2225 2241/2241/2241 2240/2240/2240
f 2226/2226/2226 2227/2227/2227 2242/2242/2242
f 2226/2226/2226 2242/2242/2242 2241/2241/2241
f 2227/2227/2227 2228/2228/2228 2243/2243/2243
f 2227/2227/2227 2243/2243/2243 2242/2242/2242
f 2229/2229/2229 2230/2230/2230 2245/2245/2245
f 2229/2229/2229 2245/2245/2245 2244/2244/2244
f 2230/2230/2230 2231/2231/2231 2246/2246/2246
f 2230/2230/2230 2246/2246/2246 2245/2245/2245
f 2231/2231/2231 2232/2232/2232 2247/2247/2247
f 2231/2231/2231 2247/2247/2247 2246/2246/2246
f 2232/2232/2232 2233/2233/2233 2248/2248/2248
f 2232/2232/2232 2248/2248/2248 2247/2247/2247
f 2233/2233/2233 2234/2234/2234 2249/2249/2249
f 2233/2233/2233 2249/2249/2249 2248/2248/2248
f 2234/2234/2234 2235/2235/2235 2250/2250/2250
f 2234/2234/2234 2250/2250/2250 2249/2249/2249
f 2235/2235/2235 2236/2236/2236 2251/2251/2251
f 2235/2235/2235 2251/2251/2251 2250/2250/2250
f 2236/2236/2236 2237/2237/2237 2252/2252/2252
f 2236/2236/2236 2252/2252/2252 2251/2251/2251
f 2237/2237/2237 2238/2238/2238 2253/2253/2253
f 2237/2237/2237 2253/2253/2253 2252/2252/2252
f 2238/2238/2238 2239/2239/2239 2254/2254/2254
f 2238/2238/2238 2254/2254/2254 2253/2253/2253
f 2239/2239/2239 2240/2240/2240 2255/2255/2255
f 2239/2239/2239 2255/2255/2255 2254/2254/2254
f 2240/2240/2240 2241/2241/2241 2256/2256/2256
f 2240/2240/2240 2256/2256/2256 2255/2255/2255
f 2241/2241/2241 2242/2242/2242 2257/2257/2257
f 2241/2241/2241 2257/2257/2257 2256/2256/2256
f 2242/2242/2242 2243/2243/2243 2258/2258/2258
f 2242/2242/2242 2258/2258/2258 2257/2257/2257
f 2244/2244/2244 2245/2245/2245 2260/2260/2260
f 2244/2244/2244 2260/2260/2260 2259/2259/2259
f 2245/2245/2245 2246/2246/2246 2261/2261/2261
f 2245/2245/2245 2261/2261/2261 2260/2260/2260
f 2246/2246/2246 2247/2247/2247 2262/2262/2262
f 2246/2246/2246 2262/2262/2262 2261/2261/2261
f 2247/2247/2247 2248/2248/2248 2263/2263/2263
f 2247/2247/2247 2263/2263/2263 2262/2262/2262
f 2248/2248/2248 2249/2249/2249 2264/2264/2264
f 2248/2248/2248 2264/2264/2264 2263/2263/2263
f 2249/2249/2249 2250/2250/2250 2265/2265/2265
f 2249/2249/2249 2265/2265/2265 2264/2264/2264
f 2250/2250/2250 2251/2251/2251 2266/2266/2266
f 2250/2250/2250 2266/2266/2266 2265/2265/2265
f 2251/2251/2251 2252/2252/2252 2267/2267/2267
f 2251/2251/2251 2267/2267/2267 2266/2266/2266
f 2252/2252/2252 2253/2253/2253 2268/2268/2268
f 2252/2252/2252 2268/2268/2268 2267/2267/2267
f 2253/2253/2253 2254/2254/2254 2269/2269/2269
f 2253/2253/2253 2269/2269/2269 2268/2268/2268
f 2254/2254/2254 2255/2255/2255 2270/2270/2270
f 2254/2254/2254 2270/2270/2270 2269/2269/2269
f 2255/2255/2255 2256/2256/2256 2271/2271/2271
f 2255/2255/2255 2271/2271/2271 2270/2270/2270
f 2256/2256/2256 2257/2257/2257 2272/2272/2272
f 2256/2256/2256 2272/2272/2272 2271/2271/2271
f 2257/2257/2257 2258/2258/2258 2273/2273/2273
f 2257/2257/2257 2273/2273/2273 2272/2272/2272
f 2259/2259/2259 2260/2260/2260 2275/2275/2275
f 2259/2259/2259 2275/2275/2275 2274/2274/2274
f 2260/2260/2260 2261/2261/2261 2276/2276/2276
f 2260/2260/2260 2276/2276/2276 2275/2275/2275
f 2261/2261/2261 2262/2262/2262 2277/2277/2277
f 2261/2261/2261 2277/2277/2277 2276/2276/2276
f 2262/2262/2262 2263/2263/2263 2278/2278/2278
f 2262/2262/2262 2278/2278/2278 2277/2277/2277
f 2263/2263/2263 2264/2264/2264 2279/2279/2279
f 2263/2263/2263 2279/2279/2279 2278/2278/2278
f 2264/2264/2264 2265/2265/2265 2280/2280/2280
f 2264/2264/2264 2280/2280/2280 2279/2279/2279
f 2265/2265/2265 2266/2266/2266 2281/2281/2281
f 2265/2265/2265 2281/2281/2281 2280/2280/2280
f 2266/2266/2266 2267/2267/2267 2282/2282/2282
f 2266/2266/2266 2282/2282/2282 2281/2281/2281
f 2267/2267/2267 2268/2268/2268 2283/2283/2283
f 2267/2267/2267 2283/2283/2283 2282/2282/2282
f 2268/2268/2268 2269/2269/2269 2284/2284/2284
f 2268/2268/2268 2284/2284/2284 2283/2283/2283
f 2269/2269/2269 2270/2270/2270 2285/2285/2285
f 2269/2269/2269 2285/2285/2285 2284/2284/2284
f 2270/2270/2270 2271/2271/2271 2286/2286/2286
f 2270/2270/2270 2286/2286/2286 2285/2285/2285
f 2271/2271/2271 2272/2272/2272 2287/2287/2287
f 2271/2271/2271 2287/2287/2287 2286/2286/2286
f 2272/2272/2272 2273/2273/2273 2288/2288/2288
f 2272/2272/2272 2288/2288/2288 2287/2287/2287
f 2274/2274/2274 2275/2275/2275 2290/2290/2290
f 2274/2274/2274 2290/2290/2290 2289/2289/2289
f 2275/2275/2275 2276/2276/2276 2291/2291/2291
f 2275/2275/2275 2291/2291/2291 2290/2290/2290
f 2276/2276/2276 2277/2277/2277 2292/2292/2292
f 2276/2276/2276 2292/2292/2292 2291/2291/2291
f 2277/2277/2277 2278/2278/2278 2293/2293/2293
f 2277/2277/2277 2293/2293/2293 2292/2292/2292
f 2278/2278/2278 2279/2279/2279 2294/2294/2294
f 2278/2278/2278 2294/2294/2294 2293/2293/2293
f 2279/2279/2279 2280/2280/2280 2295/2295/2295
f 2279/2279/2279 2295/2295/2295 2294/2294/2294
f 2280/2280/2280 2281/2281/2281 2296/2296/2296
f 2280/2280/2280 2296/2296/2296 2295/2295/2295
f 2281/2281/2281 2282/2282/2282 2297/2297/2297
f 2281/2281/2281 2297/2297/2297 2296/2296/2296
f 2282/2282/2282 2283/2283/2283 2298/2298/2298
f 2282/2282/2282 2298/2298/2298 2297/2297/2297
f 2283/2283/2283 2284/2284/2284 2299/2299/2299
f 2283/2283/2283 2299/2299/2299 2298/2298/2298
f 2284/2284/2284 2285/2285/2285 2300/2300/2300
f 2284/2284/2284 2300/2300/2300 2299/2299/2299
f 2285/2285/2285 2286/2286/2286 2301/2301/2301
f 2285/2285/2285 2301/2301/2301 2300/2300/2300
f 2286/2286/2286 2287/2287/2287 2302/2302/2302
f 2286/2286/2286 2302/2302/2302 2301/2301/2301
f 2287/2287/2287 2288/2288/2288 2303/2303/2303
f 2287/2287/2287 2303/2303/2303 2302/2302/2302
f 2289/2289/2289 2290/2290/2290 2305/2305/2305
f 2289/2289/2289 2305/2305/2305 2304/2304/2304
f 2290/2290/2290 2291/2291/2291 2306/2306/2306
f 2290/2290/2290 2306/2306/2306 2305/2305/2305
f 2291/2291/2291 2292/2292/2292 2307/2307/2307
f 2291/2291/2291 2307/2307/2307 2306/2306/2306
f 2292/2292/2292 2293/2293/2293 2308/2308/2308
f 2292/2292/2292 2308/2308/2308 2307/2307/2307
f 2293/2293/2293 2294/2294/2294 2309/2309/2309
f 2293/2293/2293 2309/2309/2309 2308/2308/2308
f 2294/2294/2294 2295/2295/2295 2310/2310/2310
f 2294/2294/2294 2310/2310/2310 2309/2309/2309
f 2295/2295/2295 2296/2296/2296 2311/2311/2311
f 2295/2295/2295 2311/2311/2311 2310/2310/2310
f 2296/2296/2296 2297/2297/2297 2312/2312/2312
f 2296/2296/2296 2312/2312/2312 2311/2311/2311
f 2297/2297/2297 2298/2298/2298 2313/2313/2313
f 2297/2297/2297 2313/2313/2313 2312/2312/2312
f 2298/2298/2298 2299/2299/2299 2314/2314/2314
f 2298/2298/2298 2314/2314/2314 2313/2313/2313
f 2299/2299/2299 2300/2300/2300 2315/2315/2315
f 2299/2299/2299 2315/2315/2315 2314/2314/2314
f 2300/2300/2300 2301/2301/2301 2316/2316/2316
f 2300/2300/2300 2316/2316/2316 2315/2315/2315
f 2301/2301/2301 2302/2302/2302 2317/2317/2317
f 2301/2301/2301 2317/2317/2317 2316/2316/2316
f 2302/2302/2302 2303/2303/2303 2318/2318/2318
f 2302/2302/2302 2318/2318/2318 2317/2317/2317
f 2304/2304/2304 2305/2305/2305 2320/2320/2320
f 2304/2304/2304 2320/2320/2320 2319/2319/2319
f 2305/2305/2305 2306/2306/2306 2321/2321/2321
f 2305/2305/2305 2321/2321/2321 2320/2320/2320
f 2306/2306/2306 2307/2307/2307 2322/2322/2322
f 2306/2306/2306 2322/2322/2322 2321/2321/2321
f 2307/2307/2307 2308/2308/2308 2323/2323/2323
f 2307/2307/2307 2323/2323/2323 2322/2322/2322
f 2308/2308/2308 2309/2309/2309 2324/2324/2324
f 2308/2308/2308 2324/2324/2324 2323/2323/2323
f 2309/2309/2309 2310/2310/2310 2325/2325/2325
f 2309/2309/2309 2325/2325/2325 2324/2324/2324
f 2310/2310/2310 2311/2311/2311 2326/2326/2326
f 2310/2310/2310 2326/2326/2326 2325/2325/2325
f 2311/2311/2311 2312/2312/2312 2327/2327/2327
f 2311/2311/2311 2327/2327/2327 2326/2326/2326
f 2312/2312/2312 2313/2313/2313 2328/2328/2328
f 2312/2312/2312 2328/2328/2328 2327/2327/2327
f 2313/2313/2313 2314/2314/2314 2329/2329/2329
f 2313/2313/2313 2329/2329/2329 2328/2328/2328
f 2314/2314/2314 2315/2315/2315 2330/2330/2330
f 2314/2314/2314 2330/2330/2330 2329/2329/2329
f 2315/2315/2315 2316/2316/2316 2331/2331/2331
f 2315/2315/2315 2331/2331/2331 2330/2330/2330
f 2316/2316/2316 2317/2317/2317 2332/2332/2332
f 2316/2316/2316 2332/2332/2332 2331/2331/2331
f 2317/2317/2317 2318/2318/2318 2333/2333/2333
f 2317/2317/2317 2333/2333/2333 2332/2332/2332
f 2319/2319/2319 2320/2320/2320 2335/2335/2335
f 2319/2319/2319 2335/2335/2335 2334/2334/2334
f 2320/2320/2320 2321/2321/2321 2336/2336/2336
f 2320/2320/2320 2336/2336/2336 2335/2335/2335
f 2321/2321/2321 2322/2322/2322 2337/2337/2337
f 2321/2321/2321 2337/2337/2337 2336/2336/2336
f 2322/2322/2322 2323/2323/2323 2338/2338/2338
f 2322/2322/2322 2338/2338/2338 2337/2337/2337
f 2323/2323/2323 2324/2324/2324 2339/2339/2339
f 2323/2323/2323 2339/2339/2339 2338/2338/2338
f 2324/2324/2324 2325/2325/2325 2340/2340/2340
f 2324/2324/2324 2340/2340/2340 2339/2339/2339
f 2325/2325/2325 2326/2326/2326 2341/2341/2341
f 2325/2325/2325 2341/2341/2341 2340/2340/2340
f 2326/2326/2326 2327/2327/2327 2342/2342/2342
f 2326/2326/2326 2342/2342/2342 2341/2341/2341
f 2327/2327/2327 2328/2328/2328 2343/2343/2343
f 2327/2327/2327 2343/2343/2343 2342/2342/2342
f 2328/2328/2328 2329/2329/2329 2344/2344/2344
f 2328/2328/2328 2344/2344/2344 2343/2343/2343
f 2329/2329/2329 2330/2330/2330 2345/2345/2345
f 2329/2329/2329 2345/2345/2345 2344/2344/2344
f 2330/2330/2330 2331/2331/2331 2346/2346/2346
f 2330/2330/2330 2346/2346/2346 2345/2345/2345
f 2331/2331/2331 2332/2332/2332 2347/2347/2347
f 2331/2331/2331 2347/2347/2347 2346/2346/2346
f 2332/2332/2332 2333/2333/2333 2348/2348/2348
f 2332/2332/2332 2348/2348/2348 2347/2347/2347
f 2349/2349/2349 2215/2215/2215 2214/2214/2214
f 2349/2349/2349 2216/2216/2216 2215/2215/2215
f 2349/2349/2349 2217/2217/2217 2216/2216/2216
f 2349/2349/2349 2218/2218/2218 2217/2217/2217
f 2349/2349/2349 2219/2219/2219 2218/2218/2218
f 2349/2349/2349 2220/2220/2220 2219/2219/2219
f 2349/2349/2349 2221/2221/2221 2220/2220/2220
f 2349/2349/2349 2222/2222/2222 2221/2221/2221
f 2349/2349/2349 2223/2223/2223 2222/2222/2222
f 2349/2349/2349 2224/2224/2224 2223/2223/2223
f 2349/2349/2349 2225/2225/2225 2224/2224/2224
f 2349/2349/2349 2226/2226/2226 2225/2225/2225
f 2349/2349/2349 2227/2227/2227 2226/2226/2226
f 2349/2349/2349 2228/2228/2228 2227/2227/2227
f 2350/2350/2350 2334/2334/2334 2335/2335/2335
f 2350/2350/2350 2335/2335/2335 2336/2336/2336
f 2350/2350/2350 2336/2336/2336 2337/2337/2337
f 2350/2350/2350 2337/2337/2337 2338/2338/2338
f 2350/2350/2350 2338/2338/2338 2339/2339/2339
f 2350/2350/2350 2339/2339/2339 2340/2340/2340
f 2350/2350/2350 2340/2340/2340 2341/2341/2341
f 2350/2350/2350 2341/2341/2341 2342/2342/2342
f 2350/2350/2350 2342/2342/2342 2343/2343/2343
f 2350/2350/2350 2343/2343/2343 2344/2344/2344
f 2350/2350/2350 2344/2344/2344 2345/2345/2345
f 2350/2350/2350 2345/2345/2345 2346/2346/2346
f 2350/2350/2350 2346/2346/2346 2347/2347/2347
f 2350/2350/2350 2347/2347/2347 2348/2348/2348
o Palm_-1
v 4.931517 46.988406 11.091902
v 5.822805 47.048554 11.091902
v 5.779183 47.048554 10.953905
v 5.652584 47.048554 10.829416
v 5.455403 47.048554 10.730621
v 5.206940 47.048554 10.667191
v 4.931517 47.048554 10.645334
v 4.656094 47.048554 10.667191
v 4.407631 47.048554 10.730621
v 4.210450 47.048554 10.829416
v 4.083851 47.048554 10.953905
v 4.040229 47.048554 11.091902
v 4.083851 47.048554 11.229899
v 4.210450 47.048554 11.354388
v 4.407631 47.048554 11.453184
v 4.656094 47.048554 11.516614
v 4.931517 47.048554 11.538470
v 5.206940 47.048554 11.516614
v 5.455403 47.048554 11.453184
v 5.652584 47.048554 11.354388
v 5.779183 47.048554 11.229899
v 5.822805 47.048554 11.091902
v 6.653354 47.224900 11.091902
v 6.569081 47.224900 10.825312
v 6.324512 47.224900 10.584818
v 5.943587 47.224900 10.393960
v 5.463594 47.224900 10.271422
v 4.931517 47.224900 10.229199
v 4.399440 47.224900 10.271422
v 3.919447 47.224900 10.393960
v 3.538522 47.224900 10.584818
v 3.293953 47.224900 10.825312
v 3.209680 47.224900 11.091902
v 3.293953 47.224900 11.358492
v 3.538522 47.224900 11.598987
v 3.919447 47.224900 11.789844
v 4.399440 47.224900 11.912382
v 4.931517 47.224900 11.954606
v 5.463594 47.224900 11.912382
v 5.943587 47.224900 11.789844
v 6.324512 47.224900 11.598987
v 6.569081 47.224900 11.358492
v 6.653354 47.224900 11.091902
v 7.366562 47.505426 11.091902
v 7.247383 47.505426 10.714887
v 6.901510 47.505426 10.374777
v 6.362801 47.505426 10.104863
v 5.683987 47.505426 9.931569
v 4.931517 47.505426 9.871855
v 4.179047 47.505426 9.931569
v 3.500233 47.505426 10.104863
v 2.961524 47.505426 10.374777
v 2.615651 47.505426 10.714887
v 2.496472 47.505426 11.091902
v 2.615651 47.505426 11.468918
v 2.961524 47.505426 11.809028
v 3.500233 47.505426 12.078941
v 4.179047 47.505426 12.252236
v 4.931517 47.505426 12.311949
v 5.683987 47.505426 12.252236
v 6.362801 47.505426 12.078941
v 6.901510 47.505426 11.809028
v 7.247383 47.505426 11.468918
v 7.366562 47.505426 11.091902
v 7.913826 47.871014 11.091902
v 7.767861 47.871014 10.630155
v 7.344256 47.871014 10.213606
v 6.684474 47.871014 9.883032
v 5.853101 47.871014 9.670790
v 4.931517 47.871014 9.597656
v 4.009933 47.871014 9.670790
v 3.178560 47.871014 9.883032
v 2.518778 47.871014 10.213606
v 2.095172 47.871014 10.630155
v 1.949208 47.871014 11.091902
v 2.095172 47.871014 11.553650
v 2.518778 47.871014 11.970198
v 3.178560 47.871014 12.300773
v 4.009933 47.871014 12.513015
v 4.931517 47.871014 12.586149
v 5.853101 47.871014 12.513015
v 6.684474 47.871014 12.300773
v 7.344256 47.871014 11.970198
v 7.767861 47.871014 11.553650
v 7.913826 47.871014 11.091902
v 8.257850 48.296751 11.091902
v 8.095048 48.296751 10.576890
v 7.622577 48.296751 10.112290
v 6.886687 48.296751 9.743582
v 5.959411 48.296751 9.506857
v 4.931517 48.296751 9.425287
v 3.903623 48.296751 9.506857
v 2.976347 48.296751 9.743582
v 2.240457 48.296751 10.112290
v 1.767986 48.296751 10.576890
v 1.605183 48.296751 11.091902
v 1.767986 48.296751 11.606915
v 2.240457 48.296751 12.071514
v 2.976347 48.296751 12.440222
v 3.903623 48.296751 12.676948
v 4.931517 48.296751 12.758517
v 5.959411 48.296751 12.676948
v 6.886687 48.296751 12.440222
v 7.622577 48.296751 12.071514
v 8.095048 48.296751 11.606915
v 8.257850 48.296751 11.091902
v 8.375191 48.753623 11.091902
v 8.206645 48.753623 10.558722
v 7.717508 48.753623 10.077733
v 6.955658 48.753623 9.696019
v 5.995671 48.753623 9.450943
v 4.931517 48.753623 9.366495
v 3.867363 48.753623 9.450943
v 2.907376 48.753623 9.696019
v 2.145526 48.753623 10.077733
v 1.656388 48.753623 10.558722
v 1.487843 48.753623 11.091902
v 1.656388 48.753623 11.625082
v 2.145526 48.753623 12.106071
v 2.907376 48.753623 12.487786
v 3.867363 48.753623 12.732862
v 4.931517 48.753623 12.817309
v 5.995671 48.753623 12.732862
v 6.955658 48.753623 12.487786
v 7.717508 48.753623 12.106071
v 8.206645 48.753623 11.625082
v 8.375191 48.753623 11.091902
v 8.257850 49.210495 11.091902
v 8.095048 49.210495 10.576890
v 7.622577 49.210495 10.112290
v 6.886687 49.210495 9.743582
v 5.959411 49.210495 9.506857
v 4.931517 49.210495 9.425287
v 3.903623 49.210495 9.506857
v 2.976347 49.210495 9.743582
v 2.240457 49.210495 10.112290
v 1.767986 49.210495 10.576890
v 1.605183 49.210495 11.091902
v 1.767986 49.210495 11.606915
v 2.240457 49.210495 12.071514
v 2.976347 49.210495 12.440222
v 3.903623 49.210495 12.676948
v 4.931517 49.210495 12.758517
v 5.959411 49.210495 12.676948
v 6.886687 49.210495 12.440222
v 7.622577 49.210495 12.071514
v 8.095048 49.210495 11.606915
v 8.257850 49.210495 11.091902
v 7.913826 49.636232 11.091902
v 7.767861 49.636232 10.630155
v 7.344256 49.636232 10.213606
v 6.684474 49.636232 9.883032
v 5.853101 49.636232 9.670790
v 4.931517 49.636232 9.597656
v 4.009933 49.636232 9.670790
v 3.178560 49.636232 9.883032
v 2.518778 49.636232 10.213606
v 2.095172 49.636232 10.630155
v 1.949208 49.636232 11.091902
v 2.095172 49.636232 11.553650
v 2.518778 49.636232 11.970198
v 3.178560 49.636232 12.300773
v 4.009933 49.636232 12.513015
v 4.931517 49.636232 12.586149
v 5.853101 49.636232 12.513015
v 6.684474 49.636232 12.300773
v 7.344256 49.636232 11.970198
v 7.767861 49.636232 11.553650
v 7.913826 49.636232 11.091902
v 7.366562 50.001820 11.091902
v 7.247383 50.001820 10.714887
v 6.901510 50.001820 10.374777
v 6.362801 50.001820 10.104863
v 5.683987 50.001820 9.931569
v 4.931517 50.001820 9.871855
v 4.179047 50.001820 9.931569
v 3.500233 50.001820 10.104863
v 2.961524 50.001820 10.374777
v 2.615651 50.001820 10.714887
v 2.496472 50.001820 11.091902
v 2.615651 50.001820 11.468918
v 2.961524 50.001820 11.809028
v 3.500233 50.001820 12.078941
v 4.179047 50.001820 12.252236
v 4.931517 50.001820 12.311949
v 5.683987 50.001820 12.252236
v 6.362801 50.001820 12.078941
v 6.901510 50.001820 11.809028
v 7.247383 50.001820 11.468918
v 7.366562 50.001820 11.091902
v 6.653354 50.282346 11.091902
v 6.569081 50.282346 10.825312
v 6.324512 50.282346 10.584818
v 5.943587 50.282346 10.393960
v 5.463594 50.282346 10.271422
v 4.931517 50.282346 10.229199
v 4.399440 50.282346 10.271422
v 3.919447 50.282346 10.393960
v 3.538522 50.282346 10.584818
v 3.293953 50.282346 10.825312
v 3.209680 50.282346 11.091902
v 3.293953 50.282346 11.358492
v 3.538522 50.282346 11.598987
v 3.919447 50.282346 11.789844
v 4.399440 50.282346 11.912382
v 4.931517 50.282346 11.954606
v 5.463594 50.282346 11.912382
v 5.943587 50.282346 11.789844
v 6.324512 50.282346 11.598987
v 6.569081 50.282346 11.358492
v 6.653354 50.282346 11.091902
v 5.822805 50.458692 11.091902
v 5.779183 50.458692 10.953905
v 5.652584 50.458692 10.829416
v 5.455403 50.458692 10.730621
v 5.206940 50.458692 10.667191
v 4.931517 50.458692 10.645334
v 4.656094 50.458692 10.667191
v 4.407631 50.458692 10.730621
v 4.210450 50.458692 10.829416
v 4.083851 50.458692 10.953905
v 4.040229 50.458692 11.091902
v 4.083851 50.458692 11.229899
v 4.210450 50.458692 11.354388
v 4.407631 50.458692 11.453184
v 4.656094 50.458692 11.516614
v 4.931517 50.458692 11.538470
v 5.206940 50.458692 11.516614
v 5.455403 50.458692 11.453184
v 5.652584 50.458692 11.354388
v 5.779183 50.458692 11.229899
v 5.822805 50.458692 11.091902
v 4.931517 50.518841 11.091902
vt 0.5000000 0.6996875
vt 0.0865625 0.8056375
vt 0.1279062 0.8056375
vt 0.1692500 0.8056375
vt 0.2105938 0.8056375
vt 0.2519375 0.8056375
vt 0.2932813 0.8056375
vt 0.3346250 0.8056375
vt 0.3759688 0.8056375
vt 0.4173125 0.8056375
vt 0.4586563 0.8056375
vt 0.5000000 0.8056375
vt 0.5413438 0.8056375
vt 0.5826875 0.8056375
vt 0.6240313 0.8056375
vt 0.6653750 0.8056375
vt 0.7067187 0.8056375
vt 0.7480625 0.8056375
vt 0.7894062 0.8056375
vt 0.8307500 0.8056375
vt 0.8720937 0.8056375
vt 0.9134375 0.8056375
vt 0.0865625 0.7946797
vt 0.1279062 0.7946797
vt 0.1692500 0.7946797
vt 0.2105938 0.7946797
vt 0.2519375 0.7946797
vt 0.2932813 0.7946797
vt 0.3346250 0.7946797
vt 0.3759688 0.7946797
vt 0.4173125 0.7946797
vt 0.4586563 0.7946797
vt 0.5000000 0.7946797
vt 0.5413438 0.7946797
vt 0.5826875 0.7946797
vt 0.6240313 0.7946797
vt 0.6653750 0.7946797
vt 0.7067187 0.7946797
vt 0.7480625 0.7946797
vt 0.7894062 0.7946797
vt 0.8307500 0.7946797
vt 0.8720937 0.7946797
vt 0.9134375 0.7946797
vt 0.0865625 0.7772483
vt 0.1279062 0.7772483
vt 0.1692500 0.7772483
vt 0.2105938 0.7772483
vt 0.2519375 0.7772483
vt 0.2932813 0.7772483
vt 0.3346250 0.7772483
vt 0.3759688 0.7772483
vt 0.4173125 0.7772483
vt 0.4586563 0.7772483
vt 0.5000000 0.7772483
vt 0.5413438 0.7772483
vt 0.5826875 0.7772483
vt 0.6240313 0.7772483
vt 0.6653750 0.7772483
vt 0.7067187 0.7772483
vt 0.7480625 0.7772483
vt 0.7894062 0.7772483
vt 0.8307500 0.7772483
vt 0.8720937 0.7772483
vt 0.9134375 0.7772483
vt 0.0865625 0.7545312
vt 0.1279062 0.7545312
vt 0.1692500 0.7545312
vt 0.2105938 0.7545312
vt 0.2519375 0.7545312
vt 0.2932813 0.7545312
vt 0.3346250 0.7545312
vt 0.3759688 0.7545312
vt 0.4173125 0.7545312
vt 0.4586563 0.7545312
vt 0.5000000 0.7545312
vt 0.5413438 0.7545312
vt 0.5826875 0.7545312
vt 0.6240313 0.7545312
vt 0.6653750 0.7545312
vt 0.7067187 0.7545312
vt 0.7480625 0.7545312
vt 0.7894062 0.7545312
vt 0.8307500 0.7545312
vt 0.8720937 0.7545312
vt 0.9134375 0.7545312
vt 0.0865625 0.7280767
vt 0.1279062 0.7280767
vt 0.1692500 0.7280767
vt 0.2105938 0.7280767
vt 0.2519375 0.7280767
vt 0.2932813 0.7280767
vt 0.3346250 0.7280767
vt 0.3759688 0.7280767
vt 0.4173125 0.7280767
vt 0.4586563 0.7280767
vt 0.5000000 0.7280767
vt 0.5413438 0.7280767
vt 0.5826875 0.7280767
vt 0.6240313 0.7280767
vt 0.6653750 0.7280767
vt 0.7067187 0.7280767
vt 0.7480625 0.7280767
vt 0.7894062 0.7280767
vt 0.8307500 0.7280767
vt 0.8720937 0.7280767
vt 0.9134375 0.7280767
vt 0.0865625 0.6996875
vt 0.1279062 0.6996875
vt 0.1692500 0.6996875
vt 0.2105938 0.6996875
vt 0.2519375 0.6996875
vt 0.2932813 0.6996875
vt 0.3346250 0.6996875
vt 0.3759688 0.6996875
vt 0.4173125 0.6996875
vt 0.4586563 0.6996875
vt 0.5000000 0.6996875
vt 0.5413438 0.6996875
vt 0.5826875 0.6996875
vt 0.6240313 0.6996875
vt 0.6653750 0.6996875
vt 0.7067187 0.6996875
vt 0.7480625 0.6996875
vt 0.7894062 0.6996875
vt 0.8307500 0.6996875
vt 0.8720937 0.6996875
vt 0.9134375 0.6996875
vt 0.0865625 0.6712983
vt 0.1279062 0.6712983
vt 0.1692500 0.6712983
vt 0.2105938 0.6712983
vt 0.2519375 0.6712983
vt 0.2932813 0.6712983
vt 0.3346250 0.6712983
vt 0.3759688 0.6712983
vt 0.4173125 0.6712983
vt 0.4586563 0.6712983
vt 0.5000000 0.6712983
vt 0.5413438 0.6712983
vt 0.5826875 0.6712983
vt 0.6240313 0.6712983
vt 0.6653750 0.6712983
vt 0.7067187 0.6712983
vt 0.7480625 0.6712983
vt 0.7894062 0.6712983
vt 0.8307500 0.6712983
vt 0.8720937 0.6712983
vt 0.9134375 0.6712983
vt 0.0865625 0.6448438
vt 0.1279062 0.6448438
vt 0.1692500 0.6448438
vt 0.2105938 0.6448438
vt 0.2519375 0.6448438
vt 0.2932813 0.6448438
vt 0.3346250 0.6448438
vt 0.3759688 0.6448438
vt 0.4173125 0.6448438
vt 0.4586563 0.6448438
vt 0.5000000 0.6448438
vt 0.5413438 0.6448438
vt 0.5826875 0.6448438
vt 0.6240313 0.6448438
vt 0.6653750 0.6448438
vt 0.7067187 0.6448438
vt 0.7480625 0.6448438
vt 0.7894062 0.6448438
vt 0.8307500 0.6448438
vt 0.8720937 0.6448438
vt 0.9134375 0.6448438
vt 0.0865625 0.6221267
vt 0.1279062 0.6221267
vt 0.1692500 0.6221267
vt 0.2105938 0.6221267
vt 0.2519375 0.6221267
vt 0.2932813 0.6221267
vt 0.3346250 0.6221267
vt 0.3759688 0.6221267
vt 0.4173125 0.6221267
vt 0.4586563 0.6221267
vt 0.5000000 0.6221267
vt 0.5413438 0.6221267
vt 0.5826875 0.6221267
vt 0.6240313 0.6221267
vt 0.6653750 0.6221267
vt 0.7067187 0.6221267
vt 0.7480625 0.6221267
vt 0.7894062 0.6221267
vt 0.8307500 0.6221267
vt 0.8720937 0.6221267
vt 0.9134375 0.6221267
vt 0.0865625 0.6046953
vt 0.1279062 0.6046953
vt 0.1692500 0.6046953
vt 0.2105938 0.6046953
vt 0.2519375 0.6046953
vt 0.2932813 0.6046953
vt 0.3346250 0.6046953
vt 0.3759688 0.6046953
vt 0.4173125 0.6046953
vt 0.4586563 0.6046953
vt 0.5000000 0.6046953
vt 0.5413438 0.6046953
vt 0.5826875 0.6046953
vt 0.6240313 0.6046953
vt 0.6653750 0.6046953
vt 0.7067187 0.6046953
vt 0.7480625 0.6046953
vt 0.7894062 0.6046953
vt 0.8307500 0.6046953
vt 0.8720937 0.6046953
vt 0.9134375 0.6046953
vt 0.0865625 0.5937375
vt 0.1279062 0.5937375
vt 0.1692500 0.5937375
vt 0.2105938 0.5937375
vt 0.2519375 0.5937375
vt 0.2932813 0.5937375
vt 0.3346250 0.5937375
vt 0.3759688 0.5937375
vt 0.4173125 0.5937375
vt 0.4586563 0.5937375
vt 0.5000000 0.5937375
vt 0.5413438 0.5937375
vt 0.5826875 0.5937375
vt 0.6240313 0.5937375
vt 0.6653750 0.5937375
vt 0.7067187 0.5937375
vt 0.7480625 0.5937375
vt 0.7894062 0.5937375
vt 0.8307500 0.5937375
vt 0.8720937 0.5937375
vt 0.9134375 0.5937375
vt 0.5000000 0.6996875
vn 0.0000000 -1.0000000 0.0000000
vn 0.1590908 -0.9870394 -0.0210563
vn 0.1473005 -0.9820815 -0.1175524
vn 0.1206656 -0.9722115 -0.2006107
vn 0.0827719 -0.9614370 -0.2622741
vn 0.0378099 -0.9537866 -0.2980964
vn -0.0101745 -0.9519061 -0.3062210
vn -0.0573590 -0.9564188 -0.2863093
vn -0.0998516 -0.9658110 -0.2392464
vn -0.1334998 -0.9767348 -0.1678299
vn -0.1542381 -0.9849556 -0.0779294
vn -0.1590908 -0.9870394 0.0210563
vn -0.1473005 -0.9820815 0.1175524
vn -0.1206656 -0.9722115 0.2006107
vn -0.0827719 -0.9614370 0.2622741
vn -0.0378099 -0.9537866 0.2980964
vn 0.0101745 -0.9519061 0.3062210
vn 0.0573590 -0.9564188 0.2863093
vn 0.0998516 -0.9658110 0.2392464
vn 0.1334998 -0.9767348 0.1678299
vn 0.1542381 -0.9849556 0.0779294
vn 0.1590908 -0.9870394 -0.0210563
vn 0.2957813 -0.9550384 -0.0203737
vn 0.2740444 -0.9409407 -0.1988223
vn 0.2225731 -0.9111578 -0.3467746
vn 0.1524966 -0.8794827 -0.4508381
vn 0.0733300 -0.8572689 -0.5096202
vn -0.0090914 -0.8505788 -0.5257690
vn -0.0911486 -0.8609497 -0.5004573
vn -0.1689386 -0.8859428 -0.4319318
vn -0.2358684 -0.9183472 -0.3178120
vn -0.2817118 -0.9458144 -0.1614734
vn -0.2957813 -0.9550384 0.0203737
vn -0.2740444 -0.9409407 0.1988223
vn -0.2225731 -0.9111578 0.3467746
vn -0.1524966 -0.8794827 0.4508381
vn -0.0733300 -0.8572689 0.5096202
vn 0.0090914 -0.8505788 0.5257690
vn 0.0911486 -0.8609497 0.5004573
vn 0.1689386 -0.8859428 0.4319318
vn 0.2358684 -0.9183472 0.3178120
vn 0.2817118 -0.9458144 0.1614734
vn 0.2957813 -0.9550384 -0.0203737
vn 0.4644122 -0.8854177 -0.0188885
vn 0.4243362 -0.8563147 -0.2943875
vn 0.3331225 -0.7968359 -0.5040654
vn 0.2216029 -0.7395313 -0.6355986
vn 0.1066910 -0.7022947 -0.7038460
vn -0.0073828 -0.6907210 -0.7230837
vn -0.1215601 -0.7057250 -0.6979794
vn -0.2364589 -0.7460503 -0.6224918
vn -0.3466540 -0.8050083 -0.4814484
vn -0.4331266 -0.8625555 -0.2615327
vn -0.4644122 -0.8854177 0.0188885
vn -0.4243362 -0.8563147 0.2943875
vn -0.3331225 -0.7968359 0.5040654
vn -0.2216029 -0.7395313 0.6355986
vn -0.1066910 -0.7022947 0.7038460
vn 0.0073828 -0.6907210 0.7230837
vn 0.1215601 -0.7057250 0.6979794
vn 0.2364589 -0.7460503 0.6224918
vn 0.3466540 -0.8050083 0.4814484
vn 0.4331266 -0.8625555 0.2615327
vn 0.4644122 -0.8854177 -0.0188885
vn 0.6695380 -0.7426089 -0.0158419
vn 0.5948704 -0.6964294 -0.4013917
vn 0.4418483 -0.6110227 -0.6568267
vn 0.2815671 -0.5401233 -0.7930869
vn 0.1338289 -0.4985337 -0.8564776
vn -0.0051919 -0.4857449 -0.8740852
vn -0.1445730 -0.5006409 -0.8534971
vn -0.2932569 -0.5444842 -0.7858354
vn -0.4541865 -0.6173577 -0.6423271
vn -0.6044457 -0.7022088 -0.3762289
vn -0.6695380 -0.7426089 0.0158419
vn -0.5948704 -0.6964294 0.4013917
vn -0.4418483 -0.6110227 0.6568267
vn -0.2815671 -0.5401233 0.7930869
vn -0.1338289 -0.4985337 0.8564776
vn 0.0051919 -0.4857449 0.8740852
vn 0.1445730 -0.5006409 0.8534971
vn 0.2932569 -0.5444842 0.7858354
vn 0.4541865 -0.6173577 0.6423271
vn 0.6044457 -0.7022088 0.3762289
vn 0.6695380 -0.7426089 -0.0158419
vn 0.8885171 -0.4587391 -0.0097862
vn 0.7597853 -0.4132034 -0.5019853
vn 0.5298077 -0.3394730 -0.7772142
vn 0.3243181 -0.2870541 -0.9013422
vn 0.1523641 -0.2589641 -0.9537939
vn -0.0026768 -0.2504393 -0.9681286
vn -0.1580142 -0.2595969 -0.9527019
vn -0.3308880 -0.2884537 -0.8985030
vn -0.5377257 -0.3417947 -0.7707318
vn -0.7672857 -0.4157887 -0.4882544
vn -0.8885171 -0.4587391 0.0097862
vn -0.7597853 -0.4132034 0.5019853
vn -0.5298077 -0.3394730 0.7772142
vn -0.3243181 -0.2870541 0.9013422
vn -0.1523641 -0.2589641 0.9537939
vn 0.0026768 -0.2504393 0.9681286
vn 0.1580142 -0.2595969 0.9527019
vn 0.3308880 -0.2884537 0.8985030
vn 0.5377257 -0.3417947 0.7707318
vn 0.7672857 -0.4157887 0.4882544
vn 0.8885171 -0.4587391 -0.0097862
vn 1.0000000 -0.0000000 0.0000000
vn 0.8390202 0.0000000 -0.5441002
vn 0.5677121 0.0000000 -0.8232271
vn 0.3420651 -0.0000000 -0.9396762
vn 0.1606814 0.0000000 -0.9870063
vn 0.0000000 0.0000000 -1.0000000
vn -0.1606814 -0.0000000 -0.9870063
vn -0.3420651 0.0000000 -0.9396762
vn -0.5677121 -0.0000000 -0.8232271
vn -0.8390202 -0.0000000 -0.5441002
vn -1.0000000 0.0000000 -0.0000000
vn -0.8390202 -0.0000000 0.5441002
vn -0.5677121 0.0000000 0.8232271
vn -0.3420651 -0.0000000 0.9396762
vn -0.1606814 -0.0000000 0.9870063
vn -0.0000000 -0.0000000 1.0000000
vn 0.1606814 0.0000000 0.9870063
vn 0.3420651 0.0000000 0.9396762
vn 0.5677121 -0.0000000 0.8232271
vn 0.8390202 -0.0000000 0.5441002
vn 1.0000000 -0.0000000 0.0000000
vn 0.8885171 0.4587391 0.0097862
vn 0.7672857 0.4157887 -0.4882544
vn 0.5377257 0.3417947 -0.7707318
vn 0.3308880 0.2884537 -0.8985030
vn 0.1580142 0.2595969 -0.9527019
vn 0.0026768 0.2504393 -0.9681286
vn -0.1523641 0.2589641 -0.9537939
vn -0.3243181 0.2870541 -0.9013422
vn -0.5298077 0.3394730 -0.7772142
vn -0.7597853 0.4132034 -0.5019853
vn -0.8885171 0.4587391 -0.0097862
vn -0.7672857 0.4157887 0.4882544
vn -0.5377257 0.3417947 0.7707318
vn -0.3308880 0.2884537 0.8985030
vn -0.1580142 0.2595969 0.9527019
vn -0.0026768 0.2504393 0.9681286
vn 0.1523641 0.2589641 0.9537939
vn 0.3243181 0.2870541 0.9013422
vn 0.5298077 0.3394730 0.7772142
vn 0.7597853 0.4132034 0.5019853
vn 0.8885171 0.4587391 0.0097862
vn 0.6695380 0.7426089 0.0158419
vn 0.6044457 0.7022088 -0.3762289
vn 0.4541865 0.6173577 -0.6423271
vn 0.2932569 0.5444842 -0.7858354
vn 0.1445730 0.5006409 -0.8534971
vn 0.0051919 0.4857449 -0.8740852
vn -0.1338289 0.4985337 -0.8564776
vn -0.2815671 0.5401233 -0.7930869
vn -0.4418483 0.6110227 -0.6568267
vn -0.5948704 0.6964294 -0.4013917
vn -0.6695380 0.7426089 -0.0158419
vn -0.6044457 0.7022088 0.3762289
vn -0.4541865 0.6173577 0.6423271
vn -0.2932569 0.5444842 0.7858354
vn -0.1445730 0.5006409 0.8534971
vn -0.0051919 0.4857449 0.8740852
vn 0.1338289 0.4985337 0.8564776
vn 0.2815671 0.5401233 0.7930869
vn 0.4418483 0.6110227 0.6568267
vn 0.5948704 0.6964294 0.4013917
vn 0.6695380 0.7426089 0.0158419
vn 0.4644122 0.8854177 0.0188885
vn 0.4331266 0.8625555 -0.2615327
vn 0.3466540 0.8050083 -0.4814484
vn 0.2364589 0.7460503 -0.6224918
vn 0.1215601 0.7057250 -0.6979794
vn 0.0073828 0.6907210 -0.7230837
vn -0.1066910 0.7022947 -0.7038460
vn -0.2216029 0.7395313 -0.6355986
vn -0.3331225 0.7968359 -0.5040654
vn -0.4243362 0.8563147 -0.2943875
vn -0.4644122 0.8854177 -0.0188885
vn -0.4331266 0.8625555 0.2615327
vn -0.3466540 0.8050083 0.4814484
vn -0.2364589 0.7460503 0.6224918
vn -0.1215601 0.7057250 0.6979794
vn -0.0073828 0.6907210 0.7230837
vn 0.1066910 0.7022947 0.7038460
vn 0.2216029 0.7395313 0.6355986
vn 0.3331225 0.7968359 0.5040654
vn 0.4243362 0.8563147 0.2943875
vn 0.4644122 0.8854177 0.0188885
vn 0.2957813 0.9550384 0.0203737
vn 0.2817118 0.9458144 -0.1614734
vn 0.2358684 0.9183472 -0.3178120
vn 0.1689386 0.8859428 -0.4319318
vn 0.0911486 0.8609497 -0.5004573
vn 0.0090914 0.8505788 -0.5257690
vn -0.0733300 0.8572689 -0.5096202
vn -0.1524966 0.8794827 -0.4508381
vn -0.2225731 0.9111578 -0.3467746
vn -0.2740444 0.9409407 -0.1988223
vn -0.2957813 0.9550384 -0.0203737
vn -0.2817118 0.9458144 0.1614734
vn -0.2358684 0.9183472 0.3178120
vn -0.1689386 0.8859428 0.4319318
vn -0.0911486 0.8609497 0.5004573
vn -0.0090914 0.8505788 0.5257690
vn 0.0733300 0.8572689 0.5096202
vn 0.1524966 0.8794827 0.4508381
vn 0.2225731 0.9111578 0.3467746
vn 0.2740444 0.9409407 0.1988223
vn 0.2957813 0.9550384 0.0203737
vn 0.1590908 0.9870394 0.0210563
vn 0.1542381 0.9849556 -0.0779294
vn 0.1334998 0.9767348 -0.1678299
vn 0.0998516 0.9658110 -0.2392464
vn 0.0573590 0.9564188 -0.2863093
vn 0.0101745 0.9519061 -0.3062210
vn -0.0378099 0.9537866 -0.2980964
vn -0.0827719 0.9614370 -0.2622741
vn -0.1206656 0.9722115 -0.2006107
vn -0.1473005 0.9820815 -0.1175524
vn -0.1590908 0.9870394 -0.0210563
vn -0.1542381 0.9849556 0.0779294
vn -0.1334998 0.9767348 0.1678299
vn -0.0998516 0.9658110 0.2392464
vn -0.0573590 0.9564188 0.2863093
vn -0.0101745 0.9519061 0.3062210
vn 0.0378099 0.9537866 0.2980964
vn 0.0827719 0.9614370 0.2622741
vn 0.1206656 0.9722115 0.2006107
vn 0.1473005 0.9820815 0.1175524
vn 0.1590908 0.9870394 0.0210563
vn -0.0000000 1.0000000 -0.0000000
s 1
f 2351/2351/2351 2353/2353/2353 2352/2352/2352
f 2351/2351/2351 2354/2354/2354 2353/2353/2353
f 2351/2351/2351 2355/2355/2355 2354/2354/2354
f 2351/2351/2351 2356/2356/2356 2355/2355/2355
f 2351/2351/2351 2357/2357/2357 2356/2356/2356
f 2351/2351/2351 2358/2358/2358 2357/2357/2357
f 2351/2351/2351 2359/2359/2359 2358/2358/2358
f 2351/2351/2351 2360/2360/2360 2359/2359/2359
f 2351/2351/2351 2361/2361/2361 2360/2360/2360
f 2351/2351/2351 2362/2362/2362 2361/2361/2361
f 2351/2351/2351 2363/2363/2363 2362/2362/2362
f 2351/2351/2351 2364/2364/2364 2363/2363/2363
f 2351/2351/2351 2365/2365/2365 2364/2364/2364
f 2351/2351/2351 2366/2366/2366 2365/2365/2365
f 2351/2351/2351 2367/2367/2367 2366/2366/2366
f 2351/2351/2351 2368/2368/2368 2367/2367/2367
f 2351/2351/2351 2369/2369/2369 2368/2368/2368
f 2351/2351/2351 2370/2370/2370 2369/2369/2369
f 2351/2351/2351 2371/2371/2371 2370/2370/2370
f 2351/2351/2351 2372/2372/2372 2371/2371/2371
f 2352/2352/2352 2353/2353/2353 2374/2374/2374
f 2352/2352/2352 2374/2374/2374 2373/2373/2373
f 2353/2353/2353 2354/2354/2354 2375/2375/2375
f 2353/2353/2353 2375/2375/2375 2374/2374/2374
f 2354/2354/2354 2355/2355/2355 2376/2376/2376
f 2354/2354/2354 2376/2376/2376 2375/2375/2375
f 2355/2355/2355 2356/2356/2356 2377/2377/2377
f 2355/2355/2355 2377/2377/2377 2376/2376/2376
f 2356/2356/2356 2357/2357/2357 2378/2378/2378
f 2356/2356/2356 2378/2378/2378 2377/2377/2377
f 2357/2357/2357 2358/2358/2358 2379/2379/2379
f 2357/2357/2357 2379/2379/2379 2378/2378/2378
f 2358/2358/2358 2359/2359/2359 2380/2380/2380
f 2358/2358/2358 2380/2380/2380 2379/2379/2379
f 2359/2359/2359 2360/2360/2360 2381/2381/2381
f 2359/2359/2359 2381/2381/2381 2380/2380/2380
f 2360/2360/2360 2361/2361/2361 2382/2382/2382
f 2360/2360/2360 2382/2382/2382 2381/2381/2381
f 2361/2361/2361 2362/2362/2362 2383/2383/2383
f 2361/2361/2361 2383/2383/2383 2382/2382/2382
f 2362/2362/2362 2363/2363/2363 2384/2384/2384
f 2362/2362/2362 2384/2384/2384 2383/2383/2383
f 2363/2363/2363 2364/2364/2364 2385/2385/2385
f 2363/2363/2363 2385/2385/2385 2384/2384/2384
f 2364/2364/2364 2365/2365/2365 2386/2386/2386
f 2364/2364/2364 2386/2386/2386 2385/2385/2385
f 2365/2365/2365 2366/2366/2366 2387/2387/2387
f 2365/2365/2365 2387/2387/2387 2386/2386/2386
f 2366/2366/2366 2367/2367/2367 2388/2388/2388
f 2366/2366/2366 2388/2388/2388 2387/2387/2387
f 2367/2367/2367 2368/2368/2368 2389/2389/2389
f 2367/2367/2367 2389/2389/2389 2388/2388/2388
f 2368/2368/2368 2369/2369/2369 2390/2390/2390
f 2368/2368/2368 2390/2390/2390 2389/2389/2389
f 2369/2369/2369 2370/2370/2370 2391/2391/2391
f 2369/2369/2369 2391/2391/2391 2390/2390/2390
f 2370/2370/2370 2371/2371/2371 2392/2392/2392
f 2370/2370/2370 2392/2392/2392 2391/2391/2391
f 2371/2371/2371 2372/2372/2372 2393/2393/2393
f 2371/2371/2371 2393/2393/2393 2392/2392/2392
f 2373/2373/2373 2374/2374/2374 2395/2395/2395
f 2373/2373/2373 2395/2395/2395 2394/2394/2394
f 2374/2374/2374 2375/2375/2375 2396/2396/2396
f 2374/2374/2374 2396/2396/2396 2395/2395/2395
f 2375/2375/2375 2376/2376/2376 2397/2397/2397
f 2375/2375/2375 2397/2397/2397 2396/2396/2396
f 2376/2376/2376 2377/2377/2377 2398/2398/2398
f 2376/2376/2376 2398/2398/2398 2397/2397/2397
f 2377/2377/2377 2378/2378/2378 2399/2399/2399
f 2377/2377/2377 2399/2399/2399 2398/2398/2398
f 2378/2378/2378 2379/2379/2379 2400/2400/2400
f 2378/2378/2378 2400/2400/2400 2399/2399/2399
f 2379/2379/2379 2380/2380/2380 2401/2401/2401
f 2379/2379/2379 2401/2401/2401 2400/2400/2400
f 2380/2380/2380 2381/2381/2381 2402/2402/2402
f 2380/2380/2380 2402/2402/2402 2401/2401/2401
f 2381/2381/2381 2382/2382/2382 2403/2403/2403
f 2381/2381/2381 2403/2403/2403 2402/2402/2402
f 2382/2382/2382 2383/2383/2383 2404/2404/2404
f 2382/2382/2382 2404/2404/2404 2403/2403/2403
f 2383/2383/2383 2384/2384/2384 2405/2405/2405
f 2383/2383/2383 2405/2405/2405 2404/2404/2404
f 2384/2384/2384 2385/2385/2385 2406/2406/2406
f 2384/2384/2384 2406/2406/2406 2405/2405/2405
f 2385/2385/2385 2386/2386/2386 2407/2407/2407
f 2385/2385/2385 2407/2407/2407 2406/2406/2406
f 2386/2386/2386 2387/2387/2387 2408/2408/2408
f 2386/2386/2386 2408/2408/2408 2407/2407/2407
f 2387/2387/2387 2388/2388/2388 2409/2409/2409
f 2387/2387/2387 2409/2409/2409 2408/2408/2408
f 2388/2388/2388 2389/2389/2389 2410/2410/2410
f 2388/2388/2388 2410/2410/2410 2409/2409/2409
f 2389/2389/2389 2390/2390/2390 2411/2411/2411
f 2389/2389/2389 2411/2411/2411 2410/2410/2410
f 2390/2390/2390 2391/2391/2391 2412/2412/2412
f 2390/2390/2390 2412/2412/2412 2411/2411/2411
f 2391/2391/2391 2392/2392/2392 2413/2413/2413
f 2391/2391/2391 2413/2413/2413 2412/2412/2412
f 2392/2392/2392 2393/2393/2393 2414/2414/2414
f 2392/2392/2392 2414/2414/2414 2413/2413/2413
f 2394/2394/2394 2395/2395/2395 2416/2416/2416
f 2394/2394/2394 2416/2416/2416 2415/2415/2415
f 2395/2395/2395 2396/2396/2396 2417/2417/2417
f 2395/2395/2395 2417/2417/2417 2416/2416/2416
f 2396/2396/2396 2397/2397/2397 2418/2418/2418
f 2396/2396/2396 2418/2418/2418 2417/2417/2417
f 2397/2397/2397 2398/2398/2398 2419/2419/2419
f 2397/2397/2397 2419/2419/2419 2418/2418/2418
f 2398/2398/2398 2399/2399/2399 2420/2420/2420
f 2398/2398/2398 2420/2420/2420 2419/2419/2419
f 2399/2399/2399 2400/2400/2400 2421/2421/2421
f 2399/2399/2399 2421/2421/2421 2420/2420/2420
f 2400/2400/2400 2401/2401/2401 2422/2422/2422
f 2400/2400/2400 2422/2422/2422 2421/2421/2421
f 2401/2401/2401 2402/2402/2402 2423/2423/2423
f 2401/2401/2401 2423/2423/2423 2422/2422/2422
f 2402/2402/2402 2403/2403/2403 2424/2424/2424
f 2402/2402/2402 2424/2424/2424 2423/2423/2423
f 2403/2403/2403 2404/2404/2404 2425/2425/2425
f 2403/2403/2403 2425/2425/2425 2424/2424/2424
f 2404/2404/2404 2405/2405/2405 2426/2426/2426
f 2404/2404/2404 2426/2426/2426 2425/2425/2425
f 2405/2405/2405 2406/2406/2406 2427/2427/2427
f 2405/2405/2405 2427/2427/2427 2426/2426/2426
f 2406/2406/2406 2407/2407/2407 2428/2428/2428
f 2406/2406/2406 2428/2428/2428 2427/2427/2427
f 2407/2407/2407 2408/2408/2408 2429/2429/2429
f 2407/2407/2407 2429/2429/2429 2428/2428/2428
f 2408/2408/2408 2409/2409/2409 2430/2430/2430
f 2408/2408/2408 2430/2430/2430 2429/2429/2429
f 2409/2409/2409 2410/2410/2410 2431/2431/2431
f 2409/2409/2409 2431/2431/2431 2430/2430/2430
f 2410/2410/2410 2411/2411/2411 2432/2432/2432
f 2410/2410/2410 2432/2432/2432 2431/2431/2431
f 2411/2411/2411 2412/2412/2412 2433/2433/2433
f 2411/2411/2411 2433/2433/2433 2432/2432/2432
f 2412/2412/2412 2413/2413/2413 2434/2434/2434
f 2412/2412/2412 2434/2434/2434 2433/2433/2433
f 2413/2413/2413 2414/2414/2414 2435/2435/2435
f 2413/2413/2413 2435/2435/2435 2434/2434/2434
f 2415/2415/2415 2416/2416/2416 2437/2437/2437
f 2415/2415/2415 2437/2437/2437 2436/2436/2436
f 2416/2416/2416 2417/2417/2417 2438/2438/2438
f 2416/2416/2416 2438/2438/2438 2437/2437/2437
f 2417/2417/2417 2418/2418/2418 2439/2439/2439
f 2417/2417/2417 2439/2439/2439 2438/2438/2438
f 2418/2418/2418 2419/2419/2419 2440/2440/2440
f 2418/2418/2418 2440/2440/2440 2439/2439/2439
f 2419/2419/2419 2420/2420/2420 2441/2441/2441
f 2419/2419/2419 2441/2441/2441 2440/2440/2440
f 2420/2420/2420 2421/2421/2421 2442/2442/2442
f 2420/2420/2420 2442/2442/2442 2441/2441/2441
f 2421/2421/2421 2422/2422/2422 2443/2443/2443
f 2421/2421/2421 2443/2443/2443 2442/2442/2442
f 2422/2422/2422 2423/2423/2423 2444/2444/2444
f 2422/2422/2422 2444/2444/2444 2443/2443/2443
f 2423/2423/2423 2424/2424/2424 2445/2445/2445
f 2423/2423/2423 2445/2445/2445 2444/2444/2444
f 2424/2424/2424 2425/2425/2425 2446/2446/2446
f 2424/2424/2424 2446/2446/2446 2445/2445/2445
f 2425/2425/2425 2426/2426/2426 2447/2447/2447
f 2425/2425/2425 2447/2447/2447 2446/2446/2446
f 2426/2426/2426 2427/2427/2427 2448/2448/2448
f 2426/2426/2426 2448/2448/2448 2447/2447/2447
f 2427/2427/2427 2428/2428/2428 2449/2449/2449
f 2427/2427/2427 2449/2449/2449 2448/2448/2448
f 2428/2428/2428 2429/2429/2429 2450/2450/2450
f 2428/2428/2428 2450/2450/2450 2449/2449/2449
f 2429/2429/2429 2430/2430/2430 2451/2451/2451
f 2429/2429/2429 2451/2451/2451 2450/2450/2450
f 2430/2430/2430 2431/2431/2431 2452/2452/2452
f 2430/2430/2430 2452/2452/2452 2451/2451/2451
f 2431/2431/2431 2432/2432/2432 2453/2453/2453
f 2431/2431/2431 2453/2453/2453 2452/2452/2452
f 2432/2432/2432 2433/2433/2433 2454/2454/2454
f 2432/2432/2432 2454/2454/2454 2453/2453/2453
f 2433/2433/2433 2434/2434/2434 2455/2455/2455
f 2433/2433/2433 2455/2455/2455 2454/2454/2454
f 2434/2434/2434 2435/2435/2435 2456/2456/2456
f 2434/2434/2434 2456/2456/2456 2455/2455/2455
f 2436/2436/2436 2437/2437/2437 2458/2458/2458
f 2436/2436/2436 2458/2458/2458 2457/2457/2457
f 2437/2437/2437 2438/2438/2438 2459/2459/2459
f 2437/2437/2437 2459/2459/2459 2458/2458/2458
f 2438/2438/2438 2439/2439/2439 2460/2460/2460
f 2438/2438/2438 2460/2460/2460 2459/2459/2459
f 2439/2439/2439 2440/2440/2440 2461/2461/2461
f 2439/2439/2439 2461/2461/2461 2460/2460/2460
f 2440/2440/2440 2441/2441/2441 2462/2462/2462
f 2440/2440/2440 2462/2462/2462 2461/2461/2461
f 2441/2441/2441 2442/2442/2442 2463/2463/2463
f 2441/2441/2441 2463/2463/2463 2462/2462/2462
f 2442/2442/2442 2443/2443/2443 2464/2464/2464
f 2442/2442/2442 2464/2464/2464 2463/2463/2463
f 2443/2443/2443 2444/2444/2444 2465/2465/2465
f 2443/2443/2443 2465/2465/2465 2464/2464/2464
f 2444/2444/2444 2445/2445/2445 2466/2466/2466
f 2444/2444/2444 2466/2466/2466 2465/2465/2465
f 2445/2445/2445 2446/2446/2446 2467/2467/2467
f 2445/2445/2445 2467/2467/2467 2466/2466/2466
f 2446/2446/2446 2447/2447/2447 2468/2468/2468
f 2446/2446/2446 2468/2468/2468 2467/2467/2467
f 2447/2447/2447 2448/2448/2448 2469/2469/2469
f 2447/2447/2447 2469/2469/2469 2468/2468/2468
f 2448/2448/2448 2449/2449/2449 2470/2470/2470
f 2448/2448/2448 2470/2470/2470 2469/2469/2469
f 2449/2449/2449 2450/2450/2450 2471/2471/2471
f 2449/2449/2449 2471/2471/2471 2470/2470/2470
f 2450/2450/2450 2451/2451/2451 2472/2472/2472
f 2450/2450/2450 2472/2472/2472 2471/2471/2471
f 2451/2451/2451 2452/2452/2452 2473/2473/2473
f 2451/2451/2451 2473/2473/2473 2472/2472/2472
f 2452/2452/2452 2453/2453/2453 2474/2474/2474
f 2452/2452/2452 2474/2474/2474 2473/2473/2473
f 2453/2453/2453 2454/2454/2454 2475/2475/2475
f 2453/2453/2453 2475/2475/2475 2474/2474/2474
f 2454/2454/2454 2455/2455/2455 2476/2476/2476
f 2454/2454/2454 2476/2476/2476 2475/2475/2475
f 2455/2455/2455 2456/2456/2456 2477/2477/2477
f 2455/2455/2455 2477/2477/2477 2476/2476/2476
f 2457/2457/2457 2458/2458/2458 2479/2479/2479
f 2457/2457/2457 2479/2479/2479 2478/2478/2478
f 2458/2458/2458 2459/2459/2459 2480/2480/2480
f 2458/2458/2458 2480/2480/2480 2479/2479/2479
f 2459/2459/2459 2460/2460/2460 2481/2481/2481
f 2459/2459/2459 2481/2481/2481 2480/2480/2480
f 2460/2460/2460 2461/2461/2461 2482/2482/2482
f 2460/2460/2460 2482/2482/2482 2481/2481/2481
f 2461/2461/2461 2462/2462/2462 2483/2483/2483
f 2461/2461/2461 2483/2483/2483 2482/2482/2482
f 2462/2462/2462 2463/2463/2463 2484/2484/2484
f 2462/2462/2462 2484/2484/2484 2483/2483/2483
f 2463/2463/2463 2464/2464/2464 2485/2485/2485
f 2463/2463/2463 2485/2485/2485 2484/2484/2484
f 2464/2464/2464 2465/2465/2465 2486/2486/2486
f 2464/2464/2464 2486/2486/2486 2485/2485/2485
f 2465/2465/2465 2466/2466/2466 2487/2487/2487
f 2465/2465/2465 2487/2487/2487 2486/2486/2486
f 2466/2466/2466 2467/2467/2467 2488/2488/2488
f 2466/2466/2466 2488/2488/2488 2487/2487/2487
f 2467/2467/2467 2468/2468/2468 2489/2489/2489
f 2467/2467/2467 2489/2489/2489 2488/2488/2488
f 2468/2468/2468 2469/2469/2469 2490/2490/2490
f 2468/2468/2468 2490/2490/2490 2489/2489/2489
f 2469/2469/2469 2470/2470/2470 2491/2491/2491
f 2469/2469/2469 2491/2491/2491 2490/2490/2490
f 2470/2470/2470 2471/2471/2471 2492/2492/2492
f 2470/2470/2470 2492/2492/2492 2491/2491/2491
f 2471/2471/2471 2472/2472/2472 2493/2493/2493
f 2471/2471/2471 2493/2493/2493 2492/2492/2492
f 2472/2472/2472 2473/2473/2473 2494/2494/2494
f 2472/2472/2472 2494/2494/2494 2493/2493/2493
f 2473/2473/2473 2474/2474/2474 2495/2495/2495
f 2473/2473/2473 2495/2495/2495 2494/2494/2494
f 2474/2474/2474 2475/2475/2475 2496/2496/2496
f 2474/2474/2474 2496/2496/2496 2495/2495/2495
f 2475/2475/2475 2476/2476/2476 2497/2497/2497
f 2475/2475/2475 2497/2497/2497 2496/2496/2496
f 2476/2476/2476 2477/2477/2477 2498/2498/2498
f 2476/2476/2476 2498/2498/2498 2497/2497/2497
f 2478/2478/2478 2479/2479/2479 2500/2500/2500
f 2478/2478/2478 2500/2500/2500 2499/2499/2499
f 2479/2479/2479 2480/2480/2480 2501/2501/2501
f 2479/2479/2479 2501/2501/2501 2500/2500/2500
f 2480/2480/2480 2481/2481/2481 2502/2502/2502
f 2480/2480/2480 2502/2502/2502 2501/2501/2501
f 2481/2481/2481 2482/2482/2482 2503/2503/2503
f 2481/2481/2481 2503/2503/2503 2502/2502/2502
f 2482/2482/2482 2483/2483/2483 2504/2504/2504
f 2482/2482/2482 2504/2504/2504 2503/2503/2503
f 2483/2483/2483 2484/2484/2484 2505/2505/2505
f 2483/2483/2483 2505/2505/2505 2504/2504/2504
f 2484/2484/2484 2485/2485/2485 2506/2506/2506
f 2484/2484/2484 2506/2506/2506 2505/2505/2505
f 2485/2485/2485 2486/2486/2486 2507/2507/2507
f 2485/2485/2485 2507/2507/2507 2506/2506/2506
f 2486/2486/2486 2487/2487/2487 2508/2508/2508
f 2486/2486/2486 2508/2508/2508 2507/2507/2507
f 2487/2487/2487 2488/2488/2488 2509/2509/2509
f 2487/2487/2487 2509/2509/2509 2508/2508/2508
f 2488/2488/2488 2489/2489/2489 2510/2510/2510
f 2488/2488/2488 2510/2510/2510 2509/2509/2509
f 2489/2489/2489 2490/2490/2490 2511/2511/2511
f 2489/2489/2489 2511/2511/2511 2510/2510/2510
f 2490/2490/2490 2491/2491/2491 2512/2512/2512
f 2490/2490/2490 2512/2512/2512 2511/2511/2511
f 2491/2491/2491 2492/2492/2492 2513/2513/2513
f 2491/2491/2491 2513/2513/2513 2512/2512/2512
f 2492/2492/2492 2493/2493/2493 2514/2514/2514
f 2492/2492/2492 2514/2514/2514 2513/2513/2513
f 2493/2493/2493 2494/2494/2494 2515/2515/2515
f 2493/2493/2493 2515/2515/2515 2514/2514/2514
f 2494/2494/2494 2495/2495/2495 2516/2516/2516
f 2494/2494/2494 2516/2516/2516 2515/2515/2515
f 2495/2495/2495 2496/2496/2496 2517/2517/2517
f 2495/2495/2495 2517/2517/2517 2516/2516/2516
f 2496/2496/2496 2497/2497/2497 2518/2518/2518
f 2496/2496/2496 2518/2518/2518 2517/2517/2517
f 2497/2497/2497 2498/2498/2498 2519/2519/2519
f 2497/2497/2497 2519/2519/2519 2518/2518/2518
f 2499/2499/2499 2500/2500/2500 2521/2521/2521
f 2499/2499/2499 2521/2521/2521 2520/2520/2520
f 2500/2500/2500 2501/2501/2501 2522/2522/2522
f 2500/2500/2500 2522/2522/2522 2521/2521/2521
f 2501/2501/2501 2502/2502/2502 2523/2523/2523
f 2501/2501/2501 2523/2523/2523 2522/2522/2522
f 2502/2502/2502 2503/2503/2503 2524/2524/2524
f 2502/2502/2502 2524/2524/2524 2523/2523/2523
f 2503/2503/2503 2504/2504/2504 2525/2525/2525
f 2503/2503/2503 2525/2525/2525 2524/2524/2524
f 2504/2504/2504 2505/2505/2505 2526/2526/2526
f 2504/2504/2504 2526/2526/2526 2525/2525/2525
f 2505/2505/2505 2506/2506/2506 2527/2527/2527
f 2505/2505/2505 2527/2527/2527 2526/2526/2526
f 2506/2506/2506 2507/2507/2507 2528/2528/2528
f 2506/2506/2506 2528/2528/2528 2527/2527/2527
f 2507/2507/2507 2508/2508/2508 2529/2529/2529
f 2507/2507/2507 2529/2529/2529 2528/2528/2528
f 2508/2508/2508 2509/2509/2509 2530/2530/2530
f 2508/2508/2508 2530/2530/2530 2529/2529/2529
f 2509/2509/2509 2510/2510/2510 2531/2531/2531
f 2509/2509/2509 2531/2531/2531 2530/2530/2530
f 2510/2510/2510 2511/2511/2511 2532/2532/2532
f 2510/2510/2510 2532/2532/2532 2531/2531/2531
f 2511/2511/2511 2512/2512/2512 2533/2533/2533
f 2511/2511/2511 2533/2533/2533 2532/2532/2532
f 2512/2512/2512 2513/2513/2513 2534/2534/2534
f 2512/2512/2512 2534/2534/2534 2533/2533/2533
f 2513/2513/2513 2514/2514/2514 2535/2535/2535
f 2513/2513/2513 2535/2535/2535 2534/2534/2534
f 2514/2514/2514 2515/2515/2515 2536/2536/2536
f 2514/2514/2514 2536/2536/2536 2535/2535/2535
f 2515/2515/2515 2516/2516/2516 2537/2537/2537
f 2515/2515/2515 2537/2537/2537 2536/2536/2536
f 2516/2516/2516 2517/2517/2517 2538/2538/2538
f 2516/2516/2516 2538/2538/2538 2537/2537/2537
f 2517/2517/2517 2518/2518/2518 2539/2539/2539
f 2517/2517/2517 2539/2539/2539 2538/2538/2538
f 2518/2518/2518 2519/2519/2519 2540/2540/2540
f 2518/2518/2518 2540/2540/2540 2539/2539/2539
f 2520/2520/2520 2521/2521/2521 2542/2542/2542
f 2520/2520/2520 2542/2542/2542 2541/2541/2541
f 2521/2521/2521 2522/2522/2522 2543/2543/2543
f 2521/2521/2521 2543/2543/2543 2542/2542/2542
f 2522/2522/2522 2523/2523/2523 2544/2544/2544
f 2522/2522/2522 2544/2544/2544 2543/2543/2543
f 2523/2523/2523 2524/2524/2524 2545/2545/2545
f 2523/2523/2523 2545/2545/2545 2544/2544/2544
f 2524/2524/2524 2525/2525/2525 2546/2546/2546
f 2524/2524/2524 2546/2546/2546 2545/2545/2545
f 2525/2525/2525 2526/2526/2526 2547/2547/2547
f 2525/2525/2525 2547/2547/2547 2546/2546/2546
f 2526/2526/2526 2527/2527/2527 2548/2548/2548
f 2526/2526/2526 2548/2548/2548 2547/2547/2547
f 2527/2527/2527 2528/2528/2528 2549/2549/2549
f 2527/2527/2527 2549/2549/2549 2548/2548/2548
f 2528/2528/2528 2529/2529/2529 2550/2550/2550
f 2528/2528/2528 2550/2550/2550 2549/2549/2549
f 2529/2529/2529 2530/2530/2530 2551/2551/2551
f 2529/2529/2529 2551/2551/2551 2550/2550/2550
f 2530/2530/2530 2531/2531/2531 2552/2552/2552
f 2530/2530/2530 2552/2552/2552 2551/2551/2551
f 2531/2531/2531 2532/2532/2532 2553/2553/2553
f 2531/2531/2531 2553/2553/2553 2552/2552/2552
f 2532/2532/2532 2533/2533/2533 2554/2554/2554
f 2532/2532/2532 2554/2554/2554 2553/2553/2553
f 2533/2533/2533 2534/2534/2534 2555/2555/2555
f 2533/2533/2533 2555/2555/2555 2554/2554/2554
f 2534/2534/2534 2535/2535/2535 2556/2556/2556
f 2534/2534/2534 2556/2556/2556 2555/2555/2555
f 2535/2535/2535 2536/2536/2536 2557/2557/2557
f 2535/2535/2535 2557/2557/2557 2556/2556/2556
f 2536/2536/2536 2537/2537/2537 2558/2558/2558
f 2536/2536/2536 2558/2558/2558 2557/2557/2557
f 2537/2537/2537 2538/2538/2538 2559/2559/2559
f 2537/2537/2537 2559/2559/2559 2558/2558/2558
f 2538/2538/2538 2539/2539/2539 2560/2560/2560
f 2538/2538/2538 2560/2560/2560 2559/2559/2559
f 2539/2539/2539 2540/2540/2540 2561/2561/2561
f 2539/2539/2539 2561/2561/2561 2560/2560/2560
f 2541/2541/2541 2542/2542/2542 2563/2563/2563
f 2541/2541/2541 2563/2563/2563 2562/2562/2562
f 2542/2542/2542 2543/2543/2543 2564/2564/2564
f 2542/2542/2542 2564/2564/2564 2563/2563/2563
f 2543/2543/2543 2544/2544/2544 2565/2565/2565
f 2543/2543/2543 2565/2565/2565 2564/2564/2564
f 2544/2544/2544 2545/2545/2545 2566/2566/2566
f 2544/2544/2544 2566/2566/2566 2565/2565/2565
f 2545/2545/2545 2546/2546/2546 2567/2567/2567
f 2545/2545/2545 2567/2567/2567 2566/2566/2566
f 2546/2546/2546 2547/2547/2547 2568/2568/2568
f 2546/2546/2546 2568/2568/2568 2567/2567/2567
f 2547/2547/2547 2548/2548/2548 2569/2569/2569
f 2547/2547/2547 2569/2569/2569 2568/2568/2568
f 2548/2548/2548 2549/2549/2549 2570/2570/2570
f 2548/2548/2548 2570/2570/2570 2569/2569/2569
f 2549/2549/2549 2550/2550/2550 2571/2571/2571
f 2549/2549/2549 2571/2571/2571 2570/2570/2570
f 2550/2550/2550 2551/2551/2551 2572/2572/2572
f 2550/2550/2550 2572/2572/2572 2571/2571/2571
f 2551/2551/2551 2552/2552/2552 2573/2573/2573
f 2551/2551/2551 2573/2573/2573 2572/2572/2572
f 2552/2552/2552 2553/2553/2553 2574/2574/2574
f 2552/2552/2552 2574/2574/2574 2573/2573/2573
f 2553/2553/2553 2554/2554/2554 2575/2575/2575
f 2553/2553/2553 2575/2575/2575 2574/2574/2574
f 2554/2554/2554 2555/2555/2555 2576/2576/2576
f 2554/2554/2554 2576/2576/2576 2575/2575/2575
f 2555/2555/2555 2556/2556/2556 2577/2577/2577
f 2555/2555/2555 2577/2577/2577 2576/2576/2576
f 2556/2556/2556 2557/2557/2557 2578/2578/2578
f 2556/2556/2556 2578/2578/2578 2577/2577/2577
f 2557/2557/2557 2558/2558/2558 2579/2579/2579
f 2557/2557/2557 2579/2579/2579 2578/2578/2578
f 2558/2558/2558 2559/2559/2559 2580/2580/2580
f 2558/2558/2558 2580/2580/2580 2579/2579/2579
f 2559/2559/2559 2560/2560/2560 2581/2581/2581
f 2559/2559/2559 2581/2581/2581 2580/2580/2580
f 2560/2560/2560 2561/2561/2561 2582/2582/2582
f 2560/2560/2560 2582/2582/2582 2581/2581/2581
f 2562/2562/2562 2563/2563/2563 2583/2583/2583
f 2563/2563/2563 2564/2564/2564 2583/2583/2583
f 2564/2564/2564 2565/2565/2565 2583/2583/2583
f 2565/2565/2565 2566/2566/2566 2583/2583/2583
f 2566/2566/2566 2567/2567/2567 2583/2583/2583
f 2567/2567/2567 2568/2568/2568 2583/2583/2583
f 2568/2568/2568 2569/2569/2569 2583/2583/2583
f 2569/2569/2569 2570/2570/2570 2583/2583/2583
f 2570/2570/2570 2571/2571/2571 2583/2583/2583
f 2571/2571/2571 2572/2572/2572 2583/2583/2583
f 2572/2572/2572 2573/2573/2573 2583/2583/2583
f 2573/2573/2573 2574/2574/2574 2583/2583/2583
f 2574/2574/2574 2575/2575/2575 2583/2583/2583
f 2575/2575/2575 2576/2576/2576 2583/2583/2583
f 2576/2576/2576 2577/2577/2577 2583/2583/2583
f 2577/2577/2577 2578/2578/2578 2583/2583/2583
f 2578/2578/2578 2579/2579/2579 2583/2583/2583
f 2579/2579/2579 2580/2580/2580 2583/2583/2583
f 2580/2580/2580 2581/2581/2581 2583/2583/2583
f 2581/2581/2581 2582/2582/2582 2583/2583/2583
o Finger_-1_0
v 6.579244 49.217875 12.293525
v 6.312771 49.180379 12.642110
v 5.669447 49.089855 12.786498
v 5.026123 48.999331 12.642110
v 4.759650 48.961835 12.293525
v 5.026123 48.999331 11.944940
v 5.669447 49.089855 11.800552
v 6.312771 49.180379 11.944940
v 6.579244 49.217875 12.293525
v 7.494097 48.388447 12.293525
v 7.243346 48.358456 12.614877
v 6.637980 48.286051 12.747985
v 6.032615 48.213645 12.614877
v 5.781864 48.183654 12.293525
v 6.032615 48.213645 11.972173
v 6.637980 48.286051 11.839065
v 7.243346 48.358456 11.972173
v 7.494097 48.388447 12.293525
v 8.178409 47.408696 12.293525
v 7.947866 47.408696 12.572393
v 7.391284 47.408696 12.687904
v 6.834702 47.408696 12.572393
v 6.604159 47.408696 12.293525
v 6.834702 47.408696 12.014657
v 7.391284 47.408696 11.899146
v 7.947866 47.408696 12.014657
v 8.178409 47.408696 12.293525
v 7.064113 46.863797 12.293525
v 6.939302 46.906449 12.507033
v 6.637980 47.009420 12.595471
v 6.336659 47.112391 12.507033
v 6.211847 47.155043 12.293525
v 6.336659 47.112391 12.080017
v 6.637980 47.009420 11.991579
v 6.939302 46.906449 12.080017
v 7.064113 46.863797 12.293525
v 5.889117 46.688921 12.293525
v 5.824777 46.727398 12.450388
v 5.669447 46.820290 12.515363
v 5.514117 46.913182 12.450388
v 5.449778 46.951659 12.293525
v 5.514117 46.913182 12.136662
v 5.669447 46.820290 12.071687
v 5.824777 46.727398 12.136662
v 5.889117 46.688921 12.293525
v 5.669447 49.089855 12.293525
v 5.669447 46.820290 12.293525
vt 0.0078125 0.9921875
vt 0.0078125 0.9160156
vt 0.0078125 0.8398438
vt 0.0078125 0.7636719
vt 0.0078125 0.6875000
vt 0.0078125 0.6113281
vt 0.0078125 0.5351562
vt 0.0078125 0.4589844
vt 0.0078125 0.3828125
vt 0.2539062 0.9921875
vt 0.2539062 0.9160156
vt 0.2539062 0.8398438
vt 0.2539062 0.7636719
vt 0.2539062 0.6875000
vt 0.2539062 0.6113281
vt 0.2539062 0.5351562
vt 0.2539062 0.4589844
vt 0.2539062 0.3828125
vt 0.5000000 0.9921875
vt 0.5000000 0.9160156
vt 0.5000000 0.8398438
vt 0.5000000 0.7636719
vt 0.5000000 0.6875000
vt 0.5000000 0.6113281
vt 0.5000000 0.5351562
vt 0.5000000 0.4589844
vt 0.5000000 0.3828125
vt 0.7460938 0.9921875
vt 0.7460938 0.9160156
vt 0.7460938 0.8398438
vt 0.7460938 0.7636719
vt 0.7460938 0.6875000
vt 0.7460938 0.6113281
vt 0.7460938 0.5351562
vt 0.7460938 0.4589844
vt 0.7460938 0.3828125
vt 0.9921875 0.9921875
vt 0.9921875 0.9160156
vt 0.9921875 0.8398438
vt 0.9921875 0.7636719
vt 0.9921875 0.6875000
vt 0.9921875 0.6113281
vt 0.9921875 0.5351562
vt 0.9921875 0.4589844
vt 0.9921875 0.3828125
vt 0.0078125 0.6875000
vt 0.9921875 0.6875000
vn 0.4302816 0.8927610 0.1335497
vn 0.2265588 0.6196339 0.7514818
vn -0.1015691 0.2385684 0.9657996
vn -0.5525313 -0.1643918 0.8171197
vn -0.8838506 -0.4088296 -0.2273027
vn -0.3809975 -0.0256741 -0.9242195
vn 0.0152749 0.3633272 -0.9315364
vn 0.3171194 0.7372434 -0.5965798
vn 0.4302816 0.8927610 0.1335497
vn 0.7458079 0.6659877 -0.0151985
vn 0.4136196 0.3631055 0.8349091
vn 0.0126752 -0.0354888 0.9992897
vn -0.3658772 -0.4468417 0.8163739
vn -0.6436778 -0.7648383 0.0264815
vn -0.3793144 -0.4734325 -0.7949731
vn 0.0038060 -0.0656891 -0.9978329
vn 0.4072613 0.3343418 -0.8499140
vn 0.7458079 0.6659877 -0.0151985
vn 0.9743456 -0.1912460 -0.1186408
vn 0.4936437 -0.0428969 0.8686056
vn 0.0440697 -0.0353069 0.9984044
vn -0.3670504 -0.1573966 0.9167880
vn -0.8966429 -0.4098154 0.1675794
vn -0.4736777 -0.2798921 -0.8350388
vn -0.0293679 -0.1818942 -0.9828794
vn 0.3952704 -0.1848270 -0.8997779
vn 0.9743456 -0.1912460 -0.1186408
vn 0.3096089 -0.9500158 -0.0401536
vn 0.2439850 -0.7637401 0.5976391
vn 0.0038300 -0.1900778 0.9817616
vn -0.2817912 0.5762658 0.7671450
vn -0.3865565 0.9217901 0.0296171
vn -0.3171353 0.6231321 -0.7149347
vn -0.0621010 -0.1607135 -0.9850455
vn 0.1911523 -0.7425481 -0.6419370
vn 0.3096089 -0.9500158 -0.0401536
vn 0.0719010 -0.9922249 -0.1015876
vn 0.0447410 -0.9128121 0.4059215
vn -0.1001180 -0.4549002 0.8848967
vn -0.3200510 0.4417606 0.8381020
vn -0.3996537 0.9026386 0.1597515
vn -0.3748669 0.7257358 -0.5768730
vn -0.2021871 -0.0969082 -0.9745405
vn -0.0008222 -0.7880516 -0.6156087
vn 0.0719010 -0.9922249 -0.1015876
vn -0.1393402 0.9902446 0.0000000
vn -0.5132520 -0.8582379 -0.0000000
s 1
f 2584/2584/2584 2585/2585/2585 2594/2594/2594
f 2584/2584/2584 2594/2594/2594 2593/2593/2593
f 2585/2585/2585 2586/2586/2586 2595/2595/2595
f 2585/2585/2585 2595/2595/2595 2594/2594/2594
f 2586/2586/2586 2587/2587/2587 2596/2596/2596
f 2586/2586/2586 2596/2596/2596 2595/2595/2595
f 2587/2587/2587 2588/2588/2588 2597/2597/2597
f 2587/2587/2587 2597/2597/2597 2596/2596/2596
f 2588/2588/2588 2589/2589/2589 2598/2598/2598
f 2588/2588/2588 2598/2598/2598 2597/2597/2597
f 2589/2589/2589 2590/2590/2590 2599/2599/2599
f 2589/2589/2589 2599/2599/2599 2598/2598/2598
f 2590/2590/2590 2591/2591/2591 2600/2600/2600
f 2590/2590/2590 2600/2600/2600 2599/2599/2599
f 2591/2591/2591 2592/2592/2592 2601/2601/2601
f 2591/2591/2591 2601/2601/2601 2600/2600/2600
f 2593/2593/2593 2594/2594/2594 2603/2603/2603
f 2593/2593/2593 2603/2603/2603 2602/2602/2602
f 2594/2594/2594 2595/2595/2595 2604/2604/2604
f 2594/2594/2594 2604/2604/2604 2603/2603/2603
f 2595/2595/2595 2596/2596/2596 2605/2605/2605
f 2595/2595/2595 2605/2605/2605 2604/2604/2604
f 2596/2596/2596 2597/2597/2597 2606/2606/2606
f 2596/2596/2596 2606/2606/2606 2605/2605/2605
f 2597/2597/2597 2598/2598/2598 2607/2607/2607
f 2597/2597/2597 2607/2607/2607 2606/2606/2606
f 2598/2598/2598 2599/2599/2599 2608/2608/2608
f 2598/2598/2598 2608/2608/2608 2607/2607/2607
f 2599/2599/2599 2600/2600/2600 2609/2609/2609
f 2599/2599/2599 2609/2609/2609 2608/2608/2608
f 2600/2600/2600 2601/2601/2601 2610/2610/2610
f 2600/2600/2600 2610/2610/2610 2609/2609/2609
f 2602/2602/2602 2603/2603/2603 2612/2612/2612
f 2602/2602/2602 2612/2612/2612 2611/2611/2611
f 2603/2603/2603 2604/2604/2604 2613/2613/2613
f 2603/2603/2603 2613/2613/2613 2612/2612/2612
f 2604/2604/2604 2605/2605/2605 2614/2614/2614
f 2604/2604/2604 2614/2614/2614 2613/2613/2613
f 2605/2605/2605 2606/2606/2606 2615/2615/2615
f 2605/2605/2605 2615/2615/2615 2614/2614/2614
f 2606/2606/2606 2607/2607/2607 2616/2616/2616
f 2606/2606/2606 2616/2616/2616 2615/2615/2615
f 2607/2607/2607 2608/2608/2608 2617/2617/2617
f 2607/2607/2607 2617/2617/2617 2616/2616/2616
f 2608/2608/2608 2609/2609/2609 2618/2618/2618
f 2608/2608/2608 2618/2618/2618 2617/2617/2617
f 2609/2609/2609 2610/2610/2610 2619/2619/2619
f 2609/2609/2609 2619/2619/2619 2618/2618/2618
f 2611/2611/2611 2612/2612/2612 2621/2621/2621
f 2611/2611/2611 2621/2621/2621 2620/2620/2620
f 2612/2612/2612 2613/2613/2613 2622/2622/2622
f 2612/2612/2612 2622/2622/2622 2621/2621/2621
f 2613/2613/2613 2614/2614/2614 2623/2623/2623
f 2613/2613/2613 2623/2623/2623 2622/2622/2622
f 2614/2614/2614 2615/2615/2615 2624/2624/2624
f 2614/2614/2614 2624/2624/2624 2623/2623/2623
f 2615/2615/2615 2616/2616/2616 2625/2625/2625
f 2615/2615/2615 2625/2625/2625 2624/2624/2624
f 2616/2616/2616 2617/2617/2617 2626/2626/2626
f 2616/2616/2616 2626/2626/2626 2625/2625/2625
f 2617/2617/2617 2618/2618/2618 2627/2627/2627
f 2617/2617/2617 2627/2627/2627 2626/2626/2626
f 2618/2618/2618 2619/2619/2619 2628/2628/2628
f 2618/2618/2618 2628/2628/2628 2627/2627/2627
f 2629/2629/2629 2585/2585/2585 2584/2584/2584
f 2629/2629/2629 2586/2586/2586 2585/2585/2585
f 2629/2629/2629 2587/2587/2587 2586/2586/2586
f 2629/2629/2629 2588/2588/2588 2587/2587/2587
f 2629/2629/2629 2589/2589/2589 2588/2588/2588
f 2629/2629/2629 2590/2590/2590 2589/2589/2589
f 2629/2629/2629 2591/2591/2591 2590/2590/2590
f 2629/2629/2629 2592/2592/2592 2591/2591/2591
f 2630/2630/2630 2620/2620/2620 2621/2621/2621
f 2630/2630/2630 2621/2621/2621 2622/2622/2622
f 2630/2630/2630 2622/2622/2622 2623/2623/2623
f 2630/2630/2630 2623/2623/2623 2624/2624/2624
f 2630/2630/2630 2624/2624/2624 2625/2625/2625
f 2630/2630/2630 2625/2625/2625 2626/2626/2626
f 2630/2630/2630 2626/2626/2626 2627/2627/2627
f 2630/2630/2630 2627/2627/2627 2628/2628/2628
o Finger_-1_1
v 6.579244 49.217875 11.492443
v 6.312771 49.180379 11.841028
v 5.669447 49.089855 11.985417
v 5.026123 48.999331 11.841028
v 4.759650 48.961835 11.492443
v 5.026123 48.999331 11.143858
v 5.669447 49.089855 10.999470
v 6.312771 49.180379 11.143858
v 6.579244 49.217875 11.492443
v 7.494097 48.388447 11.492443
v 7.243346 48.358456 11.813795
v 6.637980 48.286051 11.946903
v 6.032615 48.213645 11.813795
v 5.781864 48.183654 11.492443
v 6.032615 48.213645 11.171092
v 6.637980 48.286051 11.037983
v 7.243346 48.358456 11.171092
v 7.494097 48.388447 11.492443
v 8.178409 47.408696 11.492443
v 7.947866 47.408696 11.771311
v 7.391284 47.408696 11.886822
v 6.834702 47.408696 11.771311
v 6.604159 47.408696 11.492443
v 6.834702 47.408696 11.213575
v 7.391284 47.408696 11.098064
v 7.947866 47.408696 11.213575
v 8.178409 47.408696 11.492443
v 7.064113 46.863797 11.492443
v 6.939302 46.906449 11.705951
v 6.637980 47.009420 11.794389
v 6.336659 47.112391 11.705951
v 6.211847 47.155043 11.492443
v 6.336659 47.112391 11.278935
v 6.637980 47.009420 11.190497
v 6.939302 46.906449 11.278935
v 7.064113 46.863797 11.492443
v 5.889117 46.688921 11.492443
v 5.824777 46.727398 11.649306
v 5.669447 46.820290 11.714281
v 5.514117 46.913182 11.649306
v 5.449778 46.951659 11.492443
v 5.514117 46.913182 11.335580
v 5.669447 46.820290 11.270605
v 5.824777 46.727398 11.335580
v 5.889117 46.688921 11.492443
v 5.669447 49.089855 11.492443
v 5.669447 46.820290 11.492443
vt 0.0078125 0.9921875
vt 0.0078125 0.9160156
vt 0.0078125 0.8398438
vt 0.0078125 0.7636719
vt 0.0078125 0.6875000
vt 0.0078125 0.6113281
vt 0.0078125 0.5351562
vt 0.0078125 0.4589844
vt 0.0078125 0.3828125
vt 0.2539062 0.9921875
vt 0.2539062 0.9160156
vt 0.2539062 0.8398438
vt 0.2539062 0.7636719
vt 0.2539062 0.6875000
vt 0.2539062 0.6113281
vt 0.2539062 0.5351562
vt 0.2539062 0.4589844
vt 0.2539062 0.3828125
vt 0.5000000 0.9921875
vt 0.5000000 0.9160156
vt 0.5000000 0.8398438
vt 0.5000000 0.7636719
vt 0.5000000 0.6875000
vt 0.5000000 0.6113281
vt 0.5000000 0.5351562
vt 0.5000000 0.4589844
vt 0.5000000 0.3828125
vt 0.7460938 0.9921875
vt 0.7460938 0.9160156
vt 0.7460938 0.8398438
vt 0.7460938 0.7636719
vt 0.7460938 0.6875000
vt 0.7460938 0.6113281
vt 0.7460938 0.5351562
vt 0.7460938 0.4589844
vt 0.7460938 0.3828125
vt 0.9921875 0.9921875
vt 0.9921875 0.9160156
vt 0.9921875 0.8398438
vt 0.9921875 0.7636719
vt 0.9921875 0.6875000
vt 0.9921875 0.6113281
vt 0.9921875 0.5351562
vt 0.9921875 0.4589844
vt 0.9921875 0.3828125
vt 0.0078125 0.6875000
vt 0.9921875 0.6875000
vn 0.4302816 0.8927610 0.1335497
vn 0.2265588 0.6196339 0.7514818
vn -0.1015691 0.2385684 0.9657996
vn -0.5525313 -0.1643918 0.8171197
vn -0.8838506 -0.4088296 -0.2273027
vn -0.3809975 -0.0256741 -0.9242195
vn 0.0152749 0.3633272 -0.9315364
vn 0.3171194 0.7372434 -0.5965798
vn 0.4302816 0.8927610 0.1335497
vn 0.7458079 0.6659877 -0.0151985
vn 0.4136196 0.3631055 0.8349091
vn 0.0126752 -0.0354888 0.9992897
vn -0.3658772 -0.4468417 0.8163739
vn -0.6436778 -0.7648383 0.0264815
vn -0.3793144 -0.4734325 -0.7949731
vn 0.0038060 -0.0656891 -0.9978329
vn 0.4072613 0.3343418 -0.8499140
vn 0.7458079 0.6659877 -0.0151985
vn 0.9743456 -0.1912460 -0.1186408
vn 0.4936437 -0.0428969 0.8686056
vn 0.0440697 -0.0353069 0.9984044
vn -0.3670504 -0.1573966 0.9167880
vn -0.8966429 -0.4098154 0.1675794
vn -0.4736777 -0.2798921 -0.8350388
vn -0.0293679 -0.1818942 -0.9828794
vn 0.3952704 -0.1848270 -0.8997779
vn 0.9743456 -0.1912460 -0.1186408
vn 0.3096089 -0.9500158 -0.0401536
vn 0.2439850 -0.7637401 0.5976391
vn 0.0038300 -0.1900778 0.9817616
vn -0.2817912 0.5762658 0.7671450
vn -0.3865565 0.9217901 0.0296171
vn -0.3171353 0.6231321 -0.7149347
vn -0.0621010 -0.1607135 -0.9850455
vn 0.1911523 -0.7425481 -0.6419370
vn 0.3096089 -0.9500158 -0.0401536
vn 0.0719010 -0.9922249 -0.1015876
vn 0.0447410 -0.9128121 0.4059215
vn -0.1001180 -0.4549002 0.8848967
vn -0.3200510 0.4417606 0.8381020
vn -0.3996537 0.9026386 0.1597515
vn -0.3748669 0.7257358 -0.5768730
vn -0.2021871 -0.0969082 -0.9745405
vn -0.0008222 -0.7880516 -0.6156087
vn 0.0719010 -0.9922249 -0.1015876
vn -0.1393402 0.9902446 0.0000000
vn -0.5132520 -0.8582379 -0.0000000
s 1
f 2631/2631/2631 2632/2632/2632 2641/2641/2641
f 2631/2631/2631 2641/2641/2641 2640/2640/2640
f 2632/2632/2632 2633/2633/2633 2642/2642/2642
f 2632/2632/2632 2642/2642/2642 2641/2641/2641
f 2633/2633/2633 2634/2634/2634 2643/2643/2643
f 2633/2633/2633 2643/2643/2643 2642/2642/2642
f 2634/2634/2634 2635/2635/2635 2644/2644/2644
f 2634/2634/2634 2644/2644/2644 2643/2643/2643
f 2635/2635/2635 2636/2636/2636 2645/2645/2645
f 2635/2635/2635 2645/2645/2645 2644/2644/2644
f 2636/2636/2636 2637/2637/2637 2646/2646/2646
f 2636/2636/2636 2646/2646/2646 2645/2645/2645
f 2637/2637/2637 2638/2638/2638 2647/2647/2647
f 2637/2637/2637 2647/2647/2647 2646/2646/2646
f 2638/2638/2638 2639/2639/2639 2648/2648/2648
f 2638/2638/2638 2648/2648/2648 2647/2647/2647
f 2640/2640/2640 2641/2641/2641 2650/2650/2650
f 2640/2640/2640 2650/2650/2650 2649/2649/2649
f 2641/2641/2641 2642/2642/2642 2651/2651/2651
f 2641/2641/2641 2651/2651/2651 2650/2650/2650
f 2642/2642/2642 2643/2643/2643 2652/2652/2652
f 2642/2642/2642 2652/2652/2652 2651/2651/2651
f 2643/2643/2643 2644/2644/2644 2653/2653/2653
f 2643/2643/2643 2653/2653/2653 2652/2652/2652
f 2644/2644/2644 2645/2645/2645 2654/2654/2654
f 2644/2644/2644 2654/2654/2654 2653/2653/2653
f 2645/2645/2645 2646/2646/2646 2655/2655/2655
f 2645/2645/2645 2655/2655/2655 2654/2654/2654
f 2646/2646/2646 2647/2647/2647 2656/2656/2656
f 2646/2646/2646 2656/2656/2656 2655/2655/2655
f 2647/2647/2647 2648/2648/2648 2657/2657/2657
f 2647/2647/2647 2657/2657/2657 2656/2656/2656
f 2649/2649/2649 2650/2650/2650 2659/2659/2659
f 2649/2649/2649 2659/2659/2659 2658/2658/2658
f 2650/2650/2650 2651/2651/2651 2660/2660/2660
f 2650/2650/2650 2660/2660/2660 2659/2659/2659
f 2651/2651/2651 2652/2652/2652 2661/2661/2661
f 2651/2651/2651 2661/2661/2661 2660/2660/2660
f 2652/2652/2652 2653/2653/2653 2662/2662/2662
f 2652/2652/2652 2662/2662/2662 2661/2661/2661
f 2653/2653/2653 2654/2654/2654 2663/2663/2663
f 2653/2653/2653 2663/2663/2663 2662/2662/2662
f 2654/2654/2654 2655/2655/2655 2664/2664/2664
f 2654/2654/2654 2664/2664/2664 2663/2663/2663
f 2655/2655/2655 2656/2656/2656 2665/2665/2665
f 2655/2655/2655 2665/2665/2665 2664/2664/2664
f 2656/2656/2656 2657/2657/2657 2666/2666/2666
f 2656/2656/2656 2666/2666/2666 2665/2665/2665
f 2658/2658/2658 2659/2659/2659 2668/2668/2668
f 2658/2658/2658 2668/2668/2668 2667/2667/2667
f 2659/2659/2659 2660/2660/2660 2669/2669/2669
f 2659/2659/2659 2669/2669/2669 2668/2668/2668
f 2660/2660/2660 2661/2661/2661 2670/2670/2670
f 2660/2660/2660 2670/2670/2670 2669/2669/2669
f 2661/2661/2661 2662/2662/2662 2671/2671/2671
f 2661/2661/2661 2671/2671/2671 2670/2670/2670
f 2662/2662/2662 2663/2663/2663 2672/2672/2672
f 2662/2662/2662 2672/2672/2672 2671/2671/2671
f 2663/2663/2663 2664/2664/2664 2673/2673/2673
f 2663/2663/2663 2673/2673/2673 2672/2672/2672
f 2664/2664/2664 2665/2665/2665 2674/2674/2674
f 2664/2664/2664 2674/2674/2674 2673/2673/2673
f 2665/2665/2665 2666/2666/2666 2675/2675/2675
f 2665/2665/2665 2675/2675/2675 2674/2674/2674
f 2676/2676/2676 2632/2632/2632 2631/2631/2631
f 2676/2676/2676 2633/2633/2633 2632/2632/2632
f 2676/2676/2676 2634/2634/2634 2633/2633/2633
f 2676/2676/2676 2635/2635/2635 2634/2634/2634
f 2676/2676/2676 2636/2636/2636 2635/2635/2635
f 2676/2676/2676 2637/2637/2637 2636/2636/2636
f 2676/2676/2676 2638/2638/2638 2637/2637/2637
f 2676/2676/2676 2639/2639/2639 2638/2638/2638
f 2677/2677/2677 2667/2667/2667 2668/2668/2668
f 2677/2677/2677 2668/2668/2668 2669/2669/2669
f 2677/2677/2677 2669/2669/2669 2670/2670/2670
f 2677/2677/2677 2670/2670/2670 2671/2671/2671
f 2677/2677/2677 2671/2671/2671 2672/2672/2672
f 2677/2677/2677 2672/2672/2672 2673/2673/2673
f 2677/2677/2677 2673/2673/2673 2674/2674/2674
f 2677/2677/2677 2674/2674/2674 2675/2675/2675
o Finger_-1_2
v 6.579244 49.217875 10.691361
v 6.312771 49.180379 11.039946
v 5.669447 49.089855 11.184335
v 5.026123 48.999331 11.039946
v 4.759650 48.961835 10.691361
v 5.026123 48.999331 10.342776
v 5.669447 49.089855 10.198388
v 6.312771 49.180379 10.342776
v 6.579244 49.217875 10.691361
v 7.494097 48.388447 10.691361
v 7.243346 48.358456 11.012713
v 6.637980 48.286051 11.145821
v 6.032615 48.213645 11.012713
v 5.781864 48.183654 10.691361
v 6.032615 48.213645 10.370010
v 6.637980 48.286051 10.236901
v 7.243346 48.358456 10.370010
v 7.494097 48.388447 10.691361
v 8.178409 47.408696 10.691361
v 7.947866 47.408696 10.970229
v 7.391284 47.408696 11.085740
v 6.834702 47.408696 10.970229
v 6.604159 47.408696 10.691361
v 6.834702 47.408696 10.412493
v 7.391284 47.408696 10.296983
v 7.947866 47.408696 10.412493
v 8.178409 47.408696 10.691361
v 7.064113 46.863797 10.691361
v 6.939302 46.906449 10.904870
v 6.637980 47.009420 10.993308
v 6.336659 47.112391 10.904870
v 6.211847 47.155043 10.691361
v 6.336659 47.112391 10.477853
v 6.637980 47.009420 10.389415
v 6.939302 46.906449 10.477853
v 7.064113 46.863797 10.691361
v 5.889117 46.688921 10.691361
v 5.824777 46.727398 10.848225
v 5.669447 46.820290 10.913199
v 5.514117 46.913182 10.848225
v 5.449778 46.951659 10.691361
v 5.514117 46.913182 10.534498
v 5.669447 46.820290 10.469523
v 5.824777 46.727398 10.534498
v 5.889117 46.688921 10.691361
v 5.669447 49.089855 10.691361
v 5.669447 46.820290 10.691361
vt 0.0078125 0.9921875
vt 0.0078125 0.9160156
vt 0.0078125 0.8398438
vt 0.0078125 0.7636719
vt 0.0078125 0.6875000
vt 0.0078125 0.6113281
vt 0.0078125 0.5351562
vt 0.0078125 0.4589844
vt 0.0078125 0.3828125
vt 0.2539062 0.9921875
vt 0.2539062 0.9160156
vt 0.2539062 0.8398438
vt 0.2539062 0.7636719
vt 0.2539062 0.6875000
vt 0.2539062 0.6113281
vt 0.2539062 0.5351562
vt 0.2539062 0.4589844
vt 0.2539062 0.3828125
vt 0.5000000 0.9921875
vt 0.5000000 0.9160156
vt 0.5000000 0.8398438
vt 0.5000000 0.7636719
vt 0.5000000 0.6875000
vt 0.5000000 0.6113281
vt 0.5000000 0.5351562
vt 0.5000000 0.4589844
vt 0.5000000 0.3828125
vt 0.7460938 0.9921875
vt 0.7460938 0.9160156
vt 0.7460938 0.8398438
vt 0.7460938 0.7636719
vt 0.7460938 0.6875000
vt 0.7460938 0.6113281
vt 0.7460938 0.5351562
vt 0.7460938 0.4589844
vt 0.7460938 0.3828125
vt 0.9921875 0.9921875
vt 0.9921875 0.9160156
vt 0.9921875 0.8398438
vt 0.9921875 0.7636719
vt 0.9921875 0.6875000
vt 0.9921875 0.6113281
vt 0.9921875 0.5351562
vt 0.9921875 0.4589844
vt 0.9921875 0.3828125
vt 0.0078125 0.6875000
vt 0.9921875 0.6875000
vn 0.4302816 0.8927610 0.1335497
vn 0.2265588 0.6196339 0.7514818
vn -0.1015691 0.2385684 0.9657996
vn -0.5525313 -0.1643918 0.8171197
vn -0.8838506 -0.4088296 -0.2273027
vn -0.3809975 -0.0256741 -0.9242195
vn 0.0152749 0.3633272 -0.9315364
vn 0.3171194 0.7372434 -0.5965798
vn 0.4302816 0.8927610 0.1335497
vn 0.7458079 0.6659877 -0.0151985
vn 0.4136196 0.3631055 0.8349091
vn 0.0126752 -0.0354888 0.9992897
vn -0.3658772 -0.4468417 0.8163739
vn -0.6436778 -0.7648383 0.0264815
vn -0.3793144 -0.4734325 -0.7949731
vn 0.0038060 -0.0656891 -0.9978329
vn 0.4072613 0.3343418 -0.8499140
vn 0.7458079 0.6659877 -0.0151985
vn 0.9743456 -0.1912460 -0.1186408
vn 0.4936437 -0.0428969 0.8686056
vn 0.0440697 -0.0353069 0.9984044
vn -0.3670504 -0.1573966 0.9167880
vn -0.8966429 -0.4098154 0.1675794
vn -0.4736777 -0.2798921 -0.8350388
vn -0.0293679 -0.1818942 -0.9828794
vn 0.3952704 -0.1848270 -0.8997779
vn 0.9743456 -0.1912460 -0.1186408
vn 0.3096089 -0.9500158 -0.0401536
vn 0.2439850 -0.7637401 0.5976391
vn 0.0038300 -0.1900778 0.9817616
vn -0.2817912 0.5762658 0.7671450
vn -0.3865565 0.9217901 0.0296171
vn -0.3171353 0.6231321 -0.7149347
vn -0.0621010 -0.1607135 -0.9850455
vn 0.1911523 -0.7425481 -0.6419370
vn 0.3096089 -0.9500158 -0.0401536
vn 0.0719010 -0.9922249 -0.1015876
vn 0.0447410 -0.9128121 0.4059215
vn -0.1001180 -0.4549002 0.8848967
vn -0.3200510 0.4417606 0.8381020
vn -0.3996537 0.9026386 0.1597515
vn -0.3748669 0.7257358 -0.5768730
vn -0.2021871 -0.0969082 -0.9745405
vn -0.0008222 -0.7880516 -0.6156087
vn 0.0719010 -0.9922249 -0.1015876
vn -0.1393402 0.9902446 0.0000000
vn -0.5132520 -0.8582379 -0.0000000
s 1
f 2678/2678/2678 2679/2679/2679 2688/2688/2688
f 2678/2678/2678 2688/2688/2688 2687/2687/2687
f 2679/2679/2679 2680/2680/2680 2689/2689/2689
f 2679/2679/2679 2689/2689/2689 2688/2688/2688
f 2680/2680/2680 2681/2681/2681 2690/2690/2690
f 2680/2680/2680 2690/2690/2690 2689/2689/2689
f 2681/2681/2681 2682/2682/2682 2691/2691/2691
f 2681/2681/2681 2691/2691/2691 2690/2690/2690
f 2682/2682/2682 2683/2683/2683 2692/2692/2692
f 2682/2682/2682 2692/2692/2692 2691/2691/2691
f 2683/2683/2683 2684/2684/2684 2693/2693/2693
f 2683/2683/2683 2693/2693/2693 2692/2692/2692
f 2684/2684/2684 2685/2685/2685 2694/2694/2694
f 2684/2684/2684 2694/2694/2694 2693/2693/2693
f 2685/2685/2685 2686/2686/2686 2695/2695/2695
f 2685/2685/2685 2695/2695/2695 2694/2694/2694
f 2687/2687/2687 2688/2688/2688 2697/2697/2697
f 2687/2687/2687 2697/2697/2697 2696/2696/2696
f 2688/2688/2688 2689/2689/2689 2698/2698/2698
f 2688/2688/2688 2698/2698/2698 2697/2697/2697
f 2689/2689/2689 2690/2690/2690 2699/2699/2699
f 2689/2689/2689 2699/2699/2699 2698/2698/2698
f 2690/2690/2690 2691/2691/2691 2700/2700/2700
f 2690/2690/2690 2700/2700/2700 2699/2699/2699
f 2691/2691/2691 2692/2692/2692 2701/2701/2701
f 2691/2691/2691 2701/2701/2701 2700/2700/2700
f 2692/2692/2692 2693/2693/2693 2702/2702/2702
f 2692/2692/2692 2702/2702/2702 2701/2701/2701
f 2693/2693/2693 2694/2694/2694 2703/2703/2703
f 2693/2693/2693 2703/2703/2703 2702/2702/2702
f 2694/2694/2694 2695/2695/2695 2704/2704/2704
f 2694/2694/2694 2704/2704/2704 2703/2703/2703
f 2696/2696/2696 2697/2697/2697 2706/2706/2706
f 2696/2696/2696 2706/2706/2706 2705/2705/2705
f 2697/2697/2697 2698/2698/2698 2707/2707/2707
f 2697/2697/2697 2707/2707/2707 2706/2706/2706
f 2698/2698/2698 2699/2699/2699 2708/2708/2708
f 2698/2698/2698 2708/2708/2708 2707/2707/2707
f 2699/2699/2699 2700/2700/2700 2709/2709/2709
f 2699/2699/2699 2709/2709/2709 2708/2708/2708
f 2700/2700/2700 2701/2701/2701 2710/2710/2710
f 2700/2700/2700 2710/2710/2710 2709/2709/2709
f 2701/2701/2701 2702/2702/2702 2711/2711/2711
f 2701/2701/2701 2711/2711/2711 2710/2710/2710
f 2702/2702/2702 2703/2703/2703 2712/2712/2712
f 2702/2702/2702 2712/2712/2712 2711/2711/2711
f 2703/2703/2703 2704/2704/2704 2713/2713/2713
f 2703/2703/2703 2713/2713/2713 2712/2712/2712
f 2705/2705/2705 2706/2706/2706 2715/2715/2715
f 2705/2705/2705 2715/2715/2715 2714/2714/2714
f 2706/2706/2706 2707/2707/2707 2716/2716/2716
f 2706/2706/2706 2716/2716/2716 2715/2715/2715
f 2707/2707/2707 2708/2708/2708 2717/2717/2717
f 2707/2707/2707 2717/2717/2717 2716/2716/2716
f 2708/2708/2708 2709/2709/2709 2718/2718/2718
f 2708/2708/2708 2718/2718/2718 2717/2717/2717
f 2709/2709/2709 2710/2710/2710 2719/2719/2719
f 2709/2709/2709 2719/2719/2719 2718/2718/2718
f 2710/2710/2710 2711/2711/2711 2720/2720/2720
f 2710/2710/2710 2720/2720/2720 2719/2719/2719
f 2711/2711/2711 2712/2712/2712 2721/2721/2721
f 2711/2711/2711 2721/2721/2721 2720/2720/2720
f 2712/2712/2712 2713/2713/2713 2722/2722/2722
f 2712/2712/2712 2722/2722/2722 2721/2721/2721
f 2723/2723/2723 2679/2679/2679 2678/2678/2678
f 2723/2723/2723 2680/2680/2680 2679/2679/2679
f 2723/2723/2723 2681/2681/2681 2680/2680/2680
f 2723/2723/2723 2682/2682/2682 2681/2681/2681
f 2723/2723/2723 2683/2683/2683 2682/2682/2682
f 2723/2723/2723 2684/2684/2684 2683/2683/2683
f 2723/2723/2723 2685/2685/2685 2684/2684/2684
f 2723/2723/2723 2686/2686/2686 2685/2685/2685
f 2724/2724/2724 2714/2714/2714 2715/2715/2715
f 2724/2724/2724 2715/2715/2715 2716/2716/2716
f 2724/2724/2724 2716/2716/2716 2717/2717/2717
f 2724/2724/2724 2717/2717/2717 2718/2718/2718
f 2724/2724/2724 2718/2718/2718 2719/2719/2719
f 2724/2724/2724 2719/2719/2719 2720/2720/2720
f 2724/2724/2724 2720/2720/2720 2721/2721/2721
f 2724/2724/2724 2721/2721/2721 2722/2722/2722
o Finger_-1_3
v 6.579244 49.217875 9.890280
v 6.312771 49.180379 10.238864
v 5.669447 49.089855 10.383253
v 5.026123 48.999331 10.238864
v 4.759650 48.961835 9.890280
v 5.026123 48.999331 9.541695
v 5.669447 49.089855 9.397306
v 6.312771 49.180379 9.541695
v 6.579244 49.217875 9.890280
v 7.494097 48.388447 9.890280
v 7.243346 48.358456 10.211631
v 6.637980 48.286051 10.344739
v 6.032615 48.213645 10.211631
v 5.781864 48.183654 9.890280
v 6.032615 48.213645 9.568928
v 6.637980 48.286051 9.435820
v 7.243346 48.358456 9.568928
v 7.494097 48.388447 9.890280
v 8.178409 47.408696 9.890280
v 7.947866 47.408696 10.169147
v 7.391284 47.408696 10.284658
v 6.834702 47.408696 10.169147
v 6.604159 47.408696 9.890280
v 6.834702 47.408696 9.611412
v 7.391284 47.408696 9.495901
v 7.947866 47.408696 9.611412
v 8.178409 47.408696 9.890280
v 7.064113 46.863797 9.890280
v 6.939302 46.906449 10.103788
v 6.637980 47.009420 10.192226
v 6.336659 47.112391 10.103788
v 6.211847 47.155043 9.890280
v 6.336659 47.112391 9.676771
v 6.637980 47.009420 9.588333
v 6.939302 46.906449 9.676771
v 7.064113 46.863797 9.890280
v 5.889117 46.688921 9.890280
v 5.824777 46.727398 10.047143
v 5.669447 46.820290 10.112118
v 5.514117 46.913182 10.047143
v 5.449778 46.951659 9.890280
v 5.514117 46.913182 9.733416
v 5.669447 46.820290 9.668441
v 5.824777 46.727398 9.733416
v 5.889117 46.688921 9.890280
v 5.669447 49.089855 9.890280
v 5.669447 46.820290 9.890280
vt 0.0078125 0.9921875
vt 0.0078125 0.9160156
vt 0.0078125 0.8398438
vt 0.0078125 0.7636719
vt 0.0078125 0.6875000
vt 0.0078125 0.6113281
vt 0.0078125 0.5351562
vt 0.0078125 0.4589844
vt 0.0078125 0.3828125
vt 0.2539062 0.9921875
vt 0.2539062 0.9160156
vt 0.2539062 0.8398438
vt 0.2539062 0.7636719
vt 0.2539062 0.6875000
vt 0.2539062 0.6113281
vt 0.2539062 0.5351562
vt 0.2539062 0.4589844
vt 0.2539062 0.3828125
vt 0.5000000 0.9921875
vt 0.5000000 0.9160156
vt 0.5000000 0.8398438
vt 0.5000000 0.7636719
vt 0.5000000 0.6875000
vt 0.5000000 0.6113281
vt 0.5000000 0.5351562
vt 0.5000000 0.4589844
vt 0.5000000 0.3828125
vt 0.7460938 0.9921875
vt 0.7460938 0.9160156
vt 0.7460938 0.8398438
vt 0.7460938 0.7636719
vt 0.7460938 0.6875000
vt 0.7460938 0.6113281
vt 0.7460938 0.5351562
vt 0.7460938 0.4589844
vt 0.7460938 0.3828125
vt 0.9921875 0.9921875
vt 0.9921875 0.9160156
vt 0.9921875 0.8398438
vt 0.9921875 0.7636719
vt 0.9921875 0.6875000
vt 0.9921875 0.6113281
vt 0.9921875 0.5351562
vt 0.9921875 0.4589844
vt 0.9921875 0.3828125
vt 0.0078125 0.6875000
vt 0.9921875 0.6875000
vn 0.4302816 0.8927610 0.1335497
vn 0.2265588 0.6196339 0.7514818
vn -0.1015691 0.2385684 0.9657996
vn -0.5525313 -0.1643918 0.8171197
vn -0.8838506 -0.4088296 -0.2273027
vn -0.3809975 -0.0256741 -0.9242195
vn 0.0152749 0.3633272 -0.9315364
vn 0.3171194 0.7372434 -0.5965798
vn 0.4302816 0.8927610 0.1335497
vn 0.7458079 0.6659877 -0.0151985
vn 0.4136196 0.3631055 0.8349091
vn 0.0126752 -0.0354888 0.9992897
vn -0.3658772 -0.4468417 0.8163739
vn -0.6436778 -0.7648383 0.0264815
vn -0.3793144 -0.4734325 -0.7949731
vn 0.0038060 -0.0656891 -0.9978329
vn 0.4072613 0.3343418 -0.8499140
vn 0.7458079 0.6659877 -0.0151985
vn 0.9743456 -0.1912460 -0.1186408
vn 0.4936437 -0.0428969 0.8686056
vn 0.0440697 -0.0353069 0.9984044
vn -0.3670504 -0.1573966 0.9167880
vn -0.8966429 -0.4098154 0.1675794
vn -0.4736777 -0.2798921 -0.8350388
vn -0.0293679 -0.1818942 -0.9828794
vn 0.3952704 -0.1848270 -0.8997779
vn 0.9743456 -0.1912460 -0.1186408
vn 0.3096089 -0.9500158 -0.0401536
vn 0.2439850 -0.7637401 0.5976391
vn 0.0038300 -0.1900778 0.9817616
vn -0.2817912 0.5762658 0.7671450
vn -0.3865565 0.9217901 0.0296171
vn -0.3171353 0.6231321 -0.7149347
vn -0.0621010 -0.1607135 -0.9850455
vn 0.1911523 -0.7425481 -0.6419370
vn 0.3096089 -0.9500158 -0.0401536
vn 0.0719010 -0.9922249 -0.1015876
vn 0.0447410 -0.9128121 0.4059215
vn -0.1001180 -0.4549002 0.8848967
vn -0.3200510 0.4417606 0.8381020
vn -0.3996537 0.9026386 0.1597515
vn -0.3748669 0.7257358 -0.5768730
vn -0.2021871 -0.0969082 -0.9745405
vn -0.0008222 -0.7880516 -0.6156087
vn 0.0719010 -0.9922249 -0.1015876
vn -0.1393402 0.9902446 0.0000000
vn -0.5132520 -0.8582379 -0.0000000
s 1
f 2725/2725/2725 2726/2726/2726 2735/2735/2735
f 2725/2725/2725 2735/2735/2735 2734/2734/2734
f 2726/2726/2726 2727/2727/2727 2736/2736/2736
f 2726/2726/2726 2736/2736/2736 2735/2735/2735
f 2727/2727/2727 2728/2728/2728 2737/2737/2737
f 2727/2727/2727 2737/2737/2737 2736/2736/2736
f 2728/2728/2728 2729/2729/2729 2738/2738/2738
f 2728/2728/2728 2738/2738/2738 2737/2737/2737
f 2729/2729/2729 2730/2730/2730 2739/2739/2739
f 2729/2729/2729 2739/2739/2739 2738/2738/2738
f 2730/2730/2730 2731/2731/2731 2740/2740/2740
f 2730/2730/2730 2740/2740/2740 2739/2739/2739
f 2731/2731/2731 2732/2732/2732 2741/2741/2741
f 2731/2731/2731 2741/2741/2741 2740/2740/2740
f 2732/2732/2732 2733/2733/2733 2742/2742/2742
f 2732/2732/2732 2742/2742/2742 2741/2741/2741
f 2734/2734/2734 2735/2735/2735 2744/2744/2744
f 2734/2734/2734 2744/2744/2744 2743/2743/2743
f 2735/2735/2735 2736/2736/2736 2745/2745/2745
f 2735/2735/2735 2745/2745/2745 2744/2744/2744
f 2736/2736/2736 2737/2737/2737 2746/2746/2746
f 2736/2736/2736 2746/2746/2746 2745/2745/2745
f 2737/2737/2737 2738/2738/2738 2747/2747/2747
f 2737/2737/2737 2747/2747/2747 2746/2746/2746
f 2738/2738/2738 2739/2739/2739 2748/2748/2748
f 2738/2738/2738 2748/2748/2748 2747/2747/2747
f 2739/2739/2739 2740/2740/2740 2749/2749/2749
f 2739/2739/2739 2749/2749/2749 2748/2748/2748
f 2740/2740/2740 2741/2741/2741 2750/2750/2750
f 2740/2740/2740 2750/2750/2750 2749/2749/2749
f 2741/2741/2741 2742/2742/2742 2751/2751/2751
f 2741/2741/2741 2751/2751/2751 2750/2750/2750
f 2743/2743/2743 2744/2744/2744 2753/2753/2753
f 2743/2743/2743 2753/2753/2753 2752/2752/2752
f 2744/2744/2744 2745/2745/2745 2754/2754/2754
f 2744/2744/2744 2754/2754/2754 2753/2753/2753
f 2745/2745/2745 2746/2746/2746 2755/2755/2755
f 2745/2745/2745 2755/2755/2755 2754/2754/2754
f 2746/2746/2746 2747/2747/2747 2756/2756/2756
f 2746/2746/2746 2756/2756/2756 2755/2755/2755
f 2747/2747/2747 2748/2748/2748 2757/2757/2757
f 2747/2747/2747 2757/2757/2757 2756/2756/2756
f 2748/2748/2748 2749/2749/2749 2758/2758/2758
f 2748/2748/2748 2758/2758/2758 2757/2757/2757
f 2749/2749/2749 2750/2750/2750 2759/2759/2759
f 2749/2749/2749 2759/2759/2759 2758/2758/2758
f 2750/2750/2750 2751/2751/2751 2760/2760/2760
f 2750/2750/2750 2760/2760/2760 2759/2759/2759
f 2752/2752/2752 2753/2753/2753 2762/2762/2762
f 2752/2752/2752 2762/2762/2762 2761/2761/2761
f 2753/2753/2753 2754/2754/2754 2763/2763/2763
f 2753/2753/2753 2763/2763/2763 2762/2762/2762
f 2754/2754/2754 2755/2755/2755 2764/2764/2764
f 2754/2754/2754 2764/2764/2764 2763/2763/2763
f 2755/2755/2755 2756/2756/2756 2765/2765/2765
f 2755/2755/2755 2765/2765/2765 2764/2764/2764
f 2756/2756/2756 2757/2757/2757 2766/2766/2766
f 2756/2756/2756 2766/2766/2766 2765/2765/2765
f 2757/2757/2757 2758/2758/2758 2767/2767/2767
f 2757/2757/2757 2767/2767/2767 2766/2766/2766
f 2758/2758/2758 2759/2759/2759 2768/2768/2768
f 2758/2758/2758 2768/2768/2768 2767/2767/2767
f 2759/2759/2759 2760/2760/2760 2769/2769/2769
f 2759/2759/2759 2769/2769/2769 2768/2768/2768
f 2770/2770/2770 2726/2726/2726 2725/2725/2725
f 2770/2770/2770 2727/2727/2727 2726/2726/2726
f 2770/2770/2770 2728/2728/2728 2727/2727/2727
f 2770/2770/2770 2729/2729/2729 2728/2728/2728
f 2770/2770/2770 2730/2730/2730 2729/2729/2729
f 2770/2770/2770 2731/2731/2731 2730/2730/2730
f 2770/2770/2770 2732/2732/2732 2731/2731/2731
f 2770/2770/2770 2733/2733/2733 2732/2732/2732
f 2771/2771/2771 2761/2761/2761 2762/2762/2762
f 2771/2771/2771 2762/2762/2762 2763/2763/2763
f 2771/2771/2771 2763/2763/2763 2764/2764/2764
f 2771/2771/2771 2764/2764/2764 2765/2765/2765
f 2771/2771/2771 2765/2765/2765 2766/2766/2766
f 2771/2771/2771 2766/2766/2766 2767/2767/2767
f 2771/2771/2771 2767/2767/2767 2768/2768/2768
f 2771/2771/2771 2768/2768/2768 2769/2769/2769
o Thumb_-1
v 4.619170 49.342029 12.983861
v 4.349842 49.040682 12.747794
v 4.421252 48.915859 12.263670
v 4.791568 49.040682 11.815084
v 5.243864 49.342029 11.664811
v 5.513192 49.643376 11.900878
v 5.441782 49.768199 12.385001
v 5.071466 49.643376 12.833588
v 4.619170 49.342029 12.983861
v 6.566162 49.058374 13.133611
v 6.270909 48.800227 12.918399
v 6.253720 48.702507 12.481533
v 6.524665 48.822458 12.078922
v 6.925028 49.089814 11.946412
v 7.220282 49.347962 12.161624
v 7.237470 49.445681 12.598491
v 6.966525 49.325730 13.001101
v 6.566162 49.058374 13.133611
v 8.887992 48.632653 13.010928
v 8.378578 48.483863 12.838811
v 8.011270 48.493095 12.509710
v 8.001232 48.654940 12.216408
v 8.354344 48.874593 12.130717
v 8.863757 49.023383 12.302834
v 9.231065 49.014152 12.631935
v 9.241103 48.852306 12.925237
v 8.887992 48.632653 13.010928
v 9.438807 48.316109 11.991683
v 8.901362 48.286116 11.965126
v 8.478957 48.385339 11.869237
v 8.419031 48.555656 11.760185
v 8.756688 48.697297 11.701853
v 9.294133 48.727290 11.728409
v 9.716538 48.628066 11.824299
v 9.776464 48.457750 11.933351
v 9.438807 48.316109 11.991683
v 9.350455 48.194027 11.161893
v 8.976255 48.180154 11.166829
v 8.682229 48.256012 11.127874
v 8.640614 48.377163 11.067847
v 8.875787 48.472640 11.021912
v 9.249987 48.486512 11.016976
v 9.544013 48.410655 11.055931
v 9.585628 48.289504 11.115957
v 9.350455 48.194027 11.161893
v 4.931517 49.342029 12.324336
v 9.113121 48.333333 11.091902
vt 0.0078125 0.9921875
vt 0.0078125 0.9160156
vt 0.0078125 0.8398438
vt 0.0078125 0.7636719
vt 0.0078125 0.6875000
vt 0.0078125 0.6113281
vt 0.0078125 0.5351562
vt 0.0078125 0.4589844
vt 0.0078125 0.3828125
vt 0.2539062 0.9921875
vt 0.2539062 0.9160156
vt 0.2539062 0.8398438
vt 0.2539062 0.7636719
vt 0.2539062 0.6875000
vt 0.2539062 0.6113281
vt 0.2539062 0.5351562
vt 0.2539062 0.4589844
vt 0.2539062 0.3828125
vt 0.5000000 0.9921875
vt 0.5000000 0.9160156
vt 0.5000000 0.8398438
vt 0.5000000 0.7636719
vt 0.5000000 0.6875000
vt 0.5000000 0.6113281
vt 0.5000000 0.5351562
vt 0.5000000 0.4589844
vt 0.5000000 0.3828125
vt 0.7460938 0.9921875
vt 0.7460938 0.9160156
vt 0.7460938 0.8398438
vt 0.7460938 0.7636719
vt 0.7460938 0.6875000
vt 0.7460938 0.6113281
vt 0.7460938 0.5351562
vt 0.7460938 0.4589844
vt 0.7460938 0.3828125
vt 0.9921875 0.9921875
vt 0.9921875 0.9160156
vt 0.9921875 0.8398438
vt 0.9921875 0.7636719
vt 0.9921875 0.6875000
vt 0.9921875 0.6113281
vt 0.9921875 0.5351562
vt 0.9921875 0.4589844
vt 0.9921875 0.3828125
vt 0.0078125 0.6875000
vt 0.9921875 0.6875000
vn -0.3266829 0.0433617 0.9441388
vn -0.3781075 -0.8201271 0.4294488
vn -0.2912903 -0.9246669 -0.2452369
vn -0.1853692 -0.5392964 -0.8214607
vn -0.0367251 0.3583126 -0.9328791
vn 0.0324009 0.9047738 -0.4246582
vn 0.0035955 0.9962412 0.0865475
vn -0.1081521 0.8053930 0.5827909
vn -0.3266829 0.0433617 0.9441388
vn -0.0299656 -0.0955326 0.9949752
vn -0.1335123 -0.8308736 0.5402070
vn -0.1146284 -0.9923890 -0.0449942
vn -0.0257552 -0.8132449 -0.5813513
vn 0.1344692 -0.0778525 -0.9878548
vn 0.2207618 0.8010235 -0.5564401
vn 0.1958586 0.9763310 0.0917448
vn 0.1231906 0.7212546 0.6816274
vn -0.0299656 -0.0955326 0.9949752
vn 0.1521947 -0.4777211 0.8652279
vn -0.0762952 -0.8871347 0.4551604
vn -0.1955373 -0.9797495 -0.0430818
vn -0.2155206 -0.6915986 -0.6893782
vn -0.0298968 0.2572242 -0.9658892
vn 0.1830051 0.8166093 -0.5474105
vn 0.3536379 0.9353635 0.0059397
vn 0.4282552 0.4801201 0.7655601
vn 0.1521947 -0.4777211 0.8652279
vn 0.2468968 -0.9160944 0.3159321
vn -0.0454908 -0.9786308 0.2005302
vn -0.4024724 -0.9153484 -0.0123772
vn -0.7938126 0.2874384 -0.5359485
vn -0.2107459 0.8782660 -0.4292260
vn 0.0972441 0.9240062 -0.3698056
vn 0.5205449 0.8211753 -0.2338891
vn 0.8506915 -0.4251965 0.3090823
vn 0.2468968 -0.9160944 0.3159321
vn 0.2532750 -0.9672167 -0.0185387
vn -0.0298312 -0.9993988 0.0176669
vn -0.3459248 -0.9331315 -0.0979877
vn -0.8136976 -0.0284406 -0.5805922
vn -0.2762319 0.8191942 -0.5026100
vn 0.0434810 0.8913517 -0.4512223
vn 0.4177368 0.7543065 -0.5064757
vn 0.8005490 -0.4709597 -0.3705647
vn 0.2532750 -0.9672167 -0.0185387
vn -0.5950828 0.7526284 -0.2818278
vn 0.0045843 -0.4426917 -0.8966622
s 1
f 2772/2772/2772 2773/2773/2773 2782/2782/2782
f 2772/2772/2772 2782/2782/2782 2781/2781/2781
f 2773/2773/2773 2774/2774/2774 2783/2783/2783
f 2773/2773/2773 2783/2783/2783 2782/2782/2782
f 2774/2774/2774 2775/2775/2775 2784/2784/2784
f 2774/2774/2774 2784/2784/2784 2783/2783/2783
f 2775/2775/2775 2776/2776/2776 2785/2785/2785
f 2775/2775/2775 2785/2785/2785 2784/2784/2784
f 2776/2776/2776 2777/2777/2777 2786/2786/2786
f 2776/2776/2776 2786/2786/2786 2785/2785/2785
f 2777/2777/2777 2778/2778/2778 2787/2787/2787
f 2777/2777/2777 2787/2787/2787 2786/2786/2786
f 2778/2778/2778 2779/2779/2779 2788/2788/2788
f 2778/2778/2778 2788/2788/2788 2787/2787/2787
f 2779/2779/2779 2780/2780/2780 2789/2789/2789
f 2779/2779/2779 2789/2789/2789 2788/2788/2788
f 2781/2781/2781 2782/2782/2782 2791/2791/2791
f 2781/2781/2781 2791/2791/2791 2790/2790/2790
f 2782/2782/2782 2783/2783/2783 2792/2792/2792
f 2782/2782/2782 2792/2792/2792 2791/2791/2791
f 2783/2783/2783 2784/2784/2784 2793/2793/2793
f 2783/2783/2783 2793/2793/2793 2792/2792/2792
f 2784/2784/2784 2785/2785/2785 2794/2794/2794
f 2784/2784/2784 2794/2794/2794 2793/2793/2793
f 2785/2785/2785 2786/2786/2786 2795/2795/2795
f 2785/2785/2785 2795/2795/2795 2794/2794/2794
f 2786/2786/2786 2787/2787/2787 2796/2796/2796
f 2786/2786/2786 2796/2796/2796 2795/2795/2795
f 2787/2787/2787 2788/2788/2788 2797/2797/2797
f 2787/2787/2787 2797/2797/2797 2796/2796/2796
f 2788/2788/2788 2789/2789/2789 2798/2798/2798
f 2788/2788/2788 2798/2798/2798 2797/2797/2797
f 2790/2790/2790 2791/2791/2791 2800/2800/2800
f 2790/2790/2790 2800/2800/2800 2799/2799/2799
f 2791/2791/2791 2792/2792/2792 2801/2801/2801
f 2791/2791/2791 2801/2801/2801 2800/2800/2800
f 2792/2792/2792 2793/2793/2793 2802/2802/2802
f 2792/2792/2792 2802/2802/2802 2801/2801/2801
f 2793/2793/2793 2794/2794/2794 2803/2803/2803
f 2793/2793/2793 2803/2803/2803 2802/2802/2802
f 2794/2794/2794 2795/2795/2795 2804/2804/2804
f 2794/2794/2794 2804/2804/2804 2803/2803/2803
f 2795/2795/2795 2796/2796/2796 2805/2805/2805
f 2795/2795/2795 2805/2805/2805 2804/2804/2804
f 2796/2796/2796 2797/2797/2797 2806/2806/2806
f 2796/2796/2796 2806/2806/2806 2805/2805/2805
f 2797/2797/2797 2798/2798/2798 2807/2807/2807
f 2797/2797/2797 2807/2807/2807 2806/2806/2806
f 2799/2799/2799 2800/2800/2800 2809/2809/2809
f 2799/2799/2799 2809/2809/2809 2808/2808/2808
f 2800/2800/2800 2801/2801/2801 2810/2810/2810
f 2800/2800/2800 2810/2810/2810 2809/2809/2809
f 2801/2801/2801 2802/2802/2802 2811/2811/2811
f 2801/2801/2801 2811/2811/2811 2810/2810/2810
f 2802/2802/2802 2803/2803/2803 2812/2812/2812
f 2802/2802/2802 2812/2812/2812 2811/2811/2811
f 2803/2803/2803 2804/2804/2804 2813/2813/2813
f 2803/2803/2803 2813/2813/2813 2812/2812/2812
f 2804/2804/2804 2805/2805/2805 2814/2814/2814
f 2804/2804/2804 2814/2814/2814 2813/2813/2813
f 2805/2805/2805 2806/2806/2806 2815/2815/2815
f 2805/2805/2805 2815/2815/2815 2814/2814/2814
f 2806/2806/2806 2807/2807/2807 2816/2816/2816
f 2806/2806/2806 2816/2816/2816 2815/2815/2815
f 2817/2817/2817 2773/2773/2773 2772/2772/2772
f 2817/2817/2817 2774/2774/2774 2773/2773/2773
f 2817/2817/2817 2775/2775/2775 2774/2774/2774
f 2817/2817/2817 2776/2776/2776 2775/2775/2775
f 2817/2817/2817 2777/2777/2777 2776/2776/2776
f 2817/2817/2817 2778/2778/2778 2777/2777/2777
f 2817/2817/2817 2779/2779/2779 2778/2778/2778
f 2817/2817/2817 2780/2780/2780 2779/2779/2779
f 2818/2818/2818 2808/2808/2808 2809/2809/2809
f 2818/2818/2818 2809/2809/2809 2810/2810/2810
f 2818/2818/2818 2810/2810/2810 2811/2811/2811
f 2818/2818/2818 2811/2811/2811 2812/2812/2812
f 2818/2818/2818 2812/2812/2812 2813/2813/2813
f 2818/2818/2818 2813/2813/2813 2814/2814/2814
f 2818/2818/2818 2814/2814/2814 2815/2815/2815
f 2818/2818/2818 2815/2815/2815 2816/2816/2816
o Shoulder_1
v 0.011983 33.623188 -8.627035
v 1.921887 33.709115 -8.627035
v 1.828409 33.709115 -8.922743
v 1.557127 33.709115 -9.189506
v 1.134596 33.709115 -9.401209
v 0.602176 33.709115 -9.537131
v 0.011983 33.709115 -9.583967
v -0.578210 33.709115 -9.537131
v -1.110630 33.709115 -9.401209
v -1.533162 33.709115 -9.189506
v -1.804444 33.709115 -8.922743
v -1.897921 33.709115 -8.627035
v -1.804444 33.709115 -8.331327
v -1.533162 33.709115 -8.064565
v -1.110630 33.709115 -7.852861
v -0.578210 33.709115 -7.716939
v 0.011983 33.709115 -7.670103
v 0.602176 33.709115 -7.716939
v 1.134596 33.709115 -7.852861
v 1.557127 33.709115 -8.064565
v 1.828409 33.709115 -8.331327
v 1.921887 33.709115 -8.627035
v 3.701633 33.961037 -8.627035
v 3.521049 33.961037 -9.198299
v 2.996973 33.961037 -9.713645
v 2.180705 33.961037 -10.122625
v 1.152148 33.961037 -10.385206
v 0.011983 33.961037 -10.475685
v -1.128182 33.961037 -10.385206
v -2.156739 33.961037 -10.122625
v -2.973007 33.961037 -9.713645
v -3.497083 33.961037 -9.198299
v -3.677668 33.961037 -8.627035
v -3.497083 33.961037 -8.055771
v -2.973007 33.961037 -7.540426
v -2.156739 33.961037 -7.131446
v -1.128182 33.961037 -6.868864
v 0.011983 33.961037 -6.778385
v 1.152148 33.961037 -6.868864
v 2.180705 33.961037 -7.131446
v 2.996973 33.961037 -7.540426
v 3.521049 33.961037 -8.055771
v 3.701633 33.961037 -8.627035
v 5.229937 34.361789 -8.627035
v 4.974552 34.361789 -9.434925
v 4.233396 34.361789 -10.163733
v 3.079019 34.361789 -10.742118
v 1.624419 34.361789 -11.113464
v 0.011983 34.361789 -11.241422
v -1.600454 34.361789 -11.113464
v -3.055054 34.361789 -10.742118
v -4.209431 34.361789 -10.163733
v -4.950586 34.361789 -9.434925
v -5.205971 34.361789 -8.627035
v -4.950586 34.361789 -7.819145
v -4.209431 34.361789 -7.090337
v -3.055054 34.361789 -6.511952
v -1.600454 34.361789 -6.140606
v 0.011983 34.361789 -6.012649
v 1.624419 34.361789 -6.140606
v 3.079019 34.361789 -6.511952
v 4.233396 34.361789 -7.090337
v 4.974552 34.361789 -7.819145
v 5.229937 34.361789 -8.627035
v 6.402645 34.884058 -8.627035
v 6.089864 34.884058 -9.616494
v 5.182137 34.884058 -10.509098
v 3.768320 34.884058 -11.217472
v 1.986806 34.884058 -11.672277
v 0.011983 34.884058 -11.828991
v -1.962840 34.884058 -11.672277
v -3.744354 34.884058 -11.217472
v -5.158172 34.884058 -10.509098
v -6.065898 34.884058 -9.616494
v -6.378679 34.884058 -8.627035
v -6.065898 34.884058 -7.637576
v -5.158172 34.884058 -6.744972
v -3.744354 34.884058 -6.036598
v -1.962840 34.884058 -5.581794
v 0.011983 34.884058 -5.425079
v 1.986806 34.884058 -5.581794
v 3.768320 34.884058 -6.036598
v 5.182137 34.884058 -6.744972
v 6.089864 34.884058 -7.637576
v 6.402645 34.884058 -8.627035
v 7.139840 35.492253 -8.627035
v 6.790978 35.492253 -9.730633
v 5.778541 35.492253 -10.726203
v 4.201632 35.492253 -11.516292
v 2.214612 35.492253 -12.023561
v 0.011983 35.492253 -12.198353
v -2.190646 35.492253 -12.023561
v -4.177667 35.492253 -11.516292
v -5.754575 35.492253 -10.726203
v -6.767013 35.492253 -9.730633
v -7.115875 35.492253 -8.627035
v -6.767013 35.492253 -7.523437
v -5.754575 35.492253 -6.527867
v -4.177667 35.492253 -5.737778
v -2.190646 35.492253 -5.230510
v 0.011983 35.492253 -5.055717
v 2.214612 35.492253 -5.230510
v 4.201632 35.492253 -5.737778
v 5.778541 35.492253 -6.527867
v 6.790978 35.492253 -7.523437
v 7.139840 35.492253 -8.627035
v 7.391284 36.144928 -8.627035
v 7.030115 36.144928 -9.769564
v 5.981963 36.144928 -10.800254
v 4.349427 36.144928 -11.618214
v 2.292312 36.144928 -12.143377
v 0.011983 36.144928 -12.324336
v -2.268347 36.144928 -12.143377
v -4.325462 36.144928 -11.618214
v -5.957997 36.144928 -10.800254
v -7.006150 36.144928 -9.769564
v -7.367318 36.144928 -8.627035
v -7.006150 36.144928 -7.484506
v -5.957997 36.144928 -6.453816
v -4.325462 36.144928 -5.635856
v -2.268347 36.144928 -5.110693
v 0.011983 36.144928 -4.929734
v 2.292312 36.144928 -5.110693
v 4.349427 36.144928 -5.635856
v 5.981963 36.144928 -6.453816
v 7.030115 36.144928 -7.484506
v 7.391284 36.144928 -8.627035
v 7.139840 36.797602 -8.627035
v 6.790978 36.797602 -9.730633
v 5.778541 36.797602 -10.726203
v 4.201632 36.797602 -11.516292
v 2.214612 36.797602 -12.023561
v 0.011983 36.797602 -12.198353
v -2.190646 36.797602 -12.023561
v -4.177667 36.797602 -11.516292
v -5.754575 36.797602 -10.726203
v -6.767013 36.797602 -9.730633
v -7.115875 36.797602 -8.627035
v -6.767013 36.797602 -7.523437
v -5.754575 36.797602 -6.527867
v -4.177667 36.797602 -5.737778
v -2.190646 36.797602 -5.230510
v 0.011983 36.797602 -5.055717
v 2.214612 36.797602 -5.230510
v 4.201632 36.797602 -5.737778
v 5.778541 36.797602 -6.527867
v 6.790978 36.797602 -7.523437
v 7.139840 36.797602 -8.627035
v 6.402645 37.405797 -8.627035
v 6.089864 37.405797 -9.616494
v 5.182137 37.405797 -10.509098
v 3.768320 37.405797 -11.217472
v 1.986806 37.405797 -11.672277
v 0.011983 37.405797 -11.828991
v -1.962840 37.405797 -11.672277
v -3.744354 37.405797 -11.217472
v -5.158172 37.405797 -10.509098
v -6.065898 37.405797 -9.616494
v -6.378679 37.405797 -8.627035
v -6.065898 37.405797 -7.637576
v -5.158172 37.405797 -6.744972
v -3.744354 37.405797 -6.036598
v -1.962840 37.405797 -5.581794
v 0.011983 37.405797 -5.425079
v 1.986806 37.405797 -5.581794
v 3.768320 37.405797 -6.036598
v 5.182137 37.405797 -6.744972
v 6.089864 37.405797 -7.637576
v 6.402645 37.405797 -8.627035
v 5.229937 37.928066 -8.627035
v 4.974552 37.928066 -9.434925
v 4.233396 37.928066 -10.163733
v 3.079019 37.928066 -10.742118
v 1.624419 37.928066 -11.113464
v 0.011983 37.928066 -11.241422
v -1.600454 37.928066 -11.113464
v -3.055054 37.928066 -10.742118
v -4.209431 37.928066 -10.163733
v -4.950586 37.928066 -9.434925
v -5.205971 37.928066 -8.627035
v -4.950586 37.928066 -7.819145
v -4.209431 37.928066 -7.090337
v -3.055054 37.928066 -6.511952
v -1.600454 37.928066 -6.140606
v 0.011983 37.928066 -6.012649
v 1.624419 37.928066 -6.140606
v 3.079019 37.928066 -6.511952
v 4.233396 37.928066 -7.090337
v 4.974552 37.928066 -7.819145
v 5.229937 37.928066 -8.627035
v 3.701633 38.328818 -8.627035
v 3.521049 38.328818 -9.198299
v 2.996973 38.328818 -9.713645
v 2.180705 38.328818 -10.122625
v 1.152148 38.328818 -10.385206
v 0.011983 38.328818 -10.475685
v -1.128182 38.328818 -10.385206
v -2.156739 38.328818 -10.122625
v -2.973007 38.328818 -9.713645
v -3.497083 38.328818 -9.198299
v -3.677668 38.328818 -8.627035
v -3.497083 38.328818 -8.055771
v -2.973007 38.328818 -7.540426
v -2.156739 38.328818 -7.131446
v -1.128182 38.328818 -6.868864
v 0.011983 38.328818 -6.778385
v 1.152148 38.328818 -6.868864
v 2.180705 38.328818 -7.131446
v 2.996973 38.328818 -7.540426
v 3.521049 38.328818 -8.055771
v 3.701633 38.328818 -8.627035
v 1.921887 38.580740 -8.627035
v 1.828409 38.580740 -8.922743
v 1.557127 38.580740 -9.189506
v 1.134596 38.580740 -9.401209
v 0.602176 38.580740 -9.537131
v 0.011983 38.580740 -9.583967
v -0.578210 38.580740 -9.537131
v -1.110630 38.580740 -9.401209
v -1.533162 38.580740 -9.189506
v -1.804444 38.580740 -8.922743
v -1.897921 38.580740 -8.627035
v -1.804444 38.580740 -8.331327
v -1.533162 38.580740 -8.064565
v -1.110630 38.580740 -7.852861
v -0.578210 38.580740 -7.716939
v 0.011983 38.580740 -7.670103
v 0.602176 38.580740 -7.716939
v 1.134596 38.580740 -7.852861
v 1.557127 38.580740 -8.064565
v 1.828409 38.580740 -8.331327
v 1.921887 38.580740 -8.627035
v 0.011983 38.666667 -8.627035
vt 0.5000000 0.6996875
vt 0.0865625 0.8056375
vt 0.1279062 0.8056375
vt 0.1692500 0.8056375
vt 0.2105938 0.8056375
vt 0.2519375 0.8056375
vt 0.2932813 0.8056375
vt 0.3346250 0.8056375
vt 0.3759688 0.8056375
vt 0.4173125 0.8056375
vt 0.4586563 0.8056375
vt 0.5000000 0.8056375
vt 0.5413438 0.8056375
vt 0.5826875 0.8056375
vt 0.6240313 0.8056375
vt 0.6653750 0.8056375
vt 0.7067187 0.8056375
vt 0.7480625 0.8056375
vt 0.7894062 0.8056375
vt 0.8307500 0.8056375
vt 0.8720937 0.8056375
vt 0.9134375 0.8056375
vt 0.0865625 0.7946797
vt 0.1279062 0.7946797
vt 0.1692500 0.7946797
vt 0.2105938 0.7946797
vt 0.2519375 0.7946797
vt 0.2932813 0.7946797
vt 0.3346250 0.7946797
vt 0.3759688 0.7946797
vt 0.4173125 0.7946797
vt 0.4586563 0.7946797
vt 0.5000000 0.7946797
vt 0.5413438 0.7946797
vt 0.5826875 0.7946797
vt 0.6240313 0.7946797
vt 0.6653750 0.7946797
vt 0.7067187 0.7946797
vt 0.7480625 0.7946797
vt 0.7894062 0.7946797
vt 0.8307500 0.7946797
vt 0.8720937 0.7946797
vt 0.9134375 0.7946797
vt 0.0865625 0.7772483
vt 0.1279062 0.7772483
vt 0.1692500 0.7772483
vt 0.2105938 0.7772483
vt 0.2519375 0.7772483
vt 0.2932813 0.7772483
vt 0.3346250 0.7772483
vt 0.3759688 0.7772483
vt 0.4173125 0.7772483
vt 0.4586563 0.7772483
vt 0.5000000 0.7772483
vt 0.5413438 0.7772483
vt 0.5826875 0.7772483
vt 0.6240313 0.7772483
vt 0.6653750 0.7772483
vt 0.7067187 0.7772483
vt 0.7480625 0.7772483
vt 0.7894062 0.7772483
vt 0.8307500 0.7772483
vt 0.8720937 0.7772483
vt 0.9134375 0.7772483
vt 0.0865625 0.7545312
vt 0.1279062 0.7545312
vt 0.1692500 0.7545312
vt 0.2105938 0.7545312
vt 0.2519375 0.7545312
vt 0.2932813 0.7545312
vt 0.3346250 0.7545312
vt 0.3759688 0.7545312
vt 0.4173125 0.7545312
vt 0.4586563 0.7545312
vt 0.5000000 0.7545312
vt 0.5413438 0.7545312
vt 0.5826875 0.7545312
vt 0.6240313 0.7545312
vt 0.6653750 0.7545312
vt 0.7067187 0.7545312
vt 0.7480625 0.7545312
vt 0.7894062 0.7545312
vt 0.8307500 0.7545312
vt 0.8720937 0.7545312
vt 0.9134375 0.7545312
vt 0.0865625 0.7280767
vt 0.1279062 0.7280767
vt 0.1692500 0.7280767
vt 0.2105938 0.7280767
vt 0.2519375 0.7280767
vt 0.2932813 0.7280767
vt 0.3346250 0.7280767
vt 0.3759688 0.7280767
vt 0.4173125 0.7280767
vt 0.4586563 0.7280767
vt 0.5000000 0.7280767
vt 0.5413438 0.7280767
vt 0.5826875 0.7280767
vt 0.6240313 0.7280767
vt 0.6653750 0.7280767
vt 0.7067187 0.7280767
vt 0.7480625 0.7280767
vt 0.7894062 0.7280767
vt 0.8307500 0.7280767
vt 0.8720937 0.7280767
vt 0.9134375 0.7280767
vt 0.0865625 0.6996875
vt 0.1279062 0.6996875
vt 0.1692500 0.6996875
vt 0.2105938 0.6996875
vt 0.2519375 0.6996875
vt 0.2932813 0.6996875
vt 0.3346250 0.6996875
vt 0.3759688 0.6996875
vt 0.4173125 0.6996875
vt 0.4586563 0.6996875
vt 0.5000000 0.6996875
vt 0.5413438 0.6996875
vt 0.5826875 0.6996875
vt 0.6240313 0.6996875
vt 0.6653750 0.6996875
vt 0.7067187 0.6996875
vt 0.7480625 0.6996875
vt 0.7894062 0.6996875
vt 0.8307500 0.6996875
vt 0.8720937 0.6996875
vt 0.9134375 0.6996875
vt 0.0865625 0.6712983
vt 0.1279062 0.6712983
vt 0.1692500 0.6712983
vt 0.2105938 0.6712983
vt 0.2519375 0.6712983
vt 0.2932813 0.6712983
vt 0.3346250 0.6712983
vt 0.3759688 0.6712983
vt 0.4173125 0.6712983
vt 0.4586563 0.6712983
vt 0.5000000 0.6712983
vt 0.5413438 0.6712983
vt 0.5826875 0.6712983
vt 0.6240313 0.6712983
vt 0.6653750 0.6712983
vt 0.7067187 0.6712983
vt 0.7480625 0.6712983
vt 0.7894062 0.6712983
vt 0.8307500 0.6712983
vt 0.8720937 0.6712983
vt 0.9134375 0.6712983
vt 0.0865625 0.6448438
vt 0.1279062 0.6448438
vt 0.1692500 0.6448438
vt 0.2105938 0.6448438
vt 0.2519375 0.6448438
vt 0.2932813 0.6448438
vt 0.3346250 0.6448438
vt 0.3759688 0.6448438
vt 0.4173125 0.6448438
vt 0.4586563 0.6448438
vt 0.5000000 0.6448438
vt 0.5413438 0.6448438
vt 0.5826875 0.6448438
vt 0.6240313 0.6448438
vt 0.6653750 0.6448438
vt 0.7067187 0.6448438
vt 0.7480625 0.6448438
vt 0.7894062 0.6448438
vt 0.8307500 0.6448438
vt 0.8720937 0.6448438
vt 0.9134375 0.6448438
vt 0.0865625 0.6221267
vt 0.1279062 0.6221267
vt 0.1692500 0.6221267
vt 0.2105938 0.6221267
vt 0.2519375 0.6221267
vt 0.2932813 0.6221267
vt 0.3346250 0.6221267
vt 0.3759688 0.6221267
vt 0.4173125 0.6221267
vt 0.4586563 0.6221267
vt 0.5000000 0.6221267
vt 0.5413438 0.6221267
vt 0.5826875 0.6221267
vt 0.6240313 0.6221267
vt 0.6653750 0.6221267
vt 0.7067187 0.6221267
vt 0.7480625 0.6221267
vt 0.7894062 0.6221267
vt 0.8307500 0.6221267
vt 0.8720937 0.6221267
vt 0.9134375 0.6221267
vt 0.0865625 0.6046953
vt 0.1279062 0.6046953
vt 0.1692500 0.6046953
vt 0.2105938 0.6046953
vt 0.2519375 0.6046953
vt 0.2932813 0.6046953
vt 0.3346250 0.6046953
vt 0.3759688 0.6046953
vt 0.4173125 0.6046953
vt 0.4586563 0.6046953
vt 0.5000000 0.6046953
vt 0.5413438 0.6046953
vt 0.5826875 0.6046953
vt 0.6240313 0.6046953
vt 0.6653750 0.6046953
vt 0.7067187 0.6046953
vt 0.7480625 0.6046953
vt 0.7894062 0.6046953
vt 0.8307500 0.6046953
vt 0.8720937 0.6046953
vt 0.9134375 0.6046953
vt 0.0865625 0.5937375
vt 0.1279062 0.5937375
vt 0.1692500 0.5937375
vt 0.2105938 0.5937375
vt 0.2519375 0.5937375
vt 0.2932813 0.5937375
vt 0.3346250 0.5937375
vt 0.3759688 0.5937375
vt 0.4173125 0.5937375
vt 0.4586563 0.5937375
vt 0.5000000 0.5937375
vt 0.5413438 0.5937375
vt 0.5826875 0.5937375
vt 0.6240313 0.5937375
vt 0.6653750 0.5937375
vt 0.7067187 0.5937375
vt 0.7480625 0.5937375
vt 0.7894062 0.5937375
vt 0.8307500 0.5937375
vt 0.8720937 0.5937375
vt 0.9134375 0.5937375
vt 0.5000000 0.6996875
vn 0.0000000 -1.0000000 -0.0000000
vn 0.1068275 -0.9941770 -0.0141391
vn 0.0991837 -0.9919160 -0.0791530
vn 0.0816971 -0.9873588 -0.1358242
vn 0.0563785 -0.9822974 -0.1786431
vn 0.0258636 -0.9786477 -0.2039110
vn -0.0069671 -0.9777434 -0.2096885
vn -0.0391785 -0.9799087 -0.1955607
vn -0.0678464 -0.9843631 -0.1625614
vn -0.0901591 -0.9894567 -0.1133439
vn -0.1036891 -0.9932290 -0.0523893
vn -0.1068275 -0.9941770 0.0141391
vn -0.0991837 -0.9919160 0.0791530
vn -0.0816971 -0.9873588 0.1358242
vn -0.0563785 -0.9822974 0.1786431
vn -0.0258636 -0.9786477 0.2039110
vn 0.0069671 -0.9777434 0.2096885
vn 0.0391785 -0.9799087 0.1955607
vn 0.0678464 -0.9843631 0.1625614
vn 0.0901591 -0.9894567 0.1133439
vn 0.1036891 -0.9932290 0.0523893
vn 0.1068275 -0.9941770 -0.0141391
vn 0.2021861 -0.9792481 -0.0139267
vn 0.1888071 -0.9724134 -0.1369817
vn 0.1559179 -0.9574327 -0.2429242
vn 0.1087360 -0.9406576 -0.3214650
vn 0.0529402 -0.9283503 -0.3679173
vn -0.0065881 -0.9245530 -0.3809965
vn -0.0656691 -0.9304214 -0.3605601
vn -0.1200256 -0.9441516 -0.3068739
vn -0.1645691 -0.9611178 -0.2217424
vn -0.1935624 -0.9747945 -0.1109473
vn -0.2021861 -0.9792481 0.0139267
vn -0.1888071 -0.9724134 0.1369817
vn -0.1559179 -0.9574327 0.2429242
vn -0.1087360 -0.9406576 0.3214650
vn -0.0529402 -0.9283503 0.3679173
vn 0.0065881 -0.9245530 0.3809965
vn 0.0656691 -0.9304214 0.3605601
vn 0.1200256 -0.9441516 0.3068739
vn 0.1645691 -0.9611178 0.2217424
vn 0.1935624 -0.9747945 0.1109473
vn 0.2021861 -0.9792481 -0.0139267
vn 0.3300471 -0.9438690 -0.0134236
vn 0.3065103 -0.9278113 -0.2126446
vn 0.2487316 -0.8924567 -0.3763690
vn 0.1707858 -0.8549173 -0.4898456
vn 0.0839145 -0.8285520 -0.5535882
vn -0.0058432 -0.8200252 -0.5722975
vn -0.0954313 -0.8310486 -0.5479517
vn -0.1815834 -0.8593694 -0.4780289
vn -0.2576625 -0.8975251 -0.3578531
vn -0.3117712 -0.9313209 -0.1882552
vn -0.3300471 -0.9438690 0.0134236
vn -0.3065103 -0.9278113 0.2126446
vn -0.2487316 -0.8924567 0.3763690
vn -0.1707858 -0.8549173 0.4898456
vn -0.0839145 -0.8285520 0.5535882
vn 0.0058432 -0.8200252 0.5722975
vn 0.0954313 -0.8310486 0.5479517
vn 0.1815834 -0.8593694 0.4780289
vn 0.2576625 -0.8975251 0.3578531
vn 0.3117712 -0.9313209 0.1882552
vn 0.3300471 -0.9438690 -0.0134236
vn 0.5151306 -0.8570251 -0.0121885
vn 0.4693680 -0.8242509 -0.3167083
vn 0.3648418 -0.7567981 -0.5423532
vn 0.2410286 -0.6935391 -0.6789026
vn 0.1168970 -0.6531894 -0.7481168
vn -0.0045625 -0.6402882 -0.7681212
vn -0.1261551 -0.6552927 -0.7447660
vn -0.2504934 -0.6976290 -0.6712427
vn -0.3737922 -0.7621214 -0.5286306
vn -0.4754302 -0.8284893 -0.2959249
vn -0.5151306 -0.8570251 0.0121885
vn -0.4693680 -0.8242509 0.3167083
vn -0.3648418 -0.7567981 0.5423532
vn -0.2410286 -0.6935391 0.6789026
vn -0.1168970 -0.6531894 0.7481168
vn 0.0045625 -0.6402882 0.7681212
vn 0.1261551 -0.6552927 0.7447660
vn 0.2504934 -0.6976290 0.6712427
vn 0.3737922 -0.7621214 0.5286306
vn 0.4754302 -0.8284893 0.2959249
vn 0.5151306 -0.8570251 -0.0121885
vn 0.7905971 -0.6122748 -0.0087077
vn 0.6897395 -0.5626643 -0.4557064
vn 0.4953307 -0.4760730 -0.7266374
vn 0.3088044 -0.4099843 -0.8582265
vn 0.1463533 -0.3731219 -0.9161664
vn -0.0025777 -0.3617461 -0.9322731
vn -0.1517518 -0.3739629 -0.9149444
vn -0.3149163 -0.4117953 -0.8551329
vn -0.5022997 -0.4789152 -0.7199550
vn -0.6957808 -0.5655607 -0.4427529
vn -0.7905971 -0.6122748 0.0087077
vn -0.6897395 -0.5626643 0.4557064
vn -0.4953307 -0.4760730 0.7266374
vn -0.3088044 -0.4099843 0.8582265
vn -0.1463533 -0.3731219 0.9161664
vn 0.0025777 -0.3617461 0.9322731
vn 0.1517518 -0.3739629 0.9149444
vn 0.3149163 -0.4117953 0.8551329
vn 0.5022997 -0.4789152 0.7199550
vn 0.6957808 -0.5655607 0.4427529
vn 0.7905971 -0.6122748 -0.0087077
vn 1.0000000 -0.0000000 -0.0000000
vn 0.8390202 0.0000000 -0.5441002
vn 0.5677121 0.0000000 -0.8232271
vn 0.3420651 -0.0000000 -0.9396762
vn 0.1606814 -0.0000000 -0.9870063
vn -0.0000000 0.0000000 -1.0000000
vn -0.1606814 0.0000000 -0.9870063
vn -0.3420651 0.0000000 -0.9396762
vn -0.5677121 -0.0000000 -0.8232271
vn -0.8390202 0.0000000 -0.5441002
vn -1.0000000 0.0000000 -0.0000000
vn -0.8390202 0.0000000 0.5441002
vn -0.5677121 -0.0000000 0.8232271
vn -0.3420651 -0.0000000 0.9396762
vn -0.1606814 -0.0000000 0.9870063
vn -0.0000000 0.0000000 1.0000000
vn 0.1606814 0.0000000 0.9870063
vn 0.3420651 -0.0000000 0.9396762
vn 0.5677121 -0.0000000 0.8232271
vn 0.8390202 0.0000000 0.5441002
vn 1.0000000 -0.0000000 -0.0000000
vn 0.7905971 0.6122748 0.0087077
vn 0.6957808 0.5655607 -0.4427529
vn 0.5022997 0.4789152 -0.7199550
vn 0.3149163 0.4117953 -0.8551329
vn 0.1517518 0.3739629 -0.9149444
vn 0.0025777 0.3617461 -0.9322731
vn -0.1463533 0.3731219 -0.9161664
vn -0.3088044 0.4099843 -0.8582265
vn -0.4953307 0.4760730 -0.7266374
vn -0.6897395 0.5626643 -0.4557064
vn -0.7905971 0.6122748 -0.0087077
vn -0.6957808 0.5655607 0.4427529
vn -0.5022997 0.4789152 0.7199550
vn -0.3149163 0.4117953 0.8551329
vn -0.1517518 0.3739629 0.9149444
vn -0.0025777 0.3617461 0.9322731
vn 0.1463533 0.3731219 0.9161664
vn 0.3088044 0.4099843 0.8582265
vn 0.4953307 0.4760730 0.7266374
vn 0.6897395 0.5626643 0.4557064
vn 0.7905971 0.6122748 0.0087077
vn 0.5151306 0.8570251 0.0121885
vn 0.4754302 0.8284893 -0.2959249
vn 0.3737922 0.7621214 -0.5286306
vn 0.2504934 0.6976290 -0.6712427
vn 0.1261551 0.6552927 -0.7447660
vn 0.0045625 0.6402882 -0.7681212
vn -0.1168970 0.6531894 -0.7481168
vn -0.2410286 0.6935391 -0.6789026
vn -0.3648418 0.7567981 -0.5423532
vn -0.4693680 0.8242509 -0.3167083
vn -0.5151306 0.8570251 -0.0121885
vn -0.4754302 0.8284893 0.2959249
vn -0.3737922 0.7621214 0.5286306
vn -0.2504934 0.6976290 0.6712427
vn -0.1261551 0.6552927 0.7447660
vn -0.0045625 0.6402882 0.7681212
vn 0.1168970 0.6531894 0.7481168
vn 0.2410286 0.6935391 0.6789026
vn 0.3648418 0.7567981 0.5423532
vn 0.4693680 0.8242509 0.3167083
vn 0.5151306 0.8570251 0.0121885
vn 0.3300471 0.9438690 0.0134236
vn 0.3117712 0.9313209 -0.1882552
vn 0.2576625 0.8975251 -0.3578531
vn 0.1815834 0.8593694 -0.4780289
vn 0.0954313 0.8310486 -0.5479517
vn 0.0058432 0.8200252 -0.5722975
vn -0.0839145 0.8285520 -0.5535882
vn -0.1707858 0.8549173 -0.4898456
vn -0.2487316 0.8924567 -0.3763690
vn -0.3065103 0.9278113 -0.2126446
vn -0.3300471 0.9438690 -0.0134236
vn -0.3117712 0.9313209 0.1882552
vn -0.2576625 0.8975251 0.3578531
vn -0.1815834 0.8593694 0.4780289
vn -0.0954313 0.8310486 0.5479517
vn -0.0058432 0.8200252 0.5722975
vn 0.0839145 0.8285520 0.5535882
vn 0.1707858 0.8549173 0.4898456
vn 0.2487316 0.8924567 0.3763690
vn 0.3065103 0.9278113 0.2126446
vn 0.3300471 0.9438690 0.0134236
vn 0.2021861 0.9792481 0.0139267
vn 0.1935624 0.9747945 -0.1109473
vn 0.1645691 0.9611178 -0.2217424
vn 0.1200256 0.9441516 -0.3068739
vn 0.0656691 0.9304214 -0.3605601
vn 0.0065881 0.9245530 -0.3809965
vn -0.0529402 0.9283503 -0.3679173
vn -0.1087360 0.9406576 -0.3214650
vn -0.1559179 0.9574327 -0.2429242
vn -0.1888071 0.9724134 -0.1369817
vn -0.2021861 0.9792481 -0.0139267
vn -0.1935624 0.9747945 0.1109473
vn -0.1645691 0.9611178 0.2217424
vn -0.1200256 0.9441516 0.3068739
vn -0.0656691 0.9304214 0.3605601
vn -0.0065881 0.9245530 0.3809965
vn 0.0529402 0.9283503 0.3679173
vn 0.1087360 0.9406576 0.3214650
vn 0.1559179 0.9574327 0.2429242
vn 0.1888071 0.9724134 0.1369817
vn 0.2021861 0.9792481 0.0139267
vn 0.1068275 0.9941770 0.0141391
vn 0.1036891 0.9932290 -0.0523893
vn 0.0901591 0.9894567 -0.1133439
vn 0.0678464 0.9843631 -0.1625614
vn 0.0391785 0.9799087 -0.1955607
vn 0.0069671 0.9777434 -0.2096885
vn -0.0258636 0.9786477 -0.2039110
vn -0.0563785 0.9822974 -0.1786431
vn -0.0816971 0.9873588 -0.1358242
vn -0.0991837 0.9919160 -0.0791530
vn -0.1068275 0.9941770 -0.0141391
vn -0.1036891 0.9932290 0.0523893
vn -0.0901591 0.9894567 0.1133439
vn -0.0678464 0.9843631 0.1625614
vn -0.0391785 0.9799087 0.1955607
vn -0.0069671 0.9777434 0.2096885
vn 0.0258636 0.9786477 0.2039110
vn 0.0563785 0.9822974 0.1786431
vn 0.0816971 0.9873588 0.1358242
vn 0.0991837 0.9919160 0.0791530
vn 0.1068275 0.9941770 0.0141391
vn 0.0000000 1.0000000 -0.0000000
s 1
f 2819/2819/2819 2821/2821/2821 2820/2820/2820
f 2819/2819/2819 2822/2822/2822 2821/2821/2821
f 2819/2819/2819 2823/2823/2823 2822/2822/2822
f 2819/2819/2819 2824/2824/2824 2823/2823/2823
f 2819/2819/2819 2825/2825/2825 2824/2824/2824
f 2819/2819/2819 2826/2826/2826 2825/2825/2825
f 2819/2819/2819 2827/2827/2827 2826/2826/2826
f 2819/2819/2819 2828/2828/2828 2827/2827/2827
f 2819/2819/2819 2829/2829/2829 2828/2828/2828
f 2819/2819/2819 2830/2830/2830 2829/2829/2829
f 2819/2819/2819 2831/2831/2831 2830/2830/2830
f 2819/2819/2819 2832/2832/2832 2831/2831/2831
f 2819/2819/2819 2833/2833/2833 2832/2832/2832
f 2819/2819/2819 2834/2834/2834 2833/2833/2833
f 2819/2819/2819 2835/2835/2835 2834/2834/2834
f 2819/2819/2819 2836/2836/2836 2835/2835/2835
f 2819/2819/2819 2837/2837/2837 2836/2836/2836
f 2819/2819/2819 2838/2838/2838 2837/2837/2837
f 2819/2819/2819 2839/2839/2839 2838/2838/2838
f 2819/2819/2819 2840/2840/2840 2839/2839/2839
f 2820/2820/2820 2821/2821/2821 2842/2842/2842
f 2820/2820/2820 2842/2842/2842 2841/2841/2841
f 2821/2821/2821 2822/2822/2822 2843/2843/2843
f 2821/2821/2821 2843/2843/2843 2842/2842/2842
f 2822/2822/2822 2823/2823/2823 2844/2844/2844
f 2822/2822/2822 2844/2844/2844 2843/2843/2843
f 2823/2823/2823 2824/2824/2824 2845/2845/2845
f 2823/2823/2823 2845/2845/2845 2844/2844/2844
f 2824/2824/2824 2825/2825/2825 2846/2846/2846
f 2824/2824/2824 2846/2846/2846 2845/2845/2845
f 2825/2825/2825 2826/2826/2826 2847/2847/2847
f 2825/2825/2825 2847/2847/2847 2846/2846/2846
f 2826/2826/2826 2827/2827/2827 2848/2848/2848
f 2826/2826/2826 2848/2848/2848 2847/2847/2847
f 2827/2827/2827 2828/2828/2828 2849/2849/2849
f 2827/2827/2827 2849/2849/2849 2848/2848/2848
f 2828/2828/2828 2829/2829/2829 2850/2850/2850
f 2828/2828/2828 2850/2850/2850 2849/2849/2849
f 2829/2829/2829 2830/2830/2830 2851/2851/2851
f 2829/2829/2829 2851/2851/2851 2850/2850/2850
f 2830/2830/2830 2831/2831/2831 2852/2852/2852
f 2830/2830/2830 2852/2852/2852 2851/2851/2851
f 2831/2831/2831 2832/2832/2832 2853/2853/2853
f 2831/2831/2831 2853/2853/2853 2852/2852/2852
f 2832/2832/2832 2833/2833/2833 2854/2854/2854
f 2832/2832/2832 2854/2854/2854 2853/2853/2853
f 2833/2833/2833 2834/2834/2834 2855/2855/2855
f 2833/2833/2833 2855/2855/2855 2854/2854/2854
f 2834/2834/2834 2835/2835/2835 2856/2856/2856
f 2834/2834/2834 2856/2856/2856 2855/2855/2855
f 2835/2835/2835 2836/2836/2836 2857/2857/2857
f 2835/2835/2835 2857/2857/2857 2856/2856/2856
f 2836/2836/2836 2837/2837/2837 2858/2858/2858
f 2836/2836/2836 2858/2858/2858 2857/2857/2857
f 2837/2837/2837 2838/2838/2838 2859/2859/2859
f 2837/2837/2837 2859/2859/2859 2858/2858/2858
f 2838/2838/2838 2839/2839/2839 2860/2860/2860
f 2838/2838/2838 2860/2860/2860 2859/2859/2859
f 2839/2839/2839 2840/2840/2840 2861/2861/2861
f 2839/2839/2839 2861/2861/2861 2860/2860/2860
f 2841/2841/2841 2842/2842/2842 2863/2863/2863
f 2841/2841/2841 2863/2863/2863 2862/2862/2862
f 2842/2842/2842 2843/2843/2843 2864/2864/2864
f 2842/2842/2842 2864/2864/2864 2863/2863/2863
f 2843/2843/2843 2844/2844/2844 2865/2865/2865
f 2843/2843/2843 2865/2865/2865 2864/2864/2864
f 2844/2844/2844 2845/2845/2845 2866/2866/2866
f 2844/2844/2844 2866/2866/2866 2865/2865/2865
f 2845/2845/2845 2846/2846/2846 2867/2867/2867
f 2845/2845/2845 2867/2867/2867 2866/2866/2866
f 2846/2846/2846 2847/2847/2847 2868/2868/2868
f 2846/2846/2846 2868/2868/2868 2867/2867/2867
f 2847/2847/2847 2848/2848/2848 2869/2869/2869
f 2847/2847/2847 2869/2869/2869 2868/2868/2868
f 2848/2848/2848 2849/2849/2849 2870/2870/2870
f 2848/2848/2848 2870/2870/2870 2869/2869/2869
f 2849/2849/2849 2850/2850/2850 2871/2871/2871
f 2849/2849/2849 2871/2871/2871 2870/2870/2870
f 2850/2850/2850 2851/2851/2851 2872/2872/2872
f 2850/2850/2850 2872/2872/2872 2871/2871/2871
f 2851/2851/2851 2852/2852/2852 2873/2873/2873
f 2851/2851/2851 2873/2873/2873 2872/2872/2872
f 2852/2852/2852 2853/2853/2853 2874/2874/2874
f 2852/2852/2852 2874/2874/2874 2873/2873/2873
f 2853/2853/2853 2854/2854/2854 2875/2875/2875
f 2853/2853/2853 2875/2875/2875 2874/2874/2874
f 2854/2854/2854 2855/2855/2855 2876/2876/2876
f 2854/2854/2854 2876/2876/2876 2875/2875/2875
f 2855/2855/2855 2856/2856/2856 2877/2877/2877
f 2855/2855/2855 2877/2877/2877 2876/2876/2876
f 2856/2856/2856 2857/2857/2857 2878/2878/2878
f 2856/2856/2856 2878/2878/2878 2877/2877/2877
f 2857/2857/2857 2858/2858/2858 2879/2879/2879
f 2857/2857/2857 2879/2879/2879 2878/2878/2878
f 2858/2858/2858 2859/2859/2859 2880/2880/2880
f 2858/2858/2858 2880/2880/2880 2879/2879/2879
f 2859/2859/2859 2860/2860/2860 2881/2881/2881
f 2859/2859/2859 2881/2881/2881 2880/2880/2880
f 2860/2860/2860 2861/2861/2861 2882/2882/2882
f 2860/2860/2860 2882/2882/2882 2881/2881/2881
f 2862/2862/2862 2863/2863/2863 2884/2884/2884
f 2862/2862/2862 2884/2884/2884 2883/2883/2883
f 2863/2863/2863 2864/2864/2864 2885/2885/2885
f 2863/2863/2863 2885/2885/2885 2884/2884/2884
f 2864/2864/2864 2865/2865/2865 2886/2886/2886
f 2864/2864/2864 2886/2886/2886 2885/2885/2885
f 2865/2865/2865 2866/2866/2866 2887/2887/2887
f 2865/2865/2865 2887/2887/2887 2886/2886/2886
f 2866/2866/2866 2867/2867/2867 2888/2888/2888
f 2866/2866/2866 2888/2888/2888 2887/2887/2887
f 2867/2867/2867 2868/2868/2868 2889/2889/2889
f 2867/2867/2867 2889/2889/2889 2888/2888/2888
f 2868/2868/2868 2869/2869/2869 2890/2890/2890
f 2868/2868/2868 2890/2890/2890 2889/2889/2889
f 2869/2869/2869 2870/2870/2870 2891/2891/2891
f 2869/2869/2869 2891/2891/2891 2890/2890/2890
f 2870/2870/2870 2871/2871/2871 2892/2892/2892
f 2870/2870/2870 2892/2892/2892 2891/2891/2891
f 2871/2871/2871 2872/2872/2872 2893/2893/2893
f 2871/2871/2871 2893/2893/2893 2892/2892/2892
f 2872/2872/2872 2873/2873/2873 2894/2894/2894
f 2872/2872/2872 2894/2894/2894 2893/2893/2893
f 2873/2873/2873 2874/2874/2874 2895/2895/2895
f 2873/2873/2873 2895/2895/2895 2894/2894/2894
f 2874/2874/2874 2875/2875/2875 2896/2896/2896
f 2874/2874/2874 2896/2896/2896 2895/2895/2895
f 2875/2875/2875 2876/2876/2876 2897/2897/2897
f 2875/2875/2875 2897/2897/2897 2896/2896/2896
f 2876/2876/2876 2877/2877/2877 2898/2898/2898
f 2876/2876/2876 2898/2898/2898 2897/2897/2897
f 2877/2877/2877 2878/2878/2878 2899/2899/2899
f 2877/2877/2877 2899/2899/2899 2898/2898/2898
f 2878/2878/2878 2879/2879/2879 2900/2900/2900
f 2878/2878/2878 2900/2900/2900 2899/2899/2899
f 2879/2879/2879 2880/2880/2880 2901/2901/2901
f 2879/2879/2879 2901/2901/2901 2900/2900/2900
f 2880/2880/2880 2881/2881/2881 2902/2902/2902
f 2880/2880/2880 2902/2902/2902 2901/2901/2901
f 2881/2881/2881 2882/2882/2882 2903/2903/2903
f 2881/2881/2881 2903/2903/2903 2902/2902/2902
f 2883/2883/2883 2884/2884/2884 2905/2905/2905
f 2883/2883/2883 2905/2905/2905 2904/2904/2904
f 2884/2884/2884 2885/2885/2885 2906/2906/2906
f 2884/2884/2884 2906/2906/2906 2905/2905/2905
f 2885/2885/2885 2886/2886/2886 2907/2907/2907
f 2885/2885/2885 2907/2907/2907 2906/2906/2906
f 2886/2886/2886 2887/2887/2887 2908/2908/2908
f 2886/2886/2886 2908/2908/2908 2907/2907/2907
f 2887/2887/2887 2888/2888/2888 2909/2909/2909
f 2887/2887/2887 2909/2909/2909 2908/2908/2908
f 2888/2888/2888 2889/2889/2889 2910/2910/2910
f 2888/2888/2888 2910/2910/2910 2909/2909/2909
f 2889/2889/2889 2890/2890/2890 2911/2911/2911
f 2889/2889/2889 2911/2911/2911 2910/2910/2910
f 2890/2890/2890 2891/2891/2891 2912/2912/2912
f 2890/2890/2890 2912/2912/2912 2911/2911/2911
f 2891/2891/2891 2892/2892/2892 2913/2913/2913
f 2891/2891/2891 2913/2913/2913 2912/2912/2912
f 2892/2892/2892 2893/2893/2893 2914/2914/2914
f 2892/2892/2892 2914/2914/2914 2913/2913/2913
f 2893/2893/2893 2894/2894/2894 2915/2915/2915
f 2893/2893/2893 2915/2915/2915 2914/2914/2914
f 2894/2894/2894 2895/2895/2895 2916/2916/2916
f 2894/2894/2894 2916/2916/2916 2915/2915/2915
f 2895/2895/2895 2896/2896/2896 2917/2917/2917
f 2895/2895/2895 2917/2917/2917 2916/2916/2916
f 2896/2896/2896 2897/2897/2897 2918/2918/2918
f 2896/2896/2896 2918/2918/2918 2917/2917/2917
f 2897/2897/2897 2898/2898/2898 2919/2919/2919
f 2897/2897/2897 2919/2919/2919 2918/2918/2918
f 2898/2898/2898 2899/2899/2899 2920/2920/2920
f 2898/2898/2898 2920/2920/2920 2919/2919/2919
f 2899/2899/2899 2900/2900/2900 2921/2921/2921
f 2899/2899/2899 2921/2921/2921 2920/2920/2920
f 2900/2900/2900 2901/2901/2901 2922/2922/2922
f 2900/2900/2900 2922/2922/2922 2921/2921/2921
f 2901/2901/2901 2902/2902/2902 2923/2923/2923
f 2901/2901/2901 2923/2923/2923 2922/2922/2922
f 2902/2902/2902 2903/2903/2903 2924/2924/2924
f 2902/2902/2902 2924/2924/2924 2923/2923/2923
f 2904/2904/2904 2905/2905/2905 2926/2926/2926
f 2904/2904/2904 2926/2926/2926 2925/2925/2925
f 2905/2905/2905 2906/2906/2906 2927/2927/2927
f 2905/2905/2905 2927/2927/2927 2926/2926/2926
f 2906/2906/2906 2907/2907/2907 2928/2928/2928
f 2906/2906/2906 2928/2928/2928 2927/2927/2927
f 2907/2907/2907 2908/2908/2908 2929/2929/2929
f 2907/2907/2907 2929/2929/2929 2928/2928/2928
f 2908/2908/2908 2909/2909/2909 2930/2930/2930
f 2908/2908/2908 2930/2930/2930 2929/2929/2929
f 2909/2909/2909 2910/2910/2910 2931/2931/2931
f 2909/2909/2909 2931/2931/2931 2930/2930/2930
f 2910/2910/2910 2911/2911/2911 2932/2932/2932
f 2910/2910/2910 2932/2932/2932 2931/2931/2931
f 2911/2911/2911 2912/2912/2912 2933/2933/2933
f 2911/2911/2911 2933/2933/2933 2932/2932/2932
f 2912/2912/2912 2913/2913/2913 2934/2934/2934
f 2912/2912/2912 2934/2934/2934 2933/2933/2933
f 2913/2913/2913 2914/2914/2914 2935/2935/2935
f 2913/2913/2913 2935/2935/2935 2934/2934/2934
f 2914/2914/2914 2915/2915/2915 2936/2936/2936
f 2914/2914/2914 2936/2936/2936 2935/2935/2935
f 2915/2915/2915 2916/2916/2916 2937/2937/2937
f 2915/2915/2915 2937/2937/2937 2936/2936/2936
f 2916/2916/2916 2917/2917/2917 2938/2938/2938
f 2916/2916/2916 2938/2938/2938 2937/2937/2937
f 2917/2917/2917 2918/2918/2918 2939/2939/2939
f 2917/2917/2917 2939/2939/2939 2938/2938/2938
f 2918/2918/2918 2919/2919/2919 2940/2940/2940
f 2918/2918/2918 2940/2940/2940 2939/2939/2939
f 2919/2919/2919 2920/2920/2920 2941/2941/2941
f 2919/2919/2919 2941/2941/2941 2940/2940/2940
f 2920/2920/2920 2921/2921/2921 2942/2942/2942
f 2920/2920/2920 2942/2942/2942 2941/2941/2941
f 2921/2921/2921 2922/2922/2922 2943/2943/2943
f 2921/2921/2921 2943/2943/2943 2942/2942/2942
f 2922/2922/2922 2923/2923/2923 2944/2944/2944
f 2922/2922/2922 2944/2944/2944 2943/2943/2943
f 2923/2923/2923 2924/2924/2924 2945/2945/2945
f 2923/2923/2923 2945/2945/2945 2944/2944/2944
f 2925/2925/2925 2926/2926/2926 2947/2947/2947
f 2925/2925/2925 2947/2947/2947 2946/2946/2946
f 2926/2926/2926 2927/2927/2927 2948/2948/2948
f 2926/2926/2926 2948/2948/2948 2947/2947/2947
f 2927/2927/2927 2928/2928/2928 2949/2949/2949
f 2927/2927/2927 2949/2949/2949 2948/2948/2948
f 2928/2928/2928 2929/2929/2929 2950/2950/2950
f 2928/2928/2928 2950/2950/2950 2949/2949/2949
f 2929/2929/2929 2930/2930/2930 2951/2951/2951
f 2929/2929/2929 2951/2951/2951 2950/2950/2950
f 2930/2930/2930 2931/2931/2931 2952/2952/2952
f 2930/2930/2930 2952/2952/2952 2951/2951/2951
f 2931/2931/2931 2932/2932/2932 2953/2953/2953
f 2931/2931/2931 2953/2953/2953 2952/2952/2952
f 2932/2932/2932 2933/2933/2933 2954/2954/2954
f 2932/2932/2932 2954/2954/2954 2953/2953/2953
f 2933/2933/2933 2934/2934/2934 2955/2955/2955
f 2933/2933/2933 2955/2955/2955 2954/2954/2954
f 2934/2934/2934 2935/2935/2935 2956/2956/2956
f 2934/2934/2934 2956/2956/2956 2955/2955/2955
f 2935/2935/2935 2936/2936/2936 2957/2957/2957
f 2935/2935/2935 2957/2957/2957 2956/2956/2956
f 2936/2936/2936 2937/2937/2937 2958/2958/2958
f 2936/2936/2936 2958/2958/2958 2957/2957/2957
f 2937/2937/2937 2938/2938/2938 2959/2959/2959
f 2937/2937/2937 2959/2959/2959 2958/2958/2958
f 2938/2938/2938 2939/2939/2939 2960/2960/2960
f 2938/2938/2938 2960/2960/2960 2959/2959/2959
f 2939/2939/2939 2940/2940/2940 2961/2961/2961
f 2939/2939/2939 2961/2961/2961 2960/2960/2960
f 2940/2940/2940 2941/2941/2941 2962/2962/2962
f 2940/2940/2940 2962/2962/2962 2961/2961/2961
f 2941/2941/2941 2942/2942/2942 2963/2963/2963
f 2941/2941/2941 2963/2963/2963 2962/2962/2962
f 2942/2942/2942 2943/2943/2943 2964/2964/2964
f 2942/2942/2942 2964/2964/2964 2963/2963/2963
f 2943/2943/2943 2944/2944/2944 2965/2965/2965
f 2943/2943/2943 2965/2965/2965 2964/2964/2964
f 2944/2944/2944 2945/2945/2945 2966/2966/2966
f 2944/2944/2944 2966/2966/2966 2965/2965/2965
f 2946/2946/2946 2947/2947/2947 2968/2968/2968
f 2946/2946/2946 2968/2968/2968 2967/2967/2967
f 2947/2947/2947 2948/2948/2948 2969/2969/2969
f 2947/2947/2947 2969/2969/2969 2968/2968/2968
f 2948/2948/2948 2949/2949/2949 2970/2970/2970
f 2948/2948/2948 2970/2970/2970 2969/2969/2969
f 2949/2949/2949 2950/2950/2950 2971/2971/2971
f 2949/2949/2949 2971/2971/2971 2970/2970/2970
f 2950/2950/2950 2951/2951/2951 2972/2972/2972
f 2950/2950/2950 2972/2972/2972 2971/2971/2971
f 2951/2951/2951 2952/2952/2952 2973/2973/2973
f 2951/2951/2951 2973/2973/2973 2972/2972/2972
f 2952/2952/2952 2953/2953/2953 2974/2974/2974
f 2952/2952/2952 2974/2974/2974 2973/2973/2973
f 2953/2953/2953 2954/2954/2954 2975/2975/2975
f 2953/2953/2953 2975/2975/2975 2974/2974/2974
f 2954/2954/2954 2955/2955/2955 2976/2976/2976
f 2954/2954/2954 2976/2976/2976 2975/2975/2975
f 2955/2955/2955 2956/2956/2956 2977/2977/2977
f 2955/2955/2955 2977/2977/2977 2976/2976/2976
f 2956/2956/2956 2957/2957/2957 2978/2978/2978
f 2956/2956/2956 2978/2978/2978 2977/2977/2977
f 2957/2957/2957 2958/2958/2958 2979/2979/2979
f 2957/2957/2957 2979/2979/2979 2978/2978/2978
f 2958/2958/2958 2959/2959/2959 2980/2980/2980
f 2958/2958/2958 2980/2980/2980 2979/2979/2979
f 2959/2959/2959 2960/2960/2960 2981/2981/2981
f 2959/2959/2959 2981/2981/2981 2980/2980/2980
f 2960/2960/2960 2961/2961/2961 2982/2982/2982
f 2960/2960/2960 2982/2982/2982 2981/2981/2981
f 2961/2961/2961 2962/2962/2962 2983/2983/2983
f 2961/2961/2961 2983/2983/2983 2982/2982/2982
f 2962/2962/2962 2963/2963/2963 2984/2984/2984
f 2962/2962/2962 2984/2984/2984 2983/2983/2983
f 2963/2963/2963 2964/2964/2964 2985/2985/2985
f 2963/2963/2963 2985/2985/2985 2984/2984/2984
f 2964/2964/2964 2965/2965/2965 2986/2986/2986
f 2964/2964/2964 2986/2986/2986 2985/2985/2985
f 2965/2965/2965 2966/2966/2966 2987/2987/2987
f 2965/2965/2965 2987/2987/2987 2986/2986/2986
f 2967/2967/2967 2968/2968/2968 2989/2989/2989
f 2967/2967/2967 2989/2989/2989 2988/2988/2988
f 2968/2968/2968 2969/2969/2969 2990/2990/2990
f 2968/2968/2968 2990/2990/2990 2989/2989/2989
f 2969/2969/2969 2970/2970/2970 2991/2991/2991
f 2969/2969/2969 2991/2991/2991 2990/2990/2990
f 2970/2970/2970 2971/2971/2971 2992/2992/2992
f 2970/2970/2970 2992/2992/2992 2991/2991/2991
f 2971/2971/2971 2972/2972/2972 2993/2993/2993
f 2971/2971/2971 2993/2993/2993 2992/2992/2992
f 2972/2972/2972 2973/2973/2973 2994/2994/2994
f 2972/2972/2972 2994/2994/2994 2993/2993/2993
f 2973/2973/2973 2974/2974/2974 2995/2995/2995
f 2973/2973/2973 2995/2995/2995 2994/2994/2994
f 2974/2974/2974 2975/2975/2975 2996/2996/2996
f 2974/2974/2974 2996/2996/2996 2995/2995/2995
f 2975/2975/2975 2976/2976/2976 2997/2997/2997
f 2975/2975/2975 2997/2997/2997 2996/2996/2996
f 2976/2976/2976 2977/2977/2977 2998/2998/2998
f 2976/2976/2976 2998/2998/2998 2997/2997/2997
f 2977/2977/2977 2978/2978/2978 2999/2999/2999
f 2977/2977/2977 2999/2999/2999 2998/2998/2998
f 2978/2978/2978 2979/2979/2979 3000/3000/3000
f 2978/2978/2978 3000/3000/3000 2999/2999/2999
f 2979/2979/2979 2980/2980/2980 3001/3001/3001
f 2979/2979/2979 3001/3001/3001 3000/3000/3000
f 2980/2980/2980 2981/2981/2981 3002/3002/3002
f 2980/2980/2980 3002/3002/3002 3001/3001/3001
f 2981/2981/2981 2982/2982/2982 3003/3003/3003
f 2981/2981/2981 3003/3003/3003 3002/3002/3002
f 2982/2982/2982 2983/2983/2983 3004/3004/3004
f 2982/2982/2982 3004/3004/3004 3003/3003/3003
f 2983/2983/2983 2984/2984/2984 3005/3005/3005
f 2983/2983/2983 3005/3005/3005 3004/3004/3004
f 2984/2984/2984 2985/2985/2985 3006/3006/3006
f 2984/2984/2984 3006/3006/3006 3005/3005/3005
f 2985/2985/2985 2986/2986/2986 3007/3007/3007
f 2985/2985/2985 3007/3007/3007 3006/3006/3006
f 2986/2986/2986 2987/2987/2987 3008/3008/3008
f 2986/2986/2986 3008/3008/3008 3007/3007/3007
f 2988/2988/2988 2989/2989/2989 3010/3010/3010
f 2988/2988/2988 3010/3010/3010 3009/3009/3009
f 2989/2989/2989 2990/2990/2990 3011/3011/3011
f 2989/2989/2989 3011/3011/3011 3010/3010/3010
f 2990/2990/2990 2991/2991/2991 3012/3012/3012
f 2990/2990/2990 3012/3012/3012 3011/3011/3011
f 2991/2991/2991 2992/2992/2992 3013/3013/3013
f 2991/2991/2991 3013/3013/3013 3012/3012/3012
f 2992/2992/2992 2993/2993/2993 3014/3014/3014
f 2992/2992/2992 3014/3014/3014 3013/3013/3013
f 2993/2993/2993 2994/2994/2994 3015/3015/3015
f 2993/2993/2993 3015/3015/3015 3014/3014/3014
f 2994/2994/2994 2995/2995/2995 3016/3016/3016
f 2994/2994/2994 3016/3016/3016 3015/3015/3015
f 2995/2995/2995 2996/2996/2996 3017/3017/3017
f 2995/2995/2995 3017/3017/3017 3016/3016/3016
f 2996/2996/2996 2997/2997/2997 3018/3018/3018
f 2996/2996/2996 3018/3018/3018 3017/3017/3017
f 2997/2997/2997 2998/2998/2998 3019/3019/3019
f 2997/2997/2997 3019/3019/3019 3018/3018/3018
f 2998/2998/2998 2999/2999/2999 3020/3020/3020
f 2998/2998/2998 3020/3020/3020 3019/3019/3019
f 2999/2999/2999 3000/3000/3000 3021/3021/3021
f 2999/2999/2999 3021/3021/3021 3020/3020/3020
f 3000/3000/3000 3001/3001/3001 3022/3022/3022
f 3000/3000/3000 3022/3022/3022 3021/3021/3021
f 3001/3001/3001 3002/3002/3002 3023/3023/3023
f 3001/3001/3001 3023/3023/3023 3022/3022/3022
f 3002/3002/3002 3003/3003/3003 3024/3024/3024
f 3002/3002/3002 3024/3024/3024 3023/3023/3023
f 3003/3003/3003 3004/3004/3004 3025/3025/3025
f 3003/3003/3003 3025/3025/3025 3024/3024/3024
f 3004/3004/3004 3005/3005/3005 3026/3026/3026
f 3004/3004/3004 3026/3026/3026 3025/3025/3025
f 3005/3005/3005 3006/3006/3006 3027/3027/3027
f 3005/3005/3005 3027/3027/3027 3026/3026/3026
f 3006/3006/3006 3007/3007/3007 3028/3028/3028
f 3006/3006/3006 3028/3028/3028 3027/3027/3027
f 3007/3007/3007 3008/3008/3008 3029/3029/3029
f 3007/3007/3007 3029/3029/3029 3028/3028/3028
f 3009/3009/3009 3010/3010/3010 3031/3031/3031
f 3009/3009/3009 3031/3031/3031 3030/3030/3030
f 3010/3010/3010 3011/3011/3011 3032/3032/3032
f 3010/3010/3010 3032/3032/3032 3031/3031/3031
f 3011/3011/3011 3012/3012/3012 3033/3033/3033
f 3011/3011/3011 3033/3033/3033 3032/3032/3032
f 3012/3012/3012 3013/3013/3013 3034/3034/3034
f 3012/3012/3012 3034/3034/3034 3033/3033/3033
f 3013/3013/3013 3014/3014/3014 3035/3035/3035
f 3013/3013/3013 3035/3035/3035 3034/3034/3034
f 3014/3014/3014 3015/3015/3015 3036/3036/3036
f 3014/3014/3014 3036/3036/3036 3035/3035/3035
f 3015/3015/3015 3016/3016/3016 3037/3037/3037
f 3015/3015/3015 3037/3037/3037 3036/3036/3036
f 3016/3016/3016 3017/3017/3017 3038/3038/3038
f 3016/3016/3016 3038/3038/3038 3037/3037/3037
f 3017/3017/3017 3018/3018/3018 3039/3039/3039
f 3017/3017/3017 3039/3039/3039 3038/3038/3038
f 3018/3018/3018 3019/3019/3019 3040/3040/3040
f 3018/3018/3018 3040/3040/3040 3039/3039/3039
f 3019/3019/3019 3020/3020/3020 3041/3041/3041
f 3019/3019/3019 3041/3041/3041 3040/3040/3040
f 3020/3020/3020 3021/3021/3021 3042/3042/3042
f 3020/3020/3020 3042/3042/3042 3041/3041/3041
f 3021/3021/3021 3022/3022/3022 3043/3043/3043
f 3021/3021/3021 3043/3043/3043 3042/3042/3042
f 3022/3022/3022 3023/3023/3023 3044/3044/3044
f 3022/3022/3022 3044/3044/3044 3043/3043/3043
f 3023/3023/3023 3024/3024/3024 3045/3045/3045
f 3023/3023/3023 3045/3045/3045 3044/3044/3044
f 3024/3024/3024 3025/3025/3025 3046/3046/3046
f 3024/3024/3024 3046/3046/3046 3045/3045/3045
f 3025/3025/3025 3026/3026/3026 3047/3047/3047
f 3025/3025/3025 3047/3047/3047 3046/3046/3046
f 3026/3026/3026 3027/3027/3027 3048/3048/3048
f 3026/3026/3026 3048/3048/3048 3047/3047/3047
f 3027/3027/3027 3028/3028/3028 3049/3049/3049
f 3027/3027/3027 3049/3049/3049 3048/3048/3048
f 3028/3028/3028 3029/3029/3029 3050/3050/3050
f 3028/3028/3028 3050/3050/3050 3049/3049/3049
f 3030/3030/3030 3031/3031/3031 3051/3051/3051
f 3031/3031/3031 3032/3032/3032 3051/3051/3051
f 3032/3032/3032 3033/3033/3033 3051/3051/3051
f 3033/3033/3033 3034/3034/3034 3051/3051/3051
f 3034/3034/3034 3035/3035/3035 3051/3051/3051
f 3035/3035/3035 3036/3036/3036 3051/3051/3051
f 3036/3036/3036 3037/3037/3037 3051/3051/3051
f 3037/3037/3037 3038/3038/3038 3051/3051/3051
f 3038/3038/3038 3039/3039/3039 3051/3051/3051
f 3039/3039/3039 3040/3040/3040 3051/3051/3051
f 3040/3040/3040 3041/3041/3041 3051/3051/3051
f 3041/3041/3041 3042/3042/3042 3051/3051/3051
f 3042/3042/3042 3043/3043/3043 3051/3051/3051
f 3043/3043/3043 3044/3044/3044 3051/3051/3051
f 3044/3044/3044 3045/3045/3045 3051/3051/3051
f 3045/3045/3045 3046/3046/3046 3051/3051/3051
f 3046/3046/3046 3047/3047/3047 3051/3051/3051
f 3047/3047/3047 3048/3048/3048 3051/3051/3051
f 3048/3048/3048 3049/3049/3049 3051/3051/3051
f 3049/3049/3049 3050/3050/3050 3051/3051/3051
o Arm_1
v 6.753540 36.144928 -7.920775
v 6.492487 35.382037 -8.964966
v 4.947890 34.770247 -9.942227
v 2.425676 34.430729 -10.658997
v -0.574599 34.430729 -10.973313
v -3.458694 34.770247 -10.822919
v -5.655380 35.382037 -10.237604
v -6.729574 36.144928 -9.333296
v -6.468521 36.907818 -8.289104
v -4.923924 37.519608 -7.311843
v -2.401711 37.859127 -6.595073
v 0.598564 37.859127 -6.280757
v 3.482660 37.519608 -6.431151
v 5.679345 36.907818 -7.016466
v 6.753540 36.144928 -7.920775
v 6.840470 36.805022 -9.022973
v 6.586720 36.073007 -9.996142
v 5.118304 35.485305 -10.907915
v 2.726060 35.158317 -11.577704
v -0.116199 35.156807 -11.872849
v -2.845529 35.481075 -11.734893
v -4.921351 36.066895 -11.191160
v -5.932525 36.798238 -10.349342
v -5.678775 37.530254 -9.376173
v -4.210359 38.117956 -8.464401
v -1.818115 38.444944 -7.794612
v 1.024144 38.446454 -7.499467
v 3.753473 38.122186 -7.637423
v 5.829296 37.536366 -8.181156
v 6.840470 36.805022 -9.022973
v 6.949452 37.708620 -10.613816
v 6.742948 37.077695 -11.573489
v 5.416437 36.574187 -12.468290
v 3.232652 36.297823 -13.120994
v 0.624119 36.303339 -13.402323
v -1.892511 36.589643 -13.256557
v -3.818789 37.100029 -12.712567
v -4.773191 37.733409 -11.878097
v -4.566686 38.364334 -10.918424
v -3.240175 38.867842 -10.023622
v -1.056390 39.144206 -9.370919
v 1.552143 39.138690 -9.089590
v 4.068773 38.852386 -9.235356
v 5.995051 38.342000 -9.779346
v 6.949452 37.708620 -10.613816
v 7.073651 38.833713 -12.105420
v 6.963960 38.414788 -13.145599
v 5.831316 38.092576 -14.103212
v 3.900053 37.930894 -14.788592
v 1.552683 37.961765 -15.065990
v -0.745871 38.179075 -14.880465
v -2.540350 38.539783 -14.268762
v -3.475337 38.972447 -13.352037
v -3.365645 39.391371 -12.311857
v -2.233001 39.713584 -11.354244
v -0.301739 39.875266 -10.668864
v 2.045632 39.844395 -10.391466
v 4.344185 39.627085 -10.576991
v 6.138665 39.266376 -11.188694
v 7.073651 38.833713 -12.105420
v 7.226227 40.184491 -12.970683
v 7.226960 40.085575 -14.058023
v 6.285864 40.038601 -15.046083
v 4.589336 40.052873 -15.739167
v 2.473395 40.125564 -16.000000
v 0.357127 40.242277 -15.776921
v -1.340313 40.379895 -15.114114
v -2.282728 40.511161 -14.142856
v -2.283460 40.610077 -13.055516
v -1.342364 40.657051 -12.067455
v 0.354163 40.642779 -11.374372
v 2.470105 40.570088 -11.113539
v 4.586372 40.453375 -11.336618
v 6.283813 40.315757 -11.999425
v 7.226227 40.184491 -12.970683
v 7.460689 42.144293 -12.880357
v 7.515148 42.237599 -13.869842
v 6.703916 42.353320 -14.766807
v 5.187666 42.468536 -15.393597
v 3.266711 42.560427 -15.626069
v 1.321520 42.610793 -15.418178
v -0.262640 42.609658 -14.811100
v -1.172004 42.557247 -13.925074
v -1.226463 42.463941 -12.935588
v -0.415231 42.348220 -12.038623
v 1.101019 42.233004 -11.411833
v 3.021974 42.141113 -11.179362
v 4.967165 42.090747 -11.387253
v 6.551325 42.091882 -11.994331
v 7.460689 42.144293 -12.880357
v 7.759886 44.608689 -12.165581
v 7.825206 44.751243 -13.045507
v 7.104252 44.906109 -13.843620
v 5.739817 45.042613 -14.401845
v 4.002144 45.133721 -14.609619
v 2.235400 45.161386 -14.425789
v 0.789510 45.120130 -13.886765
v -0.049148 45.018123 -13.099307
v -0.114469 44.875569 -12.219382
v 0.606485 44.720703 -11.421269
v 1.970921 44.584198 -10.863044
v 3.708594 44.493091 -10.655270
v 5.475338 44.465425 -10.839100
v 6.921227 44.506682 -11.378124
v 7.759886 44.608689 -12.165581
v 8.045412 46.954215 -11.284372
v 8.108463 47.097117 -12.081120
v 7.454740 47.249442 -12.803990
v 6.213720 47.381023 -13.309810
v 4.631202 47.465797 -13.498395
v 3.020624 47.486974 -13.332394
v 1.700980 47.440360 -12.844686
v 0.933643 47.335187 -12.131866
v 0.870592 47.192286 -11.335118
v 1.524315 47.039960 -10.612248
v 2.765335 46.908379 -10.106428
v 4.347853 46.823605 -9.917843
v 5.958431 46.802428 -10.083844
v 7.278075 46.849042 -10.571552
v 8.045412 46.954215 -11.284372
v 8.243660 48.576994 -10.696925
v 8.301680 48.707526 -11.440003
v 7.692198 48.847187 -12.114136
v 6.535929 48.968317 -12.585803
v 5.061886 49.046924 -12.761584
v 3.562023 49.067440 -12.606664
v 2.333404 49.025800 -12.151728
v 1.619374 48.930252 -11.486879
v 1.561354 48.799721 -10.743801
v 2.170836 48.660059 -10.069668
v 3.327105 48.538929 -9.598002
v 4.801148 48.460322 -9.422221
v 6.301011 48.439807 -9.577140
v 7.529630 48.481447 -10.032077
v 8.243660 48.576994 -10.696925
v 0.011983 36.144928 -8.627035
v 4.931517 48.753623 -11.091902
vt 0.0078125 0.9921875
vt 0.0078125 0.9486607
vt 0.0078125 0.9051339
vt 0.0078125 0.8616071
vt 0.0078125 0.8180804
vt 0.0078125 0.7745536
vt 0.0078125 0.7310268
vt 0.0078125 0.6875000
vt 0.0078125 0.6439732
vt 0.0078125 0.6004464
vt 0.0078125 0.5569196
vt 0.0078125 0.5133929
vt 0.0078125 0.4698661
vt 0.0078125 0.4263393
vt 0.0078125 0.3828125
vt 0.1308594 0.9921875
vt 0.1308594 0.9486607
vt 0.1308594 0.9051339
vt 0.1308594 0.8616071
vt 0.1308594 0.8180804
vt 0.1308594 0.7745536
vt 0.1308594 0.7310268
vt 0.1308594 0.6875000
vt 0.1308594 0.6439732
vt 0.1308594 0.6004464
vt 0.1308594 0.5569196
vt 0.1308594 0.5133929
vt 0.1308594 0.4698661
vt 0.1308594 0.4263393
vt 0.1308594 0.3828125
vt 0.2539062 0.9921875
vt 0.2539062 0.9486607
vt 0.2539062 0.9051339
vt 0.2539062 0.8616071
vt 0.2539062 0.8180804
vt 0.2539062 0.7745536
vt 0.2539062 0.7310268
vt 0.2539062 0.6875000
vt 0.2539062 0.6439732
vt 0.2539062 0.6004464
vt 0.2539062 0.5569196
vt 0.2539062 0.5133929
vt 0.2539062 0.4698661
vt 0.2539062 0.4263393
vt 0.2539062 0.3828125
vt 0.3769531 0.9921875
vt 0.3769531 0.9486607
vt 0.3769531 0.9051339
vt 0.3769531 0.8616071
vt 0.3769531 0.8180804
vt 0.3769531 0.7745536
vt 0.3769531 0.7310268
vt 0.3769531 0.6875000
vt 0.3769531 0.6439732
vt 0.3769531 0.6004464
vt 0.3769531 0.5569196
vt 0.3769531 0.5133929
vt 0.3769531 0.4698661
vt 0.3769531 0.4263393
vt 0.3769531 0.3828125
vt 0.5000000 0.9921875
vt 0.5000000 0.9486607
vt 0.5000000 0.9051339
vt 0.5000000 0.8616071
vt 0.5000000 0.8180804
vt 0.5000000 0.7745536
vt 0.5000000 0.7310268
vt 0.5000000 0.6875000
vt 0.5000000 0.6439732
vt 0.5000000 0.6004464
vt 0.5000000 0.5569196
vt 0.5000000 0.5133929
vt 0.5000000 0.4698661
vt 0.5000000 0.4263393
vt 0.5000000 0.3828125
vt 0.6230469 0.9921875
vt 0.6230469 0.9486607
vt 0.6230469 0.9051339
vt 0.6230469 0.8616071
vt 0.6230469 0.8180804
vt 0.6230469 0.7745536
vt 0.6230469 0.7310268
vt 0.6230469 0.6875000
vt 0.6230469 0.6439732
vt 0.6230469 0.6004464
vt 0.6230469 0.5569196
vt 0.6230469 0.5133929
vt 0.6230469 0.4698661
vt 0.6230469 0.4263393
vt 0.6230469 0.3828125
vt 0.7460938 0.9921875
vt 0.7460938 0.9486607
vt 0.7460938 0.9051339
vt 0.7460938 0.8616071
vt 0.7460938 0.8180804
vt 0.7460938 0.7745536
vt 0.7460938 0.7310268
vt 0.7460938 0.6875000
vt 0.7460938 0.6439732
vt 0.7460938 0.6004464
vt 0.7460938 0.5569196
vt 0.7460938 0.5133929
vt 0.7460938 0.4698661
vt 0.7460938 0.4263393
vt 0.7460938 0.3828125
vt 0.8691406 0.9921875
vt 0.8691406 0.9486607
vt 0.8691406 0.9051339
vt 0.8691406 0.8616071
vt 0.8691406 0.8180804
vt 0.8691406 0.7745536
vt 0.8691406 0.7310268
vt 0.8691406 0.6875000
vt 0.8691406 0.6439732
vt 0.8691406 0.6004464
vt 0.8691406 0.5569196
vt 0.8691406 0.5133929
vt 0.8691406 0.4698661
vt 0.8691406 0.4263393
vt 0.8691406 0.3828125
vt 0.9921875 0.9921875
vt 0.9921875 0.9486607
vt 0.9921875 0.9051339
vt 0.9921875 0.8616071
vt 0.9921875 0.8180804
vt 0.9921875 0.7745536
vt 0.9921875 0.7310268
vt 0.9921875 0.6875000
vt 0.9921875 0.6439732
vt 0.9921875 0.6004464
vt 0.9921875 0.5569196
vt 0.9921875 0.5133929
vt 0.9921875 0.4698661
vt 0.9921875 0.4263393
vt 0.9921875 0.3828125
vt 0.0078125 0.6875000
vt 0.9921875 0.6875000
vn 0.1894741 -0.7616894 0.6196199
vn 0.1522896 -0.8930697 0.4233608
vn 0.0866215 -0.9567737 0.2776344
vn 0.0090139 -0.9809721 0.1939392
vn -0.0758168 -0.9825079 0.1700884
vn -0.1681326 -0.9632003 0.2097062
vn -0.2650650 -0.9072273 0.3266176
vn -0.3447394 -0.7762307 0.5278453
vn -0.3548480 -0.5482970 0.7572670
vn -0.2727446 -0.3126677 0.9098622
vn -0.1466782 -0.1875228 0.9712470
vn -0.0179207 -0.2015279 0.9793188
vn 0.0959059 -0.3396556 0.9356474
vn 0.1727422 -0.5560660 0.8129887
vn 0.1894741 -0.7616894 0.6196199
vn 0.9549805 0.2176906 0.2015517
vn 0.7538372 -0.5830612 -0.3029343
vn 0.3780504 -0.7857419 -0.4895790
vn 0.1494938 -0.8108925 -0.5657781
vn -0.0331683 -0.7831576 -0.6209381
vn -0.2350554 -0.6987569 -0.6756388
vn -0.5293355 -0.4577237 -0.7143479
vn -0.8330680 0.2268256 -0.5045273
vn -0.6007772 0.7994042 0.0044226
vn -0.3171086 0.9133446 0.2554285
vn -0.1236906 0.9221137 0.3666154
vn 0.0416221 0.9034918 0.4265795
vn 0.2295525 0.8587024 0.4581876
vn 0.5170491 0.7324165 0.4429744
vn 0.9549805 0.2176906 0.2015517
vn 0.9438201 0.2444433 0.2223761
vn 0.7785272 -0.5402967 -0.3193350
vn 0.3965679 -0.7500268 -0.5293333
vn 0.1609914 -0.7747480 -0.6114305
vn -0.0260412 -0.7457330 -0.6657358
vn -0.2297944 -0.6616708 -0.7137131
vn -0.5211177 -0.4299289 -0.7372907
vn -0.8313746 0.2167828 -0.5116849
vn -0.6181199 0.7859321 0.0154433
vn -0.3289424 0.9036506 0.2742489
vn -0.1317121 0.9134954 0.3849390
vn 0.0347292 0.8948238 0.4450665
vn 0.2221255 0.8491030 0.4792540
vn 0.5060848 0.7254327 0.4665035
vn 0.9438201 0.2444433 0.2223761
vn 0.9326905 0.2096970 0.2934548
vn 0.8318642 -0.4087683 -0.3753804
vn 0.4490737 -0.5924567 -0.6688257
vn 0.1920531 -0.6046391 -0.7729988
vn -0.0124938 -0.5640252 -0.8256631
vn -0.2283938 -0.4698672 -0.8526788
vn -0.5174157 -0.2461904 -0.8195555
vn -0.8184125 0.2811875 -0.5011334
vn -0.6604157 0.7442641 0.0996098
vn -0.3657122 0.8406074 0.3995419
vn -0.1533529 0.8403334 0.5199256
vn 0.0246562 0.8106055 0.5850733
vn 0.2229197 0.7485885 0.6244375
vn 0.5137531 0.6128696 0.6003738
vn 0.9326905 0.2096970 0.2934548
vn 0.9231338 0.0232856 0.3837731
vn 0.8944575 -0.1671743 -0.4147270
vn 0.5234865 -0.2143493 -0.8246310
vn 0.2347048 -0.1893651 -0.9534435
vn 0.0051329 -0.1332627 -0.9910675
vn -0.2243554 -0.0395345 -0.9737051
vn -0.5049760 0.1255981 -0.8539463
vn -0.8088267 0.3943772 -0.4361949
vn -0.7756208 0.5599604 0.2913017
vn -0.4747187 0.5034026 0.7219612
vn -0.2115818 0.4104925 0.8869775
vn 0.0135471 0.3304807 0.9437155
vn 0.2481929 0.2607608 0.9329545
vn 0.5500487 0.1778244 0.8159810
vn 0.9231338 0.0232856 0.3837731
vn 0.8877702 -0.1686126 0.4282919
vn 0.9232691 -0.0188086 -0.3836931
vn 0.5497703 0.1201978 -0.8266227
vn 0.2492623 0.1981485 -0.9479480
vn 0.0176453 0.2585457 -0.9658378
vn -0.2050776 0.3224309 -0.9241112
vn -0.4715643 0.4000487 -0.7858678
vn -0.7972306 0.4647653 -0.3852488
vn -0.8585669 0.3483838 0.3761538
vn -0.5351726 0.1195227 0.8362443
vn -0.2412809 -0.0251736 0.9701288
vn -0.0065903 -0.1094320 0.9939724
vn 0.2248422 -0.1620992 0.9608173
vn 0.5140279 -0.1915988 0.8361012
vn 0.8877702 -0.1686126 0.4282919
vn 0.8615840 -0.2458529 0.4441050
vn 0.9373299 0.0192897 -0.3479087
vn 0.5594647 0.2353618 -0.7947352
vn 0.2543108 0.3324080 -0.9082020
vn 0.0245552 0.3908699 -0.9201183
vn -0.1930633 0.4395905 -0.8772039
vn -0.4538044 0.4844317 -0.7479221
vn -0.7899177 0.4836428 -0.3769876
vn -0.8893782 0.2628697 0.3740401
vn -0.5552076 -0.0250427 0.8313347
vn -0.2529323 -0.1753356 0.9514634
vn -0.0188876 -0.2535484 0.9671383
vn 0.2069607 -0.2984045 0.9317307
vn 0.4864458 -0.3138063 0.8154116
vn 0.8615840 -0.2458529 0.4441050
vn 0.8461186 -0.2732581 0.4576170
vn 0.9459525 0.0168888 -0.3238652
vn 0.5689597 0.2576146 -0.7809735
vn 0.2603648 0.3613971 -0.8953225
vn 0.0303751 0.4202400 -0.9069045
vn -0.1855577 0.4661802 -0.8650112
vn -0.4432977 0.5047523 -0.7407511
vn -0.7806671 0.4922531 -0.3850269
vn -0.8995687 0.2500290 0.3581365
vn -0.5659615 -0.0572302 0.8224429
vn -0.2602572 -0.2121067 0.9419538
vn -0.0261317 -0.2903354 0.9565681
vn 0.1974266 -0.3340447 0.9216490
vn 0.4721711 -0.3472224 0.8102413
vn 0.8461186 -0.2732581 0.4576170
vn 0.6103765 0.5854571 0.5335546
vn 0.6352551 0.7722965 0.0030038
vn 0.4444260 0.8021033 -0.3988932
vn 0.2370405 0.7863661 -0.5704736
vn 0.0599277 0.7882322 -0.6124530
vn -0.1018560 0.8151676 -0.5701993
vn -0.2627441 0.8610597 -0.4353639
vn -0.4148440 0.8953581 -0.1619825
vn -0.4882506 0.8323785 0.2622162
vn -0.4026290 0.6336470 0.6605916
vn -0.2235709 0.4318477 0.8737984
vn -0.0308952 0.3157274 0.9483468
vn 0.1683122 0.2946650 0.9406612
vn 0.3916816 0.3807103 0.8376427
vn 0.6103765 0.5854571 0.5335546
vn -0.0627470 -0.7983264 0.5989472
vn 0.0315678 0.9840056 0.1753181
s 1
f 3052/3052/3052 3053/3053/3053 3068/3068/3068
f 3052/3052/3052 3068/3068/3068 3067/3067/3067
f 3053/3053/3053 3054/3054/3054 3069/3069/3069
f 3053/3053/3053 3069/3069/3069 3068/3068/3068
f 3054/3054/3054 3055/3055/3055 3070/3070/3070
f 3054/3054/3054 3070/3070/3070 3069/3069/3069
f 3055/3055/3055 3056/3056/3056 3071/3071/3071
f 3055/3055/3055 3071/3071/3071 3070/3070/3070
f 3056/3056/3056 3057/3057/3057 3072/3072/3072
f 3056/3056/3056 3072/3072/3072 3071/3071/3071
f 3057/3057/3057 3058/3058/3058 3073/3073/3073
f 3057/3057/3057 3073/3073/3073 3072/3072/3072
f 3058/3058/3058 3059/3059/3059 3074/3074/3074
f 3058/3058/3058 3074/3074/3074 3073/3073/3073
f 3059/3059/3059 3060/3060/3060 3075/3075/3075
f 3059/3059/3059 3075/3075/3075 3074/3074/3074
f 3060/3060/3060 3061/3061/3061 3076/3076/3076
f 3060/3060/3060 3076/3076/3076 3075/3075/3075
f 3061/3061/3061 3062/3062/3062 3077/3077/3077
f 3061/3061/3061 3077/3077/3077 3076/3076/3076
f 3062/3062/3062 3063/3063/3063 3078/3078/3078
f 3062/3062/3062 3078/3078/3078 3077/3077/3077
f 3063/3063/3063 3064/3064/3064 3079/3079/3079
f 3063/3063/3063 3079/3079/3079 3078/3078/3078
f 3064/3064/3064 3065/3065/3065 3080/3080/3080
f 3064/3064/3064 3080/3080/3080 3079/3079/3079
f 3065/3065/3065 3066/3066/3066 3081/3081/3081
f 3065/3065/3065 3081/3081/3081 3080/3080/3080
f 3067/3067/3067 3068/3068/3068 3083/3083/3083
f 3067/3067/3067 3083/3083/3083 3082/3082/3082
f 3068/3068/3068 3069/3069/3069 3084/3084/3084
f 3068/3068/3068 3084/3084/3084 3083/3083/3083
f 3069/3069/3069 3070/3070/3070 3085/3085/3085
f 3069/3069/3069 3085/3085/3085 3084/3084/3084
f 3070/3070/3070 3071/3071/3071 3086/3086/3086
f 3070/3070/3070 3086/3086/3086 3085/3085/3085
f 3071/3071/3071 3072/3072/3072 3087/3087/3087
f 3071/3071/3071 3087/3087/3087 3086/3086/3086
f 3072/3072/3072 3073/3073/3073 3088/3088/3088
f 3072/3072/3072 3088/3088/3088 3087/3087/3087
f 3073/3073/3073 3074/3074/3074 3089/3089/3089
f 3073/3073/3073 3089/3089/3089 3088/3088/3088
f 3074/3074/3074 3075/3075/3075 3090/3090/3090
f 3074/3074/3074 3090/3090/3090 3089/3089/3089
f 3075/3075/3075 3076/3076/3076 3091/3091/3091
f 3075/3075/3075 3091/3091/3091 3090/3090/3090
f 3076/3076/3076 3077/3077/3077 3092/3092/3092
f 3076/3076/3076 3092/3092/3092 3091/3091/3091
f 3077/3077/3077 3078/3078/3078 3093/3093/3093
f 3077/3077/3077 3093/3093/3093 3092/3092/3092
f 3078/3078/3078 3079/3079/3079 3094/3094/3094
f 3078/3078/3078 3094/3094/3094 3093/3093/3093
f 3079/3079/3079 3080/3080/3080 3095/3095/3095
f 3079/3079/3079 3095/3095/3095 3094/3094/3094
f 3080/3080/3080 3081/3081/3081 3096/3096/3096
f 3080/3080/3080 3096/3096/3096 3095/3095/3095
f 3082/3082/3082 3083/3083/3083 3098/3098/3098
f 3082/3082/3082 3098/3098/3098 3097/3097/3097
f 3083/3083/3083 3084/3084/3084 3099/3099/3099
f 3083/3083/3083 3099/3099/3099 3098/3098/3098
f 3084/3084/3084 3085/3085/3085 3100/3100/3100
f 3084/3084/3084 3100/3100/3100 3099/3099/3099
f 3085/3085/3085 3086/3086/3086 3101/3101/3101
f 3085/3085/3085 3101/3101/3101 3100/3100/3100
f 3086/3086/3086 3087/3087/3087 3102/3102/3102
f 3086/3086/3086 3102/3102/3102 3101/3101/3101
f 3087/3087/3087 3088/3088/3088 3103/3103/3103
f 3087/3087/3087 3103/3103/3103 3102/3102/3102
f 3088/3088/3088 3089/3089/3089 3104/3104/3104
f 3088/3088/3088 3104/3104/3104 3103/3103/3103
f 3089/3089/3089 3090/3090/3090 3105/3105/3105
f 3089/3089/3089 3105/3105/3105 3104/3104/3104
f 3090/3090/3090 3091/3091/3091 3106/3106/3106
f 3090/3090/3090 3106/3106/3106 3105/3105/3105
f 3091/3091/3091 3092/3092/3092 3107/3107/3107
f 3091/3091/3091 3107/3107/3107 3106/3106/3106
f 3092/3092/3092 3093/3093/3093 3108/3108/3108
f 3092/3092/3092 3108/3108/3108 3107/3107/3107
f 3093/3093/3093 3094/3094/3094 3109/3109/3109
f 3093/3093/3093 3109/3109/3109 3108/3108/3108
f 3094/3094/3094 3095/3095/3095 3110/3110/3110
f 3094/3094/3094 3110/3110/3110 3109/3109/3109
f 3095/3095/3095 3096/3096/3096 3111/3111/3111
f 3095/3095/3095 3111/3111/3111 3110/3110/3110
f 3097/3097/3097 3098/3098/3098 3113/3113/3113
f 3097/3097/3097 3113/3113/3113 3112/3112/3112
f 3098/3098/3098 3099/3099/3099 3114/3114/3114
f 3098/3098/3098 3114/3114/3114 3113/3113/3113
f 3099/3099/3099 3100/3100/3100 3115/3115/3115
f 3099/3099/3099 3115/3115/3115 3114/3114/3114
f 3100/3100/3100 3101/3101/3101 3116/3116/3116
f 3100/3100/3100 3116/3116/3116 3115/3115/3115
f 3101/3101/3101 3102/3102/3102 3117/3117/3117
f 3101/3101/3101 3117/3117/3117 3116/3116/3116
f 3102/3102/3102 3103/3103/3103 3118/3118/3118
f 3102/3102/3102 3118/3118/3118 3117/3117/3117
f 3103/3103/3103 3104/3104/3104 3119/3119/3119
f 3103/3103/3103 3119/3119/3119 3118/3118/3118
f 3104/3104/3104 3105/3105/3105 3120/3120/3120
f 3104/3104/3104 3120/3120/3120 3119/3119/3119
f 3105/3105/3105 3106/3106/3106 3121/3121/3121
f 3105/3105/3105 3121/3121/3121 3120/3120/3120
f 3106/3106/3106 3107/3107/3107 3122/3122/3122
f 3106/3106/3106 3122/3122/3122 3121/3121/3121
f 3107/3107/3107 3108/3108/3108 3123/3123/3123
f 3107/3107/3107 3123/3123/3123 3122/3122/3122
f 3108/3108/3108 3109/3109/3109 3124/3124/3124
f 3108/3108/3108 3124/3124/3124 3123/3123/3123
f 3109/3109/3109 3110/3110/3110 3125/3125/3125
f 3109/3109/3109 3125/3125/3125 3124/3124/3124
f 3110/3110/3110 3111/3111/3111 3126/3126/3126
f 3110/3110/3110 3126/3126/3126 3125/3125/3125
f 3112/3112/3112 3113/3113/3113 3128/3128/3128
f 3112/3112/3112 3128/3128/3128 3127/3127/3127
f 3113/3113/3113 3114/3114/3114 3129/3129/3129
f 3113/3113/3113 3129/3129/3129 3128/3128/3128
f 3114/3114/3114 3115/3115/3115 3130/3130/3130
f 3114/3114/3114 3130/3130/3130 3129/3129/3129
f 3115/3115/3115 3116/3116/3116 3131/3131/3131
f 3115/3115/3115 3131/3131/3131 3130/3130/3130
f 3116/3116/3116 3117/3117/3117 3132/3132/3132
f 3116/3116/3116 3132/3132/3132 3131/3131/3131
f 3117/3117/3117 3118/3118/3118 3133/3133/3133
f 3117/3117/3117 3133/3133/3133 3132/3132/3132
f 3118/3118/3118 3119/3119/3119 3134/3134/3134
f 3118/3118/3118 3134/3134/3134 3133/3133/3133
f 3119/3119/3119 3120/3120/3120 3135/3135/3135
f 3119/3119/3119 3135/3135/3135 3134/3134/3134
f 3120/3120/3120 3121/3121/3121 3136/3136/3136
f 3120/3120/3120 3136/3136/3136 3135/3135/3135
f 3121/3121/3121 3122/3122/3122 3137/3137/3137
f 3121/3121/3121 3137/3137/3137 3136/3136/3136
f 3122/3122/3122 3123/3123/3123 3138/3138/3138
f 3122/3122/3122 3138/3138/3138 3137/3137/3137
f 3123/3123/3123 3124/3124/3124 3139/3139/3139
f 3123/3123/3123 3139/3139/3139 3138/3138/3138
f 3124/3124/3124 3125/3125/3125 3140/3140/3140
f 3124/3124/3124 3140/3140/3140 3139/3139/3139
f 3125/3125/3125 3126/3126/3126 3141/3141/3141
f 3125/3125/3125 3141/3141/3141 3140/3140/3140
f 3127/3127/3127 3128/3128/3128 3143/3143/3143
f 3127/3127/3127 3143/3143/3143 3142/3142/3142
f 3128/3128/3128 3129/3129/3129 3144/3144/3144
f 3128/3128/3128 3144/3144/3144 3143/3143/3143
f 3129/3129/3129 3130/3130/3130 3145/3145/3145
f 3129/3129/3129 3145/3145/3145 3144/3144/3144
f 3130/3130/3130 3131/3131/3131 3146/3146/3146
f 3130/3130/3130 3146/3146/3146 3145/3145/3145
f 3131/3131/3131 3132/3132/3132 3147/3147/3147
f 3131/3131/3131 3147/3147/3147 3146/3146/3146
f 3132/3132/3132 3133/3133/3133 3148/3148/3148
f 3132/3132/3132 3148/3148/3148 3147/3147/3147
f 3133/3133/3133 3134/3134/3134 3149/3149/3149
f 3133/3133/3133 3149/3149/3149 3148/3148/3148
f 3134/3134/3134 3135/3135/3135 3150/3150/3150
f 3134/3134/3134 3150/3150/3150 3149/3149/3149
f 3135/3135/3135 3136/3136/3136 3151/3151/3151
f 3135/3135/3135 3151/3151/3151 3150/3150/3150
f 3136/3136/3136 3137/3137/3137 3152/3152/3152
f 3136/3136/3136 3152/3152/3152 3151/3151/3151
f 3137/3137/3137 3138/3138/3138 3153/3153/3153
f 3137/3137/3137 3153/3153/3153 3152/3152/3152
f 3138/3138/3138 3139/3139/3139 3154/3154/3154
f 3138/3138/3138 3154/3154/3154 3153/3153/3153
f 3139/3139/3139 3140/3140/3140 3155/3155/3155
f 3139/3139/3139 3155/3155/3155 3154/3154/3154
f 3140/3140/3140 3141/3141/3141 3156/3156/3156
f 3140/3140/3140 3156/3156/3156 3155/3155/3155
f 3142/3142/3142 3143/3143/3143 3158/3158/3158
f 3142/3142/3142 3158/3158/3158 3157/3157/3157
f 3143/3143/3143 3144/3144/3144 3159/3159/3159
f 3143/3143/3143 3159/3159/3159 3158/3158/3158
f 3144/3144/3144 3145/3145/3145 3160/3160/3160
f 3144/3144/3144 3160/3160/3160 3159/3159/3159
f 3145/3145/3145 3146/3146/3146 3161/3161/3161
f 3145/3145/3145 3161/3161/3161 3160/3160/3160
f 3146/3146/3146 3147/3147/3147 3162/3162/3162
f 3146/3146/3146 3162/3162/3162 3161/3161/3161
f 3147/3147/3147 3148/3148/3148 3163/3163/3163
f 3147/3147/3147 3163/3163/3163 3162/3162/3162
f 3148/3148/3148 3149/3149/3149 3164/3164/3164
f 3148/3148/3148 3164/3164/3164 3163/3163/3163
f 3149/3149/3149 3150/3150/3150 3165/3165/3165
f 3149/3149/3149 3165/3165/3165 3164/3164/3164
f 3150/3150/3150 3151/3151/3151 3166/3166/3166
f 3150/3150/3150 3166/3166/3166 3165/3165/3165
f 3151/3151/3151 3152/3152/3152 3167/3167/3167
f 3151/3151/3151 3167/3167/3167 3166/3166/3166
f 3152/3152/3152 3153/3153/3153 3168/3168/3168
f 3152/3152/3152 3168/3168/3168 3167/3167/3167
f 3153/3153/3153 3154/3154/3154 3169/3169/3169
f 3153/3153/3153 3169/3169/3169 3168/3168/3168
f 3154/3154/3154 3155/3155/3155 3170/3170/3170
f 3154/3154/3154 3170/3170/3170 3169/3169/3169
f 3155/3155/3155 3156/3156/3156 3171/3171/3171
f 3155/3155/3155 3171/3171/3171 3170/3170/3170
f 3157/3157/3157 3158/3158/3158 3173/3173/3173
f 3157/3157/3157 3173/3173/3173 3172/3172/3172
f 3158/3158/3158 3159/3159/3159 3174/3174/3174
f 3158/3158/3158 3174/3174/3174 3173/3173/3173
f 3159/3159/3159 3160/3160/3160 3175/3175/3175
f 3159/3159/3159 3175/3175/3175 3174/3174/3174
f 3160/3160/3160 3161/3161/3161 3176/3176/3176
f 3160/3160/3160 3176/3176/3176 3175/3175/3175
f 3161/3161/3161 3162/3162/3162 3177/3177/3177
f 3161/3161/3161 3177/3177/3177 3176/3176/3176
f 3162/3162/3162 3163/3163/3163 3178/3178/3178
f 3162/3162/3162 3178/3178/3178 3177/3177/3177
f 3163/3163/3163 3164/3164/3164 3179/3179/3179
f 3163/3163/3163 3179/3179/3179 3178/3178/3178
f 3164/3164/3164 3165/3165/3165 3180/3180/3180
f 3164/3164/3164 3180/3180/3180 3179/3179/3179
f 3165/3165/3165 3166/3166/3166 3181/3181/3181
f 3165/3165/3165 3181/3181/3181 3180/3180/3180
f 3166/3166/3166 3167/3167/3167 3182/3182/3182
f 3166/3166/3166 3182/3182/3182 3181/3181/3181
f 3167/3167/3167 3168/3168/3168 3183/3183/3183
f 3167/3167/3167 3183/3183/3183 3182/3182/3182
f 3168/3168/3168 3169/3169/3169 3184/3184/3184
f 3168/3168/3168 3184/3184/3184 3183/3183/3183
f 3169/3169/3169 3170/3170/3170 3185/3185/3185
f 3169/3169/3169 3185/3185/3185 3184/3184/3184
f 3170/3170/3170 3171/3171/3171 3186/3186/3186
f 3170/3170/3170 3186/3186/3186 3185/3185/3185
f 3187/3187/3187 3053/3053/3053 3052/3052/3052
f 3187/3187/3187 3054/3054/3054 3053/3053/3053
f 3187/3187/3187 3055/3055/3055 3054/3054/3054
f 3187/3187/3187 3056/3056/3056 3055/3055/3055
f 3187/3187/3187 3057/3057/3057 3056/3056/3056
f 3187/3187/3187 3058/3058/3058 3057/3057/3057
f 3187/3187/3187 3059/3059/3059 3058/3058/3058
f 3187/3187/3187 3060/3060/3060 3059/3059/3059
f 3187/3187/3187 3061/3061/3061 3060/3060/3060
f 3187/3187/3187 3062/3062/3062 3061/3061/3061
f 3187/3187/3187 3063/3063/3063 3062/3062/3062
f 3187/3187/3187 3064/3064/3064 3063/3063/3063
f 3187/3187/3187 3065/3065/3065 3064/3064/3064
f 3187/3187/3187 3066/3066/3066 3065/3065/3065
f 3188/3188/3188 3172/3172/3172 3173/3173/3173
f 3188/3188/3188 3173/3173/3173 3174/3174/3174
f 3188/3188/3188 3174/3174/3174 3175/3175/3175
f 3188/3188/3188 3175/3175/3175 3176/3176/3176
f 3188/3188/3188 3176/3176/3176 3177/3177/3177
f 3188/3188/3188 3177/3177/3177 3178/3178/3178
f 3188/3188/3188 3178/3178/3178 3179/3179/3179
f 3188/3188/3188 3179/3179/3179 3180/3180/3180
f 3188/3188/3188 3180/3180/3180 3181/3181/3181
f 3188/3188/3188 3181/3181/3181 3182/3182/3182
f 3188/3188/3188 3182/3182/3182 3183/3183/3183
f 3188/3188/3188 3183/3183/3183 3184/3184/3184
f 3188/3188/3188 3184/3184/3184 3185/3185/3185
f 3188/3188/3188 3185/3185/3185 3186/3186/3186
o Palm_1
v 4.931517 46.988406 -11.091902
v 5.822805 47.048554 -11.091902
v 5.779183 47.048554 -11.229899
v 5.652584 47.048554 -11.354388
v 5.455403 47.048554 -11.453184
v 5.206940 47.048554 -11.516614
v 4.931517 47.048554 -11.538470
v 4.656094 47.048554 -11.516614
v 4.407631 47.048554 -11.453184
v 4.210450 47.048554 -11.354388
v 4.083851 47.048554 -11.229899
v 4.040229 47.048554 -11.091902
v 4.083851 47.048554 -10.953905
v 4.210450 47.048554 -10.829416
v 4.407631 47.048554 -10.730621
v 4.656094 47.048554 -10.667191
v 4.931517 47.048554 -10.645334
v 5.206940 47.048554 -10.667191
v 5.455403 47.048554 -10.730621
v 5.652584 47.048554 -10.829416
v 5.779183 47.048554 -10.953905
v 5.822805 47.048554 -11.091902
v 6.653354 47.224900 -11.091902
v 6.569081 47.224900 -11.358492
v 6.324512 47.224900 -11.598987
v 5.943587 47.224900 -11.789844
v 5.463594 47.224900 -11.912382
v 4.931517 47.224900 -11.954606
v 4.399440 47.224900 -11.912382
v 3.919447 47.224900 -11.789844
v 3.538522 47.224900 -11.598987
v 3.293953 47.224900 -11.358492
v 3.209680 47.224900 -11.091902
v 3.293953 47.224900 -10.825312
v 3.538522 47.224900 -10.584818
v 3.919447 47.224900 -10.393960
v 4.399440 47.224900 -10.271422
v 4.931517 47.224900 -10.229199
v 5.463594 47.224900 -10.271422
v 5.943587 47.224900 -10.393960
v 6.324512 47.224900 -10.584818
v 6.569081 47.224900 -10.825312
v 6.653354 47.224900 -11.091902
v 7.366562 47.505426 -11.091902
v 7.247383 47.505426 -11.468918
v 6.901510 47.505426 -11.809028
v 6.362801 47.505426 -12.078941
v 5.683987 47.505426 -12.252236
v 4.931517 47.505426 -12.311949
v 4.179047 47.505426 -12.252236
v 3.500233 47.505426 -12.078941
v 2.961524 47.505426 -11.809028
v 2.615651 47.505426 -11.468918
v 2.496472 47.505426 -11.091902
v 2.615651 47.505426 -10.714887
v 2.961524 47.505426 -10.374777
v 3.500233 47.505426 -10.104863
v 4.179047 47.505426 -9.931569
v 4.931517 47.505426 -9.871855
v 5.683987 47.505426 -9.931569
v 6.362801 47.505426 -10.104863
v 6.901510 47.505426 -10.374777
v 7.247383 47.505426 -10.714887
v 7.366562 47.505426 -11.091902
v 7.913826 47.871014 -11.091902
v 7.767861 47.871014 -11.553650
v 7.344256 47.871014 -11.970198
v 6.684474 47.871014 -12.300773
v 5.853101 47.871014 -12.513015
v 4.931517 47.871014 -12.586149
v 4.009933 47.871014 -12.513015
v 3.178560 47.871014 -12.300773
v 2.518778 47.871014 -11.970198
v 2.095172 47.871014 -11.553650
v 1.949208 47.871014 -11.091902
v 2.095172 47.871014 -10.630155
v 2.518778 47.871014 -10.213606
v 3.178560 47.871014 -9.883032
v 4.009933 47.871014 -9.670790
v 4.931517 47.871014 -9.597656
v 5.853101 47.871014 -9.670790
v 6.684474 47.871014 -9.883032
v 7.344256 47.871014 -10.213606
v 7.767861 47.871014 -10.630155
v 7.913826 47.871014 -11.091902
v 8.257850 48.296751 -11.091902
v 8.095048 48.296751 -11.606915
v 7.622577 48.296751 -12.071514
v 6.886687 48.296751 -12.440222
v 5.959411 48.296751 -12.676948
v 4.931517 48.296751 -12.758517
v 3.903623 48.296751 -12.676948
v 2.976347 48.296751 -12.440222
v 2.240457 48.296751 -12.071514
v 1.767986 48.296751 -11.606915
v 1.605183 48.296751 -11.091902
v 1.767986 48.296751 -10.576890
v 2.240457 48.296751 -10.112290
v 2.976347 48.296751 -9.743582
v 3.903623 48.296751 -9.506857
v 4.931517 48.296751 -9.425287
v 5.959411 48.296751 -9.506857
v 6.886687 48.296751 -9.743582
v 7.622577 48.296751 -10.112290
v 8.095048 48.296751 -10.576890
v 8.257850 48.296751 -11.091902
v 8.375191 48.753623 -11.091902
v 8.206645 48.753623 -11.625082
v 7.717508 48.753623 -12.106071
v 6.955658 48.753623 -12.487786
v 5.995671 48.753623 -12.732862
v 4.931517 48.753623 -12.817309
v 3.867363 48.753623 -12.732862
v 2.907376 48.753623 -12.487786
v 2.145526 48.753623 -12.106071
v 1.656388 48.753623 -11.625082
v 1.487843 48.753623 -11.091902
v 1.656388 48.753623 -10.558722
v 2.145526 48.753623 -10.077733
v 2.907376 48.753623 -9.696019
v 3.867363 48.753623 -9.450943
v 4.931517 48.753623 -9.366495
v 5.995671 48.753623 -9.450943
v 6.955658 48.753623 -9.696019
v 7.717508 48.753623 -10.077733
v 8.206645 48.753623 -10.558722
v 8.375191 48.753623 -11.091902
v 8.257850 49.210495 -11.091902
v 8.095048 49.210495 -11.606915
v 7.622577 49.210495 -12.071514
v 6.886687 49.210495 -12.440222
v 5.959411 49.210495 -12.676948
v 4.931517 49.210495 -12.758517
v 3.903623 49.210495 -12.676948
v 2.976347 49.210495 -12.440222
v 2.240457 49.210495 -12.071514
v 1.767986 49.210495 -11.606915
v 1.605183 49.210495 -11.091902
v 1.767986 49.210495 -10.576890
v 2.240457 49.210495 -10.112290
v 2.976347 49.210495 -9.743582
v 3.903623 49.210495 -9.506857
v 4.931517 49.210495 -9.425287
v 5.959411 49.210495 -9.506857
v 6.886687 49.210495 -9.743582
v 7.622577 49.210495 -10.112290
v 8.095048 49.210495 -10.576890
v 8.257850 49.210495 -11.091902
v 7.913826 49.636232 -11.091902
v 7.767861 49.636232 -11.553650
v 7.344256 49.636232 -11.970198
v 6.684474 49.636232 -12.300773
v 5.853101 49.636232 -12.513015
v 4.931517 49.636232 -12.586149
v 4.009933 49.636232 -12.513015
v 3.178560 49.636232 -12.300773
v 2.518778 49.636232 -11.970198
v 2.095172 49.636232 -11.553650
v 1.949208 49.636232 -11.091902
v 2.095172 49.636232 -10.630155
v 2.518778 49.636232 -10.213606
v 3.178560 49.636232 -9.883032
v 4.009933 49.636232 -9.670790
v 4.931517 49.636232 -9.597656
v 5.853101 49.636232 -9.670790
v 6.684474 49.636232 -9.883032
v 7.344256 49.636232 -10.213606
v 7.767861 49.636232 -10.630155
v 7.913826 49.636232 -11.091902
v 7.366562 50.001820 -11.091902
v 7.247383 50.001820 -11.468918
v 6.901510 50.001820 -11.809028
v 6.362801 50.001820 -12.078941
v 5.683987 50.001820 -12.252236
v 4.931517 50.001820 -12.311949
v 4.179047 50.001820 -12.252236
v 3.500233 50.001820 -12.078941
v 2.961524 50.001820 -11.809028
v 2.615651 50.001820 -11.468918
v 2.496472 50.001820 -11.091902
v 2.615651 50.001820 -10.714887
v 2.961524 50.001820 -10.374777
v 3.500233 50.001820 -10.104863
v 4.179047 50.001820 -9.931569
v 4.931517 50.001820 -9.871855
v 5.683987 50.001820 -9.931569
v 6.362801 50.001820 -10.104863
v 6.901510 50.001820 -10.374777
v 7.247383 50.001820 -10.714887
v 7.366562 50.001820 -11.091902
v 6.653354 50.282346 -11.091902
v 6.569081 50.282346 -11.358492
v 6.324512 50.282346 -11.598987
v 5.943587 50.282346 -11.789844
v 5.463594 50.282346 -11.912382
v 4.931517 50.282346 -11.954606
v 4.399440 50.282346 -11.912382
v 3.919447 50.282346 -11.789844
v 3.538522 50.282346 -11.598987
v 3.293953 50.282346 -11.358492
v 3.209680 50.282346 -11.091902
v 3.293953 50.282346 -10.825312
v 3.538522 50.282346 -10.584818
v 3.919447 50.282346 -10.393960
v 4.399440 50.282346 -10.271422
v 4.931517 50.282346 -10.229199
v 5.463594 50.282346 -10.271422
v 5.943587 50.282346 -10.393960
v 6.324512 50.282346 -10.584818
v 6.569081 50.282346 -10.825312
v 6.653354 50.282346 -11.091902
v 5.822805 50.458692 -11.091902
v 5.779183 50.458692 -11.229899
v 5.652584 50.458692 -11.354388
v 5.455403 50.458692 -11.453184
v 5.206940 50.458692 -11.516614
v 4.931517 50.458692 -11.538470
v 4.656094 50.458692 -11.516614
v 4.407631 50.458692 -11.453184
v 4.210450 50.458692 -11.354388
v 4.083851 50.458692 -11.229899
v 4.040229 50.458692 -11.091902
v 4.083851 50.458692 -10.953905
v 4.210450 50.458692 -10.829416
v 4.407631 50.458692 -10.730621
v 4.656094 50.458692 -10.667191
v 4.931517 50.458692 -10.645334
v 5.206940 50.458692 -10.667191
v 5.455403 50.458692 -10.730621
v 5.652584 50.458692 -10.829416
v 5.779183 50.458692 -10.953905
v 5.822805 50.458692 -11.091902
v 4.931517 50.518841 -11.091902
vt 0.5000000 0.6996875
vt 0.0865625 0.8056375
vt 0.1279062 0.8056375
vt 0.1692500 0.8056375
vt 0.2105938 0.8056375
vt 0.2519375 0.8056375
vt 0.2932813 0.8056375
vt 0.3346250 0.8056375
vt 0.3759688 0.8056375
vt 0.4173125 0.8056375
vt 0.4586563 0.8056375
vt 0.5000000 0.8056375
vt 0.5413438 0.8056375
vt 0.5826875 0.8056375
vt 0.6240313 0.8056375
vt 0.6653750 0.8056375
vt 0.7067187 0.8056375
vt 0.7480625 0.8056375
vt 0.7894062 0.8056375
vt 0.8307500 0.8056375
vt 0.8720937 0.8056375
vt 0.9134375 0.8056375
vt 0.0865625 0.7946797
vt 0.1279062 0.7946797
vt 0.1692500 0.7946797
vt 0.2105938 0.7946797
vt 0.2519375 0.7946797
vt 0.2932813 0.7946797
vt 0.3346250 0.7946797
vt 0.3759688 0.7946797
vt 0.4173125 0.7946797
vt 0.4586563 0.7946797
vt 0.5000000 0.7946797
vt 0.5413438 0.7946797
vt 0.5826875 0.7946797
vt 0.6240313 0.7946797
vt 0.6653750 0.7946797
vt 0.7067187 0.7946797
vt 0.7480625 0.7946797
vt 0.7894062 0.7946797
vt 0.8307500 0.7946797
vt 0.8720937 0.7946797
vt 0.9134375 0.7946797
vt 0.0865625 0.7772483
vt 0.1279062 0.7772483
vt 0.1692500 0.7772483
vt 0.2105938 0.7772483
vt 0.2519375 0.7772483
vt 0.2932813 0.7772483
vt 0.3346250 0.7772483
vt 0.3759688 0.7772483
vt 0.4173125 0.7772483
vt 0.4586563 0.7772483
vt 0.5000000 0.7772483
vt 0.5413438 0.7772483
vt 0.5826875 0.7772483
vt 0.6240313 0.7772483
vt 0.6653750 0.7772483
vt 0.7067187 0.7772483
vt 0.7480625 0.7772483
vt 0.7894062 0.7772483
vt 0.8307500 0.7772483
vt 0.8720937 0.7772483
vt 0.9134375 0.7772483
vt 0.0865625 0.7545312
vt 0.1279062 0.7545312
vt 0.1692500 0.7545312
vt 0.2105938 0.7545312
vt 0.2519375 0.7545312
vt 0.2932813 0.7545312
vt 0.3346250 0.7545312
vt 0.3759688 0.7545312
vt 0.4173125 0.7545312
vt 0.4586563 0.7545312
vt 0.5000000 0.7545312
vt 0.5413438 0.7545312
vt 0.5826875 0.7545312
vt 0.6240313 0.7545312
vt 0.6653750 0.7545312
vt 0.7067187 0.7545312
vt 0.7480625 0.7545312
vt 0.7894062 0.7545312
vt 0.8307500 0.7545312
vt 0.8720937 0.7545312
vt 0.9134375 0.7545312
vt 0.0865625 0.7280767
vt 0.1279062 0.7280767
vt 0.1692500 0.7280767
vt 0.2105938 0.7280767
vt 0.2519375 0.7280767
vt 0.2932813 0.7280767
vt 0.3346250 0.7280767
vt 0.3759688 0.7280767
vt 0.4173125 0.7280767
vt 0.4586563 0.7280767
vt 0.5000000 0.7280767
vt 0.5413438 0.7280767
vt 0.5826875 0.7280767
vt 0.6240313 0.7280767
vt 0.6653750 0.7280767
vt 0.7067187 0.7280767
vt 0.7480625 0.7280767
vt 0.7894062 0.7280767
vt 0.8307500 0.7280767
vt 0.8720937 0.7280767
vt 0.9134375 0.7280767
vt 0.0865625 0.6996875
vt 0.1279062 0.6996875
vt 0.1692500 0.6996875
vt 0.2105938 0.6996875
vt 0.2519375 0.6996875
vt 0.2932813 0.6996875
vt 0.3346250 0.6996875
vt 0.3759688 0.6996875
vt 0.4173125 0.6996875
vt 0.4586563 0.6996875
vt 0.5000000 0.6996875
vt 0.5413438 0.6996875
vt 0.5826875 0.6996875
vt 0.6240313 0.6996875
vt 0.6653750 0.6996875
vt 0.7067187 0.6996875
vt 0.7480625 0.6996875
vt 0.7894062 0.6996875
vt 0.8307500 0.6996875
vt 0.8720937 0.6996875
vt 0.9134375 0.6996875
vt 0.0865625 0.6712983
vt 0.1279062 0.6712983
vt 0.1692500 0.6712983
vt 0.2105938 0.6712983
vt 0.2519375 0.6712983
vt 0.2932813 0.6712983
vt 0.3346250 0.6712983
vt 0.3759688 0.6712983
vt 0.4173125 0.6712983
vt 0.4586563 0.6712983
vt 0.5000000 0.6712983
vt 0.5413438 0.6712983
vt 0.5826875 0.6712983
vt 0.6240313 0.6712983
vt 0.6653750 0.6712983
vt 0.7067187 0.6712983
vt 0.7480625 0.6712983
vt 0.7894062 0.6712983
vt 0.8307500 0.6712983
vt 0.8720937 0.6712983
vt 0.9134375 0.6712983
vt 0.0865625 0.6448438
vt 0.1279062 0.6448438
vt 0.1692500 0.6448438
vt 0.2105938 0.6448438
vt 0.2519375 0.6448438
vt 0.2932813 0.6448438
vt 0.3346250 0.6448438
vt 0.3759688 0.6448438
vt 0.4173125 0.6448438
vt 0.4586563 0.6448438
vt 0.5000000 0.6448438
vt 0.5413438 0.6448438
vt 0.5826875 0.6448438
vt 0.6240313 0.6448438
vt 0.6653750 0.6448438
vt 0.7067187 0.6448438
vt 0.7480625 0.6448438
vt 0.7894062 0.6448438
vt 0.8307500 0.6448438
vt 0.8720937 0.6448438
vt 0.9134375 0.6448438
vt 0.0865625 0.6221267
vt 0.1279062 0.6221267
vt 0.1692500 0.6221267
vt 0.2105938 0.6221267
vt 0.2519375 0.6221267
vt 0.2932813 0.6221267
vt 0.3346250 0.6221267
vt 0.3759688 0.6221267
vt 0.4173125 0.6221267
vt 0.4586563 0.6221267
vt 0.5000000 0.6221267
vt 0.5413438 0.6221267
vt 0.5826875 0.6221267
vt 0.6240313 0.6221267
vt 0.6653750 0.6221267
vt 0.7067187 0.6221267
vt 0.7480625 0.6221267
vt 0.7894062 0.6221267
vt 0.8307500 0.6221267
vt 0.8720937 0.6221267
vt 0.9134375 0.6221267
vt 0.0865625 0.6046953
vt 0.1279062 0.6046953
vt 0.1692500 0.6046953
vt 0.2105938 0.6046953
vt 0.2519375 0.6046953
vt 0.2932813 0.6046953
vt 0.3346250 0.6046953
vt 0.3759688 0.6046953
vt 0.4173125 0.6046953
vt 0.4586563 0.6046953
vt 0.5000000 0.6046953
vt 0.5413438 0.6046953
vt 0.5826875 0.6046953
vt 0.6240313 0.6046953
vt 0.6653750 0.6046953
vt 0.7067187 0.6046953
vt 0.7480625 0.6046953
vt 0.7894062 0.6046953
vt 0.8307500 0.6046953
vt 0.8720937 0.6046953
vt 0.9134375 0.6046953
vt 0.0865625 0.5937375
vt 0.1279062 0.5937375
vt 0.1692500 0.5937375
vt 0.2105938 0.5937375
vt 0.2519375 0.5937375
vt 0.2932813 0.5937375
vt 0.3346250 0.5937375
vt 0.3759688 0.5937375
vt 0.4173125 0.5937375
vt 0.4586563 0.5937375
vt 0.5000000 0.5937375
vt 0.5413438 0.5937375
vt 0.5826875 0.5937375
vt 0.6240313 0.5937375
vt 0.6653750 0.5937375
vt 0.7067187 0.5937375
vt 0.7480625 0.5937375
vt 0.7894062 0.5937375
vt 0.8307500 0.5937375
vt 0.8720937 0.5937375
vt 0.9134375 0.5937375
vt 0.5000000 0.6996875
vn 0.0000000 -1.0000000 0.0000000
vn 0.1590908 -0.9870394 -0.0210563
vn 0.1473005 -0.9820815 -0.1175524
vn 0.1206656 -0.9722115 -0.2006107
vn 0.0827719 -0.9614370 -0.2622741
vn 0.0378099 -0.9537866 -0.2980964
vn -0.0101745 -0.9519061 -0.3062210
vn -0.0573590 -0.9564188 -0.2863093
vn -0.0998516 -0.9658110 -0.2392464
vn -0.1334998 -0.9767348 -0.1678299
vn -0.1542381 -0.9849556 -0.0779294
vn -0.1590908 -0.9870394 0.0210563
vn -0.1473005 -0.9820815 0.1175524
vn -0.1206656 -0.9722115 0.2006107
vn -0.0827719 -0.9614370 0.2622741
vn -0.0378099 -0.9537866 0.2980964
vn 0.0101745 -0.9519061 0.3062210
vn 0.0573590 -0.9564188 0.2863093
vn 0.0998516 -0.9658110 0.2392464
vn 0.1334998 -0.9767348 0.1678299
vn 0.1542381 -0.9849556 0.0779294
vn 0.1590908 -0.9870394 -0.0210563
vn 0.2957813 -0.9550384 -0.0203737
vn 0.2740444 -0.9409407 -0.1988223
vn 0.2225731 -0.9111578 -0.3467746
vn 0.1524966 -0.8794827 -0.4508381
vn 0.0733300 -0.8572689 -0.5096202
vn -0.0090914 -0.8505788 -0.5257690
vn -0.0911486 -0.8609497 -0.5004573
vn -0.1689386 -0.8859428 -0.4319318
vn -0.2358684 -0.9183472 -0.3178120
vn -0.2817118 -0.9458144 -0.1614734
vn -0.2957813 -0.9550384 0.0203737
vn -0.2740444 -0.9409407 0.1988223
vn -0.2225731 -0.9111578 0.3467746
vn -0.1524966 -0.8794827 0.4508381
vn -0.0733300 -0.8572689 0.5096202
vn 0.0090914 -0.8505788 0.5257690
vn 0.0911486 -0.8609497 0.5004573
vn 0.1689386 -0.8859428 0.4319318
vn 0.2358684 -0.9183472 0.3178120
vn 0.2817118 -0.9458144 0.1614734
vn 0.2957813 -0.9550384 -0.0203737
vn 0.4644122 -0.8854177 -0.0188885
vn 0.4243362 -0.8563147 -0.2943875
vn 0.3331225 -0.7968359 -0.5040654
vn 0.2216029 -0.7395313 -0.6355986
vn 0.1066910 -0.7022947 -0.7038460
vn -0.0073828 -0.6907210 -0.7230837
vn -0.1215601 -0.7057250 -0.6979794
vn -0.2364589 -0.7460503 -0.6224918
vn -0.3466540 -0.8050083 -0.4814484
vn -0.4331266 -0.8625555 -0.2615327
vn -0.4644122 -0.8854177 0.0188885
vn -0.4243362 -0.8563147 0.2943875
vn -0.3331225 -0.7968359 0.5040654
vn -0.2216029 -0.7395313 0.6355986
vn -0.1066910 -0.7022947 0.7038460
vn 0.0073828 -0.6907210 0.7230837
vn 0.1215601 -0.7057250 0.6979794
vn 0.2364589 -0.7460503 0.6224918
vn 0.3466540 -0.8050083 0.4814484
vn 0.4331266 -0.8625555 0.2615327
vn 0.4644122 -0.8854177 -0.0188885
vn 0.6695380 -0.7426089 -0.0158419
vn 0.5948704 -0.6964294 -0.4013917
vn 0.4418483 -0.6110227 -0.6568267
vn 0.2815671 -0.5401233 -0.7930869
vn 0.1338289 -0.4985337 -0.8564776
vn -0.0051919 -0.4857449 -0.8740852
vn -0.1445730 -0.5006409 -0.8534971
vn -0.2932569 -0.5444842 -0.7858354
vn -0.4541865 -0.6173577 -0.6423271
vn -0.6044457 -0.7022088 -0.3762289
vn -0.6695380 -0.7426089 0.0158419
vn -0.5948704 -0.6964294 0.4013917
vn -0.4418483 -0.6110227 0.6568267
vn -0.2815671 -0.5401233 0.7930869
vn -0.1338289 -0.4985337 0.8564776
vn 0.0051919 -0.4857449 0.8740852
vn 0.1445730 -0.5006409 0.8534971
vn 0.2932569 -0.5444842 0.7858354
vn 0.4541865 -0.6173577 0.6423271
vn 0.6044457 -0.7022088 0.3762289
vn 0.6695380 -0.7426089 -0.0158419
vn 0.8885171 -0.4587391 -0.0097862
vn 0.7597853 -0.4132034 -0.5019853
vn 0.5298077 -0.3394730 -0.7772142
vn 0.3243181 -0.2870541 -0.9013422
vn 0.1523641 -0.2589641 -0.9537939
vn -0.0026768 -0.2504393 -0.9681286
vn -0.1580142 -0.2595969 -0.9527019
vn -0.3308880 -0.2884537 -0.8985030
vn -0.5377257 -0.3417947 -0.7707318
vn -0.7672857 -0.4157887 -0.4882544
vn -0.8885171 -0.4587391 0.0097862
vn -0.7597853 -0.4132034 0.5019853
vn -0.5298077 -0.3394730 0.7772142
vn -0.3243181 -0.2870541 0.9013422
vn -0.1523641 -0.2589641 0.9537939
vn 0.0026768 -0.2504393 0.9681286
vn 0.1580142 -0.2595969 0.9527019
vn 0.3308880 -0.2884537 0.8985030
vn 0.5377257 -0.3417947 0.7707318
vn 0.7672857 -0.4157887 0.4882544
vn 0.8885171 -0.4587391 -0.0097862
vn 1.0000000 0.0000000 0.0000000
vn 0.8390202 0.0000000 -0.5441002
vn 0.5677121 0.0000000 -0.8232271
vn 0.3420651 -0.0000000 -0.9396762
vn 0.1606814 -0.0000000 -0.9870063
vn 0.0000000 -0.0000000 -1.0000000
vn -0.1606814 0.0000000 -0.9870063
vn -0.3420651 0.0000000 -0.9396762
vn -0.5677121 -0.0000000 -0.8232271
vn -0.8390202 -0.0000000 -0.5441002
vn -1.0000000 -0.0000000 -0.0000000
vn -0.8390202 -0.0000000 0.5441002
vn -0.5677121 0.0000000 0.8232271
vn -0.3420651 -0.0000000 0.9396762
vn -0.1606814 0.0000000 0.9870063
vn -0.0000000 0.0000000 1.0000000
vn 0.1606814 -0.0000000 0.9870063
vn 0.3420651 0.0000000 0.9396762
vn 0.5677121 -0.0000000 0.8232271
vn 0.8390202 -0.0000000 0.5441002
vn 1.0000000 0.0000000 0.0000000
vn 0.8885171 0.4587391 0.0097862
vn 0.7672857 0.4157887 -0.4882544
vn 0.5377257 0.3417947 -0.7707318
vn 0.3308880 0.2884537 -0.8985030
vn 0.1580142 0.2595969 -0.9527019
vn 0.0026768 0.2504393 -0.9681286
vn -0.1523641 0.2589641 -0.9537939
vn -0.3243181 0.2870541 -0.9013422
vn -0.5298077 0.3394730 -0.7772142
vn -0.7597853 0.4132034 -0.5019853
vn -0.8885171 0.4587391 -0.0097862
vn -0.7672857 0.4157887 0.4882544
vn -0.5377257 0.3417947 0.7707318
vn -0.3308880 0.2884537 0.8985030
vn -0.1580142 0.2595969 0.9527019
vn -0.0026768 0.2504393 0.9681286
vn 0.1523641 0.2589641 0.9537939
vn 0.3243181 0.2870541 0.9013422
vn 0.5298077 0.3394730 0.7772142
vn 0.7597853 0.4132034 0.5019853
vn 0.8885171 0.4587391 0.0097862
vn 0.6695380 0.7426089 0.0158419
vn 0.6044457 0.7022088 -0.3762289
vn 0.4541865 0.6173577 -0.6423271
vn 0.2932569 0.5444842 -0.7858354
vn 0.1445730 0.5006409 -0.8534971
vn 0.0051919 0.4857449 -0.8740852
vn -0.1338289 0.4985337 -0.8564776
vn -0.2815671 0.5401233 -0.7930869
vn -0.4418483 0.6110227 -0.6568267
vn -0.5948704 0.6964294 -0.4013917
vn -0.6695380 0.7426089 -0.0158419
vn -0.6044457 0.7022088 0.3762289
vn -0.4541865 0.6173577 0.6423271
vn -0.2932569 0.5444842 0.7858354
vn -0.1445730 0.5006409 0.8534971
vn -0.0051919 0.4857449 0.8740852
vn 0.1338289 0.4985337 0.8564776
vn 0.2815671 0.5401233 0.7930869
vn 0.4418483 0.6110227 0.6568267
vn 0.5948704 0.6964294 0.4013917
vn 0.6695380 0.7426089 0.0158419
vn 0.4644122 0.8854177 0.0188885
vn 0.4331266 0.8625555 -0.2615327
vn 0.3466540 0.8050083 -0.4814484
vn 0.2364589 0.7460503 -0.6224918
vn 0.1215601 0.7057250 -0.6979794
vn 0.0073828 0.6907210 -0.7230837
vn -0.1066910 0.7022947 -0.7038460
vn -0.2216029 0.7395313 -0.6355986
vn -0.3331225 0.7968359 -0.5040654
vn -0.4243362 0.8563147 -0.2943875
vn -0.4644122 0.8854177 -0.0188885
vn -0.4331266 0.8625555 0.2615327
vn -0.3466540 0.8050083 0.4814484
vn -0.2364589 0.7460503 0.6224918
vn -0.1215601 0.7057250 0.6979794
vn -0.0073828 0.6907210 0.7230837
vn 0.1066910 0.7022947 0.7038460
vn 0.2216029 0.7395313 0.6355986
vn 0.3331225 0.7968359 0.5040654
vn 0.4243362 0.8563147 0.2943875
vn 0.4644122 0.8854177 0.0188885
vn 0.2957813 0.9550384 0.0203737
vn 0.2817118 0.9458144 -0.1614734
vn 0.2358684 0.9183472 -0.3178120
vn 0.1689386 0.8859428 -0.4319318
vn 0.0911486 0.8609497 -0.5004573
vn 0.0090914 0.8505788 -0.5257690
vn -0.0733300 0.8572689 -0.5096202
vn -0.1524966 0.8794827 -0.4508381
vn -0.2225731 0.9111578 -0.3467746
vn -0.2740444 0.9409407 -0.1988223
vn -0.2957813 0.9550384 -0.0203737
vn -0.2817118 0.9458144 0.1614734
vn -0.2358684 0.9183472 0.3178120
vn -0.1689386 0.8859428 0.4319318
vn -0.0911486 0.8609497 0.5004573
vn -0.0090914 0.8505788 0.5257690
vn 0.0733300 0.8572689 0.5096202
vn 0.1524966 0.8794827 0.4508381
vn 0.2225731 0.9111578 0.3467746
vn 0.2740444 0.9409407 0.1988223
vn 0.2957813 0.9550384 0.0203737
vn 0.1590908 0.9870394 0.0210563
vn 0.1542381 0.9849556 -0.0779294
vn 0.1334998 0.9767348 -0.1678299
vn 0.0998516 0.9658110 -0.2392464
vn 0.0573590 0.9564188 -0.2863093
vn 0.0101745 0.9519061 -0.3062210
vn -0.0378099 0.9537866 -0.2980964
vn -0.0827719 0.9614370 -0.2622741
vn -0.1206656 0.9722115 -0.2006107
vn -0.1473005 0.9820815 -0.1175524
vn -0.1590908 0.9870394 -0.0210563
vn -0.1542381 0.9849556 0.0779294
vn -0.1334998 0.9767348 0.1678299
vn -0.0998516 0.9658110 0.2392464
vn -0.0573590 0.9564188 0.2863093
vn -0.0101745 0.9519061 0.3062210
vn 0.0378099 0.9537866 0.2980964
vn 0.0827719 0.9614370 0.2622741
vn 0.1206656 0.9722115 0.2006107
vn 0.1473005 0.9820815 0.1175524
vn 0.1590908 0.9870394 0.0210563
vn 0.0000000 1.0000000 -0.0000000
s 1
f 3189/3189/3189 3191/3191/3191 3190/3190/3190
f 3189/3189/3189 3192/3192/3192 3191/3191/3191
f 3189/3189/3189 3193/3193/3193 3192/3192/3192
f 3189/3189/3189 3194/3194/3194 3193/3193/3193
f 3189/3189/3189 3195/3195/3195 3194/3194/3194
f 3189/3189/3189 3196/3196/3196 3195/3195/3195
f 3189/3189/3189 3197/3197/3197 3196/3196/3196
f 3189/3189/3189 3198/3198/3198 3197/3197/3197
f 3189/3189/3189 3199/3199/3199 3198/3198/3198
f 3189/3189/3189 3200/3200/3200 3199/3199/3199
f 3189/3189/3189 3201/3201/3201 3200/3200/3200
f 3189/3189/3189 3202/3202/3202 3201/3201/3201
f 3189/3189/3189 3203/3203/3203 3202/3202/3202
f 3189/3189/3189 3204/3204/3204 3203/3203/3203
f 3189/3189/3189 3205/3205/3205 3204/3204/3204
f 3189/3189/3189 3206/3206/3206 3205/3205/3205
f 3189/3189/3189 3207/3207/3207 3206/3206/3206
f 3189/3189/3189 3208/3208/3208 3207/3207/3207
f 3189/3189/3189 3209/3209/3209 3208/3208/3208
f 3189/3189/3189 3210/3210/3210 3209/3209/3209
f 3190/3190/3190 3191/3191/3191 3212/3212/3212
f 3190/3190/3190 3212/3212/3212 3211/3211/3211
f 3191/3191/3191 3192/3192/3192 3213/3213/3213
f 3191/3191/3191 3213/3213/3213 3212/3212/3212
f 3192/3192/3192 3193/3193/3193 3214/3214/3214
f 3192/3192/3192 3214/3214/3214 3213/3213/3213
f 3193/3193/3193 3194/3194/3194 3215/3215/3215
f 3193/3193/3193 3215/3215/3215 3214/3214/3214
f 3194/3194/3194 3195/3195/3195 3216/3216/3216
f 3194/3194/3194 3216/3216/3216 3215/3215/3215
f 3195/3195/3195 3196/3196/3196 3217/3217/3217
f 3195/3195/3195 3217/3217/3217 3216/3216/3216
f 3196/3196/3196 3197/3197/3197 3218/3218/3218
f 3196/3196/3196 3218/3218/3218 3217/3217/3217
f 3197/3197/3197 3198/3198/3198 3219/3219/3219
f 3197/3197/3197 3219/3219/3219 3218/3218/3218
f 3198/3198/3198 3199/3199/3199 3220/3220/3220
f 3198/3198/3198 3220/3220/3220 3219/3219/3219
f 3199/3199/3199 3200/3200/3200 3221/3221/3221
f 3199/3199/3199 3221/3221/3221 3220/3220/3220
f 3200/3200/3200 3201/3201/3201 3222/3222/3222
f 3200/3200/3200 3222/3222/3222 3221/3221/3221
f 3201/3201/3201 3202/3202/3202 3223/3223/3223
f 3201/3201/3201 3223/3223/3223 3222/3222/3222
f 3202/3202/3202 3203/3203/3203 3224/3224/3224
f 3202/3202/3202 3224/3224/3224 3223/3223/3223
f 3203/3203/3203 3204/3204/3204 3225/3225/3225
f 3203/3203/3203 3225/3225/3225 3224/3224/3224
f 3204/3204/3204 3205/3205/3205 3226/3226/3226
f 3204/3204/3204 3226/3226/3226 3225/3225/3225
f 3205/3205/3205 3206/3206/3206 3227/3227/3227
f 3205/3205/3205 3227/3227/3227 3226/3226/3226
f 3206/3206/3206 3207/3207/3207 3228/3228/3228
f 3206/3206/3206 3228/3228/3228 3227/3227/3227
f 3207/3207/3207 3208/3208/3208 3229/3229/3229
f 3207/3207/3207 3229/3229/3229 3228/3228/3228
f 3208/3208/3208 3209/3209/3209 3230/3230/3230
f 3208/3208/3208 3230/3230/3230 3229/3229/3229
f 3209/3209/3209 3210/3210/3210 3231/3231/3231
f 3209/3209/3209 3231/3231/3231 3230/3230/3230
f 3211/3211/3211 3212/3212/3212 3233/3233/3233
f 3211/3211/3211 3233/3233/3233 3232/3232/3232
f 3212/3212/3212 3213/3213/3213 3234/3234/3234
f 3212/3212/3212 3234/3234/3234 3233/3233/3233
f 3213/3213/3213 3214/3214/3214 3235/3235/3235
f 3213/3213/3213 3235/3235/3235 3234/3234/3234
f 3214/3214/3214 3215/3215/3215 3236/3236/3236
f 3214/3214/3214 3236/3236/3236 3235/3235/3235
f 3215/3215/3215 3216/3216/3216 3237/3237/3237
f 3215/3215/3215 3237/3237/3237 3236/3236/3236
f 3216/3216/3216 3217/3217/3217 3238/3238/3238
f 3216/3216/3216 3238/3238/3238 3237/3237/3237
f 3217/3217/3217 3218/3218/3218 3239/3239/3239
f 3217/3217/3217 3239/3239/3239 3238/3238/3238
f 3218/3218/3218 3219/3219/3219 3240/3240/3240
f 3218/3218/3218 3240/3240/3240 3239/3239/3239
f 3219/3219/3219 3220/3220/3220 3241/3241/3241
f 3219/3219/3219 3241/3241/3241 3240/3240/3240
f 3220/3220/3220 3221/3221/3221 3242/3242/3242
f 3220/3220/3220 3242/3242/3242 3241/3241/3241
f 3221/3221/3221 3222/3222/3222 3243/3243/3243
f 3221/3221/3221 3243/3243/3243 3242/3242/3242
f 3222/3222/3222 3223/3223/3223 3244/3244/3244
f 3222/3222/3222 3244/3244/3244 3243/3243/3243
f 3223/3223/3223 3224/3224/3224 3245/3245/3245
f 3223/3223/3223 3245/3245/3245 3244/3244/3244
f 3224/3224/3224 3225/3225/3225 3246/3246/3246
f 3224/3224/3224 3246/3246/3246 3245/3245/3245
f 3225/3225/3225 3226/3226/3226 3247/3247/3247
f 3225/3225/3225 3247/3247/3247 3246/3246/3246
f 3226/3226/3226 3227/3227/3227 3248/3248/3248
f 3226/3226/3226 3248/3248/3248 3247/3247/3247
f 3227/3227/3227 3228/3228/3228 3249/3249/3249
f 3227/3227/3227 3249/3249/3249 3248/3248/3248
f 3228/3228/3228 3229/3229/3229 3250/3250/3250
f 3228/3228/3228 3250/3250/3250 3249/3249/3249
f 3229/3229/3229 3230/3230/3230 3251/3251/3251
f 3229/3229/3229 3251/3251/3251 3250/3250/3250
f 3230/3230/3230 3231/3231/3231 3252/3252/3252
f 3230/3230/3230 3252/3252/3252 3251/3251/3251
f 3232/3232/3232 3233/3233/3233 3254/3254/3254
f 3232/3232/3232 3254/3254/3254 3253/3253/3253
f 3233/3233/3233 3234/3234/3234 3255/3255/3255
f 3233/3233/3233 3255/3255/3255 3254/3254/3254
f 3234/3234/3234 3235/3235/3235 3256/3256/3256
f 3234/3234/3234 3256/3256/3256 3255/3255/3255
f 3235/3235/3235 3236/3236/3236 3257/3257/3257
f 3235/3235/3235 3257/3257/3257 3256/3256/3256
f 3236/3236/3236 3237/3237/3237 3258/3258/3258
f 3236/3236/3236 3258/3258/3258 3257/3257/3257
f 3237/3237/3237 3238/3238/3238 3259/3259/3259
f 3237/3237/3237 3259/3259/3259 3258/3258/3258
f 3238/3238/3238 3239/3239/3239 3260/3260/3260
f 3238/3238/3238 3260/3260/3260 3259/3259/3259
f 3239/3239/3239 3240/3240/3240 3261/3261/3261
f 3239/3239/3239 3261/3261/3261 3260/3260/3260
f 3240/3240/3240 3241/3241/3241 3262/3262/3262
f 3240/3240/3240 3262/3262/3262 3261/3261/3261
f 3241/3241/3241 3242/3242/3242 3263/3263/3263
f 3241/3241/3241 3263/3263/3263 3262/3262/3262
f 3242/3242/3242 3243/3243/3243 3264/3264/3264
f 3242/3242/3242 3264/3264/3264 3263/3263/3263
f 3243/3243/3243 3244/3244/3244 3265/3265/3265
f 3243/3243/3243 3265/3265/3265 3264/3264/3264
f 3244/3244/3244 3245/3245/3245 3266/3266/3266
f 3244/3244/3244 3266/3266/3266 3265/3265/3265
f 3245/3245/3245 3246/3246/3246 3267/3267/3267
f 3245/3245/3245 3267/3267/3267 3266/3266/3266
f 3246/3246/3246 3247/3247/3247 3268/3268/3268
f 3246/3246/3246 3268/3268/3268 3267/3267/3267
f 3247/3247/3247 3248/3248/3248 3269/3269/3269
f 3247/3247/3247 3269/3269/3269 3268/3268/3268
f 3248/3248/3248 3249/3249/3249 3270/3270/3270
f 3248/3248/3248 3270/3270/3270 3269/3269/3269
f 3249/3249/3249 3250/3250/3250 3271/3271/3271
f 3249/3249/3249 3271/3271/3271 3270/3270/3270
f 3250/3250/3250 3251/3251/3251 3272/3272/3272
f 3250/3250/3250 3272/3272/3272 3271/3271/3271
f 3251/3251/3251 3252/3252/3252 3273/3273/3273
f 3251/3251/3251 3273/3273/3273 3272/3272/3272
f 3253/3253/3253 3254/3254/3254 3275/3275/3275
f 3253/3253/3253 3275/3275/3275 3274/3274/3274
f 3254/3254/3254 3255/3255/3255 3276/3276/3276
f 3254/3254/3254 3276/3276/3276 3275/3275/3275
f 3255/3255/3255 3256/3256/3256 3277/3277/3277
f 3255/3255/3255 3277/3277/3277 3276/3276/3276
f 3256/3256/3256 3257/3257/3257 3278/3278/3278
f 3256/3256/3256 3278/3278/3278 3277/3277/3277
f 3257/3257/3257 3258/3258/3258 3279/3279/3279
f 3257/3257/3257 3279/3279/3279 3278/3278/3278
f 3258/3258/3258 3259/3259/3259 3280/3280/3280
f 3258/3258/3258 3280/3280/3280 3279/3279/3279
f 3259/3259/3259 3260/3260/3260 3281/3281/3281
f 3259/3259/3259 3281/3281/3281 3280/3280/3280
f 3260/3260/3260 3261/3261/3261 3282/3282/3282
f 3260/3260/3260 3282/3282/3282 3281/3281/3281
f 3261/3261/3261 3262/3262/3262 3283/3283/3283
f 3261/3261/3261 3283/3283/3283 3282/3282/3282
f 3262/3262/3262 3263/3263/3263 3284/3284/3284
f 3262/3262/3262 3284/3284/3284 3283/3283/3283
f 3263/3263/3263 3264/3264/3264 3285/3285/3285
f 3263/3263/3263 3285/3285/3285 3284/3284/3284
f 3264/3264/3264 3265/3265/3265 3286/3286/3286
f 3264/3264/3264 3286/3286/3286 3285/3285/3285
f 3265/3265/3265 3266/3266/3266 3287/3287/3287
f 3265/3265/3265 3287/3287/3287 3286/3286/3286
f 3266/3266/3266 3267/3267/3267 3288/3288/3288
f 3266/3266/3266 3288/3288/3288 3287/3287/3287
f 3267/3267/3267 3268/3268/3268 3289/3289/3289
f 3267/3267/3267 3289/3289/3289 3288/3288/3288
f 3268/3268/3268 3269/3269/3269 3290/3290/3290
f 3268/3268/3268 3290/3290/3290 3289/3289/3289
f 3269/3269/3269 3270/3270/3270 3291/3291/3291
f 3269/3269/3269 3291/3291/3291 3290/3290/3290
f 3270/3270/3270 3271/3271/3271 3292/3292/3292
f 3270/3270/3270 3292/3292/3292 3291/3291/3291
f 3271/3271/3271 3272/3272/3272 3293/3293/3293
f 3271/3271/3271 3293/3293/3293 3292/3292/3292
f 3272/3272/3272 3273/3273/3273 3294/3294/3294
f 3272/3272/3272 3294/3294/3294 3293/3293/3293
f 3274/3274/3274 3275/3275/3275 3296/3296/3296
f 3274/3274/3274 3296/3296/3296 3295/3295/3295
f 3275/3275/3275 3276/3276/3276 3297/3297/3297
f 3275/3275/3275 3297/3297/3297 3296/3296/3296
f 3276/3276/3276 3277/3277/3277 3298/3298/3298
f 3276/3276/3276 3298/3298/3298 3297/3297/3297
f 3277/3277/3277 3278/3278/3278 3299/3299/3299
f 3277/3277/3277 3299/3299/3299 3298/3298/3298
f 3278/3278/3278 3279/3279/3279 3300/3300/3300
f 3278/3278/3278 3300/3300/3300 3299/3299/3299
f 3279/3279/3279 3280/3280/3280 3301/3301/3301
f 3279/3279/3279 3301/3301/3301 3300/3300/3300
f 3280/3280/3280 3281/3281/3281 3302/3302/3302
f 3280/3280/3280 3302/3302/3302 3301/3301/3301
f 3281/3281/3281 3282/3282/3282 3303/3303/3303
f 3281/3281/3281 3303/3303/3303 3302/3302/3302
f 3282/3282/3282 3283/3283/3283 3304/3304/3304
f 3282/3282/3282 3304/3304/3304 3303/3303/3303
f 3283/3283/3283 3284/3284/3284 3305/3305/3305
f 3283/3283/3283 3305/3305/3305 3304/3304/3304
f 3284/3284/3284 3285/3285/3285 3306/3306/3306
f 3284/3284/3284 3306/3306/3306 3305/3305/3305
f 3285/3285/3285 3286/3286/3286 3307/3307/3307
f 3285/3285/3285 3307/3307/3307 3306/3306/3306
f 3286/3286/3286 3287/3287/3287 3308/3308/3308
f 3286/3286/3286 3308/3308/3308 3307/3307/3307
f 3287/3287/3287 3288/3288/3288 3309/3309/3309
f 3287/3287/3287 3309/3309/3309 3308/3308/3308
f 3288/3288/3288 3289/3289/3289 3310/3310/3310
f 3288/3288/3288 3310/3310/3310 3309/3309/3309
f 3289/3289/3289 3290/3290/3290 3311/3311/3311
f 3289/3289/3289 3311/3311/3311 3310/3310/3310
f 3290/3290/3290 3291/3291/3291 3312/3312/3312
f 3290/3290/3290 3312/3312/3312 3311/3311/3311
f 3291/3291/3291 3292/3292/3292 3313/3313/3313
f 3291/3291/3291 3313/3313/3313 3312/3312/3312
f 3292/3292/3292 3293/3293/3293 3314/3314/3314
f 3292/3292/3292 3314/3314/3314 3313/3313/3313
f 3293/3293/3293 3294/3294/3294 3315/3315/3315
f 3293/3293/3293 3315/3315/3315 3314/3314/3314
f 3295/3295/3295 3296/3296/3296 3317/3317/3317
f 3295/3295/3295 3317/3317/3317 3316/3316/3316
f 3296/3296/3296 3297/3297/3297 3318/3318/3318
f 3296/3296/3296 3318/3318/3318 3317/3317/3317
f 3297/3297/3297 3298/3298/3298 3319/3319/3319
f 3297/3297/3297 3319/3319/3319 3318/3318/3318
f 3298/3298/3298 3299/3299/3299 3320/3320/3320
f 3298/3298/3298 3320/3320/3320 3319/3319/3319
f 3299/3299/3299 3300/3300/3300 3321/3321/3321
f 3299/3299/3299 3321/3321/3321 3320/3320/3320
f 3300/3300/3300 3301/3301/3301 3322/3322/3322
f 3300/3300/3300 3322/3322/3322 3321/3321/3321
f 3301/3301/3301 3302/3302/3302 3323/3323/3323
f 3301/3301/3301 3323/3323/3323 3322/3322/3322
f 3302/3302/3302 3303/3303/3303 3324/3324/3324
f 3302/3302/3302 3324/3324/3324 3323/3323/3323
f 3303/3303/3303 3304/3304/3304 3325/3325/3325
f 3303/3303/3303 3325/3325/3325 3324/3324/3324
f 3304/3304/3304 3305/3305/3305 3326/3326/3326
f 3304/3304/3304 3326/3326/3326 3325/3325/3325
f 3305/3305/3305 3306/3306/3306 3327/3327/3327
f 3305/3305/3305 3327/3327/3327 3326/3326/3326
f 3306/3306/3306 3307/3307/3307 3328/3328/3328
f 3306/3306/3306 3328/3328/3328 3327/3327/3327
f 3307/3307/3307 3308/3308/3308 3329/3329/3329
f 3307/3307/3307 3329/3329/3329 3328/3328/3328
f 3308/3308/3308 3309/3309/3309 3330/3330/3330
f 3308/3308/3308 3330/3330/3330 3329/3329/3329
f 3309/3309/3309 3310/3310/3310 3331/3331/3331
f 3309/3309/3309 3331/3331/3331 3330/3330/3330
f 3310/3310/3310 3311/3311/3311 3332/3332/3332
f 3310/3310/3310 3332/3332/3332 3331/3331/3331
f 3311/3311/3311 3312/3312/3312 3333/3333/3333
f 3311/3311/3311 3333/3333/3333 3332/3332/3332
f 3312/3312/3312 3313/3313/3313 3334/3334/3334
f 3312/3312/3312 3334/3334/3334 3333/3333/3333
f 3313/3313/3313 3314/3314/3314 3335/3335/3335
f 3313/3313/3313 3335/3335/3335 3334/3334/3334
f 3314/3314/3314 3315/3315/3315 3336/3336/3336
f 3314/3314/3314 3336/3336/3336 3335/3335/3335
f 3316/3316/3316 3317/3317/3317 3338/3338/3338
f 3316/3316/3316 3338/3338/3338 3337/3337/3337
f 3317/3317/3317 3318/3318/3318 3339/3339/3339
f 3317/3317/3317 3339/3339/3339 3338/3338/3338
f 3318/3318/3318 3319/3319/3319 3340/3340/3340
f 3318/3318/3318 3340/3340/3340 3339/3339/3339
f 3319/3319/3319 3320/3320/3320 3341/3341/3341
f 3319/3319/3319 3341/3341/3341 3340/3340/3340
f 3320/3320/3320 3321/3321/3321 3342/3342/3342
f 3320/3320/3320 3342/3342/3342 3341/3341/3341
f 3321/3321/3321 3322/3322/3322 3343/3343/3343
f 3321/3321/3321 3343/3343/3343 3342/3342/3342
f 3322/3322/3322 3323/3323/3323 3344/3344/3344
f 3322/3322/3322 3344/3344/3344 3343/3343/3343
f 3323/3323/3323 3324/3324/3324 3345/3345/3345
f 3323/3323/3323 3345/3345/3345 3344/3344/3344
f 3324/3324/3324 3325/3325/3325 3346/3346/3346
f 3324/3324/3324 3346/3346/3346 3345/3345/3345
f 3325/3325/3325 3326/3326/3326 3347/3347/3347
f 3325/3325/3325 3347/3347/3347 3346/3346/3346
f 3326/3326/3326 3327/3327/3327 3348/3348/3348
f 3326/3326/3326 3348/3348/3348 3347/3347/3347
f 3327/3327/3327 3328/3328/3328 3349/3349/3349
f 3327/3327/3327 3349/3349/3349 3348/3348/3348
f 3328/3328/3328 3329/3329/3329 3350/3350/3350
f 3328/3328/3328 3350/3350/3350 3349/3349/3349
f 3329/3329/3329 3330/3330/3330 3351/3351/3351
f 3329/3329/3329 3351/3351/3351 3350/3350/3350
f 3330/3330/3330 3331/3331/3331 3352/3352/3352
f 3330/3330/3330 3352/3352/3352 3351/3351/3351
f 3331/3331/3331 3332/3332/3332 3353/3353/3353
f 3331/3331/3331 3353/3353/3353 3352/3352/3352
f 3332/3332/3332 3333/3333/3333 3354/3354/3354
f 3332/3332/3332 3354/3354/3354 3353/3353/3353
f 3333/3333/3333 3334/3334/3334 3355/3355/3355
f 3333/3333/3333 3355/3355/3355 3354/3354/3354
f 3334/3334/3334 3335/3335/3335 3356/3356/3356
f 3334/3334/3334 3356/3356/3356 3355/3355/3355
f 3335/3335/3335 3336/3336/3336 3357/3357/3357
f 3335/3335/3335 3357/3357/3357 3356/3356/3356
f 3337/3337/3337 3338/3338/3338 3359/3359/3359
f 3337/3337/3337 3359/3359/3359 3358/3358/3358
f 3338/3338/3338 3339/3339/3339 3360/3360/3360
f 3338/3338/3338 3360/3360/3360 3359/3359/3359
f 3339/3339/3339 3340/3340/3340 3361/3361/3361
f 3339/3339/3339 3361/3361/3361 3360/3360/3360
f 3340/3340/3340 3341/3341/3341 3362/3362/3362
f 3340/3340/3340 3362/3362/3362 3361/3361/3361
f 3341/3341/3341 3342/3342/3342 3363/3363/3363
f 3341/3341/3341 3363/3363/3363 3362/3362/3362
f 3342/3342/3342 3343/3343/3343 3364/3364/3364
f 3342/3342/3342 3364/3364/3364 3363/3363/3363
f 3343/3343/3343 3344/3344/3344 3365/3365/3365
f 3343/3343/3343 3365/3365/3365 3364/3364/3364
f 3344/3344/3344 3345/3345/3345 3366/3366/3366
f 3344/3344/3344 3366/3366/3366 3365/3365/3365
f 3345/3345/3345 3346/3346/3346 3367/3367/3367
f 3345/3345/3345 3367/3367/3367 3366/3366/3366
f 3346/3346/3346 3347/3347/3347 3368/3368/3368
f 3346/3346/3346 3368/3368/3368 3367/3367/3367
f 3347/3347/3347 3348/3348/3348 3369/3369/3369
f 3347/3347/3347 3369/3369/3369 3368/3368/3368
f 3348/3348/3348 3349/3349/3349 3370/3370/3370
f 3348/3348/3348 3370/3370/3370 3369/3369/3369
f 3349/3349/3349 3350/3350/3350 3371/3371/3371
f 3349/3349/3349 3371/3371/3371 3370/3370/3370
f 3350/3350/3350 3351/3351/3351 3372/3372/3372
f 3350/3350/3350 3372/3372/3372 3371/3371/3371
f 3351/3351/3351 3352/3352/3352 3373/3373/3373
f 3351/3351/3351 3373/3373/3373 3372/3372/3372
f 3352/3352/3352 3353/3353/3353 3374/3374/3374
f 3352/3352/3352 3374/3374/3374 3373/3373/3373
f 3353/3353/3353 3354/3354/3354 3375/3375/3375
f 3353/3353/3353 3375/3375/3375 3374/3374/3374
f 3354/3354/3354 3355/3355/3355 3376/3376/3376
f 3354/3354/3354 3376/3376/3376 3375/3375/3375
f 3355/3355/3355 3356/3356/3356 3377/3377/3377
f 3355/3355/3355 3377/3377/3377 3376/3376/3376
f 3356/3356/3356 3357/3357/3357 3378/3378/3378
f 3356/3356/3356 3378/3378/3378 3377/3377/3377
f 3358/3358/3358 3359/3359/3359 3380/3380/3380
f 3358/3358/3358 3380/3380/3380 3379/3379/3379
f 3359/3359/3359 3360/3360/3360 3381/3381/3381
f 3359/3359/3359 3381/3381/3381 3380/3380/3380
f 3360/3360/3360 3361/3361/3361 3382/3382/3382
f 3360/3360/3360 3382/3382/3382 3381/3381/3381
f 3361/3361/3361 3362/3362/3362 3383/3383/3383
f 3361/3361/3361 3383/3383/3383 3382/3382/3382
f 3362/3362/3362 3363/3363/3363 3384/3384/3384
f 3362/3362/3362 3384/3384/3384 3383/3383/3383
f 3363/3363/3363 3364/3364/3364 3385/3385/3385
f 3363/3363/3363 3385/3385/3385 3384/3384/3384
f 3364/3364/3364 3365/3365/3365 3386/3386/3386
f 3364/3364/3364 3386/3386/3386 3385/3385/3385
f 3365/3365/3365 3366/3366/3366 3387/3387/3387
f 3365/3365/3365 3387/3387/3387 3386/3386/3386
f 3366/3366/3366 3367/3367/3367 3388/3388/3388
f 3366/3366/3366 3388/3388/3388 3387/3387/3387
f 3367/3367/3367 3368/3368/3368 3389/3389/3389
f 3367/3367/3367 3389/3389/3389 3388/3388/3388
f 3368/3368/3368 3369/3369/3369 3390/3390/3390
f 3368/3368/3368 3390/3390/3390 3389/3389/3389
f 3369/3369/3369 3370/3370/3370 3391/3391/3391
f 3369/3369/3369 3391/3391/3391 3390/3390/3390
f 3370/3370/3370 3371/3371/3371 3392/3392/3392
f 3370/3370/3370 3392/3392/3392 3391/3391/3391
f 3371/3371/3371 3372/3372/3372 3393/3393/3393
f 3371/3371/3371 3393/3393/3393 3392/3392/3392
f 3372/3372/3372 3373/3373/3373 3394/3394/3394
f 3372/3372/3372 3394/3394/3394 3393/3393/3393
f 3373/3373/3373 3374/3374/3374 3395/3395/3395
f 3373/3373/3373 3395/3395/3395 3394/3394/3394
f 3374/3374/3374 3375/3375/3375 3396/3396/3396
f 3374/3374/3374 3396/3396/3396 3395/3395/3395
f 3375/3375/3375 3376/3376/3376 3397/3397/3397
f 3375/3375/3375 3397/3397/3397 3396/3396/3396
f 3376/3376/3376 3377/3377/3377 3398/3398/3398
f 3376/3376/3376 3398/3398/3398 3397/3397/3397
f 3377/3377/3377 3378/3378/3378 3399/3399/3399
f 3377/3377/3377 3399/3399/3399 3398/3398/3398
f 3379/3379/3379 3380/3380/3380 3401/3401/3401
f 3379/3379/3379 3401/3401/3401 3400/3400/3400
f 3380/3380/3380 3381/3381/3381 3402/3402/3402
f 3380/3380/3380 3402/3402/3402 3401/3401/3401
f 3381/3381/3381 3382/3382/3382 3403/3403/3403
f 3381/3381/3381 3403/3403/3403 3402/3402/3402
f 3382/3382/3382 3383/3383/3383 3404/3404/3404
f 3382/3382/3382 3404/3404/3404 3403/3403/3403
f 3383/3383/3383 3384/3384/3384 3405/3405/3405
f 3383/3383/3383 3405/3405/3405 3404/3404/3404
f 3384/3384/3384 3385/3385/3385 3406/3406/3406
f 3384/3384/3384 3406/3406/3406 3405/3405/3405
f 3385/3385/3385 3386/3386/3386 3407/3407/3407
f 3385/3385/3385 3407/3407/3407 3406/3406/3406
f 3386/3386/3386 3387/3387/3387 3408/3408/3408
f 3386/3386/3386 3408/3408/3408 3407/3407/3407
f 3387/3387/3387 3388/3388/3388 3409/3409/3409
f 3387/3387/3387 3409/3409/3409 3408/3408/3408
f 3388/3388/3388 3389/3389/3389 3410/3410/3410
f 3388/3388/3388 3410/3410/3410 3409/3409/3409
f 3389/3389/3389 3390/3390/3390 3411/3411/3411
f 3389/3389/3389 3411/3411/3411 3410/3410/3410
f 3390/3390/3390 3391/3391/3391 3412/3412/3412
f 3390/3390/3390 3412/3412/3412 3411/3411/3411
f 3391/3391/3391 3392/3392/3392 3413/3413/3413
f 3391/3391/3391 3413/3413/3413 3412/3412/3412
f 3392/3392/3392 3393/3393/3393 3414/3414/3414
f 3392/3392/3392 3414/3414/3414 3413/3413/3413
f 3393/3393/3393 3394/3394/3394 3415/3415/3415
f 3393/3393/3393 3415/3415/3415 3414/3414/3414
f 3394/3394/3394 3395/3395/3395 3416/3416/3416
f 3394/3394/3394 3416/3416/3416 3415/3415/3415
f 3395/3395/3395 3396/3396/3396 3417/3417/3417
f 3395/3395/3395 3417/3417/3417 3416/3416/3416
f 3396/3396/3396 3397/3397/3397 3418/3418/3418
f 3396/3396/3396 3418/3418/3418 3417/3417/3417
f 3397/3397/3397 3398/3398/3398 3419/3419/3419
f 3397/3397/3397 3419/3419/3419 3418/3418/3418
f 3398/3398/3398 3399/3399/3399 3420/3420/3420
f 3398/3398/3398 3420/3420/3420 3419/3419/3419
f 3400/3400/3400 3401/3401/3401 3421/3421/3421
f 3401/3401/3401 3402/3402/3402 3421/3421/3421
f 3402/3402/3402 3403/3403/3403 3421/3421/3421
f 3403/3403/3403 3404/3404/3404 3421/3421/3421
f 3404/3404/3404 3405/3405/3405 3421/3421/3421
f 3405/3405/3405 3406/3406/3406 3421/3421/3421
f 3406/3406/3406 3407/3407/3407 3421/3421/3421
f 3407/3407/3407 3408/3408/3408 3421/3421/3421
f 3408/3408/3408 3409/3409/3409 3421/3421/3421
f 3409/3409/3409 3410/3410/3410 3421/3421/3421
f 3410/3410/3410 3411/3411/3411 3421/3421/3421
f 3411/3411/3411 3412/3412/3412 3421/3421/3421
f 3412/3412/3412 3413/3413/3413 3421/3421/3421
f 3413/3413/3413 3414/3414/3414 3421/3421/3421
f 3414/3414/3414 3415/3415/3415 3421/3421/3421
f 3415/3415/3415 3416/3416/3416 3421/3421/3421
f 3416/3416/3416 3417/3417/3417 3421/3421/3421
f 3417/3417/3417 3418/3418/3418 3421/3421/3421
f 3418/3418/3418 3419/3419/3419 3421/3421/3421
f 3419/3419/3419 3420/3420/3420 3421/3421/3421
o Finger_1_0
v 6.579244 49.217875 -9.890280
v 6.312771 49.180379 -9.541695
v 5.669447 49.089855 -9.397306
v 5.026123 48.999331 -9.541695
v 4.759650 48.961835 -9.890280
v 5.026123 48.999331 -10.238864
v 5.669447 49.089855 -10.383253
v 6.312771 49.180379 -10.238864
v 6.579244 49.217875 -9.890280
v 7.494097 48.388447 -9.890280
v 7.243346 48.358456 -9.568928
v 6.637980 48.286051 -9.435820
v 6.032615 48.213645 -9.568928
v 5.781864 48.183654 -9.890280
v 6.032615 48.213645 -10.211631
v 6.637980 48.286051 -10.344739
v 7.243346 48.358456 -10.211631
v 7.494097 48.388447 -9.890280
v 8.178409 47.408696 -9.890280
v 7.947866 47.408696 -9.611412
v 7.391284 47.408696 -9.495901
v 6.834702 47.408696 -9.611412
v 6.604159 47.408696 -9.890280
v 6.834702 47.408696 -10.169147
v 7.391284 47.408696 -10.284658
v 7.947866 47.408696 -10.169147
v 8.178409 47.408696 -9.890280
v 7.064113 46.863797 -9.890280
v 6.939302 46.906449 -9.676771
v 6.637980 47.009420 -9.588333
v 6.336659 47.112391 -9.676771
v 6.211847 47.155043 -9.890280
v 6.336659 47.112391 -10.103788
v 6.637980 47.009420 -10.192226
v 6.939302 46.906449 -10.103788
v 7.064113 46.863797 -9.890280
v 5.889117 46.688921 -9.890280
v 5.824777 46.727398 -9.733416
v 5.669447 46.820290 -9.668441
v 5.514117 46.913182 -9.733416
v 5.449778 46.951659 -9.890280
v 5.514117 46.913182 -10.047143
v 5.669447 46.820290 -10.112118
v 5.824777 46.727398 -10.047143
v 5.889117 46.688921 -9.890280
v 5.669447 49.089855 -9.890280
v 5.669447 46.820290 -9.890280
vt 0.0078125 0.9921875
vt 0.0078125 0.9160156
vt 0.0078125 0.8398438
vt 0.0078125 0.7636719
vt 0.0078125 0.6875000
vt 0.0078125 0.6113281
vt 0.0078125 0.5351562
vt 0.0078125 0.4589844
vt 0.0078125 0.3828125
vt 0.2539062 0.9921875
vt 0.2539062 0.9160156
vt 0.2539062 0.8398438
vt 0.2539062 0.7636719
vt 0.2539062 0.6875000
vt 0.2539062 0.6113281
vt 0.2539062 0.5351562
vt 0.2539062 0.4589844
vt 0.2539062 0.3828125
vt 0.5000000 0.9921875
vt 0.5000000 0.9160156
vt 0.5000000 0.8398438
vt 0.5000000 0.7636719
vt 0.5000000 0.6875000
vt 0.5000000 0.6113281
vt 0.5000000 0.5351562
vt 0.5000000 0.4589844
vt 0.5000000 0.3828125
vt 0.7460938 0.9921875
vt 0.7460938 0.9160156
vt 0.7460938 0.8398438
vt 0.7460938 0.7636719
vt 0.7460938 0.6875000
vt 0.7460938 0.6113281
vt 0.7460938 0.5351562
vt 0.7460938 0.4589844
vt 0.7460938 0.3828125
vt 0.9921875 0.9921875
vt 0.9921875 0.9160156
vt 0.9921875 0.8398438
vt 0.9921875 0.7636719
vt 0.9921875 0.6875000
vt 0.9921875 0.6113281
vt 0.9921875 0.5351562
vt 0.9921875 0.4589844
vt 0.9921875 0.3828125
vt 0.0078125 0.6875000
vt 0.9921875 0.6875000
vn 0.4302816 0.8927610 0.1335497
vn 0.2265588 0.6196339 0.7514818
vn -0.1015691 0.2385684 0.9657996
vn -0.5525313 -0.1643918 0.8171197
vn -0.8838506 -0.4088296 -0.2273027
vn -0.3809975 -0.0256741 -0.9242195
vn 0.0152749 0.3633272 -0.9315364
vn 0.3171194 0.7372434 -0.5965798
vn 0.4302816 0.8927610 0.1335497
vn 0.7458079 0.6659877 -0.0151985
vn 0.4136196 0.3631055 0.8349091
vn 0.0126752 -0.0354888 0.9992897
vn -0.3658772 -0.4468417 0.8163739
vn -0.6436778 -0.7648383 0.0264815
vn -0.3793144 -0.4734325 -0.7949731
vn 0.0038060 -0.0656891 -0.9978329
vn 0.4072613 0.3343418 -0.8499140
vn 0.7458079 0.6659877 -0.0151985
vn 0.9743456 -0.1912460 -0.1186408
vn 0.4936437 -0.0428969 0.8686056
vn 0.0440697 -0.0353069 0.9984044
vn -0.3670504 -0.1573966 0.9167880
vn -0.8966429 -0.4098154 0.1675794
vn -0.4736777 -0.2798921 -0.8350388
vn -0.0293679 -0.1818942 -0.9828794
vn 0.3952704 -0.1848270 -0.8997779
vn 0.9743456 -0.1912460 -0.1186408
vn 0.3096089 -0.9500158 -0.0401536
vn 0.2439850 -0.7637401 0.5976391
vn 0.0038300 -0.1900778 0.9817616
vn -0.2817912 0.5762658 0.7671450
vn -0.3865565 0.9217901 0.0296171
vn -0.3171353 0.6231321 -0.7149347
vn -0.0621010 -0.1607135 -0.9850455
vn 0.1911523 -0.7425481 -0.6419370
vn 0.3096089 -0.9500158 -0.0401536
vn 0.0719010 -0.9922249 -0.1015876
vn 0.0447410 -0.9128121 0.4059215
vn -0.1001180 -0.4549002 0.8848967
vn -0.3200510 0.4417606 0.8381020
vn -0.3996537 0.9026386 0.1597515
vn -0.3748669 0.7257358 -0.5768730
vn -0.2021871 -0.0969082 -0.9745405
vn -0.0008222 -0.7880516 -0.6156087
vn 0.0719010 -0.9922249 -0.1015876
vn -0.1393402 0.9902446 0.0000000
vn -0.5132520 -0.8582379 -0.0000000
s 1
f 3422/3422/3422 3423/3423/3423 3432/3432/3432
f 3422/3422/3422 3432/3432/3432 3431/3431/3431
f 3423/3423/3423 3424/3424/3424 3433/3433/3433
f 3423/3423/3423 3433/3433/3433 3432/3432/3432
f 3424/3424/3424 3425/3425/3425 3434/3434/3434
f 3424/3424/3424 3434/3434/3434 3433/3433/3433
f 3425/3425/3425 3426/3426/3426 3435/3435/3435
f 3425/3425/3425 3435/3435/3435 3434/3434/3434
f 3426/3426/3426 3427/3427/3427 3436/3436/3436
f 3426/3426/3426 3436/3436/3436 3435/3435/3435
f 3427/3427/3427 3428/3428/3428 3437/3437/3437
f 3427/3427/3427 3437/3437/3437 3436/3436/3436
f 3428/3428/3428 3429/3429/3429 3438/3438/3438
f 3428/3428/3428 3438/3438/3438 3437/3437/3437
f 3429/3429/3429 3430/3430/3430 3439/3439/3439
f 3429/3429/3429 3439/3439/3439 3438/3438/3438
f 3431/3431/3431 3432/3432/3432 3441/3441/3441
f 3431/3431/3431 3441/3441/3441 3440/3440/3440
f 3432/3432/3432 3433/3433/3433 3442/3442/3442
f 3432/3432/3432 3442/3442/3442 3441/3441/3441
f 3433/3433/3433 3434/3434/3434 3443/3443/3443
f 3433/3433/3433 3443/3443/3443 3442/3442/3442
f 3434/3434/3434 3435/3435/3435 3444/3444/3444
f 3434/3434/3434 3444/3444/3444 3443/3443/3443
f 3435/3435/3435 3436/3436/3436 3445/3445/3445
f 3435/3435/3435 3445/3445/3445 3444/3444/3444
f 3436/3436/3436 3437/3437/3437 3446/3446/3446
f 3436/3436/3436 3446/3446/3446 3445/3445/3445
f 3437/3437/3437 3438/3438/3438 3447/3447/3447
f 3437/3437/3437 3447/3447/3447 3446/3446/3446
f 3438/3438/3438 3439/3439/3439 3448/3448/3448
f 3438/3438/3438 3448/3448/3448 3447/3447/3447
f 3440/3440/3440 3441/3441/3441 3450/3450/3450
f 3440/3440/3440 3450/3450/3450 3449/3449/3449
f 3441/3441/3441 3442/3442/3442 3451/3451/3451
f 3441/3441/3441 3451/3451/3451 3450/3450/3450
f 3442/3442/3442 3443/3443/3443 3452/3452/3452
f 3442/3442/3442 3452/3452/3452 3451/3451/3451
f 3443/3443/3443 3444/3444/3444 3453/3453/3453
f 3443/3443/3443 3453/3453/3453 3452/3452/3452
f 3444/3444/3444 3445/3445/3445 3454/3454/3454
f 3444/3444/3444 3454/3454/3454 3453/3453/3453
f 3445/3445/3445 3446/3446/3446 3455/3455/3455
f 3445/3445/3445 3455/3455/3455 3454/3454/3454
f 3446/3446/3446 3447/3447/3447 3456/3456/3456
f 3446/3446/3446 3456/3456/3456 3455/3455/3455
f 3447/3447/3447 3448/3448/3448 3457/3457/3457
f 3447/3447/3447 3457/3457/3457 3456/3456/3456
f 3449/3449/3449 3450/3450/3450 3459/3459/3459
f 3449/3449/3449 3459/3459/3459 3458/3458/3458
f 3450/3450/3450 3451/3451/3451 3460/3460/3460
f 3450/3450/3450 3460/3460/3460 3459/3459/3459
f 3451/3451/3451 3452/3452/3452 3461/3461/3461
f 3451/3451/3451 3461/3461/3461 3460/3460/3460
f 3452/3452/3452 3453/3453/3453 3462/3462/3462
f 3452/3452/3452 3462/3462/3462 3461/3461/3461
f 3453/3453/3453 3454/3454/3454 3463/3463/3463
f 3453/3453/3453 3463/3463/3463 3462/3462/3462
f 3454/3454/3454 3455/3455/3455 3464/3464/3464
f 3454/3454/3454 3464/3464/3464 3463/3463/3463
f 3455/3455/3455 3456/3456/3456 3465/3465/3465
f 3455/3455/3455 3465/3465/3465 3464/3464/3464
f 3456/3456/3456 3457/3457/3457 3466/3466/3466
f 3456/3456/3456 3466/3466/3466 3465/3465/3465
f 3467/3467/3467 3423/3423/3423 3422/3422/3422
f 3467/3467/3467 3424/3424/3424 3423/3423/3423
f 3467/3467/3467 3425/3425/3425 3424/3424/3424
f 3467/3467/3467 3426/3426/3426 3425/3425/3425
f 3467/3467/3467 3427/3427/3427 3426/3426/3426
f 3467/3467/3467 3428/3428/3428 3427/3427/3427
f 3467/3467/3467 3429/3429/3429 3428/3428/3428
f 3467/3467/3467 3430/3430/3430 3429/3429/3429
f 3468/3468/3468 3458/3458/3458 3459/3459/3459
f 3468/3468/3468 3459/3459/3459 3460/3460/3460
f 3468/3468/3468 3460/3460/3460 3461/3461/3461
f 3468/3468/3468 3461/3461/3461 3462/3462/3462
f 3468/3468/3468 3462/3462/3462 3463/3463/3463
f 3468/3468/3468 3463/3463/3463 3464/3464/3464
f 3468/3468/3468 3464/3464/3464 3465/3465/3465
f 3468/3468/3468 3465/3465/3465 3466/3466/3466
o Finger_1_1
v 6.579244 49.217875 -10.691361
v 6.312771 49.180379 -10.342776
v 5.669447 49.089855 -10.198388
v 5.026123 48.999331 -10.342776
v 4.759650 48.961835 -10.691361
v 5.026123 48.999331 -11.039946
v 5.669447 49.089855 -11.184335
v 6.312771 49.180379 -11.039946
v 6.579244 49.217875 -10.691361
v 7.494097 48.388447 -10.691361
v 7.243346 48.358456 -10.370010
v 6.637980 48.286051 -10.236901
v 6.032615 48.213645 -10.370010
v 5.781864 48.183654 -10.691361
v 6.032615 48.213645 -11.012713
v 6.637980 48.286051 -11.145821
v 7.243346 48.358456 -11.012713
v 7.494097 48.388447 -10.691361
v 8.178409 47.408696 -10.691361
v 7.947866 47.408696 -10.412493
v 7.391284 47.408696 -10.296983
v 6.834702 47.408696 -10.412493
v 6.604159 47.408696 -10.691361
v 6.834702 47.408696 -10.970229
v 7.391284 47.408696 -11.085740
v 7.947866 47.408696 -10.970229
v 8.178409 47.408696 -10.691361
v 7.064113 46.863797 -10.691361
v 6.939302 46.906449 -10.477853
v 6.637980 47.009420 -10.389415
v 6.336659 47.112391 -10.477853
v 6.211847 47.155043 -10.691361
v 6.336659 47.112391 -10.904870
v 6.637980 47.009420 -10.993308
v 6.939302 46.906449 -10.904870
v 7.064113 46.863797 -10.691361
v 5.889117 46.688921 -10.691361
v 5.824777 46.727398 -10.534498
v 5.669447 46.820290 -10.469523
v 5.514117 46.913182 -10.534498
v 5.449778 46.951659 -10.691361
v 5.514117 46.913182 -10.848225
v 5.669447 46.820290 -10.913199
v 5.824777 46.727398 -10.848225
v 5.889117 46.688921 -10.691361
v 5.669447 49.089855 -10.691361
v 5.669447 46.820290 -10.691361
vt 0.0078125 0.9921875
vt 0.0078125 0.9160156
vt 0.0078125 0.8398438
vt 0.0078125 0.7636719
vt 0.0078125 0.6875000
vt 0.0078125 0.6113281
vt 0.0078125 0.5351562
vt 0.0078125 0.4589844
vt 0.0078125 0.3828125
vt 0.2539062 0.9921875
vt 0.2539062 0.9160156
vt 0.2539062 0.8398438
vt 0.2539062 0.7636719
vt 0.2539062 0.6875000
vt 0.2539062 0.6113281
vt 0.2539062 0.5351562
vt 0.2539062 0.4589844
vt 0.2539062 0.3828125
vt 0.5000000 0.9921875
vt 0.5000000 0.9160156
vt 0.5000000 0.8398438
vt 0.5000000 0.7636719
vt 0.5000000 0.6875000
vt 0.5000000 0.6113281
vt 0.5000000 0.5351562
vt 0.5000000 0.4589844
vt 0.5000000 0.3828125
vt 0.7460938 0.9921875
vt 0.7460938 0.9160156
vt 0.7460938 0.8398438
vt 0.7460938 0.7636719
vt 0.7460938 0.6875000
vt 0.7460938 0.6113281
vt 0.7460938 0.5351562
vt 0.7460938 0.4589844
vt 0.7460938 0.3828125
vt 0.9921875 0.9921875
vt 0.9921875 0.9160156
vt 0.9921875 0.8398438
vt 0.9921875 0.7636719
vt 0.9921875 0.6875000
vt 0.9921875 0.6113281
vt 0.9921875 0.5351562
vt 0.9921875 0.4589844
vt 0.9921875 0.3828125
vt 0.0078125 0.6875000
vt 0.9921875 0.6875000
vn 0.4302816 0.8927610 0.1335497
vn 0.2265588 0.6196339 0.7514818
vn -0.1015691 0.2385684 0.9657996
vn -0.5525313 -0.1643918 0.8171197
vn -0.8838506 -0.4088296 -0.2273027
vn -0.3809975 -0.0256741 -0.9242195
vn 0.0152749 0.3633272 -0.9315364
vn 0.3171194 0.7372434 -0.5965798
vn 0.4302816 0.8927610 0.1335497
vn 0.7458079 0.6659877 -0.0151985
vn 0.4136196 0.3631055 0.8349091
vn 0.0126752 -0.0354888 0.9992897
vn -0.3658772 -0.4468417 0.8163739
vn -0.6436778 -0.7648383 0.0264815
vn -0.3793144 -0.4734325 -0.7949731
vn 0.0038060 -0.0656891 -0.9978329
vn 0.4072613 0.3343418 -0.8499140
vn 0.7458079 0.6659877 -0.0151985
vn 0.9743456 -0.1912460 -0.1186408
vn 0.4936437 -0.0428969 0.8686056
vn 0.0440697 -0.0353069 0.9984044
vn -0.3670504 -0.1573966 0.9167880
vn -0.8966429 -0.4098154 0.1675794
vn -0.4736777 -0.2798921 -0.8350388
vn -0.0293679 -0.1818942 -0.9828794
vn 0.3952704 -0.1848270 -0.8997779
vn 0.9743456 -0.1912460 -0.1186408
vn 0.3096089 -0.9500158 -0.0401536
vn 0.2439850 -0.7637401 0.5976391
vn 0.0038300 -0.1900778 0.9817616
vn -0.2817912 0.5762658 0.7671450
vn -0.3865565 0.9217901 0.0296171
vn -0.3171353 0.6231321 -0.7149347
vn -0.0621010 -0.1607135 -0.9850455
vn 0.1911523 -0.7425481 -0.6419370
vn 0.3096089 -0.9500158 -0.0401536
vn 0.0719010 -0.9922249 -0.1015876
vn 0.0447410 -0.9128121 0.4059215
vn -0.1001180 -0.4549002 0.8848967
vn -0.3200510 0.4417606 0.8381020
vn -0.3996537 0.9026386 0.1597515
vn -0.3748669 0.7257358 -0.5768730
vn -0.2021871 -0.0969082 -0.9745405
vn -0.0008222 -0.7880516 -0.6156087
vn 0.0719010 -0.9922249 -0.1015876
vn -0.1393402 0.9902446 0.0000000
vn -0.5132520 -0.8582379 -0.0000000
s 1
f 3469/3469/3469 3470/3470/3470 3479/3479/3479
f 3469/3469/3469 3479/3479/3479 3478/3478/3478
f 3470/3470/3470 3471/3471/3471 3480/3480/3480
f 3470/3470/3470 3480/3480/3480 3479/3479/3479
f 3471/3471/3471 3472/3472/3472 3481/3481/3481
f 3471/3471/3471 3481/3481/3481 3480/3480/3480
f 3472/3472/3472 3473/3473/3473 3482/3482/3482
f 3472/3472/3472 3482/3482/3482 3481/3481/3481
f 3473/3473/3473 3474/3474/3474 3483/3483/3483
f 3473/3473/3473 3483/3483/3483 3482/3482/3482
f 3474/3474/3474 3475/3475/3475 3484/3484/3484
f 3474/3474/3474 3484/3484/3484 3483/3483/3483
f 3475/3475/3475 3476/3476/3476 3485/3485/3485
f 3475/3475/3475 3485/3485/3485 3484/3484/3484
f 3476/3476/3476 3477/3477/3477 3486/3486/3486
f 3476/3476/3476 3486/3486/3486 3485/3485/3485
f 3478/3478/3478 3479/3479/3479 3488/3488/3488
f 3478/3478/3478 3488/3488/3488 3487/3487/3487
f 3479/3479/3479 3480/3480/3480 3489/3489/3489
f 3479/3479/3479 3489/3489/3489 3488/3488/3488
f 3480/3480/3480 3481/3481/3481 3490/3490/3490
f 3480/3480/3480 3490/3490/3490 3489/3489/3489
f 3481/3481/3481 3482/3482/3482 3491/3491/3491
f 3481/3481/3481 3491/3491/3491 3490/3490/3490
f 3482/3482/3482 3483/3483/3483 3492/3492/3492
f 3482/3482/3482 3492/3492/3492 3491/3491/3491
f 3483/3483/3483 3484/3484/3484 3493/3493/3493
f 3483/3483/3483 3493/3493/3493 3492/3492/3492
f 3484/3484/3484 3485/3485/3485 3494/3494/3494
f 3484/3484/3484 3494/3494/3494 3493/3493/3493
f 3485/3485/3485 3486/3486/3486 3495/3495/3495
f 3485/3485/3485 3495/3495/3495 3494/3494/3494
f 3487/3487/3487 3488/3488/3488 3497/3497/3497
f 3487/3487/3487 3497/3497/3497 3496/3496/3496
f 3488/3488/3488 3489/3489/3489 3498/3498/3498
f 3488/3488/3488 3498/3498/3498 3497/3497/3497
f 3489/3489/3489 3490/3490/3490 3499/3499/3499
f 3489/3489/3489 3499/3499/3499 3498/3498/3498
f 3490/3490/3490 3491/3491/3491 3500/3500/3500
f 3490/3490/3490 3500/3500/3500 3499/3499/3499
f 3491/3491/3491 3492/3492/3492 3501/3501/3501
f 3491/3491/3491 3501/3501/3501 3500/3500/3500
f 3492/3492/3492 3493/3493/3493 3502/3502/3502
f 3492/3492/3492 3502/3502/3502 3501/3501/3501
f 3493/3493/3493 3494/3494/3494 3503/3503/3503
f 3493/3493/3493 3503/3503/3503 3502/3502/3502
f 3494/3494/3494 3495/3495/3495 3504/3504/3504
f 3494/3494/3494 3504/3504/3504 3503/3503/3503
f 3496/3496/3496 3497/3497/3497 3506/3506/3506
f 3496/3496/3496 3506/3506/3506 3505/3505/3505
f 3497/3497/3497 3498/3498/3498 3507/3507/3507
f 3497/3497/3497 3507/3507/3507 3506/3506/3506
f 3498/3498/3498 3499/3499/3499 3508/3508/3508
f 3498/3498/3498 3508/3508/3508 3507/3507/3507
f 3499/3499/3499 3500/3500/3500 3509/3509/3509
f 3499/3499/3499 3509/3509/3509 3508/3508/3508
f 3500/3500/3500 3501/3501/3501 3510/3510/3510
f 3500/3500/3500 3510/3510/3510 3509/3509/3509
f 3501/3501/3501 3502/3502/3502 3511/3511/3511
f 3501/3501/3501 3511/3511/3511 3510/3510/3510
f 3502/3502/3502 3503/3503/3503 3512/3512/3512
f 3502/3502/3502 3512/3512/3512 3511/3511/3511
f 3503/3503/3503 3504/3504/3504 3513/3513/3513
f 3503/3503/3503 3513/3513/3513 3512/3512/3512
f 3514/3514/3514 3470/3470/3470 3469/3469/3469
f 3514/3514/3514 3471/3471/3471 3470/3470/3470
f 3514/3514/3514 3472/3472/3472 3471/3471/3471
f 3514/3514/3514 3473/3473/3473 3472/3472/3472
f 3514/3514/3514 3474/3474/3474 3473/3473/3473
f 3514/3514/3514 3475/3475/3475 3474/3474/3474
f 3514/3514/3514 3476/3476/3476 3475/3475/3475
f 3514/3514/3514 3477/3477/3477 3476/3476/3476
f 3515/3515/3515 3505/3505/3505 3506/3506/3506
f 3515/3515/3515 3506/3506/3506 3507/3507/3507
f 3515/3515/3515 3507/3507/3507 3508/3508/3508
f 3515/3515/3515 3508/3508/3508 3509/3509/3509
f 3515/3515/3515 3509/3509/3509 3510/3510/3510
f 3515/3515/3515 3510/3510/3510 3511/3511/3511
f 3515/3515/3515 3511/3511/3511 3512/3512/3512
f 3515/3515/3515 3512/3512/3512 3513/3513/3513
o Finger_1_2
v 6.579244 49.217875 -11.492443
v 6.312771 49.180379 -11.143858
v 5.669447 49.089855 -10.999470
v 5.026123 48.999331 -11.143858
v 4.759650 48.961835 -11.492443
v 5.026123 48.999331 -11.841028
v 5.669447 49.089855 -11.985417
v 6.312771 49.180379 -11.841028
v 6.579244 49.217875 -11.492443
v 7.494097 48.388447 -11.492443
v 7.243346 48.358456 -11.171092
v 6.637980 48.286051 -11.037983
v 6.032615 48.213645 -11.171092
v 5.781864 48.183654 -11.492443
v 6.032615 48.213645 -11.813795
v 6.637980 48.286051 -11.946903
v 7.243346 48.358456 -11.813795
v 7.494097 48.388447 -11.492443
v 8.178409 47.408696 -11.492443
v 7.947866 47.408696 -11.213575
v 7.391284 47.408696 -11.098064
v 6.834702 47.408696 -11.213575
v 6.604159 47.408696 -11.492443
v 6.834702 47.408696 -11.771311
v 7.391284 47.408696 -11.886822
v 7.947866 47.408696 -11.771311
v 8.178409 47.408696 -11.492443
v 7.064113 46.863797 -11.492443
v 6.939302 46.906449 -11.278935
v 6.637980 47.009420 -11.190497
v 6.336659 47.112391 -11.278935
v 6.211847 47.155043 -11.492443
v 6.336659 47.112391 -11.705951
v 6.637980 47.009420 -11.794389
v 6.939302 46.906449 -11.705951
v 7.064113 46.863797 -11.492443
v 5.889117 46.688921 -11.492443
v 5.824777 46.727398 -11.335580
v 5.669447 46.820290 -11.270605
v 5.514117 46.913182 -11.335580
v 5.449778 46.951659 -11.492443
v 5.514117 46.913182 -11.649306
v 5.669447 46.820290 -11.714281
v 5.824777 46.727398 -11.649306
v 5.889117 46.688921 -11.492443
v 5.669447 49.089855 -11.492443
v 5.669447 46.820290 -11.492443
vt 0.0078125 0.9921875
vt 0.0078125 0.9160156
vt 0.0078125 0.8398438
vt 0.0078125 0.7636719
vt 0.0078125 0.6875000
vt 0.0078125 0.6113281
vt 0.0078125 0.5351562
vt 0.0078125 0.4589844
vt 0.0078125 0.3828125
vt 0.2539062 0.9921875
vt 0.2539062 0.9160156
vt 0.2539062 0.8398438
vt 0.2539062 0.7636719
vt 0.2539062 0.6875000
vt 0.2539062 0.6113281
vt 0.2539062 0.5351562
vt 0.2539062 0.4589844
vt 0.2539062 0.3828125
vt 0.5000000 0.9921875
vt 0.5000000 0.9160156
vt 0.5000000 0.8398438
vt 0.5000000 0.7636719
vt 0.5000000 0.6875000
vt 0.5000000 0.6113281
vt 0.5000000 0.5351562
vt 0.5000000 0.4589844
vt 0.5000000 0.3828125
vt 0.7460938 0.9921875
vt 0.7460938 0.9160156
vt 0.7460938 0.8398438
vt 0.7460938 0.7636719
vt 0.7460938 0.6875000
vt 0.7460938 0.6113281
vt 0.7460938 0.5351562
vt 0.7460938 0.4589844
vt 0.7460938 0.3828125
vt 0.9921875 0.9921875
vt 0.9921875 0.9160156
vt 0.9921875 0.8398438
vt 0.9921875 0.7636719
vt 0.9921875 0.6875000
vt 0.9921875 0.6113281
vt 0.9921875 0.5351562
vt 0.9921875 0.4589844
vt 0.9921875 0.3828125
vt 0.0078125 0.6875000
vt 0.9921875 0.6875000
vn 0.4302816 0.8927610 0.1335497
vn 0.2265588 0.6196339 0.7514818
vn -0.1015691 0.2385684 0.9657996
vn -0.5525313 -0.1643918 0.8171197
vn -0.8838506 -0.4088296 -0.2273027
vn -0.3809975 -0.0256741 -0.9242195
vn 0.0152749 0.3633272 -0.9315364
vn 0.3171194 0.7372434 -0.5965798
vn 0.4302816 0.8927610 0.1335497
vn 0.7458079 0.6659877 -0.0151985
vn 0.4136196 0.3631055 0.8349091
vn 0.0126752 -0.0354888 0.9992897
vn -0.3658772 -0.4468417 0.8163739
vn -0.6436778 -0.7648383 0.0264815
vn -0.3793144 -0.4734325 -0.7949731
vn 0.0038060 -0.0656891 -0.9978329
vn 0.4072613 0.3343418 -0.8499140
vn 0.7458079 0.6659877 -0.0151985
vn 0.9743456 -0.1912460 -0.1186408
vn 0.4936437 -0.0428969 0.8686056
vn 0.0440697 -0.0353069 0.9984044
vn -0.3670504 -0.1573966 0.9167880
vn -0.8966429 -0.4098154 0.1675794
vn -0.4736777 -0.2798921 -0.8350388
vn -0.0293679 -0.1818942 -0.9828794
vn 0.3952704 -0.1848270 -0.8997779
vn 0.9743456 -0.1912460 -0.1186408
vn 0.3096089 -0.9500158 -0.0401536
vn 0.2439850 -0.7637401 0.5976391
vn 0.0038300 -0.1900778 0.9817616
vn -0.2817912 0.5762658 0.7671450
vn -0.3865565 0.9217901 0.0296171
vn -0.3171353 0.6231321 -0.7149347
vn -0.0621010 -0.1607135 -0.9850455
vn 0.1911523 -0.7425481 -0.6419370
vn 0.3096089 -0.9500158 -0.0401536
vn 0.0719010 -0.9922249 -0.1015876
vn 0.0447410 -0.9128121 0.4059215
vn -0.1001180 -0.4549002 0.8848967
vn -0.3200510 0.4417606 0.8381020
vn -0.3996537 0.9026386 0.1597515
vn -0.3748669 0.7257358 -0.5768730
vn -0.2021871 -0.0969082 -0.9745405
vn -0.0008222 -0.7880516 -0.6156087
vn 0.0719010 -0.9922249 -0.1015876
vn -0.1393402 0.9902446 0.0000000
vn -0.5132520 -0.8582379 -0.0000000
s 1
f 3516/3516/3516 3517/3517/3517 3526/3526/3526
f 3516/3516/3516 3526/3526/3526 3525/3525/3525
f 3517/3517/3517 3518/3518/3518 3527/3527/3527
f 3517/3517/3517 3527/3527/3527 3526/3526/3526
f 3518/3518/3518 3519/3519/3519 3528/3528/3528
f 3518/3518/3518 3528/3528/3528 3527/3527/3527
f 3519/3519/3519 3520/3520/3520 3529/3529/3529
f 3519/3519/3519 3529/3529/3529 3528/3528/3528
f 3520/3520/3520 3521/3521/3521 3530/3530/3530
f 3520/3520/3520 3530/3530/3530 3529/3529/3529
f 3521/3521/3521 3522/3522/3522 3531/3531/3531
f 3521/3521/3521 3531/3531/3531 3530/3530/3530
f 3522/3522/3522 3523/3523/3523 3532/3532/3532
f 3522/3522/3522 3532/3532/3532 3531/3531/3531
f 3523/3523/3523 3524/3524/3524 3533/3533/3533
f 3523/3523/3523 3533/3533/3533 3532/3532/3532
f 3525/3525/3525 3526/3526/3526 3535/3535/3535
f 3525/3525/3525 3535/3535/3535 3534/3534/3534
f 3526/3526/3526 3527/3527/3527 3536/3536/3536
f 3526/3526/3526 3536/3536/3536 3535/3535/3535
f 3527/3527/3527 3528/3528/3528 3537/3537/3537
f 3527/3527/3527 3537/3537/3537 3536/3536/3536
f 3528/3528/3528 3529/3529/3529 3538/3538/3538
f 3528/3528/3528 3538/3538/3538 3537/3537/3537
f 3529/3529/3529 3530/3530/3530 3539/3539/3539
f 3529/3529/3529 3539/3539/3539 3538/3538/3538
f 3530/3530/3530 3531/3531/3531 3540/3540/3540
f 3530/3530/3530 3540/3540/3540 3539/3539/3539
f 3531/3531/3531 3532/3532/3532 3541/3541/3541
f 3531/3531/3531 3541/3541/3541 3540/3540/3540
f 3532/3532/3532 3533/3533/3533 3542/3542/3542
f 3532/3532/3532 3542/3542/3542 3541/3541/3541
f 3534/3534/3534 3535/3535/3535 3544/3544/3544
f 3534/3534/3534 3544/3544/3544 3543/3543/3543
f 3535/3535/3535 3536/3536/3536 3545/3545/3545
f 3535/3535/3535 3545/3545/3545 3544/3544/3544
f 3536/3536/3536 3537/3537/3537 3546/3546/3546
f 3536/3536/3536 3546/3546/3546 3545/3545/3545
f 3537/3537/3537 3538/3538/3538 3547/3547/3547
f 3537/3537/3537 3547/3547/3547 3546/3546/3546
f 3538/3538/3538 3539/3539/3539 3548/3548/3548
f 3538/3538/3538 3548/3548/3548 3547/3547/3547
f 3539/3539/3539 3540/3540/3540 3549/3549/3549
f 3539/3539/3539 3549/3549/3549 3548/3548/3548
f 3540/3540/3540 3541/3541/3541 3550/3550/3550
f 3540/3540/3540 3550/3550/3550 3549/3549/3549
f 3541/3541/3541 3542/3542/3542 3551/3551/3551
f 3541/3541/3541 3551/3551/3551 3550/3550/3550
f 3543/3543/3543 3544/3544/3544 3553/3553/3553
f 3543/3543/3543 3553/3553/3553 3552/3552/3552
f 3544/3544/3544 3545/3545/3545 3554/3554/3554
f 3544/3544/3544 3554/3554/3554 3553/3553/3553
f 3545/3545/3545 3546/3546/3546 3555/3555/3555
f 3545/3545/3545 3555/3555/3555 3554/3554/3554
f 3546/3546/3546 3547/3547/3547 3556/3556/3556
f 3546/3546/3546 3556/3556/3556 3555/3555/3555
f 3547/3547/3547 3548/3548/3548 3557/3557/3557
f 3547/3547/3547 3557/3557/3557 3556/3556/3556
f 3548/3548/3548 3549/3549/3549 3558/3558/3558
f 3548/3548/3548 3558/3558/3558 3557/3557/3557
f 3549/3549/3549 3550/3550/3550 3559/3559/3559
f 3549/3549/3549 3559/3559/3559 3558/3558/3558
f 3550/3550/3550 3551/3551/3551 3560/3560/3560
f 3550/3550/3550 3560/3560/3560 3559/3559/3559
f 3561/3561/3561 3517/3517/3517 3516/3516/3516
f 3561/3561/3561 3518/3518/3518 3517/3517/3517
f 3561/3561/3561 3519/3519/3519 3518/3518/3518
f 3561/3561/3561 3520/3520/3520 3519/3519/3519
f 3561/3561/3561 3521/3521/3521 3520/3520/3520
f 3561/3561/3561 3522/3522/3522 3521/3521/3521
f 3561/3561/3561 3523/3523/3523 3522/3522/3522
f 3561/3561/3561 3524/3524/3524 3523/3523/3523
f 3562/3562/3562 3552/3552/3552 3553/3553/3553
f 3562/3562/3562 3553/3553/3553 3554/3554/3554
f 3562/3562/3562 3554/3554/3554 3555/3555/3555
f 3562/3562/3562 3555/3555/3555 3556/3556/3556
f 3562/3562/3562 3556/3556/3556 3557/3557/3557
f 3562/3562/3562 3557/3557/3557 3558/3558/3558
f 3562/3562/3562 3558/3558/3558 3559/3559/3559
f 3562/3562/3562 3559/3559/3559 3560/3560/3560
o Finger_1_3
v 6.579244 49.217875 -12.293525
v 6.312771 49.180379 -11.944940
v 5.669447 49.089855 -11.800552
v 5.026123 48.999331 -11.944940
v 4.759650 48.961835 -12.293525
v 5.026123 48.999331 -12.642110
v 5.669447 49.089855 -12.786498
v 6.312771 49.180379 -12.642110
v 6.579244 49.217875 -12.293525
v 7.494097 48.388447 -12.293525
v 7.243346 48.358456 -11.972173
v 6.637980 48.286051 -11.839065
v 6.032615 48.213645 -11.972173
v 5.781864 48.183654 -12.293525
v 6.032615 48.213645 -12.614877
v 6.637980 48.286051 -12.747985
v 7.243346 48.358456 -12.614877
v 7.494097 48.388447 -12.293525
v 8.178409 47.408696 -12.293525
v 7.947866 47.408696 -12.014657
v 7.391284 47.408696 -11.899146
v 6.834702 47.408696 -12.014657
v 6.604159 47.408696 -12.293525
v 6.834702 47.408696 -12.572393
v 7.391284 47.408696 -12.687904
v 7.947866 47.408696 -12.572393
v 8.178409 47.408696 -12.293525
v 7.064113 46.863797 -12.293525
v 6.939302 46.906449 -12.080017
v 6.637980 47.009420 -11.991579
v 6.336659 47.112391 -12.080017
v 6.211847 47.155043 -12.293525
v 6.336659 47.112391 -12.507033
v 6.637980 47.009420 -12.595471
v 6.939302 46.906449 -12.507033
v 7.064113 46.863797 -12.293525
v 5.889117 46.688921 -12.293525
v 5.824777 46.727398 -12.136662
v 5.669447 46.820290 -12.071687
v 5.514117 46.913182 -12.136662
v 5.449778 46.951659 -12.293525
v 5.514117 46.913182 -12.450388
v 5.669447 46.820290 -12.515363
v 5.824777 46.727398 -12.450388
v 5.889117 46.688921 -12.293525
v 5.669447 49.089855 -12.293525
v 5.669447 46.820290 -12.293525
vt 0.0078125 0.9921875
vt 0.0078125 0.9160156
vt 0.0078125 0.8398438
vt 0.0078125 0.7636719
vt 0.0078125 0.6875000
vt 0.0078125 0.6113281
vt 0.0078125 0.5351562
vt 0.0078125 0.4589844
vt 0.0078125 0.3828125
vt 0.2539062 0.9921875
vt 0.2539062 0.9160156
vt 0.2539062 0.8398438
vt 0.2539062 0.7636719
vt 0.2539062 0.6875000
vt 0.2539062 0.6113281
vt 0.2539062 0.5351562
vt 0.2539062 0.4589844
vt 0.2539062 0.3828125
vt 0.5000000 0.9921875
vt 0.5000000 0.9160156
vt 0.5000000 0.8398438
vt 0.5000000 0.7636719
vt 0.5000000 0.6875000
vt 0.5000000 0.6113281
vt 0.5000000 0.5351562
vt 0.5000000 0.4589844
vt 0.5000000 0.3828125
vt 0.7460938 0.9921875
vt 0.7460938 0.9160156
vt 0.7460938 0.8398438
vt 0.7460938 0.7636719
vt 0.7460938 0.6875000
vt 0.7460938 0.6113281
vt 0.7460938 0.5351562
vt 0.7460938 0.4589844
vt 0.7460938 0.3828125
vt 0.9921875 0.9921875
vt 0.9921875 0.9160156
vt 0.9921875 0.8398438
vt 0.9921875 0.7636719
vt 0.9921875 0.6875000
vt 0.9921875 0.6113281
vt 0.9921875 0.5351562
vt 0.9921875 0.4589844
vt 0.9921875 0.3828125
vt 0.0078125 0.6875000
vt 0.9921875 0.6875000
vn 0.4302816 0.8927610 0.1335497
vn 0.2265588 0.6196339 0.7514818
vn -0.1015691 0.2385684 0.9657996
vn -0.5525313 -0.1643918 0.8171197
vn -0.8838506 -0.4088296 -0.2273027
vn -0.3809975 -0.0256741 -0.9242195
vn 0.0152749 0.3633272 -0.9315364
vn 0.3171194 0.7372434 -0.5965798
vn 0.4302816 0.8927610 0.1335497
vn 0.7458079 0.6659877 -0.0151985
vn 0.4136196 0.3631055 0.8349091
vn 0.0126752 -0.0354888 0.9992897
vn -0.3658772 -0.4468417 0.8163739
vn -0.6436778 -0.7648383 0.0264815
vn -0.3793144 -0.4734325 -0.7949731
vn 0.0038060 -0.0656891 -0.9978329
vn 0.4072613 0.3343418 -0.8499140
vn 0.7458079 0.6659877 -0.0151985
vn 0.9743456 -0.1912460 -0.1186408
vn 0.4936437 -0.0428969 0.8686056
vn 0.0440697 -0.0353069 0.9984044
vn -0.3670504 -0.1573966 0.9167880
vn -0.8966429 -0.4098154 0.1675794
vn -0.4736777 -0.2798921 -0.8350388
vn -0.0293679 -0.1818942 -0.9828794
vn 0.3952704 -0.1848270 -0.8997779
vn 0.9743456 -0.1912460 -0.1186408
vn 0.3096089 -0.9500158 -0.0401536
vn 0.2439850 -0.7637401 0.5976391
vn 0.0038300 -0.1900778 0.9817616
vn -0.2817912 0.5762658 0.7671450
vn -0.3865565 0.9217901 0.0296171
vn -0.3171353 0.6231321 -0.7149347
vn -0.0621010 -0.1607135 -0.9850455
vn 0.1911523 -0.7425481 -0.6419370
vn 0.3096089 -0.9500158 -0.0401536
vn 0.0719010 -0.9922249 -0.1015876
vn 0.0447410 -0.9128121 0.4059215
vn -0.1001180 -0.4549002 0.8848967
vn -0.3200510 0.4417606 0.8381020
vn -0.3996537 0.9026386 0.1597515
vn -0.3748669 0.7257358 -0.5768730
vn -0.2021871 -0.0969082 -0.9745405
vn -0.0008222 -0.7880516 -0.6156087
vn 0.0719010 -0.9922249 -0.1015876
vn -0.1393402 0.9902446 0.0000000
vn -0.5132520 -0.8582379 -0.0000000
s 1
f 3563/3563/3563 3564/3564/3564 3573/3573/3573
f 3563/3563/3563 3573/3573/3573 3572/3572/3572
f 3564/3564/3564 3565/3565/3565 3574/3574/3574
f 3564/3564/3564 3574/3574/3574 3573/3573/3573
f 3565/3565/3565 3566/3566/3566 3575/3575/3575
f 3565/3565/3565 3575/3575/3575 3574/3574/3574
f 3566/3566/3566 3567/3567/3567 3576/3576/3576
f 3566/3566/3566 3576/3576/3576 3575/3575/3575
f 3567/3567/3567 3568/3568/3568 3577/3577/3577
f 3567/3567/3567 3577/3577/3577 3576/3576/3576
f 3568/3568/3568 3569/3569/3569 3578/3578/3578
f 3568/3568/3568 3578/3578/3578 3577/3577/3577
f 3569/3569/3569 3570/3570/3570 3579/3579/3579
f 3569/3569/3569 3579/3579/3579 3578/3578/3578
f 3570/3570/3570 3571/3571/3571 3580/3580/3580
f 3570/3570/3570 3580/3580/3580 3579/3579/3579
f 3572/3572/3572 3573/3573/3573 3582/3582/3582
f 3572/3572/3572 3582/3582/3582 3581/3581/3581
f 3573/3573/3573 3574/3574/3574 3583/3583/3583
f 3573/3573/3573 3583/3583/3583 3582/3582/3582
f 3574/3574/3574 3575/3575/3575 3584/3584/3584
f 3574/3574/3574 3584/3584/3584 3583/3583/3583
f 3575/3575/3575 3576/3576/3576 3585/3585/3585
f 3575/3575/3575 3585/3585/3585 3584/3584/3584
f 3576/3576/3576 3577/3577/3577 3586/3586/3586
f 3576/3576/3576 3586/3586/3586 3585/3585/3585
f 3577/3577/3577 3578/3578/3578 3587/3587/3587
f 3577/3577/3577 3587/3587/3587 3586/3586/3586
f 3578/3578/3578 3579/3579/3579 3588/3588/3588
f 3578/3578/3578 3588/3588/3588 3587/3587/3587
f 3579/3579/3579 3580/3580/3580 3589/3589/3589
f 3579/3579/3579 3589/3589/3589 3588/3588/3588
f 3581/3581/3581 3582/3582/3582 3591/3591/3591
f 3581/3581/3581 3591/3591/3591 3590/3590/3590
f 3582/3582/3582 3583/3583/3583 3592/3592/3592
f 3582/3582/3582 3592/3592/3592 3591/3591/3591
f 3583/3583/3583 3584/3584/3584 3593/3593/3593
f 3583/3583/3583 3593/3593/3593 3592/3592/3592
f 3584/3584/3584 3585/3585/3585 3594/3594/3594
f 3584/3584/3584 3594/3594/3594 3593/3593/3593
f 3585/3585/3585 3586/3586/3586 3595/3595/3595
f 3585/3585/3585 3595/3595/3595 3594/3594/3594
f 3586/3586/3586 3587/3587/3587 3596/3596/3596
f 3586/3586/3586 3596/3596/3596 3595/3595/3595
f 3587/3587/3587 3588/3588/3588 3597/3597/3597
f 3587/3587/3587 3597/3597/3597 3596/3596/3596
f 3588/3588/3588 3589/3589/3589 3598/3598/3598
f 3588/3588/3588 3598/3598/3598 3597/3597/3597
f 3590/3590/3590 3591/3591/3591 3600/3600/3600
f 3590/3590/3590 3600/3600/3600 3599/3599/3599
f 3591/3591/3591 3592/3592/3592 3601/3601/3601
f 3591/3591/3591 3601/3601/3601 3600/3600/3600
f 3592/3592/3592 3593/3593/3593 3602/3602/3602
f 3592/3592/3592 3602/3602/3602 3601/3601/3601
f 3593/3593/3593 3594/3594/3594 3603/3603/3603
f 3593/3593/3593 3603/3603/3603 3602/3602/3602
f 3594/3594/3594 3595/3595/3595 3604/3604/3604
f 3594/3594/3594 3604/3604/3604 3603/3603/3603
f 3595/3595/3595 3596/3596/3596 3605/3605/3605
f 3595/3595/3595 3605/3605/3605 3604/3604/3604
f 3596/3596/3596 3597/3597/3597 3606/3606/3606
f 3596/3596/3596 3606/3606/3606 3605/3605/3605
f 3597/3597/3597 3598/3598/3598 3607/3607/3607
f 3597/3597/3597 3607/3607/3607 3606/3606/3606
f 3608/3608/3608 3564/3564/3564 3563/3563/3563
f 3608/3608/3608 3565/3565/3565 3564/3564/3564
f 3608/3608/3608 3566/3566/3566 3565/3565/3565
f 3608/3608/3608 3567/3567/3567 3566/3566/3566
f 3608/3608/3608 3568/3568/3568 3567/3567/3567
f 3608/3608/3608 3569/3569/3569 3568/3568/3568
f 3608/3608/3608 3570/3570/3570 3569/3569/3569
f 3608/3608/3608 3571/3571/3571 3570/3570/3570
f 3609/3609/3609 3599/3599/3599 3600/3600/3600
f 3609/3609/3609 3600/3600/3600 3601/3601/3601
f 3609/3609/3609 3601/3601/3601 3602/3602/3602
f 3609/3609/3609 3602/3602/3602 3603/3603/3603
f 3609/3609/3609 3603/3603/3603 3604/3604/3604
f 3609/3609/3609 3604/3604/3604 3605/3605/3605
f 3609/3609/3609 3605/3605/3605 3606/3606/3606
f 3609/3609/3609 3606/3606/3606 3607/3607/3607
o Thumb_1
v 5.243864 49.342029 -11.664811
v 4.791568 49.040682 -11.815084
v 4.421252 48.915859 -12.263670
v 4.349842 49.040682 -12.747794
v 4.619170 49.342029 -12.983861
v 5.071466 49.643376 -12.833588
v 5.441782 49.768199 -12.385001
v 5.513192 49.643376 -11.900878
v 5.243864 49.342029 -11.664811
v 6.925028 49.089814 -11.946412
v 6.524665 48.822458 -12.078922
v 6.253720 48.702507 -12.481533
v 6.270909 48.800227 -12.918399
v 6.566162 49.058374 -13.133611
v 6.966525 49.325730 -13.001101
v 7.237470 49.445681 -12.598491
v 7.220282 49.347962 -12.161624
v 6.925028 49.089814 -11.946412
v 8.354344 48.874593 -12.130717
v 8.001232 48.654940 -12.216408
v 8.011270 48.493095 -12.509710
v 8.378578 48.483863 -12.838811
v 8.887992 48.632653 -13.010928
v 9.241103 48.852306 -12.925237
v 9.231065 49.014152 -12.631935
v 8.863757 49.023383 -12.302834
v 8.354344 48.874593 -12.130717
v 8.756688 48.697297 -11.701853
v 8.419031 48.555656 -11.760185
v 8.478957 48.385339 -11.869237
v 8.901362 48.286116 -11.965126
v 9.438807 48.316109 -11.991683
v 9.776464 48.457750 -11.933351
v 9.716538 48.628066 -11.824299
v 9.294133 48.727290 -11.728409
v 8.756688 48.697297 -11.701853
v 8.875787 48.472640 -11.021912
v 8.640614 48.377163 -11.067847
v 8.682229 48.256012 -11.127874
v 8.976255 48.180154 -11.166829
v 9.350455 48.194027 -11.161893
v 9.585628 48.289504 -11.115957
v 9.544013 48.410655 -11.055931
v 9.249987 48.486512 -11.016976
v 8.875787 48.472640 -11.021912
v 4.931517 49.342029 -12.324336
v 9.113121 48.333333 -11.091902
vt 0.0078125 0.9921875
vt 0.0078125 0.9160156
vt 0.0078125 0.8398438
vt 0.0078125 0.7636719
vt 0.0078125 0.6875000
vt 0.0078125 0.6113281
vt 0.0078125 0.5351562
vt 0.0078125 0.4589844
vt 0.0078125 0.3828125
vt 0.2539062 0.9921875
vt 0.2539062 0.9160156
vt 0.2539062 0.8398438
vt 0.2539062 0.7636719
vt 0.2539062 0.6875000
vt 0.2539062 0.6113281
vt 0.2539062 0.5351562
vt 0.2539062 0.4589844
vt 0.2539062 0.3828125
vt 0.5000000 0.9921875
vt 0.5000000 0.9160156
vt 0.5000000 0.8398438
vt 0.5000000 0.7636719
vt 0.5000000 0.6875000
vt 0.5000000 0.6113281
vt 0.5000000 0.5351562
vt 0.5000000 0.4589844
vt 0.5000000 0.3828125
vt 0.7460938 0.9921875
vt 0.7460938 0.9160156
vt 0.7460938 0.8398438
vt 0.7460938 0.7636719
vt 0.7460938 0.6875000
vt 0.7460938 0.6113281
vt 0.7460938 0.5351562
vt 0.7460938 0.4589844
vt 0.7460938 0.3828125
vt 0.9921875 0.9921875
vt 0.9921875 0.9160156
vt 0.9921875 0.8398438
vt 0.9921875 0.7636719
vt 0.9921875 0.6875000
vt 0.9921875 0.6113281
vt 0.9921875 0.5351562
vt 0.9921875 0.4589844
vt 0.9921875 0.3828125
vt 0.0078125 0.6875000
vt 0.9921875 0.6875000
vn -0.0846162 0.0557889 0.9948506
vn -0.2231436 -0.7269096 0.6494685
vn -0.3180490 -0.9472243 0.0401364
vn -0.3892759 -0.6400883 -0.6623830
vn -0.2520428 0.3730539 -0.8929195
vn -0.0617999 0.9057301 -0.4193253
vn 0.0191487 0.9972178 0.0720417
vn 0.0217120 0.7972116 0.6033094
vn -0.0846162 0.0557889 0.9948506
vn 0.1505972 0.0305589 0.9881228
vn -0.0162171 -0.7676879 0.6406186
vn -0.1100349 -0.9905300 0.0821139
vn -0.1246403 -0.8502912 -0.5113411
vn -0.0302808 -0.1402713 -0.9896500
vn 0.1109298 0.7090836 -0.6963441
vn 0.1798449 0.9774542 -0.1106309
vn 0.2134120 0.8315238 0.5128581
vn 0.1505972 0.0305589 0.9881228
vn -0.0111634 0.4462238 0.8948518
vn -0.1906693 -0.5677525 0.8008135
vn -0.1672122 -0.9720679 0.1646939
vn -0.0534048 -0.9458106 -0.3202972
vn 0.1440770 -0.6140515 -0.7760042
vn 0.3782614 0.3983358 -0.8356117
vn 0.2910393 0.9469312 -0.1364459
vn 0.1545020 0.9003972 0.4067112
vn -0.0111634 0.4462238 0.8948518
vn -0.1869045 0.8827716 0.4310232
vn -0.7555333 0.3530532 0.5518358
vn -0.4483305 -0.8901006 0.0819803
vn -0.0756706 -0.9876774 -0.1369941
vn 0.2064381 -0.9413766 -0.2668209
vn 0.7589940 -0.5498837 -0.3486489
vn 0.5901007 0.7965165 0.1316916
vn 0.1306532 0.9336290 0.3335666
vn -0.1869045 0.8827716 0.4310232
vn -0.1196188 0.8775082 0.4644037
vn -0.5710713 0.5725209 0.5883004
vn -0.5831256 -0.7678385 0.2653082
vn -0.1483082 -0.9888806 0.0109435
vn 0.1182857 -0.9928939 -0.0130456
vn 0.5195883 -0.8415790 0.1475562
vn 0.7005290 0.4534427 0.5510434
vn 0.1794336 0.8702138 0.4588371
vn -0.1196188 0.8775082 0.4644037
vn -0.5950828 0.7526284 0.2818278
vn 0.0045843 -0.4426917 0.8966622
s 1
f 3610/3610/3610 3611/3611/3611 3620/3620/3620
f 3610/3610/3610 3620/3620/3620 3619/3619/3619
f 3611/3611/3611 3612/3612/3612 3621/3621/3621
f 3611/3611/3611 3621/3621/3621 3620/3620/3620
f 3612/3612/3612 3613/3613/3613 3622/3622/3622
f 3612/3612/3612 3622/3622/3622 3621/3621/3621
f 3613/3613/3613 3614/3614/3614 3623/3623/3623
f 3613/3613/3613 3623/3623/3623 3622/3622/3622
f 3614/3614/3614 3615/3615/3615 3624/3624/3624
f 3614/3614/3614 3624/3624/3624 3623/3623/3623
f 3615/3615/3615 3616/3616/3616 3625/3625/3625
f 3615/3615/3615 3625/3625/3625 3624/3624/3624
f 3616/3616/3616 3617/3617/3617 3626/3626/3626
f 3616/3616/3616 3626/3626/3626 3625/3625/3625
f 3617/3617/3617 3618/3618/3618 3627/3627/3627
f 3617/3617/3617 3627/3627/3627 3626/3626/3626
f 3619/3619/3619 3620/3620/3620 3629/3629/3629
f 3619/3619/3619 3629/3629/3629 3628/3628/3628
f 3620/3620/3620 3621/3621/3621 3630/3630/3630
f 3620/3620/3620 3630/3630/3630 3629/3629/3629
f 3621/3621/3621 3622/3622/3622 3631/3631/3631
f 3621/3621/3621 3631/3631/3631 3630/3630/3630
f 3622/3622/3622 3623/3623/3623 3632/3632/3632
f 3622/3622/3622 3632/3632/3632 3631/3631/3631
f 3623/3623/3623 3624/3624/3624 3633/3633/3633
f 3623/3623/3623 3633/3633/3633 3632/3632/3632
f 3624/3624/3624 3625/3625/3625 3634/3634/3634
f 3624/3624/3624 3634/3634/3634 3633/3633/3633
f 3625/3625/3625 3626/3626/3626 3635/3635/3635
f 3625/3625/3625 3635/3635/3635 3634/3634/3634
f 3626/3626/3626 3627/3627/3627 3636/3636/3636
f 3626/3626/3626 3636/3636/3636 3635/3635/3635
f 3628/3628/3628 3629/3629/3629 3638/3638/3638
f 3628/3628/3628 3638/3638/3638 3637/3637/3637
f 3629/3629/3629 3630/3630/3630 3639/3639/3639
f 3629/3629/3629 3639/3639/3639 3638/3638/3638
f 3630/3630/3630 3631/3631/3631 3640/3640/3640
f 3630/3630/3630 3640/3640/3640 3639/3639/3639
f 3631/3631/3631 3632/3632/3632 3641/3641/3641
f 3631/3631/3631 3641/3641/3641 3640/3640/3640
f 3632/3632/3632 3633/3633/3633 3642/3642/3642
f 3632/3632/3632 3642/3642/3642 3641/3641/3641
f 3633/3633/3633 3634/3634/3634 3643/3643/3643
f 3633/3633/3633 3643/3643/3643 3642/3642/3642
f 3634/3634/3634 3635/3635/3635 3644/3644/3644
f 3634/3634/3634 3644/3644/3644 3643/3643/3643
f 3635/3635/3635 3636/3636/3636 3645/3645/3645
f 3635/3635/3635 3645/3645/3645 3644/3644/3644
f 3637/3637/3637 3638/3638/3638 3647/3647/3647
f 3637/3637/3637 3647/3647/3647 3646/3646/3646
f 3638/3638/3638 3639/3639/3639 3648/3648/3648
f 3638/3638/3638 3648/3648/3648 3647/3647/3647
f 3639/3639/3639 3640/3640/3640 3649/3649/3649
f 3639/3639/3639 3649/3649/3649 3648/3648/3648
f 3640/3640/3640 3641/3641/3641 3650/3650/3650
f 3640/3640/3640 3650/3650/3650 3649/3649/3649
f 3641/3641/3641 3642/3642/3642 3651/3651/3651
f 3641/3641/3641 3651/3651/3651 3650/3650/3650
f 3642/3642/3642 3643/3643/3643 3652/3652/3652
f 3642/3642/3642 3652/3652/3652 3651/3651/3651
f 3643/3643/3643 3644/3644/3644 3653/3653/3653
f 3643/3643/3643 3653/3653/3653 3652/3652/3652
f 3644/3644/3644 3645/3645/3645 3654/3654/3654
f 3644/3644/3644 3654/3654/3654 3653/3653/3653
f 3655/3655/3655 3611/3611/3611 3610/3610/3610
f 3655/3655/3655 3612/3612/3612 3611/3611/3611
f 3655/3655/3655 3613/3613/3613 3612/3612/3612
f 3655/3655/3655 3614/3614/3614 3613/3613/3613
f 3655/3655/3655 3615/3615/3615 3614/3614/3614
f 3655/3655/3655 3616/3616/3616 3615/3615/3615
f 3655/3655/3655 3617/3617/3617 3616/3616/3616
f 3655/3655/3655 3618/3618/3618 3617/3617/3617
f 3656/3656/3656 3646/3646/3646 3647/3647/3647
f 3656/3656/3656 3647/3647/3647 3648/3648/3648
f 3656/3656/3656 3648/3648/3648 3649/3649/3649
f 3656/3656/3656 3649/3649/3649 3650/3650/3650
f 3656/3656/3656 3650/3650/3650 3651/3651/3651
f 3656/3656/3656 3651/3651/3651 3652/3652/3652
f 3656/3656/3656 3652/3652/3652 3653/3653/3653
f 3656/3656/3656 3653/3653/3653 3654/3654/3654
o Aloft_crystal
v 4.931517 47.913043 -0.000000
v 10.149471 49.390244 -0.000000
v 7.540494 49.390244 -2.264125
v 2.322540 49.390244 -2.264125
v -0.286437 49.390244 -0.000000
v 2.322540 49.390244 2.264125
v 7.540494 49.390244 2.264125
v 10.149471 49.390244 0.000000
v 12.310818 52.956522 -0.000000
v 8.621168 52.956522 -3.201956
v 1.241866 52.956522 -3.201956
v -2.447784 52.956522 -0.000000
v 1.241866 52.956522 3.201956
v 8.621168 52.956522 3.201956
v 12.310818 52.956522 0.000000
v 10.149471 56.522799 -0.000000
v 7.540494 56.522799 -2.264125
v 2.322540 56.522799 -2.264125
v -0.286437 56.522799 -0.000000
v 2.322540 56.522799 2.264125
v 7.540494 56.522799 2.264125
v 10.149471 56.522799 0.000000
v 4.931517 58.000000 -0.000000
vt 0.9042969 0.0910937
vt 0.8304687 0.1215234
vt 0.8550781 0.1215234
vt 0.8796875 0.1215234
vt 0.9042969 0.1215234
vt 0.9289063 0.1215234
vt 0.9535156 0.1215234
vt 0.9781250 0.1215234
vt 0.8304687 0.0878906
vt 0.8550781 0.0878906
vt 0.8796875 0.0878906
vt 0.9042969 0.0878906
vt 0.9289063 0.0878906
vt 0.9535156 0.0878906
vt 0.9781250 0.0878906
vt 0.8304687 0.0542578
vt 0.8550781 0.0542578
vt 0.8796875 0.0542578
vt 0.9042969 0.0542578
vt 0.9289063 0.0542578
vt 0.9535156 0.0542578
vt 0.9781250 0.0542578
vt 0.9042969 0.0910937
vn -0.0000000 -1.0000000 -0.0000000
vn 0.6282099 -0.7396808 -0.2412978
vn 0.1463753 -0.5170453 -0.8433496
vn -0.3256341 -0.5751230 -0.7504638
vn -0.6282099 -0.7396808 0.2412978
vn -0.1463753 -0.5170453 0.8433496
vn 0.3256341 -0.5751230 0.7504638
vn 0.6282099 -0.7396808 -0.2412978
vn 1.0000000 -0.0000000 -0.0000000
vn 0.2778808 -0.0000000 -0.9606156
vn -0.2778808 -0.0000000 -0.9606156
vn -1.0000000 0.0000000 -0.0000000
vn -0.2778808 0.0000000 0.9606156
vn 0.2778808 -0.0000000 0.9606156
vn 1.0000000 -0.0000000 -0.0000000
vn 0.6282099 0.7396808 0.2412978
vn 0.3256341 0.5751230 -0.7504638
vn -0.1463753 0.5170453 -0.8433496
vn -0.6282099 0.7396808 -0.2412978
vn -0.3256341 0.5751230 0.7504638
vn 0.1463753 0.5170453 0.8433496
vn 0.6282099 0.7396808 0.2412978
vn -0.0000000 1.0000000 -0.0000000
s 1
f 3657/3657/3657 3659/3659/3659 3658/3658/3658
f 3657/3657/3657 3660/3660/3660 3659/3659/3659
f 3657/3657/3657 3661/3661/3661 3660/3660/3660
f 3657/3657/3657 3662/3662/3662 3661/3661/3661
f 3657/3657/3657 3663/3663/3663 3662/3662/3662
f 3657/3657/3657 3664/3664/3664 3663/3663/3663
f 3658/3658/3658 3659/3659/3659 3666/3666/3666
f 3658/3658/3658 3666/3666/3666 3665/3665/3665
f 3659/3659/3659 3660/3660/3660 3667/3667/3667
f 3659/3659/3659 3667/3667/3667 3666/3666/3666
f 3660/3660/3660 3661/3661/3661 3668/3668/3668
f 3660/3660/3660 3668/3668/3668 3667/3667/3667
f 3661/3661/3661 3662/3662/3662 3669/3669/3669
f 3661/3661/3661 3669/3669/3669 3668/3668/3668
f 3662/3662/3662 3663/3663/3663 3670/3670/3670
f 3662/3662/3662 3670/3670/3670 3669/3669/3669
f 3663/3663/3663 3664/3664/3664 3671/3671/3671
f 3663/3663/3663 3671/3671/3671 3670/3670/3670
f 3665/3665/3665 3666/3666/3666 3673/3673/3673
f 3665/3665/3665 3673/3673/3673 3672/3672/3672
f 3666/3666/3666 3667/3667/3667 3674/3674/3674
f 3666/3666/3666 3674/3674/3674 3673/3673/3673
f 3667/3667/3667 3668/3668/3668 3675/3675/3675
f 3667/3667/3667 3675/3675/3675 3674/3674/3674
f 3668/3668/3668 3669/3669/3669 3676/3676/3676
f 3668/3668/3668 3676/3676/3676 3675/3675/3675
f 3669/3669/3669 3670/3670/3670 3677/3677/3677
f 3669/3669/3669 3677/3677/3677 3676/3676/3676
f 3670/3670/3670 3671/3671/3671 3678/3678/3678
f 3670/3670/3670 3678/3678/3678 3677/3677/3677
f 3672/3672/3672 3673/3673/3673 3679/3679/3679
f 3673/3673/3673 3674/3674/3674 3679/3679/3679
f 3674/3674/3674 3675/3675/3675 3679/3679/3679
f 3675/3675/3675 3676/3676/3676 3679/3679/3679
f 3676/3676/3676 3677/3677/3677 3679/3679/3679
f 3677/3677/3677 3678/3678/3678 3679/3679/3679
o Crystal_cradle
v 7.145307 48.753623 11.091902
v 6.722511 48.313420 10.999700
v 5.615616 48.041360 10.942717
v 4.247418 48.041360 10.942717
v 3.140523 48.313420 10.999700
v 2.717727 48.753623 11.091902
v 3.140523 49.193826 11.184104
v 4.247418 49.465887 11.241088
v 5.615616 49.465887 11.241088
v 6.722511 49.193826 11.184104
v 7.145307 48.753623 11.091902
v 7.145307 49.033816 8.216224
v 6.722511 48.593274 8.127570
v 5.615616 48.321004 8.072778
v 4.247418 48.321004 8.072778
v 3.140523 48.593274 8.127570
v 2.717727 49.033816 8.216224
v 3.140523 49.474358 8.304878
v 4.247418 49.746628 8.359670
v 5.615616 49.746628 8.359670
v 6.722511 49.474358 8.304878
v 7.145307 49.033816 8.216224
v 7.145307 49.407407 4.108112
v 6.722511 48.964942 4.043239
v 5.615616 48.691483 4.003145
v 4.247418 48.691483 4.003145
v 3.140523 48.964942 4.043239
v 2.717727 49.407407 4.108112
v 3.140523 49.849873 4.172985
v 4.247418 50.123332 4.213079
v 5.615616 50.123332 4.213079
v 6.722511 49.849873 4.172985
v 7.145307 49.407407 4.108112
v 7.145307 49.594203 -0.000000
v 6.722511 49.149531 -0.000000
v 5.615616 48.874708 -0.000000
v 4.247418 48.874708 -0.000000
v 3.140523 49.149531 -0.000000
v 2.717727 49.594203 -0.000000
v 3.140523 50.038875 -0.000000
v 4.247418 50.313698 -0.000000
v 5.615616 50.313698 -0.000000
v 6.722511 50.038875 -0.000000
v 7.145307 49.594203 -0.000000
v 7.145307 49.407407 -4.108112
v 6.722511 48.964942 -4.043239
v 5.615616 48.691483 -4.003145
v 4.247418 48.691483 -4.003145
v 3.140523 48.964942 -4.043239
v 2.717727 49.407407 -4.108112
v 3.140523 49.849873 -4.172985
v 4.247418 50.123332 -4.213079
v 5.615616 50.123332 -4.213079
v 6.722511 49.849873 -4.172985
v 7.145307 49.407407 -4.108112
v 7.145307 49.033816 -8.216224
v 6.722511 48.593274 -8.127570
v 5.615616 48.321004 -8.072778
v 4.247418 48.321004 -8.072778
v 3.140523 48.593274 -8.127570
v 2.717727 49.033816 -8.216224
v 3.140523 49.474358 -8.304878
v 4.247418 49.746628 -8.359670
v 5.615616 49.746628 -8.359670
v 6.722511 49.474358 -8.304878
v 7.145307 49.033816 -8.216224
v 7.145307 48.753623 -11.091902
v 6.722511 48.313420 -10.999700
v 5.615616 48.041360 -10.942717
v 4.247418 48.041360 -10.942717
v 3.140523 48.313420 -10.999700
v 2.717727 48.753623 -11.091902
v 3.140523 49.193826 -11.184104
v 4.247418 49.465887 -11.241088
v 5.615616 49.465887 -11.241088
v 6.722511 49.193826 -11.184104
v 7.145307 48.753623 -11.091902
v 4.931517 48.753623 11.091902
v 4.931517 48.753623 -11.091902
vt 0.0078125 0.9921875
vt 0.0078125 0.9312500
vt 0.0078125 0.8703125
vt 0.0078125 0.8093750
vt 0.0078125 0.7484375
vt 0.0078125 0.6875000
vt 0.0078125 0.6265625
vt 0.0078125 0.5656250
vt 0.0078125 0.5046875
vt 0.0078125 0.4437500
vt 0.0078125 0.3828125
vt 0.1718750 0.9921875
vt 0.1718750 0.9312500
vt 0.1718750 0.8703125
vt 0.1718750 0.8093750
vt 0.1718750 0.7484375
vt 0.1718750 0.6875000
vt 0.1718750 0.6265625
vt 0.1718750 0.5656250
vt 0.1718750 0.5046875
vt 0.1718750 0.4437500
vt 0.1718750 0.3828125
vt 0.3359375 0.9921875
vt 0.3359375 0.9312500
vt 0.3359375 0.8703125
vt 0.3359375 0.8093750
vt 0.3359375 0.7484375
vt 0.3359375 0.6875000
vt 0.3359375 0.6265625
vt 0.3359375 0.5656250
vt 0.3359375 0.5046875
vt 0.3359375 0.4437500
vt 0.3359375 0.3828125
vt 0.5000000 0.9921875
vt 0.5000000 0.9312500
vt 0.5000000 0.8703125
vt 0.5000000 0.8093750
vt 0.5000000 0.7484375
vt 0.5000000 0.6875000
vt 0.5000000 0.6265625
vt 0.5000000 0.5656250
vt 0.5000000 0.5046875
vt 0.5000000 0.4437500
vt 0.5000000 0.3828125
vt 0.6640625 0.9921875
vt 0.6640625 0.9312500
vt 0.6640625 0.8703125
vt 0.6640625 0.8093750
vt 0.6640625 0.7484375
vt 0.6640625 0.6875000
vt 0.6640625 0.6265625
vt 0.6640625 0.5656250
vt 0.6640625 0.5046875
vt 0.6640625 0.4437500
vt 0.6640625 0.3828125
vt 0.8281250 0.9921875
vt 0.8281250 0.9312500
vt 0.8281250 0.8703125
vt 0.8281250 0.8093750
vt 0.8281250 0.7484375
vt 0.8281250 0.6875000
vt 0.8281250 0.6265625
vt 0.8281250 0.5656250
vt 0.8281250 0.5046875
vt 0.8281250 0.4437500
vt 0.8281250 0.3828125
vt 0.9921875 0.9921875
vt 0.9921875 0.9312500
vt 0.9921875 0.8703125
vt 0.9921875 0.8093750
vt 0.9921875 0.7484375
vt 0.9921875 0.6875000
vt 0.9921875 0.6265625
vt 0.9921875 0.5656250
vt 0.9921875 0.5046875
vt 0.9921875 0.4437500
vt 0.9921875 0.3828125
vt 0.0078125 0.6875000
vt 0.9921875 0.6875000
vn 0.8455068 -0.3541680 0.3996038
vn 0.3365525 -0.9309943 0.1413578
vn 0.0692857 -0.9946955 0.0760292
vn -0.1469133 -0.9852903 0.0872892
vn -0.4798263 -0.8544633 0.1991460
vn -0.8677567 0.1811059 0.4628163
vn -0.3527766 0.8763570 0.3279438
vn -0.0719596 0.9594907 0.2723956
vn 0.1528234 0.9470669 0.2823284
vn 0.5053421 0.7782380 0.3727934
vn 0.8455068 -0.3541680 0.3996038
vn 0.9985239 -0.0541592 -0.0040958
vn 0.4139024 -0.9063919 -0.0844902
vn 0.1039937 -0.9902519 -0.0926629
vn -0.1179479 -0.9886812 -0.0927238
vn -0.4416447 -0.8932418 -0.0840774
vn -0.9983934 0.0564993 0.0042903
vn -0.4131707 0.9067325 0.0844164
vn -0.1036809 0.9902973 0.0925282
vn 0.1180761 0.9886769 0.0926066
vn 0.4414249 0.8933545 0.0840349
vn 0.9985239 -0.0541592 -0.0040958
vn 0.9999672 0.0034090 0.0073415
vn 0.4277173 -0.9020008 -0.0587572
vn 0.1112006 -0.9915217 -0.0672246
vn -0.1103302 -0.9915147 -0.0687445
vn -0.4266570 -0.9020942 -0.0647292
vn -0.9999697 0.0033977 -0.0070007
vn -0.4256723 0.9030010 0.0582427
vn -0.1103981 0.9916626 0.0664647
vn 0.1105859 0.9915303 0.0681054
vn 0.4259096 0.9024659 0.0644691
vn 0.9999672 0.0034090 0.0073415
vn 0.9998838 0.0050015 0.0144013
vn 0.4268425 -0.9043058 0.0060409
vn 0.1106200 -0.9938616 0.0015480
vn -0.1106200 -0.9938616 -0.0015480
vn -0.4268425 -0.9043058 -0.0060409
vn -0.9998838 0.0050015 -0.0144013
vn -0.4248074 0.9052623 -0.0062220
vn -0.1102248 0.9939053 -0.0016307
vn 0.1102248 0.9939053 0.0016307
vn 0.4248074 0.9052623 0.0062220
vn 0.9998838 0.0050015 0.0144013
vn 0.9999697 0.0033977 0.0070007
vn 0.4266570 -0.9020942 0.0647292
vn 0.1103302 -0.9915147 0.0687445
vn -0.1112006 -0.9915217 0.0672246
vn -0.4277173 -0.9020008 0.0587572
vn -0.9999672 0.0034090 -0.0073415
vn -0.4259096 0.9024659 -0.0644691
vn -0.1105859 0.9915303 -0.0681054
vn 0.1103981 0.9916626 -0.0664647
vn 0.4256723 0.9030010 -0.0582427
vn 0.9999697 0.0033977 0.0070007
vn 0.9983934 0.0564993 -0.0042903
vn 0.4416447 -0.8932418 0.0840774
vn 0.1179479 -0.9886812 0.0927238
vn -0.1039937 -0.9902519 0.0926629
vn -0.4139024 -0.9063919 0.0844902
vn -0.9985239 -0.0541592 0.0040958
vn -0.4414249 0.8933545 -0.0840349
vn -0.1180761 0.9886769 -0.0926066
vn 0.1036809 0.9902973 -0.0925282
vn 0.4131707 0.9067325 -0.0844164
vn 0.9983934 0.0564993 -0.0042903
vn 0.8677567 0.1811059 -0.4628163
vn 0.4798263 -0.8544633 -0.1991460
vn 0.1469133 -0.9852903 -0.0872892
vn -0.0692857 -0.9946955 -0.0760292
vn -0.3365525 -0.9309943 -0.1413578
vn -0.8455068 -0.3541680 -0.3996038
vn -0.5053421 0.7782380 -0.3727934
vn -0.1528234 0.9470669 -0.2823284
vn 0.0719596 0.9594907 -0.2723956
vn 0.3527766 0.8763570 -0.3279438
vn 0.8677567 0.1811059 -0.4628163
vn 0.0000000 -0.2050044 0.9787610
vn 0.0000000 -0.2050044 -0.9787610
s 1
f 3680/3680/3680 3681/3681/3681 3692/3692/3692
f 3680/3680/3680 3692/3692/3692 3691/3691/3691
f 3681/3681/3681 3682/3682/3682 3693/3693/3693
f 3681/3681/3681 3693/3693/3693 3692/3692/3692
f 3682/3682/3682 3683/3683/3683 3694/3694/3694
f 3682/3682/3682 3694/3694/3694 3693/3693/3693
f 3683/3683/3683 3684/3684/3684 3695/3695/3695
f 3683/3683/3683 3695/3695/3695 3694/3694/3694
f 3684/3684/3684 3685/3685/3685 3696/3696/3696
f 3684/3684/3684 3696/3696/3696 3695/3695/3695
f 3685/3685/3685 3686/3686/3686 3697/3697/3697
f 3685/3685/3685 3697/3697/3697 3696/3696/3696
f 3686/3686/3686 3687/3687/3687 3698/3698/3698
f 3686/3686/3686 3698/3698/3698 3697/3697/3697
f 3687/3687/3687 3688/3688/3688 3699/3699/3699
f 3687/3687/3687 3699/3699/3699 3698/3698/3698
f 3688/3688/3688 3689/3689/3689 3700/3700/3700
f 3688/3688/3688 3700/3700/3700 3699/3699/3699
f 3689/3689/3689 3690/3690/3690 3701/3701/3701
f 3689/3689/3689 3701/3701/3701 3700/3700/3700
f 3691/3691/3691 3692/3692/3692 3703/3703/3703
f 3691/3691/3691 3703/3703/3703 3702/3702/3702
f 3692/3692/3692 3693/3693/3693 3704/3704/3704
f 3692/3692/3692 3704/3704/3704 3703/3703/3703
f 3693/3693/3693 3694/3694/3694 3705/3705/3705
f 3693/3693/3693 3705/3705/3705 3704/3704/3704
f 3694/3694/3694 3695/3695/3695 3706/3706/3706
f 3694/3694/3694 3706/3706/3706 3705/3705/3705
f 3695/3695/3695 3696/3696/3696 3707/3707/3707
f 3695/3695/3695 3707/3707/3707 3706/3706/3706
f 3696/3696/3696 3697/3697/3697 3708/3708/3708
f 3696/3696/3696 3708/3708/3708 3707/3707/3707
f 3697/3697/3697 3698/3698/3698 3709/3709/3709
f 3697/3697/3697 3709/3709/3709 3708/3708/3708
f 3698/3698/3698 3699/3699/3699 3710/3710/3710
f 3698/3698/3698 3710/3710/3710 3709/3709/3709
f 3699/3699/3699 3700/3700/3700 3711/3711/3711
f 3699/3699/3699 3711/3711/3711 3710/3710/3710
f 3700/3700/3700 3701/3701/3701 3712/3712/3712
f 3700/3700/3700 3712/3712/3712 3711/3711/3711
f 3702/3702/3702 3703/3703/3703 3714/3714/3714
f 3702/3702/3702 3714/3714/3714 3713/3713/3713
f 3703/3703/3703 3704/3704/3704 3715/3715/3715
f 3703/3703/3703 3715/3715/3715 3714/3714/3714
f 3704/3704/3704 3705/3705/3705 3716/3716/3716
f 3704/3704/3704 3716/3716/3716 3715/3715/3715
f 3705/3705/3705 3706/3706/3706 3717/3717/3717
f 3705/3705/3705 3717/3717/3717 3716/3716/3716
f 3706/3706/3706 3707/3707/3707 3718/3718/3718
f 3706/3706/3706 3718/3718/3718 3717/3717/3717
f 3707/3707/3707 3708/3708/3708 3719/3719/3719
f 3707/3707/3707 3719/3719/3719 3718/3718/3718
f 3708/3708/3708 3709/3709/3709 3720/3720/3720
f 3708/3708/3708 3720/3720/3720 3719/3719/3719
f 3709/3709/3709 3710/3710/3710 3721/3721/3721
f 3709/3709/3709 3721/3721/3721 3720/3720/3720
f 3710/3710/3710 3711/3711/3711 3722/3722/3722
f 3710/3710/3710 3722/3722/3722 3721/3721/3721
f 3711/3711/3711 3712/3712/3712 3723/3723/3723
f 3711/3711/3711 3723/3723/3723 3722/3722/3722
f 3713/3713/3713 3714/3714/3714 3725/3725/3725
f 3713/3713/3713 3725/3725/3725 3724/3724/3724
f 3714/3714/3714 3715/3715/3715 3726/3726/3726
f 3714/3714/3714 3726/3726/3726 3725/3725/3725
f 3715/3715/3715 3716/3716/3716 3727/3727/3727
f 3715/3715/3715 3727/3727/3727 3726/3726/3726
f 3716/3716/3716 3717/3717/3717 3728/3728/3728
f 3716/3716/3716 3728/3728/3728 3727/3727/3727
f 3717/3717/3717 3718/3718/3718 3729/3729/3729
f 3717/3717/3717 3729/3729/3729 3728/3728/3728
f 3718/3718/3718 3719/3719/3719 3730/3730/3730
f 3718/3718/3718 3730/3730/3730 3729/3729/3729
f 3719/3719/3719 3720/3720/3720 3731/3731/3731
f 3719/3719/3719 3731/3731/3731 3730/3730/3730
f 3720/3720/3720 3721/3721/3721 3732/3732/3732
f 3720/3720/3720 3732/3732/3732 3731/3731/3731
f 3721/3721/3721 3722/3722/3722 3733/3733/3733
f 3721/3721/3721 3733/3733/3733 3732/3732/3732
f 3722/3722/3722 3723/3723/3723 3734/3734/3734
f 3722/3722/3722 3734/3734/3734 3733/3733/3733
f 3724/3724/3724 3725/3725/3725 3736/3736/3736
f 3724/3724/3724 3736/3736/3736 3735/3735/3735
f 3725/3725/3725 3726/3726/3726 3737/3737/3737
f 3725/3725/3725 3737/3737/3737 3736/3736/3736
f 3726/3726/3726 3727/3727/3727 3738/3738/3738
f 3726/3726/3726 3738/3738/3738 3737/3737/3737
f 3727/3727/3727 3728/3728/3728 3739/3739/3739
f 3727/3727/3727 3739/3739/3739 3738/3738/3738
f 3728/3728/3728 3729/3729/3729 3740/3740/3740
f 3728/3728/3728 3740/3740/3740 3739/3739/3739
f 3729/3729/3729 3730/3730/3730 3741/3741/3741
f 3729/3729/3729 3741/3741/3741 3740/3740/3740
f 3730/3730/3730 3731/3731/3731 3742/3742/3742
f 3730/3730/3730 3742/3742/3742 3741/3741/3741
f 3731/3731/3731 3732/3732/3732 3743/3743/3743
f 3731/3731/3731 3743/3743/3743 3742/3742/3742
f 3732/3732/3732 3733/3733/3733 3744/3744/3744
f 3732/3732/3732 3744/3744/3744 3743/3743/3743
f 3733/3733/3733 3734/3734/3734 3745/3745/3745
f 3733/3733/3733 3745/3745/3745 3744/3744/3744
f 3735/3735/3735 3736/3736/3736 3747/3747/3747
f 3735/3735/3735 3747/3747/3747 3746/3746/3746
f 3736/3736/3736 3737/3737/3737 3748/3748/3748
f 3736/3736/3736 3748/3748/3748 3747/3747/3747
f 3737/3737/3737 3738/3738/3738 3749/3749/3749
f 3737/3737/3737 3749/3749/3749 3748/3748/3748
f 3738/3738/3738 3739/3739/3739 3750/3750/3750
f 3738/3738/3738 3750/3750/3750 3749/3749/3749
f 3739/3739/3739 3740/3740/3740 3751/3751/3751
f 3739/3739/3739 3751/3751/3751 3750/3750/3750
f 3740/3740/3740 3741/3741/3741 3752/3752/3752
f 3740/3740/3740 3752/3752/3752 3751/3751/3751
f 3741/3741/3741 3742/3742/3742 3753/3753/3753
f 3741/3741/3741 3753/3753/3753 3752/3752/3752
f 3742/3742/3742 3743/3743/3743 3754/3754/3754
f 3742/3742/3742 3754/3754/3754 3753/3753/3753
f 3743/3743/3743 3744/3744/3744 3755/3755/3755
f 3743/3743/3743 3755/3755/3755 3754/3754/3754
f 3744/3744/3744 3745/3745/3745 3756/3756/3756
f 3744/3744/3744 3756/3756/3756 3755/3755/3755
f 3757/3757/3757 3681/3681/3681 3680/3680/3680
f 3757/3757/3757 3682/3682/3682 3681/3681/3681
f 3757/3757/3757 3683/3683/3683 3682/3682/3682
f 3757/3757/3757 3684/3684/3684 3683/3683/3683
f 3757/3757/3757 3685/3685/3685 3684/3684/3684
f 3757/3757/3757 3686/3686/3686 3685/3685/3685
f 3757/3757/3757 3687/3687/3687 3686/3686/3686
f 3757/3757/3757 3688/3688/3688 3687/3687/3687
f 3757/3757/3757 3689/3689/3689 3688/3688/3688
f 3757/3757/3757 3690/3690/3690 3689/3689/3689
f 3758/3758/3758 3746/3746/3746 3747/3747/3747
f 3758/3758/3758 3747/3747/3747 3748/3748/3748
f 3758/3758/3758 3748/3748/3748 3749/3749/3749
f 3758/3758/3758 3749/3749/3749 3750/3750/3750
f 3758/3758/3758 3750/3750/3750 3751/3751/3751
f 3758/3758/3758 3751/3751/3751 3752/3752/3752
f 3758/3758/3758 3752/3752/3752 3753/3753/3753
f 3758/3758/3758 3753/3753/3753 3754/3754/3754
f 3758/3758/3758 3754/3754/3754 3755/3755/3755
f 3758/3758/3758 3755/3755/3755 3756/3756/3756
