# Project Broom original creature MK_PIXIE; CC-BY-SA-4.0
# OBJ axes X=forward Y=up Z=-BlenderY; one diffuse skin via MODELDEF
o Breast
v 3.032254 20.503559 -0.000000
v 4.002462 20.618635 -0.000000
v 3.969403 20.618635 -0.189460
v 3.872479 20.618635 -0.366008
v 3.718295 20.618635 -0.517613
v 3.517358 20.618635 -0.633944
v 3.283362 20.618635 -0.707073
v 3.032254 20.618635 -0.732015
v 2.781146 20.618635 -0.707073
v 2.547150 20.618635 -0.633944
v 2.346213 20.618635 -0.517613
v 2.192029 20.618635 -0.366008
v 2.095105 20.618635 -0.189460
v 2.062046 20.618635 -0.000000
v 2.095105 20.618635 0.189460
v 2.192029 20.618635 0.366008
v 2.346213 20.618635 0.517613
v 2.547150 20.618635 0.633944
v 2.781146 20.618635 0.707073
v 3.032254 20.618635 0.732015
v 3.283362 20.618635 0.707073
v 3.517358 20.618635 0.633944
v 3.718295 20.618635 0.517613
v 3.872479 20.618635 0.366008
v 3.969403 20.618635 0.189460
v 4.002462 20.618635 0.000000
v 4.935385 20.959441 -0.000000
v 4.870538 20.959441 -0.371638
v 4.680414 20.959441 -0.717950
v 4.377971 20.959441 -1.015334
v 3.983820 20.959441 -1.243526
v 3.524821 20.959441 -1.386973
v 3.032254 20.959441 -1.435900
v 2.539687 20.959441 -1.386973
v 2.080688 20.959441 -1.243526
v 1.686537 20.959441 -1.015334
v 1.384094 20.959441 -0.717950
v 1.193970 20.959441 -0.371638
v 1.129123 20.959441 -0.000000
v 1.193970 20.959441 0.371638
v 1.384094 20.959441 0.717950
v 1.686537 20.959441 1.015334
v 2.080688 20.959441 1.243526
v 2.539687 20.959441 1.386973
v 3.032254 20.959441 1.435900
v 3.524821 20.959441 1.386973
v 3.983820 20.959441 1.243526
v 4.377971 20.959441 1.015334
v 4.680414 20.959441 0.717950
v 4.870538 20.959441 0.371638
v 4.935385 20.959441 0.000000
v 5.795172 21.512881 -0.000000
v 5.701028 21.512881 -0.539535
v 5.425011 21.512881 -1.042302
v 4.985932 21.512881 -1.474037
v 4.413713 21.512881 -1.805319
v 3.747350 21.512881 -2.013572
v 3.032254 21.512881 -2.084603
v 2.317158 21.512881 -2.013572
v 1.650795 21.512881 -1.805319
v 1.078576 21.512881 -1.474037
v 0.639496 21.512881 -1.042302
v 0.363480 21.512881 -0.539535
v 0.269336 21.512881 -0.000000
v 0.363480 21.512881 0.539535
v 0.639496 21.512881 1.042302
v 1.078576 21.512881 1.474037
v 1.650795 21.512881 1.805319
v 2.317158 21.512881 2.013572
v 3.032254 21.512881 2.084603
v 3.747350 21.512881 2.013572
v 4.413713 21.512881 1.805319
v 4.985932 21.512881 1.474037
v 5.425011 21.512881 1.042302
v 5.701028 21.512881 0.539535
v 5.795172 21.512881 0.000000
v 6.548782 22.257685 -0.000000
v 6.428959 22.257685 -0.686698
v 6.077657 22.257685 -1.326598
v 5.518815 22.257685 -1.876093
v 4.790518 22.257685 -2.297736
v 3.942398 22.257685 -2.562791
v 3.032254 22.257685 -2.653197
v 2.122110 22.257685 -2.562791
v 1.273990 22.257685 -2.297736
v 0.545693 22.257685 -1.876093
v -0.013149 22.257685 -1.326598
v -0.364451 22.257685 -0.686698
v -0.484274 22.257685 -0.000000
v -0.364451 22.257685 0.686698
v -0.013149 22.257685 1.326598
v 0.545693 22.257685 1.876093
v 1.273990 22.257685 2.297736
v 2.122110 22.257685 2.562791
v 3.032254 22.257685 2.653197
v 3.942398 22.257685 2.562791
v 4.790518 22.257685 2.297736
v 5.518815 22.257685 1.876093
v 6.077657 22.257685 1.326598
v 6.428959 22.257685 0.686698
v 6.548782 22.257685 0.000000
v 7.167254 23.165232 -0.000000
v 7.026357 23.165232 -0.807471
v 6.613269 23.165232 -1.559915
v 5.956140 23.165232 -2.206053
v 5.099754 23.165232 -2.701851
v 4.102471 23.165232 -3.013524
v 3.032254 23.165232 -3.119829
v 1.962037 23.165232 -3.013524
v 0.964754 23.165232 -2.701851
v 0.108368 23.165232 -2.206053
v -0.548761 23.165232 -1.559915
v -0.961849 23.165232 -0.807471
v -1.102746 23.165232 -0.000000
v -0.961849 23.165232 0.807471
v -0.548761 23.165232 1.559915
v 0.108368 23.165232 2.206053
v 0.964754 23.165232 2.701851
v 1.962037 23.165232 3.013524
v 3.032254 23.165232 3.119829
v 4.102471 23.165232 3.013524
v 5.099754 23.165232 2.701851
v 5.956140 23.165232 2.206053
v 6.613269 23.165232 1.559915
v 7.026357 23.165232 0.807471
v 7.167254 23.165232 0.000000
v 7.626819 24.200645 -0.000000
v 7.470263 24.200645 -0.897214
v 7.011264 24.200645 -1.733284
v 6.281102 24.200645 -2.451234
v 5.329537 24.200645 -3.002137
v 4.221415 24.200645 -3.348448
v 3.032254 24.200645 -3.466569
v 1.843093 24.200645 -3.348448
v 0.734971 24.200645 -3.002137
v -0.216594 24.200645 -2.451234
v -0.946756 24.200645 -1.733284
v -1.405755 24.200645 -0.897214
v -1.562311 24.200645 -0.000000
v -1.405755 24.200645 0.897214
v -0.946756 24.200645 1.733284
v -0.216594 24.200645 2.451234
v 0.734971 24.200645 3.002137
v 1.843093 24.200645 3.348448
v 3.032254 24.200645 3.466569
v 4.221415 24.200645 3.348448
v 5.329537 24.200645 3.002137
v 6.281102 24.200645 2.451234
v 7.011264 24.200645 1.733284
v 7.470263 24.200645 0.897214
v 7.626819 24.200645 0.000000
v 7.909819 25.324133 -0.000000
v 7.743620 25.324133 -0.952477
v 7.256349 25.324133 -1.840045
v 6.481213 25.324133 -2.602216
v 5.471036 25.324133 -3.187051
v 4.294661 25.324133 -3.554694
v 3.032254 25.324133 -3.680090
v 1.769847 25.324133 -3.554694
v 0.593472 25.324133 -3.187051
v -0.416705 25.324133 -2.602216
v -1.191841 25.324133 -1.840045
v -1.679112 25.324133 -0.952477
v -1.845311 25.324133 -0.000000
v -1.679112 25.324133 0.952477
v -1.191841 25.324133 1.840045
v -0.416705 25.324133 2.602216
v 0.593472 25.324133 3.187051
v 1.769847 25.324133 3.554694
v 3.032254 25.324133 3.680090
v 4.294661 25.324133 3.554694
v 5.471036 25.324133 3.187051
v 6.481213 25.324133 2.602216
v 7.256349 25.324133 1.840045
v 7.743620 25.324133 0.952477
v 7.909819 25.324133 0.000000
v 8.005376 26.492522 -0.000000
v 7.835921 26.492522 -0.971137
v 7.339104 26.492522 -1.876093
v 6.548782 26.492522 -2.653197
v 5.518815 26.492522 -3.249489
v 4.319393 26.492522 -3.624334
v 3.032254 26.492522 -3.752187
v 1.745115 26.492522 -3.624334
v 0.545693 26.492522 -3.249489
v -0.484274 26.492522 -2.653197
v -1.274596 26.492522 -1.876093
v -1.771413 26.492522 -0.971137
v -1.940868 26.492522 -0.000000
v -1.771413 26.492522 0.971137
v -1.274596 26.492522 1.876093
v -0.484274 26.492522 2.653197
v 0.545693 26.492522 3.249489
v 1.745115 26.492522 3.624334
v 3.032254 26.492522 3.752187
v 4.319393 26.492522 3.624334
v 5.518815 26.492522 3.249489
v 6.548782 26.492522 2.653197
v 7.339104 26.492522 1.876093
v 7.835921 26.492522 0.971137
v 8.005376 26.492522 0.000000
v 7.909819 27.660910 -0.000000
v 7.743620 27.660910 -0.952477
v 7.256349 27.660910 -1.840045
v 6.481213 27.660910 -2.602216
v 5.471036 27.660910 -3.187051
v 4.294661 27.660910 -3.554694
v 3.032254 27.660910 -3.680090
v 1.769847 27.660910 -3.554694
v 0.593472 27.660910 -3.187051
v -0.416705 27.660910 -2.602216
v -1.191841 27.660910 -1.840045
v -1.679112 27.660910 -0.952477
v -1.845311 27.660910 -0.000000
v -1.679112 27.660910 0.952477
v -1.191841 27.660910 1.840045
v -0.416705 27.660910 2.602216
v 0.593472 27.660910 3.187051
v 1.769847 27.660910 3.554694
v 3.032254 27.660910 3.680090
v 4.294661 27.660910 3.554694
v 5.471036 27.660910 3.187051
v 6.481213 27.660910 2.602216
v 7.256349 27.660910 1.840045
v 7.743620 27.660910 0.952477
v 7.909819 27.660910 0.000000
v 7.626819 28.784398 -0.000000
v 7.470263 28.784398 -0.897214
v 7.011264 28.784398 -1.733284
v 6.281102 28.784398 -2.451234
v 5.329537 28.784398 -3.002137
v 4.221415 28.784398 -3.348448
v 3.032254 28.784398 -3.466569
v 1.843093 28.784398 -3.348448
v 0.734971 28.784398 -3.002137
v -0.216594 28.784398 -2.451234
v -0.946756 28.784398 -1.733284
v -1.405755 28.784398 -0.897214
v -1.562311 28.784398 -0.000000
v -1.405755 28.784398 0.897214
v -0.946756 28.784398 1.733284
v -0.216594 28.784398 2.451234
v 0.734971 28.784398 3.002137
v 1.843093 28.784398 3.348448
v 3.032254 28.784398 3.466569
v 4.221415 28.784398 3.348448
v 5.329537 28.784398 3.002137
v 6.281102 28.784398 2.451234
v 7.011264 28.784398 1.733284
v 7.470263 28.784398 0.897214
v 7.626819 28.784398 0.000000
v 7.167254 29.819811 -0.000000
v 7.026357 29.819811 -0.807471
v 6.613269 29.819811 -1.559915
v 5.956140 29.819811 -2.206053
v 5.099754 29.819811 -2.701851
v 4.102471 29.819811 -3.013524
v 3.032254 29.819811 -3.119829
v 1.962037 29.819811 -3.013524
v 0.964754 29.819811 -2.701851
v 0.108368 29.819811 -2.206053
v -0.548761 29.819811 -1.559915
v -0.961849 29.819811 -0.807471
v -1.102746 29.819811 -0.000000
v -0.961849 29.819811 0.807471
v -0.548761 29.819811 1.559915
v 0.108368 29.819811 2.206053
v 0.964754 29.819811 2.701851
v 1.962037 29.819811 3.013524
v 3.032254 29.819811 3.119829
v 4.102471 29.819811 3.013524
v 5.099754 29.819811 2.701851
v 5.956140 29.819811 2.206053
v 6.613269 29.819811 1.559915
v 7.026357 29.819811 0.807471
v 7.167254 29.819811 0.000000
v 6.548782 30.727358 -0.000000
v 6.428959 30.727358 -0.686698
v 6.077657 30.727358 -1.326598
v 5.518815 30.727358 -1.876093
v 4.790518 30.727358 -2.297736
v 3.942398 30.727358 -2.562791
v 3.032254 30.727358 -2.653197
v 2.122110 30.727358 -2.562791
v 1.273990 30.727358 -2.297736
v 0.545693 30.727358 -1.876093
v -0.013149 30.727358 -1.326598
v -0.364451 30.727358 -0.686698
v -0.484274 30.727358 -0.000000
v -0.364451 30.727358 0.686698
v -0.013149 30.727358 1.326598
v 0.545693 30.727358 1.876093
v 1.273990 30.727358 2.297736
v 2.122110 30.727358 2.562791
v 3.032254 30.727358 2.653197
v 3.942398 30.727358 2.562791
v 4.790518 30.727358 2.297736
v 5.518815 30.727358 1.876093
v 6.077657 30.727358 1.326598
v 6.428959 30.727358 0.686698
v 6.548782 30.727358 0.000000
v 5.795172 31.472162 -0.000000
v 5.701028 31.472162 -0.539535
v 5.425011 31.472162 -1.042302
v 4.985932 31.472162 -1.474037
v 4.413713 31.472162 -1.805319
v 3.747350 31.472162 -2.013572
v 3.032254 31.472162 -2.084603
v 2.317158 31.472162 -2.013572
v 1.650795 31.472162 -1.805319
v 1.078576 31.472162 -1.474037
v 0.639496 31.472162 -1.042302
v 0.363480 31.472162 -0.539535
v 0.269336 31.472162 -0.000000
v 0.363480 31.472162 0.539535
v 0.639496 31.472162 1.042302
v 1.078576 31.472162 1.474037
v 1.650795 31.472162 1.805319
v 2.317158 31.472162 2.013572
v 3.032254 31.472162 2.084603
v 3.747350 31.472162 2.013572
v 4.413713 31.472162 1.805319
v 4.985932 31.472162 1.474037
v 5.425011 31.472162 1.042302
v 5.701028 31.472162 0.539535
v 5.795172 31.472162 0.000000
v 4.935385 32.025602 -0.000000
v 4.870538 32.025602 -0.371638
v 4.680414 32.025602 -0.717950
v 4.377971 32.025602 -1.015334
v 3.983820 32.025602 -1.243526
v 3.524821 32.025602 -1.386973
v 3.032254 32.025602 -1.435900
v 2.539687 32.025602 -1.386973
v 2.080688 32.025602 -1.243526
v 1.686537 32.025602 -1.015334
v 1.384094 32.025602 -0.717950
v 1.193970 32.025602 -0.371638
v 1.129123 32.025602 -0.000000
v 1.193970 32.025602 0.371638
v 1.384094 32.025602 0.717950
v 1.686537 32.025602 1.015334
v 2.080688 32.025602 1.243526
v 2.539687 32.025602 1.386973
v 3.032254 32.025602 1.435900
v 3.524821 32.025602 1.386973
v 3.983820 32.025602 1.243526
v 4.377971 32.025602 1.015334
v 4.680414 32.025602 0.717950
v 4.870538 32.025602 0.371638
v 4.935385 32.025602 0.000000
v 4.002462 32.366408 -0.000000
v 3.969403 32.366408 -0.189460
v 3.872479 32.366408 -0.366008
v 3.718295 32.366408 -0.517613
v 3.517358 32.366408 -0.633944
v 3.283362 32.366408 -0.707073
v 3.032254 32.366408 -0.732015
v 2.781146 32.366408 -0.707073
v 2.547150 32.366408 -0.633944
v 2.346213 32.366408 -0.517613
v 2.192029 32.366408 -0.366008
v 2.095105 32.366408 -0.189460
v 2.062046 32.366408 -0.000000
v 2.095105 32.366408 0.189460
v 2.192029 32.366408 0.366008
v 2.346213 32.366408 0.517613
v 2.547150 32.366408 0.633944
v 2.781146 32.366408 0.707073
v 3.032254 32.366408 0.732015
v 3.283362 32.366408 0.707073
v 3.517358 32.366408 0.633944
v 3.718295 32.366408 0.517613
v 3.872479 32.366408 0.366008
v 3.969403 32.366408 0.189460
v 4.002462 32.366408 0.000000
v 3.032254 32.481484 -0.000000
vt 0.5000000 0.6996875
vt 0.0865625 0.8072674
vt 0.1210156 0.8072674
vt 0.1554687 0.8072674
vt 0.1899219 0.8072674
vt 0.2243750 0.8072674
vt 0.2588281 0.8072674
vt 0.2932812 0.8072674
vt 0.3277344 0.8072674
vt 0.3621875 0.8072674
vt 0.3966406 0.8072674
vt 0.4310938 0.8072674
vt 0.4655469 0.8072674
vt 0.5000000 0.8072674
vt 0.5344531 0.8072674
vt 0.5689062 0.8072674
vt 0.6033594 0.8072674
vt 0.6378125 0.8072674
vt 0.6722656 0.8072674
vt 0.7067187 0.8072674
vt 0.7411719 0.8072674
vt 0.7756250 0.8072674
vt 0.8100781 0.8072674
vt 0.8445312 0.8072674
vt 0.8789844 0.8072674
vt 0.9134375 0.8072674
vt 0.0865625 0.8010255
vt 0.1210156 0.8010255
vt 0.1554687 0.8010255
vt 0.1899219 0.8010255
vt 0.2243750 0.8010255
vt 0.2588281 0.8010255
vt 0.2932812 0.8010255
vt 0.3277344 0.8010255
vt 0.3621875 0.8010255
vt 0.3966406 0.8010255
vt 0.4310938 0.8010255
vt 0.4655469 0.8010255
vt 0.5000000 0.8010255
vt 0.5344531 0.8010255
vt 0.5689062 0.8010255
vt 0.6033594 0.8010255
vt 0.6378125 0.8010255
vt 0.6722656 0.8010255
vt 0.7067187 0.8010255
vt 0.7411719 0.8010255
vt 0.7756250 0.8010255
vt 0.8100781 0.8010255
vt 0.8445312 0.8010255
vt 0.8789844 0.8010255
vt 0.9134375 0.8010255
vt 0.0865625 0.7908893
vt 0.1210156 0.7908893
vt 0.1554687 0.7908893
vt 0.1899219 0.7908893
vt 0.2243750 0.7908893
vt 0.2588281 0.7908893
vt 0.2932812 0.7908893
vt 0.3277344 0.7908893
vt 0.3621875 0.7908893
vt 0.3966406 0.7908893
vt 0.4310938 0.7908893
vt 0.4655469 0.7908893
vt 0.5000000 0.7908893
vt 0.5344531 0.7908893
vt 0.5689062 0.7908893
vt 0.6033594 0.7908893
vt 0.6378125 0.7908893
vt 0.6722656 0.7908893
vt 0.7067187 0.7908893
vt 0.7411719 0.7908893
vt 0.7756250 0.7908893
vt 0.8100781 0.7908893
vt 0.8445312 0.7908893
vt 0.8789844 0.7908893
vt 0.9134375 0.7908893
vt 0.0865625 0.7772483
vt 0.1210156 0.7772483
vt 0.1554687 0.7772483
vt 0.1899219 0.7772483
vt 0.2243750 0.7772483
vt 0.2588281 0.7772483
vt 0.2932812 0.7772483
vt 0.3277344 0.7772483
vt 0.3621875 0.7772483
vt 0.3966406 0.7772483
vt 0.4310938 0.7772483
vt 0.4655469 0.7772483
vt 0.5000000 0.7772483
vt 0.5344531 0.7772483
vt 0.5689062 0.7772483
vt 0.6033594 0.7772483
vt 0.6378125 0.7772483
vt 0.6722656 0.7772483
vt 0.7067187 0.7772483
vt 0.7411719 0.7772483
vt 0.7756250 0.7772483
vt 0.8100781 0.7772483
vt 0.8445312 0.7772483
vt 0.8789844 0.7772483
vt 0.9134375 0.7772483
vt 0.0865625 0.7606266
vt 0.1210156 0.7606266
vt 0.1554687 0.7606266
vt 0.1899219 0.7606266
vt 0.2243750 0.7606266
vt 0.2588281 0.7606266
vt 0.2932812 0.7606266
vt 0.3277344 0.7606266
vt 0.3621875 0.7606266
vt 0.3966406 0.7606266
vt 0.4310938 0.7606266
vt 0.4655469 0.7606266
vt 0.5000000 0.7606266
vt 0.5344531 0.7606266
vt 0.5689062 0.7606266
vt 0.6033594 0.7606266
vt 0.6378125 0.7606266
vt 0.6722656 0.7606266
vt 0.7067187 0.7606266
vt 0.7411719 0.7606266
vt 0.7756250 0.7606266
vt 0.8100781 0.7606266
vt 0.8445312 0.7606266
vt 0.8789844 0.7606266
vt 0.9134375 0.7606266
vt 0.0865625 0.7416631
vt 0.1210156 0.7416631
vt 0.1554687 0.7416631
vt 0.1899219 0.7416631
vt 0.2243750 0.7416631
vt 0.2588281 0.7416631
vt 0.2932812 0.7416631
vt 0.3277344 0.7416631
vt 0.3621875 0.7416631
vt 0.3966406 0.7416631
vt 0.4310938 0.7416631
vt 0.4655469 0.7416631
vt 0.5000000 0.7416631
vt 0.5344531 0.7416631
vt 0.5689062 0.7416631
vt 0.6033594 0.7416631
vt 0.6378125 0.7416631
vt 0.6722656 0.7416631
vt 0.7067187 0.7416631
vt 0.7411719 0.7416631
vt 0.7756250 0.7416631
vt 0.8100781 0.7416631
vt 0.8445312 0.7416631
vt 0.8789844 0.7416631
vt 0.9134375 0.7416631
vt 0.0865625 0.7210865
vt 0.1210156 0.7210865
vt 0.1554687 0.7210865
vt 0.1899219 0.7210865
vt 0.2243750 0.7210865
vt 0.2588281 0.7210865
vt 0.2932812 0.7210865
vt 0.3277344 0.7210865
vt 0.3621875 0.7210865
vt 0.3966406 0.7210865
vt 0.4310938 0.7210865
vt 0.4655469 0.7210865
vt 0.5000000 0.7210865
vt 0.5344531 0.7210865
vt 0.5689062 0.7210865
vt 0.6033594 0.7210865
vt 0.6378125 0.7210865
vt 0.6722656 0.7210865
vt 0.7067187 0.7210865
vt 0.7411719 0.7210865
vt 0.7756250 0.7210865
vt 0.8100781 0.7210865
vt 0.8445312 0.7210865
vt 0.8789844 0.7210865
vt 0.9134375 0.7210865
vt 0.0865625 0.6996875
vt 0.1210156 0.6996875
vt 0.1554687 0.6996875
vt 0.1899219 0.6996875
vt 0.2243750 0.6996875
vt 0.2588281 0.6996875
vt 0.2932812 0.6996875
vt 0.3277344 0.6996875
vt 0.3621875 0.6996875
vt 0.3966406 0.6996875
vt 0.4310938 0.6996875
vt 0.4655469 0.6996875
vt 0.5000000 0.6996875
vt 0.5344531 0.6996875
vt 0.5689062 0.6996875
vt 0.6033594 0.6996875
vt 0.6378125 0.6996875
vt 0.6722656 0.6996875
vt 0.7067187 0.6996875
vt 0.7411719 0.6996875
vt 0.7756250 0.6996875
vt 0.8100781 0.6996875
vt 0.8445312 0.6996875
vt 0.8789844 0.6996875
vt 0.9134375 0.6996875
vt 0.0865625 0.6782885
vt 0.1210156 0.6782885
vt 0.1554687 0.6782885
vt 0.1899219 0.6782885
vt 0.2243750 0.6782885
vt 0.2588281 0.6782885
vt 0.2932812 0.6782885
vt 0.3277344 0.6782885
vt 0.3621875 0.6782885
vt 0.3966406 0.6782885
vt 0.4310938 0.6782885
vt 0.4655469 0.6782885
vt 0.5000000 0.6782885
vt 0.5344531 0.6782885
vt 0.5689062 0.6782885
vt 0.6033594 0.6782885
vt 0.6378125 0.6782885
vt 0.6722656 0.6782885
vt 0.7067187 0.6782885
vt 0.7411719 0.6782885
vt 0.7756250 0.6782885
vt 0.8100781 0.6782885
vt 0.8445312 0.6782885
vt 0.8789844 0.6782885
vt 0.9134375 0.6782885
vt 0.0865625 0.6577119
vt 0.1210156 0.6577119
vt 0.1554687 0.6577119
vt 0.1899219 0.6577119
vt 0.2243750 0.6577119
vt 0.2588281 0.6577119
vt 0.2932812 0.6577119
vt 0.3277344 0.6577119
vt 0.3621875 0.6577119
vt 0.3966406 0.6577119
vt 0.4310938 0.6577119
vt 0.4655469 0.6577119
vt 0.5000000 0.6577119
vt 0.5344531 0.6577119
vt 0.5689062 0.6577119
vt 0.6033594 0.6577119
vt 0.6378125 0.6577119
vt 0.6722656 0.6577119
vt 0.7067187 0.6577119
vt 0.7411719 0.6577119
vt 0.7756250 0.6577119
vt 0.8100781 0.6577119
vt 0.8445312 0.6577119
vt 0.8789844 0.6577119
vt 0.9134375 0.6577119
vt 0.0865625 0.6387484
vt 0.1210156 0.6387484
vt 0.1554687 0.6387484
vt 0.1899219 0.6387484
vt 0.2243750 0.6387484
vt 0.2588281 0.6387484
vt 0.2932812 0.6387484
vt 0.3277344 0.6387484
vt 0.3621875 0.6387484
vt 0.3966406 0.6387484
vt 0.4310938 0.6387484
vt 0.4655469 0.6387484
vt 0.5000000 0.6387484
vt 0.5344531 0.6387484
vt 0.5689062 0.6387484
vt 0.6033594 0.6387484
vt 0.6378125 0.6387484
vt 0.6722656 0.6387484
vt 0.7067187 0.6387484
vt 0.7411719 0.6387484
vt 0.7756250 0.6387484
vt 0.8100781 0.6387484
vt 0.8445312 0.6387484
vt 0.8789844 0.6387484
vt 0.9134375 0.6387484
vt 0.0865625 0.6221267
vt 0.1210156 0.6221267
vt 0.1554687 0.6221267
vt 0.1899219 0.6221267
vt 0.2243750 0.6221267
vt 0.2588281 0.6221267
vt 0.2932812 0.6221267
vt 0.3277344 0.6221267
vt 0.3621875 0.6221267
vt 0.3966406 0.6221267
vt 0.4310938 0.6221267
vt 0.4655469 0.6221267
vt 0.5000000 0.6221267
vt 0.5344531 0.6221267
vt 0.5689062 0.6221267
vt 0.6033594 0.6221267
vt 0.6378125 0.6221267
vt 0.6722656 0.6221267
vt 0.7067187 0.6221267
vt 0.7411719 0.6221267
vt 0.7756250 0.6221267
vt 0.8100781 0.6221267
vt 0.8445312 0.6221267
vt 0.8789844 0.6221267
vt 0.9134375 0.6221267
vt 0.0865625 0.6084857
vt 0.1210156 0.6084857
vt 0.1554687 0.6084857
vt 0.1899219 0.6084857
vt 0.2243750 0.6084857
vt 0.2588281 0.6084857
vt 0.2932812 0.6084857
vt 0.3277344 0.6084857
vt 0.3621875 0.6084857
vt 0.3966406 0.6084857
vt 0.4310938 0.6084857
vt 0.4655469 0.6084857
vt 0.5000000 0.6084857
vt 0.5344531 0.6084857
vt 0.5689062 0.6084857
vt 0.6033594 0.6084857
vt 0.6378125 0.6084857
vt 0.6722656 0.6084857
vt 0.7067187 0.6084857
vt 0.7411719 0.6084857
vt 0.7756250 0.6084857
vt 0.8100781 0.6084857
vt 0.8445312 0.6084857
vt 0.8789844 0.6084857
vt 0.9134375 0.6084857
vt 0.0865625 0.5983495
vt 0.1210156 0.5983495
vt 0.1554687 0.5983495
vt 0.1899219 0.5983495
vt 0.2243750 0.5983495
vt 0.2588281 0.5983495
vt 0.2932812 0.5983495
vt 0.3277344 0.5983495
vt 0.3621875 0.5983495
vt 0.3966406 0.5983495
vt 0.4310938 0.5983495
vt 0.4655469 0.5983495
vt 0.5000000 0.5983495
vt 0.5344531 0.5983495
vt 0.5689062 0.5983495
vt 0.6033594 0.5983495
vt 0.6378125 0.5983495
vt 0.6722656 0.5983495
vt 0.7067187 0.5983495
vt 0.7411719 0.5983495
vt 0.7756250 0.5983495
vt 0.8100781 0.5983495
vt 0.8445312 0.5983495
vt 0.8789844 0.5983495
vt 0.9134375 0.5983495
vt 0.0865625 0.5921076
vt 0.1210156 0.5921076
vt 0.1554687 0.5921076
vt 0.1899219 0.5921076
vt 0.2243750 0.5921076
vt 0.2588281 0.5921076
vt 0.2932812 0.5921076
vt 0.3277344 0.5921076
vt 0.3621875 0.5921076
vt 0.3966406 0.5921076
vt 0.4310938 0.5921076
vt 0.4655469 0.5921076
vt 0.5000000 0.5921076
vt 0.5344531 0.5921076
vt 0.5689062 0.5921076
vt 0.6033594 0.5921076
vt 0.6378125 0.5921076
vt 0.6722656 0.5921076
vt 0.7067187 0.5921076
vt 0.7411719 0.5921076
vt 0.7756250 0.5921076
vt 0.8100781 0.5921076
vt 0.8445312 0.5921076
vt 0.8789844 0.5921076
vt 0.9134375 0.5921076
vt 0.5000000 0.6996875
vn -0.0000000 -1.0000000 -0.0000000
vn 0.2699136 -0.9626784 -0.0199240
vn 0.2561586 -0.9601773 -0.1115448
vn 0.2244034 -0.9548814 -0.1945370
vn 0.1775369 -0.9483032 -0.2630621
vn 0.1193482 -0.9422302 -0.3129829
vn 0.0539328 -0.9382240 -0.3417996
vn -0.0146357 -0.9372692 -0.3482992
vn -0.0823558 -0.9395950 -0.3322330
vn -0.1452025 -0.9446393 -0.2942325
vn -0.1990726 -0.9511410 -0.2360103
vn -0.2399427 -0.9573891 -0.1607281
vn -0.2643237 -0.9616470 -0.0732667
vn -0.2699136 -0.9626784 0.0199240
vn -0.2561586 -0.9601773 0.1115448
vn -0.2244034 -0.9548814 0.1945370
vn -0.1775369 -0.9483032 0.2630621
vn -0.1193482 -0.9422302 0.3129829
vn -0.0539328 -0.9382240 0.3417996
vn 0.0146357 -0.9372692 0.3482992
vn 0.0823558 -0.9395950 0.3322330
vn 0.1452025 -0.9446393 0.2942325
vn 0.1990726 -0.9511410 0.2360103
vn 0.2399427 -0.9573891 0.1607281
vn 0.2643237 -0.9616470 0.0732667
vn 0.2699136 -0.9626784 -0.0199240
vn 0.4619190 -0.8867322 -0.0183522
vn 0.4396978 -0.8809262 -0.1750285
vn 0.3846419 -0.8676302 -0.3150689
vn 0.3041025 -0.8510973 -0.4279661
vn 0.2064295 -0.8359562 -0.5084919
vn 0.0988867 -0.8258348 -0.5551742
vn -0.0128490 -0.8228478 -0.5681166
vn -0.1240598 -0.8275735 -0.5474771
vn -0.2298971 -0.8390877 -0.4930306
vn -0.3243469 -0.8549175 -0.4048644
vn -0.3997977 -0.8711328 -0.2851131
vn -0.4478893 -0.8830376 -0.1401421
vn -0.4619190 -0.8867322 0.0183522
vn -0.4396978 -0.8809262 0.1750285
vn -0.3846419 -0.8676302 0.3150689
vn -0.3041025 -0.8510973 0.4279661
vn -0.2064295 -0.8359562 0.5084919
vn -0.0988867 -0.8258348 0.5551742
vn 0.0128490 -0.8228478 0.5681166
vn 0.1240598 -0.8275735 0.5474771
vn 0.2298971 -0.8390877 0.4930306
vn 0.3243469 -0.8549175 0.4048644
vn 0.3997977 -0.8711328 0.2851131
vn 0.4478893 -0.8830376 0.1401421
vn 0.4619190 -0.8867322 -0.0183522
vn 0.6347277 -0.7725704 -0.0159894
vn 0.6029901 -0.7637204 -0.2305085
vn 0.5228448 -0.7429931 -0.4178453
vn 0.4091232 -0.7178827 -0.5632607
vn 0.2763364 -0.6955948 -0.6631636
vn 0.1345255 -0.6809448 -0.7198729
vn -0.0105615 -0.6763584 -0.7364969
vn -0.1554173 -0.6824825 -0.7141870
vn -0.2963577 -0.6984417 -0.6514225
vn -0.4271186 -0.7215013 -0.5449822
vn -0.5369445 -0.7464654 -0.3930394
vn -0.6108952 -0.7658917 -0.2005417
vn -0.6347277 -0.7725704 0.0159894
vn -0.6029901 -0.7637204 0.2305085
vn -0.5228448 -0.7429931 0.4178453
vn -0.4091232 -0.7178827 0.5632607
vn -0.2763364 -0.6955948 0.6631636
vn -0.1345255 -0.6809448 0.7198729
vn 0.0105615 -0.6763584 0.7364969
vn 0.1554173 -0.6824825 0.7141870
vn 0.2963577 -0.6984417 0.6514225
vn 0.4271186 -0.7215013 0.5449822
vn 0.5369445 -0.7464654 0.3930394
vn 0.6108952 -0.7658917 0.2005417
vn 0.6347277 -0.7725704 -0.0159894
vn 0.7732983 -0.6339067 -0.0131196
vn 0.7323289 -0.6236384 -0.2734402
vn 0.6286551 -0.5994896 -0.4953836
vn 0.4863317 -0.5711116 -0.6612965
vn 0.3260833 -0.5467315 -0.7712032
vn 0.1596531 -0.5310294 -0.8321770
vn -0.0082136 -0.5259948 -0.8504481
vn -0.1760305 -0.5321119 -0.8281728
vn -0.3421495 -0.5487829 -0.7627391
vn -0.5013061 -0.5738156 -0.6476325
vn -0.6408980 -0.6021972 -0.4760339
vn -0.7394453 -0.6253938 -0.2492051
vn -0.7732983 -0.6339067 0.0131196
vn -0.7323289 -0.6236384 0.2734402
vn -0.6286551 -0.5994896 0.4953836
vn -0.4863317 -0.5711116 0.6612965
vn -0.3260833 -0.5467315 0.7712032
vn -0.1596531 -0.5310294 0.8321770
vn 0.0082136 -0.5259948 0.8504481
vn 0.1760305 -0.5321119 0.8281728
vn 0.3421495 -0.5487829 0.7627391
vn 0.5013061 -0.5738156 0.6476325
vn 0.6408980 -0.6021972 0.4760339
vn 0.7394453 -0.6253938 0.2492051
vn 0.7732983 -0.6339067 -0.0131196
vn 0.8762891 -0.4816824 -0.0099691
vn 0.8275225 -0.4720080 -0.3039981
vn 0.7042932 -0.4492559 -0.5496728
vn 0.5397256 -0.4231996 -0.7277351
vn 0.3596847 -0.4013936 -0.8423242
vn 0.1766448 -0.3875770 -0.9047545
vn -0.0059820 -0.3830862 -0.9236932
vn -0.1886415 -0.3882042 -0.9020598
vn -0.3716574 -0.4026029 -0.8365295
vn -0.5511973 -0.4248382 -0.7181184
vn -0.7139961 -0.4509534 -0.5355843
vn -0.8333356 -0.4731423 -0.2858113
vn -0.8762891 -0.4816824 0.0099691
vn -0.8275225 -0.4720080 0.3039981
vn -0.7042932 -0.4492559 0.5496728
vn -0.5397256 -0.4231996 0.7277351
vn -0.3596847 -0.4013936 0.8423242
vn -0.1766448 -0.3875770 0.9047545
vn 0.0059820 -0.3830862 0.9236932
vn 0.1886415 -0.3882042 0.9020598
vn 0.3716574 -0.4026029 0.8365295
vn 0.5511973 -0.4248382 0.7181184
vn 0.7139961 -0.4509534 0.5355843
vn 0.8333356 -0.4731423 0.2858113
vn 0.8762891 -0.4816824 -0.0099691
vn 0.9463585 -0.3230493 -0.0066860
vn 0.8919981 -0.3156851 -0.3235464
vn 0.7545428 -0.2983355 -0.5845178
vn 0.5744772 -0.2788188 -0.7695687
vn 0.3813405 -0.2627752 -0.8863005
vn 0.1877982 -0.2527173 -0.9491395
vn -0.0038947 -0.2494127 -0.9683895
vn -0.1956381 -0.2529971 -0.9474799
vn -0.3892542 -0.2633208 -0.8826910
vn -0.5822032 -0.2795721 -0.7634651
vn -0.7612351 -0.2991347 -0.5753604
vn -0.8960967 -0.3162309 -0.3114622
vn -0.9463585 -0.3230493 0.0066860
vn -0.8919981 -0.3156851 0.3235464
vn -0.7545428 -0.2983355 0.5845178
vn -0.5744772 -0.2788188 0.7695687
vn -0.3813405 -0.2627752 0.8863005
vn -0.1877982 -0.2527173 0.9491395
vn 0.0038947 -0.2494127 0.9683895
vn 0.1956381 -0.2529971 0.9474799
vn 0.3892542 -0.2633208 0.8826910
vn 0.5822032 -0.2795721 0.7634651
vn 0.7612351 -0.2991347 0.5753604
vn 0.8960967 -0.3162309 0.3114622
vn 0.9463585 -0.3230493 -0.0066860
vn 0.9868013 -0.1619010 -0.0033508
vn 0.9294334 -0.1579766 -0.3334620
vn 0.7836182 -0.1486746 -0.6031902
vn 0.5945567 -0.1383064 -0.7920693
vn 0.3940106 -0.1298642 -0.9098851
vn 0.1946772 -0.1245980 -0.9729214
vn -0.0019183 -0.1228492 -0.9924235
vn -0.1985469 -0.1246678 -0.9721302
vn -0.3979418 -0.1300010 -0.9081531
vn -0.5984359 -0.1384973 -0.7891090
vn -0.7870255 -0.1488799 -0.5986865
vn -0.9315479 -0.1581187 -0.3274401
vn -0.9868013 -0.1619010 0.0033508
vn -0.9294334 -0.1579766 0.3334620
vn -0.7836182 -0.1486746 0.6031902
vn -0.5945567 -0.1383064 0.7920693
vn -0.3940106 -0.1298642 0.9098851
vn -0.1946772 -0.1245980 0.9729214
vn 0.0019183 -0.1228492 0.9924235
vn 0.1985469 -0.1246678 0.9721302
vn 0.3979418 -0.1300010 0.9081531
vn 0.5984359 -0.1384973 0.7891090
vn 0.7870255 -0.1488799 0.5986865
vn 0.9315479 -0.1581187 0.3274401
vn 0.9868013 -0.1619010 -0.0033508
vn 1.0000000 -0.0000000 0.0000000
vn 0.9423388 0.0000000 -0.3346603
vn 0.7941623 -0.0000000 -0.6077057
vn 0.6022931 -0.0000000 -0.7982750
vn 0.3993616 0.0000000 -0.9167935
vn 0.1981570 0.0000000 -0.9801703
vn 0.0000000 0.0000000 -1.0000000
vn -0.1981570 0.0000000 -0.9801703
vn -0.3993616 -0.0000000 -0.9167935
vn -0.6022931 0.0000000 -0.7982750
vn -0.7941623 -0.0000000 -0.6077057
vn -0.9423388 -0.0000000 -0.3346603
vn -1.0000000 0.0000000 -0.0000000
vn -0.9423388 0.0000000 0.3346603
vn -0.7941623 0.0000000 0.6077057
vn -0.6022931 -0.0000000 0.7982750
vn -0.3993616 -0.0000000 0.9167935
vn -0.1981570 -0.0000000 0.9801703
vn -0.0000000 -0.0000000 1.0000000
vn 0.1981570 0.0000000 0.9801703
vn 0.3993616 -0.0000000 0.9167935
vn 0.6022931 0.0000000 0.7982750
vn 0.7941623 0.0000000 0.6077057
vn 0.9423388 -0.0000000 0.3346603
vn 1.0000000 -0.0000000 0.0000000
vn 0.9868013 0.1619010 0.0033508
vn 0.9315479 0.1581187 -0.3274401
vn 0.7870255 0.1488799 -0.5986865
vn 0.5984359 0.1384973 -0.7891090
vn 0.3979418 0.1300010 -0.9081531
vn 0.1985469 0.1246678 -0.9721302
vn 0.0019183 0.1228492 -0.9924235
vn -0.1946772 0.1245980 -0.9729214
vn -0.3940106 0.1298642 -0.9098851
vn -0.5945567 0.1383064 -0.7920693
vn -0.7836182 0.1486746 -0.6031902
vn -0.9294334 0.1579766 -0.3334620
vn -0.9868013 0.1619010 -0.0033508
vn -0.9315479 0.1581187 0.3274401
vn -0.7870255 0.1488799 0.5986865
vn -0.5984359 0.1384973 0.7891090
vn -0.3979418 0.1300010 0.9081531
vn -0.1985469 0.1246678 0.9721302
vn -0.0019183 0.1228492 0.9924235
vn 0.1946772 0.1245980 0.9729214
vn 0.3940106 0.1298642 0.9098851
vn 0.5945567 0.1383064 0.7920693
vn 0.7836182 0.1486746 0.6031902
vn 0.9294334 0.1579766 0.3334620
vn 0.9868013 0.1619010 0.0033508
vn 0.9463585 0.3230493 0.0066860
vn 0.8960967 0.3162309 -0.3114622
vn 0.7612351 0.2991347 -0.5753604
vn 0.5822032 0.2795721 -0.7634651
vn 0.3892542 0.2633208 -0.8826910
vn 0.1956381 0.2529971 -0.9474799
vn 0.0038947 0.2494127 -0.9683895
vn -0.1877982 0.2527173 -0.9491395
vn -0.3813405 0.2627752 -0.8863005
vn -0.5744772 0.2788188 -0.7695687
vn -0.7545428 0.2983355 -0.5845178
vn -0.8919981 0.3156851 -0.3235464
vn -0.9463585 0.3230493 -0.0066860
vn -0.8960967 0.3162309 0.3114622
vn -0.7612351 0.2991347 0.5753604
vn -0.5822032 0.2795721 0.7634651
vn -0.3892542 0.2633208 0.8826910
vn -0.1956381 0.2529971 0.9474799
vn -0.0038947 0.2494127 0.9683895
vn 0.1877982 0.2527173 0.9491395
vn 0.3813405 0.2627752 0.8863005
vn 0.5744772 0.2788188 0.7695687
vn 0.7545428 0.2983355 0.5845178
vn 0.8919981 0.3156851 0.3235464
vn 0.9463585 0.3230493 0.0066860
vn 0.8762891 0.4816824 0.0099691
vn 0.8333356 0.4731423 -0.2858113
vn 0.7139961 0.4509534 -0.5355843
vn 0.5511973 0.4248382 -0.7181184
vn 0.3716574 0.4026029 -0.8365295
vn 0.1886415 0.3882042 -0.9020598
vn 0.0059820 0.3830862 -0.9236932
vn -0.1766448 0.3875770 -0.9047545
vn -0.3596847 0.4013936 -0.8423242
vn -0.5397256 0.4231996 -0.7277351
vn -0.7042932 0.4492559 -0.5496728
vn -0.8275225 0.4720080 -0.3039981
vn -0.8762891 0.4816824 -0.0099691
vn -0.8333356 0.4731423 0.2858113
vn -0.7139961 0.4509534 0.5355843
vn -0.5511973 0.4248382 0.7181184
vn -0.3716574 0.4026029 0.8365295
vn -0.1886415 0.3882042 0.9020598
vn -0.0059820 0.3830862 0.9236932
vn 0.1766448 0.3875770 0.9047545
vn 0.3596847 0.4013936 0.8423242
vn 0.5397256 0.4231996 0.7277351
vn 0.7042932 0.4492559 0.5496728
vn 0.8275225 0.4720080 0.3039981
vn 0.8762891 0.4816824 0.0099691
vn 0.7732983 0.6339067 0.0131196
vn 0.7394453 0.6253938 -0.2492051
vn 0.6408980 0.6021972 -0.4760339
vn 0.5013061 0.5738156 -0.6476325
vn 0.3421495 0.5487829 -0.7627391
vn 0.1760305 0.5321119 -0.8281728
vn 0.0082136 0.5259948 -0.8504481
vn -0.1596531 0.5310294 -0.8321770
vn -0.3260833 0.5467315 -0.7712032
vn -0.4863317 0.5711116 -0.6612965
vn -0.6286551 0.5994896 -0.4953836
vn -0.7323289 0.6236384 -0.2734402
vn -0.7732983 0.6339067 -0.0131196
vn -0.7394453 0.6253938 0.2492051
vn -0.6408980 0.6021972 0.4760339
vn -0.5013061 0.5738156 0.6476325
vn -0.3421495 0.5487829 0.7627391
vn -0.1760305 0.5321119 0.8281728
vn -0.0082136 0.5259948 0.8504481
vn 0.1596531 0.5310294 0.8321770
vn 0.3260833 0.5467315 0.7712032
vn 0.4863317 0.5711116 0.6612965
vn 0.6286551 0.5994896 0.4953836
vn 0.7323289 0.6236384 0.2734402
vn 0.7732983 0.6339067 0.0131196
vn 0.6347277 0.7725704 0.0159894
vn 0.6108952 0.7658917 -0.2005417
vn 0.5369445 0.7464654 -0.3930394
vn 0.4271186 0.7215013 -0.5449822
vn 0.2963577 0.6984417 -0.6514225
vn 0.1554173 0.6824825 -0.7141870
vn 0.0105615 0.6763584 -0.7364969
vn -0.1345255 0.6809448 -0.7198729
vn -0.2763364 0.6955948 -0.6631636
vn -0.4091232 0.7178827 -0.5632607
vn -0.5228448 0.7429931 -0.4178453
vn -0.6029901 0.7637204 -0.2305085
vn -0.6347277 0.7725704 -0.0159894
vn -0.6108952 0.7658917 0.2005417
vn -0.5369445 0.7464654 0.3930394
vn -0.4271186 0.7215013 0.5449822
vn -0.2963577 0.6984417 0.6514225
vn -0.1554173 0.6824825 0.7141870
vn -0.0105615 0.6763584 0.7364969
vn 0.1345255 0.6809448 0.7198729
vn 0.2763364 0.6955948 0.6631636
vn 0.4091232 0.7178827 0.5632607
vn 0.5228448 0.7429931 0.4178453
vn 0.6029901 0.7637204 0.2305085
vn 0.6347277 0.7725704 0.0159894
vn 0.4619190 0.8867322 0.0183522
vn 0.4478893 0.8830376 -0.1401421
vn 0.3997977 0.8711328 -0.2851131
vn 0.3243469 0.8549175 -0.4048644
vn 0.2298971 0.8390877 -0.4930306
vn 0.1240598 0.8275735 -0.5474771
vn 0.0128490 0.8228478 -0.5681166
vn -0.0988867 0.8258348 -0.5551742
vn -0.2064295 0.8359562 -0.5084919
vn -0.3041025 0.8510973 -0.4279661
vn -0.3846419 0.8676302 -0.3150689
vn -0.4396978 0.8809262 -0.1750285
vn -0.4619190 0.8867322 -0.0183522
vn -0.4478893 0.8830376 0.1401421
vn -0.3997977 0.8711328 0.2851131
vn -0.3243469 0.8549175 0.4048644
vn -0.2298971 0.8390877 0.4930306
vn -0.1240598 0.8275735 0.5474771
vn -0.0128490 0.8228478 0.5681166
vn 0.0988867 0.8258348 0.5551742
vn 0.2064295 0.8359562 0.5084919
vn 0.3041025 0.8510973 0.4279661
vn 0.3846419 0.8676302 0.3150689
vn 0.4396978 0.8809262 0.1750285
vn 0.4619190 0.8867322 0.0183522
vn 0.2699136 0.9626784 0.0199240
vn 0.2643237 0.9616470 -0.0732667
vn 0.2399427 0.9573891 -0.1607281
vn 0.1990726 0.9511410 -0.2360103
vn 0.1452025 0.9446393 -0.2942325
vn 0.0823558 0.9395950 -0.3322330
vn 0.0146357 0.9372692 -0.3482992
vn -0.0539328 0.9382240 -0.3417996
vn -0.1193482 0.9422302 -0.3129829
vn -0.1775369 0.9483032 -0.2630621
vn -0.2244034 0.9548814 -0.1945370
vn -0.2561586 0.9601773 -0.1115448
vn -0.2699136 0.9626784 -0.0199240
vn -0.2643237 0.9616470 0.0732667
vn -0.2399427 0.9573891 0.1607281
vn -0.1990726 0.9511410 0.2360103
vn -0.1452025 0.9446393 0.2942325
vn -0.0823558 0.9395950 0.3322330
vn -0.0146357 0.9372692 0.3482992
vn 0.0539328 0.9382240 0.3417996
vn 0.1193482 0.9422302 0.3129829
vn 0.1775369 0.9483032 0.2630621
vn 0.2244034 0.9548814 0.1945370
vn 0.2561586 0.9601773 0.1115448
vn 0.2699136 0.9626784 0.0199240
vn -0.0000000 1.0000000 -0.0000000
s 1
f 1/1/1 3/3/3 2/2/2
f 1/1/1 4/4/4 3/3/3
f 1/1/1 5/5/5 4/4/4
f 1/1/1 6/6/6 5/5/5
f 1/1/1 7/7/7 6/6/6
f 1/1/1 8/8/8 7/7/7
f 1/1/1 9/9/9 8/8/8
f 1/1/1 10/10/10 9/9/9
f 1/1/1 11/11/11 10/10/10
f 1/1/1 12/12/12 11/11/11
f 1/1/1 13/13/13 12/12/12
f 1/1/1 14/14/14 13/13/13
f 1/1/1 15/15/15 14/14/14
f 1/1/1 16/16/16 15/15/15
f 1/1/1 17/17/17 16/16/16
f 1/1/1 18/18/18 17/17/17
f 1/1/1 19/19/19 18/18/18
f 1/1/1 20/20/20 19/19/19
f 1/1/1 21/21/21 20/20/20
f 1/1/1 22/22/22 21/21/21
f 1/1/1 23/23/23 22/22/22
f 1/1/1 24/24/24 23/23/23
f 1/1/1 25/25/25 24/24/24
f 1/1/1 26/26/26 25/25/25
f 2/2/2 3/3/3 28/28/28
f 2/2/2 28/28/28 27/27/27
f 3/3/3 4/4/4 29/29/29
f 3/3/3 29/29/29 28/28/28
f 4/4/4 5/5/5 30/30/30
f 4/4/4 30/30/30 29/29/29
f 5/5/5 6/6/6 31/31/31
f 5/5/5 31/31/31 30/30/30
f 6/6/6 7/7/7 32/32/32
f 6/6/6 32/32/32 31/31/31
f 7/7/7 8/8/8 33/33/33
f 7/7/7 33/33/33 32/32/32
f 8/8/8 9/9/9 34/34/34
f 8/8/8 34/34/34 33/33/33
f 9/9/9 10/10/10 35/35/35
f 9/9/9 35/35/35 34/34/34
f 10/10/10 11/11/11 36/36/36
f 10/10/10 36/36/36 35/35/35
f 11/11/11 12/12/12 37/37/37
f 11/11/11 37/37/37 36/36/36
f 12/12/12 13/13/13 38/38/38
f 12/12/12 38/38/38 37/37/37
f 13/13/13 14/14/14 39/39/39
f 13/13/13 39/39/39 38/38/38
f 14/14/14 15/15/15 40/40/40
f 14/14/14 40/40/40 39/39/39
f 15/15/15 16/16/16 41/41/41
f 15/15/15 41/41/41 40/40/40
f 16/16/16 17/17/17 42/42/42
f 16/16/16 42/42/42 41/41/41
f 17/17/17 18/18/18 43/43/43
f 17/17/17 43/43/43 42/42/42
f 18/18/18 19/19/19 44/44/44
f 18/18/18 44/44/44 43/43/43
f 19/19/19 20/20/20 45/45/45
f 19/19/19 45/45/45 44/44/44
f 20/20/20 21/21/21 46/46/46
f 20/20/20 46/46/46 45/45/45
f 21/21/21 22/22/22 47/47/47
f 21/21/21 47/47/47 46/46/46
f 22/22/22 23/23/23 48/48/48
f 22/22/22 48/48/48 47/47/47
f 23/23/23 24/24/24 49/49/49
f 23/23/23 49/49/49 48/48/48
f 24/24/24 25/25/25 50/50/50
f 24/24/24 50/50/50 49/49/49
f 25/25/25 26/26/26 51/51/51
f 25/25/25 51/51/51 50/50/50
f 27/27/27 28/28/28 53/53/53
f 27/27/27 53/53/53 52/52/52
f 28/28/28 29/29/29 54/54/54
f 28/28/28 54/54/54 53/53/53
f 29/29/29 30/30/30 55/55/55
f 29/29/29 55/55/55 54/54/54
f 30/30/30 31/31/31 56/56/56
f 30/30/30 56/56/56 55/55/55
f 31/31/31 32/32/32 57/57/57
f 31/31/31 57/57/57 56/56/56
f 32/32/32 33/33/33 58/58/58
f 32/32/32 58/58/58 57/57/57
f 33/33/33 34/34/34 59/59/59
f 33/33/33 59/59/59 58/58/58
f 34/34/34 35/35/35 60/60/60
f 34/34/34 60/60/60 59/59/59
f 35/35/35 36/36/36 61/61/61
f 35/35/35 61/61/61 60/60/60
f 36/36/36 37/37/37 62/62/62
f 36/36/36 62/62/62 61/61/61
f 37/37/37 38/38/38 63/63/63
f 37/37/37 63/63/63 62/62/62
f 38/38/38 39/39/39 64/64/64
f 38/38/38 64/64/64 63/63/63
f 39/39/39 40/40/40 65/65/65
f 39/39/39 65/65/65 64/64/64
f 40/40/40 41/41/41 66/66/66
f 40/40/40 66/66/66 65/65/65
f 41/41/41 42/42/42 67/67/67
f 41/41/41 67/67/67 66/66/66
f 42/42/42 43/43/43 68/68/68
f 42/42/42 68/68/68 67/67/67
f 43/43/43 44/44/44 69/69/69
f 43/43/43 69/69/69 68/68/68
f 44/44/44 45/45/45 70/70/70
f 44/44/44 70/70/70 69/69/69
f 45/45/45 46/46/46 71/71/71
f 45/45/45 71/71/71 70/70/70
f 46/46/46 47/47/47 72/72/72
f 46/46/46 72/72/72 71/71/71
f 47/47/47 48/48/48 73/73/73
f 47/47/47 73/73/73 72/72/72
f 48/48/48 49/49/49 74/74/74
f 48/48/48 74/74/74 73/73/73
f 49/49/49 50/50/50 75/75/75
f 49/49/49 75/75/75 74/74/74
f 50/50/50 51/51/51 76/76/76
f 50/50/50 76/76/76 75/75/75
f 52/52/52 53/53/53 78/78/78
f 52/52/52 78/78/78 77/77/77
f 53/53/53 54/54/54 79/79/79
f 53/53/53 79/79/79 78/78/78
f 54/54/54 55/55/55 80/80/80
f 54/54/54 80/80/80 79/79/79
f 55/55/55 56/56/56 81/81/81
f 55/55/55 81/81/81 80/80/80
f 56/56/56 57/57/57 82/82/82
f 56/56/56 82/82/82 81/81/81
f 57/57/57 58/58/58 83/83/83
f 57/57/57 83/83/83 82/82/82
f 58/58/58 59/59/59 84/84/84
f 58/58/58 84/84/84 83/83/83
f 59/59/59 60/60/60 85/85/85
f 59/59/59 85/85/85 84/84/84
f 60/60/60 61/61/61 86/86/86
f 60/60/60 86/86/86 85/85/85
f 61/61/61 62/62/62 87/87/87
f 61/61/61 87/87/87 86/86/86
f 62/62/62 63/63/63 88/88/88
f 62/62/62 88/88/88 87/87/87
f 63/63/63 64/64/64 89/89/89
f 63/63/63 89/89/89 88/88/88
f 64/64/64 65/65/65 90/90/90
f 64/64/64 90/90/90 89/89/89
f 65/65/65 66/66/66 91/91/91
f 65/65/65 91/91/91 90/90/90
f 66/66/66 67/67/67 92/92/92
f 66/66/66 92/92/92 91/91/91
f 67/67/67 68/68/68 93/93/93
f 67/67/67 93/93/93 92/92/92
f 68/68/68 69/69/69 94/94/94
f 68/68/68 94/94/94 93/93/93
f 69/69/69 70/70/70 95/95/95
f 69/69/69 95/95/95 94/94/94
f 70/70/70 71/71/71 96/96/96
f 70/70/70 96/96/96 95/95/95
f 71/71/71 72/72/72 97/97/97
f 71/71/71 97/97/97 96/96/96
f 72/72/72 73/73/73 98/98/98
f 72/72/72 98/98/98 97/97/97
f 73/73/73 74/74/74 99/99/99
f 73/73/73 99/99/99 98/98/98
f 74/74/74 75/75/75 100/100/100
f 74/74/74 100/100/100 99/99/99
f 75/75/75 76/76/76 101/101/101
f 75/75/75 101/101/101 100/100/100
f 77/77/77 78/78/78 103/103/103
f 77/77/77 103/103/103 102/102/102
f 78/78/78 79/79/79 104/104/104
f 78/78/78 104/104/104 103/103/103
f 79/79/79 80/80/80 105/105/105
f 79/79/79 105/105/105 104/104/104
f 80/80/80 81/81/81 106/106/106
f 80/80/80 106/106/106 105/105/105
f 81/81/81 82/82/82 107/107/107
f 81/81/81 107/107/107 106/106/106
f 82/82/82 83/83/83 108/108/108
f 82/82/82 108/108/108 107/107/107
f 83/83/83 84/84/84 109/109/109
f 83/83/83 109/109/109 108/108/108
f 84/84/84 85/85/85 110/110/110
f 84/84/84 110/110/110 109/109/109
f 85/85/85 86/86/86 111/111/111
f 85/85/85 111/111/111 110/110/110
f 86/86/86 87/87/87 112/112/112
f 86/86/86 112/112/112 111/111/111
f 87/87/87 88/88/88 113/113/113
f 87/87/87 113/113/113 112/112/112
f 88/88/88 89/89/89 114/114/114
f 88/88/88 114/114/114 113/113/113
f 89/89/89 90/90/90 115/115/115
f 89/89/89 115/115/115 114/114/114
f 90/90/90 91/91/91 116/116/116
f 90/90/90 116/116/116 115/115/115
f 91/91/91 92/92/92 117/117/117
f 91/91/91 117/117/117 116/116/116
f 92/92/92 93/93/93 118/118/118
f 92/92/92 118/118/118 117/117/117
f 93/93/93 94/94/94 119/119/119
f 93/93/93 119/119/119 118/118/118
f 94/94/94 95/95/95 120/120/120
f 94/94/94 120/120/120 119/119/119
f 95/95/95 96/96/96 121/121/121
f 95/95/95 121/121/121 120/120/120
f 96/96/96 97/97/97 122/122/122
f 96/96/96 122/122/122 121/121/121
f 97/97/97 98/98/98 123/123/123
f 97/97/97 123/123/123 122/122/122
f 98/98/98 99/99/99 124/124/124
f 98/98/98 124/124/124 123/123/123
f 99/99/99 100/100/100 125/125/125
f 99/99/99 125/125/125 124/124/124
f 100/100/100 101/101/101 126/126/126
f 100/100/100 126/126/126 125/125/125
f 102/102/102 103/103/103 128/128/128
f 102/102/102 128/128/128 127/127/127
f 103/103/103 104/104/104 129/129/129
f 103/103/103 129/129/129 128/128/128
f 104/104/104 105/105/105 130/130/130
f 104/104/104 130/130/130 129/129/129
f 105/105/105 106/106/106 131/131/131
f 105/105/105 131/131/131 130/130/130
f 106/106/106 107/107/107 132/132/132
f 106/106/106 132/132/132 131/131/131
f 107/107/107 108/108/108 133/133/133
f 107/107/107 133/133/133 132/132/132
f 108/108/108 109/109/109 134/134/134
f 108/108/108 134/134/134 133/133/133
f 109/109/109 110/110/110 135/135/135
f 109/109/109 135/135/135 134/134/134
f 110/110/110 111/111/111 136/136/136
f 110/110/110 136/136/136 135/135/135
f 111/111/111 112/112/112 137/137/137
f 111/111/111 137/137/137 136/136/136
f 112/112/112 113/113/113 138/138/138
f 112/112/112 138/138/138 137/137/137
f 113/113/113 114/114/114 139/139/139
f 113/113/113 139/139/139 138/138/138
f 114/114/114 115/115/115 140/140/140
f 114/114/114 140/140/140 139/139/139
f 115/115/115 116/116/116 141/141/141
f 115/115/115 141/141/141 140/140/140
f 116/116/116 117/117/117 142/142/142
f 116/116/116 142/142/142 141/141/141
f 117/117/117 118/118/118 143/143/143
f 117/117/117 143/143/143 142/142/142
f 118/118/118 119/119/119 144/144/144
f 118/118/118 144/144/144 143/143/143
f 119/119/119 120/120/120 145/145/145
f 119/119/119 145/145/145 144/144/144
f 120/120/120 121/121/121 146/146/146
f 120/120/120 146/146/146 145/145/145
f 121/121/121 122/122/122 147/147/147
f 121/121/121 147/147/147 146/146/146
f 122/122/122 123/123/123 148/148/148
f 122/122/122 148/148/148 147/147/147
f 123/123/123 124/124/124 149/149/149
f 123/123/123 149/149/149 148/148/148
f 124/124/124 125/125/125 150/150/150
f 124/124/124 150/150/150 149/149/149
f 125/125/125 126/126/126 151/151/151
f 125/125/125 151/151/151 150/150/150
f 127/127/127 128/128/128 153/153/153
f 127/127/127 153/153/153 152/152/152
f 128/128/128 129/129/129 154/154/154
f 128/128/128 154/154/154 153/153/153
f 129/129/129 130/130/130 155/155/155
f 129/129/129 155/155/155 154/154/154
f 130/130/130 131/131/131 156/156/156
f 130/130/130 156/156/156 155/155/155
f 131/131/131 132/132/132 157/157/157
f 131/131/131 157/157/157 156/156/156
f 132/132/132 133/133/133 158/158/158
f 132/132/132 158/158/158 157/157/157
f 133/133/133 134/134/134 159/159/159
f 133/133/133 159/159/159 158/158/158
f 134/134/134 135/135/135 160/160/160
f 134/134/134 160/160/160 159/159/159
f 135/135/135 136/136/136 161/161/161
f 135/135/135 161/161/161 160/160/160
f 136/136/136 137/137/137 162/162/162
f 136/136/136 162/162/162 161/161/161
f 137/137/137 138/138/138 163/163/163
f 137/137/137 163/163/163 162/162/162
f 138/138/138 139/139/139 164/164/164
f 138/138/138 164/164/164 163/163/163
f 139/139/139 140/140/140 165/165/165
f 139/139/139 165/165/165 164/164/164
f 140/140/140 141/141/141 166/166/166
f 140/140/140 166/166/166 165/165/165
f 141/141/141 142/142/142 167/167/167
f 141/141/141 167/167/167 166/166/166
f 142/142/142 143/143/143 168/168/168
f 142/142/142 168/168/168 167/167/167
f 143/143/143 144/144/144 169/169/169
f 143/143/143 169/169/169 168/168/168
f 144/144/144 145/145/145 170/170/170
f 144/144/144 170/170/170 169/169/169
f 145/145/145 146/146/146 171/171/171
f 145/145/145 171/171/171 170/170/170
f 146/146/146 147/147/147 172/172/172
f 146/146/146 172/172/172 171/171/171
f 147/147/147 148/148/148 173/173/173
f 147/147/147 173/173/173 172/172/172
f 148/148/148 149/149/149 174/174/174
f 148/148/148 174/174/174 173/173/173
f 149/149/149 150/150/150 175/175/175
f 149/149/149 175/175/175 174/174/174
f 150/150/150 151/151/151 176/176/176
f 150/150/150 176/176/176 175/175/175
f 152/152/152 153/153/153 178/178/178
f 152/152/152 178/178/178 177/177/177
f 153/153/153 154/154/154 179/179/179
f 153/153/153 179/179/179 178/178/178
f 154/154/154 155/155/155 180/180/180
f 154/154/154 180/180/180 179/179/179
f 155/155/155 156/156/156 181/181/181
f 155/155/155 181/181/181 180/180/180
f 156/156/156 157/157/157 182/182/182
f 156/156/156 182/182/182 181/181/181
f 157/157/157 158/158/158 183/183/183
f 157/157/157 183/183/183 182/182/182
f 158/158/158 159/159/159 184/184/184
f 158/158/158 184/184/184 183/183/183
f 159/159/159 160/160/160 185/185/185
f 159/159/159 185/185/185 184/184/184
f 160/160/160 161/161/161 186/186/186
f 160/160/160 186/186/186 185/185/185
f 161/161/161 162/162/162 187/187/187
f 161/161/161 187/187/187 186/186/186
f 162/162/162 163/163/163 188/188/188
f 162/162/162 188/188/188 187/187/187
f 163/163/163 164/164/164 189/189/189
f 163/163/163 189/189/189 188/188/188
f 164/164/164 165/165/165 190/190/190
f 164/164/164 190/190/190 189/189/189
f 165/165/165 166/166/166 191/191/191
f 165/165/165 191/191/191 190/190/190
f 166/166/166 167/167/167 192/192/192
f 166/166/166 192/192/192 191/191/191
f 167/167/167 168/168/168 193/193/193
f 167/167/167 193/193/193 192/192/192
f 168/168/168 169/169/169 194/194/194
f 168/168/168 194/194/194 193/193/193
f 169/169/169 170/170/170 195/195/195
f 169/169/169 195/195/195 194/194/194
f 170/170/170 171/171/171 196/196/196
f 170/170/170 196/196/196 195/195/195
f 171/171/171 172/172/172 197/197/197
f 171/171/171 197/197/197 196/196/196
f 172/172/172 173/173/173 198/198/198
f 172/172/172 198/198/198 197/197/197
f 173/173/173 174/174/174 199/199/199
f 173/173/173 199/199/199 198/198/198
f 174/174/174 175/175/175 200/200/200
f 174/174/174 200/200/200 199/199/199
f 175/175/175 176/176/176 201/201/201
f 175/175/175 201/201/201 200/200/200
f 177/177/177 178/178/178 203/203/203
f 177/177/177 203/203/203 202/202/202
f 178/178/178 179/179/179 204/204/204
f 178/178/178 204/204/204 203/203/203
f 179/179/179 180/180/180 205/205/205
f 179/179/179 205/205/205 204/204/204
f 180/180/180 181/181/181 206/206/206
f 180/180/180 206/206/206 205/205/205
f 181/181/181 182/182/182 207/207/207
f 181/181/181 207/207/207 206/206/206
f 182/182/182 183/183/183 208/208/208
f 182/182/182 208/208/208 207/207/207
f 183/183/183 184/184/184 209/209/209
f 183/183/183 209/209/209 208/208/208
f 184/184/184 185/185/185 210/210/210
f 184/184/184 210/210/210 209/209/209
f 185/185/185 186/186/186 211/211/211
f 185/185/185 211/211/211 210/210/210
f 186/186/186 187/187/187 212/212/212
f 186/186/186 212/212/212 211/211/211
f 187/187/187 188/188/188 213/213/213
f 187/187/187 213/213/213 212/212/212
f 188/188/188 189/189/189 214/214/214
f 188/188/188 214/214/214 213/213/213
f 189/189/189 190/190/190 215/215/215
f 189/189/189 215/215/215 214/214/214
f 190/190/190 191/191/191 216/216/216
f 190/190/190 216/216/216 215/215/215
f 191/191/191 192/192/192 217/217/217
f 191/191/191 217/217/217 216/216/216
f 192/192/192 193/193/193 218/218/218
f 192/192/192 218/218/218 217/217/217
f 193/193/193 194/194/194 219/219/219
f 193/193/193 219/219/219 218/218/218
f 194/194/194 195/195/195 220/220/220
f 194/194/194 220/220/220 219/219/219
f 195/195/195 196/196/196 221/221/221
f 195/195/195 221/221/221 220/220/220
f 196/196/196 197/197/197 222/222/222
f 196/196/196 222/222/222 221/221/221
f 197/197/197 198/198/198 223/223/223
f 197/197/197 223/223/223 222/222/222
f 198/198/198 199/199/199 224/224/224
f 198/198/198 224/224/224 223/223/223
f 199/199/199 200/200/200 225/225/225
f 199/199/199 225/225/225 224/224/224
f 200/200/200 201/201/201 226/226/226
f 200/200/200 226/226/226 225/225/225
f 202/202/202 203/203/203 228/228/228
f 202/202/202 228/228/228 227/227/227
f 203/203/203 204/204/204 229/229/229
f 203/203/203 229/229/229 228/228/228
f 204/204/204 205/205/205 230/230/230
f 204/204/204 230/230/230 229/229/229
f 205/205/205 206/206/206 231/231/231
f 205/205/205 231/231/231 230/230/230
f 206/206/206 207/207/207 232/232/232
f 206/206/206 232/232/232 231/231/231
f 207/207/207 208/208/208 233/233/233
f 207/207/207 233/233/233 232/232/232
f 208/208/208 209/209/209 234/234/234
f 208/208/208 234/234/234 233/233/233
f 209/209/209 210/210/210 235/235/235
f 209/209/209 235/235/235 234/234/234
f 210/210/210 211/211/211 236/236/236
f 210/210/210 236/236/236 235/235/235
f 211/211/211 212/212/212 237/237/237
f 211/211/211 237/237/237 236/236/236
f 212/212/212 213/213/213 238/238/238
f 212/212/212 238/238/238 237/237/237
f 213/213/213 214/214/214 239/239/239
f 213/213/213 239/239/239 238/238/238
f 214/214/214 215/215/215 240/240/240
f 214/214/214 240/240/240 239/239/239
f 215/215/215 216/216/216 241/241/241
f 215/215/215 241/241/241 240/240/240
f 216/216/216 217/217/217 242/242/242
f 216/216/216 242/242/242 241/241/241
f 217/217/217 218/218/218 243/243/243
f 217/217/217 243/243/243 242/242/242
f 218/218/218 219/219/219 244/244/244
f 218/218/218 244/244/244 243/243/243
f 219/219/219 220/220/220 245/245/245
f 219/219/219 245/245/245 244/244/244
f 220/220/220 221/221/221 246/246/246
f 220/220/220 246/246/246 245/245/245
f 221/221/221 222/222/222 247/247/247
f 221/221/221 247/247/247 246/246/246
f 222/222/222 223/223/223 248/248/248
f 222/222/222 248/248/248 247/247/247
f 223/223/223 224/224/224 249/249/249
f 223/223/223 249/249/249 248/248/248
f 224/224/224 225/225/225 250/250/250
f 224/224/224 250/250/250 249/249/249
f 225/225/225 226/226/226 251/251/251
f 225/225/225 251/251/251 250/250/250
f 227/227/227 228/228/228 253/253/253
f 227/227/227 253/253/253 252/252/252
f 228/228/228 229/229/229 254/254/254
f 228/228/228 254/254/254 253/253/253
f 229/229/229 230/230/230 255/255/255
f 229/229/229 255/255/255 254/254/254
f 230/230/230 231/231/231 256/256/256
f 230/230/230 256/256/256 255/255/255
f 231/231/231 232/232/232 257/257/257
f 231/231/231 257/257/257 256/256/256
f 232/232/232 233/233/233 258/258/258
f 232/232/232 258/258/258 257/257/257
f 233/233/233 234/234/234 259/259/259
f 233/233/233 259/259/259 258/258/258
f 234/234/234 235/235/235 260/260/260
f 234/234/234 260/260/260 259/259/259
f 235/235/235 236/236/236 261/261/261
f 235/235/235 261/261/261 260/260/260
f 236/236/236 237/237/237 262/262/262
f 236/236/236 262/262/262 261/261/261
f 237/237/237 238/238/238 263/263/263
f 237/237/237 263/263/263 262/262/262
f 238/238/238 239/239/239 264/264/264
f 238/238/238 264/264/264 263/263/263
f 239/239/239 240/240/240 265/265/265
f 239/239/239 265/265/265 264/264/264
f 240/240/240 241/241/241 266/266/266
f 240/240/240 266/266/266 265/265/265
f 241/241/241 242/242/242 267/267/267
f 241/241/241 267/267/267 266/266/266
f 242/242/242 243/243/243 268/268/268
f 242/242/242 268/268/268 267/267/267
f 243/243/243 244/244/244 269/269/269
f 243/243/243 269/269/269 268/268/268
f 244/244/244 245/245/245 270/270/270
f 244/244/244 270/270/270 269/269/269
f 245/245/245 246/246/246 271/271/271
f 245/245/245 271/271/271 270/270/270
f 246/246/246 247/247/247 272/272/272
f 246/246/246 272/272/272 271/271/271
f 247/247/247 248/248/248 273/273/273
f 247/247/247 273/273/273 272/272/272
f 248/248/248 249/249/249 274/274/274
f 248/248/248 274/274/274 273/273/273
f 249/249/249 250/250/250 275/275/275
f 249/249/249 275/275/275 274/274/274
f 250/250/250 251/251/251 276/276/276
f 250/250/250 276/276/276 275/275/275
f 252/252/252 253/253/253 278/278/278
f 252/252/252 278/278/278 277/277/277
f 253/253/253 254/254/254 279/279/279
f 253/253/253 279/279/279 278/278/278
f 254/254/254 255/255/255 280/280/280
f 254/254/254 280/280/280 279/279/279
f 255/255/255 256/256/256 281/281/281
f 255/255/255 281/281/281 280/280/280
f 256/256/256 257/257/257 282/282/282
f 256/256/256 282/282/282 281/281/281
f 257/257/257 258/258/258 283/283/283
f 257/257/257 283/283/283 282/282/282
f 258/258/258 259/259/259 284/284/284
f 258/258/258 284/284/284 283/283/283
f 259/259/259 260/260/260 285/285/285
f 259/259/259 285/285/285 284/284/284
f 260/260/260 261/261/261 286/286/286
f 260/260/260 286/286/286 285/285/285
f 261/261/261 262/262/262 287/287/287
f 261/261/261 287/287/287 286/286/286
f 262/262/262 263/263/263 288/288/288
f 262/262/262 288/288/288 287/287/287
f 263/263/263 264/264/264 289/289/289
f 263/263/263 289/289/289 288/288/288
f 264/264/264 265/265/265 290/290/290
f 264/264/264 290/290/290 289/289/289
f 265/265/265 266/266/266 291/291/291
f 265/265/265 291/291/291 290/290/290
f 266/266/266 267/267/267 292/292/292
f 266/266/266 292/292/292 291/291/291
f 267/267/267 268/268/268 293/293/293
f 267/267/267 293/293/293 292/292/292
f 268/268/268 269/269/269 294/294/294
f 268/268/268 294/294/294 293/293/293
f 269/269/269 270/270/270 295/295/295
f 269/269/269 295/295/295 294/294/294
f 270/270/270 271/271/271 296/296/296
f 270/270/270 296/296/296 295/295/295
f 271/271/271 272/272/272 297/297/297
f 271/271/271 297/297/297 296/296/296
f 272/272/272 273/273/273 298/298/298
f 272/272/272 298/298/298 297/297/297
f 273/273/273 274/274/274 299/299/299
f 273/273/273 299/299/299 298/298/298
f 274/274/274 275/275/275 300/300/300
f 274/274/274 300/300/300 299/299/299
f 275/275/275 276/276/276 301/301/301
f 275/275/275 301/301/301 300/300/300
f 277/277/277 278/278/278 303/303/303
f 277/277/277 303/303/303 302/302/302
f 278/278/278 279/279/279 304/304/304
f 278/278/278 304/304/304 303/303/303
f 279/279/279 280/280/280 305/305/305
f 279/279/279 305/305/305 304/304/304
f 280/280/280 281/281/281 306/306/306
f 280/280/280 306/306/306 305/305/305
f 281/281/281 282/282/282 307/307/307
f 281/281/281 307/307/307 306/306/306
f 282/282/282 283/283/283 308/308/308
f 282/282/282 308/308/308 307/307/307
f 283/283/283 284/284/284 309/309/309
f 283/283/283 309/309/309 308/308/308
f 284/284/284 285/285/285 310/310/310
f 284/284/284 310/310/310 309/309/309
f 285/285/285 286/286/286 311/311/311
f 285/285/285 311/311/311 310/310/310
f 286/286/286 287/287/287 312/312/312
f 286/286/286 312/312/312 311/311/311
f 287/287/287 288/288/288 313/313/313
f 287/287/287 313/313/313 312/312/312
f 288/288/288 289/289/289 314/314/314
f 288/288/288 314/314/314 313/313/313
f 289/289/289 290/290/290 315/315/315
f 289/289/289 315/315/315 314/314/314
f 290/290/290 291/291/291 316/316/316
f 290/290/290 316/316/316 315/315/315
f 291/291/291 292/292/292 317/317/317
f 291/291/291 317/317/317 316/316/316
f 292/292/292 293/293/293 318/318/318
f 292/292/292 318/318/318 317/317/317
f 293/293/293 294/294/294 319/319/319
f 293/293/293 319/319/319 318/318/318
f 294/294/294 295/295/295 320/320/320
f 294/294/294 320/320/320 319/319/319
f 295/295/295 296/296/296 321/321/321
f 295/295/295 321/321/321 320/320/320
f 296/296/296 297/297/297 322/322/322
f 296/296/296 322/322/322 321/321/321
f 297/297/297 298/298/298 323/323/323
f 297/297/297 323/323/323 322/322/322
f 298/298/298 299/299/299 324/324/324
f 298/298/298 324/324/324 323/323/323
f 299/299/299 300/300/300 325/325/325
f 299/299/299 325/325/325 324/324/324
f 300/300/300 301/301/301 326/326/326
f 300/300/300 326/326/326 325/325/325
f 302/302/302 303/303/303 328/328/328
f 302/302/302 328/328/328 327/327/327
f 303/303/303 304/304/304 329/329/329
f 303/303/303 329/329/329 328/328/328
f 304/304/304 305/305/305 330/330/330
f 304/304/304 330/330/330 329/329/329
f 305/305/305 306/306/306 331/331/331
f 305/305/305 331/331/331 330/330/330
f 306/306/306 307/307/307 332/332/332
f 306/306/306 332/332/332 331/331/331
f 307/307/307 308/308/308 333/333/333
f 307/307/307 333/333/333 332/332/332
f 308/308/308 309/309/309 334/334/334
f 308/308/308 334/334/334 333/333/333
f 309/309/309 310/310/310 335/335/335
f 309/309/309 335/335/335 334/334/334
f 310/310/310 311/311/311 336/336/336
f 310/310/310 336/336/336 335/335/335
f 311/311/311 312/312/312 337/337/337
f 311/311/311 337/337/337 336/336/336
f 312/312/312 313/313/313 338/338/338
f 312/312/312 338/338/338 337/337/337
f 313/313/313 314/314/314 339/339/339
f 313/313/313 339/339/339 338/338/338
f 314/314/314 315/315/315 340/340/340
f 314/314/314 340/340/340 339/339/339
f 315/315/315 316/316/316 341/341/341
f 315/315/315 341/341/341 340/340/340
f 316/316/316 317/317/317 342/342/342
f 316/316/316 342/342/342 341/341/341
f 317/317/317 318/318/318 343/343/343
f 317/317/317 343/343/343 342/342/342
f 318/318/318 319/319/319 344/344/344
f 318/318/318 344/344/344 343/343/343
f 319/319/319 320/320/320 345/345/345
f 319/319/319 345/345/345 344/344/344
f 320/320/320 321/321/321 346/346/346
f 320/320/320 346/346/346 345/345/345
f 321/321/321 322/322/322 347/347/347
f 321/321/321 347/347/347 346/346/346
f 322/322/322 323/323/323 348/348/348
f 322/322/322 348/348/348 347/347/347
f 323/323/323 324/324/324 349/349/349
f 323/323/323 349/349/349 348/348/348
f 324/324/324 325/325/325 350/350/350
f 324/324/324 350/350/350 349/349/349
f 325/325/325 326/326/326 351/351/351
f 325/325/325 351/351/351 350/350/350
f 327/327/327 328/328/328 353/353/353
f 327/327/327 353/353/353 352/352/352
f 328/328/328 329/329/329 354/354/354
f 328/328/328 354/354/354 353/353/353
f 329/329/329 330/330/330 355/355/355
f 329/329/329 355/355/355 354/354/354
f 330/330/330 331/331/331 356/356/356
f 330/330/330 356/356/356 355/355/355
f 331/331/331 332/332/332 357/357/357
f 331/331/331 357/357/357 356/356/356
f 332/332/332 333/333/333 358/358/358
f 332/332/332 358/358/358 357/357/357
f 333/333/333 334/334/334 359/359/359
f 333/333/333 359/359/359 358/358/358
f 334/334/334 335/335/335 360/360/360
f 334/334/334 360/360/360 359/359/359
f 335/335/335 336/336/336 361/361/361
f 335/335/335 361/361/361 360/360/360
f 336/336/336 337/337/337 362/362/362
f 336/336/336 362/362/362 361/361/361
f 337/337/337 338/338/338 363/363/363
f 337/337/337 363/363/363 362/362/362
f 338/338/338 339/339/339 364/364/364
f 338/338/338 364/364/364 363/363/363
f 339/339/339 340/340/340 365/365/365
f 339/339/339 365/365/365 364/364/364
f 340/340/340 341/341/341 366/366/366
f 340/340/340 366/366/366 365/365/365
f 341/341/341 342/342/342 367/367/367
f 341/341/341 367/367/367 366/366/366
f 342/342/342 343/343/343 368/368/368
f 342/342/342 368/368/368 367/367/367
f 343/343/343 344/344/344 369/369/369
f 343/343/343 369/369/369 368/368/368
f 344/344/344 345/345/345 370/370/370
f 344/344/344 370/370/370 369/369/369
f 345/345/345 346/346/346 371/371/371
f 345/345/345 371/371/371 370/370/370
f 346/346/346 347/347/347 372/372/372
f 346/346/346 372/372/372 371/371/371
f 347/347/347 348/348/348 373/373/373
f 347/347/347 373/373/373 372/372/372
f 348/348/348 349/349/349 374/374/374
f 348/348/348 374/374/374 373/373/373
f 349/349/349 350/350/350 375/375/375
f 349/349/349 375/375/375 374/374/374
f 350/350/350 351/351/351 376/376/376
f 350/350/350 376/376/376 375/375/375
f 352/352/352 353/353/353 377/377/377
f 353/353/353 354/354/354 377/377/377
f 354/354/354 355/355/355 377/377/377
f 355/355/355 356/356/356 377/377/377
f 356/356/356 357/357/357 377/377/377
f 357/357/357 358/358/358 377/377/377
f 358/358/358 359/359/359 377/377/377
f 359/359/359 360/360/360 377/377/377
f 360/360/360 361/361/361 377/377/377
f 361/361/361 362/362/362 377/377/377
f 362/362/362 363/363/363 377/377/377
f 363/363/363 364/364/364 377/377/377
f 364/364/364 365/365/365 377/377/377
f 365/365/365 366/366/366 377/377/377
f 366/366/366 367/367/367 377/377/377
f 367/367/367 368/368/368 377/377/377
f 368/368/368 369/369/369 377/377/377
f 369/369/369 370/370/370 377/377/377
f 370/370/370 371/371/371 377/377/377
f 371/371/371 372/372/372 377/377/377
f 372/372/372 373/373/373 377/377/377
f 373/373/373 374/374/374 377/377/377
f 374/374/374 375/375/375 377/377/377
f 375/375/375 376/376/376 377/377/377
o Head
v 6.016127 30.460209 -0.000000
v 6.680101 30.529656 -0.000000
v 6.657477 30.529656 -0.162074
v 6.591146 30.529656 -0.313103
v 6.485628 30.529656 -0.442794
v 6.348114 30.529656 -0.542310
v 6.187976 30.529656 -0.604868
v 6.016127 30.529656 -0.626205
v 5.844278 30.529656 -0.604868
v 5.684140 30.529656 -0.542310
v 5.546626 30.529656 -0.442794
v 5.441108 30.529656 -0.313103
v 5.374777 30.529656 -0.162074
v 5.352153 30.529656 -0.000000
v 5.374777 30.529656 0.162074
v 5.441108 30.529656 0.313103
v 5.546626 30.529656 0.442794
v 5.684140 30.529656 0.542310
v 5.844278 30.529656 0.604868
v 6.016127 30.529656 0.626205
v 6.187976 30.529656 0.604868
v 6.348114 30.529656 0.542310
v 6.485628 30.529656 0.442794
v 6.591146 30.529656 0.313103
v 6.657477 30.529656 0.162074
v 6.680101 30.529656 0.000000
v 7.310781 30.734515 -0.000000
v 7.266667 30.734515 -0.316021
v 7.137330 30.734515 -0.610505
v 6.931586 30.734515 -0.863384
v 6.663454 30.734515 -1.057425
v 6.351208 30.734515 -1.179405
v 6.016127 30.734515 -1.221010
v 5.681046 30.734515 -1.179405
v 5.368800 30.734515 -1.057425
v 5.100668 30.734515 -0.863384
v 4.894924 30.734515 -0.610505
v 4.765587 30.734515 -0.316021
v 4.721473 30.734515 -0.000000
v 4.765587 30.734515 0.316021
v 4.894924 30.734515 0.610505
v 5.100668 30.734515 0.863384
v 5.368800 30.734515 1.057425
v 5.681046 30.734515 1.179405
v 6.016127 30.734515 1.221010
v 6.351208 30.734515 1.179405
v 6.663454 30.734515 1.057425
v 6.931586 30.734515 0.863384
v 7.137330 30.734515 0.610505
v 7.266667 30.734515 0.316021
v 7.310781 30.734515 0.000000
v 7.876541 31.064513 -0.000000
v 7.813149 31.064513 -0.454121
v 7.627293 31.064513 -0.877294
v 7.331639 31.064513 -1.240681
v 6.946334 31.064513 -1.519518
v 6.497638 31.064513 -1.694802
v 6.016127 31.064513 -1.754588
v 5.534616 31.064513 -1.694802
v 5.085920 31.064513 -1.519518
v 4.700615 31.064513 -1.240681
v 4.404961 31.064513 -0.877294
v 4.219105 31.064513 -0.454121
v 4.155713 31.064513 -0.000000
v 4.219105 31.064513 0.454121
v 4.404961 31.064513 0.877294
v 4.700615 31.064513 1.240681
v 5.085920 31.064513 1.519518
v 5.534616 31.064513 1.694802
v 6.016127 31.064513 1.754588
v 6.497638 31.064513 1.694802
v 6.946334 31.064513 1.519518
v 7.331639 31.064513 1.240681
v 7.627293 31.064513 0.877294
v 7.813149 31.064513 0.454121
v 7.876541 31.064513 0.000000
v 8.349013 31.503103 -0.000000
v 8.269522 31.503103 -0.569449
v 8.036465 31.503103 -1.100092
v 7.665726 31.503103 -1.555765
v 7.182570 31.503103 -1.905415
v 6.619922 31.503103 -2.125214
v 6.016127 31.503103 -2.200183
v 5.412332 31.503103 -2.125214
v 4.849684 31.503103 -1.905415
v 4.366528 31.503103 -1.555765
v 3.995789 31.503103 -1.100092
v 3.762732 31.503103 -0.569449
v 3.683241 31.503103 -0.000000
v 3.762732 31.503103 0.569449
v 3.995789 31.503103 1.100092
v 4.366528 31.503103 1.555765
v 4.849684 31.503103 1.905415
v 5.412332 31.503103 2.125214
v 6.016127 31.503103 2.200183
v 6.619922 31.503103 2.125214
v 7.182570 31.503103 1.905415
v 7.665726 31.503103 1.555765
v 8.036465 31.503103 1.100092
v 8.269522 31.503103 0.569449
v 8.349013 31.503103 0.000000
v 8.704504 32.028292 -0.000000
v 8.612899 32.028292 -0.656223
v 8.344329 32.028292 -1.267726
v 7.917096 32.028292 -1.792836
v 7.360315 32.028292 -2.195766
v 6.711930 32.028292 -2.449059
v 6.016127 32.028292 -2.535453
v 5.320324 32.028292 -2.449059
v 4.671939 32.028292 -2.195766
v 4.115158 32.028292 -1.792836
v 3.687924 32.028292 -1.267726
v 3.419354 32.028292 -0.656223
v 3.327750 32.028292 -0.000000
v 3.419354 32.028292 0.656223
v 3.687924 32.028292 1.267726
v 4.115158 32.028292 1.792836
v 4.671939 32.028292 2.195766
v 5.320324 32.028292 2.449059
v 6.016127 32.028292 2.535453
v 6.711930 32.028292 2.449059
v 7.360315 32.028292 2.195766
v 7.917096 32.028292 1.792836
v 8.344329 32.028292 1.267726
v 8.612899 32.028292 0.656223
v 8.704504 32.028292 0.000000
v 8.925188 32.613745 -0.000000
v 8.826064 32.613745 -0.710092
v 8.535448 32.613745 -1.371792
v 8.073144 32.613745 -1.940007
v 7.470658 32.613745 -2.376013
v 6.769047 32.613745 -2.650098
v 6.016127 32.613745 -2.743584
v 5.263207 32.613745 -2.650098
v 4.561596 32.613745 -2.376013
v 3.959110 32.613745 -1.940007
v 3.496806 32.613745 -1.371792
v 3.206190 32.613745 -0.710092
v 3.107066 32.613745 -0.000000
v 3.206190 32.613745 0.710092
v 3.496806 32.613745 1.371792
v 3.959110 32.613745 1.940007
v 4.561596 32.613745 2.376013
v 5.263207 32.613745 2.650098
v 6.016127 32.613745 2.743584
v 6.769047 32.613745 2.650098
v 7.470658 32.613745 2.376013
v 8.073144 32.613745 1.940007
v 8.535448 32.613745 1.371792
v 8.826064 32.613745 0.710092
v 8.925188 32.613745 0.000000
v 9.000000 33.230105 -0.000000
v 8.898327 33.230105 -0.728353
v 8.600237 33.230105 -1.407070
v 8.126044 33.230105 -1.989898
v 7.508063 33.230105 -2.437117
v 6.788410 33.230105 -2.718251
v 6.016127 33.230105 -2.814140
v 5.243844 33.230105 -2.718251
v 4.524190 33.230105 -2.437117
v 3.906210 33.230105 -1.989898
v 3.432017 33.230105 -1.407070
v 3.133927 33.230105 -0.728353
v 3.032254 33.230105 -0.000000
v 3.133927 33.230105 0.728353
v 3.432017 33.230105 1.407070
v 3.906210 33.230105 1.989898
v 4.524190 33.230105 2.437117
v 5.243844 33.230105 2.718251
v 6.016127 33.230105 2.814140
v 6.788410 33.230105 2.718251
v 7.508063 33.230105 2.437117
v 8.126044 33.230105 1.989898
v 8.600237 33.230105 1.407070
v 8.898327 33.230105 0.728353
v 9.000000 33.230105 0.000000
v 8.925188 33.846464 -0.000000
v 8.826064 33.846464 -0.710092
v 8.535448 33.846464 -1.371792
v 8.073144 33.846464 -1.940007
v 7.470658 33.846464 -2.376013
v 6.769047 33.846464 -2.650098
v 6.016127 33.846464 -2.743584
v 5.263207 33.846464 -2.650098
v 4.561596 33.846464 -2.376013
v 3.959110 33.846464 -1.940007
v 3.496806 33.846464 -1.371792
v 3.206190 33.846464 -0.710092
v 3.107066 33.846464 -0.000000
v 3.206190 33.846464 0.710092
v 3.496806 33.846464 1.371792
v 3.959110 33.846464 1.940007
v 4.561596 33.846464 2.376013
v 5.263207 33.846464 2.650098
v 6.016127 33.846464 2.743584
v 6.769047 33.846464 2.650098
v 7.470658 33.846464 2.376013
v 8.073144 33.846464 1.940007
v 8.535448 33.846464 1.371792
v 8.826064 33.846464 0.710092
v 8.925188 33.846464 0.000000
v 8.704504 34.431917 -0.000000
v 8.612899 34.431917 -0.656223
v 8.344329 34.431917 -1.267726
v 7.917096 34.431917 -1.792836
v 7.360315 34.431917 -2.195766
v 6.711930 34.431917 -2.449059
v 6.016127 34.431917 -2.535453
v 5.320324 34.431917 -2.449059
v 4.671939 34.431917 -2.195766
v 4.115158 34.431917 -1.792836
v 3.687924 34.431917 -1.267726
v 3.419354 34.431917 -0.656223
v 3.327750 34.431917 -0.000000
v 3.419354 34.431917 0.656223
v 3.687924 34.431917 1.267726
v 4.115158 34.431917 1.792836
v 4.671939 34.431917 2.195766
v 5.320324 34.431917 2.449059
v 6.016127 34.431917 2.535453
v 6.711930 34.431917 2.449059
v 7.360315 34.431917 2.195766
v 7.917096 34.431917 1.792836
v 8.344329 34.431917 1.267726
v 8.612899 34.431917 0.656223
v 8.704504 34.431917 0.000000
v 8.349013 34.957106 -0.000000
v 8.269522 34.957106 -0.569449
v 8.036465 34.957106 -1.100092
v 7.665726 34.957106 -1.555765
v 7.182570 34.957106 -1.905415
v 6.619922 34.957106 -2.125214
v 6.016127 34.957106 -2.200183
v 5.412332 34.957106 -2.125214
v 4.849684 34.957106 -1.905415
v 4.366528 34.957106 -1.555765
v 3.995789 34.957106 -1.100092
v 3.762732 34.957106 -0.569449
v 3.683241 34.957106 -0.000000
v 3.762732 34.957106 0.569449
v 3.995789 34.957106 1.100092
v 4.366528 34.957106 1.555765
v 4.849684 34.957106 1.905415
v 5.412332 34.957106 2.125214
v 6.016127 34.957106 2.200183
v 6.619922 34.957106 2.125214
v 7.182570 34.957106 1.905415
v 7.665726 34.957106 1.555765
v 8.036465 34.957106 1.100092
v 8.269522 34.957106 0.569449
v 8.349013 34.957106 0.000000
v 7.876541 35.395696 -0.000000
v 7.813149 35.395696 -0.454121
v 7.627293 35.395696 -0.877294
v 7.331639 35.395696 -1.240681
v 6.946334 35.395696 -1.519518
v 6.497638 35.395696 -1.694802
v 6.016127 35.395696 -1.754588
v 5.534616 35.395696 -1.694802
v 5.085920 35.395696 -1.519518
v 4.700615 35.395696 -1.240681
v 4.404961 35.395696 -0.877294
v 4.219105 35.395696 -0.454121
v 4.155713 35.395696 -0.000000
v 4.219105 35.395696 0.454121
v 4.404961 35.395696 0.877294
v 4.700615 35.395696 1.240681
v 5.085920 35.395696 1.519518
v 5.534616 35.395696 1.694802
v 6.016127 35.395696 1.754588
v 6.497638 35.395696 1.694802
v 6.946334 35.395696 1.519518
v 7.331639 35.395696 1.240681
v 7.627293 35.395696 0.877294
v 7.813149 35.395696 0.454121
v 7.876541 35.395696 0.000000
v 7.310781 35.725694 -0.000000
v 7.266667 35.725694 -0.316021
v 7.137330 35.725694 -0.610505
v 6.931586 35.725694 -0.863384
v 6.663454 35.725694 -1.057425
v 6.351208 35.725694 -1.179405
v 6.016127 35.725694 -1.221010
v 5.681046 35.725694 -1.179405
v 5.368800 35.725694 -1.057425
v 5.100668 35.725694 -0.863384
v 4.894924 35.725694 -0.610505
v 4.765587 35.725694 -0.316021
v 4.721473 35.725694 -0.000000
v 4.765587 35.725694 0.316021
v 4.894924 35.725694 0.610505
v 5.100668 35.725694 0.863384
v 5.368800 35.725694 1.057425
v 5.681046 35.725694 1.179405
v 6.016127 35.725694 1.221010
v 6.351208 35.725694 1.179405
v 6.663454 35.725694 1.057425
v 6.931586 35.725694 0.863384
v 7.137330 35.725694 0.610505
v 7.266667 35.725694 0.316021
v 7.310781 35.725694 0.000000
v 6.680101 35.930553 -0.000000
v 6.657477 35.930553 -0.162074
v 6.591146 35.930553 -0.313103
v 6.485628 35.930553 -0.442794
v 6.348114 35.930553 -0.542310
v 6.187976 35.930553 -0.604868
v 6.016127 35.930553 -0.626205
v 5.844278 35.930553 -0.604868
v 5.684140 35.930553 -0.542310
v 5.546626 35.930553 -0.442794
v 5.441108 35.930553 -0.313103
v 5.374777 35.930553 -0.162074
v 5.352153 35.930553 -0.000000
v 5.374777 35.930553 0.162074
v 5.441108 35.930553 0.313103
v 5.546626 35.930553 0.442794
v 5.684140 35.930553 0.542310
v 5.844278 35.930553 0.604868
v 6.016127 35.930553 0.626205
v 6.187976 35.930553 0.604868
v 6.348114 35.930553 0.542310
v 6.485628 35.930553 0.442794
v 6.591146 35.930553 0.313103
v 6.657477 35.930553 0.162074
v 6.680101 35.930553 0.000000
v 6.016127 36.000000 -0.000000
vt 0.5000000 0.6996875
vt 0.0865625 0.8066249
vt 0.1210156 0.8066249
vt 0.1554687 0.8066249
vt 0.1899219 0.8066249
vt 0.2243750 0.8066249
vt 0.2588281 0.8066249
vt 0.2932812 0.8066249
vt 0.3277344 0.8066249
vt 0.3621875 0.8066249
vt 0.3966406 0.8066249
vt 0.4310938 0.8066249
vt 0.4655469 0.8066249
vt 0.5000000 0.8066249
vt 0.5344531 0.8066249
vt 0.5689062 0.8066249
vt 0.6033594 0.8066249
vt 0.6378125 0.8066249
vt 0.6722656 0.8066249
vt 0.7067187 0.8066249
vt 0.7411719 0.8066249
vt 0.7756250 0.8066249
vt 0.8100781 0.8066249
vt 0.8445312 0.8066249
vt 0.8789844 0.8066249
vt 0.9134375 0.8066249
vt 0.0865625 0.7985125
vt 0.1210156 0.7985125
vt 0.1554687 0.7985125
vt 0.1899219 0.7985125
vt 0.2243750 0.7985125
vt 0.2588281 0.7985125
vt 0.2932812 0.7985125
vt 0.3277344 0.7985125
vt 0.3621875 0.7985125
vt 0.3966406 0.7985125
vt 0.4310938 0.7985125
vt 0.4655469 0.7985125
vt 0.5000000 0.7985125
vt 0.5344531 0.7985125
vt 0.5689062 0.7985125
vt 0.6033594 0.7985125
vt 0.6378125 0.7985125
vt 0.6722656 0.7985125
vt 0.7067187 0.7985125
vt 0.7411719 0.7985125
vt 0.7756250 0.7985125
vt 0.8100781 0.7985125
vt 0.8445312 0.7985125
vt 0.8789844 0.7985125
vt 0.9134375 0.7985125
vt 0.0865625 0.7854446
vt 0.1210156 0.7854446
vt 0.1554687 0.7854446
vt 0.1899219 0.7854446
vt 0.2243750 0.7854446
vt 0.2588281 0.7854446
vt 0.2932812 0.7854446
vt 0.3277344 0.7854446
vt 0.3621875 0.7854446
vt 0.3966406 0.7854446
vt 0.4310938 0.7854446
vt 0.4655469 0.7854446
vt 0.5000000 0.7854446
vt 0.5344531 0.7854446
vt 0.5689062 0.7854446
vt 0.6033594 0.7854446
vt 0.6378125 0.7854446
vt 0.6722656 0.7854446
vt 0.7067187 0.7854446
vt 0.7411719 0.7854446
vt 0.7756250 0.7854446
vt 0.8100781 0.7854446
vt 0.8445312 0.7854446
vt 0.8789844 0.7854446
vt 0.9134375 0.7854446
vt 0.0865625 0.7680765
vt 0.1210156 0.7680765
vt 0.1554687 0.7680765
vt 0.1899219 0.7680765
vt 0.2243750 0.7680765
vt 0.2588281 0.7680765
vt 0.2932812 0.7680765
vt 0.3277344 0.7680765
vt 0.3621875 0.7680765
vt 0.3966406 0.7680765
vt 0.4310938 0.7680765
vt 0.4655469 0.7680765
vt 0.5000000 0.7680765
vt 0.5344531 0.7680765
vt 0.5689062 0.7680765
vt 0.6033594 0.7680765
vt 0.6378125 0.7680765
vt 0.6722656 0.7680765
vt 0.7067187 0.7680765
vt 0.7411719 0.7680765
vt 0.7756250 0.7680765
vt 0.8100781 0.7680765
vt 0.8445312 0.7680765
vt 0.8789844 0.7680765
vt 0.9134375 0.7680765
vt 0.0865625 0.7472791
vt 0.1210156 0.7472791
vt 0.1554687 0.7472791
vt 0.1899219 0.7472791
vt 0.2243750 0.7472791
vt 0.2588281 0.7472791
vt 0.2932812 0.7472791
vt 0.3277344 0.7472791
vt 0.3621875 0.7472791
vt 0.3966406 0.7472791
vt 0.4310938 0.7472791
vt 0.4655469 0.7472791
vt 0.5000000 0.7472791
vt 0.5344531 0.7472791
vt 0.5689062 0.7472791
vt 0.6033594 0.7472791
vt 0.6378125 0.7472791
vt 0.6722656 0.7472791
vt 0.7067187 0.7472791
vt 0.7411719 0.7472791
vt 0.7756250 0.7472791
vt 0.8100781 0.7472791
vt 0.8445312 0.7472791
vt 0.8789844 0.7472791
vt 0.9134375 0.7472791
vt 0.0865625 0.7240953
vt 0.1210156 0.7240953
vt 0.1554687 0.7240953
vt 0.1899219 0.7240953
vt 0.2243750 0.7240953
vt 0.2588281 0.7240953
vt 0.2932812 0.7240953
vt 0.3277344 0.7240953
vt 0.3621875 0.7240953
vt 0.3966406 0.7240953
vt 0.4310938 0.7240953
vt 0.4655469 0.7240953
vt 0.5000000 0.7240953
vt 0.5344531 0.7240953
vt 0.5689062 0.7240953
vt 0.6033594 0.7240953
vt 0.6378125 0.7240953
vt 0.6722656 0.7240953
vt 0.7067187 0.7240953
vt 0.7411719 0.7240953
vt 0.7756250 0.7240953
vt 0.8100781 0.7240953
vt 0.8445312 0.7240953
vt 0.8789844 0.7240953
vt 0.9134375 0.7240953
vt 0.0865625 0.6996875
vt 0.1210156 0.6996875
vt 0.1554687 0.6996875
vt 0.1899219 0.6996875
vt 0.2243750 0.6996875
vt 0.2588281 0.6996875
vt 0.2932812 0.6996875
vt 0.3277344 0.6996875
vt 0.3621875 0.6996875
vt 0.3966406 0.6996875
vt 0.4310938 0.6996875
vt 0.4655469 0.6996875
vt 0.5000000 0.6996875
vt 0.5344531 0.6996875
vt 0.5689062 0.6996875
vt 0.6033594 0.6996875
vt 0.6378125 0.6996875
vt 0.6722656 0.6996875
vt 0.7067187 0.6996875
vt 0.7411719 0.6996875
vt 0.7756250 0.6996875
vt 0.8100781 0.6996875
vt 0.8445312 0.6996875
vt 0.8789844 0.6996875
vt 0.9134375 0.6996875
vt 0.0865625 0.6752797
vt 0.1210156 0.6752797
vt 0.1554687 0.6752797
vt 0.1899219 0.6752797
vt 0.2243750 0.6752797
vt 0.2588281 0.6752797
vt 0.2932812 0.6752797
vt 0.3277344 0.6752797
vt 0.3621875 0.6752797
vt 0.3966406 0.6752797
vt 0.4310938 0.6752797
vt 0.4655469 0.6752797
vt 0.5000000 0.6752797
vt 0.5344531 0.6752797
vt 0.5689062 0.6752797
vt 0.6033594 0.6752797
vt 0.6378125 0.6752797
vt 0.6722656 0.6752797
vt 0.7067187 0.6752797
vt 0.7411719 0.6752797
vt 0.7756250 0.6752797
vt 0.8100781 0.6752797
vt 0.8445312 0.6752797
vt 0.8789844 0.6752797
vt 0.9134375 0.6752797
vt 0.0865625 0.6520959
vt 0.1210156 0.6520959
vt 0.1554687 0.6520959
vt 0.1899219 0.6520959
vt 0.2243750 0.6520959
vt 0.2588281 0.6520959
vt 0.2932812 0.6520959
vt 0.3277344 0.6520959
vt 0.3621875 0.6520959
vt 0.3966406 0.6520959
vt 0.4310938 0.6520959
vt 0.4655469 0.6520959
vt 0.5000000 0.6520959
vt 0.5344531 0.6520959
vt 0.5689062 0.6520959
vt 0.6033594 0.6520959
vt 0.6378125 0.6520959
vt 0.6722656 0.6520959
vt 0.7067187 0.6520959
vt 0.7411719 0.6520959
vt 0.7756250 0.6520959
vt 0.8100781 0.6520959
vt 0.8445312 0.6520959
vt 0.8789844 0.6520959
vt 0.9134375 0.6520959
vt 0.0865625 0.6312985
vt 0.1210156 0.6312985
vt 0.1554687 0.6312985
vt 0.1899219 0.6312985
vt 0.2243750 0.6312985
vt 0.2588281 0.6312985
vt 0.2932812 0.6312985
vt 0.3277344 0.6312985
vt 0.3621875 0.6312985
vt 0.3966406 0.6312985
vt 0.4310938 0.6312985
vt 0.4655469 0.6312985
vt 0.5000000 0.6312985
vt 0.5344531 0.6312985
vt 0.5689062 0.6312985
vt 0.6033594 0.6312985
vt 0.6378125 0.6312985
vt 0.6722656 0.6312985
vt 0.7067187 0.6312985
vt 0.7411719 0.6312985
vt 0.7756250 0.6312985
vt 0.8100781 0.6312985
vt 0.8445312 0.6312985
vt 0.8789844 0.6312985
vt 0.9134375 0.6312985
vt 0.0865625 0.6139304
vt 0.1210156 0.6139304
vt 0.1554687 0.6139304
vt 0.1899219 0.6139304
vt 0.2243750 0.6139304
vt 0.2588281 0.6139304
vt 0.2932812 0.6139304
vt 0.3277344 0.6139304
vt 0.3621875 0.6139304
vt 0.3966406 0.6139304
vt 0.4310938 0.6139304
vt 0.4655469 0.6139304
vt 0.5000000 0.6139304
vt 0.5344531 0.6139304
vt 0.5689062 0.6139304
vt 0.6033594 0.6139304
vt 0.6378125 0.6139304
vt 0.6722656 0.6139304
vt 0.7067187 0.6139304
vt 0.7411719 0.6139304
vt 0.7756250 0.6139304
vt 0.8100781 0.6139304
vt 0.8445312 0.6139304
vt 0.8789844 0.6139304
vt 0.9134375 0.6139304
vt 0.0865625 0.6008625
vt 0.1210156 0.6008625
vt 0.1554687 0.6008625
vt 0.1899219 0.6008625
vt 0.2243750 0.6008625
vt 0.2588281 0.6008625
vt 0.2932812 0.6008625
vt 0.3277344 0.6008625
vt 0.3621875 0.6008625
vt 0.3966406 0.6008625
vt 0.4310938 0.6008625
vt 0.4655469 0.6008625
vt 0.5000000 0.6008625
vt 0.5344531 0.6008625
vt 0.5689062 0.6008625
vt 0.6033594 0.6008625
vt 0.6378125 0.6008625
vt 0.6722656 0.6008625
vt 0.7067187 0.6008625
vt 0.7411719 0.6008625
vt 0.7756250 0.6008625
vt 0.8100781 0.6008625
vt 0.8445312 0.6008625
vt 0.8789844 0.6008625
vt 0.9134375 0.6008625
vt 0.0865625 0.5927501
vt 0.1210156 0.5927501
vt 0.1554687 0.5927501
vt 0.1899219 0.5927501
vt 0.2243750 0.5927501
vt 0.2588281 0.5927501
vt 0.2932812 0.5927501
vt 0.3277344 0.5927501
vt 0.3621875 0.5927501
vt 0.3966406 0.5927501
vt 0.4310938 0.5927501
vt 0.4655469 0.5927501
vt 0.5000000 0.5927501
vt 0.5344531 0.5927501
vt 0.5689062 0.5927501
vt 0.6033594 0.5927501
vt 0.6378125 0.5927501
vt 0.6722656 0.5927501
vt 0.7067187 0.5927501
vt 0.7411719 0.5927501
vt 0.7756250 0.5927501
vt 0.8100781 0.5927501
vt 0.8445312 0.5927501
vt 0.8789844 0.5927501
vt 0.9134375 0.5927501
vt 0.5000000 0.6996875
vn -0.0000000 -1.0000000 0.0000000
vn 0.2409077 -0.9704446 -0.0141689
vn 0.2291623 -0.9701140 -0.0797711
vn 0.2017346 -0.9694060 -0.1398398
vn 0.1605780 -0.9685120 -0.1902611
vn 0.1085701 -0.9676719 -0.2276479
vn 0.0492740 -0.9671099 -0.2495408
vn -0.0133152 -0.9669747 -0.2545245
vn -0.0750154 -0.9673020 -0.2422797
vn -0.1316947 -0.9680054 -0.2135930
vn -0.1795100 -0.9688981 -0.1703310
vn -0.2151576 -0.9697413 -0.1153646
vn -0.2361243 -0.9703080 -0.0524187
vn -0.2409077 -0.9704446 0.0141689
vn -0.2291623 -0.9701140 0.0797711
vn -0.2017346 -0.9694060 0.1398398
vn -0.1605780 -0.9685120 0.1902611
vn -0.1085701 -0.9676719 0.2276479
vn -0.0492740 -0.9671099 0.2495408
vn 0.0133152 -0.9669747 0.2545245
vn 0.0750154 -0.9673020 0.2422797
vn 0.1316947 -0.9680054 0.2135930
vn 0.1795100 -0.9688981 0.1703310
vn 0.2151576 -0.9697413 0.1153646
vn 0.2361243 -0.9703080 0.0524187
vn 0.2409077 -0.9704446 -0.0141689
vn 0.4232626 -0.9059105 -0.0132267
vn 0.4052435 -0.9050881 -0.1288147
vn 0.3592198 -0.9031470 -0.2351309
vn 0.2887756 -0.9006224 -0.3247891
vn 0.1991181 -0.8981964 -0.3919122
vn 0.0964874 -0.8965100 -0.4323886
vn -0.0123379 -0.8960004 -0.4438819
vn -0.1203746 -0.8967982 -0.4257498
vn -0.2206636 -0.8986986 -0.3790099
vn -0.3065128 -0.9012070 -0.3063916
vn -0.3718662 -0.9036575 -0.2124114
vn -0.4118297 -0.9053846 -0.1033197
vn -0.4232626 -0.9059105 0.0132267
vn -0.4052435 -0.9050881 0.1288147
vn -0.3592198 -0.9031470 0.2351309
vn -0.2887756 -0.9006224 0.3247891
vn -0.1991181 -0.8981964 0.3919122
vn -0.0964874 -0.8965100 0.4323886
vn 0.0123379 -0.8960004 0.4438819
vn 0.1203746 -0.8967982 0.4257498
vn 0.2206636 -0.8986986 0.3790099
vn 0.3065128 -0.9012070 0.3063916
vn 0.3718662 -0.9036575 0.2124114
vn 0.4118297 -0.9053846 0.1033197
vn 0.4232626 -0.9059105 -0.0132267
vn 0.6032569 -0.7974619 -0.0116433
vn 0.5788646 -0.7960938 -0.1764948
vn 0.5138675 -0.7927140 -0.3279402
vn 0.4139812 -0.7882818 -0.4552267
vn 0.2871898 -0.7840067 -0.5503231
vn 0.1425241 -0.7810034 -0.6080465
vn -0.0107409 -0.7800252 -0.6256559
vn -0.1633644 -0.7813119 -0.6023817
vn -0.3060996 -0.7845475 -0.5392479
vn -0.4296776 -0.7889166 -0.4393037
vn -0.5251532 -0.7932730 -0.3081106
vn -0.5847789 -0.7964206 -0.1541034
vn -0.6032569 -0.7974619 0.0116433
vn -0.5788646 -0.7960938 0.1764948
vn -0.5138675 -0.7927140 0.3279402
vn -0.4139812 -0.7882818 0.4552267
vn -0.2871898 -0.7840067 0.5503231
vn -0.1425241 -0.7810034 0.6080465
vn 0.0107409 -0.7800252 0.6256559
vn 0.1633644 -0.7813119 0.6023817
vn 0.3060996 -0.7845475 0.5392479
vn 0.4296776 -0.7889166 0.4393037
vn 0.5251532 -0.7932730 0.3081106
vn 0.5847789 -0.7964206 0.1541034
vn 0.6032569 -0.7974619 -0.0116433
vn 0.7629218 -0.6464219 -0.0094381
vn 0.7326953 -0.6447264 -0.2179117
vn 0.6501725 -0.6404265 -0.4088149
vn 0.5235740 -0.6347839 -0.5682601
vn 0.3638846 -0.6293553 -0.6866585
vn 0.1827583 -0.6255347 -0.7584891
vn -0.0085958 -0.6242434 -0.7811826
vn -0.1994773 -0.6257820 -0.7540595
vn -0.3791576 -0.6297918 -0.6779394
vn -0.5363722 -0.6353011 -0.5556053
vn -0.6594643 -0.6408864 -0.3929013
vn -0.7376004 -0.6449972 -0.1998105
vn -0.7629218 -0.6464219 0.0094381
vn -0.7326953 -0.6447264 0.2179117
vn -0.6501725 -0.6404265 0.4088149
vn -0.5235740 -0.6347839 0.5682601
vn -0.3638846 -0.6293553 0.6866585
vn -0.1827583 -0.6255347 0.7584891
vn 0.0085958 -0.6242434 0.7811826
vn 0.1994773 -0.6257820 0.7540595
vn 0.3791576 -0.6297918 0.6779394
vn 0.5363722 -0.6353011 0.5556053
vn 0.6594643 -0.6408864 0.3929013
vn 0.7376004 -0.6449972 0.1998105
vn 0.7629218 -0.6464219 -0.0094381
vn 0.8895878 -0.4567155 -0.0066683
vn 0.8546897 -0.4551401 -0.2497059
vn 0.7577779 -0.4510705 -0.4714956
vn 0.6095739 -0.4457378 -0.6555436
vn 0.4238718 -0.4406280 -0.7913151
vn 0.2145075 -0.4370342 -0.8734917
vn -0.0060008 -0.4357910 -0.9000279
vn -0.2262053 -0.4371733 -0.8704658
vn -0.4346246 -0.4408752 -0.7853220
vn -0.6186639 -0.4460332 -0.6467684
vn -0.7644381 -0.4513356 -0.4603591
vn -0.8582302 -0.4552973 -0.2369500
vn -0.8895878 -0.4567155 0.0066683
vn -0.8546897 -0.4551401 0.2497059
vn -0.7577779 -0.4510705 0.4714956
vn -0.6095739 -0.4457378 0.6555436
vn -0.4238718 -0.4406280 0.7913151
vn -0.2145075 -0.4370342 0.8734917
vn 0.0060008 -0.4357910 0.9000279
vn 0.2262053 -0.4371733 0.8704658
vn 0.4346246 -0.4408752 0.7853220
vn 0.6186639 -0.4460332 0.6467684
vn 0.7644381 -0.4513356 0.4603591
vn 0.8582302 -0.4552973 0.2369500
vn 0.8895878 -0.4567155 -0.0066683
vn 0.9715606 -0.2367658 -0.0034569
vn 0.9338584 -0.2358180 -0.2688834
vn 0.8275806 -0.2333302 -0.5105560
vn 0.6653320 -0.2300712 -0.7102116
vn 0.4629469 -0.2269561 -0.8568378
vn 0.2357233 -0.2247649 -0.9454709
vn -0.0030844 -0.2239931 -0.9745859
vn -0.2417452 -0.2248048 -0.9439396
vn -0.4685067 -0.2270272 -0.8537916
vn -0.6700614 -0.2301568 -0.7057234
vn -0.8310687 -0.2334075 -0.5048225
vn -0.9357220 -0.2358641 -0.2622831
vn -0.9715606 -0.2367658 0.0034569
vn -0.9338584 -0.2358180 0.2688834
vn -0.8275806 -0.2333302 0.5105560
vn -0.6653320 -0.2300712 0.7102116
vn -0.4629469 -0.2269561 0.8568378
vn -0.2357233 -0.2247649 0.9454709
vn 0.0030844 -0.2239931 0.9745859
vn 0.2417452 -0.2248048 0.9439396
vn 0.4685067 -0.2270272 0.8537916
vn 0.6700614 -0.2301568 0.7057234
vn 0.8310687 -0.2334075 0.5048225
vn 0.9357220 -0.2358641 0.2622831
vn 0.9715606 -0.2367658 -0.0034569
vn 1.0000000 -0.0000000 0.0000000
vn 0.9619304 0.0000000 -0.2732944
vn 0.8528787 -0.0000000 -0.5221091
vn 0.6861128 -0.0000000 -0.7274952
vn 0.4782117 0.0000000 -0.8782446
vn 0.2450053 0.0000000 -0.9695218
vn 0.0000000 -0.0000000 -1.0000000
vn -0.2450053 -0.0000000 -0.9695218
vn -0.4782117 0.0000000 -0.8782446
vn -0.6861128 0.0000000 -0.7274952
vn -0.8528787 -0.0000000 -0.5221091
vn -0.9619304 0.0000000 -0.2732944
vn -1.0000000 0.0000000 -0.0000000
vn -0.9619304 -0.0000000 0.2732944
vn -0.8528787 0.0000000 0.5221091
vn -0.6861128 0.0000000 0.7274952
vn -0.4782117 -0.0000000 0.8782446
vn -0.2450053 -0.0000000 0.9695218
vn -0.0000000 -0.0000000 1.0000000
vn 0.2450053 -0.0000000 0.9695218
vn 0.4782117 -0.0000000 0.8782446
vn 0.6861128 0.0000000 0.7274952
vn 0.8528787 0.0000000 0.5221091
vn 0.9619304 -0.0000000 0.2732944
vn 1.0000000 -0.0000000 0.0000000
vn 0.9715606 0.2367658 0.0034569
vn 0.9357220 0.2358641 -0.2622831
vn 0.8310687 0.2334075 -0.5048225
vn 0.6700614 0.2301568 -0.7057234
vn 0.4685067 0.2270272 -0.8537916
vn 0.2417452 0.2248048 -0.9439396
vn 0.0030844 0.2239931 -0.9745859
vn -0.2357233 0.2247649 -0.9454709
vn -0.4629469 0.2269561 -0.8568378
vn -0.6653320 0.2300712 -0.7102116
vn -0.8275806 0.2333302 -0.5105560
vn -0.9338584 0.2358180 -0.2688834
vn -0.9715606 0.2367658 -0.0034569
vn -0.9357220 0.2358641 0.2622831
vn -0.8310687 0.2334075 0.5048225
vn -0.6700614 0.2301568 0.7057234
vn -0.4685067 0.2270272 0.8537916
vn -0.2417452 0.2248048 0.9439396
vn -0.0030844 0.2239931 0.9745859
vn 0.2357233 0.2247649 0.9454709
vn 0.4629469 0.2269561 0.8568378
vn 0.6653320 0.2300712 0.7102116
vn 0.8275806 0.2333302 0.5105560
vn 0.9338584 0.2358180 0.2688834
vn 0.9715606 0.2367658 0.0034569
vn 0.8895878 0.4567155 0.0066683
vn 0.8582302 0.4552973 -0.2369500
vn 0.7644381 0.4513356 -0.4603591
vn 0.6186639 0.4460332 -0.6467684
vn 0.4346246 0.4408752 -0.7853220
vn 0.2262053 0.4371733 -0.8704658
vn 0.0060008 0.4357910 -0.9000279
vn -0.2145075 0.4370342 -0.8734917
vn -0.4238718 0.4406280 -0.7913151
vn -0.6095739 0.4457378 -0.6555436
vn -0.7577779 0.4510705 -0.4714956
vn -0.8546897 0.4551401 -0.2497059
vn -0.8895878 0.4567155 -0.0066683
vn -0.8582302 0.4552973 0.2369500
vn -0.7644381 0.4513356 0.4603591
vn -0.6186639 0.4460332 0.6467684
vn -0.4346246 0.4408752 0.7853220
vn -0.2262053 0.4371733 0.8704658
vn -0.0060008 0.4357910 0.9000279
vn 0.2145075 0.4370342 0.8734917
vn 0.4238718 0.4406280 0.7913151
vn 0.6095739 0.4457378 0.6555436
vn 0.7577779 0.4510705 0.4714956
vn 0.8546897 0.4551401 0.2497059
vn 0.8895878 0.4567155 0.0066683
vn 0.7629218 0.6464219 0.0094381
vn 0.7376004 0.6449972 -0.1998105
vn 0.6594643 0.6408864 -0.3929013
vn 0.5363722 0.6353011 -0.5556053
vn 0.3791576 0.6297918 -0.6779394
vn 0.1994773 0.6257820 -0.7540595
vn 0.0085958 0.6242434 -0.7811826
vn -0.1827583 0.6255347 -0.7584891
vn -0.3638846 0.6293553 -0.6866585
vn -0.5235740 0.6347839 -0.5682601
vn -0.6501725 0.6404265 -0.4088149
vn -0.7326953 0.6447264 -0.2179117
vn -0.7629218 0.6464219 -0.0094381
vn -0.7376004 0.6449972 0.1998105
vn -0.6594643 0.6408864 0.3929013
vn -0.5363722 0.6353011 0.5556053
vn -0.3791576 0.6297918 0.6779394
vn -0.1994773 0.6257820 0.7540595
vn -0.0085958 0.6242434 0.7811826
vn 0.1827583 0.6255347 0.7584891
vn 0.3638846 0.6293553 0.6866585
vn 0.5235740 0.6347839 0.5682601
vn 0.6501725 0.6404265 0.4088149
vn 0.7326953 0.6447264 0.2179117
vn 0.7629218 0.6464219 0.0094381
vn 0.6032569 0.7974619 0.0116433
vn 0.5847789 0.7964206 -0.1541034
vn 0.5251532 0.7932730 -0.3081106
vn 0.4296776 0.7889166 -0.4393037
vn 0.3060996 0.7845475 -0.5392479
vn 0.1633644 0.7813119 -0.6023817
vn 0.0107409 0.7800252 -0.6256559
vn -0.1425241 0.7810034 -0.6080465
vn -0.2871898 0.7840067 -0.5503231
vn -0.4139812 0.7882818 -0.4552267
vn -0.5138675 0.7927140 -0.3279402
vn -0.5788646 0.7960938 -0.1764948
vn -0.6032569 0.7974619 -0.0116433
vn -0.5847789 0.7964206 0.1541034
vn -0.5251532 0.7932730 0.3081106
vn -0.4296776 0.7889166 0.4393037
vn -0.3060996 0.7845475 0.5392479
vn -0.1633644 0.7813119 0.6023817
vn -0.0107409 0.7800252 0.6256559
vn 0.1425241 0.7810034 0.6080465
vn 0.2871898 0.7840067 0.5503231
vn 0.4139812 0.7882818 0.4552267
vn 0.5138675 0.7927140 0.3279402
vn 0.5788646 0.7960938 0.1764948
vn 0.6032569 0.7974619 0.0116433
vn 0.4232626 0.9059105 0.0132267
vn 0.4118297 0.9053846 -0.1033197
vn 0.3718662 0.9036575 -0.2124114
vn 0.3065128 0.9012070 -0.3063916
vn 0.2206636 0.8986986 -0.3790099
vn 0.1203746 0.8967982 -0.4257498
vn 0.0123379 0.8960004 -0.4438819
vn -0.0964874 0.8965100 -0.4323886
vn -0.1991181 0.8981964 -0.3919122
vn -0.2887756 0.9006224 -0.3247891
vn -0.3592198 0.9031470 -0.2351309
vn -0.4052435 0.9050881 -0.1288147
vn -0.4232626 0.9059105 -0.0132267
vn -0.4118297 0.9053846 0.1033197
vn -0.3718662 0.9036575 0.2124114
vn -0.3065128 0.9012070 0.3063916
vn -0.2206636 0.8986986 0.3790099
vn -0.1203746 0.8967982 0.4257498
vn -0.0123379 0.8960004 0.4438819
vn 0.0964874 0.8965100 0.4323886
vn 0.1991181 0.8981964 0.3919122
vn 0.2887756 0.9006224 0.3247891
vn 0.3592198 0.9031470 0.2351309
vn 0.4052435 0.9050881 0.1288147
vn 0.4232626 0.9059105 0.0132267
vn 0.2409077 0.9704446 0.0141689
vn 0.2361243 0.9703080 -0.0524187
vn 0.2151576 0.9697413 -0.1153646
vn 0.1795100 0.9688981 -0.1703310
vn 0.1316947 0.9680054 -0.2135930
vn 0.0750154 0.9673020 -0.2422797
vn 0.0133152 0.9669747 -0.2545245
vn -0.0492740 0.9671099 -0.2495408
vn -0.1085701 0.9676719 -0.2276479
vn -0.1605780 0.9685120 -0.1902611
vn -0.2017346 0.9694060 -0.1398398
vn -0.2291623 0.9701140 -0.0797711
vn -0.2409077 0.9704446 -0.0141689
vn -0.2361243 0.9703080 0.0524187
vn -0.2151576 0.9697413 0.1153646
vn -0.1795100 0.9688981 0.1703310
vn -0.1316947 0.9680054 0.2135930
vn -0.0750154 0.9673020 0.2422797
vn -0.0133152 0.9669747 0.2545245
vn 0.0492740 0.9671099 0.2495408
vn 0.1085701 0.9676719 0.2276479
vn 0.1605780 0.9685120 0.1902611
vn 0.2017346 0.9694060 0.1398398
vn 0.2291623 0.9701140 0.0797711
vn 0.2409077 0.9704446 0.0141689
vn -0.0000000 1.0000000 -0.0000000
s 1
f 378/378/378 380/380/380 379/379/379
f 378/378/378 381/381/381 380/380/380
f 378/378/378 382/382/382 381/381/381
f 378/378/378 383/383/383 382/382/382
f 378/378/378 384/384/384 383/383/383
f 378/378/378 385/385/385 384/384/384
f 378/378/378 386/386/386 385/385/385
f 378/378/378 387/387/387 386/386/386
f 378/378/378 388/388/388 387/387/387
f 378/378/378 389/389/389 388/388/388
f 378/378/378 390/390/390 389/389/389
f 378/378/378 391/391/391 390/390/390
f 378/378/378 392/392/392 391/391/391
f 378/378/378 393/393/393 392/392/392
f 378/378/378 394/394/394 393/393/393
f 378/378/378 395/395/395 394/394/394
f 378/378/378 396/396/396 395/395/395
f 378/378/378 397/397/397 396/396/396
f 378/378/378 398/398/398 397/397/397
f 378/378/378 399/399/399 398/398/398
f 378/378/378 400/400/400 399/399/399
f 378/378/378 401/401/401 400/400/400
f 378/378/378 402/402/402 401/401/401
f 378/378/378 403/403/403 402/402/402
f 379/379/379 380/380/380 405/405/405
f 379/379/379 405/405/405 404/404/404
f 380/380/380 381/381/381 406/406/406
f 380/380/380 406/406/406 405/405/405
f 381/381/381 382/382/382 407/407/407
f 381/381/381 407/407/407 406/406/406
f 382/382/382 383/383/383 408/408/408
f 382/382/382 408/408/408 407/407/407
f 383/383/383 384/384/384 409/409/409
f 383/383/383 409/409/409 408/408/408
f 384/384/384 385/385/385 410/410/410
f 384/384/384 410/410/410 409/409/409
f 385/385/385 386/386/386 411/411/411
f 385/385/385 411/411/411 410/410/410
f 386/386/386 387/387/387 412/412/412
f 386/386/386 412/412/412 411/411/411
f 387/387/387 388/388/388 413/413/413
f 387/387/387 413/413/413 412/412/412
f 388/388/388 389/389/389 414/414/414
f 388/388/388 414/414/414 413/413/413
f 389/389/389 390/390/390 415/415/415
f 389/389/389 415/415/415 414/414/414
f 390/390/390 391/391/391 416/416/416
f 390/390/390 416/416/416 415/415/415
f 391/391/391 392/392/392 417/417/417
f 391/391/391 417/417/417 416/416/416
f 392/392/392 393/393/393 418/418/418
f 392/392/392 418/418/418 417/417/417
f 393/393/393 394/394/394 419/419/419
f 393/393/393 419/419/419 418/418/418
f 394/394/394 395/395/395 420/420/420
f 394/394/394 420/420/420 419/419/419
f 395/395/395 396/396/396 421/421/421
f 395/395/395 421/421/421 420/420/420
f 396/396/396 397/397/397 422/422/422
f 396/396/396 422/422/422 421/421/421
f 397/397/397 398/398/398 423/423/423
f 397/397/397 423/423/423 422/422/422
f 398/398/398 399/399/399 424/424/424
f 398/398/398 424/424/424 423/423/423
f 399/399/399 400/400/400 425/425/425
f 399/399/399 425/425/425 424/424/424
f 400/400/400 401/401/401 426/426/426
f 400/400/400 426/426/426 425/425/425
f 401/401/401 402/402/402 427/427/427
f 401/401/401 427/427/427 426/426/426
f 402/402/402 403/403/403 428/428/428
f 402/402/402 428/428/428 427/427/427
f 404/404/404 405/405/405 430/430/430
f 404/404/404 430/430/430 429/429/429
f 405/405/405 406/406/406 431/431/431
f 405/405/405 431/431/431 430/430/430
f 406/406/406 407/407/407 432/432/432
f 406/406/406 432/432/432 431/431/431
f 407/407/407 408/408/408 433/433/433
f 407/407/407 433/433/433 432/432/432
f 408/408/408 409/409/409 434/434/434
f 408/408/408 434/434/434 433/433/433
f 409/409/409 410/410/410 435/435/435
f 409/409/409 435/435/435 434/434/434
f 410/410/410 411/411/411 436/436/436
f 410/410/410 436/436/436 435/435/435
f 411/411/411 412/412/412 437/437/437
f 411/411/411 437/437/437 436/436/436
f 412/412/412 413/413/413 438/438/438
f 412/412/412 438/438/438 437/437/437
f 413/413/413 414/414/414 439/439/439
f 413/413/413 439/439/439 438/438/438
f 414/414/414 415/415/415 440/440/440
f 414/414/414 440/440/440 439/439/439
f 415/415/415 416/416/416 441/441/441
f 415/415/415 441/441/441 440/440/440
f 416/416/416 417/417/417 442/442/442
f 416/416/416 442/442/442 441/441/441
f 417/417/417 418/418/418 443/443/443
f 417/417/417 443/443/443 442/442/442
f 418/418/418 419/419/419 444/444/444
f 418/418/418 444/444/444 443/443/443
f 419/419/419 420/420/420 445/445/445
f 419/419/419 445/445/445 444/444/444
f 420/420/420 421/421/421 446/446/446
f 420/420/420 446/446/446 445/445/445
f 421/421/421 422/422/422 447/447/447
f 421/421/421 447/447/447 446/446/446
f 422/422/422 423/423/423 448/448/448
f 422/422/422 448/448/448 447/447/447
f 423/423/423 424/424/424 449/449/449
f 423/423/423 449/449/449 448/448/448
f 424/424/424 425/425/425 450/450/450
f 424/424/424 450/450/450 449/449/449
f 425/425/425 426/426/426 451/451/451
f 425/425/425 451/451/451 450/450/450
f 426/426/426 427/427/427 452/452/452
f 426/426/426 452/452/452 451/451/451
f 427/427/427 428/428/428 453/453/453
f 427/427/427 453/453/453 452/452/452
f 429/429/429 430/430/430 455/455/455
f 429/429/429 455/455/455 454/454/454
f 430/430/430 431/431/431 456/456/456
f 430/430/430 456/456/456 455/455/455
f 431/431/431 432/432/432 457/457/457
f 431/431/431 457/457/457 456/456/456
f 432/432/432 433/433/433 458/458/458
f 432/432/432 458/458/458 457/457/457
f 433/433/433 434/434/434 459/459/459
f 433/433/433 459/459/459 458/458/458
f 434/434/434 435/435/435 460/460/460
f 434/434/434 460/460/460 459/459/459
f 435/435/435 436/436/436 461/461/461
f 435/435/435 461/461/461 460/460/460
f 436/436/436 437/437/437 462/462/462
f 436/436/436 462/462/462 461/461/461
f 437/437/437 438/438/438 463/463/463
f 437/437/437 463/463/463 462/462/462
f 438/438/438 439/439/439 464/464/464
f 438/438/438 464/464/464 463/463/463
f 439/439/439 440/440/440 465/465/465
f 439/439/439 465/465/465 464/464/464
f 440/440/440 441/441/441 466/466/466
f 440/440/440 466/466/466 465/465/465
f 441/441/441 442/442/442 467/467/467
f 441/441/441 467/467/467 466/466/466
f 442/442/442 443/443/443 468/468/468
f 442/442/442 468/468/468 467/467/467
f 443/443/443 444/444/444 469/469/469
f 443/443/443 469/469/469 468/468/468
f 444/444/444 445/445/445 470/470/470
f 444/444/444 470/470/470 469/469/469
f 445/445/445 446/446/446 471/471/471
f 445/445/445 471/471/471 470/470/470
f 446/446/446 447/447/447 472/472/472
f 446/446/446 472/472/472 471/471/471
f 447/447/447 448/448/448 473/473/473
f 447/447/447 473/473/473 472/472/472
f 448/448/448 449/449/449 474/474/474
f 448/448/448 474/474/474 473/473/473
f 449/449/449 450/450/450 475/475/475
f 449/449/449 475/475/475 474/474/474
f 450/450/450 451/451/451 476/476/476
f 450/450/450 476/476/476 475/475/475
f 451/451/451 452/452/452 477/477/477
f 451/451/451 477/477/477 476/476/476
f 452/452/452 453/453/453 478/478/478
f 452/452/452 478/478/478 477/477/477
f 454/454/454 455/455/455 480/480/480
f 454/454/454 480/480/480 479/479/479
f 455/455/455 456/456/456 481/481/481
f 455/455/455 481/481/481 480/480/480
f 456/456/456 457/457/457 482/482/482
f 456/456/456 482/482/482 481/481/481
f 457/457/457 458/458/458 483/483/483
f 457/457/457 483/483/483 482/482/482
f 458/458/458 459/459/459 484/484/484
f 458/458/458 484/484/484 483/483/483
f 459/459/459 460/460/460 485/485/485
f 459/459/459 485/485/485 484/484/484
f 460/460/460 461/461/461 486/486/486
f 460/460/460 486/486/486 485/485/485
f 461/461/461 462/462/462 487/487/487
f 461/461/461 487/487/487 486/486/486
f 462/462/462 463/463/463 488/488/488
f 462/462/462 488/488/488 487/487/487
f 463/463/463 464/464/464 489/489/489
f 463/463/463 489/489/489 488/488/488
f 464/464/464 465/465/465 490/490/490
f 464/464/464 490/490/490 489/489/489
f 465/465/465 466/466/466 491/491/491
f 465/465/465 491/491/491 490/490/490
f 466/466/466 467/467/467 492/492/492
f 466/466/466 492/492/492 491/491/491
f 467/467/467 468/468/468 493/493/493
f 467/467/467 493/493/493 492/492/492
f 468/468/468 469/469/469 494/494/494
f 468/468/468 494/494/494 493/493/493
f 469/469/469 470/470/470 495/495/495
f 469/469/469 495/495/495 494/494/494
f 470/470/470 471/471/471 496/496/496
f 470/470/470 496/496/496 495/495/495
f 471/471/471 472/472/472 497/497/497
f 471/471/471 497/497/497 496/496/496
f 472/472/472 473/473/473 498/498/498
f 472/472/472 498/498/498 497/497/497
f 473/473/473 474/474/474 499/499/499
f 473/473/473 499/499/499 498/498/498
f 474/474/474 475/475/475 500/500/500
f 474/474/474 500/500/500 499/499/499
f 475/475/475 476/476/476 501/501/501
f 475/475/475 501/501/501 500/500/500
f 476/476/476 477/477/477 502/502/502
f 476/476/476 502/502/502 501/501/501
f 477/477/477 478/478/478 503/503/503
f 477/477/477 503/503/503 502/502/502
f 479/479/479 480/480/480 505/505/505
f 479/479/479 505/505/505 504/504/504
f 480/480/480 481/481/481 506/506/506
f 480/480/480 506/506/506 505/505/505
f 481/481/481 482/482/482 507/507/507
f 481/481/481 507/507/507 506/506/506
f 482/482/482 483/483/483 508/508/508
f 482/482/482 508/508/508 507/507/507
f 483/483/483 484/484/484 509/509/509
f 483/483/483 509/509/509 508/508/508
f 484/484/484 485/485/485 510/510/510
f 484/484/484 510/510/510 509/509/509
f 485/485/485 486/486/486 511/511/511
f 485/485/485 511/511/511 510/510/510
f 486/486/486 487/487/487 512/512/512
f 486/486/486 512/512/512 511/511/511
f 487/487/487 488/488/488 513/513/513
f 487/487/487 513/513/513 512/512/512
f 488/488/488 489/489/489 514/514/514
f 488/488/488 514/514/514 513/513/513
f 489/489/489 490/490/490 515/515/515
f 489/489/489 515/515/515 514/514/514
f 490/490/490 491/491/491 516/516/516
f 490/490/490 516/516/516 515/515/515
f 491/491/491 492/492/492 517/517/517
f 491/491/491 517/517/517 516/516/516
f 492/492/492 493/493/493 518/518/518
f 492/492/492 518/518/518 517/517/517
f 493/493/493 494/494/494 519/519/519
f 493/493/493 519/519/519 518/518/518
f 494/494/494 495/495/495 520/520/520
f 494/494/494 520/520/520 519/519/519
f 495/495/495 496/496/496 521/521/521
f 495/495/495 521/521/521 520/520/520
f 496/496/496 497/497/497 522/522/522
f 496/496/496 522/522/522 521/521/521
f 497/497/497 498/498/498 523/523/523
f 497/497/497 523/523/523 522/522/522
f 498/498/498 499/499/499 524/524/524
f 498/498/498 524/524/524 523/523/523
f 499/499/499 500/500/500 525/525/525
f 499/499/499 525/525/525 524/524/524
f 500/500/500 501/501/501 526/526/526
f 500/500/500 526/526/526 525/525/525
f 501/501/501 502/502/502 527/527/527
f 501/501/501 527/527/527 526/526/526
f 502/502/502 503/503/503 528/528/528
f 502/502/502 528/528/528 527/527/527
f 504/504/504 505/505/505 530/530/530
f 504/504/504 530/530/530 529/529/529
f 505/505/505 506/506/506 531/531/531
f 505/505/505 531/531/531 530/530/530
f 506/506/506 507/507/507 532/532/532
f 506/506/506 532/532/532 531/531/531
f 507/507/507 508/508/508 533/533/533
f 507/507/507 533/533/533 532/532/532
f 508/508/508 509/509/509 534/534/534
f 508/508/508 534/534/534 533/533/533
f 509/509/509 510/510/510 535/535/535
f 509/509/509 535/535/535 534/534/534
f 510/510/510 511/511/511 536/536/536
f 510/510/510 536/536/536 535/535/535
f 511/511/511 512/512/512 537/537/537
f 511/511/511 537/537/537 536/536/536
f 512/512/512 513/513/513 538/538/538
f 512/512/512 538/538/538 537/537/537
f 513/513/513 514/514/514 539/539/539
f 513/513/513 539/539/539 538/538/538
f 514/514/514 515/515/515 540/540/540
f 514/514/514 540/540/540 539/539/539
f 515/515/515 516/516/516 541/541/541
f 515/515/515 541/541/541 540/540/540
f 516/516/516 517/517/517 542/542/542
f 516/516/516 542/542/542 541/541/541
f 517/517/517 518/518/518 543/543/543
f 517/517/517 543/543/543 542/542/542
f 518/518/518 519/519/519 544/544/544
f 518/518/518 544/544/544 543/543/543
f 519/519/519 520/520/520 545/545/545
f 519/519/519 545/545/545 544/544/544
f 520/520/520 521/521/521 546/546/546
f 520/520/520 546/546/546 545/545/545
f 521/521/521 522/522/522 547/547/547
f 521/521/521 547/547/547 546/546/546
f 522/522/522 523/523/523 548/548/548
f 522/522/522 548/548/548 547/547/547
f 523/523/523 524/524/524 549/549/549
f 523/523/523 549/549/549 548/548/548
f 524/524/524 525/525/525 550/550/550
f 524/524/524 550/550/550 549/549/549
f 525/525/525 526/526/526 551/551/551
f 525/525/525 551/551/551 550/550/550
f 526/526/526 527/527/527 552/552/552
f 526/526/526 552/552/552 551/551/551
f 527/527/527 528/528/528 553/553/553
f 527/527/527 553/553/553 552/552/552
f 529/529/529 530/530/530 555/555/555
f 529/529/529 555/555/555 554/554/554
f 530/530/530 531/531/531 556/556/556
f 530/530/530 556/556/556 555/555/555
f 531/531/531 532/532/532 557/557/557
f 531/531/531 557/557/557 556/556/556
f 532/532/532 533/533/533 558/558/558
f 532/532/532 558/558/558 557/557/557
f 533/533/533 534/534/534 559/559/559
f 533/533/533 559/559/559 558/558/558
f 534/534/534 535/535/535 560/560/560
f 534/534/534 560/560/560 559/559/559
f 535/535/535 536/536/536 561/561/561
f 535/535/535 561/561/561 560/560/560
f 536/536/536 537/537/537 562/562/562
f 536/536/536 562/562/562 561/561/561
f 537/537/537 538/538/538 563/563/563
f 537/537/537 563/563/563 562/562/562
f 538/538/538 539/539/539 564/564/564
f 538/538/538 564/564/564 563/563/563
f 539/539/539 540/540/540 565/565/565
f 539/539/539 565/565/565 564/564/564
f 540/540/540 541/541/541 566/566/566
f 540/540/540 566/566/566 565/565/565
f 541/541/541 542/542/542 567/567/567
f 541/541/541 567/567/567 566/566/566
f 542/542/542 543/543/543 568/568/568
f 542/542/542 568/568/568 567/567/567
f 543/543/543 544/544/544 569/569/569
f 543/543/543 569/569/569 568/568/568
f 544/544/544 545/545/545 570/570/570
f 544/544/544 570/570/570 569/569/569
f 545/545/545 546/546/546 571/571/571
f 545/545/545 571/571/571 570/570/570
f 546/546/546 547/547/547 572/572/572
f 546/546/546 572/572/572 571/571/571
f 547/547/547 548/548/548 573/573/573
f 547/547/547 573/573/573 572/572/572
f 548/548/548 549/549/549 574/574/574
f 548/548/548 574/574/574 573/573/573
f 549/549/549 550/550/550 575/575/575
f 549/549/549 575/575/575 574/574/574
f 550/550/550 551/551/551 576/576/576
f 550/550/550 576/576/576 575/575/575
f 551/551/551 552/552/552 577/577/577
f 551/551/551 577/577/577 576/576/576
f 552/552/552 553/553/553 578/578/578
f 552/552/552 578/578/578 577/577/577
f 554/554/554 555/555/555 580/580/580
f 554/554/554 580/580/580 579/579/579
f 555/555/555 556/556/556 581/581/581
f 555/555/555 581/581/581 580/580/580
f 556/556/556 557/557/557 582/582/582
f 556/556/556 582/582/582 581/581/581
f 557/557/557 558/558/558 583/583/583
f 557/557/557 583/583/583 582/582/582
f 558/558/558 559/559/559 584/584/584
f 558/558/558 584/584/584 583/583/583
f 559/559/559 560/560/560 585/585/585
f 559/559/559 585/585/585 584/584/584
f 560/560/560 561/561/561 586/586/586
f 560/560/560 586/586/586 585/585/585
f 561/561/561 562/562/562 587/587/587
f 561/561/561 587/587/587 586/586/586
f 562/562/562 563/563/563 588/588/588
f 562/562/562 588/588/588 587/587/587
f 563/563/563 564/564/564 589/589/589
f 563/563/563 589/589/589 588/588/588
f 564/564/564 565/565/565 590/590/590
f 564/564/564 590/590/590 589/589/589
f 565/565/565 566/566/566 591/591/591
f 565/565/565 591/591/591 590/590/590
f 566/566/566 567/567/567 592/592/592
f 566/566/566 592/592/592 591/591/591
f 567/567/567 568/568/568 593/593/593
f 567/567/567 593/593/593 592/592/592
f 568/568/568 569/569/569 594/594/594
f 568/568/568 594/594/594 593/593/593
f 569/569/569 570/570/570 595/595/595
f 569/569/569 595/595/595 594/594/594
f 570/570/570 571/571/571 596/596/596
f 570/570/570 596/596/596 595/595/595
f 571/571/571 572/572/572 597/597/597
f 571/571/571 597/597/597 596/596/596
f 572/572/572 573/573/573 598/598/598
f 572/572/572 598/598/598 597/597/597
f 573/573/573 574/574/574 599/599/599
f 573/573/573 599/599/599 598/598/598
f 574/574/574 575/575/575 600/600/600
f 574/574/574 600/600/600 599/599/599
f 575/575/575 576/576/576 601/601/601
f 575/575/575 601/601/601 600/600/600
f 576/576/576 577/577/577 602/602/602
f 576/576/576 602/602/602 601/601/601
f 577/577/577 578/578/578 603/603/603
f 577/577/577 603/603/603 602/602/602
f 579/579/579 580/580/580 605/605/605
f 579/579/579 605/605/605 604/604/604
f 580/580/580 581/581/581 606/606/606
f 580/580/580 606/606/606 605/605/605
f 581/581/581 582/582/582 607/607/607
f 581/581/581 607/607/607 606/606/606
f 582/582/582 583/583/583 608/608/608
f 582/582/582 608/608/608 607/607/607
f 583/583/583 584/584/584 609/609/609
f 583/583/583 609/609/609 608/608/608
f 584/584/584 585/585/585 610/610/610
f 584/584/584 610/610/610 609/609/609
f 585/585/585 586/586/586 611/611/611
f 585/585/585 611/611/611 610/610/610
f 586/586/586 587/587/587 612/612/612
f 586/586/586 612/612/612 611/611/611
f 587/587/587 588/588/588 613/613/613
f 587/587/587 613/613/613 612/612/612
f 588/588/588 589/589/589 614/614/614
f 588/588/588 614/614/614 613/613/613
f 589/589/589 590/590/590 615/615/615
f 589/589/589 615/615/615 614/614/614
f 590/590/590 591/591/591 616/616/616
f 590/590/590 616/616/616 615/615/615
f 591/591/591 592/592/592 617/617/617
f 591/591/591 617/617/617 616/616/616
f 592/592/592 593/593/593 618/618/618
f 592/592/592 618/618/618 617/617/617
f 593/593/593 594/594/594 619/619/619
f 593/593/593 619/619/619 618/618/618
f 594/594/594 595/595/595 620/620/620
f 594/594/594 620/620/620 619/619/619
f 595/595/595 596/596/596 621/621/621
f 595/595/595 621/621/621 620/620/620
f 596/596/596 597/597/597 622/622/622
f 596/596/596 622/622/622 621/621/621
f 597/597/597 598/598/598 623/623/623
f 597/597/597 623/623/623 622/622/622
f 598/598/598 599/599/599 624/624/624
f 598/598/598 624/624/624 623/623/623
f 599/599/599 600/600/600 625/625/625
f 599/599/599 625/625/625 624/624/624
f 600/600/600 601/601/601 626/626/626
f 600/600/600 626/626/626 625/625/625
f 601/601/601 602/602/602 627/627/627
f 601/601/601 627/627/627 626/626/626
f 602/602/602 603/603/603 628/628/628
f 602/602/602 628/628/628 627/627/627
f 604/604/604 605/605/605 630/630/630
f 604/604/604 630/630/630 629/629/629
f 605/605/605 606/606/606 631/631/631
f 605/605/605 631/631/631 630/630/630
f 606/606/606 607/607/607 632/632/632
f 606/606/606 632/632/632 631/631/631
f 607/607/607 608/608/608 633/633/633
f 607/607/607 633/633/633 632/632/632
f 608/608/608 609/609/609 634/634/634
f 608/608/608 634/634/634 633/633/633
f 609/609/609 610/610/610 635/635/635
f 609/609/609 635/635/635 634/634/634
f 610/610/610 611/611/611 636/636/636
f 610/610/610 636/636/636 635/635/635
f 611/611/611 612/612/612 637/637/637
f 611/611/611 637/637/637 636/636/636
f 612/612/612 613/613/613 638/638/638
f 612/612/612 638/638/638 637/637/637
f 613/613/613 614/614/614 639/639/639
f 613/613/613 639/639/639 638/638/638
f 614/614/614 615/615/615 640/640/640
f 614/614/614 640/640/640 639/639/639
f 615/615/615 616/616/616 641/641/641
f 615/615/615 641/641/641 640/640/640
f 616/616/616 617/617/617 642/642/642
f 616/616/616 642/642/642 641/641/641
f 617/617/617 618/618/618 643/643/643
f 617/617/617 643/643/643 642/642/642
f 618/618/618 619/619/619 644/644/644
f 618/618/618 644/644/644 643/643/643
f 619/619/619 620/620/620 645/645/645
f 619/619/619 645/645/645 644/644/644
f 620/620/620 621/621/621 646/646/646
f 620/620/620 646/646/646 645/645/645
f 621/621/621 622/622/622 647/647/647
f 621/621/621 647/647/647 646/646/646
f 622/622/622 623/623/623 648/648/648
f 622/622/622 648/648/648 647/647/647
f 623/623/623 624/624/624 649/649/649
f 623/623/623 649/649/649 648/648/648
f 624/624/624 625/625/625 650/650/650
f 624/624/624 650/650/650 649/649/649
f 625/625/625 626/626/626 651/651/651
f 625/625/625 651/651/651 650/650/650
f 626/626/626 627/627/627 652/652/652
f 626/626/626 652/652/652 651/651/651
f 627/627/627 628/628/628 653/653/653
f 627/627/627 653/653/653 652/652/652
f 629/629/629 630/630/630 655/655/655
f 629/629/629 655/655/655 654/654/654
f 630/630/630 631/631/631 656/656/656
f 630/630/630 656/656/656 655/655/655
f 631/631/631 632/632/632 657/657/657
f 631/631/631 657/657/657 656/656/656
f 632/632/632 633/633/633 658/658/658
f 632/632/632 658/658/658 657/657/657
f 633/633/633 634/634/634 659/659/659
f 633/633/633 659/659/659 658/658/658
f 634/634/634 635/635/635 660/660/660
f 634/634/634 660/660/660 659/659/659
f 635/635/635 636/636/636 661/661/661
f 635/635/635 661/661/661 660/660/660
f 636/636/636 637/637/637 662/662/662
f 636/636/636 662/662/662 661/661/661
f 637/637/637 638/638/638 663/663/663
f 637/637/637 663/663/663 662/662/662
f 638/638/638 639/639/639 664/664/664
f 638/638/638 664/664/664 663/663/663
f 639/639/639 640/640/640 665/665/665
f 639/639/639 665/665/665 664/664/664
f 640/640/640 641/641/641 666/666/666
f 640/640/640 666/666/666 665/665/665
f 641/641/641 642/642/642 667/667/667
f 641/641/641 667/667/667 666/666/666
f 642/642/642 643/643/643 668/668/668
f 642/642/642 668/668/668 667/667/667
f 643/643/643 644/644/644 669/669/669
f 643/643/643 669/669/669 668/668/668
f 644/644/644 645/645/645 670/670/670
f 644/644/644 670/670/670 669/669/669
f 645/645/645 646/646/646 671/671/671
f 645/645/645 671/671/671 670/670/670
f 646/646/646 647/647/647 672/672/672
f 646/646/646 672/672/672 671/671/671
f 647/647/647 648/648/648 673/673/673
f 647/647/647 673/673/673 672/672/672
f 648/648/648 649/649/649 674/674/674
f 648/648/648 674/674/674 673/673/673
f 649/649/649 650/650/650 675/675/675
f 649/649/649 675/675/675 674/674/674
f 650/650/650 651/651/651 676/676/676
f 650/650/650 676/676/676 675/675/675
f 651/651/651 652/652/652 677/677/677
f 651/651/651 677/677/677 676/676/676
f 652/652/652 653/653/653 678/678/678
f 652/652/652 678/678/678 677/677/677
f 654/654/654 655/655/655 680/680/680
f 654/654/654 680/680/680 679/679/679
f 655/655/655 656/656/656 681/681/681
f 655/655/655 681/681/681 680/680/680
f 656/656/656 657/657/657 682/682/682
f 656/656/656 682/682/682 681/681/681
f 657/657/657 658/658/658 683/683/683
f 657/657/657 683/683/683 682/682/682
f 658/658/658 659/659/659 684/684/684
f 658/658/658 684/684/684 683/683/683
f 659/659/659 660/660/660 685/685/685
f 659/659/659 685/685/685 684/684/684
f 660/660/660 661/661/661 686/686/686
f 660/660/660 686/686/686 685/685/685
f 661/661/661 662/662/662 687/687/687
f 661/661/661 687/687/687 686/686/686
f 662/662/662 663/663/663 688/688/688
f 662/662/662 688/688/688 687/687/687
f 663/663/663 664/664/664 689/689/689
f 663/663/663 689/689/689 688/688/688
f 664/664/664 665/665/665 690/690/690
f 664/664/664 690/690/690 689/689/689
f 665/665/665 666/666/666 691/691/691
f 665/665/665 691/691/691 690/690/690
f 666/666/666 667/667/667 692/692/692
f 666/666/666 692/692/692 691/691/691
f 667/667/667 668/668/668 693/693/693
f 667/667/667 693/693/693 692/692/692
f 668/668/668 669/669/669 694/694/694
f 668/668/668 694/694/694 693/693/693
f 669/669/669 670/670/670 695/695/695
f 669/669/669 695/695/695 694/694/694
f 670/670/670 671/671/671 696/696/696
f 670/670/670 696/696/696 695/695/695
f 671/671/671 672/672/672 697/697/697
f 671/671/671 697/697/697 696/696/696
f 672/672/672 673/673/673 698/698/698
f 672/672/672 698/698/698 697/697/697
f 673/673/673 674/674/674 699/699/699
f 673/673/673 699/699/699 698/698/698
f 674/674/674 675/675/675 700/700/700
f 674/674/674 700/700/700 699/699/699
f 675/675/675 676/676/676 701/701/701
f 675/675/675 701/701/701 700/700/700
f 676/676/676 677/677/677 702/702/702
f 676/676/676 702/702/702 701/701/701
f 677/677/677 678/678/678 703/703/703
f 677/677/677 703/703/703 702/702/702
f 679/679/679 680/680/680 704/704/704
f 680/680/680 681/681/681 704/704/704
f 681/681/681 682/682/682 704/704/704
f 682/682/682 683/683/683 704/704/704
f 683/683/683 684/684/684 704/704/704
f 684/684/684 685/685/685 704/704/704
f 685/685/685 686/686/686 704/704/704
f 686/686/686 687/687/687 704/704/704
f 687/687/687 688/688/688 704/704/704
f 688/688/688 689/689/689 704/704/704
f 689/689/689 690/690/690 704/704/704
f 690/690/690 691/691/691 704/704/704
f 691/691/691 692/692/692 704/704/704
f 692/692/692 693/693/693 704/704/704
f 693/693/693 694/694/694 704/704/704
f 694/694/694 695/695/695 704/704/704
f 695/695/695 696/696/696 704/704/704
f 696/696/696 697/697/697 704/704/704
f 697/697/697 698/698/698 704/704/704
f 698/698/698 699/699/699 704/704/704
f 699/699/699 700/700/700 704/704/704
f 700/700/700 701/701/701 704/704/704
f 701/701/701 702/702/702 704/704/704
f 702/702/702 703/703/703 704/704/704
o Eye_-1
v 8.502688 33.454691 1.876093
v 8.635907 33.494581 1.876093
v 8.618059 33.494581 1.775580
v 8.569297 33.494581 1.702000
v 8.502688 33.494581 1.675067
v 8.436078 33.494581 1.702000
v 8.387317 33.494581 1.775580
v 8.369469 33.494581 1.876093
v 8.387317 33.494581 1.976606
v 8.436078 33.494581 2.050187
v 8.502688 33.494581 2.077119
v 8.569297 33.494581 2.050187
v 8.618059 33.494581 1.976606
v 8.635907 33.494581 1.876093
v 8.748845 33.608177 1.876093
v 8.715866 33.608177 1.690370
v 8.625766 33.608177 1.554410
v 8.502688 33.608177 1.504646
v 8.379609 33.608177 1.554410
v 8.289510 33.608177 1.690370
v 8.256531 33.608177 1.876093
v 8.289510 33.608177 2.061817
v 8.379609 33.608177 2.197776
v 8.502688 33.608177 2.247541
v 8.625766 33.608177 2.197776
v 8.715866 33.608177 2.061817
v 8.748845 33.608177 1.876093
v 8.824307 33.778186 1.876093
v 8.781219 33.778186 1.633434
v 8.663498 33.778186 1.455794
v 8.502688 33.778186 1.390774
v 8.341878 33.778186 1.455794
v 8.224157 33.778186 1.633434
v 8.181068 33.778186 1.876093
v 8.224157 33.778186 2.118753
v 8.341878 33.778186 2.296393
v 8.502688 33.778186 2.361413
v 8.663498 33.778186 2.296393
v 8.781219 33.778186 2.118753
v 8.824307 33.778186 1.876093
v 8.850806 33.978725 1.876093
v 8.804167 33.978725 1.613440
v 8.676747 33.978725 1.421165
v 8.502688 33.978725 1.350787
v 8.328629 33.978725 1.421165
v 8.201208 33.978725 1.613440
v 8.154569 33.978725 1.876093
v 8.201208 33.978725 2.138747
v 8.328629 33.978725 2.331022
v 8.502688 33.978725 2.401400
v 8.676747 33.978725 2.331022
v 8.804167 33.978725 2.138747
v 8.850806 33.978725 1.876093
v 8.824307 34.179264 1.876093
v 8.781219 34.179264 1.633434
v 8.663498 34.179264 1.455794
v 8.502688 34.179264 1.390774
v 8.341878 34.179264 1.455794
v 8.224157 34.179264 1.633434
v 8.181068 34.179264 1.876093
v 8.224157 34.179264 2.118753
v 8.341878 34.179264 2.296393
v 8.502688 34.179264 2.361413
v 8.663498 34.179264 2.296393
v 8.781219 34.179264 2.118753
v 8.824307 34.179264 1.876093
v 8.748845 34.349273 1.876093
v 8.715866 34.349273 1.690370
v 8.625766 34.349273 1.554410
v 8.502688 34.349273 1.504646
v 8.379609 34.349273 1.554410
v 8.289510 34.349273 1.690370
v 8.256531 34.349273 1.876093
v 8.289510 34.349273 2.061817
v 8.379609 34.349273 2.197776
v 8.502688 34.349273 2.247541
v 8.625766 34.349273 2.197776
v 8.715866 34.349273 2.061817
v 8.748845 34.349273 1.876093
v 8.635907 34.462870 1.876093
v 8.618059 34.462870 1.775580
v 8.569297 34.462870 1.702000
v 8.502688 34.462870 1.675067
v 8.436078 34.462870 1.702000
v 8.387317 34.462870 1.775580
v 8.369469 34.462870 1.876093
v 8.387317 34.462870 1.976606
v 8.436078 34.462870 2.050187
v 8.502688 34.462870 2.077119
v 8.569297 34.462870 2.050187
v 8.618059 34.462870 1.976606
v 8.635907 34.462870 1.876093
v 8.502688 34.502759 1.876093
vt 0.4980469 0.0910937
vt 0.4242187 0.1383398
vt 0.4365234 0.1383398
vt 0.4488281 0.1383398
vt 0.4611328 0.1383398
vt 0.4734375 0.1383398
vt 0.4857422 0.1383398
vt 0.4980469 0.1383398
vt 0.5103516 0.1383398
vt 0.5226563 0.1383398
vt 0.5349609 0.1383398
vt 0.5472656 0.1383398
vt 0.5595703 0.1383398
vt 0.5718750 0.1383398
vt 0.4242187 0.1215234
vt 0.4365234 0.1215234
vt 0.4488281 0.1215234
vt 0.4611328 0.1215234
vt 0.4734375 0.1215234
vt 0.4857422 0.1215234
vt 0.4980469 0.1215234
vt 0.5103516 0.1215234
vt 0.5226563 0.1215234
vt 0.5349609 0.1215234
vt 0.5472656 0.1215234
vt 0.5595703 0.1215234
vt 0.5718750 0.1215234
vt 0.4242187 0.1047070
vt 0.4365234 0.1047070
vt 0.4488281 0.1047070
vt 0.4611328 0.1047070
vt 0.4734375 0.1047070
vt 0.4857422 0.1047070
vt 0.4980469 0.1047070
vt 0.5103516 0.1047070
vt 0.5226563 0.1047070
vt 0.5349609 0.1047070
vt 0.5472656 0.1047070
vt 0.5595703 0.1047070
vt 0.5718750 0.1047070
vt 0.4242187 0.0878906
vt 0.4365234 0.0878906
vt 0.4488281 0.0878906
vt 0.4611328 0.0878906
vt 0.4734375 0.0878906
vt 0.4857422 0.0878906
vt 0.4980469 0.0878906
vt 0.5103516 0.0878906
vt 0.5226563 0.0878906
vt 0.5349609 0.0878906
vt 0.5472656 0.0878906
vt 0.5595703 0.0878906
vt 0.5718750 0.0878906
vt 0.4242187 0.0710742
vt 0.4365234 0.0710742
vt 0.4488281 0.0710742
vt 0.4611328 0.0710742
vt 0.4734375 0.0710742
vt 0.4857422 0.0710742
vt 0.4980469 0.0710742
vt 0.5103516 0.0710742
vt 0.5226563 0.0710742
vt 0.5349609 0.0710742
vt 0.5472656 0.0710742
vt 0.5595703 0.0710742
vt 0.5718750 0.0710742
vt 0.4242187 0.0542578
vt 0.4365234 0.0542578
vt 0.4488281 0.0542578
vt 0.4611328 0.0542578
vt 0.4734375 0.0542578
vt 0.4857422 0.0542578
vt 0.4980469 0.0542578
vt 0.5103516 0.0542578
vt 0.5226563 0.0542578
vt 0.5349609 0.0542578
vt 0.5472656 0.0542578
vt 0.5595703 0.0542578
vt 0.5718750 0.0542578
vt 0.4242187 0.0374414
vt 0.4365234 0.0374414
vt 0.4488281 0.0374414
vt 0.4611328 0.0374414
vt 0.4734375 0.0374414
vt 0.4857422 0.0374414
vt 0.4980469 0.0374414
vt 0.5103516 0.0374414
vt 0.5226563 0.0374414
vt 0.5349609 0.0374414
vt 0.5472656 0.0374414
vt 0.5595703 0.0374414
vt 0.5718750 0.0374414
vt 0.4980469 0.0910937
vn 0.0000000 -1.0000000 0.0000000
vn 0.5929151 -0.8041292 -0.0427550
vn 0.4982764 -0.8326290 -0.2417635
vn 0.2632363 -0.8798410 -0.3957101
vn -0.0718998 -0.8961503 -0.4378871
vn -0.3772052 -0.8609006 -0.3414181
vn -0.5541492 -0.8165230 -0.1618917
vn -0.5929151 -0.8041292 0.0427550
vn -0.4982764 -0.8326290 0.2417635
vn -0.2632363 -0.8798410 0.3957101
vn 0.0718998 -0.8961503 0.4378871
vn 0.3772052 -0.8609006 0.3414181
vn 0.5541492 -0.8165230 0.1618917
vn 0.5929151 -0.8041292 -0.0427550
vn 0.8455251 -0.5331826 -0.0283490
vn 0.7567226 -0.5675843 -0.3243748
vn 0.4668941 -0.6453974 -0.6045429
vn -0.0552228 -0.6882902 -0.7233305
vn -0.5427859 -0.6293997 -0.5560931
vn -0.7867514 -0.5566115 -0.2668443
vn -0.8455251 -0.5331826 0.0283490
vn -0.7567226 -0.5675843 0.3243748
vn -0.4668941 -0.6453974 0.6045429
vn 0.0552228 -0.6882902 0.7233305
vn 0.5427859 -0.6293997 0.5560931
vn 0.7867514 -0.5566115 0.2668443
vn 0.8455251 -0.5331826 -0.0283490
vn 0.9661100 -0.2577666 -0.0137053
vn 0.8913248 -0.2780393 -0.3580981
vn 0.6015642 -0.3333654 -0.7259394
vn -0.0299513 -0.3733100 -0.9272231
vn -0.6376238 -0.3280827 -0.6969919
vn -0.9034883 -0.2749523 -0.3288012
vn -0.9661100 -0.2577666 0.0137053
vn -0.8913248 -0.2780393 0.3580981
vn -0.6015642 -0.3333654 0.7259394
vn 0.0299513 -0.3733100 0.9272231
vn 0.6376238 -0.3280827 0.6969919
vn 0.9034883 -0.2749523 0.3288012
vn 0.9661100 -0.2577666 -0.0137053
vn 1.0000000 -0.0000000 -0.0000000
vn 0.9339724 0.0000000 -0.3573453
vn 0.6568862 0.0000000 -0.7539897
vn 0.0000000 0.0000000 -1.0000000
vn -0.6568862 0.0000000 -0.7539897
vn -0.9339724 0.0000000 -0.3573453
vn -1.0000000 0.0000000 0.0000000
vn -0.9339724 0.0000000 0.3573453
vn -0.6568862 -0.0000000 0.7539897
vn -0.0000000 -0.0000000 1.0000000
vn 0.6568862 -0.0000000 0.7539897
vn 0.9339724 -0.0000000 0.3573453
vn 1.0000000 -0.0000000 -0.0000000
vn 0.9661100 0.2577666 0.0137053
vn 0.9034883 0.2749523 -0.3288012
vn 0.6376238 0.3280827 -0.6969919
vn 0.0299513 0.3733100 -0.9272231
vn -0.6015642 0.3333654 -0.7259394
vn -0.8913248 0.2780393 -0.3580981
vn -0.9661100 0.2577666 -0.0137053
vn -0.9034883 0.2749523 0.3288012
vn -0.6376238 0.3280827 0.6969919
vn -0.0299513 0.3733100 0.9272231
vn 0.6015642 0.3333654 0.7259394
vn 0.8913248 0.2780393 0.3580981
vn 0.9661100 0.2577666 0.0137053
vn 0.8455251 0.5331826 0.0283490
vn 0.7867514 0.5566115 -0.2668443
vn 0.5427859 0.6293997 -0.5560931
vn 0.0552228 0.6882902 -0.7233305
vn -0.4668941 0.6453974 -0.6045429
vn -0.7567226 0.5675843 -0.3243748
vn -0.8455251 0.5331826 -0.0283490
vn -0.7867514 0.5566115 0.2668443
vn -0.5427859 0.6293997 0.5560931
vn -0.0552228 0.6882902 0.7233305
vn 0.4668941 0.6453974 0.6045429
vn 0.7567226 0.5675843 0.3243748
vn 0.8455251 0.5331826 0.0283490
vn 0.5929151 0.8041292 0.0427550
vn 0.5541492 0.8165230 -0.1618917
vn 0.3772052 0.8609006 -0.3414181
vn 0.0718998 0.8961503 -0.4378871
vn -0.2632363 0.8798410 -0.3957101
vn -0.4982764 0.8326290 -0.2417635
vn -0.5929151 0.8041292 -0.0427550
vn -0.5541492 0.8165230 0.1618917
vn -0.3772052 0.8609006 0.3414181
vn -0.0718998 0.8961503 0.4378871
vn 0.2632363 0.8798410 0.3957101
vn 0.4982764 0.8326290 0.2417635
vn 0.5929151 0.8041292 0.0427550
vn 0.0000000 1.0000000 0.0000000
s 1
f 705/705/705 707/707/707 706/706/706
f 705/705/705 708/708/708 707/707/707
f 705/705/705 709/709/709 708/708/708
f 705/705/705 710/710/710 709/709/709
f 705/705/705 711/711/711 710/710/710
f 705/705/705 712/712/712 711/711/711
f 705/705/705 713/713/713 712/712/712
f 705/705/705 714/714/714 713/713/713
f 705/705/705 715/715/715 714/714/714
f 705/705/705 716/716/716 715/715/715
f 705/705/705 717/717/717 716/716/716
f 705/705/705 718/718/718 717/717/717
f 706/706/706 707/707/707 720/720/720
f 706/706/706 720/720/720 719/719/719
f 707/707/707 708/708/708 721/721/721
f 707/707/707 721/721/721 720/720/720
f 708/708/708 709/709/709 722/722/722
f 708/708/708 722/722/722 721/721/721
f 709/709/709 710/710/710 723/723/723
f 709/709/709 723/723/723 722/722/722
f 710/710/710 711/711/711 724/724/724
f 710/710/710 724/724/724 723/723/723
f 711/711/711 712/712/712 725/725/725
f 711/711/711 725/725/725 724/724/724
f 712/712/712 713/713/713 726/726/726
f 712/712/712 726/726/726 725/725/725
f 713/713/713 714/714/714 727/727/727
f 713/713/713 727/727/727 726/726/726
f 714/714/714 715/715/715 728/728/728
f 714/714/714 728/728/728 727/727/727
f 715/715/715 716/716/716 729/729/729
f 715/715/715 729/729/729 728/728/728
f 716/716/716 717/717/717 730/730/730
f 716/716/716 730/730/730 729/729/729
f 717/717/717 718/718/718 731/731/731
f 717/717/717 731/731/731 730/730/730
f 719/719/719 720/720/720 733/733/733
f 719/719/719 733/733/733 732/732/732
f 720/720/720 721/721/721 734/734/734
f 720/720/720 734/734/734 733/733/733
f 721/721/721 722/722/722 735/735/735
f 721/721/721 735/735/735 734/734/734
f 722/722/722 723/723/723 736/736/736
f 722/722/722 736/736/736 735/735/735
f 723/723/723 724/724/724 737/737/737
f 723/723/723 737/737/737 736/736/736
f 724/724/724 725/725/725 738/738/738
f 724/724/724 738/738/738 737/737/737
f 725/725/725 726/726/726 739/739/739
f 725/725/725 739/739/739 738/738/738
f 726/726/726 727/727/727 740/740/740
f 726/726/726 740/740/740 739/739/739
f 727/727/727 728/728/728 741/741/741
f 727/727/727 741/741/741 740/740/740
f 728/728/728 729/729/729 742/742/742
f 728/728/728 742/742/742 741/741/741
f 729/729/729 730/730/730 743/743/743
f 729/729/729 743/743/743 742/742/742
f 730/730/730 731/731/731 744/744/744
f 730/730/730 744/744/744 743/743/743
f 732/732/732 733/733/733 746/746/746
f 732/732/732 746/746/746 745/745/745
f 733/733/733 734/734/734 747/747/747
f 733/733/733 747/747/747 746/746/746
f 734/734/734 735/735/735 748/748/748
f 734/734/734 748/748/748 747/747/747
f 735/735/735 736/736/736 749/749/749
f 735/735/735 749/749/749 748/748/748
f 736/736/736 737/737/737 750/750/750
f 736/736/736 750/750/750 749/749/749
f 737/737/737 738/738/738 751/751/751
f 737/737/737 751/751/751 750/750/750
f 738/738/738 739/739/739 752/752/752
f 738/738/738 752/752/752 751/751/751
f 739/739/739 740/740/740 753/753/753
f 739/739/739 753/753/753 752/752/752
f 740/740/740 741/741/741 754/754/754
f 740/740/740 754/754/754 753/753/753
f 741/741/741 742/742/742 755/755/755
f 741/741/741 755/755/755 754/754/754
f 742/742/742 743/743/743 756/756/756
f 742/742/742 756/756/756 755/755/755
f 743/743/743 744/744/744 757/757/757
f 743/743/743 757/757/757 756/756/756
f 745/745/745 746/746/746 759/759/759
f 745/745/745 759/759/759 758/758/758
f 746/746/746 747/747/747 760/760/760
f 746/746/746 760/760/760 759/759/759
f 747/747/747 748/748/748 761/761/761
f 747/747/747 761/761/761 760/760/760
f 748/748/748 749/749/749 762/762/762
f 748/748/748 762/762/762 761/761/761
f 749/749/749 750/750/750 763/763/763
f 749/749/749 763/763/763 762/762/762
f 750/750/750 751/751/751 764/764/764
f 750/750/750 764/764/764 763/763/763
f 751/751/751 752/752/752 765/765/765
f 751/751/751 765/765/765 764/764/764
f 752/752/752 753/753/753 766/766/766
f 752/752/752 766/766/766 765/765/765
f 753/753/753 754/754/754 767/767/767
f 753/753/753 767/767/767 766/766/766
f 754/754/754 755/755/755 768/768/768
f 754/754/754 768/768/768 767/767/767
f 755/755/755 756/756/756 769/769/769
f 755/755/755 769/769/769 768/768/768
f 756/756/756 757/757/757 770/770/770
f 756/756/756 770/770/770 769/769/769
f 758/758/758 759/759/759 772/772/772
f 758/758/758 772/772/772 771/771/771
f 759/759/759 760/760/760 773/773/773
f 759/759/759 773/773/773 772/772/772
f 760/760/760 761/761/761 774/774/774
f 760/760/760 774/774/774 773/773/773
f 761/761/761 762/762/762 775/775/775
f 761/761/761 775/775/775 774/774/774
f 762/762/762 763/763/763 776/776/776
f 762/762/762 776/776/776 775/775/775
f 763/763/763 764/764/764 777/777/777
f 763/763/763 777/777/777 776/776/776
f 764/764/764 765/765/765 778/778/778
f 764/764/764 778/778/778 777/777/777
f 765/765/765 766/766/766 779/779/779
f 765/765/765 779/779/779 778/778/778
f 766/766/766 767/767/767 780/780/780
f 766/766/766 780/780/780 779/779/779
f 767/767/767 768/768/768 781/781/781
f 767/767/767 781/781/781 780/780/780
f 768/768/768 769/769/769 782/782/782
f 768/768/768 782/782/782 781/781/781
f 769/769/769 770/770/770 783/783/783
f 769/769/769 783/783/783 782/782/782
f 771/771/771 772/772/772 785/785/785
f 771/771/771 785/785/785 784/784/784
f 772/772/772 773/773/773 786/786/786
f 772/772/772 786/786/786 785/785/785
f 773/773/773 774/774/774 787/787/787
f 773/773/773 787/787/787 786/786/786
f 774/774/774 775/775/775 788/788/788
f 774/774/774 788/788/788 787/787/787
f 775/775/775 776/776/776 789/789/789
f 775/775/775 789/789/789 788/788/788
f 776/776/776 777/777/777 790/790/790
f 776/776/776 790/790/790 789/789/789
f 777/777/777 778/778/778 791/791/791
f 777/777/777 791/791/791 790/790/790
f 778/778/778 779/779/779 792/792/792
f 778/778/778 792/792/792 791/791/791
f 779/779/779 780/780/780 793/793/793
f 779/779/779 793/793/793 792/792/792
f 780/780/780 781/781/781 794/794/794
f 780/780/780 794/794/794 793/793/793
f 781/781/781 782/782/782 795/795/795
f 781/781/781 795/795/795 794/794/794
f 782/782/782 783/783/783 796/796/796
f 782/782/782 796/796/796 795/795/795
f 784/784/784 785/785/785 797/797/797
f 785/785/785 786/786/786 797/797/797
f 786/786/786 787/787/787 797/797/797
f 787/787/787 788/788/788 797/797/797
f 788/788/788 789/789/789 797/797/797
f 789/789/789 790/790/790 797/797/797
f 790/790/790 791/791/791 797/797/797
f 791/791/791 792/792/792 797/797/797
f 792/792/792 793/793/793 797/797/797
f 793/793/793 794/794/794 797/797/797
f 794/794/794 795/795/795 797/797/797
f 795/795/795 796/796/796 797/797/797
o Eye_glint_-1
v 8.795107 34.004927 1.876093
v 8.836882 34.018968 1.876093
v 8.824646 34.018968 1.829663
v 8.795107 34.018968 1.810430
v 8.765569 34.018968 1.829663
v 8.753333 34.018968 1.876093
v 8.765569 34.018968 1.922524
v 8.795107 34.018968 1.941757
v 8.824646 34.018968 1.922524
v 8.836882 34.018968 1.876093
v 8.867462 34.057330 1.876093
v 8.846270 34.057330 1.795673
v 8.795107 34.057330 1.762361
v 8.743945 34.057330 1.795673
v 8.722752 34.057330 1.876093
v 8.743945 34.057330 1.956514
v 8.795107 34.057330 1.989826
v 8.846270 34.057330 1.956514
v 8.867462 34.057330 1.876093
v 8.878656 34.109734 1.876093
v 8.854185 34.109734 1.783232
v 8.795107 34.109734 1.744767
v 8.736030 34.109734 1.783232
v 8.711559 34.109734 1.876093
v 8.736030 34.109734 1.968955
v 8.795107 34.109734 2.007420
v 8.854185 34.109734 1.968955
v 8.878656 34.109734 1.876093
v 8.867462 34.162137 1.876093
v 8.846270 34.162137 1.795673
v 8.795107 34.162137 1.762361
v 8.743945 34.162137 1.795673
v 8.722752 34.162137 1.876093
v 8.743945 34.162137 1.956514
v 8.795107 34.162137 1.989826
v 8.846270 34.162137 1.956514
v 8.867462 34.162137 1.876093
v 8.836882 34.200499 1.876093
v 8.824646 34.200499 1.829663
v 8.795107 34.200499 1.810430
v 8.765569 34.200499 1.829663
v 8.753333 34.200499 1.876093
v 8.765569 34.200499 1.922524
v 8.795107 34.200499 1.941757
v 8.824646 34.200499 1.922524
v 8.836882 34.200499 1.876093
v 8.795107 34.214540 1.876093
vt 0.9042969 0.0910937
vt 0.8304687 0.1327344
vt 0.8489258 0.1327344
vt 0.8673828 0.1327344
vt 0.8858398 0.1327344
vt 0.9042969 0.1327344
vt 0.9227539 0.1327344
vt 0.9412109 0.1327344
vt 0.9596680 0.1327344
vt 0.9781250 0.1327344
vt 0.8304687 0.1103125
vt 0.8489258 0.1103125
vt 0.8673828 0.1103125
vt 0.8858398 0.1103125
vt 0.9042969 0.1103125
vt 0.9227539 0.1103125
vt 0.9412109 0.1103125
vt 0.9596680 0.1103125
vt 0.9781250 0.1103125
vt 0.8304687 0.0878906
vt 0.8489258 0.0878906
vt 0.8673828 0.0878906
vt 0.8858398 0.0878906
vt 0.9042969 0.0878906
vt 0.9227539 0.0878906
vt 0.9412109 0.0878906
vt 0.9596680 0.0878906
vt 0.9781250 0.0878906
vt 0.8304687 0.0654687
vt 0.8489258 0.0654687
vt 0.8673828 0.0654687
vt 0.8858398 0.0654687
vt 0.9042969 0.0654687
vt 0.9227539 0.0654687
vt 0.9412109 0.0654687
vt 0.9596680 0.0654687
vt 0.9781250 0.0654687
vt 0.8304687 0.0430469
vt 0.8489258 0.0430469
vt 0.8673828 0.0430469
vt 0.8858398 0.0430469
vt 0.9042969 0.0430469
vt 0.9227539 0.0430469
vt 0.9412109 0.0430469
vt 0.9596680 0.0430469
vt 0.9781250 0.0430469
vt 0.9042969 0.0910937
vn 0.0000000 -1.0000000 -0.0000000
vn 0.6533175 -0.7541315 -0.0667976
vn 0.4241988 -0.8250813 -0.3732241
vn -0.1210389 -0.8693544 -0.4791372
vn -0.5599266 -0.7874882 -0.2575744
vn -0.6533175 -0.7541315 0.0667976
vn -0.4241988 -0.8250813 0.3732241
vn 0.1210389 -0.8693544 0.4791372
vn 0.5599266 -0.7874882 0.2575744
vn 0.6533175 -0.7541315 -0.0667976
vn 0.9174364 -0.3963308 -0.0351052
vn 0.7184181 -0.4669968 -0.5155476
vn -0.0779759 -0.5600569 -0.8247763
vn -0.7784536 -0.4486046 -0.4390489
vn -0.9174364 -0.3963308 0.0351052
vn -0.7184181 -0.4669968 0.5155476
vn 0.0779759 -0.5600569 0.8247763
vn 0.7784536 -0.4486046 0.4390489
vn 0.9174364 -0.3963308 -0.0351052
vn 1.0000000 0.0000000 0.0000000
vn 0.8437284 -0.0000000 -0.5367704
vn 0.0000000 -0.0000000 -1.0000000
vn -0.8437284 -0.0000000 -0.5367704
vn -1.0000000 -0.0000000 -0.0000000
vn -0.8437284 0.0000000 0.5367704
vn -0.0000000 0.0000000 1.0000000
vn 0.8437284 0.0000000 0.5367704
vn 1.0000000 0.0000000 0.0000000
vn 0.9174364 0.3963308 0.0351052
vn 0.7784536 0.4486046 -0.4390489
vn 0.0779759 0.5600569 -0.8247763
vn -0.7184181 0.4669968 -0.5155476
vn -0.9174364 0.3963308 -0.0351052
vn -0.7784536 0.4486046 0.4390489
vn -0.0779759 0.5600569 0.8247763
vn 0.7184181 0.4669968 0.5155476
vn 0.9174364 0.3963308 0.0351052
vn 0.6533175 0.7541315 0.0667976
vn 0.5599266 0.7874882 -0.2575744
vn 0.1210389 0.8693544 -0.4791372
vn -0.4241988 0.8250813 -0.3732241
vn -0.6533175 0.7541315 -0.0667976
vn -0.5599266 0.7874882 0.2575744
vn -0.1210389 0.8693544 0.4791372
vn 0.4241988 0.8250813 0.3732241
vn 0.6533175 0.7541315 0.0667976
vn 0.0000000 1.0000000 -0.0000000
s 1
f 798/798/798 800/800/800 799/799/799
f 798/798/798 801/801/801 800/800/800
f 798/798/798 802/802/802 801/801/801
f 798/798/798 803/803/803 802/802/802
f 798/798/798 804/804/804 803/803/803
f 798/798/798 805/805/805 804/804/804
f 798/798/798 806/806/806 805/805/805
f 798/798/798 807/807/807 806/806/806
f 799/799/799 800/800/800 809/809/809
f 799/799/799 809/809/809 808/808/808
f 800/800/800 801/801/801 810/810/810
f 800/800/800 810/810/810 809/809/809
f 801/801/801 802/802/802 811/811/811
f 801/801/801 811/811/811 810/810/810
f 802/802/802 803/803/803 812/812/812
f 802/802/802 812/812/812 811/811/811
f 803/803/803 804/804/804 813/813/813
f 803/803/803 813/813/813 812/812/812
f 804/804/804 805/805/805 814/814/814
f 804/804/804 814/814/814 813/813/813
f 805/805/805 806/806/806 815/815/815
f 805/805/805 815/815/815 814/814/814
f 806/806/806 807/807/807 816/816/816
f 806/806/806 816/816/816 815/815/815
f 808/808/808 809/809/809 818/818/818
f 808/808/808 818/818/818 817/817/817
f 809/809/809 810/810/810 819/819/819
f 809/809/809 819/819/819 818/818/818
f 810/810/810 811/811/811 820/820/820
f 810/810/810 820/820/820 819/819/819
f 811/811/811 812/812/812 821/821/821
f 811/811/811 821/821/821 820/820/820
f 812/812/812 813/813/813 822/822/822
f 812/812/812 822/822/822 821/821/821
f 813/813/813 814/814/814 823/823/823
f 813/813/813 823/823/823 822/822/822
f 814/814/814 815/815/815 824/824/824
f 814/814/814 824/824/824 823/823/823
f 815/815/815 816/816/816 825/825/825
f 815/815/815 825/825/825 824/824/824
f 817/817/817 818/818/818 827/827/827
f 817/817/817 827/827/827 826/826/826
f 818/818/818 819/819/819 828/828/828
f 818/818/818 828/828/828 827/827/827
f 819/819/819 820/820/820 829/829/829
f 819/819/819 829/829/829 828/828/828
f 820/820/820 821/821/821 830/830/830
f 820/820/820 830/830/830 829/829/829
f 821/821/821 822/822/822 831/831/831
f 821/821/821 831/831/831 830/830/830
f 822/822/822 823/823/823 832/832/832
f 822/822/822 832/832/832 831/831/831
f 823/823/823 824/824/824 833/833/833
f 823/823/823 833/833/833 832/832/832
f 824/824/824 825/825/825 834/834/834
f 824/824/824 834/834/834 833/833/833
f 826/826/826 827/827/827 836/836/836
f 826/826/826 836/836/836 835/835/835
f 827/827/827 828/828/828 837/837/837
f 827/827/827 837/837/837 836/836/836
f 828/828/828 829/829/829 838/838/838
f 828/828/828 838/838/838 837/837/837
f 829/829/829 830/830/830 839/839/839
f 829/829/829 839/839/839 838/838/838
f 830/830/830 831/831/831 840/840/840
f 830/830/830 840/840/840 839/839/839
f 831/831/831 832/832/832 841/841/841
f 831/831/831 841/841/841 840/840/840
f 832/832/832 833/833/833 842/842/842
f 832/832/832 842/842/842 841/841/841
f 833/833/833 834/834/834 843/843/843
f 833/833/833 843/843/843 842/842/842
f 835/835/835 836/836/836 844/844/844
f 836/836/836 837/837/837 844/844/844
f 837/837/837 838/838/838 844/844/844
f 838/838/838 839/839/839 844/844/844
f 839/839/839 840/840/840 844/844/844
f 840/840/840 841/841/841 844/844/844
f 841/841/841 842/842/842 844/844/844
f 842/842/842 843/843/843 844/844/844
o Eye_1
v 8.502688 33.454691 -1.876093
v 8.635907 33.494581 -1.876093
v 8.618059 33.494581 -1.976606
v 8.569297 33.494581 -2.050187
v 8.502688 33.494581 -2.077119
v 8.436078 33.494581 -2.050187
v 8.387317 33.494581 -1.976606
v 8.369469 33.494581 -1.876093
v 8.387317 33.494581 -1.775580
v 8.436078 33.494581 -1.702000
v 8.502688 33.494581 -1.675067
v 8.569297 33.494581 -1.702000
v 8.618059 33.494581 -1.775580
v 8.635907 33.494581 -1.876093
v 8.748845 33.608177 -1.876093
v 8.715866 33.608177 -2.061817
v 8.625766 33.608177 -2.197776
v 8.502688 33.608177 -2.247541
v 8.379609 33.608177 -2.197776
v 8.289510 33.608177 -2.061817
v 8.256531 33.608177 -1.876093
v 8.289510 33.608177 -1.690370
v 8.379609 33.608177 -1.554410
v 8.502688 33.608177 -1.504646
v 8.625766 33.608177 -1.554410
v 8.715866 33.608177 -1.690370
v 8.748845 33.608177 -1.876093
v 8.824307 33.778186 -1.876093
v 8.781219 33.778186 -2.118753
v 8.663498 33.778186 -2.296393
v 8.502688 33.778186 -2.361413
v 8.341878 33.778186 -2.296393
v 8.224157 33.778186 -2.118753
v 8.181068 33.778186 -1.876093
v 8.224157 33.778186 -1.633434
v 8.341878 33.778186 -1.455794
v 8.502688 33.778186 -1.390774
v 8.663498 33.778186 -1.455794
v 8.781219 33.778186 -1.633434
v 8.824307 33.778186 -1.876093
v 8.850806 33.978725 -1.876093
v 8.804167 33.978725 -2.138747
v 8.676747 33.978725 -2.331022
v 8.502688 33.978725 -2.401400
v 8.328629 33.978725 -2.331022
v 8.201208 33.978725 -2.138747
v 8.154569 33.978725 -1.876093
v 8.201208 33.978725 -1.613440
v 8.328629 33.978725 -1.421165
v 8.502688 33.978725 -1.350787
v 8.676747 33.978725 -1.421165
v 8.804167 33.978725 -1.613440
v 8.850806 33.978725 -1.876093
v 8.824307 34.179264 -1.876093
v 8.781219 34.179264 -2.118753
v 8.663498 34.179264 -2.296393
v 8.502688 34.179264 -2.361413
v 8.341878 34.179264 -2.296393
v 8.224157 34.179264 -2.118753
v 8.181068 34.179264 -1.876093
v 8.224157 34.179264 -1.633434
v 8.341878 34.179264 -1.455794
v 8.502688 34.179264 -1.390774
v 8.663498 34.179264 -1.455794
v 8.781219 34.179264 -1.633434
v 8.824307 34.179264 -1.876093
v 8.748845 34.349273 -1.876093
v 8.715866 34.349273 -2.061817
v 8.625766 34.349273 -2.197776
v 8.502688 34.349273 -2.247541
v 8.379609 34.349273 -2.197776
v 8.289510 34.349273 -2.061817
v 8.256531 34.349273 -1.876093
v 8.289510 34.349273 -1.690370
v 8.379609 34.349273 -1.554410
v 8.502688 34.349273 -1.504646
v 8.625766 34.349273 -1.554410
v 8.715866 34.349273 -1.690370
v 8.748845 34.349273 -1.876093
v 8.635907 34.462870 -1.876093
v 8.618059 34.462870 -1.976606
v 8.569297 34.462870 -2.050187
v 8.502688 34.462870 -2.077119
v 8.436078 34.462870 -2.050187
v 8.387317 34.462870 -1.976606
v 8.369469 34.462870 -1.876093
v 8.387317 34.462870 -1.775580
v 8.436078 34.462870 -1.702000
v 8.502688 34.462870 -1.675067
v 8.569297 34.462870 -1.702000
v 8.618059 34.462870 -1.775580
v 8.635907 34.462870 -1.876093
v 8.502688 34.502759 -1.876093
vt 0.4980469 0.0910937
vt 0.4242187 0.1383398
vt 0.4365234 0.1383398
vt 0.4488281 0.1383398
vt 0.4611328 0.1383398
vt 0.4734375 0.1383398
vt 0.4857422 0.1383398
vt 0.4980469 0.1383398
vt 0.5103516 0.1383398
vt 0.5226563 0.1383398
vt 0.5349609 0.1383398
vt 0.5472656 0.1383398
vt 0.5595703 0.1383398
vt 0.5718750 0.1383398
vt 0.4242187 0.1215234
vt 0.4365234 0.1215234
vt 0.4488281 0.1215234
vt 0.4611328 0.1215234
vt 0.4734375 0.1215234
vt 0.4857422 0.1215234
vt 0.4980469 0.1215234
vt 0.5103516 0.1215234
vt 0.5226563 0.1215234
vt 0.5349609 0.1215234
vt 0.5472656 0.1215234
vt 0.5595703 0.1215234
vt 0.5718750 0.1215234
vt 0.4242187 0.1047070
vt 0.4365234 0.1047070
vt 0.4488281 0.1047070
vt 0.4611328 0.1047070
vt 0.4734375 0.1047070
vt 0.4857422 0.1047070
vt 0.4980469 0.1047070
vt 0.5103516 0.1047070
vt 0.5226563 0.1047070
vt 0.5349609 0.1047070
vt 0.5472656 0.1047070
vt 0.5595703 0.1047070
vt 0.5718750 0.1047070
vt 0.4242187 0.0878906
vt 0.4365234 0.0878906
vt 0.4488281 0.0878906
vt 0.4611328 0.0878906
vt 0.4734375 0.0878906
vt 0.4857422 0.0878906
vt 0.4980469 0.0878906
vt 0.5103516 0.0878906
vt 0.5226563 0.0878906
vt 0.5349609 0.0878906
vt 0.5472656 0.0878906
vt 0.5595703 0.0878906
vt 0.5718750 0.0878906
vt 0.4242187 0.0710742
vt 0.4365234 0.0710742
vt 0.4488281 0.0710742
vt 0.4611328 0.0710742
vt 0.4734375 0.0710742
vt 0.4857422 0.0710742
vt 0.4980469 0.0710742
vt 0.5103516 0.0710742
vt 0.5226563 0.0710742
vt 0.5349609 0.0710742
vt 0.5472656 0.0710742
vt 0.5595703 0.0710742
vt 0.5718750 0.0710742
vt 0.4242187 0.0542578
vt 0.4365234 0.0542578
vt 0.4488281 0.0542578
vt 0.4611328 0.0542578
vt 0.4734375 0.0542578
vt 0.4857422 0.0542578
vt 0.4980469 0.0542578
vt 0.5103516 0.0542578
vt 0.5226563 0.0542578
vt 0.5349609 0.0542578
vt 0.5472656 0.0542578
vt 0.5595703 0.0542578
vt 0.5718750 0.0542578
vt 0.4242187 0.0374414
vt 0.4365234 0.0374414
vt 0.4488281 0.0374414
vt 0.4611328 0.0374414
vt 0.4734375 0.0374414
vt 0.4857422 0.0374414
vt 0.4980469 0.0374414
vt 0.5103516 0.0374414
vt 0.5226563 0.0374414
vt 0.5349609 0.0374414
vt 0.5472656 0.0374414
vt 0.5595703 0.0374414
vt 0.5718750 0.0374414
vt 0.4980469 0.0910937
vn 0.0000000 -1.0000000 0.0000000
vn 0.5929151 -0.8041292 -0.0427550
vn 0.4982764 -0.8326290 -0.2417635
vn 0.2632363 -0.8798410 -0.3957101
vn -0.0718998 -0.8961503 -0.4378871
vn -0.3772052 -0.8609006 -0.3414181
vn -0.5541492 -0.8165230 -0.1618917
vn -0.5929151 -0.8041292 0.0427550
vn -0.4982764 -0.8326290 0.2417635
vn -0.2632363 -0.8798410 0.3957101
vn 0.0718998 -0.8961503 0.4378871
vn 0.3772052 -0.8609006 0.3414181
vn 0.5541492 -0.8165230 0.1618917
vn 0.5929151 -0.8041292 -0.0427550
vn 0.8455251 -0.5331826 -0.0283490
vn 0.7567226 -0.5675843 -0.3243748
vn 0.4668941 -0.6453974 -0.6045429
vn -0.0552228 -0.6882902 -0.7233305
vn -0.5427859 -0.6293997 -0.5560931
vn -0.7867514 -0.5566115 -0.2668443
vn -0.8455251 -0.5331826 0.0283490
vn -0.7567226 -0.5675843 0.3243748
vn -0.4668941 -0.6453974 0.6045429
vn 0.0552228 -0.6882902 0.7233305
vn 0.5427859 -0.6293997 0.5560931
vn 0.7867514 -0.5566115 0.2668443
vn 0.8455251 -0.5331826 -0.0283490
vn 0.9661100 -0.2577666 -0.0137053
vn 0.8913248 -0.2780393 -0.3580981
vn 0.6015642 -0.3333654 -0.7259394
vn -0.0299513 -0.3733100 -0.9272231
vn -0.6376238 -0.3280827 -0.6969919
vn -0.9034883 -0.2749523 -0.3288012
vn -0.9661100 -0.2577666 0.0137053
vn -0.8913248 -0.2780393 0.3580981
vn -0.6015642 -0.3333654 0.7259394
vn 0.0299513 -0.3733100 0.9272231
vn 0.6376238 -0.3280827 0.6969919
vn 0.9034883 -0.2749523 0.3288012
vn 0.9661100 -0.2577666 -0.0137053
vn 1.0000000 -0.0000000 -0.0000000
vn 0.9339724 0.0000000 -0.3573453
vn 0.6568862 0.0000000 -0.7539897
vn 0.0000000 0.0000000 -1.0000000
vn -0.6568862 0.0000000 -0.7539897
vn -0.9339724 -0.0000000 -0.3573453
vn -1.0000000 -0.0000000 0.0000000
vn -0.9339724 -0.0000000 0.3573453
vn -0.6568862 -0.0000000 0.7539897
vn -0.0000000 -0.0000000 1.0000000
vn 0.6568862 -0.0000000 0.7539897
vn 0.9339724 -0.0000000 0.3573453
vn 1.0000000 -0.0000000 -0.0000000
vn 0.9661100 0.2577666 0.0137053
vn 0.9034883 0.2749523 -0.3288012
vn 0.6376238 0.3280827 -0.6969919
vn 0.0299513 0.3733100 -0.9272231
vn -0.6015642 0.3333654 -0.7259394
vn -0.8913248 0.2780393 -0.3580981
vn -0.9661100 0.2577666 -0.0137053
vn -0.9034883 0.2749523 0.3288012
vn -0.6376238 0.3280827 0.6969919
vn -0.0299513 0.3733100 0.9272231
vn 0.6015642 0.3333654 0.7259394
vn 0.8913248 0.2780393 0.3580981
vn 0.9661100 0.2577666 0.0137053
vn 0.8455251 0.5331826 0.0283490
vn 0.7867514 0.5566115 -0.2668443
vn 0.5427859 0.6293997 -0.5560931
vn 0.0552228 0.6882902 -0.7233305
vn -0.4668941 0.6453974 -0.6045429
vn -0.7567226 0.5675843 -0.3243748
vn -0.8455251 0.5331826 -0.0283490
vn -0.7867514 0.5566115 0.2668443
vn -0.5427859 0.6293997 0.5560931
vn -0.0552228 0.6882902 0.7233305
vn 0.4668941 0.6453974 0.6045429
vn 0.7567226 0.5675843 0.3243748
vn 0.8455251 0.5331826 0.0283490
vn 0.5929151 0.8041292 0.0427550
vn 0.5541492 0.8165230 -0.1618917
vn 0.3772052 0.8609006 -0.3414181
vn 0.0718998 0.8961503 -0.4378871
vn -0.2632363 0.8798410 -0.3957101
vn -0.4982764 0.8326290 -0.2417635
vn -0.5929151 0.8041292 -0.0427550
vn -0.5541492 0.8165230 0.1618917
vn -0.3772052 0.8609006 0.3414181
vn -0.0718998 0.8961503 0.4378871
vn 0.2632363 0.8798410 0.3957101
vn 0.4982764 0.8326290 0.2417635
vn 0.5929151 0.8041292 0.0427550
vn 0.0000000 1.0000000 0.0000000
s 1
f 845/845/845 847/847/847 846/846/846
f 845/845/845 848/848/848 847/847/847
f 845/845/845 849/849/849 848/848/848
f 845/845/845 850/850/850 849/849/849
f 845/845/845 851/851/851 850/850/850
f 845/845/845 852/852/852 851/851/851
f 845/845/845 853/853/853 852/852/852
f 845/845/845 854/854/854 853/853/853
f 845/845/845 855/855/855 854/854/854
f 845/845/845 856/856/856 855/855/855
f 845/845/845 857/857/857 856/856/856
f 845/845/845 858/858/858 857/857/857
f 846/846/846 847/847/847 860/860/860
f 846/846/846 860/860/860 859/859/859
f 847/847/847 848/848/848 861/861/861
f 847/847/847 861/861/861 860/860/860
f 848/848/848 849/849/849 862/862/862
f 848/848/848 862/862/862 861/861/861
f 849/849/849 850/850/850 863/863/863
f 849/849/849 863/863/863 862/862/862
f 850/850/850 851/851/851 864/864/864
f 850/850/850 864/864/864 863/863/863
f 851/851/851 852/852/852 865/865/865
f 851/851/851 865/865/865 864/864/864
f 852/852/852 853/853/853 866/866/866
f 852/852/852 866/866/866 865/865/865
f 853/853/853 854/854/854 867/867/867
f 853/853/853 867/867/867 866/866/866
f 854/854/854 855/855/855 868/868/868
f 854/854/854 868/868/868 867/867/867
f 855/855/855 856/856/856 869/869/869
f 855/855/855 869/869/869 868/868/868
f 856/856/856 857/857/857 870/870/870
f 856/856/856 870/870/870 869/869/869
f 857/857/857 858/858/858 871/871/871
f 857/857/857 871/871/871 870/870/870
f 859/859/859 860/860/860 873/873/873
f 859/859/859 873/873/873 872/872/872
f 860/860/860 861/861/861 874/874/874
f 860/860/860 874/874/874 873/873/873
f 861/861/861 862/862/862 875/875/875
f 861/861/861 875/875/875 874/874/874
f 862/862/862 863/863/863 876/876/876
f 862/862/862 876/876/876 875/875/875
f 863/863/863 864/864/864 877/877/877
f 863/863/863 877/877/877 876/876/876
f 864/864/864 865/865/865 878/878/878
f 864/864/864 878/878/878 877/877/877
f 865/865/865 866/866/866 879/879/879
f 865/865/865 879/879/879 878/878/878
f 866/866/866 867/867/867 880/880/880
f 866/866/866 880/880/880 879/879/879
f 867/867/867 868/868/868 881/881/881
f 867/867/867 881/881/881 880/880/880
f 868/868/868 869/869/869 882/882/882
f 868/868/868 882/882/882 881/881/881
f 869/869/869 870/870/870 883/883/883
f 869/869/869 883/883/883 882/882/882
f 870/870/870 871/871/871 884/884/884
f 870/870/870 884/884/884 883/883/883
f 872/872/872 873/873/873 886/886/886
f 872/872/872 886/886/886 885/885/885
f 873/873/873 874/874/874 887/887/887
f 873/873/873 887/887/887 886/886/886
f 874/874/874 875/875/875 888/888/888
f 874/874/874 888/888/888 887/887/887
f 875/875/875 876/876/876 889/889/889
f 875/875/875 889/889/889 888/888/888
f 876/876/876 877/877/877 890/890/890
f 876/876/876 890/890/890 889/889/889
f 877/877/877 878/878/878 891/891/891
f 877/877/877 891/891/891 890/890/890
f 878/878/878 879/879/879 892/892/892
f 878/878/878 892/892/892 891/891/891
f 879/879/879 880/880/880 893/893/893
f 879/879/879 893/893/893 892/892/892
f 880/880/880 881/881/881 894/894/894
f 880/880/880 894/894/894 893/893/893
f 881/881/881 882/882/882 895/895/895
f 881/881/881 895/895/895 894/894/894
f 882/882/882 883/883/883 896/896/896
f 882/882/882 896/896/896 895/895/895
f 883/883/883 884/884/884 897/897/897
f 883/883/883 897/897/897 896/896/896
f 885/885/885 886/886/886 899/899/899
f 885/885/885 899/899/899 898/898/898
f 886/886/886 887/887/887 900/900/900
f 886/886/886 900/900/900 899/899/899
f 887/887/887 888/888/888 901/901/901
f 887/887/887 901/901/901 900/900/900
f 888/888/888 889/889/889 902/902/902
f 888/888/888 902/902/902 901/901/901
f 889/889/889 890/890/890 903/903/903
f 889/889/889 903/903/903 902/902/902
f 890/890/890 891/891/891 904/904/904
f 890/890/890 904/904/904 903/903/903
f 891/891/891 892/892/892 905/905/905
f 891/891/891 905/905/905 904/904/904
f 892/892/892 893/893/893 906/906/906
f 892/892/892 906/906/906 905/905/905
f 893/893/893 894/894/894 907/907/907
f 893/893/893 907/907/907 906/906/906
f 894/894/894 895/895/895 908/908/908
f 894/894/894 908/908/908 907/907/907
f 895/895/895 896/896/896 909/909/909
f 895/895/895 909/909/909 908/908/908
f 896/896/896 897/897/897 910/910/910
f 896/896/896 910/910/910 909/909/909
f 898/898/898 899/899/899 912/912/912
f 898/898/898 912/912/912 911/911/911
f 899/899/899 900/900/900 913/913/913
f 899/899/899 913/913/913 912/912/912
f 900/900/900 901/901/901 914/914/914
f 900/900/900 914/914/914 913/913/913
f 901/901/901 902/902/902 915/915/915
f 901/901/901 915/915/915 914/914/914
f 902/902/902 903/903/903 916/916/916
f 902/902/902 916/916/916 915/915/915
f 903/903/903 904/904/904 917/917/917
f 903/903/903 917/917/917 916/916/916
f 904/904/904 905/905/905 918/918/918
f 904/904/904 918/918/918 917/917/917
f 905/905/905 906/906/906 919/919/919
f 905/905/905 919/919/919 918/918/918
f 906/906/906 907/907/907 920/920/920
f 906/906/906 920/920/920 919/919/919
f 907/907/907 908/908/908 921/921/921
f 907/907/907 921/921/921 920/920/920
f 908/908/908 909/909/909 922/922/922
f 908/908/908 922/922/922 921/921/921
f 909/909/909 910/910/910 923/923/923
f 909/909/909 923/923/923 922/922/922
f 911/911/911 912/912/912 925/925/925
f 911/911/911 925/925/925 924/924/924
f 912/912/912 913/913/913 926/926/926
f 912/912/912 926/926/926 925/925/925
f 913/913/913 914/914/914 927/927/927
f 913/913/913 927/927/927 926/926/926
f 914/914/914 915/915/915 928/928/928
f 914/914/914 928/928/928 927/927/927
f 915/915/915 916/916/916 929/929/929
f 915/915/915 929/929/929 928/928/928
f 916/916/916 917/917/917 930/930/930
f 916/916/916 930/930/930 929/929/929
f 917/917/917 918/918/918 931/931/931
f 917/917/917 931/931/931 930/930/930
f 918/918/918 919/919/919 932/932/932
f 918/918/918 932/932/932 931/931/931
f 919/919/919 920/920/920 933/933/933
f 919/919/919 933/933/933 932/932/932
f 920/920/920 921/921/921 934/934/934
f 920/920/920 934/934/934 933/933/933
f 921/921/921 922/922/922 935/935/935
f 921/921/921 935/935/935 934/934/934
f 922/922/922 923/923/923 936/936/936
f 922/922/922 936/936/936 935/935/935
f 924/924/924 925/925/925 937/937/937
f 925/925/925 926/926/926 937/937/937
f 926/926/926 927/927/927 937/937/937
f 927/927/927 928/928/928 937/937/937
f 928/928/928 929/929/929 937/937/937
f 929/929/929 930/930/930 937/937/937
f 930/930/930 931/931/931 937/937/937
f 931/931/931 932/932/932 937/937/937
f 932/932/932 933/933/933 937/937/937
f 933/933/933 934/934/934 937/937/937
f 934/934/934 935/935/935 937/937/937
f 935/935/935 936/936/936 937/937/937
o Eye_glint_1
v 8.795107 34.004927 -1.876093
v 8.836882 34.018968 -1.876093
v 8.824646 34.018968 -1.922524
v 8.795107 34.018968 -1.941757
v 8.765569 34.018968 -1.922524
v 8.753333 34.018968 -1.876093
v 8.765569 34.018968 -1.829663
v 8.795107 34.018968 -1.810430
v 8.824646 34.018968 -1.829663
v 8.836882 34.018968 -1.876093
v 8.867462 34.057330 -1.876093
v 8.846270 34.057330 -1.956514
v 8.795107 34.057330 -1.989826
v 8.743945 34.057330 -1.956514
v 8.722752 34.057330 -1.876093
v 8.743945 34.057330 -1.795673
v 8.795107 34.057330 -1.762361
v 8.846270 34.057330 -1.795673
v 8.867462 34.057330 -1.876093
v 8.878656 34.109734 -1.876093
v 8.854185 34.109734 -1.968955
v 8.795107 34.109734 -2.007420
v 8.736030 34.109734 -1.968955
v 8.711559 34.109734 -1.876093
v 8.736030 34.109734 -1.783232
v 8.795107 34.109734 -1.744767
v 8.854185 34.109734 -1.783232
v 8.878656 34.109734 -1.876093
v 8.867462 34.162137 -1.876093
v 8.846270 34.162137 -1.956514
v 8.795107 34.162137 -1.989826
v 8.743945 34.162137 -1.956514
v 8.722752 34.162137 -1.876093
v 8.743945 34.162137 -1.795673
v 8.795107 34.162137 -1.762361
v 8.846270 34.162137 -1.795673
v 8.867462 34.162137 -1.876093
v 8.836882 34.200499 -1.876093
v 8.824646 34.200499 -1.922524
v 8.795107 34.200499 -1.941757
v 8.765569 34.200499 -1.922524
v 8.753333 34.200499 -1.876093
v 8.765569 34.200499 -1.829663
v 8.795107 34.200499 -1.810430
v 8.824646 34.200499 -1.829663
v 8.836882 34.200499 -1.876093
v 8.795107 34.214540 -1.876093
vt 0.9042969 0.0910937
vt 0.8304687 0.1327344
vt 0.8489258 0.1327344
vt 0.8673828 0.1327344
vt 0.8858398 0.1327344
vt 0.9042969 0.1327344
vt 0.9227539 0.1327344
vt 0.9412109 0.1327344
vt 0.9596680 0.1327344
vt 0.9781250 0.1327344
vt 0.8304687 0.1103125
vt 0.8489258 0.1103125
vt 0.8673828 0.1103125
vt 0.8858398 0.1103125
vt 0.9042969 0.1103125
vt 0.9227539 0.1103125
vt 0.9412109 0.1103125
vt 0.9596680 0.1103125
vt 0.9781250 0.1103125
vt 0.8304687 0.0878906
vt 0.8489258 0.0878906
vt 0.8673828 0.0878906
vt 0.8858398 0.0878906
vt 0.9042969 0.0878906
vt 0.9227539 0.0878906
vt 0.9412109 0.0878906
vt 0.9596680 0.0878906
vt 0.9781250 0.0878906
vt 0.8304687 0.0654687
vt 0.8489258 0.0654687
vt 0.8673828 0.0654687
vt 0.8858398 0.0654687
vt 0.9042969 0.0654687
vt 0.9227539 0.0654687
vt 0.9412109 0.0654687
vt 0.9596680 0.0654687
vt 0.9781250 0.0654687
vt 0.8304687 0.0430469
vt 0.8489258 0.0430469
vt 0.8673828 0.0430469
vt 0.8858398 0.0430469
vt 0.9042969 0.0430469
vt 0.9227539 0.0430469
vt 0.9412109 0.0430469
vt 0.9596680 0.0430469
vt 0.9781250 0.0430469
vt 0.9042969 0.0910937
vn 0.0000000 -1.0000000 -0.0000000
vn 0.6533175 -0.7541315 -0.0667976
vn 0.4241988 -0.8250813 -0.3732241
vn -0.1210389 -0.8693544 -0.4791372
vn -0.5599266 -0.7874882 -0.2575744
vn -0.6533175 -0.7541315 0.0667976
vn -0.4241988 -0.8250813 0.3732241
vn 0.1210389 -0.8693544 0.4791372
vn 0.5599266 -0.7874882 0.2575744
vn 0.6533175 -0.7541315 -0.0667976
vn 0.9174364 -0.3963308 -0.0351052
vn 0.7184181 -0.4669968 -0.5155476
vn -0.0779759 -0.5600569 -0.8247763
vn -0.7784536 -0.4486046 -0.4390489
vn -0.9174364 -0.3963308 0.0351052
vn -0.7184181 -0.4669968 0.5155476
vn 0.0779759 -0.5600569 0.8247763
vn 0.7784536 -0.4486046 0.4390489
vn 0.9174364 -0.3963308 -0.0351052
vn 1.0000000 0.0000000 0.0000000
vn 0.8437284 -0.0000000 -0.5367704
vn 0.0000000 -0.0000000 -1.0000000
vn -0.8437284 -0.0000000 -0.5367704
vn -1.0000000 -0.0000000 -0.0000000
vn -0.8437284 0.0000000 0.5367704
vn -0.0000000 0.0000000 1.0000000
vn 0.8437284 0.0000000 0.5367704
vn 1.0000000 0.0000000 0.0000000
vn 0.9174364 0.3963308 0.0351052
vn 0.7784536 0.4486046 -0.4390489
vn 0.0779759 0.5600569 -0.8247763
vn -0.7184181 0.4669968 -0.5155476
vn -0.9174364 0.3963308 -0.0351052
vn -0.7784536 0.4486046 0.4390489
vn -0.0779759 0.5600569 0.8247763
vn 0.7184181 0.4669968 0.5155476
vn 0.9174364 0.3963308 0.0351052
vn 0.6533175 0.7541315 0.0667976
vn 0.5599266 0.7874882 -0.2575744
vn 0.1210389 0.8693544 -0.4791372
vn -0.4241988 0.8250813 -0.3732241
vn -0.6533175 0.7541315 -0.0667976
vn -0.5599266 0.7874882 0.2575744
vn -0.1210389 0.8693544 0.4791372
vn 0.4241988 0.8250813 0.3732241
vn 0.6533175 0.7541315 0.0667976
vn 0.0000000 1.0000000 -0.0000000
s 1
f 938/938/938 940/940/940 939/939/939
f 938/938/938 941/941/941 940/940/940
f 938/938/938 942/942/942 941/941/941
f 938/938/938 943/943/943 942/942/942
f 938/938/938 944/944/944 943/943/943
f 938/938/938 945/945/945 944/944/944
f 938/938/938 946/946/946 945/945/945
f 938/938/938 947/947/947 946/946/946
f 939/939/939 940/940/940 949/949/949
f 939/939/939 949/949/949 948/948/948
f 940/940/940 941/941/941 950/950/950
f 940/940/940 950/950/950 949/949/949
f 941/941/941 942/942/942 951/951/951
f 941/941/941 951/951/951 950/950/950
f 942/942/942 943/943/943 952/952/952
f 942/942/942 952/952/952 951/951/951
f 943/943/943 944/944/944 953/953/953
f 943/943/943 953/953/953 952/952/952
f 944/944/944 945/945/945 954/954/954
f 944/944/944 954/954/954 953/953/953
f 945/945/945 946/946/946 955/955/955
f 945/945/945 955/955/955 954/954/954
f 946/946/946 947/947/947 956/956/956
f 946/946/946 956/956/956 955/955/955
f 948/948/948 949/949/949 958/958/958
f 948/948/948 958/958/958 957/957/957
f 949/949/949 950/950/950 959/959/959
f 949/949/949 959/959/959 958/958/958
f 950/950/950 951/951/951 960/960/960
f 950/950/950 960/960/960 959/959/959
f 951/951/951 952/952/952 961/961/961
f 951/951/951 961/961/961 960/960/960
f 952/952/952 953/953/953 962/962/962
f 952/952/952 962/962/962 961/961/961
f 953/953/953 954/954/954 963/963/963
f 953/953/953 963/963/963 962/962/962
f 954/954/954 955/955/955 964/964/964
f 954/954/954 964/964/964 963/963/963
f 955/955/955 956/956/956 965/965/965
f 955/955/955 965/965/965 964/964/964
f 957/957/957 958/958/958 967/967/967
f 957/957/957 967/967/967 966/966/966
f 958/958/958 959/959/959 968/968/968
f 958/958/958 968/968/968 967/967/967
f 959/959/959 960/960/960 969/969/969
f 959/959/959 969/969/969 968/968/968
f 960/960/960 961/961/961 970/970/970
f 960/960/960 970/970/970 969/969/969
f 961/961/961 962/962/962 971/971/971
f 961/961/961 971/971/971 970/970/970
f 962/962/962 963/963/963 972/972/972
f 962/962/962 972/972/972 971/971/971
f 963/963/963 964/964/964 973/973/973
f 963/963/963 973/973/973 972/972/972
f 964/964/964 965/965/965 974/974/974
f 964/964/964 974/974/974 973/973/973
f 966/966/966 967/967/967 976/976/976
f 966/966/966 976/976/976 975/975/975
f 967/967/967 968/968/968 977/977/977
f 967/967/967 977/977/977 976/976/976
f 968/968/968 969/969/969 978/978/978
f 968/968/968 978/978/978 977/977/977
f 969/969/969 970/970/970 979/979/979
f 969/969/969 979/979/979 978/978/978
f 970/970/970 971/971/971 980/980/980
f 970/970/970 980/980/980 979/979/979
f 971/971/971 972/972/972 981/981/981
f 971/971/971 981/981/981 980/980/980
f 972/972/972 973/973/973 982/982/982
f 972/972/972 982/982/982 981/981/981
f 973/973/973 974/974/974 983/983/983
f 973/973/973 983/983/983 982/982/982
f 975/975/975 976/976/976 984/984/984
f 976/976/976 977/977/977 984/984/984
f 977/977/977 978/978/978 984/984/984
f 978/978/978 979/979/979 984/984/984
f 979/979/979 980/980/980 984/984/984
f 980/980/980 981/981/981 984/984/984
f 981/981/981 982/982/982 984/984/984
f 982/982/982 983/983/983 984/984/984
o Leg_-1
v 2.566058 22.000800 2.704716
v 2.209124 21.778921 2.323287
v 2.166598 21.641792 1.771045
v 2.454723 21.641792 1.258928
v 2.963445 21.778921 0.982547
v 3.498450 22.000800 1.047471
v 3.855384 22.222678 1.428900
v 3.897910 22.359807 1.981142
v 3.609785 22.359807 2.493259
v 3.101063 22.222678 2.769639
v 2.566058 22.000800 2.704716
v 2.970399 21.445840 2.852304
v 2.632380 21.234658 2.490798
v 2.592535 21.103890 1.967276
v 2.866083 21.103484 1.481705
v 3.348538 21.233595 1.219557
v 3.855618 21.444526 1.280964
v 4.193637 21.655707 1.642470
v 4.233482 21.786476 2.165992
v 3.959935 21.786882 2.651563
v 3.477480 21.656770 2.913711
v 2.970399 21.445840 2.852304
v 3.558298 20.641689 3.070908
v 3.244270 20.450069 2.736298
v 3.205426 20.332495 2.252270
v 3.456605 20.333877 1.803706
v 3.901864 20.453687 1.561943
v 4.371130 20.646161 1.619326
v 4.685159 20.837782 1.953936
v 4.724002 20.955356 2.437964
v 4.472824 20.953974 2.886528
v 4.027564 20.834164 3.128291
v 3.558298 20.641689 3.070908
v 4.187239 19.760702 3.281020
v 3.896893 19.598879 2.975788
v 3.855058 19.503366 2.536033
v 4.077712 19.510648 2.129725
v 4.479811 19.617943 1.912060
v 4.907765 19.784266 1.966179
v 5.198111 19.946090 2.271411
v 5.239946 20.041602 2.711166
v 5.017292 20.034320 3.117474
v 4.615193 19.927026 3.335139
v 4.187239 19.760702 3.281020
v 4.713951 18.974115 3.401852
v 4.442160 18.854876 3.124973
v 4.391657 18.793483 2.729367
v 4.581735 18.813386 2.366141
v 4.939789 18.906982 2.174035
v 5.329054 19.038521 2.226428
v 5.600846 19.157760 2.503307
v 5.651348 19.219153 2.898914
v 5.461270 19.199251 3.262140
v 5.103217 19.105654 3.454245
v 4.713951 18.974115 3.401852
v 5.112460 18.286483 3.383948
v 4.866222 18.213442 3.143643
v 4.809891 18.188582 2.802672
v 4.964984 18.221397 2.491274
v 5.272260 18.299353 2.328394
v 5.614350 18.392674 2.376245
v 5.860587 18.465714 2.616550
v 5.916918 18.490575 2.957521
v 5.761825 18.457760 3.268919
v 5.454550 18.379804 3.431799
v 5.112460 18.286483 3.383948
v 5.446422 17.640262 3.278296
v 5.241710 17.596472 3.084501
v 5.190331 17.590787 2.809832
v 5.311912 17.625379 2.559201
v 5.560011 17.687034 2.428343
v 5.839864 17.752203 2.467240
v 6.044576 17.795993 2.661035
v 6.095954 17.801678 2.935705
v 5.974374 17.767086 3.186335
v 5.726275 17.705431 3.317193
v 5.446422 17.640262 3.278296
v 5.709049 17.099642 3.151281
v 5.548349 17.069363 3.000755
v 5.506962 17.068533 2.787346
v 5.600698 17.097471 2.592569
v 5.793752 17.145122 2.490823
v 6.012384 17.193287 2.520971
v 6.173085 17.223566 2.671497
v 6.214472 17.224396 2.884905
v 6.120736 17.195458 3.079682
v 5.927682 17.147806 3.181428
v 5.709049 17.099642 3.151281
v 5.894304 16.723505 3.066825
v 5.765744 16.698562 2.946112
v 5.732822 16.697261 2.774990
v 5.808112 16.720098 2.618822
v 5.962858 16.758351 2.537259
v 6.137950 16.797409 2.561456
v 6.266510 16.822352 2.682169
v 6.299432 16.823653 2.853290
v 6.224142 16.800816 3.009458
v 6.069396 16.762563 3.091021
v 5.894304 16.723505 3.066825
v 3.032254 22.000800 1.876093
v 6.016127 16.760457 2.814140
vt 0.0078125 0.9921875
vt 0.0078125 0.9312500
vt 0.0078125 0.8703125
vt 0.0078125 0.8093750
vt 0.0078125 0.7484375
vt 0.0078125 0.6875000
vt 0.0078125 0.6265625
vt 0.0078125 0.5656250
vt 0.0078125 0.5046875
vt 0.0078125 0.4437500
vt 0.0078125 0.3828125
vt 0.1308594 0.9921875
vt 0.1308594 0.9312500
vt 0.1308594 0.8703125
vt 0.1308594 0.8093750
vt 0.1308594 0.7484375
vt 0.1308594 0.6875000
vt 0.1308594 0.6265625
vt 0.1308594 0.5656250
vt 0.1308594 0.5046875
vt 0.1308594 0.4437500
vt 0.1308594 0.3828125
vt 0.2539062 0.9921875
vt 0.2539062 0.9312500
vt 0.2539062 0.8703125
vt 0.2539062 0.8093750
vt 0.2539062 0.7484375
vt 0.2539062 0.6875000
vt 0.2539062 0.6265625
vt 0.2539062 0.5656250
vt 0.2539062 0.5046875
vt 0.2539062 0.4437500
vt 0.2539062 0.3828125
vt 0.3769531 0.9921875
vt 0.3769531 0.9312500
vt 0.3769531 0.8703125
vt 0.3769531 0.8093750
vt 0.3769531 0.7484375
vt 0.3769531 0.6875000
vt 0.3769531 0.6265625
vt 0.3769531 0.5656250
vt 0.3769531 0.5046875
vt 0.3769531 0.4437500
vt 0.3769531 0.3828125
vt 0.5000000 0.9921875
vt 0.5000000 0.9312500
vt 0.5000000 0.8703125
vt 0.5000000 0.8093750
vt 0.5000000 0.7484375
vt 0.5000000 0.6875000
vt 0.5000000 0.6265625
vt 0.5000000 0.5656250
vt 0.5000000 0.5046875
vt 0.5000000 0.4437500
vt 0.5000000 0.3828125
vt 0.6230469 0.9921875
vt 0.6230469 0.9312500
vt 0.6230469 0.8703125
vt 0.6230469 0.8093750
vt 0.6230469 0.7484375
vt 0.6230469 0.6875000
vt 0.6230469 0.6265625
vt 0.6230469 0.5656250
vt 0.6230469 0.5046875
vt 0.6230469 0.4437500
vt 0.6230469 0.3828125
vt 0.7460938 0.9921875
vt 0.7460938 0.9312500
vt 0.7460938 0.8703125
vt 0.7460938 0.8093750
vt 0.7460938 0.7484375
vt 0.7460938 0.6875000
vt 0.7460938 0.6265625
vt 0.7460938 0.5656250
vt 0.7460938 0.5046875
vt 0.7460938 0.4437500
vt 0.7460938 0.3828125
vt 0.8691406 0.9921875
vt 0.8691406 0.9312500
vt 0.8691406 0.8703125
vt 0.8691406 0.8093750
vt 0.8691406 0.7484375
vt 0.8691406 0.6875000
vt 0.8691406 0.6265625
vt 0.8691406 0.5656250
vt 0.8691406 0.5046875
vt 0.8691406 0.4437500
vt 0.8691406 0.3828125
vt 0.9921875 0.9921875
vt 0.9921875 0.9312500
vt 0.9921875 0.8703125
vt 0.9921875 0.8093750
vt 0.9921875 0.7484375
vt 0.9921875 0.6875000
vt 0.9921875 0.6265625
vt 0.9921875 0.5656250
vt 0.9921875 0.5046875
vt 0.9921875 0.4437500
vt 0.9921875 0.3828125
vt 0.0078125 0.6875000
vt 0.9921875 0.6875000
vn -0.6415103 0.5634533 0.5205620
vn -0.9355208 0.3037949 0.1803041
vn -0.9350195 0.1407459 -0.3254676
vn -0.6463743 0.1701471 -0.7438079
vn -0.2230401 0.3700970 -0.9018211
vn 0.1572597 0.6366607 -0.7549388
vn 0.3548225 0.8488104 -0.3919462
vn 0.3297248 0.9436948 0.0268638
vn 0.1162975 0.9195127 0.3754614
vn -0.2344495 0.7882864 0.5688919
vn -0.6415103 0.5634533 0.5205620
vn -0.4301327 -0.0719084 0.8998973
vn -0.7580658 -0.4417623 0.4797732
vn -0.7598751 -0.6415923 -0.1046384
vn -0.4831389 -0.6253534 -0.6127886
vn -0.0282447 -0.4169968 -0.9084690
vn 0.4819590 -0.0582528 -0.8742552
vn 0.8269470 0.3206960 -0.4618579
vn 0.8337273 0.5350126 0.1366023
vn 0.5451119 0.5188511 0.6585185
vn 0.0773564 0.2972285 0.9516676
vn -0.4301327 -0.0719084 0.8998973
vn -0.4141408 -0.0664958 0.9077806
vn -0.7526492 -0.4332256 0.4958172
vn -0.7669798 -0.6355199 -0.0886363
vn -0.4977213 -0.6236958 -0.6027246
vn -0.0453998 -0.4208571 -0.9059902
vn 0.4676027 -0.0687251 -0.8812630
vn 0.8234996 0.3069305 -0.4771184
vn 0.8432257 0.5235983 0.1217180
vn 0.5618646 0.5118337 0.6498726
vn 0.0962663 0.2958588 0.9503686
vn -0.4141408 -0.0664958 0.9077806
vn -0.3931579 -0.0862937 0.9154126
vn -0.7455756 -0.4320099 0.5074292
vn -0.7787676 -0.6223101 -0.0790644
vn -0.5192514 -0.6067067 -0.6019011
vn -0.0665980 -0.4071494 -0.9109304
vn 0.4527370 -0.0694121 -0.8889382
vn 0.8245486 0.2861965 -0.4880687
vn 0.8639957 0.4900655 0.1155303
vn 0.5906746 0.4730832 0.6536787
vn 0.1229316 0.2600658 0.9577336
vn -0.3931579 -0.0862937 0.9154126
vn -0.3667729 -0.1552165 0.9172707
vn -0.7386191 -0.4452831 0.5061273
vn -0.8004524 -0.5931452 -0.0863402
vn -0.5522582 -0.5547192 -0.6223323
vn -0.0916986 -0.3540963 -0.9307025
vn 0.4397957 -0.0490025 -0.8967600
vn 0.8340868 0.2509133 -0.4912655
vn 0.9039075 0.4098597 0.1223362
vn 0.6390705 0.3683808 0.6751922
vn 0.1604582 0.1554431 0.9747259
vn -0.3667729 -0.1552165 0.9172707
vn -0.3385364 -0.2597327 0.9043959
vn -0.7316697 -0.4717440 0.4920540
vn -0.8272789 -0.5518049 -0.1054561
vn -0.5915647 -0.4707316 -0.6545708
vn -0.1198854 -0.2652691 -0.9566921
vn 0.4247794 -0.0075731 -0.9052652
vn 0.8425810 0.2110553 -0.4954925
vn 0.9464066 0.2973621 0.1260567
vn 0.6907030 0.2132186 0.6909900
vn 0.1996401 0.0001825 0.9798693
vn -0.3385364 -0.2597327 0.9043959
vn -0.3143020 -0.3270722 0.8912003
vn -0.7235390 -0.4875464 0.4886613
vn -0.8459275 -0.5226934 -0.1058219
vn -0.6242407 -0.4136196 -0.6627536
vn -0.1502040 -0.2070420 -0.9667328
vn 0.4018610 0.0188803 -0.9155060
vn 0.8381120 0.1848395 -0.5132277
vn 0.9693621 0.2204524 0.1083412
vn 0.7247047 0.1058021 0.6808884
vn 0.2295251 -0.1041052 0.9677192
vn -0.3143020 -0.3270722 0.8912003
vn -0.3006972 -0.3518906 0.8864278
vn -0.7170104 -0.4945113 0.4912786
vn -0.8522429 -0.5135987 -0.0994906
vn -0.6399886 -0.3939988 -0.6596814
vn -0.1682511 -0.1861123 -0.9680154
vn 0.3858589 0.0298495 -0.9220748
vn 0.8308804 0.1781089 -0.5271764
vn 0.9764020 0.1952069 0.0923762
vn 0.7397864 0.0682814 0.6693682
vn 0.2450055 -0.1414564 0.9591467
vn -0.3006972 -0.3518906 0.8864278
vn -0.1262787 -0.6195844 0.7747057
vn -0.4951663 -0.7396832 0.4557182
vn -0.6377436 -0.7696566 -0.0301969
vn -0.5009368 -0.6926996 -0.5188733
vn -0.1259503 -0.5358447 -0.8348695
vn 0.3652582 -0.3581852 -0.8592379
vn 0.8011678 -0.2264382 -0.5539457
vn 0.9800758 -0.1985523 -0.0053209
vn 0.7940637 -0.2893419 0.5345504
vn 0.3568038 -0.4515494 0.8177984
vn -0.1262787 -0.6195844 0.7747057
vn -0.3546261 0.9134729 -0.1995182
vn 0.2222312 -0.9743531 -0.0353452
s 1
f 985/985/985 986/986/986 997/997/997
f 985/985/985 997/997/997 996/996/996
f 986/986/986 987/987/987 998/998/998
f 986/986/986 998/998/998 997/997/997
f 987/987/987 988/988/988 999/999/999
f 987/987/987 999/999/999 998/998/998
f 988/988/988 989/989/989 1000/1000/1000
f 988/988/988 1000/1000/1000 999/999/999
f 989/989/989 990/990/990 1001/1001/1001
f 989/989/989 1001/1001/1001 1000/1000/1000
f 990/990/990 991/991/991 1002/1002/1002
f 990/990/990 1002/1002/1002 1001/1001/1001
f 991/991/991 992/992/992 1003/1003/1003
f 991/991/991 1003/1003/1003 1002/1002/1002
f 992/992/992 993/993/993 1004/1004/1004
f 992/992/992 1004/1004/1004 1003/1003/1003
f 993/993/993 994/994/994 1005/1005/1005
f 993/993/993 1005/1005/1005 1004/1004/1004
f 994/994/994 995/995/995 1006/1006/1006
f 994/994/994 1006/1006/1006 1005/1005/1005
f 996/996/996 997/997/997 1008/1008/1008
f 996/996/996 1008/1008/1008 1007/1007/1007
f 997/997/997 998/998/998 1009/1009/1009
f 997/997/997 1009/1009/1009 1008/1008/1008
f 998/998/998 999/999/999 1010/1010/1010
f 998/998/998 1010/1010/1010 1009/1009/1009
f 999/999/999 1000/1000/1000 1011/1011/1011
f 999/999/999 1011/1011/1011 1010/1010/1010
f 1000/1000/1000 1001/1001/1001 1012/1012/1012
f 1000/1000/1000 1012/1012/1012 1011/1011/1011
f 1001/1001/1001 1002/1002/1002 1013/1013/1013
f 1001/1001/1001 1013/1013/1013 1012/1012/1012
f 1002/1002/1002 1003/1003/1003 1014/1014/1014
f 1002/1002/1002 1014/1014/1014 1013/1013/1013
f 1003/1003/1003 1004/1004/1004 1015/1015/1015
f 1003/1003/1003 1015/1015/1015 1014/1014/1014
f 1004/1004/1004 1005/1005/1005 1016/1016/1016
f 1004/1004/1004 1016/1016/1016 1015/1015/1015
f 1005/1005/1005 1006/1006/1006 1017/1017/1017
f 1005/1005/1005 1017/1017/1017 1016/1016/1016
f 1007/1007/1007 1008/1008/1008 1019/1019/1019
f 1007/1007/1007 1019/1019/1019 1018/1018/1018
f 1008/1008/1008 1009/1009/1009 1020/1020/1020
f 1008/1008/1008 1020/1020/1020 1019/1019/1019
f 1009/1009/1009 1010/1010/1010 1021/1021/1021
f 1009/1009/1009 1021/1021/1021 1020/1020/1020
f 1010/1010/1010 1011/1011/1011 1022/1022/1022
f 1010/1010/1010 1022/1022/1022 1021/1021/1021
f 1011/1011/1011 1012/1012/1012 1023/1023/1023
f 1011/1011/1011 1023/1023/1023 1022/1022/1022
f 1012/1012/1012 1013/1013/1013 1024/1024/1024
f 1012/1012/1012 1024/1024/1024 1023/1023/1023
f 1013/1013/1013 1014/1014/1014 1025/1025/1025
f 1013/1013/1013 1025/1025/1025 1024/1024/1024
f 1014/1014/1014 1015/1015/1015 1026/1026/1026
f 1014/1014/1014 1026/1026/1026 1025/1025/1025
f 1015/1015/1015 1016/1016/1016 1027/1027/1027
f 1015/1015/1015 1027/1027/1027 1026/1026/1026
f 1016/1016/1016 1017/1017/1017 1028/1028/1028
f 1016/1016/1016 1028/1028/1028 1027/1027/1027
f 1018/1018/1018 1019/1019/1019 1030/1030/1030
f 1018/1018/1018 1030/1030/1030 1029/1029/1029
f 1019/1019/1019 1020/1020/1020 1031/1031/1031
f 1019/1019/1019 1031/1031/1031 1030/1030/1030
f 1020/1020/1020 1021/1021/1021 1032/1032/1032
f 1020/1020/1020 1032/1032/1032 1031/1031/1031
f 1021/1021/1021 1022/1022/1022 1033/1033/1033
f 1021/1021/1021 1033/1033/1033 1032/1032/1032
f 1022/1022/1022 1023/1023/1023 1034/1034/1034
f 1022/1022/1022 1034/1034/1034 1033/1033/1033
f 1023/1023/1023 1024/1024/1024 1035/1035/1035
f 1023/1023/1023 1035/1035/1035 1034/1034/1034
f 1024/1024/1024 1025/1025/1025 1036/1036/1036
f 1024/1024/1024 1036/1036/1036 1035/1035/1035
f 1025/1025/1025 1026/1026/1026 1037/1037/1037
f 1025/1025/1025 1037/1037/1037 1036/1036/1036
f 1026/1026/1026 1027/1027/1027 1038/1038/1038
f 1026/1026/1026 1038/1038/1038 1037/1037/1037
f 1027/1027/1027 1028/1028/1028 1039/1039/1039
f 1027/1027/1027 1039/1039/1039 1038/1038/1038
f 1029/1029/1029 1030/1030/1030 1041/1041/1041
f 1029/1029/1029 1041/1041/1041 1040/1040/1040
f 1030/1030/1030 1031/1031/1031 1042/1042/1042
f 1030/1030/1030 1042/1042/1042 1041/1041/1041
f 1031/1031/1031 1032/1032/1032 1043/1043/1043
f 1031/1031/1031 1043/1043/1043 1042/1042/1042
f 1032/1032/1032 1033/1033/1033 1044/1044/1044
f 1032/1032/1032 1044/1044/1044 1043/1043/1043
f 1033/1033/1033 1034/1034/1034 1045/1045/1045
f 1033/1033/1033 1045/1045/1045 1044/1044/1044
f 1034/1034/1034 1035/1035/1035 1046/1046/1046
f 1034/1034/1034 1046/1046/1046 1045/1045/1045
f 1035/1035/1035 1036/1036/1036 1047/1047/1047
f 1035/1035/1035 1047/1047/1047 1046/1046/1046
f 1036/1036/1036 1037/1037/1037 1048/1048/1048
f 1036/1036/1036 1048/1048/1048 1047/1047/1047
f 1037/1037/1037 1038/1038/1038 1049/1049/1049
f 1037/1037/1037 1049/1049/1049 1048/1048/1048
f 1038/1038/1038 1039/1039/1039 1050/1050/1050
f 1038/1038/1038 1050/1050/1050 1049/1049/1049
f 1040/1040/1040 1041/1041/1041 1052/1052/1052
f 1040/1040/1040 1052/1052/1052 1051/1051/1051
f 1041/1041/1041 1042/1042/1042 1053/1053/1053
f 1041/1041/1041 1053/1053/1053 1052/1052/1052
f 1042/1042/1042 1043/1043/1043 1054/1054/1054
f 1042/1042/1042 1054/1054/1054 1053/1053/1053
f 1043/1043/1043 1044/1044/1044 1055/1055/1055
f 1043/1043/1043 1055/1055/1055 1054/1054/1054
f 1044/1044/1044 1045/1045/1045 1056/1056/1056
f 1044/1044/1044 1056/1056/1056 1055/1055/1055
f 1045/1045/1045 1046/1046/1046 1057/1057/1057
f 1045/1045/1045 1057/1057/1057 1056/1056/1056
f 1046/1046/1046 1047/1047/1047 1058/1058/1058
f 1046/1046/1046 1058/1058/1058 1057/1057/1057
f 1047/1047/1047 1048/1048/1048 1059/1059/1059
f 1047/1047/1047 1059/1059/1059 1058/1058/1058
f 1048/1048/1048 1049/1049/1049 1060/1060/1060
f 1048/1048/1048 1060/1060/1060 1059/1059/1059
f 1049/1049/1049 1050/1050/1050 1061/1061/1061
f 1049/1049/1049 1061/1061/1061 1060/1060/1060
f 1051/1051/1051 1052/1052/1052 1063/1063/1063
f 1051/1051/1051 1063/1063/1063 1062/1062/1062
f 1052/1052/1052 1053/1053/1053 1064/1064/1064
f 1052/1052/1052 1064/1064/1064 1063/1063/1063
f 1053/1053/1053 1054/1054/1054 1065/1065/1065
f 1053/1053/1053 1065/1065/1065 1064/1064/1064
f 1054/1054/1054 1055/1055/1055 1066/1066/1066
f 1054/1054/1054 1066/1066/1066 1065/1065/1065
f 1055/1055/1055 1056/1056/1056 1067/1067/1067
f 1055/1055/1055 1067/1067/1067 1066/1066/1066
f 1056/1056/1056 1057/1057/1057 1068/1068/1068
f 1056/1056/1056 1068/1068/1068 1067/1067/1067
f 1057/1057/1057 1058/1058/1058 1069/1069/1069
f 1057/1057/1057 1069/1069/1069 1068/1068/1068
f 1058/1058/1058 1059/1059/1059 1070/1070/1070
f 1058/1058/1058 1070/1070/1070 1069/1069/1069
f 1059/1059/1059 1060/1060/1060 1071/1071/1071
f 1059/1059/1059 1071/1071/1071 1070/1070/1070
f 1060/1060/1060 1061/1061/1061 1072/1072/1072
f 1060/1060/1060 1072/1072/1072 1071/1071/1071
f 1062/1062/1062 1063/1063/1063 1074/1074/1074
f 1062/1062/1062 1074/1074/1074 1073/1073/1073
f 1063/1063/1063 1064/1064/1064 1075/1075/1075
f 1063/1063/1063 1075/1075/1075 1074/1074/1074
f 1064/1064/1064 1065/1065/1065 1076/1076/1076
f 1064/1064/1064 1076/1076/1076 1075/1075/1075
f 1065/1065/1065 1066/1066/1066 1077/1077/1077
f 1065/1065/1065 1077/1077/1077 1076/1076/1076
f 1066/1066/1066 1067/1067/1067 1078/1078/1078
f 1066/1066/1066 1078/1078/1078 1077/1077/1077
f 1067/1067/1067 1068/1068/1068 1079/1079/1079
f 1067/1067/1067 1079/1079/1079 1078/1078/1078
f 1068/1068/1068 1069/1069/1069 1080/1080/1080
f 1068/1068/1068 1080/1080/1080 1079/1079/1079
f 1069/1069/1069 1070/1070/1070 1081/1081/1081
f 1069/1069/1069 1081/1081/1081 1080/1080/1080
f 1070/1070/1070 1071/1071/1071 1082/1082/1082
f 1070/1070/1070 1082/1082/1082 1081/1081/1081
f 1071/1071/1071 1072/1072/1072 1083/1083/1083
f 1071/1071/1071 1083/1083/1083 1082/1082/1082
f 1084/1084/1084 986/986/986 985/985/985
f 1084/1084/1084 987/987/987 986/986/986
f 1084/1084/1084 988/988/988 987/987/987
f 1084/1084/1084 989/989/989 988/988/988
f 1084/1084/1084 990/990/990 989/989/989
f 1084/1084/1084 991/991/991 990/990/990
f 1084/1084/1084 992/992/992 991/991/991
f 1084/1084/1084 993/993/993 992/992/992
f 1084/1084/1084 994/994/994 993/993/993
f 1084/1084/1084 995/995/995 994/994/994
f 1085/1085/1085 1073/1073/1073 1074/1074/1074
f 1085/1085/1085 1074/1074/1074 1075/1075/1075
f 1085/1085/1085 1075/1075/1075 1076/1076/1076
f 1085/1085/1085 1076/1076/1076 1077/1077/1077
f 1085/1085/1085 1077/1077/1077 1078/1078/1078
f 1085/1085/1085 1078/1078/1078 1079/1079/1079
f 1085/1085/1085 1079/1079/1079 1080/1080/1080
f 1085/1085/1085 1080/1080/1080 1081/1081/1081
f 1085/1085/1085 1081/1081/1081 1082/1082/1082
f 1085/1085/1085 1082/1082/1082 1083/1083/1083
o Talon_-1_0
v 5.882684 16.760457 3.065845
v 5.855047 16.582906 2.895497
v 5.988490 16.582906 2.643793
v 6.149570 16.760457 2.562436
v 6.177207 16.938008 2.732783
v 6.043764 16.938008 2.984488
v 5.882684 16.760457 3.065845
v 6.508994 16.538644 3.274177
v 6.489000 16.410193 3.150938
v 6.585540 16.410193 2.968841
v 6.702074 16.538644 2.909983
v 6.722068 16.667094 3.033222
v 6.625528 16.667094 3.215319
v 6.508994 16.538644 3.274177
v 7.370170 16.233650 3.560635
v 7.360684 16.172713 3.502170
v 7.406483 16.172713 3.415782
v 7.461768 16.233650 3.387860
v 7.471253 16.294587 3.446325
v 7.425454 16.294587 3.532712
v 7.370170 16.233650 3.560635
v 7.996479 16.011837 3.768967
v 7.994637 16.000000 3.757611
v 8.003533 16.000000 3.740830
v 8.014272 16.011837 3.735407
v 8.016114 16.023673 3.746763
v 8.007218 16.023673 3.763543
v 7.996479 16.011837 3.768967
v 6.016127 16.760457 2.814140
v 8.005376 16.011837 3.752187
vt 0.6132812 0.1679688
vt 0.6132812 0.1412760
vt 0.6132812 0.1145833
vt 0.6132812 0.0878906
vt 0.6132812 0.0611979
vt 0.6132812 0.0345052
vt 0.6132812 0.0078125
vt 0.6705729 0.1679688
vt 0.6705729 0.1412760
vt 0.6705729 0.1145833
vt 0.6705729 0.0878906
vt 0.6705729 0.0611979
vt 0.6705729 0.0345052
vt 0.6705729 0.0078125
vt 0.7278646 0.1679688
vt 0.7278646 0.1412760
vt 0.7278646 0.1145833
vt 0.7278646 0.0878906
vt 0.7278646 0.0611979
vt 0.7278646 0.0345052
vt 0.7278646 0.0078125
vt 0.7851562 0.1679688
vt 0.7851562 0.1412760
vt 0.7851562 0.1145833
vt 0.7851562 0.0878906
vt 0.7851562 0.0611979
vt 0.7851562 0.0345052
vt 0.7851562 0.0078125
vt 0.6132812 0.0878906
vt 0.7851562 0.0878906
vn -0.6160903 -0.0780892 0.7837951
vn -0.5360291 -0.8414752 0.0677668
vn -0.1325132 -0.7090510 -0.6925944
vn 0.3175116 0.2628357 -0.9111003
vn 0.2683760 0.9448336 -0.1877868
vn -0.1181671 0.8390047 0.5311381
vn -0.6160903 -0.0780892 0.7837951
vn -0.3116027 0.0125477 0.9501296
vn -0.3704757 -0.8670104 0.3332279
vn -0.0272240 -0.9026118 -0.4295937
vn 0.4900332 -0.1299592 -0.8619618
vn 0.5420864 0.7979049 -0.2636096
vn 0.1795737 0.8323682 0.5243248
vn -0.3116027 0.0125477 0.9501296
vn -0.2582688 0.1648133 0.9519106
vn -0.3963845 -0.8067022 0.4383046
vn -0.0856096 -0.9364086 -0.3403086
vn 0.4289299 -0.2781968 -0.8594334
vn 0.5694856 0.7331791 -0.3716646
vn 0.2353029 0.8716433 0.4299657
vn -0.2582688 0.1648133 0.9519106
vn -0.1654211 0.3702467 0.9140860
vn -0.4189428 -0.6893295 0.5910260
vn -0.1622352 -0.9656421 -0.2030150
vn 0.3298418 -0.4763814 -0.8150246
vn 0.5987099 0.6048457 -0.5250792
vn 0.3140793 0.9047020 0.2878688
vn -0.1654211 0.3702467 0.9140860
vn -0.7619686 0.5061795 -0.4039631
vn 0.7619686 -0.5061795 0.4039631
s 1
f 1086/1086/1086 1087/1087/1087 1094/1094/1094
f 1086/1086/1086 1094/1094/1094 1093/1093/1093
f 1087/1087/1087 1088/1088/1088 1095/1095/1095
f 1087/1087/1087 1095/1095/1095 1094/1094/1094
f 1088/1088/1088 1089/1089/1089 1096/1096/1096
f 1088/1088/1088 1096/1096/1096 1095/1095/1095
f 1089/1089/1089 1090/1090/1090 1097/1097/1097
f 1089/1089/1089 1097/1097/1097 1096/1096/1096
f 1090/1090/1090 1091/1091/1091 1098/1098/1098
f 1090/1090/1090 1098/1098/1098 1097/1097/1097
f 1091/1091/1091 1092/1092/1092 1099/1099/1099
f 1091/1091/1091 1099/1099/1099 1098/1098/1098
f 1093/1093/1093 1094/1094/1094 1101/1101/1101
f 1093/1093/1093 1101/1101/1101 1100/1100/1100
f 1094/1094/1094 1095/1095/1095 1102/1102/1102
f 1094/1094/1094 1102/1102/1102 1101/1101/1101
f 1095/1095/1095 1096/1096/1096 1103/1103/1103
f 1095/1095/1095 1103/1103/1103 1102/1102/1102
f 1096/1096/1096 1097/1097/1097 1104/1104/1104
f 1096/1096/1096 1104/1104/1104 1103/1103/1103
f 1097/1097/1097 1098/1098/1098 1105/1105/1105
f 1097/1097/1097 1105/1105/1105 1104/1104/1104
f 1098/1098/1098 1099/1099/1099 1106/1106/1106
f 1098/1098/1098 1106/1106/1106 1105/1105/1105
f 1100/1100/1100 1101/1101/1101 1108/1108/1108
f 1100/1100/1100 1108/1108/1108 1107/1107/1107
f 1101/1101/1101 1102/1102/1102 1109/1109/1109
f 1101/1101/1101 1109/1109/1109 1108/1108/1108
f 1102/1102/1102 1103/1103/1103 1110/1110/1110
f 1102/1102/1102 1110/1110/1110 1109/1109/1109
f 1103/1103/1103 1104/1104/1104 1111/1111/1111
f 1103/1103/1103 1111/1111/1111 1110/1110/1110
f 1104/1104/1104 1105/1105/1105 1112/1112/1112
f 1104/1104/1104 1112/1112/1112 1111/1111/1111
f 1105/1105/1105 1106/1106/1106 1113/1113/1113
f 1105/1105/1105 1113/1113/1113 1112/1112/1112
f 1114/1114/1114 1087/1087/1087 1086/1086/1086
f 1114/1114/1114 1088/1088/1088 1087/1087/1087
f 1114/1114/1114 1089/1089/1089 1088/1088/1088
f 1114/1114/1114 1090/1090/1090 1089/1089/1089
f 1114/1114/1114 1091/1091/1091 1090/1090/1090
f 1114/1114/1114 1092/1092/1092 1091/1091/1091
f 1115/1115/1115 1107/1107/1107 1108/1108/1108
f 1115/1115/1115 1108/1108/1108 1109/1109/1109
f 1115/1115/1115 1109/1109/1109 1110/1110/1110
f 1115/1115/1115 1110/1110/1110 1111/1111/1111
f 1115/1115/1115 1111/1111/1111 1112/1112/1112
f 1115/1115/1115 1112/1112/1112 1113/1113/1113
o Talon_-1_1
v 6.016127 16.760457 3.095554
v 5.900562 16.586493 2.954847
v 5.900562 16.586493 2.673433
v 6.016127 16.760457 2.532726
v 6.131692 16.934421 2.673433
v 6.131692 16.934421 2.954847
v 6.016127 16.760457 3.095554
v 6.605534 16.538644 3.017731
v 6.521928 16.412788 2.915936
v 6.521928 16.412788 2.712345
v 6.605534 16.538644 2.610549
v 6.689140 16.664499 2.712345
v 6.689140 16.664499 2.915936
v 6.605534 16.538644 3.017731
v 7.415969 16.233650 2.910724
v 7.376306 16.173944 2.862432
v 7.376306 16.173944 2.765848
v 7.415969 16.233650 2.717556
v 7.455632 16.293356 2.765848
v 7.455632 16.293356 2.862432
v 7.415969 16.233650 2.910724
v 8.005376 16.011837 2.832901
v 7.997671 16.000239 2.823521
v 7.997671 16.000239 2.804760
v 8.005376 16.011837 2.795379
v 8.013080 16.023434 2.804760
v 8.013080 16.023434 2.823521
v 8.005376 16.011837 2.832901
v 6.016127 16.760457 2.814140
v 8.005376 16.011837 2.814140
vt 0.6132812 0.1679688
vt 0.6132812 0.1412760
vt 0.6132812 0.1145833
vt 0.6132812 0.0878906
vt 0.6132812 0.0611979
vt 0.6132812 0.0345052
vt 0.6132812 0.0078125
vt 0.6705729 0.1679688
vt 0.6705729 0.1412760
vt 0.6705729 0.1145833
vt 0.6705729 0.0878906
vt 0.6705729 0.0611979
vt 0.6705729 0.0345052
vt 0.6705729 0.0078125
vt 0.7278646 0.1679688
vt 0.7278646 0.1412760
vt 0.7278646 0.1145833
vt 0.7278646 0.0878906
vt 0.7278646 0.0611979
vt 0.7278646 0.0345052
vt 0.7278646 0.0078125
vt 0.7851562 0.1679688
vt 0.7851562 0.1412760
vt 0.7851562 0.1145833
vt 0.7851562 0.0878906
vt 0.7851562 0.0611979
vt 0.7851562 0.0345052
vt 0.7851562 0.0078125
vt 0.6132812 0.0878906
vt 0.7851562 0.0878906
vn -0.2326227 -0.0541067 0.9710608
vn -0.4932870 -0.8102882 0.3163874
vn -0.4543866 -0.6876618 -0.5662633
vn -0.1052893 0.2752587 -0.9555872
vn 0.1783547 0.9390141 -0.2940105
vn 0.1323076 0.8377826 0.5297311
vn -0.2326227 -0.0541067 0.9710608
vn 0.1306976 -0.0005477 0.9914221
vn -0.2099118 -0.8565076 0.4715206
vn -0.2280475 -0.8993319 -0.3730904
vn 0.0784226 -0.1380149 -0.9873205
vn 0.4069410 0.7694573 -0.4922747
vn 0.4231901 0.8177381 0.3901469
vn 0.1306976 -0.0005477 0.9914221
vn 0.1842057 0.1485928 0.9715907
vn -0.1864385 -0.7959354 0.5759578
vn -0.2441536 -0.9327735 -0.2651839
vn 0.0207861 -0.2813634 -0.9593761
vn 0.3823494 0.7032273 -0.5994000
vn 0.4343198 0.8569736 0.2774211
vn 0.1842057 0.1485928 0.9715907
vn 0.2591698 0.3518026 0.8994810
vn -0.1379738 -0.6801312 0.7199894
vn -0.2557200 -0.9610149 -0.1051557
vn -0.0549995 -0.4750572 -0.8782344
vn 0.3382971 0.5743414 -0.7454442
vn 0.4453489 0.8885580 0.1101317
vn 0.2591698 0.3518026 0.8994810
vn -0.8329571 0.5533375 -0.0000000
vn 0.8329571 -0.5533375 -0.0000000
s 1
f 1116/1116/1116 1117/1117/1117 1124/1124/1124
f 1116/1116/1116 1124/1124/1124 1123/1123/1123
f 1117/1117/1117 1118/1118/1118 1125/1125/1125
f 1117/1117/1117 1125/1125/1125 1124/1124/1124
f 1118/1118/1118 1119/1119/1119 1126/1126/1126
f 1118/1118/1118 1126/1126/1126 1125/1125/1125
f 1119/1119/1119 1120/1120/1120 1127/1127/1127
f 1119/1119/1119 1127/1127/1127 1126/1126/1126
f 1120/1120/1120 1121/1121/1121 1128/1128/1128
f 1120/1120/1120 1128/1128/1128 1127/1127/1127
f 1121/1121/1121 1122/1122/1122 1129/1129/1129
f 1121/1121/1121 1129/1129/1129 1128/1128/1128
f 1123/1123/1123 1124/1124/1124 1131/1131/1131
f 1123/1123/1123 1131/1131/1131 1130/1130/1130
f 1124/1124/1124 1125/1125/1125 1132/1132/1132
f 1124/1124/1124 1132/1132/1132 1131/1131/1131
f 1125/1125/1125 1126/1126/1126 1133/1133/1133
f 1125/1125/1125 1133/1133/1133 1132/1132/1132
f 1126/1126/1126 1127/1127/1127 1134/1134/1134
f 1126/1126/1126 1134/1134/1134 1133/1133/1133
f 1127/1127/1127 1128/1128/1128 1135/1135/1135
f 1127/1127/1127 1135/1135/1135 1134/1134/1134
f 1128/1128/1128 1129/1129/1129 1136/1136/1136
f 1128/1128/1128 1136/1136/1136 1135/1135/1135
f 1130/1130/1130 1131/1131/1131 1138/1138/1138
f 1130/1130/1130 1138/1138/1138 1137/1137/1137
f 1131/1131/1131 1132/1132/1132 1139/1139/1139
f 1131/1131/1131 1139/1139/1139 1138/1138/1138
f 1132/1132/1132 1133/1133/1133 1140/1140/1140
f 1132/1132/1132 1140/1140/1140 1139/1139/1139
f 1133/1133/1133 1134/1134/1134 1141/1141/1141
f 1133/1133/1133 1141/1141/1141 1140/1140/1140
f 1134/1134/1134 1135/1135/1135 1142/1142/1142
f 1134/1134/1134 1142/1142/1142 1141/1141/1141
f 1135/1135/1135 1136/1136/1136 1143/1143/1143
f 1135/1135/1135 1143/1143/1143 1142/1142/1142
f 1144/1144/1144 1117/1117/1117 1116/1116/1116
f 1144/1144/1144 1118/1118/1118 1117/1117/1117
f 1144/1144/1144 1119/1119/1119 1118/1118/1118
f 1144/1144/1144 1120/1120/1120 1119/1119/1119
f 1144/1144/1144 1121/1121/1121 1120/1120/1120
f 1144/1144/1144 1122/1122/1122 1121/1121/1121
f 1145/1145/1145 1137/1137/1137 1138/1138/1138
f 1145/1145/1145 1138/1138/1138 1139/1139/1139
f 1145/1145/1145 1139/1139/1139 1140/1140/1140
f 1145/1145/1145 1140/1140/1140 1141/1141/1141
f 1145/1145/1145 1141/1141/1141 1142/1142/1142
f 1145/1145/1145 1142/1142/1142 1143/1143/1143
o Talon_-1_2
v 6.149570 16.760457 3.065845
v 5.988490 16.582906 2.984488
v 5.855047 16.582906 2.732783
v 5.882684 16.760457 2.562436
v 6.043764 16.938008 2.643793
v 6.177207 16.938008 2.895497
v 6.149570 16.760457 3.065845
v 6.702074 16.538644 2.718298
v 6.585540 16.410193 2.659440
v 6.489000 16.410193 2.477342
v 6.508994 16.538644 2.354103
v 6.625528 16.667094 2.412961
v 6.722068 16.667094 2.595058
v 6.702074 16.538644 2.718298
v 7.461768 16.233650 2.240421
v 7.406483 16.172713 2.212498
v 7.360684 16.172713 2.126111
v 7.370170 16.233650 2.067646
v 7.425454 16.294587 2.095568
v 7.471253 16.294587 2.181956
v 7.461768 16.233650 2.240421
v 8.014272 16.011837 1.892874
v 8.003533 16.000000 1.887450
v 7.994637 16.000000 1.870670
v 7.996479 16.011837 1.859313
v 8.007218 16.023673 1.864737
v 8.016114 16.023673 1.881517
v 8.014272 16.011837 1.892874
v 6.016127 16.760457 2.814140
v 8.005376 16.011837 1.876093
vt 0.6132812 0.1679688
vt 0.6132812 0.1412760
vt 0.6132812 0.1145833
vt 0.6132812 0.0878906
vt 0.6132812 0.0611979
vt 0.6132812 0.0345052
vt 0.6132812 0.0078125
vt 0.6705729 0.1679688
vt 0.6705729 0.1412760
vt 0.6705729 0.1145833
vt 0.6705729 0.0878906
vt 0.6705729 0.0611979
vt 0.6705729 0.0345052
vt 0.6705729 0.0078125
vt 0.7278646 0.1679688
vt 0.7278646 0.1412760
vt 0.7278646 0.1145833
vt 0.7278646 0.0878906
vt 0.7278646 0.0611979
vt 0.7278646 0.0345052
vt 0.7278646 0.0078125
vt 0.7851562 0.1679688
vt 0.7851562 0.1412760
vt 0.7851562 0.1145833
vt 0.7851562 0.0878906
vt 0.7851562 0.0611979
vt 0.7851562 0.0345052
vt 0.7851562 0.0078125
vt 0.6132812 0.0878906
vt 0.7851562 0.0878906
vn 0.2172979 -0.0765338 0.9731003
vn -0.2669588 -0.8304966 0.4888849
vn -0.6153989 -0.7247534 -0.3098657
vn -0.5014855 0.2652548 -0.8235000
vn 0.0192562 0.9406551 -0.3388173
vn 0.3318007 0.8439924 0.4214086
vn 0.2172979 -0.0765338 0.9731003
vn 0.5360588 0.0126934 0.8440852
vn 0.0288890 -0.8597544 0.5098900
vn -0.3429227 -0.9091411 -0.2363610
vn -0.3538451 -0.1290549 -0.9263576
vn 0.1242333 0.7844750 -0.6075896
vn 0.5104047 0.8440445 0.1645476
vn 0.5360588 0.0126934 0.8440852
vn 0.5722273 0.1674406 0.8028197
vn 0.0920221 -0.7993606 0.5937631
vn -0.3098174 -0.9415481 -0.1322888
vn -0.3903267 -0.2776618 -0.8778092
vn 0.0600878 0.7189984 -0.6924094
vn 0.4703286 0.8805184 0.0589779
vn 0.5722273 0.1674406 0.8028197
vn 0.6025682 0.3778654 0.7029433
vn 0.1929164 -0.6835081 0.7039886
vn -0.2510836 -0.9678357 0.0158431
vn -0.4187230 -0.4783205 -0.7719330
vn -0.0361495 0.5918567 -0.8052322
vn 0.4073138 0.9084293 -0.0940830
vn 0.6025682 0.3778654 0.7029433
vn -0.7619686 0.5061795 0.4039631
vn 0.7619686 -0.5061795 -0.4039631
s 1
f 1146/1146/1146 1147/1147/1147 1154/1154/1154
f 1146/1146/1146 1154/1154/1154 1153/1153/1153
f 1147/1147/1147 1148/1148/1148 1155/1155/1155
f 1147/1147/1147 1155/1155/1155 1154/1154/1154
f 1148/1148/1148 1149/1149/1149 1156/1156/1156
f 1148/1148/1148 1156/1156/1156 1155/1155/1155
f 1149/1149/1149 1150/1150/1150 1157/1157/1157
f 1149/1149/1149 1157/1157/1157 1156/1156/1156
f 1150/1150/1150 1151/1151/1151 1158/1158/1158
f 1150/1150/1150 1158/1158/1158 1157/1157/1157
f 1151/1151/1151 1152/1152/1152 1159/1159/1159
f 1151/1151/1151 1159/1159/1159 1158/1158/1158
f 1153/1153/1153 1154/1154/1154 1161/1161/1161
f 1153/1153/1153 1161/1161/1161 1160/1160/1160
f 1154/1154/1154 1155/1155/1155 1162/1162/1162
f 1154/1154/1154 1162/1162/1162 1161/1161/1161
f 1155/1155/1155 1156/1156/1156 1163/1163/1163
f 1155/1155/1155 1163/1163/1163 1162/1162/1162
f 1156/1156/1156 1157/1157/1157 1164/1164/1164
f 1156/1156/1156 1164/1164/1164 1163/1163/1163
f 1157/1157/1157 1158/1158/1158 1165/1165/1165
f 1157/1157/1157 1165/1165/1165 1164/1164/1164
f 1158/1158/1158 1159/1159/1159 1166/1166/1166
f 1158/1158/1158 1166/1166/1166 1165/1165/1165
f 1160/1160/1160 1161/1161/1161 1168/1168/1168
f 1160/1160/1160 1168/1168/1168 1167/1167/1167
f 1161/1161/1161 1162/1162/1162 1169/1169/1169
f 1161/1161/1161 1169/1169/1169 1168/1168/1168
f 1162/1162/1162 1163/1163/1163 1170/1170/1170
f 1162/1162/1162 1170/1170/1170 1169/1169/1169
f 1163/1163/1163 1164/1164/1164 1171/1171/1171
f 1163/1163/1163 1171/1171/1171 1170/1170/1170
f 1164/1164/1164 1165/1165/1165 1172/1172/1172
f 1164/1164/1164 1172/1172/1172 1171/1171/1171
f 1165/1165/1165 1166/1166/1166 1173/1173/1173
f 1165/1165/1165 1173/1173/1173 1172/1172/1172
f 1174/1174/1174 1147/1147/1147 1146/1146/1146
f 1174/1174/1174 1148/1148/1148 1147/1147/1147
f 1174/1174/1174 1149/1149/1149 1148/1148/1148
f 1174/1174/1174 1150/1150/1150 1149/1149/1149
f 1174/1174/1174 1151/1151/1151 1150/1150/1150
f 1174/1174/1174 1152/1152/1152 1151/1151/1151
f 1175/1175/1175 1167/1167/1167 1168/1168/1168
f 1175/1175/1175 1168/1168/1168 1169/1169/1169
f 1175/1175/1175 1169/1169/1169 1170/1170/1170
f 1175/1175/1175 1170/1170/1170 1171/1171/1171
f 1175/1175/1175 1171/1171/1171 1172/1172/1172
f 1175/1175/1175 1172/1172/1172 1173/1173/1173
o Fairy_arm_-1
v 2.328948 29.487003 3.477439
v 2.148059 29.202306 3.053482
v 2.304902 29.026354 2.538104
v 2.739569 29.026354 2.128162
v 3.286031 29.202306 1.980241
v 3.735560 29.487003 2.150841
v 3.916449 29.771700 2.574799
v 3.759606 29.947652 3.090177
v 3.324939 29.947652 3.500118
v 2.778477 29.771700 3.648039
v 2.328948 29.487003 3.477439
v 3.338091 28.377936 4.193339
v 3.189360 28.143852 3.844751
v 3.318319 27.999180 3.420996
v 3.675712 27.999180 3.083933
v 4.125026 28.143852 2.962309
v 4.494638 28.377936 3.102580
v 4.643369 28.612020 3.451168
v 4.514410 28.756692 3.874923
v 4.157017 28.756692 4.211986
v 3.707703 28.612020 4.333610
v 3.338091 28.377936 4.193339
v 4.725662 26.852968 5.177701
v 4.621148 26.688477 4.932747
v 4.711769 26.586816 4.634973
v 4.962909 26.586816 4.398118
v 5.278643 26.688477 4.312653
v 5.538371 26.852968 4.411221
v 5.642885 27.017460 4.656175
v 5.552264 27.119121 4.953949
v 5.301124 27.119121 5.190804
v 4.985390 27.017460 5.276269
v 4.725662 26.852968 5.177701
v 5.734805 25.743901 5.893600
v 5.662449 25.630023 5.724017
v 5.725186 25.559642 5.517866
v 5.899053 25.559642 5.353889
v 6.117638 25.630023 5.294721
v 6.297449 25.743901 5.362961
v 6.369805 25.857780 5.532544
v 6.307068 25.928161 5.738695
v 6.133201 25.928161 5.902672
v 5.914616 25.857780 5.961840
v 5.734805 25.743901 5.893600
v 3.032254 29.487003 2.814140
v 6.016127 25.743901 5.628280
vt 0.0078125 0.9921875
vt 0.0078125 0.9312500
vt 0.0078125 0.8703125
vt 0.0078125 0.8093750
vt 0.0078125 0.7484375
vt 0.0078125 0.6875000
vt 0.0078125 0.6265625
vt 0.0078125 0.5656250
vt 0.0078125 0.5046875
vt 0.0078125 0.4437500
vt 0.0078125 0.3828125
vt 0.3359375 0.9921875
vt 0.3359375 0.9312500
vt 0.3359375 0.8703125
vt 0.3359375 0.8093750
vt 0.3359375 0.7484375
vt 0.3359375 0.6875000
vt 0.3359375 0.6265625
vt 0.3359375 0.5656250
vt 0.3359375 0.5046875
vt 0.3359375 0.4437500
vt 0.3359375 0.3828125
vt 0.6640625 0.9921875
vt 0.6640625 0.9312500
vt 0.6640625 0.8703125
vt 0.6640625 0.8093750
vt 0.6640625 0.7484375
vt 0.6640625 0.6875000
vt 0.6640625 0.6265625
vt 0.6640625 0.5656250
vt 0.6640625 0.5046875
vt 0.6640625 0.4437500
vt 0.6640625 0.3828125
vt 0.9921875 0.9921875
vt 0.9921875 0.9312500
vt 0.9921875 0.8703125
vt 0.9921875 0.8093750
vt 0.9921875 0.7484375
vt 0.9921875 0.6875000
vt 0.9921875 0.6265625
vt 0.9921875 0.5656250
vt 0.9921875 0.5046875
vt 0.9921875 0.4437500
vt 0.9921875 0.3828125
vt 0.0078125 0.6875000
vt 0.9921875 0.6875000
vn -0.8288839 0.1834237 0.5284952
vn -0.9593310 -0.2778969 0.0495714
vn -0.7220919 -0.5054603 -0.4723274
vn -0.2980087 -0.4521204 -0.8407009
vn 0.1906460 -0.1470951 -0.9705757
vn 0.5743863 0.3249376 -0.7513295
vn 0.6458383 0.7149679 -0.2677942
vn 0.4367525 0.8756183 0.2062517
vn 0.0703105 0.8368520 0.5428951
vn -0.3925109 0.6101084 0.6882608
vn -0.8288839 0.1834237 0.5284952
vn -0.6333637 -0.0794158 0.7697685
vn -0.7825923 -0.5450405 0.3007994
vn -0.5935314 -0.7742876 -0.2195432
vn -0.2194351 -0.7642604 -0.6064275
vn 0.2560116 -0.5406097 -0.8013733
vn 0.7182381 -0.0993880 -0.6886625
vn 0.8931495 0.3881488 -0.2272103
vn 0.6975087 0.6461684 0.3097549
vn 0.3021087 0.6356830 0.7103784
vn -0.1861396 0.3851925 0.9038688
vn -0.6333637 -0.0794158 0.7697685
vn -0.6091522 -0.0431123 0.7918807
vn -0.7848524 -0.5189319 0.3386981
vn -0.6142850 -0.7666470 -0.1868321
vn -0.2494523 -0.7717007 -0.5850228
vn 0.2210155 -0.5634194 -0.7960595
vn 0.6918680 -0.1351192 -0.7092683
vn 0.8943841 0.3597533 -0.2658096
vn 0.7193977 0.6375641 0.2756428
vn 0.3334239 0.6443275 0.6882373
vn -0.1510482 0.4105691 0.8992316
vn -0.6091522 -0.0431123 0.7918807
vn -0.4980868 -0.0896461 0.8624808
vn -0.7036620 -0.5563365 0.4419835
vn -0.5758367 -0.8143570 -0.0723520
vn -0.2469388 -0.8447701 -0.4747469
vn 0.1971288 -0.6808350 -0.7054105
vn 0.6754326 -0.3061041 -0.6708883
vn 0.9415989 0.1884810 -0.2790455
vn 0.8144875 0.5154754 0.2662616
vn 0.4409829 0.5586458 0.7024592
vn -0.0380562 0.3455703 0.9376209
vn -0.4980868 -0.0896461 0.8624808
vn -0.3772212 0.8352997 -0.3999731
vn 0.3772212 -0.8352997 0.3999731
s 1
f 1176/1176/1176 1177/1177/1177 1188/1188/1188
f 1176/1176/1176 1188/1188/1188 1187/1187/1187
f 1177/1177/1177 1178/1178/1178 1189/1189/1189
f 1177/1177/1177 1189/1189/1189 1188/1188/1188
f 1178/1178/1178 1179/1179/1179 1190/1190/1190
f 1178/1178/1178 1190/1190/1190 1189/1189/1189
f 1179/1179/1179 1180/1180/1180 1191/1191/1191
f 1179/1179/1179 1191/1191/1191 1190/1190/1190
f 1180/1180/1180 1181/1181/1181 1192/1192/1192
f 1180/1180/1180 1192/1192/1192 1191/1191/1191
f 1181/1181/1181 1182/1182/1182 1193/1193/1193
f 1181/1181/1181 1193/1193/1193 1192/1192/1192
f 1182/1182/1182 1183/1183/1183 1194/1194/1194
f 1182/1182/1182 1194/1194/1194 1193/1193/1193
f 1183/1183/1183 1184/1184/1184 1195/1195/1195
f 1183/1183/1183 1195/1195/1195 1194/1194/1194
f 1184/1184/1184 1185/1185/1185 1196/1196/1196
f 1184/1184/1184 1196/1196/1196 1195/1195/1195
f 1185/1185/1185 1186/1186/1186 1197/1197/1197
f 1185/1185/1185 1197/1197/1197 1196/1196/1196
f 1187/1187/1187 1188/1188/1188 1199/1199/1199
f 1187/1187/1187 1199/1199/1199 1198/1198/1198
f 1188/1188/1188 1189/1189/1189 1200/1200/1200
f 1188/1188/1188 1200/1200/1200 1199/1199/1199
f 1189/1189/1189 1190/1190/1190 1201/1201/1201
f 1189/1189/1189 1201/1201/1201 1200/1200/1200
f 1190/1190/1190 1191/1191/1191 1202/1202/1202
f 1190/1190/1190 1202/1202/1202 1201/1201/1201
f 1191/1191/1191 1192/1192/1192 1203/1203/1203
f 1191/1191/1191 1203/1203/1203 1202/1202/1202
f 1192/1192/1192 1193/1193/1193 1204/1204/1204
f 1192/1192/1192 1204/1204/1204 1203/1203/1203
f 1193/1193/1193 1194/1194/1194 1205/1205/1205
f 1193/1193/1193 1205/1205/1205 1204/1204/1204
f 1194/1194/1194 1195/1195/1195 1206/1206/1206
f 1194/1194/1194 1206/1206/1206 1205/1205/1205
f 1195/1195/1195 1196/1196/1196 1207/1207/1207
f 1195/1195/1195 1207/1207/1207 1206/1206/1206
f 1196/1196/1196 1197/1197/1197 1208/1208/1208
f 1196/1196/1196 1208/1208/1208 1207/1207/1207
f 1198/1198/1198 1199/1199/1199 1210/1210/1210
f 1198/1198/1198 1210/1210/1210 1209/1209/1209
f 1199/1199/1199 1200/1200/1200 1211/1211/1211
f 1199/1199/1199 1211/1211/1211 1210/1210/1210
f 1200/1200/1200 1201/1201/1201 1212/1212/1212
f 1200/1200/1200 1212/1212/1212 1211/1211/1211
f 1201/1201/1201 1202/1202/1202 1213/1213/1213
f 1201/1201/1201 1213/1213/1213 1212/1212/1212
f 1202/1202/1202 1203/1203/1203 1214/1214/1214
f 1202/1202/1202 1214/1214/1214 1213/1213/1213
f 1203/1203/1203 1204/1204/1204 1215/1215/1215
f 1203/1203/1203 1215/1215/1215 1214/1214/1214
f 1204/1204/1204 1205/1205/1205 1216/1216/1216
f 1204/1204/1204 1216/1216/1216 1215/1215/1215
f 1205/1205/1205 1206/1206/1206 1217/1217/1217
f 1205/1205/1205 1217/1217/1217 1216/1216/1216
f 1206/1206/1206 1207/1207/1207 1218/1218/1218
f 1206/1206/1206 1218/1218/1218 1217/1217/1217
f 1207/1207/1207 1208/1208/1208 1219/1219/1219
f 1207/1207/1207 1219/1219/1219 1218/1218/1218
f 1220/1220/1220 1177/1177/1177 1176/1176/1176
f 1220/1220/1220 1178/1178/1178 1177/1177/1177
f 1220/1220/1220 1179/1179/1179 1178/1178/1178
f 1220/1220/1220 1180/1180/1180 1179/1179/1179
f 1220/1220/1220 1181/1181/1181 1180/1180/1180
f 1220/1220/1220 1182/1182/1182 1181/1181/1181
f 1220/1220/1220 1183/1183/1183 1182/1182/1182
f 1220/1220/1220 1184/1184/1184 1183/1183/1183
f 1220/1220/1220 1185/1185/1185 1184/1184/1184
f 1220/1220/1220 1186/1186/1186 1185/1185/1185
f 1221/1221/1221 1209/1209/1209 1210/1210/1210
f 1221/1221/1221 1210/1210/1210 1211/1211/1211
f 1221/1221/1221 1211/1211/1211 1212/1212/1212
f 1221/1221/1221 1212/1212/1212 1213/1213/1213
f 1221/1221/1221 1213/1213/1213 1214/1214/1214
f 1221/1221/1221 1214/1214/1214 1215/1215/1215
f 1221/1221/1221 1215/1215/1215 1216/1216/1216
f 1221/1221/1221 1216/1216/1216 1217/1217/1217
f 1221/1221/1221 1217/1217/1217 1218/1218/1218
f 1221/1221/1221 1218/1218/1218 1219/1219/1219
o Palm_-1
v 6.016127 24.171799 5.628280
v 6.376526 24.225367 5.628280
v 6.358887 24.225367 5.523246
v 6.307696 24.225367 5.428493
v 6.227964 24.225367 5.353297
v 6.127496 24.225367 5.305018
v 6.016127 24.225367 5.288382
v 5.904758 24.225367 5.305018
v 5.804290 24.225367 5.353297
v 5.724558 24.225367 5.428493
v 5.673367 24.225367 5.523246
v 5.655728 24.225367 5.628280
v 5.673367 24.225367 5.733315
v 5.724558 24.225367 5.828067
v 5.804290 24.225367 5.903264
v 5.904758 24.225367 5.951543
v 6.016127 24.225367 5.968178
v 6.127496 24.225367 5.951543
v 6.227964 24.225367 5.903264
v 6.307696 24.225367 5.828067
v 6.358887 24.225367 5.733315
v 6.376526 24.225367 5.628280
v 6.712364 24.382420 5.628280
v 6.678288 24.382420 5.425370
v 6.579395 24.382420 5.242321
v 6.425365 24.382420 5.097053
v 6.231276 24.382420 5.003786
v 6.016127 24.382420 4.971648
v 5.800978 24.382420 5.003786
v 5.606889 24.382420 5.097053
v 5.452859 24.382420 5.242321
v 5.353966 24.382420 5.425370
v 5.319890 24.382420 5.628280
v 5.353966 24.382420 5.831191
v 5.452859 24.382420 6.014239
v 5.606889 24.382420 6.159507
v 5.800978 24.382420 6.252775
v 6.016127 24.382420 6.284913
v 6.231276 24.382420 6.252775
v 6.425365 24.382420 6.159507
v 6.579395 24.382420 6.014239
v 6.678288 24.382420 5.831191
v 6.712364 24.382420 5.628280
v 7.000755 24.632257 5.628280
v 6.952564 24.632257 5.341321
v 6.812708 24.632257 5.082452
v 6.594877 24.632257 4.877012
v 6.320394 24.632257 4.745111
v 6.016127 24.632257 4.699661
v 5.711860 24.632257 4.745111
v 5.437377 24.632257 4.877012
v 5.219546 24.632257 5.082452
v 5.079690 24.632257 5.341321
v 5.031499 24.632257 5.628280
v 5.079690 24.632257 5.915239
v 5.219546 24.632257 6.174109
v 5.437377 24.632257 6.379549
v 5.711860 24.632257 6.511449
v 6.016127 24.632257 6.556899
v 6.320394 24.632257 6.511449
v 6.594877 24.632257 6.379549
v 6.812708 24.632257 6.174109
v 6.952564 24.632257 5.915239
v 7.000755 24.632257 5.628280
v 7.222045 24.957850 5.628280
v 7.163023 24.957850 5.276829
v 6.991735 24.957850 4.959780
v 6.724948 24.957850 4.708168
v 6.388776 24.957850 4.546624
v 6.016127 24.957850 4.490959
v 5.643478 24.957850 4.546624
v 5.307306 24.957850 4.708168
v 5.040519 24.957850 4.959780
v 4.869231 24.957850 5.276829
v 4.810209 24.957850 5.628280
v 4.869231 24.957850 5.979732
v 5.040519 24.957850 6.296781
v 5.307306 24.957850 6.548393
v 5.643478 24.957850 6.709937
v 6.016127 24.957850 6.765602
v 6.388776 24.957850 6.709937
v 6.724948 24.957850 6.548393
v 6.991735 24.957850 6.296781
v 7.163023 24.957850 5.979732
v 7.222045 24.957850 5.628280
v 7.361154 25.337011 5.628280
v 7.295323 25.337011 5.236287
v 7.104276 25.337011 4.882665
v 6.806714 25.337011 4.602029
v 6.431763 25.337011 4.421849
v 6.016127 25.337011 4.359763
v 5.600491 25.337011 4.421849
v 5.225540 25.337011 4.602029
v 4.927978 25.337011 4.882665
v 4.736931 25.337011 5.236287
v 4.671100 25.337011 5.628280
v 4.736931 25.337011 6.020274
v 4.927978 25.337011 6.373896
v 5.225540 25.337011 6.654532
v 5.600491 25.337011 6.834712
v 6.016127 25.337011 6.896797
v 6.431763 25.337011 6.834712
v 6.806714 25.337011 6.654532
v 7.104276 25.337011 6.373896
v 7.295323 25.337011 6.020274
v 7.361154 25.337011 5.628280
v 7.408601 25.743901 5.628280
v 7.340449 25.743901 5.222459
v 7.142662 25.743901 4.856362
v 6.834603 25.743901 4.565826
v 6.446425 25.743901 4.379291
v 6.016127 25.743901 4.315015
v 5.585829 25.743901 4.379291
v 5.197651 25.743901 4.565826
v 4.889592 25.743901 4.856362
v 4.691805 25.743901 5.222459
v 4.623653 25.743901 5.628280
v 4.691805 25.743901 6.034102
v 4.889592 25.743901 6.400198
v 5.197651 25.743901 6.690734
v 5.585829 25.743901 6.877270
v 6.016127 25.743901 6.941546
v 6.446425 25.743901 6.877270
v 6.834603 25.743901 6.690734
v 7.142662 25.743901 6.400198
v 7.340449 25.743901 6.034102
v 7.408601 25.743901 5.628280
v 7.361154 26.150791 5.628280
v 7.295323 26.150791 5.236287
v 7.104276 26.150791 4.882665
v 6.806714 26.150791 4.602029
v 6.431763 26.150791 4.421849
v 6.016127 26.150791 4.359763
v 5.600491 26.150791 4.421849
v 5.225540 26.150791 4.602029
v 4.927978 26.150791 4.882665
v 4.736931 26.150791 5.236287
v 4.671100 26.150791 5.628280
v 4.736931 26.150791 6.020274
v 4.927978 26.150791 6.373896
v 5.225540 26.150791 6.654532
v 5.600491 26.150791 6.834712
v 6.016127 26.150791 6.896797
v 6.431763 26.150791 6.834712
v 6.806714 26.150791 6.654532
v 7.104276 26.150791 6.373896
v 7.295323 26.150791 6.020274
v 7.361154 26.150791 5.628280
v 7.222045 26.529953 5.628280
v 7.163023 26.529953 5.276829
v 6.991735 26.529953 4.959780
v 6.724948 26.529953 4.708168
v 6.388776 26.529953 4.546624
v 6.016127 26.529953 4.490959
v 5.643478 26.529953 4.546624
v 5.307306 26.529953 4.708168
v 5.040519 26.529953 4.959780
v 4.869231 26.529953 5.276829
v 4.810209 26.529953 5.628280
v 4.869231 26.529953 5.979732
v 5.040519 26.529953 6.296781
v 5.307306 26.529953 6.548393
v 5.643478 26.529953 6.709937
v 6.016127 26.529953 6.765602
v 6.388776 26.529953 6.709937
v 6.724948 26.529953 6.548393
v 6.991735 26.529953 6.296781
v 7.163023 26.529953 5.979732
v 7.222045 26.529953 5.628280
v 7.000755 26.855546 5.628280
v 6.952564 26.855546 5.341321
v 6.812708 26.855546 5.082452
v 6.594877 26.855546 4.877012
v 6.320394 26.855546 4.745111
v 6.016127 26.855546 4.699661
v 5.711860 26.855546 4.745111
v 5.437377 26.855546 4.877012
v 5.219546 26.855546 5.082452
v 5.079690 26.855546 5.341321
v 5.031499 26.855546 5.628280
v 5.079690 26.855546 5.915239
v 5.219546 26.855546 6.174109
v 5.437377 26.855546 6.379549
v 5.711860 26.855546 6.511449
v 6.016127 26.855546 6.556899
v 6.320394 26.855546 6.511449
v 6.594877 26.855546 6.379549
v 6.812708 26.855546 6.174109
v 6.952564 26.855546 5.915239
v 7.000755 26.855546 5.628280
v 6.712364 27.105382 5.628280
v 6.678288 27.105382 5.425370
v 6.579395 27.105382 5.242321
v 6.425365 27.105382 5.097053
v 6.231276 27.105382 5.003786
v 6.016127 27.105382 4.971648
v 5.800978 27.105382 5.003786
v 5.606889 27.105382 5.097053
v 5.452859 27.105382 5.242321
v 5.353966 27.105382 5.425370
v 5.319890 27.105382 5.628280
v 5.353966 27.105382 5.831191
v 5.452859 27.105382 6.014239
v 5.606889 27.105382 6.159507
v 5.800978 27.105382 6.252775
v 6.016127 27.105382 6.284913
v 6.231276 27.105382 6.252775
v 6.425365 27.105382 6.159507
v 6.579395 27.105382 6.014239
v 6.678288 27.105382 5.831191
v 6.712364 27.105382 5.628280
v 6.376526 27.262436 5.628280
v 6.358887 27.262436 5.523246
v 6.307696 27.262436 5.428493
v 6.227964 27.262436 5.353297
v 6.127496 27.262436 5.305018
v 6.016127 27.262436 5.288382
v 5.904758 27.262436 5.305018
v 5.804290 27.262436 5.353297
v 5.724558 27.262436 5.428493
v 5.673367 27.262436 5.523246
v 5.655728 27.262436 5.628280
v 5.673367 27.262436 5.733315
v 5.724558 27.262436 5.828067
v 5.804290 27.262436 5.903264
v 5.904758 27.262436 5.951543
v 6.016127 27.262436 5.968178
v 6.127496 27.262436 5.951543
v 6.227964 27.262436 5.903264
v 6.307696 27.262436 5.828067
v 6.358887 27.262436 5.733315
v 6.376526 27.262436 5.628280
v 6.016127 27.316004 5.628280
vt 0.5000000 0.6996875
vt 0.0865625 0.8056375
vt 0.1279062 0.8056375
vt 0.1692500 0.8056375
vt 0.2105938 0.8056375
vt 0.2519375 0.8056375
vt 0.2932813 0.8056375
vt 0.3346250 0.8056375
vt 0.3759688 0.8056375
vt 0.4173125 0.8056375
vt 0.4586563 0.8056375
vt 0.5000000 0.8056375
vt 0.5413438 0.8056375
vt 0.5826875 0.8056375
vt 0.6240313 0.8056375
vt 0.6653750 0.8056375
vt 0.7067187 0.8056375
vt 0.7480625 0.8056375
vt 0.7894062 0.8056375
vt 0.8307500 0.8056375
vt 0.8720937 0.8056375
vt 0.9134375 0.8056375
vt 0.0865625 0.7946797
vt 0.1279062 0.7946797
vt 0.1692500 0.7946797
vt 0.2105938 0.7946797
vt 0.2519375 0.7946797
vt 0.2932813 0.7946797
vt 0.3346250 0.7946797
vt 0.3759688 0.7946797
vt 0.4173125 0.7946797
vt 0.4586563 0.7946797
vt 0.5000000 0.7946797
vt 0.5413438 0.7946797
vt 0.5826875 0.7946797
vt 0.6240313 0.7946797
vt 0.6653750 0.7946797
vt 0.7067187 0.7946797
vt 0.7480625 0.7946797
vt 0.7894062 0.7946797
vt 0.8307500 0.7946797
vt 0.8720937 0.7946797
vt 0.9134375 0.7946797
vt 0.0865625 0.7772483
vt 0.1279062 0.7772483
vt 0.1692500 0.7772483
vt 0.2105938 0.7772483
vt 0.2519375 0.7772483
vt 0.2932813 0.7772483
vt 0.3346250 0.7772483
vt 0.3759688 0.7772483
vt 0.4173125 0.7772483
vt 0.4586563 0.7772483
vt 0.5000000 0.7772483
vt 0.5413438 0.7772483
vt 0.5826875 0.7772483
vt 0.6240313 0.7772483
vt 0.6653750 0.7772483
vt 0.7067187 0.7772483
vt 0.7480625 0.7772483
vt 0.7894062 0.7772483
vt 0.8307500 0.7772483
vt 0.8720937 0.7772483
vt 0.9134375 0.7772483
vt 0.0865625 0.7545312
vt 0.1279062 0.7545312
vt 0.1692500 0.7545312
vt 0.2105938 0.7545312
vt 0.2519375 0.7545312
vt 0.2932813 0.7545312
vt 0.3346250 0.7545312
vt 0.3759688 0.7545312
vt 0.4173125 0.7545312
vt 0.4586563 0.7545312
vt 0.5000000 0.7545312
vt 0.5413438 0.7545312
vt 0.5826875 0.7545312
vt 0.6240313 0.7545312
vt 0.6653750 0.7545312
vt 0.7067187 0.7545312
vt 0.7480625 0.7545312
vt 0.7894062 0.7545312
vt 0.8307500 0.7545312
vt 0.8720937 0.7545312
vt 0.9134375 0.7545312
vt 0.0865625 0.7280767
vt 0.1279062 0.7280767
vt 0.1692500 0.7280767
vt 0.2105938 0.7280767
vt 0.2519375 0.7280767
vt 0.2932813 0.7280767
vt 0.3346250 0.7280767
vt 0.3759688 0.7280767
vt 0.4173125 0.7280767
vt 0.4586563 0.7280767
vt 0.5000000 0.7280767
vt 0.5413438 0.7280767
vt 0.5826875 0.7280767
vt 0.6240313 0.7280767
vt 0.6653750 0.7280767
vt 0.7067187 0.7280767
vt 0.7480625 0.7280767
vt 0.7894062 0.7280767
vt 0.8307500 0.7280767
vt 0.8720937 0.7280767
vt 0.9134375 0.7280767
vt 0.0865625 0.6996875
vt 0.1279062 0.6996875
vt 0.1692500 0.6996875
vt 0.2105938 0.6996875
vt 0.2519375 0.6996875
vt 0.2932813 0.6996875
vt 0.3346250 0.6996875
vt 0.3759688 0.6996875
vt 0.4173125 0.6996875
vt 0.4586563 0.6996875
vt 0.5000000 0.6996875
vt 0.5413438 0.6996875
vt 0.5826875 0.6996875
vt 0.6240313 0.6996875
vt 0.6653750 0.6996875
vt 0.7067187 0.6996875
vt 0.7480625 0.6996875
vt 0.7894062 0.6996875
vt 0.8307500 0.6996875
vt 0.8720937 0.6996875
vt 0.9134375 0.6996875
vt 0.0865625 0.6712983
vt 0.1279062 0.6712983
vt 0.1692500 0.6712983
vt 0.2105938 0.6712983
vt 0.2519375 0.6712983
vt 0.2932813 0.6712983
vt 0.3346250 0.6712983
vt 0.3759688 0.6712983
vt 0.4173125 0.6712983
vt 0.4586563 0.6712983
vt 0.5000000 0.6712983
vt 0.5413438 0.6712983
vt 0.5826875 0.6712983
vt 0.6240313 0.6712983
vt 0.6653750 0.6712983
vt 0.7067187 0.6712983
vt 0.7480625 0.6712983
vt 0.7894062 0.6712983
vt 0.8307500 0.6712983
vt 0.8720937 0.6712983
vt 0.9134375 0.6712983
vt 0.0865625 0.6448438
vt 0.1279062 0.6448438
vt 0.1692500 0.6448438
vt 0.2105938 0.6448438
vt 0.2519375 0.6448438
vt 0.2932813 0.6448438
vt 0.3346250 0.6448438
vt 0.3759688 0.6448438
vt 0.4173125 0.6448438
vt 0.4586563 0.6448438
vt 0.5000000 0.6448438
vt 0.5413438 0.6448438
vt 0.5826875 0.6448438
vt 0.6240313 0.6448438
vt 0.6653750 0.6448438
vt 0.7067187 0.6448438
vt 0.7480625 0.6448438
vt 0.7894062 0.6448438
vt 0.8307500 0.6448438
vt 0.8720937 0.6448438
vt 0.9134375 0.6448438
vt 0.0865625 0.6221267
vt 0.1279062 0.6221267
vt 0.1692500 0.6221267
vt 0.2105938 0.6221267
vt 0.2519375 0.6221267
vt 0.2932813 0.6221267
vt 0.3346250 0.6221267
vt 0.3759688 0.6221267
vt 0.4173125 0.6221267
vt 0.4586563 0.6221267
vt 0.5000000 0.6221267
vt 0.5413438 0.6221267
vt 0.5826875 0.6221267
vt 0.6240313 0.6221267
vt 0.6653750 0.6221267
vt 0.7067187 0.6221267
vt 0.7480625 0.6221267
vt 0.7894062 0.6221267
vt 0.8307500 0.6221267
vt 0.8720937 0.6221267
vt 0.9134375 0.6221267
vt 0.0865625 0.6046953
vt 0.1279062 0.6046953
vt 0.1692500 0.6046953
vt 0.2105938 0.6046953
vt 0.2519375 0.6046953
vt 0.2932813 0.6046953
vt 0.3346250 0.6046953
vt 0.3759688 0.6046953
vt 0.4173125 0.6046953
vt 0.4586563 0.6046953
vt 0.5000000 0.6046953
vt 0.5413438 0.6046953
vt 0.5826875 0.6046953
vt 0.6240313 0.6046953
vt 0.6653750 0.6046953
vt 0.7067187 0.6046953
vt 0.7480625 0.6046953
vt 0.7894062 0.6046953
vt 0.8307500 0.6046953
vt 0.8720937 0.6046953
vt 0.9134375 0.6046953
vt 0.0865625 0.5937375
vt 0.1279062 0.5937375
vt 0.1692500 0.5937375
vt 0.2105938 0.5937375
vt 0.2519375 0.5937375
vt 0.2932813 0.5937375
vt 0.3346250 0.5937375
vt 0.3759688 0.5937375
vt 0.4173125 0.5937375
vt 0.4586563 0.5937375
vt 0.5000000 0.5937375
vt 0.5413438 0.5937375
vt 0.5826875 0.5937375
vt 0.6240313 0.5937375
vt 0.6653750 0.5937375
vt 0.7067187 0.5937375
vt 0.7480625 0.5937375
vt 0.7894062 0.5937375
vt 0.8307500 0.5937375
vt 0.8720937 0.5937375
vt 0.9134375 0.5937375
vt 0.5000000 0.6996875
vn 0.0000000 -1.0000000 -0.0000000
vn 0.3344521 -0.9421193 -0.0235167
vn 0.3109396 -0.9412428 -0.1318279
vn 0.2568155 -0.9394653 -0.2268276
vn 0.1777621 -0.9374741 -0.2992372
vn 0.0817260 -0.9360271 -0.3423070
vn -0.0220271 -0.9356671 -0.3521957
vn -0.1237063 -0.9365281 -0.3280423
vn -0.2136570 -0.9382890 -0.2719642
vn -0.2830618 -0.9402853 -0.1890489
vn -0.3248100 -0.9417522 -0.0871853
vn -0.3344521 -0.9421193 0.0235167
vn -0.3109396 -0.9412428 0.1318279
vn -0.2568155 -0.9394653 0.2268276
vn -0.1777621 -0.9374741 0.2992372
vn -0.0817260 -0.9360271 0.3423070
vn 0.0220271 -0.9356671 0.3521957
vn 0.1237063 -0.9365281 0.3280423
vn 0.2136570 -0.9382890 0.2719642
vn 0.2830618 -0.9402853 0.1890489
vn 0.3248100 -0.9417522 0.0871853
vn 0.3344521 -0.9421193 -0.0235167
vn 0.5633932 -0.8259316 -0.0206165
vn 0.5286059 -0.8240540 -0.2037419
vn 0.4410907 -0.8198440 -0.3650957
vn 0.3112379 -0.8149706 -0.4888291
vn 0.1528465 -0.8112844 -0.5643187
vn -0.0190717 -0.8101276 -0.5859433
vn -0.1893209 -0.8119114 -0.5522295
vn -0.3427133 -0.8159998 -0.4655018
vn -0.4643725 -0.8208918 -0.3324077
vn -0.5410266 -0.8247112 -0.1647475
vn -0.5633932 -0.8259316 0.0206165
vn -0.5286059 -0.8240540 0.2037419
vn -0.4410907 -0.8198440 0.3650957
vn -0.3112379 -0.8149706 0.4888291
vn -0.1528465 -0.8112844 0.5643187
vn 0.0190717 -0.8101276 0.5859433
vn 0.1893209 -0.8119114 0.5522295
vn 0.3427133 -0.8159998 0.4655018
vn 0.4643725 -0.8208918 0.3324077
vn 0.5410266 -0.8247112 0.1647475
vn 0.5633932 -0.8259316 -0.0206165
vn 0.7559800 -0.6543909 -0.0163346
vn 0.7115101 -0.6519087 -0.2622373
vn 0.5948902 -0.6460768 -0.4782158
vn 0.4219164 -0.6392781 -0.6428919
vn 0.2121661 -0.6340886 -0.7435840
vn -0.0148861 -0.6323312 -0.7745551
vn -0.2407522 -0.6345957 -0.7343887
vn -0.4468545 -0.6401195 -0.6249544
vn -0.6135941 -0.6469454 -0.4527295
vn -0.7216045 -0.6524598 -0.2314805
vn -0.7559800 -0.6543909 0.0163346
vn -0.7115101 -0.6519087 0.2622373
vn -0.5948902 -0.6460768 0.4782158
vn -0.4219164 -0.6392781 0.6428919
vn -0.2121661 -0.6340886 0.7435840
vn 0.0148861 -0.6323312 0.7745551
vn 0.2407522 -0.6345957 0.7343887
vn 0.4468545 -0.6401195 0.6249544
vn 0.6135941 -0.6469454 0.4527295
vn 0.7216045 -0.6524598 0.2314805
vn 0.7559800 -0.6543909 -0.0163346
vn 0.8930887 -0.4497404 -0.0112262
vn 0.8418429 -0.4474743 -0.3017736
vn 0.7039640 -0.4419946 -0.5559455
vn 0.5001426 -0.4355994 -0.7484053
vn 0.2546573 -0.4307082 -0.8658176
vn -0.0100990 -0.4289858 -0.9032548
vn -0.2741176 -0.4309813 -0.8597178
vn -0.5172776 -0.4360568 -0.7363955
vn -0.7169704 -0.4424725 -0.5386757
vn -0.8489340 -0.4477806 -0.2807197
vn -0.8930887 -0.4497404 0.0112262
vn -0.8418429 -0.4474743 0.3017736
vn -0.7039640 -0.4419946 0.5559455
vn -0.5001426 -0.4355994 0.7484053
vn -0.2546573 -0.4307082 0.8658176
vn 0.0100990 -0.4289858 0.9032548
vn 0.2741176 -0.4309813 0.8597178
vn 0.5172776 -0.4360568 0.7363955
vn 0.7169704 -0.4424725 0.5386757
vn 0.8489340 -0.4477806 0.2807197
vn 0.8930887 -0.4497404 -0.0112262
vn 0.9735922 -0.2282230 -0.0056968
vn 0.9189529 -0.2269074 -0.3225503
vn 0.7687754 -0.2236500 -0.5991370
vn 0.5470581 -0.2198408 -0.8077112
vn 0.2811006 -0.2169208 -0.9348411
vn -0.0050818 -0.2158639 -0.9764102
vn -0.2909145 -0.2169957 -0.9318163
vn -0.5557510 -0.2199670 -0.8017202
vn -0.7754253 -0.2237829 -0.5904547
vn -0.9226028 -0.2269931 -0.3118947
vn -0.9735922 -0.2282230 0.0056968
vn -0.9189529 -0.2269074 0.3225503
vn -0.7687754 -0.2236500 0.5991370
vn -0.5470581 -0.2198408 0.8077112
vn -0.2811006 -0.2169208 0.9348411
vn 0.0050818 -0.2158639 0.9764102
vn 0.2909145 -0.2169957 0.9318163
vn 0.5557510 -0.2199670 0.8017202
vn 0.7754253 -0.2237829 0.5904547
vn 0.9226028 -0.2269931 0.3118947
vn 0.9735922 -0.2282230 -0.0056968
vn 1.0000000 -0.0000000 -0.0000000
vn 0.9454634 -0.0000000 -0.3257282
vn 0.7921902 0.0000000 -0.6102743
vn 0.5652478 0.0000000 -0.8249212
vn 0.2929894 -0.0000000 -0.9561157
vn 0.0000000 0.0000000 -1.0000000
vn -0.2929894 0.0000000 -0.9561157
vn -0.5652478 -0.0000000 -0.8249212
vn -0.7921902 -0.0000000 -0.6102743
vn -0.9454634 0.0000000 -0.3257282
vn -1.0000000 0.0000000 -0.0000000
vn -0.9454634 -0.0000000 0.3257282
vn -0.7921902 0.0000000 0.6102743
vn -0.5652478 0.0000000 0.8249212
vn -0.2929894 -0.0000000 0.9561157
vn -0.0000000 0.0000000 1.0000000
vn 0.2929894 0.0000000 0.9561157
vn 0.5652478 -0.0000000 0.8249212
vn 0.7921902 -0.0000000 0.6102743
vn 0.9454634 0.0000000 0.3257282
vn 1.0000000 -0.0000000 -0.0000000
vn 0.9735922 0.2282230 0.0056968
vn 0.9226028 0.2269931 -0.3118947
vn 0.7754253 0.2237829 -0.5904547
vn 0.5557510 0.2199670 -0.8017202
vn 0.2909145 0.2169957 -0.9318163
vn 0.0050818 0.2158639 -0.9764102
vn -0.2811006 0.2169208 -0.9348411
vn -0.5470581 0.2198408 -0.8077112
vn -0.7687754 0.2236500 -0.5991370
vn -0.9189529 0.2269074 -0.3225503
vn -0.9735922 0.2282230 -0.0056968
vn -0.9226028 0.2269931 0.3118947
vn -0.7754253 0.2237829 0.5904547
vn -0.5557510 0.2199670 0.8017202
vn -0.2909145 0.2169957 0.9318163
vn -0.0050818 0.2158639 0.9764102
vn 0.2811006 0.2169208 0.9348411
vn 0.5470581 0.2198408 0.8077112
vn 0.7687754 0.2236500 0.5991370
vn 0.9189529 0.2269074 0.3225503
vn 0.9735922 0.2282230 0.0056968
vn 0.8930887 0.4497404 0.0112262
vn 0.8489340 0.4477806 -0.2807197
vn 0.7169704 0.4424725 -0.5386757
vn 0.5172776 0.4360568 -0.7363955
vn 0.2741176 0.4309813 -0.8597178
vn 0.0100990 0.4289858 -0.9032548
vn -0.2546573 0.4307082 -0.8658176
vn -0.5001426 0.4355994 -0.7484053
vn -0.7039640 0.4419946 -0.5559455
vn -0.8418429 0.4474743 -0.3017736
vn -0.8930887 0.4497404 -0.0112262
vn -0.8489340 0.4477806 0.2807197
vn -0.7169704 0.4424725 0.5386757
vn -0.5172776 0.4360568 0.7363955
vn -0.2741176 0.4309813 0.8597178
vn -0.0100990 0.4289858 0.9032548
vn 0.2546573 0.4307082 0.8658176
vn 0.5001426 0.4355994 0.7484053
vn 0.7039640 0.4419946 0.5559455
vn 0.8418429 0.4474743 0.3017736
vn 0.8930887 0.4497404 0.0112262
vn 0.7559800 0.6543909 0.0163346
vn 0.7216045 0.6524598 -0.2314805
vn 0.6135941 0.6469454 -0.4527295
vn 0.4468545 0.6401195 -0.6249544
vn 0.2407522 0.6345957 -0.7343887
vn 0.0148861 0.6323312 -0.7745551
vn -0.2121661 0.6340886 -0.7435840
vn -0.4219164 0.6392781 -0.6428919
vn -0.5948902 0.6460768 -0.4782158
vn -0.7115101 0.6519087 -0.2622373
vn -0.7559800 0.6543909 -0.0163346
vn -0.7216045 0.6524598 0.2314805
vn -0.6135941 0.6469454 0.4527295
vn -0.4468545 0.6401195 0.6249544
vn -0.2407522 0.6345957 0.7343887
vn -0.0148861 0.6323312 0.7745551
vn 0.2121661 0.6340886 0.7435840
vn 0.4219164 0.6392781 0.6428919
vn 0.5948902 0.6460768 0.4782158
vn 0.7115101 0.6519087 0.2622373
vn 0.7559800 0.6543909 0.0163346
vn 0.5633932 0.8259316 0.0206165
vn 0.5410266 0.8247112 -0.1647475
vn 0.4643725 0.8208918 -0.3324077
vn 0.3427133 0.8159998 -0.4655018
vn 0.1893209 0.8119114 -0.5522295
vn 0.0190717 0.8101276 -0.5859433
vn -0.1528465 0.8112844 -0.5643187
vn -0.3112379 0.8149706 -0.4888291
vn -0.4410907 0.8198440 -0.3650957
vn -0.5286059 0.8240540 -0.2037419
vn -0.5633932 0.8259316 -0.0206165
vn -0.5410266 0.8247112 0.1647475
vn -0.4643725 0.8208918 0.3324077
vn -0.3427133 0.8159998 0.4655018
vn -0.1893209 0.8119114 0.5522295
vn -0.0190717 0.8101276 0.5859433
vn 0.1528465 0.8112844 0.5643187
vn 0.3112379 0.8149706 0.4888291
vn 0.4410907 0.8198440 0.3650957
vn 0.5286059 0.8240540 0.2037419
vn 0.5633932 0.8259316 0.0206165
vn 0.3344521 0.9421193 0.0235167
vn 0.3248100 0.9417522 -0.0871853
vn 0.2830618 0.9402853 -0.1890489
vn 0.2136570 0.9382890 -0.2719642
vn 0.1237063 0.9365281 -0.3280423
vn 0.0220271 0.9356671 -0.3521957
vn -0.0817260 0.9360271 -0.3423070
vn -0.1777621 0.9374741 -0.2992372
vn -0.2568155 0.9394653 -0.2268276
vn -0.3109396 0.9412428 -0.1318279
vn -0.3344521 0.9421193 -0.0235167
vn -0.3248100 0.9417522 0.0871853
vn -0.2830618 0.9402853 0.1890489
vn -0.2136570 0.9382890 0.2719642
vn -0.1237063 0.9365281 0.3280423
vn -0.0220271 0.9356671 0.3521957
vn 0.0817260 0.9360271 0.3423070
vn 0.1777621 0.9374741 0.2992372
vn 0.2568155 0.9394653 0.2268276
vn 0.3109396 0.9412428 0.1318279
vn 0.3344521 0.9421193 0.0235167
vn 0.0000000 1.0000000 -0.0000000
s 1
f 1222/1222/1222 1224/1224/1224 1223/1223/1223
f 1222/1222/1222 1225/1225/1225 1224/1224/1224
f 1222/1222/1222 1226/1226/1226 1225/1225/1225
f 1222/1222/1222 1227/1227/1227 1226/1226/1226
f 1222/1222/1222 1228/1228/1228 1227/1227/1227
f 1222/1222/1222 1229/1229/1229 1228/1228/1228
f 1222/1222/1222 1230/1230/1230 1229/1229/1229
f 1222/1222/1222 1231/1231/1231 1230/1230/1230
f 1222/1222/1222 1232/1232/1232 1231/1231/1231
f 1222/1222/1222 1233/1233/1233 1232/1232/1232
f 1222/1222/1222 1234/1234/1234 1233/1233/1233
f 1222/1222/1222 1235/1235/1235 1234/1234/1234
f 1222/1222/1222 1236/1236/1236 1235/1235/1235
f 1222/1222/1222 1237/1237/1237 1236/1236/1236
f 1222/1222/1222 1238/1238/1238 1237/1237/1237
f 1222/1222/1222 1239/1239/1239 1238/1238/1238
f 1222/1222/1222 1240/1240/1240 1239/1239/1239
f 1222/1222/1222 1241/1241/1241 1240/1240/1240
f 1222/1222/1222 1242/1242/1242 1241/1241/1241
f 1222/1222/1222 1243/1243/1243 1242/1242/1242
f 1223/1223/1223 1224/1224/1224 1245/1245/1245
f 1223/1223/1223 1245/1245/1245 1244/1244/1244
f 1224/1224/1224 1225/1225/1225 1246/1246/1246
f 1224/1224/1224 1246/1246/1246 1245/1245/1245
f 1225/1225/1225 1226/1226/1226 1247/1247/1247
f 1225/1225/1225 1247/1247/1247 1246/1246/1246
f 1226/1226/1226 1227/1227/1227 1248/1248/1248
f 1226/1226/1226 1248/1248/1248 1247/1247/1247
f 1227/1227/1227 1228/1228/1228 1249/1249/1249
f 1227/1227/1227 1249/1249/1249 1248/1248/1248
f 1228/1228/1228 1229/1229/1229 1250/1250/1250
f 1228/1228/1228 1250/1250/1250 1249/1249/1249
f 1229/1229/1229 1230/1230/1230 1251/1251/1251
f 1229/1229/1229 1251/1251/1251 1250/1250/1250
f 1230/1230/1230 1231/1231/1231 1252/1252/1252
f 1230/1230/1230 1252/1252/1252 1251/1251/1251
f 1231/1231/1231 1232/1232/1232 1253/1253/1253
f 1231/1231/1231 1253/1253/1253 1252/1252/1252
f 1232/1232/1232 1233/1233/1233 1254/1254/1254
f 1232/1232/1232 1254/1254/1254 1253/1253/1253
f 1233/1233/1233 1234/1234/1234 1255/1255/1255
f 1233/1233/1233 1255/1255/1255 1254/1254/1254
f 1234/1234/1234 1235/1235/1235 1256/1256/1256
f 1234/1234/1234 1256/1256/1256 1255/1255/1255
f 1235/1235/1235 1236/1236/1236 1257/1257/1257
f 1235/1235/1235 1257/1257/1257 1256/1256/1256
f 1236/1236/1236 1237/1237/1237 1258/1258/1258
f 1236/1236/1236 1258/1258/1258 1257/1257/1257
f 1237/1237/1237 1238/1238/1238 1259/1259/1259
f 1237/1237/1237 1259/1259/1259 1258/1258/1258
f 1238/1238/1238 1239/1239/1239 1260/1260/1260
f 1238/1238/1238 1260/1260/1260 1259/1259/1259
f 1239/1239/1239 1240/1240/1240 1261/1261/1261
f 1239/1239/1239 1261/1261/1261 1260/1260/1260
f 1240/1240/1240 1241/1241/1241 1262/1262/1262
f 1240/1240/1240 1262/1262/1262 1261/1261/1261
f 1241/1241/1241 1242/1242/1242 1263/1263/1263
f 1241/1241/1241 1263/1263/1263 1262/1262/1262
f 1242/1242/1242 1243/1243/1243 1264/1264/1264
f 1242/1242/1242 1264/1264/1264 1263/1263/1263
f 1244/1244/1244 1245/1245/1245 1266/1266/1266
f 1244/1244/1244 1266/1266/1266 1265/1265/1265
f 1245/1245/1245 1246/1246/1246 1267/1267/1267
f 1245/1245/1245 1267/1267/1267 1266/1266/1266
f 1246/1246/1246 1247/1247/1247 1268/1268/1268
f 1246/1246/1246 1268/1268/1268 1267/1267/1267
f 1247/1247/1247 1248/1248/1248 1269/1269/1269
f 1247/1247/1247 1269/1269/1269 1268/1268/1268
f 1248/1248/1248 1249/1249/1249 1270/1270/1270
f 1248/1248/1248 1270/1270/1270 1269/1269/1269
f 1249/1249/1249 1250/1250/1250 1271/1271/1271
f 1249/1249/1249 1271/1271/1271 1270/1270/1270
f 1250/1250/1250 1251/1251/1251 1272/1272/1272
f 1250/1250/1250 1272/1272/1272 1271/1271/1271
f 1251/1251/1251 1252/1252/1252 1273/1273/1273
f 1251/1251/1251 1273/1273/1273 1272/1272/1272
f 1252/1252/1252 1253/1253/1253 1274/1274/1274
f 1252/1252/1252 1274/1274/1274 1273/1273/1273
f 1253/1253/1253 1254/1254/1254 1275/1275/1275
f 1253/1253/1253 1275/1275/1275 1274/1274/1274
f 1254/1254/1254 1255/1255/1255 1276/1276/1276
f 1254/1254/1254 1276/1276/1276 1275/1275/1275
f 1255/1255/1255 1256/1256/1256 1277/1277/1277
f 1255/1255/1255 1277/1277/1277 1276/1276/1276
f 1256/1256/1256 1257/1257/1257 1278/1278/1278
f 1256/1256/1256 1278/1278/1278 1277/1277/1277
f 1257/1257/1257 1258/1258/1258 1279/1279/1279
f 1257/1257/1257 1279/1279/1279 1278/1278/1278
f 1258/1258/1258 1259/1259/1259 1280/1280/1280
f 1258/1258/1258 1280/1280/1280 1279/1279/1279
f 1259/1259/1259 1260/1260/1260 1281/1281/1281
f 1259/1259/1259 1281/1281/1281 1280/1280/1280
f 1260/1260/1260 1261/1261/1261 1282/1282/1282
f 1260/1260/1260 1282/1282/1282 1281/1281/1281
f 1261/1261/1261 1262/1262/1262 1283/1283/1283
f 1261/1261/1261 1283/1283/1283 1282/1282/1282
f 1262/1262/1262 1263/1263/1263 1284/1284/1284
f 1262/1262/1262 1284/1284/1284 1283/1283/1283
f 1263/1263/1263 1264/1264/1264 1285/1285/1285
f 1263/1263/1263 1285/1285/1285 1284/1284/1284
f 1265/1265/1265 1266/1266/1266 1287/1287/1287
f 1265/1265/1265 1287/1287/1287 1286/1286/1286
f 1266/1266/1266 1267/1267/1267 1288/1288/1288
f 1266/1266/1266 1288/1288/1288 1287/1287/1287
f 1267/1267/1267 1268/1268/1268 1289/1289/1289
f 1267/1267/1267 1289/1289/1289 1288/1288/1288
f 1268/1268/1268 1269/1269/1269 1290/1290/1290
f 1268/1268/1268 1290/1290/1290 1289/1289/1289
f 1269/1269/1269 1270/1270/1270 1291/1291/1291
f 1269/1269/1269 1291/1291/1291 1290/1290/1290
f 1270/1270/1270 1271/1271/1271 1292/1292/1292
f 1270/1270/1270 1292/1292/1292 1291/1291/1291
f 1271/1271/1271 1272/1272/1272 1293/1293/1293
f 1271/1271/1271 1293/1293/1293 1292/1292/1292
f 1272/1272/1272 1273/1273/1273 1294/1294/1294
f 1272/1272/1272 1294/1294/1294 1293/1293/1293
f 1273/1273/1273 1274/1274/1274 1295/1295/1295
f 1273/1273/1273 1295/1295/1295 1294/1294/1294
f 1274/1274/1274 1275/1275/1275 1296/1296/1296
f 1274/1274/1274 1296/1296/1296 1295/1295/1295
f 1275/1275/1275 1276/1276/1276 1297/1297/1297
f 1275/1275/1275 1297/1297/1297 1296/1296/1296
f 1276/1276/1276 1277/1277/1277 1298/1298/1298
f 1276/1276/1276 1298/1298/1298 1297/1297/1297
f 1277/1277/1277 1278/1278/1278 1299/1299/1299
f 1277/1277/1277 1299/1299/1299 1298/1298/1298
f 1278/1278/1278 1279/1279/1279 1300/1300/1300
f 1278/1278/1278 1300/1300/1300 1299/1299/1299
f 1279/1279/1279 1280/1280/1280 1301/1301/1301
f 1279/1279/1279 1301/1301/1301 1300/1300/1300
f 1280/1280/1280 1281/1281/1281 1302/1302/1302
f 1280/1280/1280 1302/1302/1302 1301/1301/1301
f 1281/1281/1281 1282/1282/1282 1303/1303/1303
f 1281/1281/1281 1303/1303/1303 1302/1302/1302
f 1282/1282/1282 1283/1283/1283 1304/1304/1304
f 1282/1282/1282 1304/1304/1304 1303/1303/1303
f 1283/1283/1283 1284/1284/1284 1305/1305/1305
f 1283/1283/1283 1305/1305/1305 1304/1304/1304
f 1284/1284/1284 1285/1285/1285 1306/1306/1306
f 1284/1284/1284 1306/1306/1306 1305/1305/1305
f 1286/1286/1286 1287/1287/1287 1308/1308/1308
f 1286/1286/1286 1308/1308/1308 1307/1307/1307
f 1287/1287/1287 1288/1288/1288 1309/1309/1309
f 1287/1287/1287 1309/1309/1309 1308/1308/1308
f 1288/1288/1288 1289/1289/1289 1310/1310/1310
f 1288/1288/1288 1310/1310/1310 1309/1309/1309
f 1289/1289/1289 1290/1290/1290 1311/1311/1311
f 1289/1289/1289 1311/1311/1311 1310/1310/1310
f 1290/1290/1290 1291/1291/1291 1312/1312/1312
f 1290/1290/1290 1312/1312/1312 1311/1311/1311
f 1291/1291/1291 1292/1292/1292 1313/1313/1313
f 1291/1291/1291 1313/1313/1313 1312/1312/1312
f 1292/1292/1292 1293/1293/1293 1314/1314/1314
f 1292/1292/1292 1314/1314/1314 1313/1313/1313
f 1293/1293/1293 1294/1294/1294 1315/1315/1315
f 1293/1293/1293 1315/1315/1315 1314/1314/1314
f 1294/1294/1294 1295/1295/1295 1316/1316/1316
f 1294/1294/1294 1316/1316/1316 1315/1315/1315
f 1295/1295/1295 1296/1296/1296 1317/1317/1317
f 1295/1295/1295 1317/1317/1317 1316/1316/1316
f 1296/1296/1296 1297/1297/1297 1318/1318/1318
f 1296/1296/1296 1318/1318/1318 1317/1317/1317
f 1297/1297/1297 1298/1298/1298 1319/1319/1319
f 1297/1297/1297 1319/1319/1319 1318/1318/1318
f 1298/1298/1298 1299/1299/1299 1320/1320/1320
f 1298/1298/1298 1320/1320/1320 1319/1319/1319
f 1299/1299/1299 1300/1300/1300 1321/1321/1321
f 1299/1299/1299 1321/1321/1321 1320/1320/1320
f 1300/1300/1300 1301/1301/1301 1322/1322/1322
f 1300/1300/1300 1322/1322/1322 1321/1321/1321
f 1301/1301/1301 1302/1302/1302 1323/1323/1323
f 1301/1301/1301 1323/1323/1323 1322/1322/1322
f 1302/1302/1302 1303/1303/1303 1324/1324/1324
f 1302/1302/1302 1324/1324/1324 1323/1323/1323
f 1303/1303/1303 1304/1304/1304 1325/1325/1325
f 1303/1303/1303 1325/1325/1325 1324/1324/1324
f 1304/1304/1304 1305/1305/1305 1326/1326/1326
f 1304/1304/1304 1326/1326/1326 1325/1325/1325
f 1305/1305/1305 1306/1306/1306 1327/1327/1327
f 1305/1305/1305 1327/1327/1327 1326/1326/1326
f 1307/1307/1307 1308/1308/1308 1329/1329/1329
f 1307/1307/1307 1329/1329/1329 1328/1328/1328
f 1308/1308/1308 1309/1309/1309 1330/1330/1330
f 1308/1308/1308 1330/1330/1330 1329/1329/1329
f 1309/1309/1309 1310/1310/1310 1331/1331/1331
f 1309/1309/1309 1331/1331/1331 1330/1330/1330
f 1310/1310/1310 1311/1311/1311 1332/1332/1332
f 1310/1310/1310 1332/1332/1332 1331/1331/1331
f 1311/1311/1311 1312/1312/1312 1333/1333/1333
f 1311/1311/1311 1333/1333/1333 1332/1332/1332
f 1312/1312/1312 1313/1313/1313 1334/1334/1334
f 1312/1312/1312 1334/1334/1334 1333/1333/1333
f 1313/1313/1313 1314/1314/1314 1335/1335/1335
f 1313/1313/1313 1335/1335/1335 1334/1334/1334
f 1314/1314/1314 1315/1315/1315 1336/1336/1336
f 1314/1314/1314 1336/1336/1336 1335/1335/1335
f 1315/1315/1315 1316/1316/1316 1337/1337/1337
f 1315/1315/1315 1337/1337/1337 1336/1336/1336
f 1316/1316/1316 1317/1317/1317 1338/1338/1338
f 1316/1316/1316 1338/1338/1338 1337/1337/1337
f 1317/1317/1317 1318/1318/1318 1339/1339/1339
f 1317/1317/1317 1339/1339/1339 1338/1338/1338
f 1318/1318/1318 1319/1319/1319 1340/1340/1340
f 1318/1318/1318 1340/1340/1340 1339/1339/1339
f 1319/1319/1319 1320/1320/1320 1341/1341/1341
f 1319/1319/1319 1341/1341/1341 1340/1340/1340
f 1320/1320/1320 1321/1321/1321 1342/1342/1342
f 1320/1320/1320 1342/1342/1342 1341/1341/1341
f 1321/1321/1321 1322/1322/1322 1343/1343/1343
f 1321/1321/1321 1343/1343/1343 1342/1342/1342
f 1322/1322/1322 1323/1323/1323 1344/1344/1344
f 1322/1322/1322 1344/1344/1344 1343/1343/1343
f 1323/1323/1323 1324/1324/1324 1345/1345/1345
f 1323/1323/1323 1345/1345/1345 1344/1344/1344
f 1324/1324/1324 1325/1325/1325 1346/1346/1346
f 1324/1324/1324 1346/1346/1346 1345/1345/1345
f 1325/1325/1325 1326/1326/1326 1347/1347/1347
f 1325/1325/1325 1347/1347/1347 1346/1346/1346
f 1326/1326/1326 1327/1327/1327 1348/1348/1348
f 1326/1326/1326 1348/1348/1348 1347/1347/1347
f 1328/1328/1328 1329/1329/1329 1350/1350/1350
f 1328/1328/1328 1350/1350/1350 1349/1349/1349
f 1329/1329/1329 1330/1330/1330 1351/1351/1351
f 1329/1329/1329 1351/1351/1351 1350/1350/1350
f 1330/1330/1330 1331/1331/1331 1352/1352/1352
f 1330/1330/1330 1352/1352/1352 1351/1351/1351
f 1331/1331/1331 1332/1332/1332 1353/1353/1353
f 1331/1331/1331 1353/1353/1353 1352/1352/1352
f 1332/1332/1332 1333/1333/1333 1354/1354/1354
f 1332/1332/1332 1354/1354/1354 1353/1353/1353
f 1333/1333/1333 1334/1334/1334 1355/1355/1355
f 1333/1333/1333 1355/1355/1355 1354/1354/1354
f 1334/1334/1334 1335/1335/1335 1356/1356/1356
f 1334/1334/1334 1356/1356/1356 1355/1355/1355
f 1335/1335/1335 1336/1336/1336 1357/1357/1357
f 1335/1335/1335 1357/1357/1357 1356/1356/1356
f 1336/1336/1336 1337/1337/1337 1358/1358/1358
f 1336/1336/1336 1358/1358/1358 1357/1357/1357
f 1337/1337/1337 1338/1338/1338 1359/1359/1359
f 1337/1337/1337 1359/1359/1359 1358/1358/1358
f 1338/1338/1338 1339/1339/1339 1360/1360/1360
f 1338/1338/1338 1360/1360/1360 1359/1359/1359
f 1339/1339/1339 1340/1340/1340 1361/1361/1361
f 1339/1339/1339 1361/1361/1361 1360/1360/1360
f 1340/1340/1340 1341/1341/1341 1362/1362/1362
f 1340/1340/1340 1362/1362/1362 1361/1361/1361
f 1341/1341/1341 1342/1342/1342 1363/1363/1363
f 1341/1341/1341 1363/1363/1363 1362/1362/1362
f 1342/1342/1342 1343/1343/1343 1364/1364/1364
f 1342/1342/1342 1364/1364/1364 1363/1363/1363
f 1343/1343/1343 1344/1344/1344 1365/1365/1365
f 1343/1343/1343 1365/1365/1365 1364/1364/1364
f 1344/1344/1344 1345/1345/1345 1366/1366/1366
f 1344/1344/1344 1366/1366/1366 1365/1365/1365
f 1345/1345/1345 1346/1346/1346 1367/1367/1367
f 1345/1345/1345 1367/1367/1367 1366/1366/1366
f 1346/1346/1346 1347/1347/1347 1368/1368/1368
f 1346/1346/1346 1368/1368/1368 1367/1367/1367
f 1347/1347/1347 1348/1348/1348 1369/1369/1369
f 1347/1347/1347 1369/1369/1369 1368/1368/1368
f 1349/1349/1349 1350/1350/1350 1371/1371/1371
f 1349/1349/1349 1371/1371/1371 1370/1370/1370
f 1350/1350/1350 1351/1351/1351 1372/1372/1372
f 1350/1350/1350 1372/1372/1372 1371/1371/1371
f 1351/1351/1351 1352/1352/1352 1373/1373/1373
f 1351/1351/1351 1373/1373/1373 1372/1372/1372
f 1352/1352/1352 1353/1353/1353 1374/1374/1374
f 1352/1352/1352 1374/1374/1374 1373/1373/1373
f 1353/1353/1353 1354/1354/1354 1375/1375/1375
f 1353/1353/1353 1375/1375/1375 1374/1374/1374
f 1354/1354/1354 1355/1355/1355 1376/1376/1376
f 1354/1354/1354 1376/1376/1376 1375/1375/1375
f 1355/1355/1355 1356/1356/1356 1377/1377/1377
f 1355/1355/1355 1377/1377/1377 1376/1376/1376
f 1356/1356/1356 1357/1357/1357 1378/1378/1378
f 1356/1356/1356 1378/1378/1378 1377/1377/1377
f 1357/1357/1357 1358/1358/1358 1379/1379/1379
f 1357/1357/1357 1379/1379/1379 1378/1378/1378
f 1358/1358/1358 1359/1359/1359 1380/1380/1380
f 1358/1358/1358 1380/1380/1380 1379/1379/1379
f 1359/1359/1359 1360/1360/1360 1381/1381/1381
f 1359/1359/1359 1381/1381/1381 1380/1380/1380
f 1360/1360/1360 1361/1361/1361 1382/1382/1382
f 1360/1360/1360 1382/1382/1382 1381/1381/1381
f 1361/1361/1361 1362/1362/1362 1383/1383/1383
f 1361/1361/1361 1383/1383/1383 1382/1382/1382
f 1362/1362/1362 1363/1363/1363 1384/1384/1384
f 1362/1362/1362 1384/1384/1384 1383/1383/1383
f 1363/1363/1363 1364/1364/1364 1385/1385/1385
f 1363/1363/1363 1385/1385/1385 1384/1384/1384
f 1364/1364/1364 1365/1365/1365 1386/1386/1386
f 1364/1364/1364 1386/1386/1386 1385/1385/1385
f 1365/1365/1365 1366/1366/1366 1387/1387/1387
f 1365/1365/1365 1387/1387/1387 1386/1386/1386
f 1366/1366/1366 1367/1367/1367 1388/1388/1388
f 1366/1366/1366 1388/1388/1388 1387/1387/1387
f 1367/1367/1367 1368/1368/1368 1389/1389/1389
f 1367/1367/1367 1389/1389/1389 1388/1388/1388
f 1368/1368/1368 1369/1369/1369 1390/1390/1390
f 1368/1368/1368 1390/1390/1390 1389/1389/1389
f 1370/1370/1370 1371/1371/1371 1392/1392/1392
f 1370/1370/1370 1392/1392/1392 1391/1391/1391
f 1371/1371/1371 1372/1372/1372 1393/1393/1393
f 1371/1371/1371 1393/1393/1393 1392/1392/1392
f 1372/1372/1372 1373/1373/1373 1394/1394/1394
f 1372/1372/1372 1394/1394/1394 1393/1393/1393
f 1373/1373/1373 1374/1374/1374 1395/1395/1395
f 1373/1373/1373 1395/1395/1395 1394/1394/1394
f 1374/1374/1374 1375/1375/1375 1396/1396/1396
f 1374/1374/1374 1396/1396/1396 1395/1395/1395
f 1375/1375/1375 1376/1376/1376 1397/1397/1397
f 1375/1375/1375 1397/1397/1397 1396/1396/1396
f 1376/1376/1376 1377/1377/1377 1398/1398/1398
f 1376/1376/1376 1398/1398/1398 1397/1397/1397
f 1377/1377/1377 1378/1378/1378 1399/1399/1399
f 1377/1377/1377 1399/1399/1399 1398/1398/1398
f 1378/1378/1378 1379/1379/1379 1400/1400/1400
f 1378/1378/1378 1400/1400/1400 1399/1399/1399
f 1379/1379/1379 1380/1380/1380 1401/1401/1401
f 1379/1379/1379 1401/1401/1401 1400/1400/1400
f 1380/1380/1380 1381/1381/1381 1402/1402/1402
f 1380/1380/1380 1402/1402/1402 1401/1401/1401
f 1381/1381/1381 1382/1382/1382 1403/1403/1403
f 1381/1381/1381 1403/1403/1403 1402/1402/1402
f 1382/1382/1382 1383/1383/1383 1404/1404/1404
f 1382/1382/1382 1404/1404/1404 1403/1403/1403
f 1383/1383/1383 1384/1384/1384 1405/1405/1405
f 1383/1383/1383 1405/1405/1405 1404/1404/1404
f 1384/1384/1384 1385/1385/1385 1406/1406/1406
f 1384/1384/1384 1406/1406/1406 1405/1405/1405
f 1385/1385/1385 1386/1386/1386 1407/1407/1407
f 1385/1385/1385 1407/1407/1407 1406/1406/1406
f 1386/1386/1386 1387/1387/1387 1408/1408/1408
f 1386/1386/1386 1408/1408/1408 1407/1407/1407
f 1387/1387/1387 1388/1388/1388 1409/1409/1409
f 1387/1387/1387 1409/1409/1409 1408/1408/1408
f 1388/1388/1388 1389/1389/1389 1410/1410/1410
f 1388/1388/1388 1410/1410/1410 1409/1409/1409
f 1389/1389/1389 1390/1390/1390 1411/1411/1411
f 1389/1389/1389 1411/1411/1411 1410/1410/1410
f 1391/1391/1391 1392/1392/1392 1413/1413/1413
f 1391/1391/1391 1413/1413/1413 1412/1412/1412
f 1392/1392/1392 1393/1393/1393 1414/1414/1414
f 1392/1392/1392 1414/1414/1414 1413/1413/1413
f 1393/1393/1393 1394/1394/1394 1415/1415/1415
f 1393/1393/1393 1415/1415/1415 1414/1414/1414
f 1394/1394/1394 1395/1395/1395 1416/1416/1416
f 1394/1394/1394 1416/1416/1416 1415/1415/1415
f 1395/1395/1395 1396/1396/1396 1417/1417/1417
f 1395/1395/1395 1417/1417/1417 1416/1416/1416
f 1396/1396/1396 1397/1397/1397 1418/1418/1418
f 1396/1396/1396 1418/1418/1418 1417/1417/1417
f 1397/1397/1397 1398/1398/1398 1419/1419/1419
f 1397/1397/1397 1419/1419/1419 1418/1418/1418
f 1398/1398/1398 1399/1399/1399 1420/1420/1420
f 1398/1398/1398 1420/1420/1420 1419/1419/1419
f 1399/1399/1399 1400/1400/1400 1421/1421/1421
f 1399/1399/1399 1421/1421/1421 1420/1420/1420
f 1400/1400/1400 1401/1401/1401 1422/1422/1422
f 1400/1400/1400 1422/1422/1422 1421/1421/1421
f 1401/1401/1401 1402/1402/1402 1423/1423/1423
f 1401/1401/1401 1423/1423/1423 1422/1422/1422
f 1402/1402/1402 1403/1403/1403 1424/1424/1424
f 1402/1402/1402 1424/1424/1424 1423/1423/1423
f 1403/1403/1403 1404/1404/1404 1425/1425/1425
f 1403/1403/1403 1425/1425/1425 1424/1424/1424
f 1404/1404/1404 1405/1405/1405 1426/1426/1426
f 1404/1404/1404 1426/1426/1426 1425/1425/1425
f 1405/1405/1405 1406/1406/1406 1427/1427/1427
f 1405/1405/1405 1427/1427/1427 1426/1426/1426
f 1406/1406/1406 1407/1407/1407 1428/1428/1428
f 1406/1406/1406 1428/1428/1428 1427/1427/1427
f 1407/1407/1407 1408/1408/1408 1429/1429/1429
f 1407/1407/1407 1429/1429/1429 1428/1428/1428
f 1408/1408/1408 1409/1409/1409 1430/1430/1430
f 1408/1408/1408 1430/1430/1430 1429/1429/1429
f 1409/1409/1409 1410/1410/1410 1431/1431/1431
f 1409/1409/1409 1431/1431/1431 1430/1430/1430
f 1410/1410/1410 1411/1411/1411 1432/1432/1432
f 1410/1410/1410 1432/1432/1432 1431/1431/1431
f 1412/1412/1412 1413/1413/1413 1434/1434/1434
f 1412/1412/1412 1434/1434/1434 1433/1433/1433
f 1413/1413/1413 1414/1414/1414 1435/1435/1435
f 1413/1413/1413 1435/1435/1435 1434/1434/1434
f 1414/1414/1414 1415/1415/1415 1436/1436/1436
f 1414/1414/1414 1436/1436/1436 1435/1435/1435
f 1415/1415/1415 1416/1416/1416 1437/1437/1437
f 1415/1415/1415 1437/1437/1437 1436/1436/1436
f 1416/1416/1416 1417/1417/1417 1438/1438/1438
f 1416/1416/1416 1438/1438/1438 1437/1437/1437
f 1417/1417/1417 1418/1418/1418 1439/1439/1439
f 1417/1417/1417 1439/1439/1439 1438/1438/1438
f 1418/1418/1418 1419/1419/1419 1440/1440/1440
f 1418/1418/1418 1440/1440/1440 1439/1439/1439
f 1419/1419/1419 1420/1420/1420 1441/1441/1441
f 1419/1419/1419 1441/1441/1441 1440/1440/1440
f 1420/1420/1420 1421/1421/1421 1442/1442/1442
f 1420/1420/1420 1442/1442/1442 1441/1441/1441
f 1421/1421/1421 1422/1422/1422 1443/1443/1443
f 1421/1421/1421 1443/1443/1443 1442/1442/1442
f 1422/1422/1422 1423/1423/1423 1444/1444/1444
f 1422/1422/1422 1444/1444/1444 1443/1443/1443
f 1423/1423/1423 1424/1424/1424 1445/1445/1445
f 1423/1423/1423 1445/1445/1445 1444/1444/1444
f 1424/1424/1424 1425/1425/1425 1446/1446/1446
f 1424/1424/1424 1446/1446/1446 1445/1445/1445
f 1425/1425/1425 1426/1426/1426 1447/1447/1447
f 1425/1425/1425 1447/1447/1447 1446/1446/1446
f 1426/1426/1426 1427/1427/1427 1448/1448/1448
f 1426/1426/1426 1448/1448/1448 1447/1447/1447
f 1427/1427/1427 1428/1428/1428 1449/1449/1449
f 1427/1427/1427 1449/1449/1449 1448/1448/1448
f 1428/1428/1428 1429/1429/1429 1450/1450/1450
f 1428/1428/1428 1450/1450/1450 1449/1449/1449
f 1429/1429/1429 1430/1430/1430 1451/1451/1451
f 1429/1429/1429 1451/1451/1451 1450/1450/1450
f 1430/1430/1430 1431/1431/1431 1452/1452/1452
f 1430/1430/1430 1452/1452/1452 1451/1451/1451
f 1431/1431/1431 1432/1432/1432 1453/1453/1453
f 1431/1431/1431 1453/1453/1453 1452/1452/1452
f 1433/1433/1433 1434/1434/1434 1454/1454/1454
f 1434/1434/1434 1435/1435/1435 1454/1454/1454
f 1435/1435/1435 1436/1436/1436 1454/1454/1454
f 1436/1436/1436 1437/1437/1437 1454/1454/1454
f 1437/1437/1437 1438/1438/1438 1454/1454/1454
f 1438/1438/1438 1439/1439/1439 1454/1454/1454
f 1439/1439/1439 1440/1440/1440 1454/1454/1454
f 1440/1440/1440 1441/1441/1441 1454/1454/1454
f 1441/1441/1441 1442/1442/1442 1454/1454/1454
f 1442/1442/1442 1443/1443/1443 1454/1454/1454
f 1443/1443/1443 1444/1444/1444 1454/1454/1454
f 1444/1444/1444 1445/1445/1445 1454/1454/1454
f 1445/1445/1445 1446/1446/1446 1454/1454/1454
f 1446/1446/1446 1447/1447/1447 1454/1454/1454
f 1447/1447/1447 1448/1448/1448 1454/1454/1454
f 1448/1448/1448 1449/1449/1449 1454/1454/1454
f 1449/1449/1449 1450/1450/1450 1454/1454/1454
f 1450/1450/1450 1451/1451/1451 1454/1454/1454
f 1451/1451/1451 1452/1452/1452 1454/1454/1454
f 1452/1452/1452 1453/1453/1453 1454/1454/1454
o Finger_-1_0
v 6.682397 26.157364 6.542876
v 6.574647 26.123970 6.808196
v 6.314514 26.043349 6.918095
v 6.054382 25.962729 6.808196
v 5.946631 25.929335 6.542876
v 6.054382 25.962729 6.277556
v 6.314514 26.043349 6.167657
v 6.574647 26.123970 6.277556
v 6.682397 26.157364 6.542876
v 7.052324 25.418676 6.542876
v 6.950932 25.391965 6.787467
v 6.706148 25.327481 6.888781
v 6.461364 25.262997 6.787467
v 6.359971 25.236287 6.542876
v 6.461364 25.262997 6.298284
v 6.706148 25.327481 6.196971
v 6.950932 25.391965 6.298284
v 7.052324 25.418676 6.542876
v 7.329031 24.546109 6.542876
v 7.235809 24.546109 6.755132
v 7.010751 24.546109 6.843051
v 6.785694 24.546109 6.755132
v 6.692472 24.546109 6.542876
v 6.785694 24.546109 6.330620
v 7.010751 24.546109 6.242701
v 7.235809 24.546109 6.330620
v 7.329031 24.546109 6.542876
v 6.878457 24.060822 6.542876
v 6.827989 24.098808 6.705384
v 6.706148 24.190514 6.772697
v 6.584306 24.282220 6.705384
v 6.533838 24.320206 6.542876
v 6.584306 24.282220 6.380368
v 6.706148 24.190514 6.313054
v 6.827989 24.098808 6.380368
v 6.878457 24.060822 6.542876
v 6.403339 23.905077 6.542876
v 6.377323 23.939345 6.662270
v 6.314514 24.022074 6.711724
v 6.251706 24.104804 6.662270
v 6.225689 24.139072 6.542876
v 6.251706 24.104804 6.423482
v 6.314514 24.022074 6.374027
v 6.377323 23.939345 6.423482
v 6.403339 23.905077 6.542876
v 6.314514 26.043349 6.542876
v 6.314514 24.022074 6.542876
vt 0.0078125 0.9921875
vt 0.0078125 0.9160156
vt 0.0078125 0.8398438
vt 0.0078125 0.7636719
vt 0.0078125 0.6875000
vt 0.0078125 0.6113281
vt 0.0078125 0.5351562
vt 0.0078125 0.4589844
vt 0.0078125 0.3828125
vt 0.2539062 0.9921875
vt 0.2539062 0.9160156
vt 0.2539062 0.8398438
vt 0.2539062 0.7636719
vt 0.2539062 0.6875000
vt 0.2539062 0.6113281
vt 0.2539062 0.5351562
vt 0.2539062 0.4589844
vt 0.2539062 0.3828125
vt 0.5000000 0.9921875
vt 0.5000000 0.9160156
vt 0.5000000 0.8398438
vt 0.5000000 0.7636719
vt 0.5000000 0.6875000
vt 0.5000000 0.6113281
vt 0.5000000 0.5351562
vt 0.5000000 0.4589844
vt 0.5000000 0.3828125
vt 0.7460938 0.9921875
vt 0.7460938 0.9160156
vt 0.7460938 0.8398438
vt 0.7460938 0.7636719
vt 0.7460938 0.6875000
vt 0.7460938 0.6113281
vt 0.7460938 0.5351562
vt 0.7460938 0.4589844
vt 0.7460938 0.3828125
vt 0.9921875 0.9921875
vt 0.9921875 0.9160156
vt 0.9921875 0.8398438
vt 0.9921875 0.7636719
vt 0.9921875 0.6875000
vt 0.9921875 0.6113281
vt 0.9921875 0.5351562
vt 0.9921875 0.4589844
vt 0.9921875 0.3828125
vt 0.0078125 0.6875000
vt 0.9921875 0.6875000
vn 0.7227031 0.6808081 0.1191665
vn 0.4208105 0.5225445 0.7415293
vn -0.1901538 0.2027864 0.9605827
vn -0.7819412 -0.1056282 0.6143376
vn -0.9700185 -0.2037164 -0.1325287
vn -0.6129407 -0.0187531 -0.7899063
vn 0.0292691 0.3160907 -0.9482774
vn 0.5667755 0.5982483 -0.5664491
vn 0.7227031 0.6808081 0.1191665
vn 0.9266830 0.3757101 -0.0100325
vn 0.6581184 0.2623120 0.7057426
vn 0.0238580 -0.0303287 0.9992552
vn -0.6071659 -0.3366729 0.7197228
vn -0.8799302 -0.4747136 0.0192321
vn -0.6248994 -0.3541206 -0.6957725
vn 0.0071682 -0.0561715 -0.9983954
vn 0.6498301 0.2422143 -0.7204534
vn 0.9266830 0.3757101 -0.0100325
vn 0.9939914 -0.0885818 -0.0642996
vn 0.7302217 -0.0288104 0.6826026
vn 0.0827635 -0.0301051 0.9961144
vn -0.5977591 -0.1163800 0.7931833
vn -0.9745453 -0.2022336 0.0967625
vn -0.7162824 -0.1921650 -0.6708295
vn -0.0554670 -0.1559778 -0.9862020
vn 0.6315023 -0.1340690 -0.7636952
vn 0.9939914 -0.0885818 -0.0642996
vn 0.5826542 -0.8117281 -0.0401445
vn 0.4606143 -0.6546396 0.5994009
vn 0.0072446 -0.1632402 0.9865598
vn -0.5029103 0.4669477 0.7273521
vn -0.6782413 0.7343205 0.0276069
vn -0.5563978 0.4963676 -0.6663638
vn -0.1167286 -0.1371557 -0.9836477
vn 0.3702774 -0.6530625 -0.6606088
vn 0.5826542 -0.8117281 -0.0401445
vn 0.1565173 -0.9806632 -0.1174822
vn 0.0953300 -0.8830553 0.4594840
vn -0.1913767 -0.3947985 0.8986151
vn -0.5481526 0.3435197 0.7625765
vn -0.6906194 0.7081923 0.1466574
vn -0.6400546 0.5626015 -0.5232682
vn -0.3626356 -0.0789150 -0.9285838
vn -0.0016962 -0.7381129 -0.6746751
vn 0.1565173 -0.9806632 -0.1174822
vn -0.2960303 0.9551785 -0.0000000
vn -0.7964669 -0.6046821 0.0000000
s 1
f 1455/1455/1455 1456/1456/1456 1465/1465/1465
f 1455/1455/1455 1465/1465/1465 1464/1464/1464
f 1456/1456/1456 1457/1457/1457 1466/1466/1466
f 1456/1456/1456 1466/1466/1466 1465/1465/1465
f 1457/1457/1457 1458/1458/1458 1467/1467/1467
f 1457/1457/1457 1467/1467/1467 1466/1466/1466
f 1458/1458/1458 1459/1459/1459 1468/1468/1468
f 1458/1458/1458 1468/1468/1468 1467/1467/1467
f 1459/1459/1459 1460/1460/1460 1469/1469/1469
f 1459/1459/1459 1469/1469/1469 1468/1468/1468
f 1460/1460/1460 1461/1461/1461 1470/1470/1470
f 1460/1460/1460 1470/1470/1470 1469/1469/1469
f 1461/1461/1461 1462/1462/1462 1471/1471/1471
f 1461/1461/1461 1471/1471/1471 1470/1470/1470
f 1462/1462/1462 1463/1463/1463 1472/1472/1472
f 1462/1462/1462 1472/1472/1472 1471/1471/1471
f 1464/1464/1464 1465/1465/1465 1474/1474/1474
f 1464/1464/1464 1474/1474/1474 1473/1473/1473
f 1465/1465/1465 1466/1466/1466 1475/1475/1475
f 1465/1465/1465 1475/1475/1475 1474/1474/1474
f 1466/1466/1466 1467/1467/1467 1476/1476/1476
f 1466/1466/1466 1476/1476/1476 1475/1475/1475
f 1467/1467/1467 1468/1468/1468 1477/1477/1477
f 1467/1467/1467 1477/1477/1477 1476/1476/1476
f 1468/1468/1468 1469/1469/1469 1478/1478/1478
f 1468/1468/1468 1478/1478/1478 1477/1477/1477
f 1469/1469/1469 1470/1470/1470 1479/1479/1479
f 1469/1469/1469 1479/1479/1479 1478/1478/1478
f 1470/1470/1470 1471/1471/1471 1480/1480/1480
f 1470/1470/1470 1480/1480/1480 1479/1479/1479
f 1471/1471/1471 1472/1472/1472 1481/1481/1481
f 1471/1471/1471 1481/1481/1481 1480/1480/1480
f 1473/1473/1473 1474/1474/1474 1483/1483/1483
f 1473/1473/1473 1483/1483/1483 1482/1482/1482
f 1474/1474/1474 1475/1475/1475 1484/1484/1484
f 1474/1474/1474 1484/1484/1484 1483/1483/1483
f 1475/1475/1475 1476/1476/1476 1485/1485/1485
f 1475/1475/1475 1485/1485/1485 1484/1484/1484
f 1476/1476/1476 1477/1477/1477 1486/1486/1486
f 1476/1476/1476 1486/1486/1486 1485/1485/1485
f 1477/1477/1477 1478/1478/1478 1487/1487/1487
f 1477/1477/1477 1487/1487/1487 1486/1486/1486
f 1478/1478/1478 1479/1479/1479 1488/1488/1488
f 1478/1478/1478 1488/1488/1488 1487/1487/1487
f 1479/1479/1479 1480/1480/1480 1489/1489/1489
f 1479/1479/1479 1489/1489/1489 1488/1488/1488
f 1480/1480/1480 1481/1481/1481 1490/1490/1490
f 1480/1480/1480 1490/1490/1490 1489/1489/1489
f 1482/1482/1482 1483/1483/1483 1492/1492/1492
f 1482/1482/1482 1492/1492/1492 1491/1491/1491
f 1483/1483/1483 1484/1484/1484 1493/1493/1493
f 1483/1483/1483 1493/1493/1493 1492/1492/1492
f 1484/1484/1484 1485/1485/1485 1494/1494/1494
f 1484/1484/1484 1494/1494/1494 1493/1493/1493
f 1485/1485/1485 1486/1486/1486 1495/1495/1495
f 1485/1485/1485 1495/1495/1495 1494/1494/1494
f 1486/1486/1486 1487/1487/1487 1496/1496/1496
f 1486/1486/1486 1496/1496/1496 1495/1495/1495
f 1487/1487/1487 1488/1488/1488 1497/1497/1497
f 1487/1487/1487 1497/1497/1497 1496/1496/1496
f 1488/1488/1488 1489/1489/1489 1498/1498/1498
f 1488/1488/1488 1498/1498/1498 1497/1497/1497
f 1489/1489/1489 1490/1490/1490 1499/1499/1499
f 1489/1489/1489 1499/1499/1499 1498/1498/1498
f 1500/1500/1500 1456/1456/1456 1455/1455/1455
f 1500/1500/1500 1457/1457/1457 1456/1456/1456
f 1500/1500/1500 1458/1458/1458 1457/1457/1457
f 1500/1500/1500 1459/1459/1459 1458/1458/1458
f 1500/1500/1500 1460/1460/1460 1459/1459/1459
f 1500/1500/1500 1461/1461/1461 1460/1460/1460
f 1500/1500/1500 1462/1462/1462 1461/1461/1461
f 1500/1500/1500 1463/1463/1463 1462/1462/1462
f 1501/1501/1501 1491/1491/1491 1492/1492/1492
f 1501/1501/1501 1492/1492/1492 1493/1493/1493
f 1501/1501/1501 1493/1493/1493 1494/1494/1494
f 1501/1501/1501 1494/1494/1494 1495/1495/1495
f 1501/1501/1501 1495/1495/1495 1496/1496/1496
f 1501/1501/1501 1496/1496/1496 1497/1497/1497
f 1501/1501/1501 1497/1497/1497 1498/1498/1498
f 1501/1501/1501 1498/1498/1498 1499/1499/1499
o Finger_-1_1
v 6.682397 26.157364 5.933146
v 6.574647 26.123970 6.198465
v 6.314514 26.043349 6.308364
v 6.054382 25.962729 6.198465
v 5.946631 25.929335 5.933146
v 6.054382 25.962729 5.667826
v 6.314514 26.043349 5.557927
v 6.574647 26.123970 5.667826
v 6.682397 26.157364 5.933146
v 7.052324 25.418676 5.933146
v 6.950932 25.391965 6.177737
v 6.706148 25.327481 6.279050
v 6.461364 25.262997 6.177737
v 6.359971 25.236287 5.933146
v 6.461364 25.262997 5.688554
v 6.706148 25.327481 5.587241
v 6.950932 25.391965 5.688554
v 7.052324 25.418676 5.933146
v 7.329031 24.546109 5.933146
v 7.235809 24.546109 6.145401
v 7.010751 24.546109 6.233320
v 6.785694 24.546109 6.145401
v 6.692472 24.546109 5.933146
v 6.785694 24.546109 5.720890
v 7.010751 24.546109 5.632971
v 7.235809 24.546109 5.720890
v 7.329031 24.546109 5.933146
v 6.878457 24.060822 5.933146
v 6.827989 24.098808 6.095654
v 6.706148 24.190514 6.162967
v 6.584306 24.282220 6.095654
v 6.533838 24.320206 5.933146
v 6.584306 24.282220 5.770637
v 6.706148 24.190514 5.703324
v 6.827989 24.098808 5.770637
v 6.878457 24.060822 5.933146
v 6.403339 23.905077 5.933146
v 6.377323 23.939345 6.052539
v 6.314514 24.022074 6.101994
v 6.251706 24.104804 6.052539
v 6.225689 24.139072 5.933146
v 6.251706 24.104804 5.813752
v 6.314514 24.022074 5.764297
v 6.377323 23.939345 5.813752
v 6.403339 23.905077 5.933146
v 6.314514 26.043349 5.933146
v 6.314514 24.022074 5.933146
vt 0.0078125 0.9921875
vt 0.0078125 0.9160156
vt 0.0078125 0.8398438
vt 0.0078125 0.7636719
vt 0.0078125 0.6875000
vt 0.0078125 0.6113281
vt 0.0078125 0.5351562
vt 0.0078125 0.4589844
vt 0.0078125 0.3828125
vt 0.2539062 0.9921875
vt 0.2539062 0.9160156
vt 0.2539062 0.8398438
vt 0.2539062 0.7636719
vt 0.2539062 0.6875000
vt 0.2539062 0.6113281
vt 0.2539062 0.5351562
vt 0.2539062 0.4589844
vt 0.2539062 0.3828125
vt 0.5000000 0.9921875
vt 0.5000000 0.9160156
vt 0.5000000 0.8398438
vt 0.5000000 0.7636719
vt 0.5000000 0.6875000
vt 0.5000000 0.6113281
vt 0.5000000 0.5351562
vt 0.5000000 0.4589844
vt 0.5000000 0.3828125
vt 0.7460938 0.9921875
vt 0.7460938 0.9160156
vt 0.7460938 0.8398438
vt 0.7460938 0.7636719
vt 0.7460938 0.6875000
vt 0.7460938 0.6113281
vt 0.7460938 0.5351562
vt 0.7460938 0.4589844
vt 0.7460938 0.3828125
vt 0.9921875 0.9921875
vt 0.9921875 0.9160156
vt 0.9921875 0.8398438
vt 0.9921875 0.7636719
vt 0.9921875 0.6875000
vt 0.9921875 0.6113281
vt 0.9921875 0.5351562
vt 0.9921875 0.4589844
vt 0.9921875 0.3828125
vt 0.0078125 0.6875000
vt 0.9921875 0.6875000
vn 0.7227031 0.6808081 0.1191665
vn 0.4208105 0.5225445 0.7415293
vn -0.1901538 0.2027864 0.9605827
vn -0.7819412 -0.1056282 0.6143376
vn -0.9700185 -0.2037164 -0.1325287
vn -0.6129407 -0.0187531 -0.7899063
vn 0.0292691 0.3160907 -0.9482774
vn 0.5667755 0.5982483 -0.5664491
vn 0.7227031 0.6808081 0.1191665
vn 0.9266830 0.3757101 -0.0100325
vn 0.6581184 0.2623120 0.7057426
vn 0.0238580 -0.0303287 0.9992552
vn -0.6071659 -0.3366729 0.7197228
vn -0.8799302 -0.4747136 0.0192321
vn -0.6248994 -0.3541206 -0.6957725
vn 0.0071682 -0.0561715 -0.9983954
vn 0.6498301 0.2422143 -0.7204534
vn 0.9266830 0.3757101 -0.0100325
vn 0.9939914 -0.0885818 -0.0642996
vn 0.7302217 -0.0288104 0.6826026
vn 0.0827635 -0.0301051 0.9961144
vn -0.5977591 -0.1163800 0.7931833
vn -0.9745453 -0.2022336 0.0967625
vn -0.7162824 -0.1921650 -0.6708295
vn -0.0554670 -0.1559778 -0.9862020
vn 0.6315023 -0.1340690 -0.7636952
vn 0.9939914 -0.0885818 -0.0642996
vn 0.5826542 -0.8117281 -0.0401445
vn 0.4606143 -0.6546396 0.5994009
vn 0.0072446 -0.1632402 0.9865598
vn -0.5029103 0.4669477 0.7273521
vn -0.6782413 0.7343205 0.0276069
vn -0.5563978 0.4963676 -0.6663638
vn -0.1167286 -0.1371557 -0.9836477
vn 0.3702774 -0.6530625 -0.6606088
vn 0.5826542 -0.8117281 -0.0401445
vn 0.1565173 -0.9806632 -0.1174822
vn 0.0953300 -0.8830553 0.4594840
vn -0.1913767 -0.3947985 0.8986151
vn -0.5481526 0.3435197 0.7625765
vn -0.6906194 0.7081923 0.1466574
vn -0.6400546 0.5626015 -0.5232682
vn -0.3626356 -0.0789150 -0.9285838
vn -0.0016962 -0.7381129 -0.6746751
vn 0.1565173 -0.9806632 -0.1174822
vn -0.2960303 0.9551785 -0.0000000
vn -0.7964669 -0.6046821 0.0000000
s 1
f 1502/1502/1502 1503/1503/1503 1512/1512/1512
f 1502/1502/1502 1512/1512/1512 1511/1511/1511
f 1503/1503/1503 1504/1504/1504 1513/1513/1513
f 1503/1503/1503 1513/1513/1513 1512/1512/1512
f 1504/1504/1504 1505/1505/1505 1514/1514/1514
f 1504/1504/1504 1514/1514/1514 1513/1513/1513
f 1505/1505/1505 1506/1506/1506 1515/1515/1515
f 1505/1505/1505 1515/1515/1515 1514/1514/1514
f 1506/1506/1506 1507/1507/1507 1516/1516/1516
f 1506/1506/1506 1516/1516/1516 1515/1515/1515
f 1507/1507/1507 1508/1508/1508 1517/1517/1517
f 1507/1507/1507 1517/1517/1517 1516/1516/1516
f 1508/1508/1508 1509/1509/1509 1518/1518/1518
f 1508/1508/1508 1518/1518/1518 1517/1517/1517
f 1509/1509/1509 1510/1510/1510 1519/1519/1519
f 1509/1509/1509 1519/1519/1519 1518/1518/1518
f 1511/1511/1511 1512/1512/1512 1521/1521/1521
f 1511/1511/1511 1521/1521/1521 1520/1520/1520
f 1512/1512/1512 1513/1513/1513 1522/1522/1522
f 1512/1512/1512 1522/1522/1522 1521/1521/1521
f 1513/1513/1513 1514/1514/1514 1523/1523/1523
f 1513/1513/1513 1523/1523/1523 1522/1522/1522
f 1514/1514/1514 1515/1515/1515 1524/1524/1524
f 1514/1514/1514 1524/1524/1524 1523/1523/1523
f 1515/1515/1515 1516/1516/1516 1525/1525/1525
f 1515/1515/1515 1525/1525/1525 1524/1524/1524
f 1516/1516/1516 1517/1517/1517 1526/1526/1526
f 1516/1516/1516 1526/1526/1526 1525/1525/1525
f 1517/1517/1517 1518/1518/1518 1527/1527/1527
f 1517/1517/1517 1527/1527/1527 1526/1526/1526
f 1518/1518/1518 1519/1519/1519 1528/1528/1528
f 1518/1518/1518 1528/1528/1528 1527/1527/1527
f 1520/1520/1520 1521/1521/1521 1530/1530/1530
f 1520/1520/1520 1530/1530/1530 1529/1529/1529
f 1521/1521/1521 1522/1522/1522 1531/1531/1531
f 1521/1521/1521 1531/1531/1531 1530/1530/1530
f 1522/1522/1522 1523/1523/1523 1532/1532/1532
f 1522/1522/1522 1532/1532/1532 1531/1531/1531
f 1523/1523/1523 1524/1524/1524 1533/1533/1533
f 1523/1523/1523 1533/1533/1533 1532/1532/1532
f 1524/1524/1524 1525/1525/1525 1534/1534/1534
f 1524/1524/1524 1534/1534/1534 1533/1533/1533
f 1525/1525/1525 1526/1526/1526 1535/1535/1535
f 1525/1525/1525 1535/1535/1535 1534/1534/1534
f 1526/1526/1526 1527/1527/1527 1536/1536/1536
f 1526/1526/1526 1536/1536/1536 1535/1535/1535
f 1527/1527/1527 1528/1528/1528 1537/1537/1537
f 1527/1527/1527 1537/1537/1537 1536/1536/1536
f 1529/1529/1529 1530/1530/1530 1539/1539/1539
f 1529/1529/1529 1539/1539/1539 1538/1538/1538
f 1530/1530/1530 1531/1531/1531 1540/1540/1540
f 1530/1530/1530 1540/1540/1540 1539/1539/1539
f 1531/1531/1531 1532/1532/1532 1541/1541/1541
f 1531/1531/1531 1541/1541/1541 1540/1540/1540
f 1532/1532/1532 1533/1533/1533 1542/1542/1542
f 1532/1532/1532 1542/1542/1542 1541/1541/1541
f 1533/1533/1533 1534/1534/1534 1543/1543/1543
f 1533/1533/1533 1543/1543/1543 1542/1542/1542
f 1534/1534/1534 1535/1535/1535 1544/1544/1544
f 1534/1534/1534 1544/1544/1544 1543/1543/1543
f 1535/1535/1535 1536/1536/1536 1545/1545/1545
f 1535/1535/1535 1545/1545/1545 1544/1544/1544
f 1536/1536/1536 1537/1537/1537 1546/1546/1546
f 1536/1536/1536 1546/1546/1546 1545/1545/1545
f 1547/1547/1547 1503/1503/1503 1502/1502/1502
f 1547/1547/1547 1504/1504/1504 1503/1503/1503
f 1547/1547/1547 1505/1505/1505 1504/1504/1504
f 1547/1547/1547 1506/1506/1506 1505/1505/1505
f 1547/1547/1547 1507/1507/1507 1506/1506/1506
f 1547/1547/1547 1508/1508/1508 1507/1507/1507
f 1547/1547/1547 1509/1509/1509 1508/1508/1508
f 1547/1547/1547 1510/1510/1510 1509/1509/1509
f 1548/1548/1548 1538/1538/1538 1539/1539/1539
f 1548/1548/1548 1539/1539/1539 1540/1540/1540
f 1548/1548/1548 1540/1540/1540 1541/1541/1541
f 1548/1548/1548 1541/1541/1541 1542/1542/1542
f 1548/1548/1548 1542/1542/1542 1543/1543/1543
f 1548/1548/1548 1543/1543/1543 1544/1544/1544
f 1548/1548/1548 1544/1544/1544 1545/1545/1545
f 1548/1548/1548 1545/1545/1545 1546/1546/1546
o Finger_-1_2
v 6.682397 26.157364 5.323415
v 6.574647 26.123970 5.588735
v 6.314514 26.043349 5.698634
v 6.054382 25.962729 5.588735
v 5.946631 25.929335 5.323415
v 6.054382 25.962729 5.058095
v 6.314514 26.043349 4.948196
v 6.574647 26.123970 5.058095
v 6.682397 26.157364 5.323415
v 7.052324 25.418676 5.323415
v 6.950932 25.391965 5.568007
v 6.706148 25.327481 5.669320
v 6.461364 25.262997 5.568007
v 6.359971 25.236287 5.323415
v 6.461364 25.262997 5.078824
v 6.706148 25.327481 4.977510
v 6.950932 25.391965 5.078824
v 7.052324 25.418676 5.323415
v 7.329031 24.546109 5.323415
v 7.235809 24.546109 5.535671
v 7.010751 24.546109 5.623590
v 6.785694 24.546109 5.535671
v 6.692472 24.546109 5.323415
v 6.785694 24.546109 5.111159
v 7.010751 24.546109 5.023240
v 7.235809 24.546109 5.111159
v 7.329031 24.546109 5.323415
v 6.878457 24.060822 5.323415
v 6.827989 24.098808 5.485923
v 6.706148 24.190514 5.553237
v 6.584306 24.282220 5.485923
v 6.533838 24.320206 5.323415
v 6.584306 24.282220 5.160907
v 6.706148 24.190514 5.093594
v 6.827989 24.098808 5.160907
v 6.878457 24.060822 5.323415
v 6.403339 23.905077 5.323415
v 6.377323 23.939345 5.442809
v 6.314514 24.022074 5.492264
v 6.251706 24.104804 5.442809
v 6.225689 24.139072 5.323415
v 6.251706 24.104804 5.204021
v 6.314514 24.022074 5.154567
v 6.377323 23.939345 5.204021
v 6.403339 23.905077 5.323415
v 6.314514 26.043349 5.323415
v 6.314514 24.022074 5.323415
vt 0.0078125 0.9921875
vt 0.0078125 0.9160156
vt 0.0078125 0.8398438
vt 0.0078125 0.7636719
vt 0.0078125 0.6875000
vt 0.0078125 0.6113281
vt 0.0078125 0.5351562
vt 0.0078125 0.4589844
vt 0.0078125 0.3828125
vt 0.2539062 0.9921875
vt 0.2539062 0.9160156
vt 0.2539062 0.8398438
vt 0.2539062 0.7636719
vt 0.2539062 0.6875000
vt 0.2539062 0.6113281
vt 0.2539062 0.5351562
vt 0.2539062 0.4589844
vt 0.2539062 0.3828125
vt 0.5000000 0.9921875
vt 0.5000000 0.9160156
vt 0.5000000 0.8398438
vt 0.5000000 0.7636719
vt 0.5000000 0.6875000
vt 0.5000000 0.6113281
vt 0.5000000 0.5351562
vt 0.5000000 0.4589844
vt 0.5000000 0.3828125
vt 0.7460938 0.9921875
vt 0.7460938 0.9160156
vt 0.7460938 0.8398438
vt 0.7460938 0.7636719
vt 0.7460938 0.6875000
vt 0.7460938 0.6113281
vt 0.7460938 0.5351562
vt 0.7460938 0.4589844
vt 0.7460938 0.3828125
vt 0.9921875 0.9921875
vt 0.9921875 0.9160156
vt 0.9921875 0.8398438
vt 0.9921875 0.7636719
vt 0.9921875 0.6875000
vt 0.9921875 0.6113281
vt 0.9921875 0.5351562
vt 0.9921875 0.4589844
vt 0.9921875 0.3828125
vt 0.0078125 0.6875000
vt 0.9921875 0.6875000
vn 0.7227031 0.6808081 0.1191665
vn 0.4208105 0.5225445 0.7415293
vn -0.1901538 0.2027864 0.9605827
vn -0.7819412 -0.1056282 0.6143376
vn -0.9700185 -0.2037164 -0.1325287
vn -0.6129407 -0.0187531 -0.7899063
vn 0.0292691 0.3160907 -0.9482774
vn 0.5667755 0.5982483 -0.5664491
vn 0.7227031 0.6808081 0.1191665
vn 0.9266830 0.3757101 -0.0100325
vn 0.6581184 0.2623120 0.7057426
vn 0.0238580 -0.0303287 0.9992552
vn -0.6071659 -0.3366729 0.7197228
vn -0.8799302 -0.4747136 0.0192321
vn -0.6248994 -0.3541206 -0.6957725
vn 0.0071682 -0.0561715 -0.9983954
vn 0.6498301 0.2422143 -0.7204534
vn 0.9266830 0.3757101 -0.0100325
vn 0.9939914 -0.0885818 -0.0642996
vn 0.7302217 -0.0288104 0.6826026
vn 0.0827635 -0.0301051 0.9961144
vn -0.5977591 -0.1163800 0.7931833
vn -0.9745453 -0.2022336 0.0967625
vn -0.7162824 -0.1921650 -0.6708295
vn -0.0554670 -0.1559778 -0.9862020
vn 0.6315023 -0.1340690 -0.7636952
vn 0.9939914 -0.0885818 -0.0642996
vn 0.5826542 -0.8117281 -0.0401445
vn 0.4606143 -0.6546396 0.5994009
vn 0.0072446 -0.1632402 0.9865598
vn -0.5029103 0.4669477 0.7273521
vn -0.6782413 0.7343205 0.0276069
vn -0.5563978 0.4963676 -0.6663638
vn -0.1167286 -0.1371557 -0.9836477
vn 0.3702774 -0.6530625 -0.6606088
vn 0.5826542 -0.8117281 -0.0401445
vn 0.1565173 -0.9806632 -0.1174822
vn 0.0953300 -0.8830553 0.4594840
vn -0.1913767 -0.3947985 0.8986151
vn -0.5481526 0.3435197 0.7625765
vn -0.6906194 0.7081923 0.1466574
vn -0.6400546 0.5626015 -0.5232682
vn -0.3626356 -0.0789150 -0.9285838
vn -0.0016962 -0.7381129 -0.6746751
vn 0.1565173 -0.9806632 -0.1174822
vn -0.2960303 0.9551785 -0.0000000
vn -0.7964669 -0.6046821 0.0000000
s 1
f 1549/1549/1549 1550/1550/1550 1559/1559/1559
f 1549/1549/1549 1559/1559/1559 1558/1558/1558
f 1550/1550/1550 1551/1551/1551 1560/1560/1560
f 1550/1550/1550 1560/1560/1560 1559/1559/1559
f 1551/1551/1551 1552/1552/1552 1561/1561/1561
f 1551/1551/1551 1561/1561/1561 1560/1560/1560
f 1552/1552/1552 1553/1553/1553 1562/1562/1562
f 1552/1552/1552 1562/1562/1562 1561/1561/1561
f 1553/1553/1553 1554/1554/1554 1563/1563/1563
f 1553/1553/1553 1563/1563/1563 1562/1562/1562
f 1554/1554/1554 1555/1555/1555 1564/1564/1564
f 1554/1554/1554 1564/1564/1564 1563/1563/1563
f 1555/1555/1555 1556/1556/1556 1565/1565/1565
f 1555/1555/1555 1565/1565/1565 1564/1564/1564
f 1556/1556/1556 1557/1557/1557 1566/1566/1566
f 1556/1556/1556 1566/1566/1566 1565/1565/1565
f 1558/1558/1558 1559/1559/1559 1568/1568/1568
f 1558/1558/1558 1568/1568/1568 1567/1567/1567
f 1559/1559/1559 1560/1560/1560 1569/1569/1569
f 1559/1559/1559 1569/1569/1569 1568/1568/1568
f 1560/1560/1560 1561/1561/1561 1570/1570/1570
f 1560/1560/1560 1570/1570/1570 1569/1569/1569
f 1561/1561/1561 1562/1562/1562 1571/1571/1571
f 1561/1561/1561 1571/1571/1571 1570/1570/1570
f 1562/1562/1562 1563/1563/1563 1572/1572/1572
f 1562/1562/1562 1572/1572/1572 1571/1571/1571
f 1563/1563/1563 1564/1564/1564 1573/1573/1573
f 1563/1563/1563 1573/1573/1573 1572/1572/1572
f 1564/1564/1564 1565/1565/1565 1574/1574/1574
f 1564/1564/1564 1574/1574/1574 1573/1573/1573
f 1565/1565/1565 1566/1566/1566 1575/1575/1575
f 1565/1565/1565 1575/1575/1575 1574/1574/1574
f 1567/1567/1567 1568/1568/1568 1577/1577/1577
f 1567/1567/1567 1577/1577/1577 1576/1576/1576
f 1568/1568/1568 1569/1569/1569 1578/1578/1578
f 1568/1568/1568 1578/1578/1578 1577/1577/1577
f 1569/1569/1569 1570/1570/1570 1579/1579/1579
f 1569/1569/1569 1579/1579/1579 1578/1578/1578
f 1570/1570/1570 1571/1571/1571 1580/1580/1580
f 1570/1570/1570 1580/1580/1580 1579/1579/1579
f 1571/1571/1571 1572/1572/1572 1581/1581/1581
f 1571/1571/1571 1581/1581/1581 1580/1580/1580
f 1572/1572/1572 1573/1573/1573 1582/1582/1582
f 1572/1572/1572 1582/1582/1582 1581/1581/1581
f 1573/1573/1573 1574/1574/1574 1583/1583/1583
f 1573/1573/1573 1583/1583/1583 1582/1582/1582
f 1574/1574/1574 1575/1575/1575 1584/1584/1584
f 1574/1574/1574 1584/1584/1584 1583/1583/1583
f 1576/1576/1576 1577/1577/1577 1586/1586/1586
f 1576/1576/1576 1586/1586/1586 1585/1585/1585
f 1577/1577/1577 1578/1578/1578 1587/1587/1587
f 1577/1577/1577 1587/1587/1587 1586/1586/1586
f 1578/1578/1578 1579/1579/1579 1588/1588/1588
f 1578/1578/1578 1588/1588/1588 1587/1587/1587
f 1579/1579/1579 1580/1580/1580 1589/1589/1589
f 1579/1579/1579 1589/1589/1589 1588/1588/1588
f 1580/1580/1580 1581/1581/1581 1590/1590/1590
f 1580/1580/1580 1590/1590/1590 1589/1589/1589
f 1581/1581/1581 1582/1582/1582 1591/1591/1591
f 1581/1581/1581 1591/1591/1591 1590/1590/1590
f 1582/1582/1582 1583/1583/1583 1592/1592/1592
f 1582/1582/1582 1592/1592/1592 1591/1591/1591
f 1583/1583/1583 1584/1584/1584 1593/1593/1593
f 1583/1583/1583 1593/1593/1593 1592/1592/1592
f 1594/1594/1594 1550/1550/1550 1549/1549/1549
f 1594/1594/1594 1551/1551/1551 1550/1550/1550
f 1594/1594/1594 1552/1552/1552 1551/1551/1551
f 1594/1594/1594 1553/1553/1553 1552/1552/1552
f 1594/1594/1594 1554/1554/1554 1553/1553/1553
f 1594/1594/1594 1555/1555/1555 1554/1554/1554
f 1594/1594/1594 1556/1556/1556 1555/1555/1555
f 1594/1594/1594 1557/1557/1557 1556/1556/1556
f 1595/1595/1595 1585/1585/1585 1586/1586/1586
f 1595/1595/1595 1586/1586/1586 1587/1587/1587
f 1595/1595/1595 1587/1587/1587 1588/1588/1588
f 1595/1595/1595 1588/1588/1588 1589/1589/1589
f 1595/1595/1595 1589/1589/1589 1590/1590/1590
f 1595/1595/1595 1590/1590/1590 1591/1591/1591
f 1595/1595/1595 1591/1591/1591 1592/1592/1592
f 1595/1595/1595 1592/1592/1592 1593/1593/1593
o Finger_-1_3
v 6.682397 26.157364 4.713685
v 6.574647 26.123970 4.979004
v 6.314514 26.043349 5.088903
v 6.054382 25.962729 4.979004
v 5.946631 25.929335 4.713685
v 6.054382 25.962729 4.448365
v 6.314514 26.043349 4.338466
v 6.574647 26.123970 4.448365
v 6.682397 26.157364 4.713685
v 7.052324 25.418676 4.713685
v 6.950932 25.391965 4.958276
v 6.706148 25.327481 5.059590
v 6.461364 25.262997 4.958276
v 6.359971 25.236287 4.713685
v 6.461364 25.262997 4.469093
v 6.706148 25.327481 4.367780
v 6.950932 25.391965 4.469093
v 7.052324 25.418676 4.713685
v 7.329031 24.546109 4.713685
v 7.235809 24.546109 4.925941
v 7.010751 24.546109 5.013860
v 6.785694 24.546109 4.925941
v 6.692472 24.546109 4.713685
v 6.785694 24.546109 4.501429
v 7.010751 24.546109 4.413510
v 7.235809 24.546109 4.501429
v 7.329031 24.546109 4.713685
v 6.878457 24.060822 4.713685
v 6.827989 24.098808 4.876193
v 6.706148 24.190514 4.943506
v 6.584306 24.282220 4.876193
v 6.533838 24.320206 4.713685
v 6.584306 24.282220 4.551176
v 6.706148 24.190514 4.483863
v 6.827989 24.098808 4.551176
v 6.878457 24.060822 4.713685
v 6.403339 23.905077 4.713685
v 6.377323 23.939345 4.833079
v 6.314514 24.022074 4.882533
v 6.251706 24.104804 4.833079
v 6.225689 24.139072 4.713685
v 6.251706 24.104804 4.594291
v 6.314514 24.022074 4.544836
v 6.377323 23.939345 4.594291
v 6.403339 23.905077 4.713685
v 6.314514 26.043349 4.713685
v 6.314514 24.022074 4.713685
vt 0.0078125 0.9921875
vt 0.0078125 0.9160156
vt 0.0078125 0.8398438
vt 0.0078125 0.7636719
vt 0.0078125 0.6875000
vt 0.0078125 0.6113281
vt 0.0078125 0.5351562
vt 0.0078125 0.4589844
vt 0.0078125 0.3828125
vt 0.2539062 0.9921875
vt 0.2539062 0.9160156
vt 0.2539062 0.8398438
vt 0.2539062 0.7636719
vt 0.2539062 0.6875000
vt 0.2539062 0.6113281
vt 0.2539062 0.5351562
vt 0.2539062 0.4589844
vt 0.2539062 0.3828125
vt 0.5000000 0.9921875
vt 0.5000000 0.9160156
vt 0.5000000 0.8398438
vt 0.5000000 0.7636719
vt 0.5000000 0.6875000
vt 0.5000000 0.6113281
vt 0.5000000 0.5351562
vt 0.5000000 0.4589844
vt 0.5000000 0.3828125
vt 0.7460938 0.9921875
vt 0.7460938 0.9160156
vt 0.7460938 0.8398438
vt 0.7460938 0.7636719
vt 0.7460938 0.6875000
vt 0.7460938 0.6113281
vt 0.7460938 0.5351562
vt 0.7460938 0.4589844
vt 0.7460938 0.3828125
vt 0.9921875 0.9921875
vt 0.9921875 0.9160156
vt 0.9921875 0.8398438
vt 0.9921875 0.7636719
vt 0.9921875 0.6875000
vt 0.9921875 0.6113281
vt 0.9921875 0.5351562
vt 0.9921875 0.4589844
vt 0.9921875 0.3828125
vt 0.0078125 0.6875000
vt 0.9921875 0.6875000
vn 0.7227031 0.6808081 0.1191665
vn 0.4208105 0.5225445 0.7415293
vn -0.1901538 0.2027864 0.9605827
vn -0.7819412 -0.1056282 0.6143376
vn -0.9700185 -0.2037164 -0.1325287
vn -0.6129407 -0.0187531 -0.7899063
vn 0.0292691 0.3160907 -0.9482774
vn 0.5667755 0.5982483 -0.5664491
vn 0.7227031 0.6808081 0.1191665
vn 0.9266830 0.3757101 -0.0100325
vn 0.6581184 0.2623120 0.7057426
vn 0.0238580 -0.0303287 0.9992552
vn -0.6071659 -0.3366729 0.7197228
vn -0.8799302 -0.4747136 0.0192321
vn -0.6248994 -0.3541206 -0.6957725
vn 0.0071682 -0.0561715 -0.9983954
vn 0.6498301 0.2422143 -0.7204534
vn 0.9266830 0.3757101 -0.0100325
vn 0.9939914 -0.0885818 -0.0642996
vn 0.7302217 -0.0288104 0.6826026
vn 0.0827635 -0.0301051 0.9961144
vn -0.5977591 -0.1163800 0.7931833
vn -0.9745453 -0.2022336 0.0967625
vn -0.7162824 -0.1921650 -0.6708295
vn -0.0554670 -0.1559778 -0.9862020
vn 0.6315023 -0.1340690 -0.7636952
vn 0.9939914 -0.0885818 -0.0642996
vn 0.5826542 -0.8117281 -0.0401445
vn 0.4606143 -0.6546396 0.5994009
vn 0.0072446 -0.1632402 0.9865598
vn -0.5029103 0.4669477 0.7273521
vn -0.6782413 0.7343205 0.0276069
vn -0.5563978 0.4963676 -0.6663638
vn -0.1167286 -0.1371557 -0.9836477
vn 0.3702774 -0.6530625 -0.6606088
vn 0.5826542 -0.8117281 -0.0401445
vn 0.1565173 -0.9806632 -0.1174822
vn 0.0953300 -0.8830553 0.4594840
vn -0.1913767 -0.3947985 0.8986151
vn -0.5481526 0.3435197 0.7625765
vn -0.6906194 0.7081923 0.1466574
vn -0.6400546 0.5626015 -0.5232682
vn -0.3626356 -0.0789150 -0.9285838
vn -0.0016962 -0.7381129 -0.6746751
vn 0.1565173 -0.9806632 -0.1174822
vn -0.2960303 0.9551785 -0.0000000
vn -0.7964669 -0.6046821 0.0000000
s 1
f 1596/1596/1596 1597/1597/1597 1606/1606/1606
f 1596/1596/1596 1606/1606/1606 1605/1605/1605
f 1597/1597/1597 1598/1598/1598 1607/1607/1607
f 1597/1597/1597 1607/1607/1607 1606/1606/1606
f 1598/1598/1598 1599/1599/1599 1608/1608/1608
f 1598/1598/1598 1608/1608/1608 1607/1607/1607
f 1599/1599/1599 1600/1600/1600 1609/1609/1609
f 1599/1599/1599 1609/1609/1609 1608/1608/1608
f 1600/1600/1600 1601/1601/1601 1610/1610/1610
f 1600/1600/1600 1610/1610/1610 1609/1609/1609
f 1601/1601/1601 1602/1602/1602 1611/1611/1611
f 1601/1601/1601 1611/1611/1611 1610/1610/1610
f 1602/1602/1602 1603/1603/1603 1612/1612/1612
f 1602/1602/1602 1612/1612/1612 1611/1611/1611
f 1603/1603/1603 1604/1604/1604 1613/1613/1613
f 1603/1603/1603 1613/1613/1613 1612/1612/1612
f 1605/1605/1605 1606/1606/1606 1615/1615/1615
f 1605/1605/1605 1615/1615/1615 1614/1614/1614
f 1606/1606/1606 1607/1607/1607 1616/1616/1616
f 1606/1606/1606 1616/1616/1616 1615/1615/1615
f 1607/1607/1607 1608/1608/1608 1617/1617/1617
f 1607/1607/1607 1617/1617/1617 1616/1616/1616
f 1608/1608/1608 1609/1609/1609 1618/1618/1618
f 1608/1608/1608 1618/1618/1618 1617/1617/1617
f 1609/1609/1609 1610/1610/1610 1619/1619/1619
f 1609/1609/1609 1619/1619/1619 1618/1618/1618
f 1610/1610/1610 1611/1611/1611 1620/1620/1620
f 1610/1610/1610 1620/1620/1620 1619/1619/1619
f 1611/1611/1611 1612/1612/1612 1621/1621/1621
f 1611/1611/1611 1621/1621/1621 1620/1620/1620
f 1612/1612/1612 1613/1613/1613 1622/1622/1622
f 1612/1612/1612 1622/1622/1622 1621/1621/1621
f 1614/1614/1614 1615/1615/1615 1624/1624/1624
f 1614/1614/1614 1624/1624/1624 1623/1623/1623
f 1615/1615/1615 1616/1616/1616 1625/1625/1625
f 1615/1615/1615 1625/1625/1625 1624/1624/1624
f 1616/1616/1616 1617/1617/1617 1626/1626/1626
f 1616/1616/1616 1626/1626/1626 1625/1625/1625
f 1617/1617/1617 1618/1618/1618 1627/1627/1627
f 1617/1617/1617 1627/1627/1627 1626/1626/1626
f 1618/1618/1618 1619/1619/1619 1628/1628/1628
f 1618/1618/1618 1628/1628/1628 1627/1627/1627
f 1619/1619/1619 1620/1620/1620 1629/1629/1629
f 1619/1619/1619 1629/1629/1629 1628/1628/1628
f 1620/1620/1620 1621/1621/1621 1630/1630/1630
f 1620/1620/1620 1630/1630/1630 1629/1629/1629
f 1621/1621/1621 1622/1622/1622 1631/1631/1631
f 1621/1621/1621 1631/1631/1631 1630/1630/1630
f 1623/1623/1623 1624/1624/1624 1633/1633/1633
f 1623/1623/1623 1633/1633/1633 1632/1632/1632
f 1624/1624/1624 1625/1625/1625 1634/1634/1634
f 1624/1624/1624 1634/1634/1634 1633/1633/1633
f 1625/1625/1625 1626/1626/1626 1635/1635/1635
f 1625/1625/1625 1635/1635/1635 1634/1634/1634
f 1626/1626/1626 1627/1627/1627 1636/1636/1636
f 1626/1626/1626 1636/1636/1636 1635/1635/1635
f 1627/1627/1627 1628/1628/1628 1637/1637/1637
f 1627/1627/1627 1637/1637/1637 1636/1636/1636
f 1628/1628/1628 1629/1629/1629 1638/1638/1638
f 1628/1628/1628 1638/1638/1638 1637/1637/1637
f 1629/1629/1629 1630/1630/1630 1639/1639/1639
f 1629/1629/1629 1639/1639/1639 1638/1638/1638
f 1630/1630/1630 1631/1631/1631 1640/1640/1640
f 1630/1630/1630 1640/1640/1640 1639/1639/1639
f 1641/1641/1641 1597/1597/1597 1596/1596/1596
f 1641/1641/1641 1598/1598/1598 1597/1597/1597
f 1641/1641/1641 1599/1599/1599 1598/1598/1598
f 1641/1641/1641 1600/1600/1600 1599/1599/1599
f 1641/1641/1641 1601/1601/1601 1600/1600/1600
f 1641/1641/1641 1602/1602/1602 1601/1601/1601
f 1641/1641/1641 1603/1603/1603 1602/1602/1602
f 1641/1641/1641 1604/1604/1604 1603/1603/1603
f 1642/1642/1642 1632/1632/1632 1633/1633/1633
f 1642/1642/1642 1633/1633/1633 1634/1634/1634
f 1642/1642/1642 1634/1634/1634 1635/1635/1635
f 1642/1642/1642 1635/1635/1635 1636/1636/1636
f 1642/1642/1642 1636/1636/1636 1637/1637/1637
f 1642/1642/1642 1637/1637/1637 1638/1638/1638
f 1642/1642/1642 1638/1638/1638 1639/1639/1639
f 1642/1642/1642 1639/1639/1639 1640/1640/1640
o Thumb_-1
v 5.889827 26.267935 7.068314
v 5.780923 25.999555 6.888635
v 5.809798 25.888389 6.520153
v 5.959538 25.999555 6.178718
v 6.142427 26.267935 6.064340
v 6.251331 26.536315 6.244019
v 6.222456 26.647482 6.612502
v 6.072716 26.536315 6.953936
v 5.889827 26.267935 7.068314
v 6.677107 26.015312 7.182294
v 6.557720 25.785406 7.018489
v 6.550769 25.698377 6.685975
v 6.660328 25.805206 6.379535
v 6.822217 26.043313 6.278676
v 6.941605 26.273219 6.442482
v 6.948556 26.360248 6.774996
v 6.838997 26.253420 7.081436
v 6.677107 26.015312 7.182294
v 7.615956 25.636166 7.088915
v 7.409971 25.503653 6.957911
v 7.261447 25.511875 6.707422
v 7.257388 25.656014 6.484179
v 7.400171 25.851637 6.418957
v 7.606156 25.984150 6.549961
v 7.754680 25.975928 6.800451
v 7.758739 25.831788 7.023693
v 7.615956 25.636166 7.088915
v 7.838682 25.354251 6.313134
v 7.621362 25.327539 6.292920
v 7.450560 25.415908 6.219936
v 7.426328 25.567592 6.136933
v 7.562862 25.693737 6.092534
v 7.780182 25.720449 6.112747
v 7.950984 25.632080 6.185732
v 7.975216 25.480396 6.268735
v 7.838682 25.354251 6.313134
v 7.802956 25.245525 5.681552
v 7.651646 25.233170 5.685309
v 7.532754 25.300728 5.655660
v 7.515927 25.408626 5.609971
v 7.611021 25.493657 5.575008
v 7.762331 25.506012 5.571251
v 7.881223 25.438454 5.600901
v 7.898050 25.330556 5.646589
v 7.802956 25.245525 5.681552
v 6.016127 26.267935 6.566327
v 7.706988 25.369591 5.628280
vt 0.0078125 0.9921875
vt 0.0078125 0.9160156
vt 0.0078125 0.8398438
vt 0.0078125 0.7636719
vt 0.0078125 0.6875000
vt 0.0078125 0.6113281
vt 0.0078125 0.5351562
vt 0.0078125 0.4589844
vt 0.0078125 0.3828125
vt 0.2539062 0.9921875
vt 0.2539062 0.9160156
vt 0.2539062 0.8398438
vt 0.2539062 0.7636719
vt 0.2539062 0.6875000
vt 0.2539062 0.6113281
vt 0.2539062 0.5351562
vt 0.2539062 0.4589844
vt 0.2539062 0.3828125
vt 0.5000000 0.9921875
vt 0.5000000 0.9160156
vt 0.5000000 0.8398438
vt 0.5000000 0.7636719
vt 0.5000000 0.6875000
vt 0.5000000 0.6113281
vt 0.5000000 0.5351562
vt 0.5000000 0.4589844
vt 0.5000000 0.3828125
vt 0.7460938 0.9921875
vt 0.7460938 0.9160156
vt 0.7460938 0.8398438
vt 0.7460938 0.7636719
vt 0.7460938 0.6875000
vt 0.7460938 0.6113281
vt 0.7460938 0.5351562
vt 0.7460938 0.4589844
vt 0.7460938 0.3828125
vt 0.9921875 0.9921875
vt 0.9921875 0.9160156
vt 0.9921875 0.8398438
vt 0.9921875 0.7636719
vt 0.9921875 0.6875000
vt 0.9921875 0.6113281
vt 0.9921875 0.5351562
vt 0.9921875 0.4589844
vt 0.9921875 0.3828125
vt 0.0078125 0.6875000
vt 0.9921875 0.6875000
vn -0.5454636 0.0328721 0.8374896
vn -0.6545720 -0.6446229 0.3949642
vn -0.5523876 -0.7961330 -0.2470631
vn -0.3473708 -0.4588445 -0.8177990
vn -0.0702324 0.3111141 -0.9477739
vn 0.0689698 0.8744289 -0.4802262
vn 0.0079079 0.9948421 0.1011267
vn -0.2201822 0.7444534 0.6303245
vn -0.5454636 0.0328721 0.8374896
vn -0.0564101 -0.0816523 0.9950632
vn -0.2711238 -0.7660614 0.5827880
vn -0.2462274 -0.9678511 -0.0513458
vn -0.0534271 -0.7659494 -0.6406770
vn 0.2476825 -0.0651069 -0.9666512
vn 0.4261281 0.7020112 -0.5706094
vn 0.4021181 0.9101029 0.1000684
vn 0.2446539 0.6503479 0.7191607
vn -0.0564101 -0.0816523 0.9950632
vn 0.2868569 -0.4088110 0.8663641
vn -0.1603016 -0.8462772 0.5080534
vn -0.4019664 -0.9144448 -0.0470498
vn -0.4078952 -0.5942871 -0.6931409
vn -0.0567188 0.2215627 -0.9734952
vn 0.3620282 0.7334591 -0.5753028
vn 0.6398932 0.7684427 0.0057098
vn 0.6802561 0.3462598 0.6460308
vn 0.2868569 -0.4088110 0.8663641
vn 0.4822347 -0.8123921 0.3278243
vn -0.0990702 -0.9676555 0.2320083
vn -0.6956309 -0.7183095 -0.0113650
vn -0.9302101 0.1529291 -0.3336494
vn -0.4169971 0.7890099 -0.4511949
vn 0.2054407 0.8862997 -0.4150505
vn 0.7980915 0.5716270 -0.1905060
vn 0.9583731 -0.2174876 0.1849868
vn 0.4822347 -0.8123921 0.3278243
vn 0.4995144 -0.8660878 -0.0194240
vn -0.0655873 -0.9976334 0.0206355
vn -0.6296122 -0.7711105 -0.0947474
vn -0.9349710 -0.0148373 -0.3544137
vn -0.5165804 0.6955579 -0.4993435
vn 0.0920484 0.8567381 -0.5074711
vn 0.6922097 0.5674991 -0.4458592
vn 0.9399656 -0.2510673 -0.2311491
vn 0.4995144 -0.8660878 -0.0194240
vn -0.8472622 0.4865231 -0.2131712
vn 0.0088663 -0.3887361 -0.9213065
s 1
f 1643/1643/1643 1644/1644/1644 1653/1653/1653
f 1643/1643/1643 1653/1653/1653 1652/1652/1652
f 1644/1644/1644 1645/1645/1645 1654/1654/1654
f 1644/1644/1644 1654/1654/1654 1653/1653/1653
f 1645/1645/1645 1646/1646/1646 1655/1655/1655
f 1645/1645/1645 1655/1655/1655 1654/1654/1654
f 1646/1646/1646 1647/1647/1647 1656/1656/1656
f 1646/1646/1646 1656/1656/1656 1655/1655/1655
f 1647/1647/1647 1648/1648/1648 1657/1657/1657
f 1647/1647/1647 1657/1657/1657 1656/1656/1656
f 1648/1648/1648 1649/1649/1649 1658/1658/1658
f 1648/1648/1648 1658/1658/1658 1657/1657/1657
f 1649/1649/1649 1650/1650/1650 1659/1659/1659
f 1649/1649/1649 1659/1659/1659 1658/1658/1658
f 1650/1650/1650 1651/1651/1651 1660/1660/1660
f 1650/1650/1650 1660/1660/1660 1659/1659/1659
f 1652/1652/1652 1653/1653/1653 1662/1662/1662
f 1652/1652/1652 1662/1662/1662 1661/1661/1661
f 1653/1653/1653 1654/1654/1654 1663/1663/1663
f 1653/1653/1653 1663/1663/1663 1662/1662/1662
f 1654/1654/1654 1655/1655/1655 1664/1664/1664
f 1654/1654/1654 1664/1664/1664 1663/1663/1663
f 1655/1655/1655 1656/1656/1656 1665/1665/1665
f 1655/1655/1655 1665/1665/1665 1664/1664/1664
f 1656/1656/1656 1657/1657/1657 1666/1666/1666
f 1656/1656/1656 1666/1666/1666 1665/1665/1665
f 1657/1657/1657 1658/1658/1658 1667/1667/1667
f 1657/1657/1657 1667/1667/1667 1666/1666/1666
f 1658/1658/1658 1659/1659/1659 1668/1668/1668
f 1658/1658/1658 1668/1668/1668 1667/1667/1667
f 1659/1659/1659 1660/1660/1660 1669/1669/1669
f 1659/1659/1659 1669/1669/1669 1668/1668/1668
f 1661/1661/1661 1662/1662/1662 1671/1671/1671
f 1661/1661/1661 1671/1671/1671 1670/1670/1670
f 1662/1662/1662 1663/1663/1663 1672/1672/1672
f 1662/1662/1662 1672/1672/1672 1671/1671/1671
f 1663/1663/1663 1664/1664/1664 1673/1673/1673
f 1663/1663/1663 1673/1673/1673 1672/1672/1672
f 1664/1664/1664 1665/1665/1665 1674/1674/1674
f 1664/1664/1664 1674/1674/1674 1673/1673/1673
f 1665/1665/1665 1666/1666/1666 1675/1675/1675
f 1665/1665/1665 1675/1675/1675 1674/1674/1674
f 1666/1666/1666 1667/1667/1667 1676/1676/1676
f 1666/1666/1666 1676/1676/1676 1675/1675/1675
f 1667/1667/1667 1668/1668/1668 1677/1677/1677
f 1667/1667/1667 1677/1677/1677 1676/1676/1676
f 1668/1668/1668 1669/1669/1669 1678/1678/1678
f 1668/1668/1668 1678/1678/1678 1677/1677/1677
f 1670/1670/1670 1671/1671/1671 1680/1680/1680
f 1670/1670/1670 1680/1680/1680 1679/1679/1679
f 1671/1671/1671 1672/1672/1672 1681/1681/1681
f 1671/1671/1671 1681/1681/1681 1680/1680/1680
f 1672/1672/1672 1673/1673/1673 1682/1682/1682
f 1672/1672/1672 1682/1682/1682 1681/1681/1681
f 1673/1673/1673 1674/1674/1674 1683/1683/1683
f 1673/1673/1673 1683/1683/1683 1682/1682/1682
f 1674/1674/1674 1675/1675/1675 1684/1684/1684
f 1674/1674/1674 1684/1684/1684 1683/1683/1683
f 1675/1675/1675 1676/1676/1676 1685/1685/1685
f 1675/1675/1675 1685/1685/1685 1684/1684/1684
f 1676/1676/1676 1677/1677/1677 1686/1686/1686
f 1676/1676/1676 1686/1686/1686 1685/1685/1685
f 1677/1677/1677 1678/1678/1678 1687/1687/1687
f 1677/1677/1677 1687/1687/1687 1686/1686/1686
f 1688/1688/1688 1644/1644/1644 1643/1643/1643
f 1688/1688/1688 1645/1645/1645 1644/1644/1644
f 1688/1688/1688 1646/1646/1646 1645/1645/1645
f 1688/1688/1688 1647/1647/1647 1646/1646/1646
f 1688/1688/1688 1648/1648/1648 1647/1647/1647
f 1688/1688/1688 1649/1649/1649 1648/1648/1648
f 1688/1688/1688 1650/1650/1650 1649/1649/1649
f 1688/1688/1688 1651/1651/1651 1650/1650/1650
f 1689/1689/1689 1679/1679/1679 1680/1680/1680
f 1689/1689/1689 1680/1680/1680 1681/1681/1681
f 1689/1689/1689 1681/1681/1681 1682/1682/1682
f 1689/1689/1689 1682/1682/1682 1683/1683/1683
f 1689/1689/1689 1683/1683/1683 1684/1684/1684
f 1689/1689/1689 1684/1684/1684 1685/1685/1685
f 1689/1689/1689 1685/1685/1685 1686/1686/1686
f 1689/1689/1689 1686/1686/1686 1687/1687/1687
o Leg_1
v 3.498450 22.000800 -1.047471
v 2.963445 21.778921 -0.982547
v 2.454723 21.641792 -1.258928
v 2.166598 21.641792 -1.771045
v 2.209124 21.778921 -2.323287
v 2.566058 22.000800 -2.704716
v 3.101063 22.222678 -2.769639
v 3.609785 22.359807 -2.493259
v 3.897910 22.359807 -1.981142
v 3.855384 22.222678 -1.428900
v 3.498450 22.000800 -1.047471
v 3.855618 21.444526 -1.280964
v 3.348538 21.233595 -1.219557
v 2.866083 21.103484 -1.481705
v 2.592535 21.103890 -1.967276
v 2.632380 21.234658 -2.490798
v 2.970399 21.445840 -2.852304
v 3.477480 21.656770 -2.913711
v 3.959935 21.786882 -2.651563
v 4.233482 21.786476 -2.165992
v 4.193637 21.655707 -1.642470
v 3.855618 21.444526 -1.280964
v 4.371130 20.646161 -1.619326
v 3.901864 20.453687 -1.561943
v 3.456605 20.333877 -1.803706
v 3.205426 20.332495 -2.252270
v 3.244270 20.450069 -2.736298
v 3.558298 20.641689 -3.070908
v 4.027564 20.834164 -3.128291
v 4.472824 20.953974 -2.886528
v 4.724002 20.955356 -2.437964
v 4.685159 20.837782 -1.953936
v 4.371130 20.646161 -1.619326
v 4.907765 19.784266 -1.966179
v 4.479811 19.617943 -1.912060
v 4.077712 19.510648 -2.129725
v 3.855058 19.503366 -2.536033
v 3.896893 19.598879 -2.975788
v 4.187239 19.760702 -3.281020
v 4.615193 19.927026 -3.335139
v 5.017292 20.034320 -3.117474
v 5.239946 20.041602 -2.711166
v 5.198111 19.946090 -2.271411
v 4.907765 19.784266 -1.966179
v 5.329054 19.038521 -2.226428
v 4.939789 18.906982 -2.174035
v 4.581735 18.813386 -2.366141
v 4.391657 18.793483 -2.729367
v 4.442160 18.854876 -3.124973
v 4.713951 18.974115 -3.401852
v 5.103217 19.105654 -3.454245
v 5.461270 19.199251 -3.262140
v 5.651348 19.219153 -2.898914
v 5.600846 19.157760 -2.503307
v 5.329054 19.038521 -2.226428
v 5.614350 18.392674 -2.376245
v 5.272260 18.299353 -2.328394
v 4.964984 18.221397 -2.491274
v 4.809891 18.188582 -2.802672
v 4.866222 18.213442 -3.143643
v 5.112460 18.286483 -3.383948
v 5.454550 18.379804 -3.431799
v 5.761825 18.457760 -3.268919
v 5.916918 18.490575 -2.957521
v 5.860587 18.465714 -2.616550
v 5.614350 18.392674 -2.376245
v 5.839864 17.752203 -2.467240
v 5.560011 17.687034 -2.428343
v 5.311912 17.625379 -2.559201
v 5.190331 17.590787 -2.809832
v 5.241710 17.596472 -3.084501
v 5.446422 17.640262 -3.278296
v 5.726275 17.705431 -3.317193
v 5.974374 17.767086 -3.186335
v 6.095954 17.801678 -2.935705
v 6.044576 17.795993 -2.661035
v 5.839864 17.752203 -2.467240
v 6.012384 17.193287 -2.520971
v 5.793752 17.145122 -2.490823
v 5.600698 17.097471 -2.592569
v 5.506962 17.068533 -2.787346
v 5.548349 17.069363 -3.000755
v 5.709049 17.099642 -3.151281
v 5.927682 17.147806 -3.181428
v 6.120736 17.195458 -3.079682
v 6.214472 17.224396 -2.884905
v 6.173085 17.223566 -2.671497
v 6.012384 17.193287 -2.520971
v 6.137950 16.797409 -2.561456
v 5.962858 16.758351 -2.537259
v 5.808112 16.720098 -2.618822
v 5.732822 16.697261 -2.774990
v 5.765744 16.698562 -2.946112
v 5.894304 16.723505 -3.066825
v 6.069396 16.762563 -3.091021
v 6.224142 16.800816 -3.009458
v 6.299432 16.823653 -2.853290
v 6.266510 16.822352 -2.682169
v 6.137950 16.797409 -2.561456
v 3.032254 22.000800 -1.876093
v 6.016127 16.760457 -2.814140
vt 0.0078125 0.9921875
vt 0.0078125 0.9312500
vt 0.0078125 0.8703125
vt 0.0078125 0.8093750
vt 0.0078125 0.7484375
vt 0.0078125 0.6875000
vt 0.0078125 0.6265625
vt 0.0078125 0.5656250
vt 0.0078125 0.5046875
vt 0.0078125 0.4437500
vt 0.0078125 0.3828125
vt 0.1308594 0.9921875
vt 0.1308594 0.9312500
vt 0.1308594 0.8703125
vt 0.1308594 0.8093750
vt 0.1308594 0.7484375
vt 0.1308594 0.6875000
vt 0.1308594 0.6265625
vt 0.1308594 0.5656250
vt 0.1308594 0.5046875
vt 0.1308594 0.4437500
vt 0.1308594 0.3828125
vt 0.2539062 0.9921875
vt 0.2539062 0.9312500
vt 0.2539062 0.8703125
vt 0.2539062 0.8093750
vt 0.2539062 0.7484375
vt 0.2539062 0.6875000
vt 0.2539062 0.6265625
vt 0.2539062 0.5656250
vt 0.2539062 0.5046875
vt 0.2539062 0.4437500
vt 0.2539062 0.3828125
vt 0.3769531 0.9921875
vt 0.3769531 0.9312500
vt 0.3769531 0.8703125
vt 0.3769531 0.8093750
vt 0.3769531 0.7484375
vt 0.3769531 0.6875000
vt 0.3769531 0.6265625
vt 0.3769531 0.5656250
vt 0.3769531 0.5046875
vt 0.3769531 0.4437500
vt 0.3769531 0.3828125
vt 0.5000000 0.9921875
vt 0.5000000 0.9312500
vt 0.5000000 0.8703125
vt 0.5000000 0.8093750
vt 0.5000000 0.7484375
vt 0.5000000 0.6875000
vt 0.5000000 0.6265625
vt 0.5000000 0.5656250
vt 0.5000000 0.5046875
vt 0.5000000 0.4437500
vt 0.5000000 0.3828125
vt 0.6230469 0.9921875
vt 0.6230469 0.9312500
vt 0.6230469 0.8703125
vt 0.6230469 0.8093750
vt 0.6230469 0.7484375
vt 0.6230469 0.6875000
vt 0.6230469 0.6265625
vt 0.6230469 0.5656250
vt 0.6230469 0.5046875
vt 0.6230469 0.4437500
vt 0.6230469 0.3828125
vt 0.7460938 0.9921875
vt 0.7460938 0.9312500
vt 0.7460938 0.8703125
vt 0.7460938 0.8093750
vt 0.7460938 0.7484375
vt 0.7460938 0.6875000
vt 0.7460938 0.6265625
vt 0.7460938 0.5656250
vt 0.7460938 0.5046875
vt 0.7460938 0.4437500
vt 0.7460938 0.3828125
vt 0.8691406 0.9921875
vt 0.8691406 0.9312500
vt 0.8691406 0.8703125
vt 0.8691406 0.8093750
vt 0.8691406 0.7484375
vt 0.8691406 0.6875000
vt 0.8691406 0.6265625
vt 0.8691406 0.5656250
vt 0.8691406 0.5046875
vt 0.8691406 0.4437500
vt 0.8691406 0.3828125
vt 0.9921875 0.9921875
vt 0.9921875 0.9312500
vt 0.9921875 0.8703125
vt 0.9921875 0.8093750
vt 0.9921875 0.7484375
vt 0.9921875 0.6875000
vt 0.9921875 0.6265625
vt 0.9921875 0.5656250
vt 0.9921875 0.5046875
vt 0.9921875 0.4437500
vt 0.9921875 0.3828125
vt 0.0078125 0.6875000
vt 0.9921875 0.6875000
vn 0.0463290 0.5488498 0.8346361
vn -0.3672039 0.2901612 0.8837238
vn -0.7656721 0.1383245 0.6281820
vn -0.9720551 0.1760376 0.1553053
vn -0.8640859 0.3866989 -0.3222104
vn -0.5086590 0.6465359 -0.5685573
vn -0.1066513 0.8431429 -0.5270062
vn 0.2049423 0.9398622 -0.2732354
vn 0.3614298 0.9259928 0.1091137
vn 0.3144274 0.7899461 0.5264225
vn 0.0463290 0.5488498 0.8346361
vn 0.4636920 -0.0742545 0.8828794
vn -0.0476917 -0.4283501 0.9023534
vn -0.4976977 -0.6295886 0.5965863
vn -0.7659100 -0.6376531 0.0823436
vn -0.7513511 -0.4291346 -0.5013132
vn -0.4117515 -0.0552880 -0.9096175
vn 0.0983235 0.3099136 -0.9456670
vn 0.5612065 0.5236684 -0.6409514
vn 0.8401605 0.5305108 -0.1126437
vn 0.8195464 0.3073283 0.4836249
vn 0.4636920 -0.0742545 0.8828794
vn 0.4764753 -0.0588945 0.8772130
vn -0.0349794 -0.4140190 0.9095959
vn -0.4894688 -0.6216514 0.6115308
vn -0.7629903 -0.6386204 0.1000493
vn -0.7548171 -0.4409457 -0.4856111
vn -0.4214777 -0.0754338 -0.9036959
vn 0.0879048 0.2899004 -0.9530113
vn 0.5550246 0.5103123 -0.6569087
vn 0.8396360 0.5269409 -0.1316994
vn 0.8260886 0.3151377 0.4671893
vn 0.4764753 -0.0588945 0.8772130
vn 0.4834743 -0.0391423 0.8744830
vn -0.0315180 -0.3853372 0.9222374
vn -0.4921792 -0.5991886 0.6314528
vn -0.7669281 -0.6307948 0.1179797
vn -0.7547529 -0.4553738 -0.4722105
vn -0.4197884 -0.1147516 -0.9003387
vn 0.0925512 0.2397651 -0.9664093
vn 0.5663585 0.4669030 -0.6791463
vn 0.8527343 0.4998969 -0.1514838
vn 0.8351479 0.3113490 0.4534201
vn 0.4834743 -0.0391423 0.8744830
vn 0.4761410 -0.0106358 0.8793047
vn -0.0500077 -0.3268933 0.9437372
vn -0.5193576 -0.5458875 0.6574759
vn -0.7851622 -0.6047897 0.1332280
vn -0.7481414 -0.4755267 -0.4627729
vn -0.3980110 -0.1923293 -0.8969931
vn 0.1227155 0.1284445 -0.9840950
vn 0.6079198 0.3612531 -0.7070571
vn 0.8895659 0.4250036 -0.1674646
vn 0.8469239 0.2846616 0.4490965
vn 0.4761410 -0.0106358 0.8793047
vn 0.4588356 0.0212153 0.8882678
vn -0.0833590 -0.2436687 0.9662696
vn -0.5635499 -0.4620519 0.6847770
vn -0.8160157 -0.5587534 0.1480303
vn -0.7435566 -0.4937665 -0.4509082
vn -0.3709238 -0.2893692 -0.8824290
vn 0.1598769 -0.0245653 -0.9868313
vn 0.6589263 0.2037250 -0.7240941
vn 0.9357422 0.3072383 -0.1731798
vn 0.8587912 0.2361508 0.4546543
vn 0.4588356 0.0212153 0.8882678
vn 0.4559025 0.0468271 0.8887970
vn -0.0935439 -0.1802680 0.9791593
vn -0.5832684 -0.3966643 0.7088409
vn -0.8357023 -0.5220276 0.1705545
vn -0.7491773 -0.5041811 -0.4295752
vn -0.3663474 -0.3546636 -0.8602344
vn 0.1693075 -0.1324718 -0.9766198
vn 0.6786156 0.0873954 -0.7292757
vn 0.9588695 0.2204708 -0.1787788
vn 0.8681267 0.2033579 0.4527711
vn 0.4559025 0.0468271 0.8887970
vn 0.4599748 0.0560268 0.8861626
vn -0.0910141 -0.1547018 0.9837600
vn -0.5858358 -0.3682801 0.7219184
vn -0.8432252 -0.5042855 0.1861919
vn -0.7565280 -0.5052885 -0.4151492
vn -0.3721360 -0.3774938 -0.8479465
vn 0.1651230 -0.1731879 -0.9709482
vn 0.6797233 0.0411089 -0.7323157
vn 0.9652650 0.1847045 -0.1847911
vn 0.8739026 0.1890853 0.4478180
vn 0.4599748 0.0560268 0.8861626
vn 0.5551677 -0.2972265 0.7768174
vn 0.0627533 -0.4645437 0.8833240
vn -0.3758508 -0.6373958 0.6726535
vn -0.6171635 -0.7514550 0.2332907
vn -0.5834358 -0.7639437 -0.2756676
vn -0.2929970 -0.6752826 -0.6768650
vn 0.1609998 -0.5204708 -0.8385638
vn 0.6394516 -0.3487991 -0.6851575
vn 0.9484763 -0.2219667 -0.2261051
vn 0.9129084 -0.2009800 0.3552538
vn 0.5551677 -0.2972265 0.7768174
vn -0.3546261 0.9134729 0.1995182
vn 0.2222312 -0.9743531 0.0353452
s 1
f 1690/1690/1690 1691/1691/1691 1702/1702/1702
f 1690/1690/1690 1702/1702/1702 1701/1701/1701
f 1691/1691/1691 1692/1692/1692 1703/1703/1703
f 1691/1691/1691 1703/1703/1703 1702/1702/1702
f 1692/1692/1692 1693/1693/1693 1704/1704/1704
f 1692/1692/1692 1704/1704/1704 1703/1703/1703
f 1693/1693/1693 1694/1694/1694 1705/1705/1705
f 1693/1693/1693 1705/1705/1705 1704/1704/1704
f 1694/1694/1694 1695/1695/1695 1706/1706/1706
f 1694/1694/1694 1706/1706/1706 1705/1705/1705
f 1695/1695/1695 1696/1696/1696 1707/1707/1707
f 1695/1695/1695 1707/1707/1707 1706/1706/1706
f 1696/1696/1696 1697/1697/1697 1708/1708/1708
f 1696/1696/1696 1708/1708/1708 1707/1707/1707
f 1697/1697/1697 1698/1698/1698 1709/1709/1709
f 1697/1697/1697 1709/1709/1709 1708/1708/1708
f 1698/1698/1698 1699/1699/1699 1710/1710/1710
f 1698/1698/1698 1710/1710/1710 1709/1709/1709
f 1699/1699/1699 1700/1700/1700 1711/1711/1711
f 1699/1699/1699 1711/1711/1711 1710/1710/1710
f 1701/1701/1701 1702/1702/1702 1713/1713/1713
f 1701/1701/1701 1713/1713/1713 1712/1712/1712
f 1702/1702/1702 1703/1703/1703 1714/1714/1714
f 1702/1702/1702 1714/1714/1714 1713/1713/1713
f 1703/1703/1703 1704/1704/1704 1715/1715/1715
f 1703/1703/1703 1715/1715/1715 1714/1714/1714
f 1704/1704/1704 1705/1705/1705 1716/1716/1716
f 1704/1704/1704 1716/1716/1716 1715/1715/1715
f 1705/1705/1705 1706/1706/1706 1717/1717/1717
f 1705/1705/1705 1717/1717/1717 1716/1716/1716
f 1706/1706/1706 1707/1707/1707 1718/1718/1718
f 1706/1706/1706 1718/1718/1718 1717/1717/1717
f 1707/1707/1707 1708/1708/1708 1719/1719/1719
f 1707/1707/1707 1719/1719/1719 1718/1718/1718
f 1708/1708/1708 1709/1709/1709 1720/1720/1720
f 1708/1708/1708 1720/1720/1720 1719/1719/1719
f 1709/1709/1709 1710/1710/1710 1721/1721/1721
f 1709/1709/1709 1721/1721/1721 1720/1720/1720
f 1710/1710/1710 1711/1711/1711 1722/1722/1722
f 1710/1710/1710 1722/1722/1722 1721/1721/1721
f 1712/1712/1712 1713/1713/1713 1724/1724/1724
f 1712/1712/1712 1724/1724/1724 1723/1723/1723
f 1713/1713/1713 1714/1714/1714 1725/1725/1725
f 1713/1713/1713 1725/1725/1725 1724/1724/1724
f 1714/1714/1714 1715/1715/1715 1726/1726/1726
f 1714/1714/1714 1726/1726/1726 1725/1725/1725
f 1715/1715/1715 1716/1716/1716 1727/1727/1727
f 1715/1715/1715 1727/1727/1727 1726/1726/1726
f 1716/1716/1716 1717/1717/1717 1728/1728/1728
f 1716/1716/1716 1728/1728/1728 1727/1727/1727
f 1717/1717/1717 1718/1718/1718 1729/1729/1729
f 1717/1717/1717 1729/1729/1729 1728/1728/1728
f 1718/1718/1718 1719/1719/1719 1730/1730/1730
f 1718/1718/1718 1730/1730/1730 1729/1729/1729
f 1719/1719/1719 1720/1720/1720 1731/1731/1731
f 1719/1719/1719 1731/1731/1731 1730/1730/1730
f 1720/1720/1720 1721/1721/1721 1732/1732/1732
f 1720/1720/1720 1732/1732/1732 1731/1731/1731
f 1721/1721/1721 1722/1722/1722 1733/1733/1733
f 1721/1721/1721 1733/1733/1733 1732/1732/1732
f 1723/1723/1723 1724/1724/1724 1735/1735/1735
f 1723/1723/1723 1735/1735/1735 1734/1734/1734
f 1724/1724/1724 1725/1725/1725 1736/1736/1736
f 1724/1724/1724 1736/1736/1736 1735/1735/1735
f 1725/1725/1725 1726/1726/1726 1737/1737/1737
f 1725/1725/1725 1737/1737/1737 1736/1736/1736
f 1726/1726/1726 1727/1727/1727 1738/1738/1738
f 1726/1726/1726 1738/1738/1738 1737/1737/1737
f 1727/1727/1727 1728/1728/1728 1739/1739/1739
f 1727/1727/1727 1739/1739/1739 1738/1738/1738
f 1728/1728/1728 1729/1729/1729 1740/1740/1740
f 1728/1728/1728 1740/1740/1740 1739/1739/1739
f 1729/1729/1729 1730/1730/1730 1741/1741/1741
f 1729/1729/1729 1741/1741/1741 1740/1740/1740
f 1730/1730/1730 1731/1731/1731 1742/1742/1742
f 1730/1730/1730 1742/1742/1742 1741/1741/1741
f 1731/1731/1731 1732/1732/1732 1743/1743/1743
f 1731/1731/1731 1743/1743/1743 1742/1742/1742
f 1732/1732/1732 1733/1733/1733 1744/1744/1744
f 1732/1732/1732 1744/1744/1744 1743/1743/1743
f 1734/1734/1734 1735/1735/1735 1746/1746/1746
f 1734/1734/1734 1746/1746/1746 1745/1745/1745
f 1735/1735/1735 1736/1736/1736 1747/1747/1747
f 1735/1735/1735 1747/1747/1747 1746/1746/1746
f 1736/1736/1736 1737/1737/1737 1748/1748/1748
f 1736/1736/1736 1748/1748/1748 1747/1747/1747
f 1737/1737/1737 1738/1738/1738 1749/1749/1749
f 1737/1737/1737 1749/1749/1749 1748/1748/1748
f 1738/1738/1738 1739/1739/1739 1750/1750/1750
f 1738/1738/1738 1750/1750/1750 1749/1749/1749
f 1739/1739/1739 1740/1740/1740 1751/1751/1751
f 1739/1739/1739 1751/1751/1751 1750/1750/1750
f 1740/1740/1740 1741/1741/1741 1752/1752/1752
f 1740/1740/1740 1752/1752/1752 1751/1751/1751
f 1741/1741/1741 1742/1742/1742 1753/1753/1753
f 1741/1741/1741 1753/1753/1753 1752/1752/1752
f 1742/1742/1742 1743/1743/1743 1754/1754/1754
f 1742/1742/1742 1754/1754/1754 1753/1753/1753
f 1743/1743/1743 1744/1744/1744 1755/1755/1755
f 1743/1743/1743 1755/1755/1755 1754/1754/1754
f 1745/1745/1745 1746/1746/1746 1757/1757/1757
f 1745/1745/1745 1757/1757/1757 1756/1756/1756
f 1746/1746/1746 1747/1747/1747 1758/1758/1758
f 1746/1746/1746 1758/1758/1758 1757/1757/1757
f 1747/1747/1747 1748/1748/1748 1759/1759/1759
f 1747/1747/1747 1759/1759/1759 1758/1758/1758
f 1748/1748/1748 1749/1749/1749 1760/1760/1760
f 1748/1748/1748 1760/1760/1760 1759/1759/1759
f 1749/1749/1749 1750/1750/1750 1761/1761/1761
f 1749/1749/1749 1761/1761/1761 1760/1760/1760
f 1750/1750/1750 1751/1751/1751 1762/1762/1762
f 1750/1750/1750 1762/1762/1762 1761/1761/1761
f 1751/1751/1751 1752/1752/1752 1763/1763/1763
f 1751/1751/1751 1763/1763/1763 1762/1762/1762
f 1752/1752/1752 1753/1753/1753 1764/1764/1764
f 1752/1752/1752 1764/1764/1764 1763/1763/1763
f 1753/1753/1753 1754/1754/1754 1765/1765/1765
f 1753/1753/1753 1765/1765/1765 1764/1764/1764
f 1754/1754/1754 1755/1755/1755 1766/1766/1766
f 1754/1754/1754 1766/1766/1766 1765/1765/1765
f 1756/1756/1756 1757/1757/1757 1768/1768/1768
f 1756/1756/1756 1768/1768/1768 1767/1767/1767
f 1757/1757/1757 1758/1758/1758 1769/1769/1769
f 1757/1757/1757 1769/1769/1769 1768/1768/1768
f 1758/1758/1758 1759/1759/1759 1770/1770/1770
f 1758/1758/1758 1770/1770/1770 1769/1769/1769
f 1759/1759/1759 1760/1760/1760 1771/1771/1771
f 1759/1759/1759 1771/1771/1771 1770/1770/1770
f 1760/1760/1760 1761/1761/1761 1772/1772/1772
f 1760/1760/1760 1772/1772/1772 1771/1771/1771
f 1761/1761/1761 1762/1762/1762 1773/1773/1773
f 1761/1761/1761 1773/1773/1773 1772/1772/1772
f 1762/1762/1762 1763/1763/1763 1774/1774/1774
f 1762/1762/1762 1774/1774/1774 1773/1773/1773
f 1763/1763/1763 1764/1764/1764 1775/1775/1775
f 1763/1763/1763 1775/1775/1775 1774/1774/1774
f 1764/1764/1764 1765/1765/1765 1776/1776/1776
f 1764/1764/1764 1776/1776/1776 1775/1775/1775
f 1765/1765/1765 1766/1766/1766 1777/1777/1777
f 1765/1765/1765 1777/1777/1777 1776/1776/1776
f 1767/1767/1767 1768/1768/1768 1779/1779/1779
f 1767/1767/1767 1779/1779/1779 1778/1778/1778
f 1768/1768/1768 1769/1769/1769 1780/1780/1780
f 1768/1768/1768 1780/1780/1780 1779/1779/1779
f 1769/1769/1769 1770/1770/1770 1781/1781/1781
f 1769/1769/1769 1781/1781/1781 1780/1780/1780
f 1770/1770/1770 1771/1771/1771 1782/1782/1782
f 1770/1770/1770 1782/1782/1782 1781/1781/1781
f 1771/1771/1771 1772/1772/1772 1783/1783/1783
f 1771/1771/1771 1783/1783/1783 1782/1782/1782
f 1772/1772/1772 1773/1773/1773 1784/1784/1784
f 1772/1772/1772 1784/1784/1784 1783/1783/1783
f 1773/1773/1773 1774/1774/1774 1785/1785/1785
f 1773/1773/1773 1785/1785/1785 1784/1784/1784
f 1774/1774/1774 1775/1775/1775 1786/1786/1786
f 1774/1774/1774 1786/1786/1786 1785/1785/1785
f 1775/1775/1775 1776/1776/1776 1787/1787/1787
f 1775/1775/1775 1787/1787/1787 1786/1786/1786
f 1776/1776/1776 1777/1777/1777 1788/1788/1788
f 1776/1776/1776 1788/1788/1788 1787/1787/1787
f 1789/1789/1789 1691/1691/1691 1690/1690/1690
f 1789/1789/1789 1692/1692/1692 1691/1691/1691
f 1789/1789/1789 1693/1693/1693 1692/1692/1692
f 1789/1789/1789 1694/1694/1694 1693/1693/1693
f 1789/1789/1789 1695/1695/1695 1694/1694/1694
f 1789/1789/1789 1696/1696/1696 1695/1695/1695
f 1789/1789/1789 1697/1697/1697 1696/1696/1696
f 1789/1789/1789 1698/1698/1698 1697/1697/1697
f 1789/1789/1789 1699/1699/1699 1698/1698/1698
f 1789/1789/1789 1700/1700/1700 1699/1699/1699
f 1790/1790/1790 1778/1778/1778 1779/1779/1779
f 1790/1790/1790 1779/1779/1779 1780/1780/1780
f 1790/1790/1790 1780/1780/1780 1781/1781/1781
f 1790/1790/1790 1781/1781/1781 1782/1782/1782
f 1790/1790/1790 1782/1782/1782 1783/1783/1783
f 1790/1790/1790 1783/1783/1783 1784/1784/1784
f 1790/1790/1790 1784/1784/1784 1785/1785/1785
f 1790/1790/1790 1785/1785/1785 1786/1786/1786
f 1790/1790/1790 1786/1786/1786 1787/1787/1787
f 1790/1790/1790 1787/1787/1787 1788/1788/1788
o Talon_1_0
v 5.882684 16.760457 -2.562436
v 5.855047 16.582906 -2.732783
v 5.988490 16.582906 -2.984488
v 6.149570 16.760457 -3.065845
v 6.177207 16.938008 -2.895497
v 6.043764 16.938008 -2.643793
v 5.882684 16.760457 -2.562436
v 6.508994 16.538644 -2.354103
v 6.489000 16.410193 -2.477342
v 6.585540 16.410193 -2.659440
v 6.702074 16.538644 -2.718298
v 6.722068 16.667094 -2.595058
v 6.625528 16.667094 -2.412961
v 6.508994 16.538644 -2.354103
v 7.370170 16.233650 -2.067646
v 7.360684 16.172713 -2.126111
v 7.406483 16.172713 -2.212498
v 7.461768 16.233650 -2.240421
v 7.471253 16.294587 -2.181956
v 7.425454 16.294587 -2.095568
v 7.370170 16.233650 -2.067646
v 7.996479 16.011837 -1.859313
v 7.994637 16.000000 -1.870670
v 8.003533 16.000000 -1.887450
v 8.014272 16.011837 -1.892874
v 8.016114 16.023673 -1.881517
v 8.007218 16.023673 -1.864737
v 7.996479 16.011837 -1.859313
v 6.016127 16.760457 -2.814140
v 8.005376 16.011837 -1.876093
vt 0.6132812 0.1679688
vt 0.6132812 0.1412760
vt 0.6132812 0.1145833
vt 0.6132812 0.0878906
vt 0.6132812 0.0611979
vt 0.6132812 0.0345052
vt 0.6132812 0.0078125
vt 0.6705729 0.1679688
vt 0.6705729 0.1412760
vt 0.6705729 0.1145833
vt 0.6705729 0.0878906
vt 0.6705729 0.0611979
vt 0.6705729 0.0345052
vt 0.6705729 0.0078125
vt 0.7278646 0.1679688
vt 0.7278646 0.1412760
vt 0.7278646 0.1145833
vt 0.7278646 0.0878906
vt 0.7278646 0.0611979
vt 0.7278646 0.0345052
vt 0.7278646 0.0078125
vt 0.7851562 0.1679688
vt 0.7851562 0.1412760
vt 0.7851562 0.1145833
vt 0.7851562 0.0878906
vt 0.7851562 0.0611979
vt 0.7851562 0.0345052
vt 0.7851562 0.0078125
vt 0.6132812 0.0878906
vt 0.7851562 0.0878906
vn -0.6160903 -0.0780892 0.7837951
vn -0.5360291 -0.8414752 0.0677668
vn -0.1325132 -0.7090510 -0.6925944
vn 0.3175116 0.2628357 -0.9111003
vn 0.2683760 0.9448336 -0.1877868
vn -0.1181671 0.8390047 0.5311381
vn -0.6160903 -0.0780892 0.7837951
vn -0.3116027 0.0125477 0.9501296
vn -0.3704757 -0.8670104 0.3332279
vn -0.0272240 -0.9026118 -0.4295937
vn 0.4900332 -0.1299592 -0.8619618
vn 0.5420864 0.7979049 -0.2636096
vn 0.1795737 0.8323682 0.5243248
vn -0.3116027 0.0125477 0.9501296
vn -0.2582688 0.1648133 0.9519106
vn -0.3963845 -0.8067022 0.4383046
vn -0.0856096 -0.9364086 -0.3403086
vn 0.4289299 -0.2781968 -0.8594334
vn 0.5694856 0.7331791 -0.3716646
vn 0.2353029 0.8716433 0.4299657
vn -0.2582688 0.1648133 0.9519106
vn -0.1654211 0.3702467 0.9140860
vn -0.4189428 -0.6893295 0.5910260
vn -0.1622352 -0.9656421 -0.2030150
vn 0.3298418 -0.4763814 -0.8150246
vn 0.5987099 0.6048457 -0.5250792
vn 0.3140793 0.9047020 0.2878688
vn -0.1654211 0.3702467 0.9140860
vn -0.7619686 0.5061795 -0.4039631
vn 0.7619686 -0.5061795 0.4039631
s 1
f 1791/1791/1791 1792/1792/1792 1799/1799/1799
f 1791/1791/1791 1799/1799/1799 1798/1798/1798
f 1792/1792/1792 1793/1793/1793 1800/1800/1800
f 1792/1792/1792 1800/1800/1800 1799/1799/1799
f 1793/1793/1793 1794/1794/1794 1801/1801/1801
f 1793/1793/1793 1801/1801/1801 1800/1800/1800
f 1794/1794/1794 1795/1795/1795 1802/1802/1802
f 1794/1794/1794 1802/1802/1802 1801/1801/1801
f 1795/1795/1795 1796/1796/1796 1803/1803/1803
f 1795/1795/1795 1803/1803/1803 1802/1802/1802
f 1796/1796/1796 1797/1797/1797 1804/1804/1804
f 1796/1796/1796 1804/1804/1804 1803/1803/1803
f 1798/1798/1798 1799/1799/1799 1806/1806/1806
f 1798/1798/1798 1806/1806/1806 1805/1805/1805
f 1799/1799/1799 1800/1800/1800 1807/1807/1807
f 1799/1799/1799 1807/1807/1807 1806/1806/1806
f 1800/1800/1800 1801/1801/1801 1808/1808/1808
f 1800/1800/1800 1808/1808/1808 1807/1807/1807
f 1801/1801/1801 1802/1802/1802 1809/1809/1809
f 1801/1801/1801 1809/1809/1809 1808/1808/1808
f 1802/1802/1802 1803/1803/1803 1810/1810/1810
f 1802/1802/1802 1810/1810/1810 1809/1809/1809
f 1803/1803/1803 1804/1804/1804 1811/1811/1811
f 1803/1803/1803 1811/1811/1811 1810/1810/1810
f 1805/1805/1805 1806/1806/1806 1813/1813/1813
f 1805/1805/1805 1813/1813/1813 1812/1812/1812
f 1806/1806/1806 1807/1807/1807 1814/1814/1814
f 1806/1806/1806 1814/1814/1814 1813/1813/1813
f 1807/1807/1807 1808/1808/1808 1815/1815/1815
f 1807/1807/1807 1815/1815/1815 1814/1814/1814
f 1808/1808/1808 1809/1809/1809 1816/1816/1816
f 1808/1808/1808 1816/1816/1816 1815/1815/1815
f 1809/1809/1809 1810/1810/1810 1817/1817/1817
f 1809/1809/1809 1817/1817/1817 1816/1816/1816
f 1810/1810/1810 1811/1811/1811 1818/1818/1818
f 1810/1810/1810 1818/1818/1818 1817/1817/1817
f 1819/1819/1819 1792/1792/1792 1791/1791/1791
f 1819/1819/1819 1793/1793/1793 1792/1792/1792
f 1819/1819/1819 1794/1794/1794 1793/1793/1793
f 1819/1819/1819 1795/1795/1795 1794/1794/1794
f 1819/1819/1819 1796/1796/1796 1795/1795/1795
f 1819/1819/1819 1797/1797/1797 1796/1796/1796
f 1820/1820/1820 1812/1812/1812 1813/1813/1813
f 1820/1820/1820 1813/1813/1813 1814/1814/1814
f 1820/1820/1820 1814/1814/1814 1815/1815/1815
f 1820/1820/1820 1815/1815/1815 1816/1816/1816
f 1820/1820/1820 1816/1816/1816 1817/1817/1817
f 1820/1820/1820 1817/1817/1817 1818/1818/1818
o Talon_1_1
v 6.016127 16.760457 -2.532726
v 5.900562 16.586493 -2.673433
v 5.900562 16.586493 -2.954847
v 6.016127 16.760457 -3.095554
v 6.131692 16.934421 -2.954847
v 6.131692 16.934421 -2.673433
v 6.016127 16.760457 -2.532726
v 6.605534 16.538644 -2.610549
v 6.521928 16.412788 -2.712345
v 6.521928 16.412788 -2.915936
v 6.605534 16.538644 -3.017731
v 6.689140 16.664499 -2.915936
v 6.689140 16.664499 -2.712345
v 6.605534 16.538644 -2.610549
v 7.415969 16.233650 -2.717556
v 7.376306 16.173944 -2.765848
v 7.376306 16.173944 -2.862432
v 7.415969 16.233650 -2.910724
v 7.455632 16.293356 -2.862432
v 7.455632 16.293356 -2.765848
v 7.415969 16.233650 -2.717556
v 8.005376 16.011837 -2.795379
v 7.997671 16.000239 -2.804760
v 7.997671 16.000239 -2.823521
v 8.005376 16.011837 -2.832901
v 8.013080 16.023434 -2.823521
v 8.013080 16.023434 -2.804760
v 8.005376 16.011837 -2.795379
v 6.016127 16.760457 -2.814140
v 8.005376 16.011837 -2.814140
vt 0.6132812 0.1679688
vt 0.6132812 0.1412760
vt 0.6132812 0.1145833
vt 0.6132812 0.0878906
vt 0.6132812 0.0611979
vt 0.6132812 0.0345052
vt 0.6132812 0.0078125
vt 0.6705729 0.1679688
vt 0.6705729 0.1412760
vt 0.6705729 0.1145833
vt 0.6705729 0.0878906
vt 0.6705729 0.0611979
vt 0.6705729 0.0345052
vt 0.6705729 0.0078125
vt 0.7278646 0.1679688
vt 0.7278646 0.1412760
vt 0.7278646 0.1145833
vt 0.7278646 0.0878906
vt 0.7278646 0.0611979
vt 0.7278646 0.0345052
vt 0.7278646 0.0078125
vt 0.7851562 0.1679688
vt 0.7851562 0.1412760
vt 0.7851562 0.1145833
vt 0.7851562 0.0878906
vt 0.7851562 0.0611979
vt 0.7851562 0.0345052
vt 0.7851562 0.0078125
vt 0.6132812 0.0878906
vt 0.7851562 0.0878906
vn -0.2326227 -0.0541067 0.9710608
vn -0.4932870 -0.8102882 0.3163874
vn -0.4543866 -0.6876618 -0.5662633
vn -0.1052893 0.2752587 -0.9555872
vn 0.1783547 0.9390141 -0.2940105
vn 0.1323076 0.8377826 0.5297311
vn -0.2326227 -0.0541067 0.9710608
vn 0.1306976 -0.0005477 0.9914221
vn -0.2099118 -0.8565076 0.4715206
vn -0.2280475 -0.8993319 -0.3730904
vn 0.0784226 -0.1380149 -0.9873205
vn 0.4069410 0.7694573 -0.4922747
vn 0.4231901 0.8177381 0.3901469
vn 0.1306976 -0.0005477 0.9914221
vn 0.1842057 0.1485928 0.9715907
vn -0.1864385 -0.7959354 0.5759578
vn -0.2441536 -0.9327735 -0.2651839
vn 0.0207861 -0.2813634 -0.9593761
vn 0.3823494 0.7032273 -0.5994000
vn 0.4343198 0.8569736 0.2774211
vn 0.1842057 0.1485928 0.9715907
vn 0.2591698 0.3518026 0.8994810
vn -0.1379738 -0.6801312 0.7199894
vn -0.2557200 -0.9610149 -0.1051557
vn -0.0549995 -0.4750572 -0.8782344
vn 0.3382971 0.5743414 -0.7454442
vn 0.4453489 0.8885580 0.1101317
vn 0.2591698 0.3518026 0.8994810
vn -0.8329571 0.5533375 -0.0000000
vn 0.8329571 -0.5533375 -0.0000000
s 1
f 1821/1821/1821 1822/1822/1822 1829/1829/1829
f 1821/1821/1821 1829/1829/1829 1828/1828/1828
f 1822/1822/1822 1823/1823/1823 1830/1830/1830
f 1822/1822/1822 1830/1830/1830 1829/1829/1829
f 1823/1823/1823 1824/1824/1824 1831/1831/1831
f 1823/1823/1823 1831/1831/1831 1830/1830/1830
f 1824/1824/1824 1825/1825/1825 1832/1832/1832
f 1824/1824/1824 1832/1832/1832 1831/1831/1831
f 1825/1825/1825 1826/1826/1826 1833/1833/1833
f 1825/1825/1825 1833/1833/1833 1832/1832/1832
f 1826/1826/1826 1827/1827/1827 1834/1834/1834
f 1826/1826/1826 1834/1834/1834 1833/1833/1833
f 1828/1828/1828 1829/1829/1829 1836/1836/1836
f 1828/1828/1828 1836/1836/1836 1835/1835/1835
f 1829/1829/1829 1830/1830/1830 1837/1837/1837
f 1829/1829/1829 1837/1837/1837 1836/1836/1836
f 1830/1830/1830 1831/1831/1831 1838/1838/1838
f 1830/1830/1830 1838/1838/1838 1837/1837/1837
f 1831/1831/1831 1832/1832/1832 1839/1839/1839
f 1831/1831/1831 1839/1839/1839 1838/1838/1838
f 1832/1832/1832 1833/1833/1833 1840/1840/1840
f 1832/1832/1832 1840/1840/1840 1839/1839/1839
f 1833/1833/1833 1834/1834/1834 1841/1841/1841
f 1833/1833/1833 1841/1841/1841 1840/1840/1840
f 1835/1835/1835 1836/1836/1836 1843/1843/1843
f 1835/1835/1835 1843/1843/1843 1842/1842/1842
f 1836/1836/1836 1837/1837/1837 1844/1844/1844
f 1836/1836/1836 1844/1844/1844 1843/1843/1843
f 1837/1837/1837 1838/1838/1838 1845/1845/1845
f 1837/1837/1837 1845/1845/1845 1844/1844/1844
f 1838/1838/1838 1839/1839/1839 1846/1846/1846
f 1838/1838/1838 1846/1846/1846 1845/1845/1845
f 1839/1839/1839 1840/1840/1840 1847/1847/1847
f 1839/1839/1839 1847/1847/1847 1846/1846/1846
f 1840/1840/1840 1841/1841/1841 1848/1848/1848
f 1840/1840/1840 1848/1848/1848 1847/1847/1847
f 1849/1849/1849 1822/1822/1822 1821/1821/1821
f 1849/1849/1849 1823/1823/1823 1822/1822/1822
f 1849/1849/1849 1824/1824/1824 1823/1823/1823
f 1849/1849/1849 1825/1825/1825 1824/1824/1824
f 1849/1849/1849 1826/1826/1826 1825/1825/1825
f 1849/1849/1849 1827/1827/1827 1826/1826/1826
f 1850/1850/1850 1842/1842/1842 1843/1843/1843
f 1850/1850/1850 1843/1843/1843 1844/1844/1844
f 1850/1850/1850 1844/1844/1844 1845/1845/1845
f 1850/1850/1850 1845/1845/1845 1846/1846/1846
f 1850/1850/1850 1846/1846/1846 1847/1847/1847
f 1850/1850/1850 1847/1847/1847 1848/1848/1848
o Talon_1_2
v 6.149570 16.760457 -2.562436
v 5.988490 16.582906 -2.643793
v 5.855047 16.582906 -2.895497
v 5.882684 16.760457 -3.065845
v 6.043764 16.938008 -2.984488
v 6.177207 16.938008 -2.732783
v 6.149570 16.760457 -2.562436
v 6.702074 16.538644 -2.909983
v 6.585540 16.410193 -2.968841
v 6.489000 16.410193 -3.150938
v 6.508994 16.538644 -3.274177
v 6.625528 16.667094 -3.215319
v 6.722068 16.667094 -3.033222
v 6.702074 16.538644 -2.909983
v 7.461768 16.233650 -3.387860
v 7.406483 16.172713 -3.415782
v 7.360684 16.172713 -3.502170
v 7.370170 16.233650 -3.560635
v 7.425454 16.294587 -3.532712
v 7.471253 16.294587 -3.446325
v 7.461768 16.233650 -3.387860
v 8.014272 16.011837 -3.735407
v 8.003533 16.000000 -3.740830
v 7.994637 16.000000 -3.757611
v 7.996479 16.011837 -3.768967
v 8.007218 16.023673 -3.763543
v 8.016114 16.023673 -3.746763
v 8.014272 16.011837 -3.735407
v 6.016127 16.760457 -2.814140
v 8.005376 16.011837 -3.752187
vt 0.6132812 0.1679688
vt 0.6132812 0.1412760
vt 0.6132812 0.1145833
vt 0.6132812 0.0878906
vt 0.6132812 0.0611979
vt 0.6132812 0.0345052
vt 0.6132812 0.0078125
vt 0.6705729 0.1679688
vt 0.6705729 0.1412760
vt 0.6705729 0.1145833
vt 0.6705729 0.0878906
vt 0.6705729 0.0611979
vt 0.6705729 0.0345052
vt 0.6705729 0.0078125
vt 0.7278646 0.1679688
vt 0.7278646 0.1412760
vt 0.7278646 0.1145833
vt 0.7278646 0.0878906
vt 0.7278646 0.0611979
vt 0.7278646 0.0345052
vt 0.7278646 0.0078125
vt 0.7851562 0.1679688
vt 0.7851562 0.1412760
vt 0.7851562 0.1145833
vt 0.7851562 0.0878906
vt 0.7851562 0.0611979
vt 0.7851562 0.0345052
vt 0.7851562 0.0078125
vt 0.6132812 0.0878906
vt 0.7851562 0.0878906
vn 0.2172979 -0.0765338 0.9731003
vn -0.2669588 -0.8304966 0.4888849
vn -0.6153989 -0.7247534 -0.3098657
vn -0.5014855 0.2652548 -0.8235000
vn 0.0192562 0.9406551 -0.3388173
vn 0.3318007 0.8439924 0.4214086
vn 0.2172979 -0.0765338 0.9731003
vn 0.5360588 0.0126934 0.8440852
vn 0.0288890 -0.8597544 0.5098900
vn -0.3429227 -0.9091411 -0.2363610
vn -0.3538451 -0.1290549 -0.9263576
vn 0.1242333 0.7844750 -0.6075896
vn 0.5104047 0.8440445 0.1645476
vn 0.5360588 0.0126934 0.8440852
vn 0.5722273 0.1674406 0.8028197
vn 0.0920221 -0.7993606 0.5937631
vn -0.3098174 -0.9415481 -0.1322888
vn -0.3903267 -0.2776618 -0.8778092
vn 0.0600878 0.7189984 -0.6924094
vn 0.4703286 0.8805184 0.0589779
vn 0.5722273 0.1674406 0.8028197
vn 0.6025682 0.3778654 0.7029433
vn 0.1929164 -0.6835081 0.7039886
vn -0.2510836 -0.9678357 0.0158431
vn -0.4187230 -0.4783205 -0.7719330
vn -0.0361495 0.5918567 -0.8052322
vn 0.4073138 0.9084293 -0.0940830
vn 0.6025682 0.3778654 0.7029433
vn -0.7619686 0.5061795 0.4039631
vn 0.7619686 -0.5061795 -0.4039631
s 1
f 1851/1851/1851 1852/1852/1852 1859/1859/1859
f 1851/1851/1851 1859/1859/1859 1858/1858/1858
f 1852/1852/1852 1853/1853/1853 1860/1860/1860
f 1852/1852/1852 1860/1860/1860 1859/1859/1859
f 1853/1853/1853 1854/1854/1854 1861/1861/1861
f 1853/1853/1853 1861/1861/1861 1860/1860/1860
f 1854/1854/1854 1855/1855/1855 1862/1862/1862
f 1854/1854/1854 1862/1862/1862 1861/1861/1861
f 1855/1855/1855 1856/1856/1856 1863/1863/1863
f 1855/1855/1855 1863/1863/1863 1862/1862/1862
f 1856/1856/1856 1857/1857/1857 1864/1864/1864
f 1856/1856/1856 1864/1864/1864 1863/1863/1863
f 1858/1858/1858 1859/1859/1859 1866/1866/1866
f 1858/1858/1858 1866/1866/1866 1865/1865/1865
f 1859/1859/1859 1860/1860/1860 1867/1867/1867
f 1859/1859/1859 1867/1867/1867 1866/1866/1866
f 1860/1860/1860 1861/1861/1861 1868/1868/1868
f 1860/1860/1860 1868/1868/1868 1867/1867/1867
f 1861/1861/1861 1862/1862/1862 1869/1869/1869
f 1861/1861/1861 1869/1869/1869 1868/1868/1868
f 1862/1862/1862 1863/1863/1863 1870/1870/1870
f 1862/1862/1862 1870/1870/1870 1869/1869/1869
f 1863/1863/1863 1864/1864/1864 1871/1871/1871
f 1863/1863/1863 1871/1871/1871 1870/1870/1870
f 1865/1865/1865 1866/1866/1866 1873/1873/1873
f 1865/1865/1865 1873/1873/1873 1872/1872/1872
f 1866/1866/1866 1867/1867/1867 1874/1874/1874
f 1866/1866/1866 1874/1874/1874 1873/1873/1873
f 1867/1867/1867 1868/1868/1868 1875/1875/1875
f 1867/1867/1867 1875/1875/1875 1874/1874/1874
f 1868/1868/1868 1869/1869/1869 1876/1876/1876
f 1868/1868/1868 1876/1876/1876 1875/1875/1875
f 1869/1869/1869 1870/1870/1870 1877/1877/1877
f 1869/1869/1869 1877/1877/1877 1876/1876/1876
f 1870/1870/1870 1871/1871/1871 1878/1878/1878
f 1870/1870/1870 1878/1878/1878 1877/1877/1877
f 1879/1879/1879 1852/1852/1852 1851/1851/1851
f 1879/1879/1879 1853/1853/1853 1852/1852/1852
f 1879/1879/1879 1854/1854/1854 1853/1853/1853
f 1879/1879/1879 1855/1855/1855 1854/1854/1854
f 1879/1879/1879 1856/1856/1856 1855/1855/1855
f 1879/1879/1879 1857/1857/1857 1856/1856/1856
f 1880/1880/1880 1872/1872/1872 1873/1873/1873
f 1880/1880/1880 1873/1873/1873 1874/1874/1874
f 1880/1880/1880 1874/1874/1874 1875/1875/1875
f 1880/1880/1880 1875/1875/1875 1876/1876/1876
f 1880/1880/1880 1876/1876/1876 1877/1877/1877
f 1880/1880/1880 1877/1877/1877 1878/1878/1878
o Fairy_arm_1
v 3.735560 29.487003 -2.150841
v 3.286031 29.202306 -1.980241
v 2.739569 29.026354 -2.128162
v 2.304902 29.026354 -2.538104
v 2.148059 29.202306 -3.053482
v 2.328948 29.487003 -3.477439
v 2.778477 29.771700 -3.648039
v 3.324939 29.947652 -3.500118
v 3.759606 29.947652 -3.090177
v 3.916449 29.771700 -2.574799
v 3.735560 29.487003 -2.150841
v 4.494638 28.377936 -3.102580
v 4.125026 28.143852 -2.962309
v 3.675712 27.999180 -3.083933
v 3.318319 27.999180 -3.420996
v 3.189360 28.143852 -3.844751
v 3.338091 28.377936 -4.193339
v 3.707703 28.612020 -4.333610
v 4.157017 28.756692 -4.211986
v 4.514410 28.756692 -3.874923
v 4.643369 28.612020 -3.451168
v 4.494638 28.377936 -3.102580
v 5.538371 26.852968 -4.411221
v 5.278643 26.688477 -4.312653
v 4.962909 26.586816 -4.398118
v 4.711769 26.586816 -4.634973
v 4.621148 26.688477 -4.932747
v 4.725662 26.852968 -5.177701
v 4.985390 27.017460 -5.276269
v 5.301124 27.119121 -5.190804
v 5.552264 27.119121 -4.953949
v 5.642885 27.017460 -4.656175
v 5.538371 26.852968 -4.411221
v 6.297449 25.743901 -5.362961
v 6.117638 25.630023 -5.294721
v 5.899053 25.559642 -5.353889
v 5.725186 25.559642 -5.517866
v 5.662449 25.630023 -5.724017
v 5.734805 25.743901 -5.893600
v 5.914616 25.857780 -5.961840
v 6.133201 25.928161 -5.902672
v 6.307068 25.928161 -5.738695
v 6.369805 25.857780 -5.532544
v 6.297449 25.743901 -5.362961
v 3.032254 29.487003 -2.814140
v 6.016127 25.743901 -5.628280
vt 0.0078125 0.9921875
vt 0.0078125 0.9312500
vt 0.0078125 0.8703125
vt 0.0078125 0.8093750
vt 0.0078125 0.7484375
vt 0.0078125 0.6875000
vt 0.0078125 0.6265625
vt 0.0078125 0.5656250
vt 0.0078125 0.5046875
vt 0.0078125 0.4437500
vt 0.0078125 0.3828125
vt 0.3359375 0.9921875
vt 0.3359375 0.9312500
vt 0.3359375 0.8703125
vt 0.3359375 0.8093750
vt 0.3359375 0.7484375
vt 0.3359375 0.6875000
vt 0.3359375 0.6265625
vt 0.3359375 0.5656250
vt 0.3359375 0.5046875
vt 0.3359375 0.4437500
vt 0.3359375 0.3828125
vt 0.6640625 0.9921875
vt 0.6640625 0.9312500
vt 0.6640625 0.8703125
vt 0.6640625 0.8093750
vt 0.6640625 0.7484375
vt 0.6640625 0.6875000
vt 0.6640625 0.6265625
vt 0.6640625 0.5656250
vt 0.6640625 0.5046875
vt 0.6640625 0.4437500
vt 0.6640625 0.3828125
vt 0.9921875 0.9921875
vt 0.9921875 0.9312500
vt 0.9921875 0.8703125
vt 0.9921875 0.8093750
vt 0.9921875 0.7484375
vt 0.9921875 0.6875000
vt 0.9921875 0.6265625
vt 0.9921875 0.5656250
vt 0.9921875 0.5046875
vt 0.9921875 0.4437500
vt 0.9921875 0.3828125
vt 0.0078125 0.6875000
vt 0.9921875 0.6875000
vn 0.4853803 0.1786204 0.8558626
vn 0.0442930 -0.2632831 0.9637013
vn -0.4367808 -0.4956123 0.7507270
vn -0.8208917 -0.4680939 0.3271466
vn -0.9646692 -0.1550179 -0.2130326
vn -0.7162958 0.3284707 -0.6156519
vn -0.2471929 0.6997709 -0.6702360
vn 0.1926972 0.8674157 -0.4587567
vn 0.5203977 0.8505556 -0.0757720
vn 0.6601660 0.6205000 0.4232736
vn 0.4853803 0.1786204 0.8558626
vn 0.7317280 -0.0800445 0.6768804
vn 0.2747528 -0.5278719 0.8036555
vn -0.2031855 -0.7598183 0.6175693
vn -0.5821101 -0.7778615 0.2368108
vn -0.7807159 -0.5584401 -0.2804058
vn -0.6457274 -0.0988124 -0.7571474
vn -0.2049271 0.3711967 -0.9056588
vn 0.2851145 0.6306400 -0.7218053
vn 0.6853704 0.6502956 -0.3276936
vn 0.8916547 0.4029060 0.2064426
vn 0.7317280 -0.0800445 0.6768804
vn 0.7556529 -0.0436213 0.6535181
vn 0.3096951 -0.5031143 0.8068240
vn -0.1725313 -0.7506654 0.6377573
vn -0.5602398 -0.7835824 0.2685702
vn -0.7760096 -0.5823552 -0.2422220
vn -0.6676287 -0.1348579 -0.7321785
vn -0.2399416 0.3443295 -0.9076702
vn 0.2529868 0.6204540 -0.7423170
vn 0.6619697 0.6571146 -0.3605503
vn 0.8873454 0.4295780 0.1675737
vn 0.7556529 -0.0436213 0.6535181
vn 0.8351633 -0.0920424 0.5422458
vn 0.4087595 -0.5455494 0.7316362
vn -0.0668911 -0.7983022 0.5985308
vn -0.4516736 -0.8521885 0.2641320
vn -0.6826290 -0.6985851 -0.2144679
vn -0.6305410 -0.3050471 -0.7136977
vn -0.2507463 0.1795816 -0.9512501
vn 0.2422425 0.4972609 -0.8330967
vn 0.6727982 0.5673288 -0.4748481
vn 0.9305650 0.3636558 0.0424633
vn 0.8351633 -0.0920424 0.5422458
vn -0.3772212 0.8352997 0.3999731
vn 0.3772212 -0.8352997 -0.3999731
s 1
f 1881/1881/1881 1882/1882/1882 1893/1893/1893
f 1881/1881/1881 1893/1893/1893 1892/1892/1892
f 1882/1882/1882 1883/1883/1883 1894/1894/1894
f 1882/1882/1882 1894/1894/1894 1893/1893/1893
f 1883/1883/1883 1884/1884/1884 1895/1895/1895
f 1883/1883/1883 1895/1895/1895 1894/1894/1894
f 1884/1884/1884 1885/1885/1885 1896/1896/1896
f 1884/1884/1884 1896/1896/1896 1895/1895/1895
f 1885/1885/1885 1886/1886/1886 1897/1897/1897
f 1885/1885/1885 1897/1897/1897 1896/1896/1896
f 1886/1886/1886 1887/1887/1887 1898/1898/1898
f 1886/1886/1886 1898/1898/1898 1897/1897/1897
f 1887/1887/1887 1888/1888/1888 1899/1899/1899
f 1887/1887/1887 1899/1899/1899 1898/1898/1898
f 1888/1888/1888 1889/1889/1889 1900/1900/1900
f 1888/1888/1888 1900/1900/1900 1899/1899/1899
f 1889/1889/1889 1890/1890/1890 1901/1901/1901
f 1889/1889/1889 1901/1901/1901 1900/1900/1900
f 1890/1890/1890 1891/1891/1891 1902/1902/1902
f 1890/1890/1890 1902/1902/1902 1901/1901/1901
f 1892/1892/1892 1893/1893/1893 1904/1904/1904
f 1892/1892/1892 1904/1904/1904 1903/1903/1903
f 1893/1893/1893 1894/1894/1894 1905/1905/1905
f 1893/1893/1893 1905/1905/1905 1904/1904/1904
f 1894/1894/1894 1895/1895/1895 1906/1906/1906
f 1894/1894/1894 1906/1906/1906 1905/1905/1905
f 1895/1895/1895 1896/1896/1896 1907/1907/1907
f 1895/1895/1895 1907/1907/1907 1906/1906/1906
f 1896/1896/1896 1897/1897/1897 1908/1908/1908
f 1896/1896/1896 1908/1908/1908 1907/1907/1907
f 1897/1897/1897 1898/1898/1898 1909/1909/1909
f 1897/1897/1897 1909/1909/1909 1908/1908/1908
f 1898/1898/1898 1899/1899/1899 1910/1910/1910
f 1898/1898/1898 1910/1910/1910 1909/1909/1909
f 1899/1899/1899 1900/1900/1900 1911/1911/1911
f 1899/1899/1899 1911/1911/1911 1910/1910/1910
f 1900/1900/1900 1901/1901/1901 1912/1912/1912
f 1900/1900/1900 1912/1912/1912 1911/1911/1911
f 1901/1901/1901 1902/1902/1902 1913/1913/1913
f 1901/1901/1901 1913/1913/1913 1912/1912/1912
f 1903/1903/1903 1904/1904/1904 1915/1915/1915
f 1903/1903/1903 1915/1915/1915 1914/1914/1914
f 1904/1904/1904 1905/1905/1905 1916/1916/1916
f 1904/1904/1904 1916/1916/1916 1915/1915/1915
f 1905/1905/1905 1906/1906/1906 1917/1917/1917
f 1905/1905/1905 1917/1917/1917 1916/1916/1916
f 1906/1906/1906 1907/1907/1907 1918/1918/1918
f 1906/1906/1906 1918/1918/1918 1917/1917/1917
f 1907/1907/1907 1908/1908/1908 1919/1919/1919
f 1907/1907/1907 1919/1919/1919 1918/1918/1918
f 1908/1908/1908 1909/1909/1909 1920/1920/1920
f 1908/1908/1908 1920/1920/1920 1919/1919/1919
f 1909/1909/1909 1910/1910/1910 1921/1921/1921
f 1909/1909/1909 1921/1921/1921 1920/1920/1920
f 1910/1910/1910 1911/1911/1911 1922/1922/1922
f 1910/1910/1910 1922/1922/1922 1921/1921/1921
f 1911/1911/1911 1912/1912/1912 1923/1923/1923
f 1911/1911/1911 1923/1923/1923 1922/1922/1922
f 1912/1912/1912 1913/1913/1913 1924/1924/1924
f 1912/1912/1912 1924/1924/1924 1923/1923/1923
f 1925/1925/1925 1882/1882/1882 1881/1881/1881
f 1925/1925/1925 1883/1883/1883 1882/1882/1882
f 1925/1925/1925 1884/1884/1884 1883/1883/1883
f 1925/1925/1925 1885/1885/1885 1884/1884/1884
f 1925/1925/1925 1886/1886/1886 1885/1885/1885
f 1925/1925/1925 1887/1887/1887 1886/1886/1886
f 1925/1925/1925 1888/1888/1888 1887/1887/1887
f 1925/1925/1925 1889/1889/1889 1888/1888/1888
f 1925/1925/1925 1890/1890/1890 1889/1889/1889
f 1925/1925/1925 1891/1891/1891 1890/1890/1890
f 1926/1926/1926 1914/1914/1914 1915/1915/1915
f 1926/1926/1926 1915/1915/1915 1916/1916/1916
f 1926/1926/1926 1916/1916/1916 1917/1917/1917
f 1926/1926/1926 1917/1917/1917 1918/1918/1918
f 1926/1926/1926 1918/1918/1918 1919/1919/1919
f 1926/1926/1926 1919/1919/1919 1920/1920/1920
f 1926/1926/1926 1920/1920/1920 1921/1921/1921
f 1926/1926/1926 1921/1921/1921 1922/1922/1922
f 1926/1926/1926 1922/1922/1922 1923/1923/1923
f 1926/1926/1926 1923/1923/1923 1924/1924/1924
o Palm_1
v 6.016127 24.171799 -5.628280
v 6.376526 24.225367 -5.628280
v 6.358887 24.225367 -5.733315
v 6.307696 24.225367 -5.828067
v 6.227964 24.225367 -5.903264
v 6.127496 24.225367 -5.951543
v 6.016127 24.225367 -5.968178
v 5.904758 24.225367 -5.951543
v 5.804290 24.225367 -5.903264
v 5.724558 24.225367 -5.828067
v 5.673367 24.225367 -5.733315
v 5.655728 24.225367 -5.628280
v 5.673367 24.225367 -5.523246
v 5.724558 24.225367 -5.428493
v 5.804290 24.225367 -5.353297
v 5.904758 24.225367 -5.305018
v 6.016127 24.225367 -5.288382
v 6.127496 24.225367 -5.305018
v 6.227964 24.225367 -5.353297
v 6.307696 24.225367 -5.428493
v 6.358887 24.225367 -5.523246
v 6.376526 24.225367 -5.628280
v 6.712364 24.382420 -5.628280
v 6.678288 24.382420 -5.831191
v 6.579395 24.382420 -6.014239
v 6.425365 24.382420 -6.159507
v 6.231276 24.382420 -6.252775
v 6.016127 24.382420 -6.284913
v 5.800978 24.382420 -6.252775
v 5.606889 24.382420 -6.159507
v 5.452859 24.382420 -6.014239
v 5.353966 24.382420 -5.831191
v 5.319890 24.382420 -5.628280
v 5.353966 24.382420 -5.425370
v 5.452859 24.382420 -5.242321
v 5.606889 24.382420 -5.097053
v 5.800978 24.382420 -5.003786
v 6.016127 24.382420 -4.971648
v 6.231276 24.382420 -5.003786
v 6.425365 24.382420 -5.097053
v 6.579395 24.382420 -5.242321
v 6.678288 24.382420 -5.425370
v 6.712364 24.382420 -5.628280
v 7.000755 24.632257 -5.628280
v 6.952564 24.632257 -5.915239
v 6.812708 24.632257 -6.174109
v 6.594877 24.632257 -6.379549
v 6.320394 24.632257 -6.511449
v 6.016127 24.632257 -6.556899
v 5.711860 24.632257 -6.511449
v 5.437377 24.632257 -6.379549
v 5.219546 24.632257 -6.174109
v 5.079690 24.632257 -5.915239
v 5.031499 24.632257 -5.628280
v 5.079690 24.632257 -5.341321
v 5.219546 24.632257 -5.082452
v 5.437377 24.632257 -4.877012
v 5.711860 24.632257 -4.745111
v 6.016127 24.632257 -4.699661
v 6.320394 24.632257 -4.745111
v 6.594877 24.632257 -4.877012
v 6.812708 24.632257 -5.082452
v 6.952564 24.632257 -5.341321
v 7.000755 24.632257 -5.628280
v 7.222045 24.957850 -5.628280
v 7.163023 24.957850 -5.979732
v 6.991735 24.957850 -6.296781
v 6.724948 24.957850 -6.548393
v 6.388776 24.957850 -6.709937
v 6.016127 24.957850 -6.765602
v 5.643478 24.957850 -6.709937
v 5.307306 24.957850 -6.548393
v 5.040519 24.957850 -6.296781
v 4.869231 24.957850 -5.979732
v 4.810209 24.957850 -5.628280
v 4.869231 24.957850 -5.276829
v 5.040519 24.957850 -4.959780
v 5.307306 24.957850 -4.708168
v 5.643478 24.957850 -4.546624
v 6.016127 24.957850 -4.490959
v 6.388776 24.957850 -4.546624
v 6.724948 24.957850 -4.708168
v 6.991735 24.957850 -4.959780
v 7.163023 24.957850 -5.276829
v 7.222045 24.957850 -5.628280
v 7.361154 25.337011 -5.628280
v 7.295323 25.337011 -6.020274
v 7.104276 25.337011 -6.373896
v 6.806714 25.337011 -6.654532
v 6.431763 25.337011 -6.834712
v 6.016127 25.337011 -6.896797
v 5.600491 25.337011 -6.834712
v 5.225540 25.337011 -6.654532
v 4.927978 25.337011 -6.373896
v 4.736931 25.337011 -6.020274
v 4.671100 25.337011 -5.628280
v 4.736931 25.337011 -5.236287
v 4.927978 25.337011 -4.882665
v 5.225540 25.337011 -4.602029
v 5.600491 25.337011 -4.421849
v 6.016127 25.337011 -4.359763
v 6.431763 25.337011 -4.421849
v 6.806714 25.337011 -4.602029
v 7.104276 25.337011 -4.882665
v 7.295323 25.337011 -5.236287
v 7.361154 25.337011 -5.628280
v 7.408601 25.743901 -5.628280
v 7.340449 25.743901 -6.034102
v 7.142662 25.743901 -6.400198
v 6.834603 25.743901 -6.690734
v 6.446425 25.743901 -6.877270
v 6.016127 25.743901 -6.941546
v 5.585829 25.743901 -6.877270
v 5.197651 25.743901 -6.690734
v 4.889592 25.743901 -6.400198
v 4.691805 25.743901 -6.034102
v 4.623653 25.743901 -5.628280
v 4.691805 25.743901 -5.222459
v 4.889592 25.743901 -4.856362
v 5.197651 25.743901 -4.565826
v 5.585829 25.743901 -4.379291
v 6.016127 25.743901 -4.315015
v 6.446425 25.743901 -4.379291
v 6.834603 25.743901 -4.565826
v 7.142662 25.743901 -4.856362
v 7.340449 25.743901 -5.222459
v 7.408601 25.743901 -5.628280
v 7.361154 26.150791 -5.628280
v 7.295323 26.150791 -6.020274
v 7.104276 26.150791 -6.373896
v 6.806714 26.150791 -6.654532
v 6.431763 26.150791 -6.834712
v 6.016127 26.150791 -6.896797
v 5.600491 26.150791 -6.834712
v 5.225540 26.150791 -6.654532
v 4.927978 26.150791 -6.373896
v 4.736931 26.150791 -6.020274
v 4.671100 26.150791 -5.628280
v 4.736931 26.150791 -5.236287
v 4.927978 26.150791 -4.882665
v 5.225540 26.150791 -4.602029
v 5.600491 26.150791 -4.421849
v 6.016127 26.150791 -4.359763
v 6.431763 26.150791 -4.421849
v 6.806714 26.150791 -4.602029
v 7.104276 26.150791 -4.882665
v 7.295323 26.150791 -5.236287
v 7.361154 26.150791 -5.628280
v 7.222045 26.529953 -5.628280
v 7.163023 26.529953 -5.979732
v 6.991735 26.529953 -6.296781
v 6.724948 26.529953 -6.548393
v 6.388776 26.529953 -6.709937
v 6.016127 26.529953 -6.765602
v 5.643478 26.529953 -6.709937
v 5.307306 26.529953 -6.548393
v 5.040519 26.529953 -6.296781
v 4.869231 26.529953 -5.979732
v 4.810209 26.529953 -5.628280
v 4.869231 26.529953 -5.276829
v 5.040519 26.529953 -4.959780
v 5.307306 26.529953 -4.708168
v 5.643478 26.529953 -4.546624
v 6.016127 26.529953 -4.490959
v 6.388776 26.529953 -4.546624
v 6.724948 26.529953 -4.708168
v 6.991735 26.529953 -4.959780
v 7.163023 26.529953 -5.276829
v 7.222045 26.529953 -5.628280
v 7.000755 26.855546 -5.628280
v 6.952564 26.855546 -5.915239
v 6.812708 26.855546 -6.174109
v 6.594877 26.855546 -6.379549
v 6.320394 26.855546 -6.511449
v 6.016127 26.855546 -6.556899
v 5.711860 26.855546 -6.511449
v 5.437377 26.855546 -6.379549
v 5.219546 26.855546 -6.174109
v 5.079690 26.855546 -5.915239
v 5.031499 26.855546 -5.628280
v 5.079690 26.855546 -5.341321
v 5.219546 26.855546 -5.082452
v 5.437377 26.855546 -4.877012
v 5.711860 26.855546 -4.745111
v 6.016127 26.855546 -4.699661
v 6.320394 26.855546 -4.745111
v 6.594877 26.855546 -4.877012
v 6.812708 26.855546 -5.082452
v 6.952564 26.855546 -5.341321
v 7.000755 26.855546 -5.628280
v 6.712364 27.105382 -5.628280
v 6.678288 27.105382 -5.831191
v 6.579395 27.105382 -6.014239
v 6.425365 27.105382 -6.159507
v 6.231276 27.105382 -6.252775
v 6.016127 27.105382 -6.284913
v 5.800978 27.105382 -6.252775
v 5.606889 27.105382 -6.159507
v 5.452859 27.105382 -6.014239
v 5.353966 27.105382 -5.831191
v 5.319890 27.105382 -5.628280
v 5.353966 27.105382 -5.425370
v 5.452859 27.105382 -5.242321
v 5.606889 27.105382 -5.097053
v 5.800978 27.105382 -5.003786
v 6.016127 27.105382 -4.971648
v 6.231276 27.105382 -5.003786
v 6.425365 27.105382 -5.097053
v 6.579395 27.105382 -5.242321
v 6.678288 27.105382 -5.425370
v 6.712364 27.105382 -5.628280
v 6.376526 27.262436 -5.628280
v 6.358887 27.262436 -5.733315
v 6.307696 27.262436 -5.828067
v 6.227964 27.262436 -5.903264
v 6.127496 27.262436 -5.951543
v 6.016127 27.262436 -5.968178
v 5.904758 27.262436 -5.951543
v 5.804290 27.262436 -5.903264
v 5.724558 27.262436 -5.828067
v 5.673367 27.262436 -5.733315
v 5.655728 27.262436 -5.628280
v 5.673367 27.262436 -5.523246
v 5.724558 27.262436 -5.428493
v 5.804290 27.262436 -5.353297
v 5.904758 27.262436 -5.305018
v 6.016127 27.262436 -5.288382
v 6.127496 27.262436 -5.305018
v 6.227964 27.262436 -5.353297
v 6.307696 27.262436 -5.428493
v 6.358887 27.262436 -5.523246
v 6.376526 27.262436 -5.628280
v 6.016127 27.316004 -5.628280
vt 0.5000000 0.6996875
vt 0.0865625 0.8056375
vt 0.1279062 0.8056375
vt 0.1692500 0.8056375
vt 0.2105938 0.8056375
vt 0.2519375 0.8056375
vt 0.2932813 0.8056375
vt 0.3346250 0.8056375
vt 0.3759688 0.8056375
vt 0.4173125 0.8056375
vt 0.4586563 0.8056375
vt 0.5000000 0.8056375
vt 0.5413438 0.8056375
vt 0.5826875 0.8056375
vt 0.6240313 0.8056375
vt 0.6653750 0.8056375
vt 0.7067187 0.8056375
vt 0.7480625 0.8056375
vt 0.7894062 0.8056375
vt 0.8307500 0.8056375
vt 0.8720937 0.8056375
vt 0.9134375 0.8056375
vt 0.0865625 0.7946797
vt 0.1279062 0.7946797
vt 0.1692500 0.7946797
vt 0.2105938 0.7946797
vt 0.2519375 0.7946797
vt 0.2932813 0.7946797
vt 0.3346250 0.7946797
vt 0.3759688 0.7946797
vt 0.4173125 0.7946797
vt 0.4586563 0.7946797
vt 0.5000000 0.7946797
vt 0.5413438 0.7946797
vt 0.5826875 0.7946797
vt 0.6240313 0.7946797
vt 0.6653750 0.7946797
vt 0.7067187 0.7946797
vt 0.7480625 0.7946797
vt 0.7894062 0.7946797
vt 0.8307500 0.7946797
vt 0.8720937 0.7946797
vt 0.9134375 0.7946797
vt 0.0865625 0.7772483
vt 0.1279062 0.7772483
vt 0.1692500 0.7772483
vt 0.2105938 0.7772483
vt 0.2519375 0.7772483
vt 0.2932813 0.7772483
vt 0.3346250 0.7772483
vt 0.3759688 0.7772483
vt 0.4173125 0.7772483
vt 0.4586563 0.7772483
vt 0.5000000 0.7772483
vt 0.5413438 0.7772483
vt 0.5826875 0.7772483
vt 0.6240313 0.7772483
vt 0.6653750 0.7772483
vt 0.7067187 0.7772483
vt 0.7480625 0.7772483
vt 0.7894062 0.7772483
vt 0.8307500 0.7772483
vt 0.8720937 0.7772483
vt 0.9134375 0.7772483
vt 0.0865625 0.7545312
vt 0.1279062 0.7545312
vt 0.1692500 0.7545312
vt 0.2105938 0.7545312
vt 0.2519375 0.7545312
vt 0.2932813 0.7545312
vt 0.3346250 0.7545312
vt 0.3759688 0.7545312
vt 0.4173125 0.7545312
vt 0.4586563 0.7545312
vt 0.5000000 0.7545312
vt 0.5413438 0.7545312
vt 0.5826875 0.7545312
vt 0.6240313 0.7545312
vt 0.6653750 0.7545312
vt 0.7067187 0.7545312
vt 0.7480625 0.7545312
vt 0.7894062 0.7545312
vt 0.8307500 0.7545312
vt 0.8720937 0.7545312
vt 0.9134375 0.7545312
vt 0.0865625 0.7280767
vt 0.1279062 0.7280767
vt 0.1692500 0.7280767
vt 0.2105938 0.7280767
vt 0.2519375 0.7280767
vt 0.2932813 0.7280767
vt 0.3346250 0.7280767
vt 0.3759688 0.7280767
vt 0.4173125 0.7280767
vt 0.4586563 0.7280767
vt 0.5000000 0.7280767
vt 0.5413438 0.7280767
vt 0.5826875 0.7280767
vt 0.6240313 0.7280767
vt 0.6653750 0.7280767
vt 0.7067187 0.7280767
vt 0.7480625 0.7280767
vt 0.7894062 0.7280767
vt 0.8307500 0.7280767
vt 0.8720937 0.7280767
vt 0.9134375 0.7280767
vt 0.0865625 0.6996875
vt 0.1279062 0.6996875
vt 0.1692500 0.6996875
vt 0.2105938 0.6996875
vt 0.2519375 0.6996875
vt 0.2932813 0.6996875
vt 0.3346250 0.6996875
vt 0.3759688 0.6996875
vt 0.4173125 0.6996875
vt 0.4586563 0.6996875
vt 0.5000000 0.6996875
vt 0.5413438 0.6996875
vt 0.5826875 0.6996875
vt 0.6240313 0.6996875
vt 0.6653750 0.6996875
vt 0.7067187 0.6996875
vt 0.7480625 0.6996875
vt 0.7894062 0.6996875
vt 0.8307500 0.6996875
vt 0.8720937 0.6996875
vt 0.9134375 0.6996875
vt 0.0865625 0.6712983
vt 0.1279062 0.6712983
vt 0.1692500 0.6712983
vt 0.2105938 0.6712983
vt 0.2519375 0.6712983
vt 0.2932813 0.6712983
vt 0.3346250 0.6712983
vt 0.3759688 0.6712983
vt 0.4173125 0.6712983
vt 0.4586563 0.6712983
vt 0.5000000 0.6712983
vt 0.5413438 0.6712983
vt 0.5826875 0.6712983
vt 0.6240313 0.6712983
vt 0.6653750 0.6712983
vt 0.7067187 0.6712983
vt 0.7480625 0.6712983
vt 0.7894062 0.6712983
vt 0.8307500 0.6712983
vt 0.8720937 0.6712983
vt 0.9134375 0.6712983
vt 0.0865625 0.6448438
vt 0.1279062 0.6448438
vt 0.1692500 0.6448438
vt 0.2105938 0.6448438
vt 0.2519375 0.6448438
vt 0.2932813 0.6448438
vt 0.3346250 0.6448438
vt 0.3759688 0.6448438
vt 0.4173125 0.6448438
vt 0.4586563 0.6448438
vt 0.5000000 0.6448438
vt 0.5413438 0.6448438
vt 0.5826875 0.6448438
vt 0.6240313 0.6448438
vt 0.6653750 0.6448438
vt 0.7067187 0.6448438
vt 0.7480625 0.6448438
vt 0.7894062 0.6448438
vt 0.8307500 0.6448438
vt 0.8720937 0.6448438
vt 0.9134375 0.6448438
vt 0.0865625 0.6221267
vt 0.1279062 0.6221267
vt 0.1692500 0.6221267
vt 0.2105938 0.6221267
vt 0.2519375 0.6221267
vt 0.2932813 0.6221267
vt 0.3346250 0.6221267
vt 0.3759688 0.6221267
vt 0.4173125 0.6221267
vt 0.4586563 0.6221267
vt 0.5000000 0.6221267
vt 0.5413438 0.6221267
vt 0.5826875 0.6221267
vt 0.6240313 0.6221267
vt 0.6653750 0.6221267
vt 0.7067187 0.6221267
vt 0.7480625 0.6221267
vt 0.7894062 0.6221267
vt 0.8307500 0.6221267
vt 0.8720937 0.6221267
vt 0.9134375 0.6221267
vt 0.0865625 0.6046953
vt 0.1279062 0.6046953
vt 0.1692500 0.6046953
vt 0.2105938 0.6046953
vt 0.2519375 0.6046953
vt 0.2932813 0.6046953
vt 0.3346250 0.6046953
vt 0.3759688 0.6046953
vt 0.4173125 0.6046953
vt 0.4586563 0.6046953
vt 0.5000000 0.6046953
vt 0.5413438 0.6046953
vt 0.5826875 0.6046953
vt 0.6240313 0.6046953
vt 0.6653750 0.6046953
vt 0.7067187 0.6046953
vt 0.7480625 0.6046953
vt 0.7894062 0.6046953
vt 0.8307500 0.6046953
vt 0.8720937 0.6046953
vt 0.9134375 0.6046953
vt 0.0865625 0.5937375
vt 0.1279062 0.5937375
vt 0.1692500 0.5937375
vt 0.2105938 0.5937375
vt 0.2519375 0.5937375
vt 0.2932813 0.5937375
vt 0.3346250 0.5937375
vt 0.3759688 0.5937375
vt 0.4173125 0.5937375
vt 0.4586563 0.5937375
vt 0.5000000 0.5937375
vt 0.5413438 0.5937375
vt 0.5826875 0.5937375
vt 0.6240313 0.5937375
vt 0.6653750 0.5937375
vt 0.7067187 0.5937375
vt 0.7480625 0.5937375
vt 0.7894062 0.5937375
vt 0.8307500 0.5937375
vt 0.8720937 0.5937375
vt 0.9134375 0.5937375
vt 0.5000000 0.6996875
vn 0.0000000 -1.0000000 -0.0000000
vn 0.3344521 -0.9421193 -0.0235167
vn 0.3109396 -0.9412428 -0.1318279
vn 0.2568155 -0.9394653 -0.2268276
vn 0.1777621 -0.9374741 -0.2992372
vn 0.0817260 -0.9360271 -0.3423070
vn -0.0220271 -0.9356671 -0.3521957
vn -0.1237063 -0.9365281 -0.3280423
vn -0.2136570 -0.9382890 -0.2719642
vn -0.2830618 -0.9402853 -0.1890489
vn -0.3248100 -0.9417522 -0.0871853
vn -0.3344521 -0.9421193 0.0235167
vn -0.3109396 -0.9412428 0.1318279
vn -0.2568155 -0.9394653 0.2268276
vn -0.1777621 -0.9374741 0.2992372
vn -0.0817260 -0.9360271 0.3423070
vn 0.0220271 -0.9356671 0.3521957
vn 0.1237063 -0.9365281 0.3280423
vn 0.2136570 -0.9382890 0.2719642
vn 0.2830618 -0.9402853 0.1890489
vn 0.3248100 -0.9417522 0.0871853
vn 0.3344521 -0.9421193 -0.0235167
vn 0.5633932 -0.8259316 -0.0206165
vn 0.5286059 -0.8240540 -0.2037419
vn 0.4410907 -0.8198440 -0.3650957
vn 0.3112379 -0.8149706 -0.4888291
vn 0.1528465 -0.8112844 -0.5643187
vn -0.0190717 -0.8101276 -0.5859433
vn -0.1893209 -0.8119114 -0.5522295
vn -0.3427133 -0.8159998 -0.4655018
vn -0.4643725 -0.8208918 -0.3324077
vn -0.5410266 -0.8247112 -0.1647475
vn -0.5633932 -0.8259316 0.0206165
vn -0.5286059 -0.8240540 0.2037419
vn -0.4410907 -0.8198440 0.3650957
vn -0.3112379 -0.8149706 0.4888291
vn -0.1528465 -0.8112844 0.5643187
vn 0.0190717 -0.8101276 0.5859433
vn 0.1893209 -0.8119114 0.5522295
vn 0.3427133 -0.8159998 0.4655018
vn 0.4643725 -0.8208918 0.3324077
vn 0.5410266 -0.8247112 0.1647475
vn 0.5633932 -0.8259316 -0.0206165
vn 0.7559800 -0.6543909 -0.0163346
vn 0.7115101 -0.6519087 -0.2622373
vn 0.5948902 -0.6460768 -0.4782158
vn 0.4219164 -0.6392781 -0.6428919
vn 0.2121661 -0.6340886 -0.7435840
vn -0.0148861 -0.6323312 -0.7745551
vn -0.2407522 -0.6345957 -0.7343887
vn -0.4468545 -0.6401195 -0.6249544
vn -0.6135941 -0.6469454 -0.4527295
vn -0.7216045 -0.6524598 -0.2314805
vn -0.7559800 -0.6543909 0.0163346
vn -0.7115101 -0.6519087 0.2622373
vn -0.5948902 -0.6460768 0.4782158
vn -0.4219164 -0.6392781 0.6428919
vn -0.2121661 -0.6340886 0.7435840
vn 0.0148861 -0.6323312 0.7745551
vn 0.2407522 -0.6345957 0.7343887
vn 0.4468545 -0.6401195 0.6249544
vn 0.6135941 -0.6469454 0.4527295
vn 0.7216045 -0.6524598 0.2314805
vn 0.7559800 -0.6543909 -0.0163346
vn 0.8930887 -0.4497404 -0.0112262
vn 0.8418429 -0.4474743 -0.3017736
vn 0.7039640 -0.4419946 -0.5559455
vn 0.5001426 -0.4355994 -0.7484053
vn 0.2546573 -0.4307082 -0.8658176
vn -0.0100990 -0.4289858 -0.9032548
vn -0.2741176 -0.4309813 -0.8597178
vn -0.5172776 -0.4360568 -0.7363955
vn -0.7169704 -0.4424725 -0.5386757
vn -0.8489340 -0.4477806 -0.2807197
vn -0.8930887 -0.4497404 0.0112262
vn -0.8418429 -0.4474743 0.3017736
vn -0.7039640 -0.4419946 0.5559455
vn -0.5001426 -0.4355994 0.7484053
vn -0.2546573 -0.4307082 0.8658176
vn 0.0100990 -0.4289858 0.9032548
vn 0.2741176 -0.4309813 0.8597178
vn 0.5172776 -0.4360568 0.7363955
vn 0.7169704 -0.4424725 0.5386757
vn 0.8489340 -0.4477806 0.2807197
vn 0.8930887 -0.4497404 -0.0112262
vn 0.9735922 -0.2282230 -0.0056968
vn 0.9189529 -0.2269074 -0.3225503
vn 0.7687754 -0.2236500 -0.5991370
vn 0.5470581 -0.2198408 -0.8077112
vn 0.2811006 -0.2169208 -0.9348411
vn -0.0050818 -0.2158639 -0.9764102
vn -0.2909145 -0.2169957 -0.9318163
vn -0.5557510 -0.2199670 -0.8017202
vn -0.7754253 -0.2237829 -0.5904547
vn -0.9226028 -0.2269931 -0.3118947
vn -0.9735922 -0.2282230 0.0056968
vn -0.9189529 -0.2269074 0.3225503
vn -0.7687754 -0.2236500 0.5991370
vn -0.5470581 -0.2198408 0.8077112
vn -0.2811006 -0.2169208 0.9348411
vn 0.0050818 -0.2158639 0.9764102
vn 0.2909145 -0.2169957 0.9318163
vn 0.5557510 -0.2199670 0.8017202
vn 0.7754253 -0.2237829 0.5904547
vn 0.9226028 -0.2269931 0.3118947
vn 0.9735922 -0.2282230 -0.0056968
vn 1.0000000 -0.0000000 -0.0000000
vn 0.9454634 -0.0000000 -0.3257282
vn 0.7921902 0.0000000 -0.6102743
vn 0.5652478 0.0000000 -0.8249212
vn 0.2929894 -0.0000000 -0.9561157
vn 0.0000000 0.0000000 -1.0000000
vn -0.2929894 0.0000000 -0.9561157
vn -0.5652478 -0.0000000 -0.8249212
vn -0.7921902 -0.0000000 -0.6102743
vn -0.9454634 0.0000000 -0.3257282
vn -1.0000000 0.0000000 -0.0000000
vn -0.9454634 -0.0000000 0.3257282
vn -0.7921902 0.0000000 0.6102743
vn -0.5652478 0.0000000 0.8249212
vn -0.2929894 -0.0000000 0.9561157
vn -0.0000000 0.0000000 1.0000000
vn 0.2929894 0.0000000 0.9561157
vn 0.5652478 -0.0000000 0.8249212
vn 0.7921902 -0.0000000 0.6102743
vn 0.9454634 0.0000000 0.3257282
vn 1.0000000 -0.0000000 -0.0000000
vn 0.9735922 0.2282230 0.0056968
vn 0.9226028 0.2269931 -0.3118947
vn 0.7754253 0.2237829 -0.5904547
vn 0.5557510 0.2199670 -0.8017202
vn 0.2909145 0.2169957 -0.9318163
vn 0.0050818 0.2158639 -0.9764102
vn -0.2811006 0.2169208 -0.9348411
vn -0.5470581 0.2198408 -0.8077112
vn -0.7687754 0.2236500 -0.5991370
vn -0.9189529 0.2269074 -0.3225503
vn -0.9735922 0.2282230 -0.0056968
vn -0.9226028 0.2269931 0.3118947
vn -0.7754253 0.2237829 0.5904547
vn -0.5557510 0.2199670 0.8017202
vn -0.2909145 0.2169957 0.9318163
vn -0.0050818 0.2158639 0.9764102
vn 0.2811006 0.2169208 0.9348411
vn 0.5470581 0.2198408 0.8077112
vn 0.7687754 0.2236500 0.5991370
vn 0.9189529 0.2269074 0.3225503
vn 0.9735922 0.2282230 0.0056968
vn 0.8930887 0.4497404 0.0112262
vn 0.8489340 0.4477806 -0.2807197
vn 0.7169704 0.4424725 -0.5386757
vn 0.5172776 0.4360568 -0.7363955
vn 0.2741176 0.4309813 -0.8597178
vn 0.0100990 0.4289858 -0.9032548
vn -0.2546573 0.4307082 -0.8658176
vn -0.5001426 0.4355994 -0.7484053
vn -0.7039640 0.4419946 -0.5559455
vn -0.8418429 0.4474743 -0.3017736
vn -0.8930887 0.4497404 -0.0112262
vn -0.8489340 0.4477806 0.2807197
vn -0.7169704 0.4424725 0.5386757
vn -0.5172776 0.4360568 0.7363955
vn -0.2741176 0.4309813 0.8597178
vn -0.0100990 0.4289858 0.9032548
vn 0.2546573 0.4307082 0.8658176
vn 0.5001426 0.4355994 0.7484053
vn 0.7039640 0.4419946 0.5559455
vn 0.8418429 0.4474743 0.3017736
vn 0.8930887 0.4497404 0.0112262
vn 0.7559800 0.6543909 0.0163346
vn 0.7216045 0.6524598 -0.2314805
vn 0.6135941 0.6469454 -0.4527295
vn 0.4468545 0.6401195 -0.6249544
vn 0.2407522 0.6345957 -0.7343887
vn 0.0148861 0.6323312 -0.7745551
vn -0.2121661 0.6340886 -0.7435840
vn -0.4219164 0.6392781 -0.6428919
vn -0.5948902 0.6460768 -0.4782158
vn -0.7115101 0.6519087 -0.2622373
vn -0.7559800 0.6543909 -0.0163346
vn -0.7216045 0.6524598 0.2314805
vn -0.6135941 0.6469454 0.4527295
vn -0.4468545 0.6401195 0.6249544
vn -0.2407522 0.6345957 0.7343887
vn -0.0148861 0.6323312 0.7745551
vn 0.2121661 0.6340886 0.7435840
vn 0.4219164 0.6392781 0.6428919
vn 0.5948902 0.6460768 0.4782158
vn 0.7115101 0.6519087 0.2622373
vn 0.7559800 0.6543909 0.0163346
vn 0.5633932 0.8259316 0.0206165
vn 0.5410266 0.8247112 -0.1647475
vn 0.4643725 0.8208918 -0.3324077
vn 0.3427133 0.8159998 -0.4655018
vn 0.1893209 0.8119114 -0.5522295
vn 0.0190717 0.8101276 -0.5859433
vn -0.1528465 0.8112844 -0.5643187
vn -0.3112379 0.8149706 -0.4888291
vn -0.4410907 0.8198440 -0.3650957
vn -0.5286059 0.8240540 -0.2037419
vn -0.5633932 0.8259316 -0.0206165
vn -0.5410266 0.8247112 0.1647475
vn -0.4643725 0.8208918 0.3324077
vn -0.3427133 0.8159998 0.4655018
vn -0.1893209 0.8119114 0.5522295
vn -0.0190717 0.8101276 0.5859433
vn 0.1528465 0.8112844 0.5643187
vn 0.3112379 0.8149706 0.4888291
vn 0.4410907 0.8198440 0.3650957
vn 0.5286059 0.8240540 0.2037419
vn 0.5633932 0.8259316 0.0206165
vn 0.3344521 0.9421193 0.0235167
vn 0.3248100 0.9417522 -0.0871853
vn 0.2830618 0.9402853 -0.1890489
vn 0.2136570 0.9382890 -0.2719642
vn 0.1237063 0.9365281 -0.3280423
vn 0.0220271 0.9356671 -0.3521957
vn -0.0817260 0.9360271 -0.3423070
vn -0.1777621 0.9374741 -0.2992372
vn -0.2568155 0.9394653 -0.2268276
vn -0.3109396 0.9412428 -0.1318279
vn -0.3344521 0.9421193 -0.0235167
vn -0.3248100 0.9417522 0.0871853
vn -0.2830618 0.9402853 0.1890489
vn -0.2136570 0.9382890 0.2719642
vn -0.1237063 0.9365281 0.3280423
vn -0.0220271 0.9356671 0.3521957
vn 0.0817260 0.9360271 0.3423070
vn 0.1777621 0.9374741 0.2992372
vn 0.2568155 0.9394653 0.2268276
vn 0.3109396 0.9412428 0.1318279
vn 0.3344521 0.9421193 0.0235167
vn 0.0000000 1.0000000 -0.0000000
s 1
f 1927/1927/1927 1929/1929/1929 1928/1928/1928
f 1927/1927/1927 1930/1930/1930 1929/1929/1929
f 1927/1927/1927 1931/1931/1931 1930/1930/1930
f 1927/1927/1927 1932/1932/1932 1931/1931/1931
f 1927/1927/1927 1933/1933/1933 1932/1932/1932
f 1927/1927/1927 1934/1934/1934 1933/1933/1933
f 1927/1927/1927 1935/1935/1935 1934/1934/1934
f 1927/1927/1927 1936/1936/1936 1935/1935/1935
f 1927/1927/1927 1937/1937/1937 1936/1936/1936
f 1927/1927/1927 1938/1938/1938 1937/1937/1937
f 1927/1927/1927 1939/1939/1939 1938/1938/1938
f 1927/1927/1927 1940/1940/1940 1939/1939/1939
f 1927/1927/1927 1941/1941/1941 1940/1940/1940
f 1927/1927/1927 1942/1942/1942 1941/1941/1941
f 1927/1927/1927 1943/1943/1943 1942/1942/1942
f 1927/1927/1927 1944/1944/1944 1943/1943/1943
f 1927/1927/1927 1945/1945/1945 1944/1944/1944
f 1927/1927/1927 1946/1946/1946 1945/1945/1945
f 1927/1927/1927 1947/1947/1947 1946/1946/1946
f 1927/1927/1927 1948/1948/1948 1947/1947/1947
f 1928/1928/1928 1929/1929/1929 1950/1950/1950
f 1928/1928/1928 1950/1950/1950 1949/1949/1949
f 1929/1929/1929 1930/1930/1930 1951/1951/1951
f 1929/1929/1929 1951/1951/1951 1950/1950/1950
f 1930/1930/1930 1931/1931/1931 1952/1952/1952
f 1930/1930/1930 1952/1952/1952 1951/1951/1951
f 1931/1931/1931 1932/1932/1932 1953/1953/1953
f 1931/1931/1931 1953/1953/1953 1952/1952/1952
f 1932/1932/1932 1933/1933/1933 1954/1954/1954
f 1932/1932/1932 1954/1954/1954 1953/1953/1953
f 1933/1933/1933 1934/1934/1934 1955/1955/1955
f 1933/1933/1933 1955/1955/1955 1954/1954/1954
f 1934/1934/1934 1935/1935/1935 1956/1956/1956
f 1934/1934/1934 1956/1956/1956 1955/1955/1955
f 1935/1935/1935 1936/1936/1936 1957/1957/1957
f 1935/1935/1935 1957/1957/1957 1956/1956/1956
f 1936/1936/1936 1937/1937/1937 1958/1958/1958
f 1936/1936/1936 1958/1958/1958 1957/1957/1957
f 1937/1937/1937 1938/1938/1938 1959/1959/1959
f 1937/1937/1937 1959/1959/1959 1958/1958/1958
f 1938/1938/1938 1939/1939/1939 1960/1960/1960
f 1938/1938/1938 1960/1960/1960 1959/1959/1959
f 1939/1939/1939 1940/1940/1940 1961/1961/1961
f 1939/1939/1939 1961/1961/1961 1960/1960/1960
f 1940/1940/1940 1941/1941/1941 1962/1962/1962
f 1940/1940/1940 1962/1962/1962 1961/1961/1961
f 1941/1941/1941 1942/1942/1942 1963/1963/1963
f 1941/1941/1941 1963/1963/1963 1962/1962/1962
f 1942/1942/1942 1943/1943/1943 1964/1964/1964
f 1942/1942/1942 1964/1964/1964 1963/1963/1963
f 1943/1943/1943 1944/1944/1944 1965/1965/1965
f 1943/1943/1943 1965/1965/1965 1964/1964/1964
f 1944/1944/1944 1945/1945/1945 1966/1966/1966
f 1944/1944/1944 1966/1966/1966 1965/1965/1965
f 1945/1945/1945 1946/1946/1946 1967/1967/1967
f 1945/1945/1945 1967/1967/1967 1966/1966/1966
f 1946/1946/1946 1947/1947/1947 1968/1968/1968
f 1946/1946/1946 1968/1968/1968 1967/1967/1967
f 1947/1947/1947 1948/1948/1948 1969/1969/1969
f 1947/1947/1947 1969/1969/1969 1968/1968/1968
f 1949/1949/1949 1950/1950/1950 1971/1971/1971
f 1949/1949/1949 1971/1971/1971 1970/1970/1970
f 1950/1950/1950 1951/1951/1951 1972/1972/1972
f 1950/1950/1950 1972/1972/1972 1971/1971/1971
f 1951/1951/1951 1952/1952/1952 1973/1973/1973
f 1951/1951/1951 1973/1973/1973 1972/1972/1972
f 1952/1952/1952 1953/1953/1953 1974/1974/1974
f 1952/1952/1952 1974/1974/1974 1973/1973/1973
f 1953/1953/1953 1954/1954/1954 1975/1975/1975
f 1953/1953/1953 1975/1975/1975 1974/1974/1974
f 1954/1954/1954 1955/1955/1955 1976/1976/1976
f 1954/1954/1954 1976/1976/1976 1975/1975/1975
f 1955/1955/1955 1956/1956/1956 1977/1977/1977
f 1955/1955/1955 1977/1977/1977 1976/1976/1976
f 1956/1956/1956 1957/1957/1957 1978/1978/1978
f 1956/1956/1956 1978/1978/1978 1977/1977/1977
f 1957/1957/1957 1958/1958/1958 1979/1979/1979
f 1957/1957/1957 1979/1979/1979 1978/1978/1978
f 1958/1958/1958 1959/1959/1959 1980/1980/1980
f 1958/1958/1958 1980/1980/1980 1979/1979/1979
f 1959/1959/1959 1960/1960/1960 1981/1981/1981
f 1959/1959/1959 1981/1981/1981 1980/1980/1980
f 1960/1960/1960 1961/1961/1961 1982/1982/1982
f 1960/1960/1960 1982/1982/1982 1981/1981/1981
f 1961/1961/1961 1962/1962/1962 1983/1983/1983
f 1961/1961/1961 1983/1983/1983 1982/1982/1982
f 1962/1962/1962 1963/1963/1963 1984/1984/1984
f 1962/1962/1962 1984/1984/1984 1983/1983/1983
f 1963/1963/1963 1964/1964/1964 1985/1985/1985
f 1963/1963/1963 1985/1985/1985 1984/1984/1984
f 1964/1964/1964 1965/1965/1965 1986/1986/1986
f 1964/1964/1964 1986/1986/1986 1985/1985/1985
f 1965/1965/1965 1966/1966/1966 1987/1987/1987
f 1965/1965/1965 1987/1987/1987 1986/1986/1986
f 1966/1966/1966 1967/1967/1967 1988/1988/1988
f 1966/1966/1966 1988/1988/1988 1987/1987/1987
f 1967/1967/1967 1968/1968/1968 1989/1989/1989
f 1967/1967/1967 1989/1989/1989 1988/1988/1988
f 1968/1968/1968 1969/1969/1969 1990/1990/1990
f 1968/1968/1968 1990/1990/1990 1989/1989/1989
f 1970/1970/1970 1971/1971/1971 1992/1992/1992
f 1970/1970/1970 1992/1992/1992 1991/1991/1991
f 1971/1971/1971 1972/1972/1972 1993/1993/1993
f 1971/1971/1971 1993/1993/1993 1992/1992/1992
f 1972/1972/1972 1973/1973/1973 1994/1994/1994
f 1972/1972/1972 1994/1994/1994 1993/1993/1993
f 1973/1973/1973 1974/1974/1974 1995/1995/1995
f 1973/1973/1973 1995/1995/1995 1994/1994/1994
f 1974/1974/1974 1975/1975/1975 1996/1996/1996
f 1974/1974/1974 1996/1996/1996 1995/1995/1995
f 1975/1975/1975 1976/1976/1976 1997/1997/1997
f 1975/1975/1975 1997/1997/1997 1996/1996/1996
f 1976/1976/1976 1977/1977/1977 1998/1998/1998
f 1976/1976/1976 1998/1998/1998 1997/1997/1997
f 1977/1977/1977 1978/1978/1978 1999/1999/1999
f 1977/1977/1977 1999/1999/1999 1998/1998/1998
f 1978/1978/1978 1979/1979/1979 2000/2000/2000
f 1978/1978/1978 2000/2000/2000 1999/1999/1999
f 1979/1979/1979 1980/1980/1980 2001/2001/2001
f 1979/1979/1979 2001/2001/2001 2000/2000/2000
f 1980/1980/1980 1981/1981/1981 2002/2002/2002
f 1980/1980/1980 2002/2002/2002 2001/2001/2001
f 1981/1981/1981 1982/1982/1982 2003/2003/2003
f 1981/1981/1981 2003/2003/2003 2002/2002/2002
f 1982/1982/1982 1983/1983/1983 2004/2004/2004
f 1982/1982/1982 2004/2004/2004 2003/2003/2003
f 1983/1983/1983 1984/1984/1984 2005/2005/2005
f 1983/1983/1983 2005/2005/2005 2004/2004/2004
f 1984/1984/1984 1985/1985/1985 2006/2006/2006
f 1984/1984/1984 2006/2006/2006 2005/2005/2005
f 1985/1985/1985 1986/1986/1986 2007/2007/2007
f 1985/1985/1985 2007/2007/2007 2006/2006/2006
f 1986/1986/1986 1987/1987/1987 2008/2008/2008
f 1986/1986/1986 2008/2008/2008 2007/2007/2007
f 1987/1987/1987 1988/1988/1988 2009/2009/2009
f 1987/1987/1987 2009/2009/2009 2008/2008/2008
f 1988/1988/1988 1989/1989/1989 2010/2010/2010
f 1988/1988/1988 2010/2010/2010 2009/2009/2009
f 1989/1989/1989 1990/1990/1990 2011/2011/2011
f 1989/1989/1989 2011/2011/2011 2010/2010/2010
f 1991/1991/1991 1992/1992/1992 2013/2013/2013
f 1991/1991/1991 2013/2013/2013 2012/2012/2012
f 1992/1992/1992 1993/1993/1993 2014/2014/2014
f 1992/1992/1992 2014/2014/2014 2013/2013/2013
f 1993/1993/1993 1994/1994/1994 2015/2015/2015
f 1993/1993/1993 2015/2015/2015 2014/2014/2014
f 1994/1994/1994 1995/1995/1995 2016/2016/2016
f 1994/1994/1994 2016/2016/2016 2015/2015/2015
f 1995/1995/1995 1996/1996/1996 2017/2017/2017
f 1995/1995/1995 2017/2017/2017 2016/2016/2016
f 1996/1996/1996 1997/1997/1997 2018/2018/2018
f 1996/1996/1996 2018/2018/2018 2017/2017/2017
f 1997/1997/1997 1998/1998/1998 2019/2019/2019
f 1997/1997/1997 2019/2019/2019 2018/2018/2018
f 1998/1998/1998 1999/1999/1999 2020/2020/2020
f 1998/1998/1998 2020/2020/2020 2019/2019/2019
f 1999/1999/1999 2000/2000/2000 2021/2021/2021
f 1999/1999/1999 2021/2021/2021 2020/2020/2020
f 2000/2000/2000 2001/2001/2001 2022/2022/2022
f 2000/2000/2000 2022/2022/2022 2021/2021/2021
f 2001/2001/2001 2002/2002/2002 2023/2023/2023
f 2001/2001/2001 2023/2023/2023 2022/2022/2022
f 2002/2002/2002 2003/2003/2003 2024/2024/2024
f 2002/2002/2002 2024/2024/2024 2023/2023/2023
f 2003/2003/2003 2004/2004/2004 2025/2025/2025
f 2003/2003/2003 2025/2025/2025 2024/2024/2024
f 2004/2004/2004 2005/2005/2005 2026/2026/2026
f 2004/2004/2004 2026/2026/2026 2025/2025/2025
f 2005/2005/2005 2006/2006/2006 2027/2027/2027
f 2005/2005/2005 2027/2027/2027 2026/2026/2026
f 2006/2006/2006 2007/2007/2007 2028/2028/2028
f 2006/2006/2006 2028/2028/2028 2027/2027/2027
f 2007/2007/2007 2008/2008/2008 2029/2029/2029
f 2007/2007/2007 2029/2029/2029 2028/2028/2028
f 2008/2008/2008 2009/2009/2009 2030/2030/2030
f 2008/2008/2008 2030/2030/2030 2029/2029/2029
f 2009/2009/2009 2010/2010/2010 2031/2031/2031
f 2009/2009/2009 2031/2031/2031 2030/2030/2030
f 2010/2010/2010 2011/2011/2011 2032/2032/2032
f 2010/2010/2010 2032/2032/2032 2031/2031/2031
f 2012/2012/2012 2013/2013/2013 2034/2034/2034
f 2012/2012/2012 2034/2034/2034 2033/2033/2033
f 2013/2013/2013 2014/2014/2014 2035/2035/2035
f 2013/2013/2013 2035/2035/2035 2034/2034/2034
f 2014/2014/2014 2015/2015/2015 2036/2036/2036
f 2014/2014/2014 2036/2036/2036 2035/2035/2035
f 2015/2015/2015 2016/2016/2016 2037/2037/2037
f 2015/2015/2015 2037/2037/2037 2036/2036/2036
f 2016/2016/2016 2017/2017/2017 2038/2038/2038
f 2016/2016/2016 2038/2038/2038 2037/2037/2037
f 2017/2017/2017 2018/2018/2018 2039/2039/2039
f 2017/2017/2017 2039/2039/2039 2038/2038/2038
f 2018/2018/2018 2019/2019/2019 2040/2040/2040
f 2018/2018/2018 2040/2040/2040 2039/2039/2039
f 2019/2019/2019 2020/2020/2020 2041/2041/2041
f 2019/2019/2019 2041/2041/2041 2040/2040/2040
f 2020/2020/2020 2021/2021/2021 2042/2042/2042
f 2020/2020/2020 2042/2042/2042 2041/2041/2041
f 2021/2021/2021 2022/2022/2022 2043/2043/2043
f 2021/2021/2021 2043/2043/2043 2042/2042/2042
f 2022/2022/2022 2023/2023/2023 2044/2044/2044
f 2022/2022/2022 2044/2044/2044 2043/2043/2043
f 2023/2023/2023 2024/2024/2024 2045/2045/2045
f 2023/2023/2023 2045/2045/2045 2044/2044/2044
f 2024/2024/2024 2025/2025/2025 2046/2046/2046
f 2024/2024/2024 2046/2046/2046 2045/2045/2045
f 2025/2025/2025 2026/2026/2026 2047/2047/2047
f 2025/2025/2025 2047/2047/2047 2046/2046/2046
f 2026/2026/2026 2027/2027/2027 2048/2048/2048
f 2026/2026/2026 2048/2048/2048 2047/2047/2047
f 2027/2027/2027 2028/2028/2028 2049/2049/2049
f 2027/2027/2027 2049/2049/2049 2048/2048/2048
f 2028/2028/2028 2029/2029/2029 2050/2050/2050
f 2028/2028/2028 2050/2050/2050 2049/2049/2049
f 2029/2029/2029 2030/2030/2030 2051/2051/2051
f 2029/2029/2029 2051/2051/2051 2050/2050/2050
f 2030/2030/2030 2031/2031/2031 2052/2052/2052
f 2030/2030/2030 2052/2052/2052 2051/2051/2051
f 2031/2031/2031 2032/2032/2032 2053/2053/2053
f 2031/2031/2031 2053/2053/2053 2052/2052/2052
f 2033/2033/2033 2034/2034/2034 2055/2055/2055
f 2033/2033/2033 2055/2055/2055 2054/2054/2054
f 2034/2034/2034 2035/2035/2035 2056/2056/2056
f 2034/2034/2034 2056/2056/2056 2055/2055/2055
f 2035/2035/2035 2036/2036/2036 2057/2057/2057
f 2035/2035/2035 2057/2057/2057 2056/2056/2056
f 2036/2036/2036 2037/2037/2037 2058/2058/2058
f 2036/2036/2036 2058/2058/2058 2057/2057/2057
f 2037/2037/2037 2038/2038/2038 2059/2059/2059
f 2037/2037/2037 2059/2059/2059 2058/2058/2058
f 2038/2038/2038 2039/2039/2039 2060/2060/2060
f 2038/2038/2038 2060/2060/2060 2059/2059/2059
f 2039/2039/2039 2040/2040/2040 2061/2061/2061
f 2039/2039/2039 2061/2061/2061 2060/2060/2060
f 2040/2040/2040 2041/2041/2041 2062/2062/2062
f 2040/2040/2040 2062/2062/2062 2061/2061/2061
f 2041/2041/2041 2042/2042/2042 2063/2063/2063
f 2041/2041/2041 2063/2063/2063 2062/2062/2062
f 2042/2042/2042 2043/2043/2043 2064/2064/2064
f 2042/2042/2042 2064/2064/2064 2063/2063/2063
f 2043/2043/2043 2044/2044/2044 2065/2065/2065
f 2043/2043/2043 2065/2065/2065 2064/2064/2064
f 2044/2044/2044 2045/2045/2045 2066/2066/2066
f 2044/2044/2044 2066/2066/2066 2065/2065/2065
f 2045/2045/2045 2046/2046/2046 2067/2067/2067
f 2045/2045/2045 2067/2067/2067 2066/2066/2066
f 2046/2046/2046 2047/2047/2047 2068/2068/2068
f 2046/2046/2046 2068/2068/2068 2067/2067/2067
f 2047/2047/2047 2048/2048/2048 2069/2069/2069
f 2047/2047/2047 2069/2069/2069 2068/2068/2068
f 2048/2048/2048 2049/2049/2049 2070/2070/2070
f 2048/2048/2048 2070/2070/2070 2069/2069/2069
f 2049/2049/2049 2050/2050/2050 2071/2071/2071
f 2049/2049/2049 2071/2071/2071 2070/2070/2070
f 2050/2050/2050 2051/2051/2051 2072/2072/2072
f 2050/2050/2050 2072/2072/2072 2071/2071/2071
f 2051/2051/2051 2052/2052/2052 2073/2073/2073
f 2051/2051/2051 2073/2073/2073 2072/2072/2072
f 2052/2052/2052 2053/2053/2053 2074/2074/2074
f 2052/2052/2052 2074/2074/2074 2073/2073/2073
f 2054/2054/2054 2055/2055/2055 2076/2076/2076
f 2054/2054/2054 2076/2076/2076 2075/2075/2075
f 2055/2055/2055 2056/2056/2056 2077/2077/2077
f 2055/2055/2055 2077/2077/2077 2076/2076/2076
f 2056/2056/2056 2057/2057/2057 2078/2078/2078
f 2056/2056/2056 2078/2078/2078 2077/2077/2077
f 2057/2057/2057 2058/2058/2058 2079/2079/2079
f 2057/2057/2057 2079/2079/2079 2078/2078/2078
f 2058/2058/2058 2059/2059/2059 2080/2080/2080
f 2058/2058/2058 2080/2080/2080 2079/2079/2079
f 2059/2059/2059 2060/2060/2060 2081/2081/2081
f 2059/2059/2059 2081/2081/2081 2080/2080/2080
f 2060/2060/2060 2061/2061/2061 2082/2082/2082
f 2060/2060/2060 2082/2082/2082 2081/2081/2081
f 2061/2061/2061 2062/2062/2062 2083/2083/2083
f 2061/2061/2061 2083/2083/2083 2082/2082/2082
f 2062/2062/2062 2063/2063/2063 2084/2084/2084
f 2062/2062/2062 2084/2084/2084 2083/2083/2083
f 2063/2063/2063 2064/2064/2064 2085/2085/2085
f 2063/2063/2063 2085/2085/2085 2084/2084/2084
f 2064/2064/2064 2065/2065/2065 2086/2086/2086
f 2064/2064/2064 2086/2086/2086 2085/2085/2085
f 2065/2065/2065 2066/2066/2066 2087/2087/2087
f 2065/2065/2065 2087/2087/2087 2086/2086/2086
f 2066/2066/2066 2067/2067/2067 2088/2088/2088
f 2066/2066/2066 2088/2088/2088 2087/2087/2087
f 2067/2067/2067 2068/2068/2068 2089/2089/2089
f 2067/2067/2067 2089/2089/2089 2088/2088/2088
f 2068/2068/2068 2069/2069/2069 2090/2090/2090
f 2068/2068/2068 2090/2090/2090 2089/2089/2089
f 2069/2069/2069 2070/2070/2070 2091/2091/2091
f 2069/2069/2069 2091/2091/2091 2090/2090/2090
f 2070/2070/2070 2071/2071/2071 2092/2092/2092
f 2070/2070/2070 2092/2092/2092 2091/2091/2091
f 2071/2071/2071 2072/2072/2072 2093/2093/2093
f 2071/2071/2071 2093/2093/2093 2092/2092/2092
f 2072/2072/2072 2073/2073/2073 2094/2094/2094
f 2072/2072/2072 2094/2094/2094 2093/2093/2093
f 2073/2073/2073 2074/2074/2074 2095/2095/2095
f 2073/2073/2073 2095/2095/2095 2094/2094/2094
f 2075/2075/2075 2076/2076/2076 2097/2097/2097
f 2075/2075/2075 2097/2097/2097 2096/2096/2096
f 2076/2076/2076 2077/2077/2077 2098/2098/2098
f 2076/2076/2076 2098/2098/2098 2097/2097/2097
f 2077/2077/2077 2078/2078/2078 2099/2099/2099
f 2077/2077/2077 2099/2099/2099 2098/2098/2098
f 2078/2078/2078 2079/2079/2079 2100/2100/2100
f 2078/2078/2078 2100/2100/2100 2099/2099/2099
f 2079/2079/2079 2080/2080/2080 2101/2101/2101
f 2079/2079/2079 2101/2101/2101 2100/2100/2100
f 2080/2080/2080 2081/2081/2081 2102/2102/2102
f 2080/2080/2080 2102/2102/2102 2101/2101/2101
f 2081/2081/2081 2082/2082/2082 2103/2103/2103
f 2081/2081/2081 2103/2103/2103 2102/2102/2102
f 2082/2082/2082 2083/2083/2083 2104/2104/2104
f 2082/2082/2082 2104/2104/2104 2103/2103/2103
f 2083/2083/2083 2084/2084/2084 2105/2105/2105
f 2083/2083/2083 2105/2105/2105 2104/2104/2104
f 2084/2084/2084 2085/2085/2085 2106/2106/2106
f 2084/2084/2084 2106/2106/2106 2105/2105/2105
f 2085/2085/2085 2086/2086/2086 2107/2107/2107
f 2085/2085/2085 2107/2107/2107 2106/2106/2106
f 2086/2086/2086 2087/2087/2087 2108/2108/2108
f 2086/2086/2086 2108/2108/2108 2107/2107/2107
f 2087/2087/2087 2088/2088/2088 2109/2109/2109
f 2087/2087/2087 2109/2109/2109 2108/2108/2108
f 2088/2088/2088 2089/2089/2089 2110/2110/2110
f 2088/2088/2088 2110/2110/2110 2109/2109/2109
f 2089/2089/2089 2090/2090/2090 2111/2111/2111
f 2089/2089/2089 2111/2111/2111 2110/2110/2110
f 2090/2090/2090 2091/2091/2091 2112/2112/2112
f 2090/2090/2090 2112/2112/2112 2111/2111/2111
f 2091/2091/2091 2092/2092/2092 2113/2113/2113
f 2091/2091/2091 2113/2113/2113 2112/2112/2112
f 2092/2092/2092 2093/2093/2093 2114/2114/2114
f 2092/2092/2092 2114/2114/2114 2113/2113/2113
f 2093/2093/2093 2094/2094/2094 2115/2115/2115
f 2093/2093/2093 2115/2115/2115 2114/2114/2114
f 2094/2094/2094 2095/2095/2095 2116/2116/2116
f 2094/2094/2094 2116/2116/2116 2115/2115/2115
f 2096/2096/2096 2097/2097/2097 2118/2118/2118
f 2096/2096/2096 2118/2118/2118 2117/2117/2117
f 2097/2097/2097 2098/2098/2098 2119/2119/2119
f 2097/2097/2097 2119/2119/2119 2118/2118/2118
f 2098/2098/2098 2099/2099/2099 2120/2120/2120
f 2098/2098/2098 2120/2120/2120 2119/2119/2119
f 2099/2099/2099 2100/2100/2100 2121/2121/2121
f 2099/2099/2099 2121/2121/2121 2120/2120/2120
f 2100/2100/2100 2101/2101/2101 2122/2122/2122
f 2100/2100/2100 2122/2122/2122 2121/2121/2121
f 2101/2101/2101 2102/2102/2102 2123/2123/2123
f 2101/2101/2101 2123/2123/2123 2122/2122/2122
f 2102/2102/2102 2103/2103/2103 2124/2124/2124
f 2102/2102/2102 2124/2124/2124 2123/2123/2123
f 2103/2103/2103 2104/2104/2104 2125/2125/2125
f 2103/2103/2103 2125/2125/2125 2124/2124/2124
f 2104/2104/2104 2105/2105/2105 2126/2126/2126
f 2104/2104/2104 2126/2126/2126 2125/2125/2125
f 2105/2105/2105 2106/2106/2106 2127/2127/2127
f 2105/2105/2105 2127/2127/2127 2126/2126/2126
f 2106/2106/2106 2107/2107/2107 2128/2128/2128
f 2106/2106/2106 2128/2128/2128 2127/2127/2127
f 2107/2107/2107 2108/2108/2108 2129/2129/2129
f 2107/2107/2107 2129/2129/2129 2128/2128/2128
f 2108/2108/2108 2109/2109/2109 2130/2130/2130
f 2108/2108/2108 2130/2130/2130 2129/2129/2129
f 2109/2109/2109 2110/2110/2110 2131/2131/2131
f 2109/2109/2109 2131/2131/2131 2130/2130/2130
f 2110/2110/2110 2111/2111/2111 2132/2132/2132
f 2110/2110/2110 2132/2132/2132 2131/2131/2131
f 2111/2111/2111 2112/2112/2112 2133/2133/2133
f 2111/2111/2111 2133/2133/2133 2132/2132/2132
f 2112/2112/2112 2113/2113/2113 2134/2134/2134
f 2112/2112/2112 2134/2134/2134 2133/2133/2133
f 2113/2113/2113 2114/2114/2114 2135/2135/2135
f 2113/2113/2113 2135/2135/2135 2134/2134/2134
f 2114/2114/2114 2115/2115/2115 2136/2136/2136
f 2114/2114/2114 2136/2136/2136 2135/2135/2135
f 2115/2115/2115 2116/2116/2116 2137/2137/2137
f 2115/2115/2115 2137/2137/2137 2136/2136/2136
f 2117/2117/2117 2118/2118/2118 2139/2139/2139
f 2117/2117/2117 2139/2139/2139 2138/2138/2138
f 2118/2118/2118 2119/2119/2119 2140/2140/2140
f 2118/2118/2118 2140/2140/2140 2139/2139/2139
f 2119/2119/2119 2120/2120/2120 2141/2141/2141
f 2119/2119/2119 2141/2141/2141 2140/2140/2140
f 2120/2120/2120 2121/2121/2121 2142/2142/2142
f 2120/2120/2120 2142/2142/2142 2141/2141/2141
f 2121/2121/2121 2122/2122/2122 2143/2143/2143
f 2121/2121/2121 2143/2143/2143 2142/2142/2142
f 2122/2122/2122 2123/2123/2123 2144/2144/2144
f 2122/2122/2122 2144/2144/2144 2143/2143/2143
f 2123/2123/2123 2124/2124/2124 2145/2145/2145
f 2123/2123/2123 2145/2145/2145 2144/2144/2144
f 2124/2124/2124 2125/2125/2125 2146/2146/2146
f 2124/2124/2124 2146/2146/2146 2145/2145/2145
f 2125/2125/2125 2126/2126/2126 2147/2147/2147
f 2125/2125/2125 2147/2147/2147 2146/2146/2146
f 2126/2126/2126 2127/2127/2127 2148/2148/2148
f 2126/2126/2126 2148/2148/2148 2147/2147/2147
f 2127/2127/2127 2128/2128/2128 2149/2149/2149
f 2127/2127/2127 2149/2149/2149 2148/2148/2148
f 2128/2128/2128 2129/2129/2129 2150/2150/2150
f 2128/2128/2128 2150/2150/2150 2149/2149/2149
f 2129/2129/2129 2130/2130/2130 2151/2151/2151
f 2129/2129/2129 2151/2151/2151 2150/2150/2150
f 2130/2130/2130 2131/2131/2131 2152/2152/2152
f 2130/2130/2130 2152/2152/2152 2151/2151/2151
f 2131/2131/2131 2132/2132/2132 2153/2153/2153
f 2131/2131/2131 2153/2153/2153 2152/2152/2152
f 2132/2132/2132 2133/2133/2133 2154/2154/2154
f 2132/2132/2132 2154/2154/2154 2153/2153/2153
f 2133/2133/2133 2134/2134/2134 2155/2155/2155
f 2133/2133/2133 2155/2155/2155 2154/2154/2154
f 2134/2134/2134 2135/2135/2135 2156/2156/2156
f 2134/2134/2134 2156/2156/2156 2155/2155/2155
f 2135/2135/2135 2136/2136/2136 2157/2157/2157
f 2135/2135/2135 2157/2157/2157 2156/2156/2156
f 2136/2136/2136 2137/2137/2137 2158/2158/2158
f 2136/2136/2136 2158/2158/2158 2157/2157/2157
f 2138/2138/2138 2139/2139/2139 2159/2159/2159
f 2139/2139/2139 2140/2140/2140 2159/2159/2159
f 2140/2140/2140 2141/2141/2141 2159/2159/2159
f 2141/2141/2141 2142/2142/2142 2159/2159/2159
f 2142/2142/2142 2143/2143/2143 2159/2159/2159
f 2143/2143/2143 2144/2144/2144 2159/2159/2159
f 2144/2144/2144 2145/2145/2145 2159/2159/2159
f 2145/2145/2145 2146/2146/2146 2159/2159/2159
f 2146/2146/2146 2147/2147/2147 2159/2159/2159
f 2147/2147/2147 2148/2148/2148 2159/2159/2159
f 2148/2148/2148 2149/2149/2149 2159/2159/2159
f 2149/2149/2149 2150/2150/2150 2159/2159/2159
f 2150/2150/2150 2151/2151/2151 2159/2159/2159
f 2151/2151/2151 2152/2152/2152 2159/2159/2159
f 2152/2152/2152 2153/2153/2153 2159/2159/2159
f 2153/2153/2153 2154/2154/2154 2159/2159/2159
f 2154/2154/2154 2155/2155/2155 2159/2159/2159
f 2155/2155/2155 2156/2156/2156 2159/2159/2159
f 2156/2156/2156 2157/2157/2157 2159/2159/2159
f 2157/2157/2157 2158/2158/2158 2159/2159/2159
o Finger_1_0
v 6.682397 26.157364 -4.713685
v 6.574647 26.123970 -4.448365
v 6.314514 26.043349 -4.338466
v 6.054382 25.962729 -4.448365
v 5.946631 25.929335 -4.713685
v 6.054382 25.962729 -4.979004
v 6.314514 26.043349 -5.088903
v 6.574647 26.123970 -4.979004
v 6.682397 26.157364 -4.713685
v 7.052324 25.418676 -4.713685
v 6.950932 25.391965 -4.469093
v 6.706148 25.327481 -4.367780
v 6.461364 25.262997 -4.469093
v 6.359971 25.236287 -4.713685
v 6.461364 25.262997 -4.958276
v 6.706148 25.327481 -5.059590
v 6.950932 25.391965 -4.958276
v 7.052324 25.418676 -4.713685
v 7.329031 24.546109 -4.713685
v 7.235809 24.546109 -4.501429
v 7.010751 24.546109 -4.413510
v 6.785694 24.546109 -4.501429
v 6.692472 24.546109 -4.713685
v 6.785694 24.546109 -4.925941
v 7.010751 24.546109 -5.013860
v 7.235809 24.546109 -4.925941
v 7.329031 24.546109 -4.713685
v 6.878457 24.060822 -4.713685
v 6.827989 24.098808 -4.551176
v 6.706148 24.190514 -4.483863
v 6.584306 24.282220 -4.551176
v 6.533838 24.320206 -4.713685
v 6.584306 24.282220 -4.876193
v 6.706148 24.190514 -4.943506
v 6.827989 24.098808 -4.876193
v 6.878457 24.060822 -4.713685
v 6.403339 23.905077 -4.713685
v 6.377323 23.939345 -4.594291
v 6.314514 24.022074 -4.544836
v 6.251706 24.104804 -4.594291
v 6.225689 24.139072 -4.713685
v 6.251706 24.104804 -4.833079
v 6.314514 24.022074 -4.882533
v 6.377323 23.939345 -4.833079
v 6.403339 23.905077 -4.713685
v 6.314514 26.043349 -4.713685
v 6.314514 24.022074 -4.713685
vt 0.0078125 0.9921875
vt 0.0078125 0.9160156
vt 0.0078125 0.8398438
vt 0.0078125 0.7636719
vt 0.0078125 0.6875000
vt 0.0078125 0.6113281
vt 0.0078125 0.5351562
vt 0.0078125 0.4589844
vt 0.0078125 0.3828125
vt 0.2539062 0.9921875
vt 0.2539062 0.9160156
vt 0.2539062 0.8398438
vt 0.2539062 0.7636719
vt 0.2539062 0.6875000
vt 0.2539062 0.6113281
vt 0.2539062 0.5351562
vt 0.2539062 0.4589844
vt 0.2539062 0.3828125
vt 0.5000000 0.9921875
vt 0.5000000 0.9160156
vt 0.5000000 0.8398438
vt 0.5000000 0.7636719
vt 0.5000000 0.6875000
vt 0.5000000 0.6113281
vt 0.5000000 0.5351562
vt 0.5000000 0.4589844
vt 0.5000000 0.3828125
vt 0.7460938 0.9921875
vt 0.7460938 0.9160156
vt 0.7460938 0.8398438
vt 0.7460938 0.7636719
vt 0.7460938 0.6875000
vt 0.7460938 0.6113281
vt 0.7460938 0.5351562
vt 0.7460938 0.4589844
vt 0.7460938 0.3828125
vt 0.9921875 0.9921875
vt 0.9921875 0.9160156
vt 0.9921875 0.8398438
vt 0.9921875 0.7636719
vt 0.9921875 0.6875000
vt 0.9921875 0.6113281
vt 0.9921875 0.5351562
vt 0.9921875 0.4589844
vt 0.9921875 0.3828125
vt 0.0078125 0.6875000
vt 0.9921875 0.6875000
vn 0.7227031 0.6808081 0.1191665
vn 0.4208105 0.5225445 0.7415293
vn -0.1901538 0.2027864 0.9605827
vn -0.7819412 -0.1056282 0.6143376
vn -0.9700185 -0.2037164 -0.1325287
vn -0.6129407 -0.0187531 -0.7899063
vn 0.0292691 0.3160907 -0.9482774
vn 0.5667755 0.5982483 -0.5664491
vn 0.7227031 0.6808081 0.1191665
vn 0.9266830 0.3757101 -0.0100325
vn 0.6581184 0.2623120 0.7057426
vn 0.0238580 -0.0303287 0.9992552
vn -0.6071659 -0.3366729 0.7197228
vn -0.8799302 -0.4747136 0.0192321
vn -0.6248994 -0.3541206 -0.6957725
vn 0.0071682 -0.0561715 -0.9983954
vn 0.6498301 0.2422143 -0.7204534
vn 0.9266830 0.3757101 -0.0100325
vn 0.9939914 -0.0885818 -0.0642996
vn 0.7302217 -0.0288104 0.6826026
vn 0.0827635 -0.0301051 0.9961144
vn -0.5977591 -0.1163800 0.7931833
vn -0.9745453 -0.2022336 0.0967625
vn -0.7162824 -0.1921650 -0.6708295
vn -0.0554670 -0.1559778 -0.9862020
vn 0.6315023 -0.1340690 -0.7636952
vn 0.9939914 -0.0885818 -0.0642996
vn 0.5826542 -0.8117281 -0.0401445
vn 0.4606143 -0.6546396 0.5994009
vn 0.0072446 -0.1632402 0.9865598
vn -0.5029103 0.4669477 0.7273521
vn -0.6782413 0.7343205 0.0276069
vn -0.5563978 0.4963676 -0.6663638
vn -0.1167286 -0.1371557 -0.9836477
vn 0.3702774 -0.6530625 -0.6606088
vn 0.5826542 -0.8117281 -0.0401445
vn 0.1565173 -0.9806632 -0.1174822
vn 0.0953300 -0.8830553 0.4594840
vn -0.1913767 -0.3947985 0.8986151
vn -0.5481526 0.3435197 0.7625765
vn -0.6906194 0.7081923 0.1466574
vn -0.6400546 0.5626015 -0.5232682
vn -0.3626356 -0.0789150 -0.9285838
vn -0.0016962 -0.7381129 -0.6746751
vn 0.1565173 -0.9806632 -0.1174822
vn -0.2960303 0.9551785 -0.0000000
vn -0.7964669 -0.6046821 0.0000000
s 1
f 2160/2160/2160 2161/2161/2161 2170/2170/2170
f 2160/2160/2160 2170/2170/2170 2169/2169/2169
f 2161/2161/2161 2162/2162/2162 2171/2171/2171
f 2161/2161/2161 2171/2171/2171 2170/2170/2170
f 2162/2162/2162 2163/2163/2163 2172/2172/2172
f 2162/2162/2162 2172/2172/2172 2171/2171/2171
f 2163/2163/2163 2164/2164/2164 2173/2173/2173
f 2163/2163/2163 2173/2173/2173 2172/2172/2172
f 2164/2164/2164 2165/2165/2165 2174/2174/2174
f 2164/2164/2164 2174/2174/2174 2173/2173/2173
f 2165/2165/2165 2166/2166/2166 2175/2175/2175
f 2165/2165/2165 2175/2175/2175 2174/2174/2174
f 2166/2166/2166 2167/2167/2167 2176/2176/2176
f 2166/2166/2166 2176/2176/2176 2175/2175/2175
f 2167/2167/2167 2168/2168/2168 2177/2177/2177
f 2167/2167/2167 2177/2177/2177 2176/2176/2176
f 2169/2169/2169 2170/2170/2170 2179/2179/2179
f 2169/2169/2169 2179/2179/2179 2178/2178/2178
f 2170/2170/2170 2171/2171/2171 2180/2180/2180
f 2170/2170/2170 2180/2180/2180 2179/2179/2179
f 2171/2171/2171 2172/2172/2172 2181/2181/2181
f 2171/2171/2171 2181/2181/2181 2180/2180/2180
f 2172/2172/2172 2173/2173/2173 2182/2182/2182
f 2172/2172/2172 2182/2182/2182 2181/2181/2181
f 2173/2173/2173 2174/2174/2174 2183/2183/2183
f 2173/2173/2173 2183/2183/2183 2182/2182/2182
f 2174/2174/2174 2175/2175/2175 2184/2184/2184
f 2174/2174/2174 2184/2184/2184 2183/2183/2183
f 2175/2175/2175 2176/2176/2176 2185/2185/2185
f 2175/2175/2175 2185/2185/2185 2184/2184/2184
f 2176/2176/2176 2177/2177/2177 2186/2186/2186
f 2176/2176/2176 2186/2186/2186 2185/2185/2185
f 2178/2178/2178 2179/2179/2179 2188/2188/2188
f 2178/2178/2178 2188/2188/2188 2187/2187/2187
f 2179/2179/2179 2180/2180/2180 2189/2189/2189
f 2179/2179/2179 2189/2189/2189 2188/2188/2188
f 2180/2180/2180 2181/2181/2181 2190/2190/2190
f 2180/2180/2180 2190/2190/2190 2189/2189/2189
f 2181/2181/2181 2182/2182/2182 2191/2191/2191
f 2181/2181/2181 2191/2191/2191 2190/2190/2190
f 2182/2182/2182 2183/2183/2183 2192/2192/2192
f 2182/2182/2182 2192/2192/2192 2191/2191/2191
f 2183/2183/2183 2184/2184/2184 2193/2193/2193
f 2183/2183/2183 2193/2193/2193 2192/2192/2192
f 2184/2184/2184 2185/2185/2185 2194/2194/2194
f 2184/2184/2184 2194/2194/2194 2193/2193/2193
f 2185/2185/2185 2186/2186/2186 2195/2195/2195
f 2185/2185/2185 2195/2195/2195 2194/2194/2194
f 2187/2187/2187 2188/2188/2188 2197/2197/2197
f 2187/2187/2187 2197/2197/2197 2196/2196/2196
f 2188/2188/2188 2189/2189/2189 2198/2198/2198
f 2188/2188/2188 2198/2198/2198 2197/2197/2197
f 2189/2189/2189 2190/2190/2190 2199/2199/2199
f 2189/2189/2189 2199/2199/2199 2198/2198/2198
f 2190/2190/2190 2191/2191/2191 2200/2200/2200
f 2190/2190/2190 2200/2200/2200 2199/2199/2199
f 2191/2191/2191 2192/2192/2192 2201/2201/2201
f 2191/2191/2191 2201/2201/2201 2200/2200/2200
f 2192/2192/2192 2193/2193/2193 2202/2202/2202
f 2192/2192/2192 2202/2202/2202 2201/2201/2201
f 2193/2193/2193 2194/2194/2194 2203/2203/2203
f 2193/2193/2193 2203/2203/2203 2202/2202/2202
f 2194/2194/2194 2195/2195/2195 2204/2204/2204
f 2194/2194/2194 2204/2204/2204 2203/2203/2203
f 2205/2205/2205 2161/2161/2161 2160/2160/2160
f 2205/2205/2205 2162/2162/2162 2161/2161/2161
f 2205/2205/2205 2163/2163/2163 2162/2162/2162
f 2205/2205/2205 2164/2164/2164 2163/2163/2163
f 2205/2205/2205 2165/2165/2165 2164/2164/2164
f 2205/2205/2205 2166/2166/2166 2165/2165/2165
f 2205/2205/2205 2167/2167/2167 2166/2166/2166
f 2205/2205/2205 2168/2168/2168 2167/2167/2167
f 2206/2206/2206 2196/2196/2196 2197/2197/2197
f 2206/2206/2206 2197/2197/2197 2198/2198/2198
f 2206/2206/2206 2198/2198/2198 2199/2199/2199
f 2206/2206/2206 2199/2199/2199 2200/2200/2200
f 2206/2206/2206 2200/2200/2200 2201/2201/2201
f 2206/2206/2206 2201/2201/2201 2202/2202/2202
f 2206/2206/2206 2202/2202/2202 2203/2203/2203
f 2206/2206/2206 2203/2203/2203 2204/2204/2204
o Finger_1_1
v 6.682397 26.157364 -5.323415
v 6.574647 26.123970 -5.058095
v 6.314514 26.043349 -4.948196
v 6.054382 25.962729 -5.058095
v 5.946631 25.929335 -5.323415
v 6.054382 25.962729 -5.588735
v 6.314514 26.043349 -5.698634
v 6.574647 26.123970 -5.588735
v 6.682397 26.157364 -5.323415
v 7.052324 25.418676 -5.323415
v 6.950932 25.391965 -5.078824
v 6.706148 25.327481 -4.977510
v 6.461364 25.262997 -5.078824
v 6.359971 25.236287 -5.323415
v 6.461364 25.262997 -5.568007
v 6.706148 25.327481 -5.669320
v 6.950932 25.391965 -5.568007
v 7.052324 25.418676 -5.323415
v 7.329031 24.546109 -5.323415
v 7.235809 24.546109 -5.111159
v 7.010751 24.546109 -5.023240
v 6.785694 24.546109 -5.111159
v 6.692472 24.546109 -5.323415
v 6.785694 24.546109 -5.535671
v 7.010751 24.546109 -5.623590
v 7.235809 24.546109 -5.535671
v 7.329031 24.546109 -5.323415
v 6.878457 24.060822 -5.323415
v 6.827989 24.098808 -5.160907
v 6.706148 24.190514 -5.093594
v 6.584306 24.282220 -5.160907
v 6.533838 24.320206 -5.323415
v 6.584306 24.282220 -5.485923
v 6.706148 24.190514 -5.553237
v 6.827989 24.098808 -5.485923
v 6.878457 24.060822 -5.323415
v 6.403339 23.905077 -5.323415
v 6.377323 23.939345 -5.204021
v 6.314514 24.022074 -5.154567
v 6.251706 24.104804 -5.204021
v 6.225689 24.139072 -5.323415
v 6.251706 24.104804 -5.442809
v 6.314514 24.022074 -5.492264
v 6.377323 23.939345 -5.442809
v 6.403339 23.905077 -5.323415
v 6.314514 26.043349 -5.323415
v 6.314514 24.022074 -5.323415
vt 0.0078125 0.9921875
vt 0.0078125 0.9160156
vt 0.0078125 0.8398438
vt 0.0078125 0.7636719
vt 0.0078125 0.6875000
vt 0.0078125 0.6113281
vt 0.0078125 0.5351562
vt 0.0078125 0.4589844
vt 0.0078125 0.3828125
vt 0.2539062 0.9921875
vt 0.2539062 0.9160156
vt 0.2539062 0.8398438
vt 0.2539062 0.7636719
vt 0.2539062 0.6875000
vt 0.2539062 0.6113281
vt 0.2539062 0.5351562
vt 0.2539062 0.4589844
vt 0.2539062 0.3828125
vt 0.5000000 0.9921875
vt 0.5000000 0.9160156
vt 0.5000000 0.8398438
vt 0.5000000 0.7636719
vt 0.5000000 0.6875000
vt 0.5000000 0.6113281
vt 0.5000000 0.5351562
vt 0.5000000 0.4589844
vt 0.5000000 0.3828125
vt 0.7460938 0.9921875
vt 0.7460938 0.9160156
vt 0.7460938 0.8398438
vt 0.7460938 0.7636719
vt 0.7460938 0.6875000
vt 0.7460938 0.6113281
vt 0.7460938 0.5351562
vt 0.7460938 0.4589844
vt 0.7460938 0.3828125
vt 0.9921875 0.9921875
vt 0.9921875 0.9160156
vt 0.9921875 0.8398438
vt 0.9921875 0.7636719
vt 0.9921875 0.6875000
vt 0.9921875 0.6113281
vt 0.9921875 0.5351562
vt 0.9921875 0.4589844
vt 0.9921875 0.3828125
vt 0.0078125 0.6875000
vt 0.9921875 0.6875000
vn 0.7227031 0.6808081 0.1191665
vn 0.4208105 0.5225445 0.7415293
vn -0.1901538 0.2027864 0.9605827
vn -0.7819412 -0.1056282 0.6143376
vn -0.9700185 -0.2037164 -0.1325287
vn -0.6129407 -0.0187531 -0.7899063
vn 0.0292691 0.3160907 -0.9482774
vn 0.5667755 0.5982483 -0.5664491
vn 0.7227031 0.6808081 0.1191665
vn 0.9266830 0.3757101 -0.0100325
vn 0.6581184 0.2623120 0.7057426
vn 0.0238580 -0.0303287 0.9992552
vn -0.6071659 -0.3366729 0.7197228
vn -0.8799302 -0.4747136 0.0192321
vn -0.6248994 -0.3541206 -0.6957725
vn 0.0071682 -0.0561715 -0.9983954
vn 0.6498301 0.2422143 -0.7204534
vn 0.9266830 0.3757101 -0.0100325
vn 0.9939914 -0.0885818 -0.0642996
vn 0.7302217 -0.0288104 0.6826026
vn 0.0827635 -0.0301051 0.9961144
vn -0.5977591 -0.1163800 0.7931833
vn -0.9745453 -0.2022336 0.0967625
vn -0.7162824 -0.1921650 -0.6708295
vn -0.0554670 -0.1559778 -0.9862020
vn 0.6315023 -0.1340690 -0.7636952
vn 0.9939914 -0.0885818 -0.0642996
vn 0.5826542 -0.8117281 -0.0401445
vn 0.4606143 -0.6546396 0.5994009
vn 0.0072446 -0.1632402 0.9865598
vn -0.5029103 0.4669477 0.7273521
vn -0.6782413 0.7343205 0.0276069
vn -0.5563978 0.4963676 -0.6663638
vn -0.1167286 -0.1371557 -0.9836477
vn 0.3702774 -0.6530625 -0.6606088
vn 0.5826542 -0.8117281 -0.0401445
vn 0.1565173 -0.9806632 -0.1174822
vn 0.0953300 -0.8830553 0.4594840
vn -0.1913767 -0.3947985 0.8986151
vn -0.5481526 0.3435197 0.7625765
vn -0.6906194 0.7081923 0.1466574
vn -0.6400546 0.5626015 -0.5232682
vn -0.3626356 -0.0789150 -0.9285838
vn -0.0016962 -0.7381129 -0.6746751
vn 0.1565173 -0.9806632 -0.1174822
vn -0.2960303 0.9551785 -0.0000000
vn -0.7964669 -0.6046821 0.0000000
s 1
f 2207/2207/2207 2208/2208/2208 2217/2217/2217
f 2207/2207/2207 2217/2217/2217 2216/2216/2216
f 2208/2208/2208 2209/2209/2209 2218/2218/2218
f 2208/2208/2208 2218/2218/2218 2217/2217/2217
f 2209/2209/2209 2210/2210/2210 2219/2219/2219
f 2209/2209/2209 2219/2219/2219 2218/2218/2218
f 2210/2210/2210 2211/2211/2211 2220/2220/2220
f 2210/2210/2210 2220/2220/2220 2219/2219/2219
f 2211/2211/2211 2212/2212/2212 2221/2221/2221
f 2211/2211/2211 2221/2221/2221 2220/2220/2220
f 2212/2212/2212 2213/2213/2213 2222/2222/2222
f 2212/2212/2212 2222/2222/2222 2221/2221/2221
f 2213/2213/2213 2214/2214/2214 2223/2223/2223
f 2213/2213/2213 2223/2223/2223 2222/2222/2222
f 2214/2214/2214 2215/2215/2215 2224/2224/2224
f 2214/2214/2214 2224/2224/2224 2223/2223/2223
f 2216/2216/2216 2217/2217/2217 2226/2226/2226
f 2216/2216/2216 2226/2226/2226 2225/2225/2225
f 2217/2217/2217 2218/2218/2218 2227/2227/2227
f 2217/2217/2217 2227/2227/2227 2226/2226/2226
f 2218/2218/2218 2219/2219/2219 2228/2228/2228
f 2218/2218/2218 2228/2228/2228 2227/2227/2227
f 2219/2219/2219 2220/2220/2220 2229/2229/2229
f 2219/2219/2219 2229/2229/2229 2228/2228/2228
f 2220/2220/2220 2221/2221/2221 2230/2230/2230
f 2220/2220/2220 2230/2230/2230 2229/2229/2229
f 2221/2221/2221 2222/2222/2222 2231/2231/2231
f 2221/2221/2221 2231/2231/2231 2230/2230/2230
f 2222/2222/2222 2223/2223/2223 2232/2232/2232
f 2222/2222/2222 2232/2232/2232 2231/2231/2231
f 2223/2223/2223 2224/2224/2224 2233/2233/2233
f 2223/2223/2223 2233/2233/2233 2232/2232/2232
f 2225/2225/2225 2226/2226/2226 2235/2235/2235
f 2225/2225/2225 2235/2235/2235 2234/2234/2234
f 2226/2226/2226 2227/2227/2227 2236/2236/2236
f 2226/2226/2226 2236/2236/2236 2235/2235/2235
f 2227/2227/2227 2228/2228/2228 2237/2237/2237
f 2227/2227/2227 2237/2237/2237 2236/2236/2236
f 2228/2228/2228 2229/2229/2229 2238/2238/2238
f 2228/2228/2228 2238/2238/2238 2237/2237/2237
f 2229/2229/2229 2230/2230/2230 2239/2239/2239
f 2229/2229/2229 2239/2239/2239 2238/2238/2238
f 2230/2230/2230 2231/2231/2231 2240/2240/2240
f 2230/2230/2230 2240/2240/2240 2239/2239/2239
f 2231/2231/2231 2232/2232/2232 2241/2241/2241
f 2231/2231/2231 2241/2241/2241 2240/2240/2240
f 2232/2232/2232 2233/2233/2233 2242/2242/2242
f 2232/2232/2232 2242/2242/2242 2241/2241/2241
f 2234/2234/2234 2235/2235/2235 2244/2244/2244
f 2234/2234/2234 2244/2244/2244 2243/2243/2243
f 2235/2235/2235 2236/2236/2236 2245/2245/2245
f 2235/2235/2235 2245/2245/2245 2244/2244/2244
f 2236/2236/2236 2237/2237/2237 2246/2246/2246
f 2236/2236/2236 2246/2246/2246 2245/2245/2245
f 2237/2237/2237 2238/2238/2238 2247/2247/2247
f 2237/2237/2237 2247/2247/2247 2246/2246/2246
f 2238/2238/2238 2239/2239/2239 2248/2248/2248
f 2238/2238/2238 2248/2248/2248 2247/2247/2247
f 2239/2239/2239 2240/2240/2240 2249/2249/2249
f 2239/2239/2239 2249/2249/2249 2248/2248/2248
f 2240/2240/2240 2241/2241/2241 2250/2250/2250
f 2240/2240/2240 2250/2250/2250 2249/2249/2249
f 2241/2241/2241 2242/2242/2242 2251/2251/2251
f 2241/2241/2241 2251/2251/2251 2250/2250/2250
f 2252/2252/2252 2208/2208/2208 2207/2207/2207
f 2252/2252/2252 2209/2209/2209 2208/2208/2208
f 2252/2252/2252 2210/2210/2210 2209/2209/2209
f 2252/2252/2252 2211/2211/2211 2210/2210/2210
f 2252/2252/2252 2212/2212/2212 2211/2211/2211
f 2252/2252/2252 2213/2213/2213 2212/2212/2212
f 2252/2252/2252 2214/2214/2214 2213/2213/2213
f 2252/2252/2252 2215/2215/2215 2214/2214/2214
f 2253/2253/2253 2243/2243/2243 2244/2244/2244
f 2253/2253/2253 2244/2244/2244 2245/2245/2245
f 2253/2253/2253 2245/2245/2245 2246/2246/2246
f 2253/2253/2253 2246/2246/2246 2247/2247/2247
f 2253/2253/2253 2247/2247/2247 2248/2248/2248
f 2253/2253/2253 2248/2248/2248 2249/2249/2249
f 2253/2253/2253 2249/2249/2249 2250/2250/2250
f 2253/2253/2253 2250/2250/2250 2251/2251/2251
o Finger_1_2
v 6.682397 26.157364 -5.933146
v 6.574647 26.123970 -5.667826
v 6.314514 26.043349 -5.557927
v 6.054382 25.962729 -5.667826
v 5.946631 25.929335 -5.933146
v 6.054382 25.962729 -6.198465
v 6.314514 26.043349 -6.308364
v 6.574647 26.123970 -6.198465
v 6.682397 26.157364 -5.933146
v 7.052324 25.418676 -5.933146
v 6.950932 25.391965 -5.688554
v 6.706148 25.327481 -5.587241
v 6.461364 25.262997 -5.688554
v 6.359971 25.236287 -5.933146
v 6.461364 25.262997 -6.177737
v 6.706148 25.327481 -6.279050
v 6.950932 25.391965 -6.177737
v 7.052324 25.418676 -5.933146
v 7.329031 24.546109 -5.933146
v 7.235809 24.546109 -5.720890
v 7.010751 24.546109 -5.632971
v 6.785694 24.546109 -5.720890
v 6.692472 24.546109 -5.933146
v 6.785694 24.546109 -6.145401
v 7.010751 24.546109 -6.233320
v 7.235809 24.546109 -6.145401
v 7.329031 24.546109 -5.933146
v 6.878457 24.060822 -5.933146
v 6.827989 24.098808 -5.770637
v 6.706148 24.190514 -5.703324
v 6.584306 24.282220 -5.770637
v 6.533838 24.320206 -5.933146
v 6.584306 24.282220 -6.095654
v 6.706148 24.190514 -6.162967
v 6.827989 24.098808 -6.095654
v 6.878457 24.060822 -5.933146
v 6.403339 23.905077 -5.933146
v 6.377323 23.939345 -5.813752
v 6.314514 24.022074 -5.764297
v 6.251706 24.104804 -5.813752
v 6.225689 24.139072 -5.933146
v 6.251706 24.104804 -6.052539
v 6.314514 24.022074 -6.101994
v 6.377323 23.939345 -6.052539
v 6.403339 23.905077 -5.933146
v 6.314514 26.043349 -5.933146
v 6.314514 24.022074 -5.933146
vt 0.0078125 0.9921875
vt 0.0078125 0.9160156
vt 0.0078125 0.8398438
vt 0.0078125 0.7636719
vt 0.0078125 0.6875000
vt 0.0078125 0.6113281
vt 0.0078125 0.5351562
vt 0.0078125 0.4589844
vt 0.0078125 0.3828125
vt 0.2539062 0.9921875
vt 0.2539062 0.9160156
vt 0.2539062 0.8398438
vt 0.2539062 0.7636719
vt 0.2539062 0.6875000
vt 0.2539062 0.6113281
vt 0.2539062 0.5351562
vt 0.2539062 0.4589844
vt 0.2539062 0.3828125
vt 0.5000000 0.9921875
vt 0.5000000 0.9160156
vt 0.5000000 0.8398438
vt 0.5000000 0.7636719
vt 0.5000000 0.6875000
vt 0.5000000 0.6113281
vt 0.5000000 0.5351562
vt 0.5000000 0.4589844
vt 0.5000000 0.3828125
vt 0.7460938 0.9921875
vt 0.7460938 0.9160156
vt 0.7460938 0.8398438
vt 0.7460938 0.7636719
vt 0.7460938 0.6875000
vt 0.7460938 0.6113281
vt 0.7460938 0.5351562
vt 0.7460938 0.4589844
vt 0.7460938 0.3828125
vt 0.9921875 0.9921875
vt 0.9921875 0.9160156
vt 0.9921875 0.8398438
vt 0.9921875 0.7636719
vt 0.9921875 0.6875000
vt 0.9921875 0.6113281
vt 0.9921875 0.5351562
vt 0.9921875 0.4589844
vt 0.9921875 0.3828125
vt 0.0078125 0.6875000
vt 0.9921875 0.6875000
vn 0.7227031 0.6808081 0.1191665
vn 0.4208105 0.5225445 0.7415293
vn -0.1901538 0.2027864 0.9605827
vn -0.7819412 -0.1056282 0.6143376
vn -0.9700185 -0.2037164 -0.1325287
vn -0.6129407 -0.0187531 -0.7899063
vn 0.0292691 0.3160907 -0.9482774
vn 0.5667755 0.5982483 -0.5664491
vn 0.7227031 0.6808081 0.1191665
vn 0.9266830 0.3757101 -0.0100325
vn 0.6581184 0.2623120 0.7057426
vn 0.0238580 -0.0303287 0.9992552
vn -0.6071659 -0.3366729 0.7197228
vn -0.8799302 -0.4747136 0.0192321
vn -0.6248994 -0.3541206 -0.6957725
vn 0.0071682 -0.0561715 -0.9983954
vn 0.6498301 0.2422143 -0.7204534
vn 0.9266830 0.3757101 -0.0100325
vn 0.9939914 -0.0885818 -0.0642996
vn 0.7302217 -0.0288104 0.6826026
vn 0.0827635 -0.0301051 0.9961144
vn -0.5977591 -0.1163800 0.7931833
vn -0.9745453 -0.2022336 0.0967625
vn -0.7162824 -0.1921650 -0.6708295
vn -0.0554670 -0.1559778 -0.9862020
vn 0.6315023 -0.1340690 -0.7636952
vn 0.9939914 -0.0885818 -0.0642996
vn 0.5826542 -0.8117281 -0.0401445
vn 0.4606143 -0.6546396 0.5994009
vn 0.0072446 -0.1632402 0.9865598
vn -0.5029103 0.4669477 0.7273521
vn -0.6782413 0.7343205 0.0276069
vn -0.5563978 0.4963676 -0.6663638
vn -0.1167286 -0.1371557 -0.9836477
vn 0.3702774 -0.6530625 -0.6606088
vn 0.5826542 -0.8117281 -0.0401445
vn 0.1565173 -0.9806632 -0.1174822
vn 0.0953300 -0.8830553 0.4594840
vn -0.1913767 -0.3947985 0.8986151
vn -0.5481526 0.3435197 0.7625765
vn -0.6906194 0.7081923 0.1466574
vn -0.6400546 0.5626015 -0.5232682
vn -0.3626356 -0.0789150 -0.9285838
vn -0.0016962 -0.7381129 -0.6746751
vn 0.1565173 -0.9806632 -0.1174822
vn -0.2960303 0.9551785 -0.0000000
vn -0.7964669 -0.6046821 0.0000000
s 1
f 2254/2254/2254 2255/2255/2255 2264/2264/2264
f 2254/2254/2254 2264/2264/2264 2263/2263/2263
f 2255/2255/2255 2256/2256/2256 2265/2265/2265
f 2255/2255/2255 2265/2265/2265 2264/2264/2264
f 2256/2256/2256 2257/2257/2257 2266/2266/2266
f 2256/2256/2256 2266/2266/2266 2265/2265/2265
f 2257/2257/2257 2258/2258/2258 2267/2267/2267
f 2257/2257/2257 2267/2267/2267 2266/2266/2266
f 2258/2258/2258 2259/2259/2259 2268/2268/2268
f 2258/2258/2258 2268/2268/2268 2267/2267/2267
f 2259/2259/2259 2260/2260/2260 2269/2269/2269
f 2259/2259/2259 2269/2269/2269 2268/2268/2268
f 2260/2260/2260 2261/2261/2261 2270/2270/2270
f 2260/2260/2260 2270/2270/2270 2269/2269/2269
f 2261/2261/2261 2262/2262/2262 2271/2271/2271
f 2261/2261/2261 2271/2271/2271 2270/2270/2270
f 2263/2263/2263 2264/2264/2264 2273/2273/2273
f 2263/2263/2263 2273/2273/2273 2272/2272/2272
f 2264/2264/2264 2265/2265/2265 2274/2274/2274
f 2264/2264/2264 2274/2274/2274 2273/2273/2273
f 2265/2265/2265 2266/2266/2266 2275/2275/2275
f 2265/2265/2265 2275/2275/2275 2274/2274/2274
f 2266/2266/2266 2267/2267/2267 2276/2276/2276
f 2266/2266/2266 2276/2276/2276 2275/2275/2275
f 2267/2267/2267 2268/2268/2268 2277/2277/2277
f 2267/2267/2267 2277/2277/2277 2276/2276/2276
f 2268/2268/2268 2269/2269/2269 2278/2278/2278
f 2268/2268/2268 2278/2278/2278 2277/2277/2277
f 2269/2269/2269 2270/2270/2270 2279/2279/2279
f 2269/2269/2269 2279/2279/2279 2278/2278/2278
f 2270/2270/2270 2271/2271/2271 2280/2280/2280
f 2270/2270/2270 2280/2280/2280 2279/2279/2279
f 2272/2272/2272 2273/2273/2273 2282/2282/2282
f 2272/2272/2272 2282/2282/2282 2281/2281/2281
f 2273/2273/2273 2274/2274/2274 2283/2283/2283
f 2273/2273/2273 2283/2283/2283 2282/2282/2282
f 2274/2274/2274 2275/2275/2275 2284/2284/2284
f 2274/2274/2274 2284/2284/2284 2283/2283/2283
f 2275/2275/2275 2276/2276/2276 2285/2285/2285
f 2275/2275/2275 2285/2285/2285 2284/2284/2284
f 2276/2276/2276 2277/2277/2277 2286/2286/2286
f 2276/2276/2276 2286/2286/2286 2285/2285/2285
f 2277/2277/2277 2278/2278/2278 2287/2287/2287
f 2277/2277/2277 2287/2287/2287 2286/2286/2286
f 2278/2278/2278 2279/2279/2279 2288/2288/2288
f 2278/2278/2278 2288/2288/2288 2287/2287/2287
f 2279/2279/2279 2280/2280/2280 2289/2289/2289
f 2279/2279/2279 2289/2289/2289 2288/2288/2288
f 2281/2281/2281 2282/2282/2282 2291/2291/2291
f 2281/2281/2281 2291/2291/2291 2290/2290/2290
f 2282/2282/2282 2283/2283/2283 2292/2292/2292
f 2282/2282/2282 2292/2292/2292 2291/2291/2291
f 2283/2283/2283 2284/2284/2284 2293/2293/2293
f 2283/2283/2283 2293/2293/2293 2292/2292/2292
f 2284/2284/2284 2285/2285/2285 2294/2294/2294
f 2284/2284/2284 2294/2294/2294 2293/2293/2293
f 2285/2285/2285 2286/2286/2286 2295/2295/2295
f 2285/2285/2285 2295/2295/2295 2294/2294/2294
f 2286/2286/2286 2287/2287/2287 2296/2296/2296
f 2286/2286/2286 2296/2296/2296 2295/2295/2295
f 2287/2287/2287 2288/2288/2288 2297/2297/2297
f 2287/2287/2287 2297/2297/2297 2296/2296/2296
f 2288/2288/2288 2289/2289/2289 2298/2298/2298
f 2288/2288/2288 2298/2298/2298 2297/2297/2297
f 2299/2299/2299 2255/2255/2255 2254/2254/2254
f 2299/2299/2299 2256/2256/2256 2255/2255/2255
f 2299/2299/2299 2257/2257/2257 2256/2256/2256
f 2299/2299/2299 2258/2258/2258 2257/2257/2257
f 2299/2299/2299 2259/2259/2259 2258/2258/2258
f 2299/2299/2299 2260/2260/2260 2259/2259/2259
f 2299/2299/2299 2261/2261/2261 2260/2260/2260
f 2299/2299/2299 2262/2262/2262 2261/2261/2261
f 2300/2300/2300 2290/2290/2290 2291/2291/2291
f 2300/2300/2300 2291/2291/2291 2292/2292/2292
f 2300/2300/2300 2292/2292/2292 2293/2293/2293
f 2300/2300/2300 2293/2293/2293 2294/2294/2294
f 2300/2300/2300 2294/2294/2294 2295/2295/2295
f 2300/2300/2300 2295/2295/2295 2296/2296/2296
f 2300/2300/2300 2296/2296/2296 2297/2297/2297
f 2300/2300/2300 2297/2297/2297 2298/2298/2298
o Finger_1_3
v 6.682397 26.157364 -6.542876
v 6.574647 26.123970 -6.277556
v 6.314514 26.043349 -6.167657
v 6.054382 25.962729 -6.277556
v 5.946631 25.929335 -6.542876
v 6.054382 25.962729 -6.808196
v 6.314514 26.043349 -6.918095
v 6.574647 26.123970 -6.808196
v 6.682397 26.157364 -6.542876
v 7.052324 25.418676 -6.542876
v 6.950932 25.391965 -6.298284
v 6.706148 25.327481 -6.196971
v 6.461364 25.262997 -6.298284
v 6.359971 25.236287 -6.542876
v 6.461364 25.262997 -6.787467
v 6.706148 25.327481 -6.888781
v 6.950932 25.391965 -6.787467
v 7.052324 25.418676 -6.542876
v 7.329031 24.546109 -6.542876
v 7.235809 24.546109 -6.330620
v 7.010751 24.546109 -6.242701
v 6.785694 24.546109 -6.330620
v 6.692472 24.546109 -6.542876
v 6.785694 24.546109 -6.755132
v 7.010751 24.546109 -6.843051
v 7.235809 24.546109 -6.755132
v 7.329031 24.546109 -6.542876
v 6.878457 24.060822 -6.542876
v 6.827989 24.098808 -6.380368
v 6.706148 24.190514 -6.313054
v 6.584306 24.282220 -6.380368
v 6.533838 24.320206 -6.542876
v 6.584306 24.282220 -6.705384
v 6.706148 24.190514 -6.772697
v 6.827989 24.098808 -6.705384
v 6.878457 24.060822 -6.542876
v 6.403339 23.905077 -6.542876
v 6.377323 23.939345 -6.423482
v 6.314514 24.022074 -6.374027
v 6.251706 24.104804 -6.423482
v 6.225689 24.139072 -6.542876
v 6.251706 24.104804 -6.662270
v 6.314514 24.022074 -6.711724
v 6.377323 23.939345 -6.662270
v 6.403339 23.905077 -6.542876
v 6.314514 26.043349 -6.542876
v 6.314514 24.022074 -6.542876
vt 0.0078125 0.9921875
vt 0.0078125 0.9160156
vt 0.0078125 0.8398438
vt 0.0078125 0.7636719
vt 0.0078125 0.6875000
vt 0.0078125 0.6113281
vt 0.0078125 0.5351562
vt 0.0078125 0.4589844
vt 0.0078125 0.3828125
vt 0.2539062 0.9921875
vt 0.2539062 0.9160156
vt 0.2539062 0.8398438
vt 0.2539062 0.7636719
vt 0.2539062 0.6875000
vt 0.2539062 0.6113281
vt 0.2539062 0.5351562
vt 0.2539062 0.4589844
vt 0.2539062 0.3828125
vt 0.5000000 0.9921875
vt 0.5000000 0.9160156
vt 0.5000000 0.8398438
vt 0.5000000 0.7636719
vt 0.5000000 0.6875000
vt 0.5000000 0.6113281
vt 0.5000000 0.5351562
vt 0.5000000 0.4589844
vt 0.5000000 0.3828125
vt 0.7460938 0.9921875
vt 0.7460938 0.9160156
vt 0.7460938 0.8398438
vt 0.7460938 0.7636719
vt 0.7460938 0.6875000
vt 0.7460938 0.6113281
vt 0.7460938 0.5351562
vt 0.7460938 0.4589844
vt 0.7460938 0.3828125
vt 0.9921875 0.9921875
vt 0.9921875 0.9160156
vt 0.9921875 0.8398438
vt 0.9921875 0.7636719
vt 0.9921875 0.6875000
vt 0.9921875 0.6113281
vt 0.9921875 0.5351562
vt 0.9921875 0.4589844
vt 0.9921875 0.3828125
vt 0.0078125 0.6875000
vt 0.9921875 0.6875000
vn 0.7227031 0.6808081 0.1191665
vn 0.4208105 0.5225445 0.7415293
vn -0.1901538 0.2027864 0.9605827
vn -0.7819412 -0.1056282 0.6143376
vn -0.9700185 -0.2037164 -0.1325287
vn -0.6129407 -0.0187531 -0.7899063
vn 0.0292691 0.3160907 -0.9482774
vn 0.5667755 0.5982483 -0.5664491
vn 0.7227031 0.6808081 0.1191665
vn 0.9266830 0.3757101 -0.0100325
vn 0.6581184 0.2623120 0.7057426
vn 0.0238580 -0.0303287 0.9992552
vn -0.6071659 -0.3366729 0.7197228
vn -0.8799302 -0.4747136 0.0192321
vn -0.6248994 -0.3541206 -0.6957725
vn 0.0071682 -0.0561715 -0.9983954
vn 0.6498301 0.2422143 -0.7204534
vn 0.9266830 0.3757101 -0.0100325
vn 0.9939914 -0.0885818 -0.0642996
vn 0.7302217 -0.0288104 0.6826026
vn 0.0827635 -0.0301051 0.9961144
vn -0.5977591 -0.1163800 0.7931833
vn -0.9745453 -0.2022336 0.0967625
vn -0.7162824 -0.1921650 -0.6708295
vn -0.0554670 -0.1559778 -0.9862020
vn 0.6315023 -0.1340690 -0.7636952
vn 0.9939914 -0.0885818 -0.0642996
vn 0.5826542 -0.8117281 -0.0401445
vn 0.4606143 -0.6546396 0.5994009
vn 0.0072446 -0.1632402 0.9865598
vn -0.5029103 0.4669477 0.7273521
vn -0.6782413 0.7343205 0.0276069
vn -0.5563978 0.4963676 -0.6663638
vn -0.1167286 -0.1371557 -0.9836477
vn 0.3702774 -0.6530625 -0.6606088
vn 0.5826542 -0.8117281 -0.0401445
vn 0.1565173 -0.9806632 -0.1174822
vn 0.0953300 -0.8830553 0.4594840
vn -0.1913767 -0.3947985 0.8986151
vn -0.5481526 0.3435197 0.7625765
vn -0.6906194 0.7081923 0.1466574
vn -0.6400546 0.5626015 -0.5232682
vn -0.3626356 -0.0789150 -0.9285838
vn -0.0016962 -0.7381129 -0.6746751
vn 0.1565173 -0.9806632 -0.1174822
vn -0.2960303 0.9551785 -0.0000000
vn -0.7964669 -0.6046821 0.0000000
s 1
f 2301/2301/2301 2302/2302/2302 2311/2311/2311
f 2301/2301/2301 2311/2311/2311 2310/2310/2310
f 2302/2302/2302 2303/2303/2303 2312/2312/2312
f 2302/2302/2302 2312/2312/2312 2311/2311/2311
f 2303/2303/2303 2304/2304/2304 2313/2313/2313
f 2303/2303/2303 2313/2313/2313 2312/2312/2312
f 2304/2304/2304 2305/2305/2305 2314/2314/2314
f 2304/2304/2304 2314/2314/2314 2313/2313/2313
f 2305/2305/2305 2306/2306/2306 2315/2315/2315
f 2305/2305/2305 2315/2315/2315 2314/2314/2314
f 2306/2306/2306 2307/2307/2307 2316/2316/2316
f 2306/2306/2306 2316/2316/2316 2315/2315/2315
f 2307/2307/2307 2308/2308/2308 2317/2317/2317
f 2307/2307/2307 2317/2317/2317 2316/2316/2316
f 2308/2308/2308 2309/2309/2309 2318/2318/2318
f 2308/2308/2308 2318/2318/2318 2317/2317/2317
f 2310/2310/2310 2311/2311/2311 2320/2320/2320
f 2310/2310/2310 2320/2320/2320 2319/2319/2319
f 2311/2311/2311 2312/2312/2312 2321/2321/2321
f 2311/2311/2311 2321/2321/2321 2320/2320/2320
f 2312/2312/2312 2313/2313/2313 2322/2322/2322
f 2312/2312/2312 2322/2322/2322 2321/2321/2321
f 2313/2313/2313 2314/2314/2314 2323/2323/2323
f 2313/2313/2313 2323/2323/2323 2322/2322/2322
f 2314/2314/2314 2315/2315/2315 2324/2324/2324
f 2314/2314/2314 2324/2324/2324 2323/2323/2323
f 2315/2315/2315 2316/2316/2316 2325/2325/2325
f 2315/2315/2315 2325/2325/2325 2324/2324/2324
f 2316/2316/2316 2317/2317/2317 2326/2326/2326
f 2316/2316/2316 2326/2326/2326 2325/2325/2325
f 2317/2317/2317 2318/2318/2318 2327/2327/2327
f 2317/2317/2317 2327/2327/2327 2326/2326/2326
f 2319/2319/2319 2320/2320/2320 2329/2329/2329
f 2319/2319/2319 2329/2329/2329 2328/2328/2328
f 2320/2320/2320 2321/2321/2321 2330/2330/2330
f 2320/2320/2320 2330/2330/2330 2329/2329/2329
f 2321/2321/2321 2322/2322/2322 2331/2331/2331
f 2321/2321/2321 2331/2331/2331 2330/2330/2330
f 2322/2322/2322 2323/2323/2323 2332/2332/2332
f 2322/2322/2322 2332/2332/2332 2331/2331/2331
f 2323/2323/2323 2324/2324/2324 2333/2333/2333
f 2323/2323/2323 2333/2333/2333 2332/2332/2332
f 2324/2324/2324 2325/2325/2325 2334/2334/2334
f 2324/2324/2324 2334/2334/2334 2333/2333/2333
f 2325/2325/2325 2326/2326/2326 2335/2335/2335
f 2325/2325/2325 2335/2335/2335 2334/2334/2334
f 2326/2326/2326 2327/2327/2327 2336/2336/2336
f 2326/2326/2326 2336/2336/2336 2335/2335/2335
f 2328/2328/2328 2329/2329/2329 2338/2338/2338
f 2328/2328/2328 2338/2338/2338 2337/2337/2337
f 2329/2329/2329 2330/2330/2330 2339/2339/2339
f 2329/2329/2329 2339/2339/2339 2338/2338/2338
f 2330/2330/2330 2331/2331/2331 2340/2340/2340
f 2330/2330/2330 2340/2340/2340 2339/2339/2339
f 2331/2331/2331 2332/2332/2332 2341/2341/2341
f 2331/2331/2331 2341/2341/2341 2340/2340/2340
f 2332/2332/2332 2333/2333/2333 2342/2342/2342
f 2332/2332/2332 2342/2342/2342 2341/2341/2341
f 2333/2333/2333 2334/2334/2334 2343/2343/2343
f 2333/2333/2333 2343/2343/2343 2342/2342/2342
f 2334/2334/2334 2335/2335/2335 2344/2344/2344
f 2334/2334/2334 2344/2344/2344 2343/2343/2343
f 2335/2335/2335 2336/2336/2336 2345/2345/2345
f 2335/2335/2335 2345/2345/2345 2344/2344/2344
f 2346/2346/2346 2302/2302/2302 2301/2301/2301
f 2346/2346/2346 2303/2303/2303 2302/2302/2302
f 2346/2346/2346 2304/2304/2304 2303/2303/2303
f 2346/2346/2346 2305/2305/2305 2304/2304/2304
f 2346/2346/2346 2306/2306/2306 2305/2305/2305
f 2346/2346/2346 2307/2307/2307 2306/2306/2306
f 2346/2346/2346 2308/2308/2308 2307/2307/2307
f 2346/2346/2346 2309/2309/2309 2308/2308/2308
f 2347/2347/2347 2337/2337/2337 2338/2338/2338
f 2347/2347/2347 2338/2338/2338 2339/2339/2339
f 2347/2347/2347 2339/2339/2339 2340/2340/2340
f 2347/2347/2347 2340/2340/2340 2341/2341/2341
f 2347/2347/2347 2341/2341/2341 2342/2342/2342
f 2347/2347/2347 2342/2342/2342 2343/2343/2343
f 2347/2347/2347 2343/2343/2343 2344/2344/2344
f 2347/2347/2347 2344/2344/2344 2345/2345/2345
o Thumb_1
v 6.142427 26.267935 -6.064340
v 5.959538 25.999555 -6.178718
v 5.809798 25.888389 -6.520153
v 5.780923 25.999555 -6.888635
v 5.889827 26.267935 -7.068314
v 6.072716 26.536315 -6.953936
v 6.222456 26.647482 -6.612502
v 6.251331 26.536315 -6.244019
v 6.142427 26.267935 -6.064340
v 6.822217 26.043313 -6.278676
v 6.660328 25.805206 -6.379535
v 6.550769 25.698377 -6.685975
v 6.557720 25.785406 -7.018489
v 6.677107 26.015312 -7.182294
v 6.838997 26.253420 -7.081436
v 6.948556 26.360248 -6.774996
v 6.941605 26.273219 -6.442482
v 6.822217 26.043313 -6.278676
v 7.400171 25.851637 -6.418957
v 7.257388 25.656014 -6.484179
v 7.261447 25.511875 -6.707422
v 7.409971 25.503653 -6.957911
v 7.615956 25.636166 -7.088915
v 7.758739 25.831788 -7.023693
v 7.754680 25.975928 -6.800451
v 7.606156 25.984150 -6.549961
v 7.400171 25.851637 -6.418957
v 7.562862 25.693737 -6.092534
v 7.426328 25.567592 -6.136933
v 7.450560 25.415908 -6.219936
v 7.621362 25.327539 -6.292920
v 7.838682 25.354251 -6.313134
v 7.975216 25.480396 -6.268735
v 7.950984 25.632080 -6.185732
v 7.780182 25.720449 -6.112747
v 7.562862 25.693737 -6.092534
v 7.611021 25.493657 -5.575008
v 7.515927 25.408626 -5.609971
v 7.532754 25.300728 -5.655660
v 7.651646 25.233170 -5.685309
v 7.802956 25.245525 -5.681552
v 7.898050 25.330556 -5.646589
v 7.881223 25.438454 -5.600901
v 7.762331 25.506012 -5.571251
v 7.611021 25.493657 -5.575008
v 6.016127 26.267935 -6.566327
v 7.706988 25.369591 -5.628280
vt 0.0078125 0.9921875
vt 0.0078125 0.9160156
vt 0.0078125 0.8398438
vt 0.0078125 0.7636719
vt 0.0078125 0.6875000
vt 0.0078125 0.6113281
vt 0.0078125 0.5351562
vt 0.0078125 0.4589844
vt 0.0078125 0.3828125
vt 0.2539062 0.9921875
vt 0.2539062 0.9160156
vt 0.2539062 0.8398438
vt 0.2539062 0.7636719
vt 0.2539062 0.6875000
vt 0.2539062 0.6113281
vt 0.2539062 0.5351562
vt 0.2539062 0.4589844
vt 0.2539062 0.3828125
vt 0.5000000 0.9921875
vt 0.5000000 0.9160156
vt 0.5000000 0.8398438
vt 0.5000000 0.7636719
vt 0.5000000 0.6875000
vt 0.5000000 0.6113281
vt 0.5000000 0.5351562
vt 0.5000000 0.4589844
vt 0.5000000 0.3828125
vt 0.7460938 0.9921875
vt 0.7460938 0.9160156
vt 0.7460938 0.8398438
vt 0.7460938 0.7636719
vt 0.7460938 0.6875000
vt 0.7460938 0.6113281
vt 0.7460938 0.5351562
vt 0.7460938 0.4589844
vt 0.7460938 0.3828125
vt 0.9921875 0.9921875
vt 0.9921875 0.9160156
vt 0.9921875 0.8398438
vt 0.9921875 0.7636719
vt 0.9921875 0.6875000
vt 0.9921875 0.6113281
vt 0.9921875 0.5351562
vt 0.9921875 0.4589844
vt 0.9921875 0.3828125
vt 0.0078125 0.6875000
vt 0.9921875 0.6875000
vn -0.1579102 0.0472701 0.9863214
vn -0.4233940 -0.6262144 0.6546701
vn -0.5941296 -0.8033825 0.0398317
vn -0.6489512 -0.4844811 -0.5866348
vn -0.4474867 0.3007183 -0.8422138
vn -0.1310001 0.8716955 -0.4722139
vn 0.0421052 0.9955626 0.0841558
vn 0.0448637 0.7479142 0.6622776
vn -0.1579102 0.0472701 0.9863214
vn 0.2756688 0.0253975 0.9609171
vn -0.0332713 -0.7150960 0.6982340
vn -0.2366117 -0.9670654 0.0938052
vn -0.2552895 -0.7907232 -0.5564028
vn -0.0570833 -0.1200587 -0.9911243
vn 0.2206246 0.6403030 -0.7357560
vn 0.3727812 0.9198874 -0.1218250
vn 0.4166874 0.7371377 0.5319771
vn 0.2756688 0.0253975 0.9609171
vn -0.0215974 0.3919583 0.9197294
vn -0.3579107 -0.4838774 0.7986004
vn -0.3483577 -0.9194677 0.1822801
vn -0.1148526 -0.9235215 -0.3659466
vn 0.2780800 -0.5380991 -0.7956889
vn 0.6194692 0.2961825 -0.7270033
vn 0.5551914 0.8201472 -0.1382788
vn 0.3169126 0.8385367 0.4431959
vn -0.0215974 0.3919583 0.9197294
vn -0.3753059 0.8048155 0.4598015
vn -0.9145580 0.1940350 0.3548720
vn -0.7408464 -0.6678077 0.0719687
vn -0.1643014 -0.9736702 -0.1580231
vn 0.4167364 -0.8628142 -0.2861512
vn 0.9253889 -0.3043961 -0.2258283
vn 0.8483000 0.5198769 0.1005740
vn 0.2735276 0.8874376 0.3709948
vn -0.3753059 0.8048155 0.4598015
vn -0.2473284 0.8237741 0.5101224
vn -0.8146767 0.3708248 0.4458598
vn -0.8404120 -0.5024379 0.2031351
vn -0.3136304 -0.9494656 0.0122946
vn 0.2537704 -0.9671502 -0.0148688
vn 0.7997286 -0.5881127 0.1206548
vn 0.8905166 0.2617103 0.3721396
vn 0.3605146 0.7938300 0.4897583
vn -0.2473284 0.8237741 0.5101224
vn -0.8472622 0.4865231 0.2131712
vn 0.0088663 -0.3887361 0.9213065
s 1
f 2348/2348/2348 2349/2349/2349 2358/2358/2358
f 2348/2348/2348 2358/2358/2358 2357/2357/2357
f 2349/2349/2349 2350/2350/2350 2359/2359/2359
f 2349/2349/2349 2359/2359/2359 2358/2358/2358
f 2350/2350/2350 2351/2351/2351 2360/2360/2360
f 2350/2350/2350 2360/2360/2360 2359/2359/2359
f 2351/2351/2351 2352/2352/2352 2361/2361/2361
f 2351/2351/2351 2361/2361/2361 2360/2360/2360
f 2352/2352/2352 2353/2353/2353 2362/2362/2362
f 2352/2352/2352 2362/2362/2362 2361/2361/2361
f 2353/2353/2353 2354/2354/2354 2363/2363/2363
f 2353/2353/2353 2363/2363/2363 2362/2362/2362
f 2354/2354/2354 2355/2355/2355 2364/2364/2364
f 2354/2354/2354 2364/2364/2364 2363/2363/2363
f 2355/2355/2355 2356/2356/2356 2365/2365/2365
f 2355/2355/2355 2365/2365/2365 2364/2364/2364
f 2357/2357/2357 2358/2358/2358 2367/2367/2367
f 2357/2357/2357 2367/2367/2367 2366/2366/2366
f 2358/2358/2358 2359/2359/2359 2368/2368/2368
f 2358/2358/2358 2368/2368/2368 2367/2367/2367
f 2359/2359/2359 2360/2360/2360 2369/2369/2369
f 2359/2359/2359 2369/2369/2369 2368/2368/2368
f 2360/2360/2360 2361/2361/2361 2370/2370/2370
f 2360/2360/2360 2370/2370/2370 2369/2369/2369
f 2361/2361/2361 2362/2362/2362 2371/2371/2371
f 2361/2361/2361 2371/2371/2371 2370/2370/2370
f 2362/2362/2362 2363/2363/2363 2372/2372/2372
f 2362/2362/2362 2372/2372/2372 2371/2371/2371
f 2363/2363/2363 2364/2364/2364 2373/2373/2373
f 2363/2363/2363 2373/2373/2373 2372/2372/2372
f 2364/2364/2364 2365/2365/2365 2374/2374/2374
f 2364/2364/2364 2374/2374/2374 2373/2373/2373
f 2366/2366/2366 2367/2367/2367 2376/2376/2376
f 2366/2366/2366 2376/2376/2376 2375/2375/2375
f 2367/2367/2367 2368/2368/2368 2377/2377/2377
f 2367/2367/2367 2377/2377/2377 2376/2376/2376
f 2368/2368/2368 2369/2369/2369 2378/2378/2378
f 2368/2368/2368 2378/2378/2378 2377/2377/2377
f 2369/2369/2369 2370/2370/2370 2379/2379/2379
f 2369/2369/2369 2379/2379/2379 2378/2378/2378
f 2370/2370/2370 2371/2371/2371 2380/2380/2380
f 2370/2370/2370 2380/2380/2380 2379/2379/2379
f 2371/2371/2371 2372/2372/2372 2381/2381/2381
f 2371/2371/2371 2381/2381/2381 2380/2380/2380
f 2372/2372/2372 2373/2373/2373 2382/2382/2382
f 2372/2372/2372 2382/2382/2382 2381/2381/2381
f 2373/2373/2373 2374/2374/2374 2383/2383/2383
f 2373/2373/2373 2383/2383/2383 2382/2382/2382
f 2375/2375/2375 2376/2376/2376 2385/2385/2385
f 2375/2375/2375 2385/2385/2385 2384/2384/2384
f 2376/2376/2376 2377/2377/2377 2386/2386/2386
f 2376/2376/2376 2386/2386/2386 2385/2385/2385
f 2377/2377/2377 2378/2378/2378 2387/2387/2387
f 2377/2377/2377 2387/2387/2387 2386/2386/2386
f 2378/2378/2378 2379/2379/2379 2388/2388/2388
f 2378/2378/2378 2388/2388/2388 2387/2387/2387
f 2379/2379/2379 2380/2380/2380 2389/2389/2389
f 2379/2379/2379 2389/2389/2389 2388/2388/2388
f 2380/2380/2380 2381/2381/2381 2390/2390/2390
f 2380/2380/2380 2390/2390/2390 2389/2389/2389
f 2381/2381/2381 2382/2382/2382 2391/2391/2391
f 2381/2381/2381 2391/2391/2391 2390/2390/2390
f 2382/2382/2382 2383/2383/2383 2392/2392/2392
f 2382/2382/2382 2392/2392/2392 2391/2391/2391
f 2393/2393/2393 2349/2349/2349 2348/2348/2348
f 2393/2393/2393 2350/2350/2350 2349/2349/2349
f 2393/2393/2393 2351/2351/2351 2350/2350/2350
f 2393/2393/2393 2352/2352/2352 2351/2351/2351
f 2393/2393/2393 2353/2353/2353 2352/2352/2352
f 2393/2393/2393 2354/2354/2354 2353/2353/2353
f 2393/2393/2393 2355/2355/2355 2354/2354/2354
f 2393/2393/2393 2356/2356/2356 2355/2355/2355
f 2394/2394/2394 2384/2384/2384 2385/2385/2385
f 2394/2394/2394 2385/2385/2385 2386/2386/2386
f 2394/2394/2394 2386/2386/2386 2387/2387/2387
f 2394/2394/2394 2387/2387/2387 2388/2388/2388
f 2394/2394/2394 2388/2388/2388 2389/2389/2389
f 2394/2394/2394 2389/2389/2389 2390/2390/2390
f 2394/2394/2394 2390/2390/2390 2391/2391/2391
f 2394/2394/2394 2391/2391/2391 2392/2392/2392
o Wing_arm_-1
v -0.054871 28.738383 3.458329
v 0.339597 28.402902 3.747028
v 0.922543 28.157313 3.785762
v 1.537766 28.067422 3.564150
v 2.020419 28.157313 3.141573
v 2.241175 28.402902 2.631261
v 2.140882 28.738383 2.169952
v 1.746414 29.073863 1.881252
v 1.163468 29.319452 1.842519
v 0.548244 29.409344 2.064131
v 0.065592 29.319452 2.486707
v -0.155164 29.073863 2.997019
v -0.054871 28.738383 3.458329
v 0.713353 29.790595 4.485470
v 1.084545 29.475368 4.757296
v 1.631996 29.243182 4.792518
v 2.209016 29.156252 4.581699
v 2.660993 29.237869 4.181327
v 2.866821 29.466165 3.698682
v 2.771348 29.779968 3.263089
v 2.400156 30.095195 2.991263
v 1.852705 30.327380 2.956041
v 1.275685 30.414311 3.166860
v 0.823708 30.332694 3.567232
v 0.617880 30.104398 4.049877
v 0.713353 29.790595 4.485470
v 1.832342 31.294132 5.918191
v 2.169151 31.006023 6.164322
v 2.670601 30.799838 6.201785
v 3.202328 30.730823 6.020541
v 3.621857 30.817470 5.669155
v 3.816775 31.036564 5.241780
v 3.734854 31.329398 4.852930
v 3.398044 31.617507 4.606799
v 2.896595 31.823692 4.569336
v 2.364867 31.892708 4.750580
v 1.945339 31.806060 5.101967
v 1.750421 31.586966 5.529342
v 1.832342 31.294132 5.918191
v 2.816211 32.772949 7.523497
v 3.110008 32.513523 7.737173
v 3.562032 32.347375 7.792134
v 4.051162 32.319026 7.673653
v 4.446338 32.436070 7.413476
v 4.641671 32.667146 7.081317
v 4.584823 32.950337 6.766179
v 4.291026 33.209763 6.552503
v 3.839003 33.375911 6.497542
v 3.349872 33.404261 6.616023
v 2.954697 33.287217 6.876200
v 2.759363 33.056140 7.208359
v 2.816211 32.772949 7.523497
v 3.227474 33.782028 9.030153
v 3.469889 33.545292 9.203602
v 3.861549 33.424694 9.308822
v 4.297509 33.452548 9.317618
v 4.660953 33.621390 9.227634
v 4.854498 33.885981 9.062981
v 4.826283 34.175422 8.867778
v 4.583868 34.412158 8.694329
v 4.192208 34.532757 8.589110
v 3.756248 34.504903 8.580314
v 3.392803 34.336060 8.670297
v 3.199258 34.071469 8.834950
v 3.227474 33.782028 9.030153
v 2.822181 34.286529 10.822716
v 3.016137 34.081948 10.945997
v 3.320598 33.989182 11.081685
v 3.653985 34.033089 11.193420
v 3.926966 34.201903 11.251264
v 4.066397 34.450391 11.239718
v 4.034918 34.711971 11.161875
v 3.840962 34.916553 11.038593
v 3.536501 35.009318 10.902906
v 3.203114 34.965412 10.791171
v 2.930133 34.796597 10.733326
v 2.790702 34.548109 10.744873
v 2.822181 34.286529 10.822716
v 1.803819 34.515828 13.100534
v 1.951308 34.361033 13.185647
v 2.171897 34.291854 13.301490
v 2.406480 34.326828 13.417022
v 2.592200 34.456583 13.501286
v 2.679293 34.646352 13.531704
v 2.644424 34.845286 13.500126
v 2.496935 35.000081 13.415013
v 2.276346 35.069259 13.299170
v 2.041764 35.034286 13.183638
v 1.856044 34.904530 13.099374
v 1.768950 34.714762 13.068955
v 1.803819 34.515828 13.100534
v 0.642708 34.583787 15.265805
v 0.745486 34.476540 15.323492
v 0.896752 34.428660 15.406141
v 1.055975 34.452978 15.491606
v 1.180492 34.542976 15.556987
v 1.236937 34.674540 15.584765
v 1.210187 34.812418 15.567498
v 1.107410 34.919665 15.509811
v 0.956143 34.967544 15.427162
v 0.796920 34.943227 15.341697
v 0.672404 34.853229 15.276315
v 0.615958 34.721665 15.248537
v 0.642708 34.583787 15.265805
v -0.149037 34.648285 16.782296
v -0.078035 34.574083 16.822386
v 0.026840 34.540948 16.879211
v 0.137487 34.557758 16.937545
v 0.224258 34.620009 16.981757
v 0.263903 34.711020 17.000000
v 0.245799 34.806406 16.987386
v 0.174797 34.880608 16.947296
v 0.069922 34.913743 16.890471
v -0.040725 34.896933 16.832137
v -0.127496 34.834682 16.787925
v -0.167141 34.743671 16.769682
v -0.149037 34.648285 16.782296
v 1.043005 28.738383 2.814140
v 0.048381 34.727345 16.884841
vt 0.0078125 0.9921875
vt 0.0078125 0.9414062
vt 0.0078125 0.8906250
vt 0.0078125 0.8398438
vt 0.0078125 0.7890625
vt 0.0078125 0.7382812
vt 0.0078125 0.6875000
vt 0.0078125 0.6367188
vt 0.0078125 0.5859375
vt 0.0078125 0.5351562
vt 0.0078125 0.4843750
vt 0.0078125 0.4335938
vt 0.0078125 0.3828125
vt 0.1308594 0.9921875
vt 0.1308594 0.9414062
vt 0.1308594 0.8906250
vt 0.1308594 0.8398438
vt 0.1308594 0.7890625
vt 0.1308594 0.7382812
vt 0.1308594 0.6875000
vt 0.1308594 0.6367188
vt 0.1308594 0.5859375
vt 0.1308594 0.5351562
vt 0.1308594 0.4843750
vt 0.1308594 0.4335938
vt 0.1308594 0.3828125
vt 0.2539062 0.9921875
vt 0.2539062 0.9414062
vt 0.2539062 0.8906250
vt 0.2539062 0.8398438
vt 0.2539062 0.7890625
vt 0.2539062 0.7382812
vt 0.2539062 0.6875000
vt 0.2539062 0.6367188
vt 0.2539062 0.5859375
vt 0.2539062 0.5351562
vt 0.2539062 0.4843750
vt 0.2539062 0.4335938
vt 0.2539062 0.3828125
vt 0.3769531 0.9921875
vt 0.3769531 0.9414062
vt 0.3769531 0.8906250
vt 0.3769531 0.8398438
vt 0.3769531 0.7890625
vt 0.3769531 0.7382812
vt 0.3769531 0.6875000
vt 0.3769531 0.6367188
vt 0.3769531 0.5859375
vt 0.3769531 0.5351562
vt 0.3769531 0.4843750
vt 0.3769531 0.4335938
vt 0.3769531 0.3828125
vt 0.5000000 0.9921875
vt 0.5000000 0.9414062
vt 0.5000000 0.8906250
vt 0.5000000 0.8398438
vt 0.5000000 0.7890625
vt 0.5000000 0.7382812
vt 0.5000000 0.6875000
vt 0.5000000 0.6367188
vt 0.5000000 0.5859375
vt 0.5000000 0.5351562
vt 0.5000000 0.4843750
vt 0.5000000 0.4335938
vt 0.5000000 0.3828125
vt 0.6230469 0.9921875
vt 0.6230469 0.9414062
vt 0.6230469 0.8906250
vt 0.6230469 0.8398438
vt 0.6230469 0.7890625
vt 0.6230469 0.7382812
vt 0.6230469 0.6875000
vt 0.6230469 0.6367188
vt 0.6230469 0.5859375
vt 0.6230469 0.5351562
vt 0.6230469 0.4843750
vt 0.6230469 0.4335938
vt 0.6230469 0.3828125
vt 0.7460938 0.9921875
vt 0.7460938 0.9414062
vt 0.7460938 0.8906250
vt 0.7460938 0.8398438
vt 0.7460938 0.7890625
vt 0.7460938 0.7382812
vt 0.7460938 0.6875000
vt 0.7460938 0.6367188
vt 0.7460938 0.5859375
vt 0.7460938 0.5351562
vt 0.7460938 0.4843750
vt 0.7460938 0.4335938
vt 0.7460938 0.3828125
vt 0.8691406 0.9921875
vt 0.8691406 0.9414062
vt 0.8691406 0.8906250
vt 0.8691406 0.8398438
vt 0.8691406 0.7890625
vt 0.8691406 0.7382812
vt 0.8691406 0.6875000
vt 0.8691406 0.6367188
vt 0.8691406 0.5859375
vt 0.8691406 0.5351562
vt 0.8691406 0.4843750
vt 0.8691406 0.4335938
vt 0.8691406 0.3828125
vt 0.9921875 0.9921875
vt 0.9921875 0.9414062
vt 0.9921875 0.8906250
vt 0.9921875 0.8398438
vt 0.9921875 0.7890625
vt 0.9921875 0.7382812
vt 0.9921875 0.6875000
vt 0.9921875 0.6367188
vt 0.9921875 0.5859375
vt 0.9921875 0.5351562
vt 0.9921875 0.4843750
vt 0.9921875 0.4335938
vt 0.9921875 0.3828125
vt 0.0078125 0.6875000
vt 0.9921875 0.6875000
vn -0.8508112 -0.4208087 0.3147068
vn -0.5003421 -0.7347307 0.4580705
vn -0.1208115 -0.9003456 0.4180698
vn 0.2173237 -0.9442750 0.2472150
vn 0.4895567 -0.8713234 -0.0336108
vn 0.6419330 -0.6518036 -0.4038243
vn 0.5784791 -0.2841142 -0.7646183
vn 0.2836450 0.1058972 -0.9530642
vn -0.1177139 0.3632315 -0.9242328
vn -0.5175776 0.4371710 -0.7355236
vn -0.8503121 0.3140021 -0.4223412
vn -0.9996451 -0.0097742 -0.0247799
vn -0.8508112 -0.4208087 0.3147068
vn -0.8113452 0.0377719 0.5833457
vn -0.4834657 -0.3889726 0.7841946
vn -0.0591518 -0.6525294 0.7554512
vn 0.3449466 -0.7442078 0.5719848
vn 0.6911821 -0.6713269 0.2675584
vn 0.9047248 -0.4018894 -0.1412725
vn 0.8420278 0.0390196 -0.5380210
vn 0.5047931 0.4572732 -0.7321783
vn 0.0821548 0.7079174 -0.7015009
vn -0.3144680 0.7939955 -0.5202702
vn -0.6521621 0.7254659 -0.2199632
vn -0.8634407 0.4694473 0.1846332
vn -0.8113452 0.0377719 0.5833457
vn -0.8326297 0.0233453 0.5533378
vn -0.5079844 -0.4043380 0.7605674
vn -0.0817410 -0.6631956 0.7439690
vn 0.3284014 -0.7485823 0.5760009
vn 0.6861125 -0.6681857 0.2877109
vn 0.9149583 -0.3885593 -0.1089633
vn 0.8626157 0.0611499 -0.5021502
vn 0.5278241 0.4780458 -0.7020498
vn 0.1039012 0.7212738 -0.6848129
vn -0.2980655 0.8001293 -0.5205287
vn -0.6465224 0.7252675 -0.2366344
vn -0.8728783 0.4621102 0.1566450
vn -0.8326297 0.0233453 0.5533378
vn -0.8853158 -0.0754985 0.4588201
vn -0.5572597 -0.4997107 0.6631371
vn -0.1274349 -0.7275857 0.6740767
vn 0.2953554 -0.7770153 0.5558888
vn 0.6838462 -0.6524235 0.3266465
vn 0.9499716 -0.3118166 -0.0180125
vn 0.9070916 0.1837955 -0.3786872
vn 0.5676790 0.5874396 -0.5767628
vn 0.1433544 0.7912455 -0.5944578
vn -0.2688142 0.8319704 -0.4853496
vn -0.6459469 0.7179483 -0.2594278
vn -0.9099239 0.4052930 0.0881824
vn -0.8853158 -0.0754985 0.4588201
vn -0.9303017 -0.3294310 0.1612883
vn -0.5846652 -0.7283538 0.3573057
vn -0.1664876 -0.8785516 0.4476929
vn 0.2504717 -0.8498667 0.4636706
vn 0.6620199 -0.6337744 0.4000746
vn 0.9618178 -0.1688114 0.2154282
vn 0.9119768 0.4066900 -0.0538667
vn 0.5702944 0.7800847 -0.2573562
vn 0.1645589 0.9203506 -0.3547888
vn -0.2425821 0.8966951 -0.3702590
vn -0.6494365 0.6990425 -0.2992856
vn -0.9606386 0.2559987 -0.1078803
vn -0.9303017 -0.3294310 0.1612883
vn -0.8493126 -0.4878744 -0.2016105
vn -0.5131230 -0.8582808 -0.0076671
vn -0.1415465 -0.9760315 0.1653089
vn 0.2322148 -0.9198554 0.3161367
vn 0.6139373 -0.6577038 0.4364708
vn 0.8840922 -0.1111193 0.4539090
vn 0.8052360 0.5109338 0.3009013
vn 0.4831053 0.8705323 0.0937165
vn 0.1192500 0.9897064 -0.0791243
vn -0.2540973 0.9422539 -0.2181561
vn -0.6430299 0.6941233 -0.3235819
vn -0.9283585 0.1521579 -0.3391143
vn -0.8493126 -0.4878744 -0.2016105
vn -0.7975433 -0.4877959 -0.3549364
vn -0.4721223 -0.8667381 -0.1608278
vn -0.1188945 -0.9920692 0.0407778
vn 0.2309466 -0.9434109 0.2379908
vn 0.5824702 -0.6893263 0.4307641
vn 0.8253673 -0.1438307 0.5459685
vn 0.7384660 0.4939439 0.4590070
vn 0.4250720 0.8689466 0.2534672
vn 0.0785784 0.9957832 0.0473419
vn -0.2717969 0.9513145 -0.1453518
vn -0.6314224 0.7031338 -0.3269689
vn -0.8864723 0.1585793 -0.4347637
vn -0.7975433 -0.4877959 -0.3549364
vn -0.7860646 -0.4707235 -0.4006519
vn -0.4651108 -0.8599425 -0.2101685
vn -0.1164584 -0.9931940 -0.0017758
vn 0.2262751 -0.9517561 0.2072676
vn 0.5683283 -0.7079793 0.4192473
vn 0.8067192 -0.1730609 0.5650257
vn 0.7241703 0.4706955 0.5040071
vn 0.4139674 0.8586757 0.3021705
vn 0.0711441 0.9935973 0.0877669
vn -0.2726055 0.9547701 -0.1187449
vn -0.6225948 0.7138156 -0.3206916
vn -0.8713165 0.1781873 -0.4572273
vn -0.7860646 -0.4707235 -0.4006519
vn -0.8526516 -0.3980554 -0.3384335
vn -0.5426643 -0.8235634 -0.1651022
vn -0.1908524 -0.9809710 0.0356543
vn 0.1509842 -0.9586780 0.2411229
vn 0.4899419 -0.7438458 0.4545881
vn 0.7470977 -0.2476917 0.6168418
vn 0.7106692 0.3997804 0.5788998
vn 0.4232914 0.8228775 0.3790738
vn 0.0851018 0.9831977 0.1614929
vn -0.2578145 0.9653103 -0.0413253
vn -0.6125592 0.7551034 -0.2336452
vn -0.8918185 0.2581357 -0.3715181
vn -0.8526516 -0.3980554 -0.3384335
vn -0.3030700 -0.8008496 -0.5165157
vn -0.4694627 0.0275988 0.8825208
s 1
f 2395/2395/2395 2396/2396/2396 2409/2409/2409
f 2395/2395/2395 2409/2409/2409 2408/2408/2408
f 2396/2396/2396 2397/2397/2397 2410/2410/2410
f 2396/2396/2396 2410/2410/2410 2409/2409/2409
f 2397/2397/2397 2398/2398/2398 2411/2411/2411
f 2397/2397/2397 2411/2411/2411 2410/2410/2410
f 2398/2398/2398 2399/2399/2399 2412/2412/2412
f 2398/2398/2398 2412/2412/2412 2411/2411/2411
f 2399/2399/2399 2400/2400/2400 2413/2413/2413
f 2399/2399/2399 2413/2413/2413 2412/2412/2412
f 2400/2400/2400 2401/2401/2401 2414/2414/2414
f 2400/2400/2400 2414/2414/2414 2413/2413/2413
f 2401/2401/2401 2402/2402/2402 2415/2415/2415
f 2401/2401/2401 2415/2415/2415 2414/2414/2414
f 2402/2402/2402 2403/2403/2403 2416/2416/2416
f 2402/2402/2402 2416/2416/2416 2415/2415/2415
f 2403/2403/2403 2404/2404/2404 2417/2417/2417
f 2403/2403/2403 2417/2417/2417 2416/2416/2416
f 2404/2404/2404 2405/2405/2405 2418/2418/2418
f 2404/2404/2404 2418/2418/2418 2417/2417/2417
f 2405/2405/2405 2406/2406/2406 2419/2419/2419
f 2405/2405/2405 2419/2419/2419 2418/2418/2418
f 2406/2406/2406 2407/2407/2407 2420/2420/2420
f 2406/2406/2406 2420/2420/2420 2419/2419/2419
f 2408/2408/2408 2409/2409/2409 2422/2422/2422
f 2408/2408/2408 2422/2422/2422 2421/2421/2421
f 2409/2409/2409 2410/2410/2410 2423/2423/2423
f 2409/2409/2409 2423/2423/2423 2422/2422/2422
f 2410/2410/2410 2411/2411/2411 2424/2424/2424
f 2410/2410/2410 2424/2424/2424 2423/2423/2423
f 2411/2411/2411 2412/2412/2412 2425/2425/2425
f 2411/2411/2411 2425/2425/2425 2424/2424/2424
f 2412/2412/2412 2413/2413/2413 2426/2426/2426
f 2412/2412/2412 2426/2426/2426 2425/2425/2425
f 2413/2413/2413 2414/2414/2414 2427/2427/2427
f 2413/2413/2413 2427/2427/2427 2426/2426/2426
f 2414/2414/2414 2415/2415/2415 2428/2428/2428
f 2414/2414/2414 2428/2428/2428 2427/2427/2427
f 2415/2415/2415 2416/2416/2416 2429/2429/2429
f 2415/2415/2415 2429/2429/2429 2428/2428/2428
f 2416/2416/2416 2417/2417/2417 2430/2430/2430
f 2416/2416/2416 2430/2430/2430 2429/2429/2429
f 2417/2417/2417 2418/2418/2418 2431/2431/2431
f 2417/2417/2417 2431/2431/2431 2430/2430/2430
f 2418/2418/2418 2419/2419/2419 2432/2432/2432
f 2418/2418/2418 2432/2432/2432 2431/2431/2431
f 2419/2419/2419 2420/2420/2420 2433/2433/2433
f 2419/2419/2419 2433/2433/2433 2432/2432/2432
f 2421/2421/2421 2422/2422/2422 2435/2435/2435
f 2421/2421/2421 2435/2435/2435 2434/2434/2434
f 2422/2422/2422 2423/2423/2423 2436/2436/2436
f 2422/2422/2422 2436/2436/2436 2435/2435/2435
f 2423/2423/2423 2424/2424/2424 2437/2437/2437
f 2423/2423/2423 2437/2437/2437 2436/2436/2436
f 2424/2424/2424 2425/2425/2425 2438/2438/2438
f 2424/2424/2424 2438/2438/2438 2437/2437/2437
f 2425/2425/2425 2426/2426/2426 2439/2439/2439
f 2425/2425/2425 2439/2439/2439 2438/2438/2438
f 2426/2426/2426 2427/2427/2427 2440/2440/2440
f 2426/2426/2426 2440/2440/2440 2439/2439/2439
f 2427/2427/2427 2428/2428/2428 2441/2441/2441
f 2427/2427/2427 2441/2441/2441 2440/2440/2440
f 2428/2428/2428 2429/2429/2429 2442/2442/2442
f 2428/2428/2428 2442/2442/2442 2441/2441/2441
f 2429/2429/2429 2430/2430/2430 2443/2443/2443
f 2429/2429/2429 2443/2443/2443 2442/2442/2442
f 2430/2430/2430 2431/2431/2431 2444/2444/2444
f 2430/2430/2430 2444/2444/2444 2443/2443/2443
f 2431/2431/2431 2432/2432/2432 2445/2445/2445
f 2431/2431/2431 2445/2445/2445 2444/2444/2444
f 2432/2432/2432 2433/2433/2433 2446/2446/2446
f 2432/2432/2432 2446/2446/2446 2445/2445/2445
f 2434/2434/2434 2435/2435/2435 2448/2448/2448
f 2434/2434/2434 2448/2448/2448 2447/2447/2447
f 2435/2435/2435 2436/2436/2436 2449/2449/2449
f 2435/2435/2435 2449/2449/2449 2448/2448/2448
f 2436/2436/2436 2437/2437/2437 2450/2450/2450
f 2436/2436/2436 2450/2450/2450 2449/2449/2449
f 2437/2437/2437 2438/2438/2438 2451/2451/2451
f 2437/2437/2437 2451/2451/2451 2450/2450/2450
f 2438/2438/2438 2439/2439/2439 2452/2452/2452
f 2438/2438/2438 2452/2452/2452 2451/2451/2451
f 2439/2439/2439 2440/2440/2440 2453/2453/2453
f 2439/2439/2439 2453/2453/2453 2452/2452/2452
f 2440/2440/2440 2441/2441/2441 2454/2454/2454
f 2440/2440/2440 2454/2454/2454 2453/2453/2453
f 2441/2441/2441 2442/2442/2442 2455/2455/2455
f 2441/2441/2441 2455/2455/2455 2454/2454/2454
f 2442/2442/2442 2443/2443/2443 2456/2456/2456
f 2442/2442/2442 2456/2456/2456 2455/2455/2455
f 2443/2443/2443 2444/2444/2444 2457/2457/2457
f 2443/2443/2443 2457/2457/2457 2456/2456/2456
f 2444/2444/2444 2445/2445/2445 2458/2458/2458
f 2444/2444/2444 2458/2458/2458 2457/2457/2457
f 2445/2445/2445 2446/2446/2446 2459/2459/2459
f 2445/2445/2445 2459/2459/2459 2458/2458/2458
f 2447/2447/2447 2448/2448/2448 2461/2461/2461
f 2447/2447/2447 2461/2461/2461 2460/2460/2460
f 2448/2448/2448 2449/2449/2449 2462/2462/2462
f 2448/2448/2448 2462/2462/2462 2461/2461/2461
f 2449/2449/2449 2450/2450/2450 2463/2463/2463
f 2449/2449/2449 2463/2463/2463 2462/2462/2462
f 2450/2450/2450 2451/2451/2451 2464/2464/2464
f 2450/2450/2450 2464/2464/2464 2463/2463/2463
f 2451/2451/2451 2452/2452/2452 2465/2465/2465
f 2451/2451/2451 2465/2465/2465 2464/2464/2464
f 2452/2452/2452 2453/2453/2453 2466/2466/2466
f 2452/2452/2452 2466/2466/2466 2465/2465/2465
f 2453/2453/2453 2454/2454/2454 2467/2467/2467
f 2453/2453/2453 2467/2467/2467 2466/2466/2466
f 2454/2454/2454 2455/2455/2455 2468/2468/2468
f 2454/2454/2454 2468/2468/2468 2467/2467/2467
f 2455/2455/2455 2456/2456/2456 2469/2469/2469
f 2455/2455/2455 2469/2469/2469 2468/2468/2468
f 2456/2456/2456 2457/2457/2457 2470/2470/2470
f 2456/2456/2456 2470/2470/2470 2469/2469/2469
f 2457/2457/2457 2458/2458/2458 2471/2471/2471
f 2457/2457/2457 2471/2471/2471 2470/2470/2470
f 2458/2458/2458 2459/2459/2459 2472/2472/2472
f 2458/2458/2458 2472/2472/2472 2471/2471/2471
f 2460/2460/2460 2461/2461/2461 2474/2474/2474
f 2460/2460/2460 2474/2474/2474 2473/2473/2473
f 2461/2461/2461 2462/2462/2462 2475/2475/2475
f 2461/2461/2461 2475/2475/2475 2474/2474/2474
f 2462/2462/2462 2463/2463/2463 2476/2476/2476
f 2462/2462/2462 2476/2476/2476 2475/2475/2475
f 2463/2463/2463 2464/2464/2464 2477/2477/2477
f 2463/2463/2463 2477/2477/2477 2476/2476/2476
f 2464/2464/2464 2465/2465/2465 2478/2478/2478
f 2464/2464/2464 2478/2478/2478 2477/2477/2477
f 2465/2465/2465 2466/2466/2466 2479/2479/2479
f 2465/2465/2465 2479/2479/2479 2478/2478/2478
f 2466/2466/2466 2467/2467/2467 2480/2480/2480
f 2466/2466/2466 2480/2480/2480 2479/2479/2479
f 2467/2467/2467 2468/2468/2468 2481/2481/2481
f 2467/2467/2467 2481/2481/2481 2480/2480/2480
f 2468/2468/2468 2469/2469/2469 2482/2482/2482
f 2468/2468/2468 2482/2482/2482 2481/2481/2481
f 2469/2469/2469 2470/2470/2470 2483/2483/2483
f 2469/2469/2469 2483/2483/2483 2482/2482/2482
f 2470/2470/2470 2471/2471/2471 2484/2484/2484
f 2470/2470/2470 2484/2484/2484 2483/2483/2483
f 2471/2471/2471 2472/2472/2472 2485/2485/2485
f 2471/2471/2471 2485/2485/2485 2484/2484/2484
f 2473/2473/2473 2474/2474/2474 2487/2487/2487
f 2473/2473/2473 2487/2487/2487 2486/2486/2486
f 2474/2474/2474 2475/2475/2475 2488/2488/2488
f 2474/2474/2474 2488/2488/2488 2487/2487/2487
f 2475/2475/2475 2476/2476/2476 2489/2489/2489
f 2475/2475/2475 2489/2489/2489 2488/2488/2488
f 2476/2476/2476 2477/2477/2477 2490/2490/2490
f 2476/2476/2476 2490/2490/2490 2489/2489/2489
f 2477/2477/2477 2478/2478/2478 2491/2491/2491
f 2477/2477/2477 2491/2491/2491 2490/2490/2490
f 2478/2478/2478 2479/2479/2479 2492/2492/2492
f 2478/2478/2478 2492/2492/2492 2491/2491/2491
f 2479/2479/2479 2480/2480/2480 2493/2493/2493
f 2479/2479/2479 2493/2493/2493 2492/2492/2492
f 2480/2480/2480 2481/2481/2481 2494/2494/2494
f 2480/2480/2480 2494/2494/2494 2493/2493/2493
f 2481/2481/2481 2482/2482/2482 2495/2495/2495
f 2481/2481/2481 2495/2495/2495 2494/2494/2494
f 2482/2482/2482 2483/2483/2483 2496/2496/2496
f 2482/2482/2482 2496/2496/2496 2495/2495/2495
f 2483/2483/2483 2484/2484/2484 2497/2497/2497
f 2483/2483/2483 2497/2497/2497 2496/2496/2496
f 2484/2484/2484 2485/2485/2485 2498/2498/2498
f 2484/2484/2484 2498/2498/2498 2497/2497/2497
f 2486/2486/2486 2487/2487/2487 2500/2500/2500
f 2486/2486/2486 2500/2500/2500 2499/2499/2499
f 2487/2487/2487 2488/2488/2488 2501/2501/2501
f 2487/2487/2487 2501/2501/2501 2500/2500/2500
f 2488/2488/2488 2489/2489/2489 2502/2502/2502
f 2488/2488/2488 2502/2502/2502 2501/2501/2501
f 2489/2489/2489 2490/2490/2490 2503/2503/2503
f 2489/2489/2489 2503/2503/2503 2502/2502/2502
f 2490/2490/2490 2491/2491/2491 2504/2504/2504
f 2490/2490/2490 2504/2504/2504 2503/2503/2503
f 2491/2491/2491 2492/2492/2492 2505/2505/2505
f 2491/2491/2491 2505/2505/2505 2504/2504/2504
f 2492/2492/2492 2493/2493/2493 2506/2506/2506
f 2492/2492/2492 2506/2506/2506 2505/2505/2505
f 2493/2493/2493 2494/2494/2494 2507/2507/2507
f 2493/2493/2493 2507/2507/2507 2506/2506/2506
f 2494/2494/2494 2495/2495/2495 2508/2508/2508
f 2494/2494/2494 2508/2508/2508 2507/2507/2507
f 2495/2495/2495 2496/2496/2496 2509/2509/2509
f 2495/2495/2495 2509/2509/2509 2508/2508/2508
f 2496/2496/2496 2497/2497/2497 2510/2510/2510
f 2496/2496/2496 2510/2510/2510 2509/2509/2509
f 2497/2497/2497 2498/2498/2498 2511/2511/2511
f 2497/2497/2497 2511/2511/2511 2510/2510/2510
f 2512/2512/2512 2396/2396/2396 2395/2395/2395
f 2512/2512/2512 2397/2397/2397 2396/2396/2396
f 2512/2512/2512 2398/2398/2398 2397/2397/2397
f 2512/2512/2512 2399/2399/2399 2398/2398/2398
f 2512/2512/2512 2400/2400/2400 2399/2399/2399
f 2512/2512/2512 2401/2401/2401 2400/2400/2400
f 2512/2512/2512 2402/2402/2402 2401/2401/2401
f 2512/2512/2512 2403/2403/2403 2402/2402/2402
f 2512/2512/2512 2404/2404/2404 2403/2403/2403
f 2512/2512/2512 2405/2405/2405 2404/2404/2404
f 2512/2512/2512 2406/2406/2406 2405/2405/2405
f 2512/2512/2512 2407/2407/2407 2406/2406/2406
f 2513/2513/2513 2499/2499/2499 2500/2500/2500
f 2513/2513/2513 2500/2500/2500 2501/2501/2501
f 2513/2513/2513 2501/2501/2501 2502/2502/2502
f 2513/2513/2513 2502/2502/2502 2503/2503/2503
f 2513/2513/2513 2503/2503/2503 2504/2504/2504
f 2513/2513/2513 2504/2504/2504 2505/2505/2505
f 2513/2513/2513 2505/2505/2505 2506/2506/2506
f 2513/2513/2513 2506/2506/2506 2507/2507/2507
f 2513/2513/2513 2507/2507/2507 2508/2508/2508
f 2513/2513/2513 2508/2508/2508 2509/2509/2509
f 2513/2513/2513 2509/2509/2509 2510/2510/2510
f 2513/2513/2513 2510/2510/2510 2511/2511/2511
o Wing_finger_-1_0
v 3.782749 33.978725 8.595165
v 4.016572 33.790320 8.599167
v 4.256433 33.712280 8.808076
v 4.361823 33.790320 9.099517
v 4.271008 33.978725 9.302766
v 4.037184 34.167130 9.298764
v 3.797324 34.245170 9.089855
v 3.691933 34.167130 8.798415
v 3.782749 33.978725 8.595165
v -2.595508 29.487003 12.688899
v -2.444822 29.365586 12.691478
v -2.290245 29.315294 12.826108
v -2.222327 29.365586 13.013925
v -2.280852 29.487003 13.144908
v -2.431538 29.608420 13.142329
v -2.586115 29.658712 13.007699
v -2.654033 29.608420 12.819882
v -2.595508 29.487003 12.688899
v -8.973764 24.995281 16.782632
v -8.906215 24.940853 16.783788
v -8.836922 24.918308 16.844140
v -8.806476 24.940853 16.928333
v -8.832712 24.995281 16.987050
v -8.900261 25.049709 16.985894
v -8.969554 25.072254 16.925542
v -9.000000 25.049709 16.841349
v -8.973764 24.995281 16.782632
v 4.026878 33.978725 8.948966
v -8.903238 24.995281 16.884841
vt 0.0078125 0.9921875
vt 0.0078125 0.9160156
vt 0.0078125 0.8398438
vt 0.0078125 0.7636719
vt 0.0078125 0.6875000
vt 0.0078125 0.6113281
vt 0.0078125 0.5351562
vt 0.0078125 0.4589844
vt 0.0078125 0.3828125
vt 0.5000000 0.9921875
vt 0.5000000 0.9160156
vt 0.5000000 0.8398438
vt 0.5000000 0.7636719
vt 0.5000000 0.6875000
vt 0.5000000 0.6113281
vt 0.5000000 0.5351562
vt 0.5000000 0.4589844
vt 0.5000000 0.3828125
vt 0.9921875 0.9921875
vt 0.9921875 0.9160156
vt 0.9921875 0.8398438
vt 0.9921875 0.7636719
vt 0.9921875 0.6875000
vt 0.9921875 0.6113281
vt 0.9921875 0.5351562
vt 0.9921875 0.4589844
vt 0.9921875 0.3828125
vt 0.0078125 0.6875000
vt 0.9921875 0.6875000
vn -0.4569351 -0.0864760 -0.8852865
vn 0.0552868 -0.6861923 -0.7253161
vn 0.4762362 -0.8503650 -0.2237821
vn 0.6910433 -0.5916053 0.4152858
vn 0.4802252 0.1148923 0.8695881
vn -0.0342270 0.7070919 0.7062929
vn -0.4522345 0.8672735 0.2081359
vn -0.6637848 0.6139135 -0.4272001
vn -0.4569351 -0.0864760 -0.8852865
vn -0.5705701 0.0640053 -0.8187510
vn -0.0794418 -0.6118454 -0.7869779
vn 0.3740319 -0.8642690 -0.3363618
vn 0.6443842 -0.7119452 0.2791110
vn 0.5486560 -0.0892428 0.8312715
vn 0.0608224 0.5915454 0.8039743
vn -0.3945799 0.8491235 0.3511351
vn -0.6683282 0.6938959 -0.2680410
vn -0.5705701 0.0640053 -0.8187510
vn -0.6302104 0.1978861 -0.7507836
vn -0.1764191 -0.5247090 -0.8328006
vn 0.3017500 -0.8517561 -0.4283206
vn 0.6107090 -0.7745070 0.1648434
vn 0.5992547 -0.2311886 0.7664500
vn 0.1510131 0.4952319 0.8555351
vn -0.3288507 0.8307004 0.4492149
vn -0.6425553 0.7515965 -0.1490820
vn -0.6302104 0.1978861 -0.7507836
vn 0.5792644 0.7104151 -0.3997039
vn -0.5792644 -0.7104151 0.3997039
s 1
f 2514/2514/2514 2515/2515/2515 2524/2524/2524
f 2514/2514/2514 2524/2524/2524 2523/2523/2523
f 2515/2515/2515 2516/2516/2516 2525/2525/2525
f 2515/2515/2515 2525/2525/2525 2524/2524/2524
f 2516/2516/2516 2517/2517/2517 2526/2526/2526
f 2516/2516/2516 2526/2526/2526 2525/2525/2525
f 2517/2517/2517 2518/2518/2518 2527/2527/2527
f 2517/2517/2517 2527/2527/2527 2526/2526/2526
f 2518/2518/2518 2519/2519/2519 2528/2528/2528
f 2518/2518/2518 2528/2528/2528 2527/2527/2527
f 2519/2519/2519 2520/2520/2520 2529/2529/2529
f 2519/2519/2519 2529/2529/2529 2528/2528/2528
f 2520/2520/2520 2521/2521/2521 2530/2530/2530
f 2520/2520/2520 2530/2530/2530 2529/2529/2529
f 2521/2521/2521 2522/2522/2522 2531/2531/2531
f 2521/2521/2521 2531/2531/2531 2530/2530/2530
f 2523/2523/2523 2524/2524/2524 2533/2533/2533
f 2523/2523/2523 2533/2533/2533 2532/2532/2532
f 2524/2524/2524 2525/2525/2525 2534/2534/2534
f 2524/2524/2524 2534/2534/2534 2533/2533/2533
f 2525/2525/2525 2526/2526/2526 2535/2535/2535
f 2525/2525/2525 2535/2535/2535 2534/2534/2534
f 2526/2526/2526 2527/2527/2527 2536/2536/2536
f 2526/2526/2526 2536/2536/2536 2535/2535/2535
f 2527/2527/2527 2528/2528/2528 2537/2537/2537
f 2527/2527/2527 2537/2537/2537 2536/2536/2536
f 2528/2528/2528 2529/2529/2529 2538/2538/2538
f 2528/2528/2528 2538/2538/2538 2537/2537/2537
f 2529/2529/2529 2530/2530/2530 2539/2539/2539
f 2529/2529/2529 2539/2539/2539 2538/2538/2538
f 2530/2530/2530 2531/2531/2531 2540/2540/2540
f 2530/2530/2530 2540/2540/2540 2539/2539/2539
f 2541/2541/2541 2515/2515/2515 2514/2514/2514
f 2541/2541/2541 2516/2516/2516 2515/2515/2515
f 2541/2541/2541 2517/2517/2517 2516/2516/2516
f 2541/2541/2541 2518/2518/2518 2517/2517/2517
f 2541/2541/2541 2519/2519/2519 2518/2518/2518
f 2541/2541/2541 2520/2520/2520 2519/2519/2519
f 2541/2541/2541 2521/2521/2521 2520/2520/2520
f 2541/2541/2541 2522/2522/2522 2521/2521/2521
f 2542/2542/2542 2532/2532/2532 2533/2533/2533
f 2542/2542/2542 2533/2533/2533 2534/2534/2534
f 2542/2542/2542 2534/2534/2534 2535/2535/2535
f 2542/2542/2542 2535/2535/2535 2536/2536/2536
f 2542/2542/2542 2536/2536/2536 2537/2537/2537
f 2542/2542/2542 2537/2537/2537 2538/2538/2538
f 2542/2542/2542 2538/2538/2538 2539/2539/2539
f 2542/2542/2542 2539/2539/2539 2540/2540/2540
o Wing_membrane_-1_0
v 4.026878 33.978725 9.019319
v 0.048381 34.727345 16.955195
v -8.903238 24.995281 16.955195
v 1.043005 28.738383 2.884494
v 4.026878 33.978725 8.878612
v 0.048381 34.727345 16.814487
v -8.903238 24.995281 16.814487
v 1.043005 28.738383 2.743787
vt 0.0433594 0.3289062
vt 0.1381510 0.3289062
vt 0.2329427 0.3289062
vt 0.3277344 0.3289062
vt 0.0433594 0.2257813
vt 0.1381510 0.2257813
vt 0.2329427 0.2257813
vt 0.3277344 0.2257813
vn 0.6701835 -0.6642964 0.3310051
vn 0.6741021 -0.6141096 0.4104336
vn 0.6636806 -0.6712000 0.3301798
vn 0.6580747 -0.7016991 0.2730497
vn -0.5549398 0.7491409 -0.3617039
vn -0.6653924 0.6704545 -0.3282433
vn -0.6999907 0.6392530 -0.3183844
vn -0.6686720 0.6635578 -0.3355129
s 1
f 2543/2543/2543 2544/2544/2544 2545/2545/2545
f 2543/2543/2543 2545/2545/2545 2546/2546/2546
f 2550/2550/2550 2549/2549/2549 2548/2548/2548
f 2550/2550/2550 2548/2548/2548 2547/2547/2547
f 2543/2543/2543 2547/2547/2547 2548/2548/2548
f 2543/2543/2543 2548/2548/2548 2544/2544/2544
f 2544/2544/2544 2548/2548/2548 2549/2549/2549
f 2544/2544/2544 2549/2549/2549 2545/2545/2545
f 2545/2545/2545 2549/2549/2549 2550/2550/2550
f 2545/2545/2545 2550/2550/2550 2546/2546/2546
f 2546/2546/2546 2550/2550/2550 2547/2547/2547
f 2546/2546/2546 2547/2547/2547 2543/2543/2543
o Wing_finger_-1_1
v 3.820930 33.978725 8.574186
v 4.065975 33.799224 8.593667
v 4.288117 33.724872 8.821277
v 4.357230 33.799224 9.123685
v 4.232827 33.978725 9.323745
v 3.987782 34.158226 9.304264
v 3.765639 34.232578 9.076654
v 3.696527 34.158226 8.774246
v 3.820930 33.978725 8.574186
v -1.824934 29.749020 11.502821
v -1.667016 29.633341 11.515375
v -1.523858 29.585426 11.662057
v -1.479318 29.633341 11.856942
v -1.559489 29.749020 11.985869
v -1.717407 29.864699 11.973315
v -1.860566 29.912614 11.826633
v -1.905105 29.864699 11.631748
v -1.824934 29.749020 11.502821
v -7.470798 25.519315 14.431455
v -7.400007 25.467459 14.437082
v -7.335833 25.445980 14.502836
v -7.315867 25.467459 14.590199
v -7.351805 25.519315 14.647994
v -7.422596 25.571171 14.642366
v -7.486771 25.592651 14.576612
v -7.506737 25.571171 14.489250
v -7.470798 25.519315 14.431455
v 4.026878 33.978725 8.948966
v -7.411302 25.519315 14.539724
vt 0.0078125 0.9921875
vt 0.0078125 0.9160156
vt 0.0078125 0.8398438
vt 0.0078125 0.7636719
vt 0.0078125 0.6875000
vt 0.0078125 0.6113281
vt 0.0078125 0.5351562
vt 0.0078125 0.4589844
vt 0.0078125 0.3828125
vt 0.5000000 0.9921875
vt 0.5000000 0.9160156
vt 0.5000000 0.8398438
vt 0.5000000 0.7636719
vt 0.5000000 0.6875000
vt 0.5000000 0.6113281
vt 0.5000000 0.5351562
vt 0.5000000 0.4589844
vt 0.5000000 0.3828125
vt 0.9921875 0.9921875
vt 0.9921875 0.9160156
vt 0.9921875 0.8398438
vt 0.9921875 0.7636719
vt 0.9921875 0.6875000
vt 0.9921875 0.6113281
vt 0.9921875 0.5351562
vt 0.9921875 0.4589844
vt 0.9921875 0.3828125
vt 0.0078125 0.6875000
vt 0.9921875 0.6875000
vn -0.3658402 -0.0781734 -0.9273888
vn 0.1517960 -0.6568025 -0.7386261
vn 0.5376558 -0.8203455 -0.1948320
vn 0.6767656 -0.5628103 0.4745871
vn 0.3923881 0.1128123 0.9128554
vn -0.1265395 0.6828944 0.7194741
vn -0.5087491 0.8418835 0.1800180
vn -0.6453365 0.5908125 -0.4842328
vn -0.3658402 -0.0781734 -0.9273888
vn -0.4931565 0.0572325 -0.8680559
vn 0.0164111 -0.5891623 -0.8078481
vn 0.4420207 -0.8387832 -0.3179001
vn 0.6461447 -0.6865915 0.3333004
vn 0.4683497 -0.0880527 0.8791446
vn -0.0385407 0.5639944 0.8248787
vn -0.4668671 0.8195386 0.3322525
vn -0.6740824 0.6637628 -0.3240863
vn -0.4931565 0.0572325 -0.8680559
vn -0.5647272 0.1831405 -0.8047004
vn -0.0799513 -0.5054181 -0.8591626
vn 0.3764210 -0.8270081 -0.4175701
vn 0.6264612 -0.7493376 0.2145682
vn 0.5297310 -0.2239795 0.8180576
vn 0.0500263 0.4690748 0.8817405
vn -0.4092284 0.8003314 0.4381802
vn -0.6639575 0.7202378 -0.2010419
vn -0.5647272 0.1831405 -0.8047004
vn 0.5767439 0.7529413 -0.3169320
vn -0.5767439 -0.7529413 0.3169320
s 1
f 2551/2551/2551 2552/2552/2552 2561/2561/2561
f 2551/2551/2551 2561/2561/2561 2560/2560/2560
f 2552/2552/2552 2553/2553/2553 2562/2562/2562
f 2552/2552/2552 2562/2562/2562 2561/2561/2561
f 2553/2553/2553 2554/2554/2554 2563/2563/2563
f 2553/2553/2553 2563/2563/2563 2562/2562/2562
f 2554/2554/2554 2555/2555/2555 2564/2564/2564
f 2554/2554/2554 2564/2564/2564 2563/2563/2563
f 2555/2555/2555 2556/2556/2556 2565/2565/2565
f 2555/2555/2555 2565/2565/2565 2564/2564/2564
f 2556/2556/2556 2557/2557/2557 2566/2566/2566
f 2556/2556/2556 2566/2566/2566 2565/2565/2565
f 2557/2557/2557 2558/2558/2558 2567/2567/2567
f 2557/2557/2557 2567/2567/2567 2566/2566/2566
f 2558/2558/2558 2559/2559/2559 2568/2568/2568
f 2558/2558/2558 2568/2568/2568 2567/2567/2567
f 2560/2560/2560 2561/2561/2561 2570/2570/2570
f 2560/2560/2560 2570/2570/2570 2569/2569/2569
f 2561/2561/2561 2562/2562/2562 2571/2571/2571
f 2561/2561/2561 2571/2571/2571 2570/2570/2570
f 2562/2562/2562 2563/2563/2563 2572/2572/2572
f 2562/2562/2562 2572/2572/2572 2571/2571/2571
f 2563/2563/2563 2564/2564/2564 2573/2573/2573
f 2563/2563/2563 2573/2573/2573 2572/2572/2572
f 2564/2564/2564 2565/2565/2565 2574/2574/2574
f 2564/2564/2564 2574/2574/2574 2573/2573/2573
f 2565/2565/2565 2566/2566/2566 2575/2575/2575
f 2565/2565/2565 2575/2575/2575 2574/2574/2574
f 2566/2566/2566 2567/2567/2567 2576/2576/2576
f 2566/2566/2566 2576/2576/2576 2575/2575/2575
f 2567/2567/2567 2568/2568/2568 2577/2577/2577
f 2567/2567/2567 2577/2577/2577 2576/2576/2576
f 2578/2578/2578 2552/2552/2552 2551/2551/2551
f 2578/2578/2578 2553/2553/2553 2552/2552/2552
f 2578/2578/2578 2554/2554/2554 2553/2553/2553
f 2578/2578/2578 2555/2555/2555 2554/2554/2554
f 2578/2578/2578 2556/2556/2556 2555/2555/2555
f 2578/2578/2578 2557/2557/2557 2556/2556/2556
f 2578/2578/2578 2558/2558/2558 2557/2557/2557
f 2578/2578/2578 2559/2559/2559 2558/2558/2558
f 2579/2579/2579 2569/2569/2569 2570/2570/2570
f 2579/2579/2579 2570/2570/2570 2571/2571/2571
f 2579/2579/2579 2571/2571/2571 2572/2572/2572
f 2579/2579/2579 2572/2572/2572 2573/2573/2573
f 2579/2579/2579 2573/2573/2573 2574/2574/2574
f 2579/2579/2579 2574/2574/2574 2575/2575/2575
f 2579/2579/2579 2575/2575/2575 2576/2576/2576
f 2579/2579/2579 2576/2576/2576 2577/2577/2577
o Wing_membrane_-1_1
v 4.026878 33.978725 9.019319
v -8.903238 24.995281 16.955195
v -7.411302 25.519315 14.610078
v 1.043005 28.738383 2.884494
v 4.026878 33.978725 8.878612
v -8.903238 24.995281 16.814487
v -7.411302 25.519315 14.469371
v 1.043005 28.738383 2.743787
vt 0.0433594 0.3289062
vt 0.1381510 0.3289062
vt 0.2329427 0.3289062
vt 0.3277344 0.3289062
vt 0.0433594 0.2257813
vt 0.1381510 0.2257813
vt 0.2329427 0.2257813
vt 0.3277344 0.2257813
vn 0.6581966 -0.6978676 0.2824148
vn 0.6528392 -0.7062219 0.2739555
vn 0.6508885 -0.7089767 0.2714705
vn 0.6568637 -0.7023854 0.2741986
vn -0.6535049 0.7042707 -0.2773700
vn -0.6538893 0.7072602 -0.2687225
vn -0.7030606 0.6322465 -0.3255306
vn -0.6574511 0.6988731 -0.2816636
s 1
f 2580/2580/2580 2581/2581/2581 2582/2582/2582
f 2580/2580/2580 2582/2582/2582 2583/2583/2583
f 2587/2587/2587 2586/2586/2586 2585/2585/2585
f 2587/2587/2587 2585/2585/2585 2584/2584/2584
f 2580/2580/2580 2584/2584/2584 2585/2585/2585
f 2580/2580/2580 2585/2585/2585 2581/2581/2581
f 2581/2581/2581 2585/2585/2585 2586/2586/2586
f 2581/2581/2581 2586/2586/2586 2582/2582/2582
f 2582/2582/2582 2586/2586/2586 2587/2587/2587
f 2582/2582/2582 2587/2587/2587 2583/2583/2583
f 2583/2583/2583 2587/2587/2587 2584/2584/2584
f 2583/2583/2583 2584/2584/2584 2580/2580/2580
o Wing_finger_-1_2
v 3.880528 33.978725 8.550048
v 4.135065 33.810431 8.597816
v 4.326228 33.740722 8.851283
v 4.342036 33.810431 9.161971
v 4.173229 33.978725 9.347883
v 3.918692 34.147019 9.300115
v 3.727529 34.216728 9.046649
v 3.711721 34.147019 8.735961
v 3.880528 33.978725 8.550048
v -1.040558 30.011037 10.314706
v -0.876523 29.902581 10.345490
v -0.753329 29.857657 10.508835
v -0.743142 29.902581 10.709056
v -0.851929 30.011037 10.828867
v -1.015964 30.119493 10.798083
v -1.139157 30.164417 10.634738
v -1.149345 30.119493 10.434517
v -1.040558 30.011037 10.314706
v -5.961644 26.043349 12.079365
v -5.888111 25.994731 12.093164
v -5.832886 25.974593 12.166388
v -5.828320 25.994731 12.256142
v -5.877086 26.043349 12.309850
v -5.950619 26.091968 12.296051
v -6.005844 26.112106 12.222827
v -6.010411 26.091968 12.133073
v -5.961644 26.043349 12.079365
v 4.026878 33.978725 8.948966
v -5.919365 26.043349 12.194607
vt 0.0078125 0.9921875
vt 0.0078125 0.9160156
vt 0.0078125 0.8398438
vt 0.0078125 0.7636719
vt 0.0078125 0.6875000
vt 0.0078125 0.6113281
vt 0.0078125 0.5351562
vt 0.0078125 0.4589844
vt 0.0078125 0.3828125
vt 0.5000000 0.9921875
vt 0.5000000 0.9160156
vt 0.5000000 0.8398438
vt 0.5000000 0.7636719
vt 0.5000000 0.6875000
vt 0.5000000 0.6113281
vt 0.5000000 0.5351562
vt 0.5000000 0.4589844
vt 0.5000000 0.3828125
vt 0.9921875 0.9921875
vt 0.9921875 0.9160156
vt 0.9921875 0.8398438
vt 0.9921875 0.7636719
vt 0.9921875 0.6875000
vt 0.9921875 0.6113281
vt 0.9921875 0.5351562
vt 0.9921875 0.4589844
vt 0.9921875 0.3828125
vt 0.0078125 0.6875000
vt 0.9921875 0.6875000
vn -0.2288717 -0.0678064 -0.9710922
vn 0.2878858 -0.6198450 -0.7300095
vn 0.6117835 -0.7806121 -0.1279286
vn 0.6362813 -0.5249710 0.5652889
vn 0.2589895 0.1103393 0.9595570
vn -0.2571371 0.6528837 0.7124770
vn -0.5767915 0.8085639 0.1163446
vn -0.6006177 0.5605399 -0.5701346
vn -0.2288717 -0.0678064 -0.9710922
vn -0.3717270 0.0487318 -0.9270622
vn 0.1540406 -0.5612284 -0.8132000
vn 0.5291692 -0.8057552 -0.2659670
vn 0.6297938 -0.6529986 0.4206573
vn 0.3439511 -0.0866282 0.9349830
vn -0.1806941 0.5296338 0.8287567
vn -0.5594956 0.7808500 0.2779173
vn -0.6619916 0.6237077 -0.4156391
vn -0.3717270 0.0487318 -0.9270622
vn -0.4575298 0.1645193 -0.8738420
vn 0.0601089 -0.4818349 -0.8741980
vn 0.4753856 -0.7953510 -0.3760656
vn 0.6308744 -0.7158659 0.2992214
vn 0.4185442 -0.2149564 0.8823914
vn -0.0957337 0.4365268 0.8945834
vn -0.5155807 0.7609493 0.3938689
vn -0.6746441 0.6783061 -0.2911293
vn -0.4575298 0.1645193 -0.8738420
vn 0.5663222 0.7975666 -0.2077659
vn -0.5663222 -0.7975666 0.2077659
s 1
f 2588/2588/2588 2589/2589/2589 2598/2598/2598
f 2588/2588/2588 2598/2598/2598 2597/2597/2597
f 2589/2589/2589 2590/2590/2590 2599/2599/2599
f 2589/2589/2589 2599/2599/2599 2598/2598/2598
f 2590/2590/2590 2591/2591/2591 2600/2600/2600
f 2590/2590/2590 2600/2600/2600 2599/2599/2599
f 2591/2591/2591 2592/2592/2592 2601/2601/2601
f 2591/2591/2591 2601/2601/2601 2600/2600/2600
f 2592/2592/2592 2593/2593/2593 2602/2602/2602
f 2592/2592/2592 2602/2602/2602 2601/2601/2601
f 2593/2593/2593 2594/2594/2594 2603/2603/2603
f 2593/2593/2593 2603/2603/2603 2602/2602/2602
f 2594/2594/2594 2595/2595/2595 2604/2604/2604
f 2594/2594/2594 2604/2604/2604 2603/2603/2603
f 2595/2595/2595 2596/2596/2596 2605/2605/2605
f 2595/2595/2595 2605/2605/2605 2604/2604/2604
f 2597/2597/2597 2598/2598/2598 2607/2607/2607
f 2597/2597/2597 2607/2607/2607 2606/2606/2606
f 2598/2598/2598 2599/2599/2599 2608/2608/2608
f 2598/2598/2598 2608/2608/2608 2607/2607/2607
f 2599/2599/2599 2600/2600/2600 2609/2609/2609
f 2599/2599/2599 2609/2609/2609 2608/2608/2608
f 2600/2600/2600 2601/2601/2601 2610/2610/2610
f 2600/2600/2600 2610/2610/2610 2609/2609/2609
f 2601/2601/2601 2602/2602/2602 2611/2611/2611
f 2601/2601/2601 2611/2611/2611 2610/2610/2610
f 2602/2602/2602 2603/2603/2603 2612/2612/2612
f 2602/2602/2602 2612/2612/2612 2611/2611/2611
f 2603/2603/2603 2604/2604/2604 2613/2613/2613
f 2603/2603/2603 2613/2613/2613 2612/2612/2612
f 2604/2604/2604 2605/2605/2605 2614/2614/2614
f 2604/2604/2604 2614/2614/2614 2613/2613/2613
f 2615/2615/2615 2589/2589/2589 2588/2588/2588
f 2615/2615/2615 2590/2590/2590 2589/2589/2589
f 2615/2615/2615 2591/2591/2591 2590/2590/2590
f 2615/2615/2615 2592/2592/2592 2591/2591/2591
f 2615/2615/2615 2593/2593/2593 2592/2592/2592
f 2615/2615/2615 2594/2594/2594 2593/2593/2593
f 2615/2615/2615 2595/2595/2595 2594/2594/2594
f 2615/2615/2615 2596/2596/2596 2595/2595/2595
f 2616/2616/2616 2606/2606/2606 2607/2607/2607
f 2616/2616/2616 2607/2607/2607 2608/2608/2608
f 2616/2616/2616 2608/2608/2608 2609/2609/2609
f 2616/2616/2616 2609/2609/2609 2610/2610/2610
f 2616/2616/2616 2610/2610/2610 2611/2611/2611
f 2616/2616/2616 2611/2611/2611 2612/2612/2612
f 2616/2616/2616 2612/2612/2612 2613/2613/2613
f 2616/2616/2616 2613/2613/2613 2614/2614/2614
o Wing_membrane_-1_2
v 4.026878 33.978725 9.019319
v -7.411302 25.519315 14.610078
v -5.919365 26.043349 12.264961
v 1.043005 28.738383 2.884494
v 4.026878 33.978725 8.878612
v -7.411302 25.519315 14.469371
v -5.919365 26.043349 12.124254
v 1.043005 28.738383 2.743787
vt 0.0433594 0.3289062
vt 0.1381510 0.3289062
vt 0.2329427 0.3289062
vt 0.3277344 0.3289062
vt 0.0433594 0.2257813
vt 0.1381510 0.2257813
vt 0.2329427 0.2257813
vt 0.3277344 0.2257813
vn 0.6556365 -0.6996216 0.2840254
vn 0.6505993 -0.7091363 0.2717467
vn 0.6487943 -0.7104143 0.2727222
vn 0.6550983 -0.7033796 0.2758682
vn -0.6513957 0.7054411 -0.2793501
vn -0.6523730 0.7083776 -0.2694636
vn -0.6580068 0.6993874 -0.2790776
vn -0.6547596 0.7008049 -0.2831297
s 1
f 2617/2617/2617 2618/2618/2618 2619/2619/2619
f 2617/2617/2617 2619/2619/2619 2620/2620/2620
f 2624/2624/2624 2623/2623/2623 2622/2622/2622
f 2624/2624/2624 2622/2622/2622 2621/2621/2621
f 2617/2617/2617 2621/2621/2621 2622/2622/2622
f 2617/2617/2617 2622/2622/2622 2618/2618/2618
f 2618/2618/2618 2622/2622/2622 2623/2623/2623
f 2618/2618/2618 2623/2623/2623 2619/2619/2619
f 2619/2619/2619 2623/2623/2623 2624/2624/2624
f 2619/2619/2619 2624/2624/2624 2620/2620/2620
f 2620/2620/2620 2624/2624/2624 2621/2621/2621
f 2620/2620/2620 2621/2621/2621 2617/2617/2617
o Wing_finger_-1_3
v 3.976647 33.978725 8.529511
v 4.229323 33.822984 8.627020
v 4.363410 33.758475 8.913119
v 4.300361 33.822984 9.220218
v 4.077109 33.978725 9.368420
v 3.824433 34.134466 9.270912
v 3.690347 34.198976 8.984812
v 3.753396 34.134466 8.677714
v 3.976647 33.978725 8.529511
v -0.232646 30.273054 9.128913
v -0.069811 30.172688 9.191752
v 0.016601 30.131115 9.376127
v -0.024031 30.172688 9.574035
v -0.167904 30.273054 9.669543
v -0.330740 30.373421 9.606705
v -0.417151 30.414994 9.422329
v -0.376519 30.373421 9.224421
v -0.232646 30.273054 9.128913
v -4.441940 26.567384 9.728315
v -4.368944 26.522392 9.756484
v -4.330208 26.503756 9.839135
v -4.348423 26.522392 9.927852
v -4.412917 26.567384 9.970666
v -4.485913 26.612375 9.942497
v -4.524649 26.631012 9.859846
v -4.506435 26.612375 9.771129
v -4.441940 26.567384 9.728315
v 4.026878 33.978725 8.948966
v -4.427429 26.567384 9.849491
vt 0.0078125 0.9921875
vt 0.0078125 0.9160156
vt 0.0078125 0.8398438
vt 0.0078125 0.7636719
vt 0.0078125 0.6875000
vt 0.0078125 0.6113281
vt 0.0078125 0.5351562
vt 0.0078125 0.4589844
vt 0.0078125 0.3828125
vt 0.5000000 0.9921875
vt 0.5000000 0.9160156
vt 0.5000000 0.8398438
vt 0.5000000 0.7636719
vt 0.5000000 0.6875000
vt 0.5000000 0.6113281
vt 0.5000000 0.5351562
vt 0.5000000 0.4589844
vt 0.5000000 0.3828125
vt 0.9921875 0.9921875
vt 0.9921875 0.9160156
vt 0.9921875 0.8398438
vt 0.9921875 0.7636719
vt 0.9921875 0.6875000
vt 0.9921875 0.6113281
vt 0.9921875 0.5351562
vt 0.9921875 0.4589844
vt 0.9921875 0.3828125
vt 0.0078125 0.6875000
vt 0.9921875 0.6875000
vn -0.0172689 -0.0562201 -0.9982690
vn 0.4749602 -0.5790900 -0.6626217
vn 0.6805239 -0.7326219 0.0123442
vn 0.5337486 -0.4799707 0.6962331
vn 0.0507761 0.1080290 0.9928502
vn -0.4374657 0.6207642 0.6505964
vn -0.6392674 0.7688215 -0.0158322
vn -0.4953499 0.5247356 -0.6923012
vn -0.0172689 -0.0562201 -0.9982690
vn -0.1745726 0.0391553 -0.9838655
vn 0.3501405 -0.5316852 -0.7711760
vn 0.6248415 -0.7672356 -0.1446464
vn 0.5624749 -0.6125142 0.5553812
vn 0.1444116 -0.0853212 0.9858324
vn -0.3823165 0.4922013 0.7820306
vn -0.6611984 0.7350684 0.1499703
vn -0.5977534 0.5752074 -0.5584150
vn -0.1745726 0.0391553 -0.9838655
vn -0.2750921 0.1435046 -0.9506475
vn 0.2640309 -0.4572406 -0.8492460
vn 0.5933679 -0.7593244 -0.2670972
vn 0.5935937 -0.6752219 0.4378605
vn 0.2333216 -0.2051671 0.9505091
vn -0.3064675 0.4010450 0.8632732
vn -0.6420332 0.7150609 0.2765527
vn -0.6423486 0.6270191 -0.4407214
vn -0.2750921 0.1435046 -0.9506475
vn 0.5416169 0.8381195 -0.0648603
vn -0.5416169 -0.8381195 0.0648603
s 1
f 2625/2625/2625 2626/2626/2626 2635/2635/2635
f 2625/2625/2625 2635/2635/2635 2634/2634/2634
f 2626/2626/2626 2627/2627/2627 2636/2636/2636
f 2626/2626/2626 2636/2636/2636 2635/2635/2635
f 2627/2627/2627 2628/2628/2628 2637/2637/2637
f 2627/2627/2627 2637/2637/2637 2636/2636/2636
f 2628/2628/2628 2629/2629/2629 2638/2638/2638
f 2628/2628/2628 2638/2638/2638 2637/2637/2637
f 2629/2629/2629 2630/2630/2630 2639/2639/2639
f 2629/2629/2629 2639/2639/2639 2638/2638/2638
f 2630/2630/2630 2631/2631/2631 2640/2640/2640
f 2630/2630/2630 2640/2640/2640 2639/2639/2639
f 2631/2631/2631 2632/2632/2632 2641/2641/2641
f 2631/2631/2631 2641/2641/2641 2640/2640/2640
f 2632/2632/2632 2633/2633/2633 2642/2642/2642
f 2632/2632/2632 2642/2642/2642 2641/2641/2641
f 2634/2634/2634 2635/2635/2635 2644/2644/2644
f 2634/2634/2634 2644/2644/2644 2643/2643/2643
f 2635/2635/2635 2636/2636/2636 2645/2645/2645
f 2635/2635/2635 2645/2645/2645 2644/2644/2644
f 2636/2636/2636 2637/2637/2637 2646/2646/2646
f 2636/2636/2636 2646/2646/2646 2645/2645/2645
f 2637/2637/2637 2638/2638/2638 2647/2647/2647
f 2637/2637/2637 2647/2647/2647 2646/2646/2646
f 2638/2638/2638 2639/2639/2639 2648/2648/2648
f 2638/2638/2638 2648/2648/2648 2647/2647/2647
f 2639/2639/2639 2640/2640/2640 2649/2649/2649
f 2639/2639/2639 2649/2649/2649 2648/2648/2648
f 2640/2640/2640 2641/2641/2641 2650/2650/2650
f 2640/2640/2640 2650/2650/2650 2649/2649/2649
f 2641/2641/2641 2642/2642/2642 2651/2651/2651
f 2641/2641/2641 2651/2651/2651 2650/2650/2650
f 2652/2652/2652 2626/2626/2626 2625/2625/2625
f 2652/2652/2652 2627/2627/2627 2626/2626/2626
f 2652/2652/2652 2628/2628/2628 2627/2627/2627
f 2652/2652/2652 2629/2629/2629 2628/2628/2628
f 2652/2652/2652 2630/2630/2630 2629/2629/2629
f 2652/2652/2652 2631/2631/2631 2630/2630/2630
f 2652/2652/2652 2632/2632/2632 2631/2631/2631
f 2652/2652/2652 2633/2633/2633 2632/2632/2632
f 2653/2653/2653 2643/2643/2643 2644/2644/2644
f 2653/2653/2653 2644/2644/2644 2645/2645/2645
f 2653/2653/2653 2645/2645/2645 2646/2646/2646
f 2653/2653/2653 2646/2646/2646 2647/2647/2647
f 2653/2653/2653 2647/2647/2647 2648/2648/2648
f 2653/2653/2653 2648/2648/2648 2649/2649/2649
f 2653/2653/2653 2649/2649/2649 2650/2650/2650
f 2653/2653/2653 2650/2650/2650 2651/2651/2651
o Wing_membrane_-1_3
v 4.026878 33.978725 9.019319
v -5.919365 26.043349 12.264961
v -4.427429 26.567384 9.919844
v 1.043005 28.738383 2.884494
v 4.026878 33.978725 8.878612
v -5.919365 26.043349 12.124254
v -4.427429 26.567384 9.779137
v 1.043005 28.738383 2.743787
vt 0.0433594 0.3289062
vt 0.1381510 0.3289062
vt 0.2329427 0.3289062
vt 0.3277344 0.3289062
vt 0.0433594 0.2257813
vt 0.1381510 0.2257813
vt 0.2329427 0.2257813
vt 0.3277344 0.2257813
vn 0.6518995 -0.7021568 0.2863613
vn 0.6483836 -0.7119913 0.2695684
vn 0.6457479 -0.7124892 0.2745338
vn 0.6522850 -0.7049489 0.2785163
vn -0.6482941 0.7071434 -0.2822464
vn -0.6501791 0.7099858 -0.2705316
vn -0.6206721 0.7455152 -0.2428441
vn -0.6508351 0.7035941 -0.2852524
s 1
f 2654/2654/2654 2655/2655/2655 2656/2656/2656
f 2654/2654/2654 2656/2656/2656 2657/2657/2657
f 2661/2661/2661 2660/2660/2660 2659/2659/2659
f 2661/2661/2661 2659/2659/2659 2658/2658/2658
f 2654/2654/2654 2658/2658/2658 2659/2659/2659
f 2654/2654/2654 2659/2659/2659 2655/2655/2655
f 2655/2655/2655 2659/2659/2659 2660/2660/2660
f 2655/2655/2655 2660/2660/2660 2656/2656/2656
f 2656/2656/2656 2660/2660/2660 2661/2661/2661
f 2656/2656/2656 2661/2661/2661 2657/2657/2657
f 2657/2657/2657 2661/2661/2661 2658/2658/2658
f 2657/2657/2657 2658/2658/2658 2654/2654/2654
o Wing_finger_-1_4
v 4.123046 33.978725 8.536704
v 4.338713 33.832328 8.708044
v 4.371711 33.771688 9.020513
v 4.202710 33.832328 9.291071
v 3.930710 33.978725 9.361228
v 3.715044 34.125122 9.189887
v 3.682046 34.185762 8.877418
v 3.851046 34.125122 8.606860
v 4.123046 33.978725 8.536704
v 0.607668 30.535071 7.960990
v 0.746653 30.440727 8.071409
v 0.767918 30.401648 8.272778
v 0.659007 30.440727 8.447138
v 0.483718 30.535071 8.492350
v 0.344733 30.629416 8.381930
v 0.323468 30.668495 8.180561
v 0.432379 30.629416 8.006202
v 0.607668 30.535071 7.960990
v -2.907710 27.091418 7.385276
v -2.845407 27.049125 7.434774
v -2.835874 27.031607 7.525043
v -2.884696 27.049125 7.603204
v -2.963274 27.091418 7.623472
v -3.025578 27.133710 7.573973
v -3.035110 27.151229 7.483704
v -2.986288 27.133710 7.405543
v -2.907710 27.091418 7.385276
v 4.026878 33.978725 8.948966
v -2.935492 27.091418 7.504374
vt 0.0078125 0.9921875
vt 0.0078125 0.9160156
vt 0.0078125 0.8398438
vt 0.0078125 0.7636719
vt 0.0078125 0.6875000
vt 0.0078125 0.6113281
vt 0.0078125 0.5351562
vt 0.0078125 0.4589844
vt 0.0078125 0.3828125
vt 0.5000000 0.9921875
vt 0.5000000 0.9160156
vt 0.5000000 0.8398438
vt 0.5000000 0.7636719
vt 0.5000000 0.6875000
vt 0.5000000 0.6113281
vt 0.5000000 0.5351562
vt 0.5000000 0.4589844
vt 0.5000000 0.3828125
vt 0.9921875 0.9921875
vt 0.9921875 0.9160156
vt 0.9921875 0.8398438
vt 0.9921875 0.7636719
vt 0.9921875 0.6875000
vt 0.9921875 0.6113281
vt 0.9921875 0.5351562
vt 0.9921875 0.4589844
vt 0.9921875 0.3828125
vt 0.0078125 0.6875000
vt 0.9921875 0.6875000
vn 0.2933092 -0.0471353 -0.9548550
vn 0.6896966 -0.5511161 -0.4696698
vn 0.6763972 -0.6912114 0.2543887
vn 0.3102896 -0.4427377 0.8412512
vn -0.2575662 0.1079210 0.9602149
vn -0.6459559 0.6011980 0.4704274
vn -0.6326211 0.7355102 -0.2425187
vn -0.2734324 0.4961154 -0.8240778
vn 0.2933092 -0.0471353 -0.9548550
vn 0.1314437 0.0314656 -0.9908241
vn 0.5951870 -0.5144938 -0.6172913
vn 0.6711688 -0.7364721 0.0845060
vn 0.3822578 -0.5786665 0.7204332
vn -0.1623400 -0.0855314 0.9830209
vn -0.6327266 0.4673140 0.6174744
vn -0.7108926 0.6971729 -0.0926372
vn -0.4164894 0.5337679 -0.7359540
vn 0.1314437 0.0314656 -0.9908241
vn 0.0218514 0.1271810 -0.9916388
vn 0.5315633 -0.4438547 -0.7214108
vn 0.6795094 -0.7323299 -0.0442702
vn 0.4500849 -0.6406074 0.6221300
vn -0.0634455 -0.1994468 0.9778526
vn -0.5806518 0.3770205 0.7215948
vn -0.7338089 0.6784054 0.0359251
vn -0.4981203 0.5822152 -0.6425742
vn 0.0218514 0.1271810 -0.9916388
vn 0.4936521 0.8620019 0.1151538
vn -0.4936521 -0.8620019 -0.1151538
s 1
f 2662/2662/2662 2663/2663/2663 2672/2672/2672
f 2662/2662/2662 2672/2672/2672 2671/2671/2671
f 2663/2663/2663 2664/2664/2664 2673/2673/2673
f 2663/2663/2663 2673/2673/2673 2672/2672/2672
f 2664/2664/2664 2665/2665/2665 2674/2674/2674
f 2664/2664/2664 2674/2674/2674 2673/2673/2673
f 2665/2665/2665 2666/2666/2666 2675/2675/2675
f 2665/2665/2665 2675/2675/2675 2674/2674/2674
f 2666/2666/2666 2667/2667/2667 2676/2676/2676
f 2666/2666/2666 2676/2676/2676 2675/2675/2675
f 2667/2667/2667 2668/2668/2668 2677/2677/2677
f 2667/2667/2667 2677/2677/2677 2676/2676/2676
f 2668/2668/2668 2669/2669/2669 2678/2678/2678
f 2668/2668/2668 2678/2678/2678 2677/2677/2677
f 2669/2669/2669 2670/2670/2670 2679/2679/2679
f 2669/2669/2669 2679/2679/2679 2678/2678/2678
f 2671/2671/2671 2672/2672/2672 2681/2681/2681
f 2671/2671/2671 2681/2681/2681 2680/2680/2680
f 2672/2672/2672 2673/2673/2673 2682/2682/2682
f 2672/2672/2672 2682/2682/2682 2681/2681/2681
f 2673/2673/2673 2674/2674/2674 2683/2683/2683
f 2673/2673/2673 2683/2683/2683 2682/2682/2682
f 2674/2674/2674 2675/2675/2675 2684/2684/2684
f 2674/2674/2674 2684/2684/2684 2683/2683/2683
f 2675/2675/2675 2676/2676/2676 2685/2685/2685
f 2675/2675/2675 2685/2685/2685 2684/2684/2684
f 2676/2676/2676 2677/2677/2677 2686/2686/2686
f 2676/2676/2676 2686/2686/2686 2685/2685/2685
f 2677/2677/2677 2678/2678/2678 2687/2687/2687
f 2677/2677/2677 2687/2687/2687 2686/2686/2686
f 2678/2678/2678 2679/2679/2679 2688/2688/2688
f 2678/2678/2678 2688/2688/2688 2687/2687/2687
f 2689/2689/2689 2663/2663/2663 2662/2662/2662
f 2689/2689/2689 2664/2664/2664 2663/2663/2663
f 2689/2689/2689 2665/2665/2665 2664/2664/2664
f 2689/2689/2689 2666/2666/2666 2665/2665/2665
f 2689/2689/2689 2667/2667/2667 2666/2666/2666
f 2689/2689/2689 2668/2668/2668 2667/2667/2667
f 2689/2689/2689 2669/2669/2669 2668/2668/2668
f 2689/2689/2689 2670/2670/2670 2669/2669/2669
f 2690/2690/2690 2680/2680/2680 2681/2681/2681
f 2690/2690/2690 2681/2681/2681 2682/2682/2682
f 2690/2690/2690 2682/2682/2682 2683/2683/2683
f 2690/2690/2690 2683/2683/2683 2684/2684/2684
f 2690/2690/2690 2684/2684/2684 2685/2685/2685
f 2690/2690/2690 2685/2685/2685 2686/2686/2686
f 2690/2690/2690 2686/2686/2686 2687/2687/2687
f 2690/2690/2690 2687/2687/2687 2688/2688/2688
o Wing_membrane_-1_4
v 4.026878 33.978725 9.019319
v -4.427429 26.567384 9.919844
v -2.935492 27.091418 7.574727
v 1.043005 28.738383 2.884494
v 4.026878 33.978725 8.878612
v -4.427429 26.567384 9.779137
v -2.935492 27.091418 7.434020
v 1.043005 28.738383 2.743787
vt 0.0433594 0.3289062
vt 0.1381510 0.3289062
vt 0.2329427 0.3289062
vt 0.3277344 0.3289062
vt 0.0433594 0.2257813
vt 0.1381510 0.2257813
vt 0.2329427 0.2257813
vt 0.3277344 0.2257813
vn 0.6459327 -0.7061442 0.2900542
vn 0.6461918 -0.7147885 0.2674201
vn 0.6409091 -0.7157451 0.2773885
vn 0.6470971 -0.7077944 0.2833591
vn -0.6432847 0.7098462 -0.2868852
vn -0.6467229 0.7124988 -0.2722040
vn -0.5899769 0.7784802 -0.2142332
vn -0.6445800 0.7079738 -0.2885997
s 1
f 2691/2691/2691 2692/2692/2692 2693/2693/2693
f 2691/2691/2691 2693/2693/2693 2694/2694/2694
f 2698/2698/2698 2697/2697/2697 2696/2696/2696
f 2698/2698/2698 2696/2696/2696 2695/2695/2695
f 2691/2691/2691 2695/2695/2695 2696/2696/2696
f 2691/2691/2691 2696/2696/2696 2692/2692/2692
f 2692/2692/2692 2696/2696/2696 2697/2697/2697
f 2692/2692/2692 2697/2697/2697 2693/2693/2693
f 2693/2693/2693 2697/2697/2697 2698/2698/2698
f 2693/2693/2693 2698/2698/2698 2694/2694/2694
f 2694/2694/2694 2698/2698/2698 2695/2695/2695
f 2694/2694/2694 2695/2695/2695 2691/2691/2691
o Wing_finger_-1_5
v 4.291846 33.978725 8.608762
v 4.413136 33.829593 8.846194
v 4.308162 33.767820 9.143829
v 4.038416 33.829593 9.327315
v 3.761911 33.978725 9.289169
v 3.640620 34.127857 9.051737
v 3.745594 34.189630 8.754103
v 4.015341 34.127857 8.570617
v 4.291846 33.978725 8.608762
v 1.462418 30.797089 6.834869
v 1.540583 30.700981 6.987881
v 1.472933 30.661172 7.179690
v 1.299097 30.700981 7.297936
v 1.120905 30.797089 7.273354
v 1.042740 30.893196 7.120342
v 1.110389 30.933005 6.928533
v 1.284226 30.893196 6.810286
v 1.462418 30.797089 6.834869
v -1.367009 27.615452 5.060976
v -1.331970 27.572369 5.129567
v -1.362296 27.554524 5.215551
v -1.440223 27.572369 5.268558
v -1.520102 27.615452 5.257538
v -1.555141 27.658535 5.188947
v -1.524815 27.676380 5.102963
v -1.446889 27.658535 5.049956
v -1.367009 27.615452 5.060976
v 4.026878 33.978725 8.948966
v -1.443556 27.615452 5.159257
vt 0.0078125 0.9921875
vt 0.0078125 0.9160156
vt 0.0078125 0.8398438
vt 0.0078125 0.7636719
vt 0.0078125 0.6875000
vt 0.0078125 0.6113281
vt 0.0078125 0.5351562
vt 0.0078125 0.4589844
vt 0.0078125 0.3828125
vt 0.5000000 0.9921875
vt 0.5000000 0.9160156
vt 0.5000000 0.8398438
vt 0.5000000 0.7636719
vt 0.5000000 0.6875000
vt 0.5000000 0.6113281
vt 0.5000000 0.5351562
vt 0.5000000 0.4589844
vt 0.5000000 0.3828125
vt 0.9921875 0.9921875
vt 0.9921875 0.9160156
vt 0.9921875 0.8398438
vt 0.9921875 0.7636719
vt 0.9921875 0.6875000
vt 0.9921875 0.6113281
vt 0.9921875 0.5351562
vt 0.9921875 0.4589844
vt 0.9921875 0.3828125
vt 0.0078125 0.6875000
vt 0.9921875 0.6875000
vn 0.6462472 -0.0477698 -0.7616316
vn 0.8133244 -0.5653170 -0.1375508
vn 0.5084968 -0.6927483 0.5114009
vn -0.0403247 -0.4467030 0.8937731
vn -0.6114309 0.1131863 0.7831610
vn -0.7697576 0.6182468 0.1588841
vn -0.4713597 0.7395407 -0.4805200
vn 0.0697553 0.5033594 -0.8612569
vn 0.6462472 -0.0477698 -0.7616316
vn 0.5052918 0.0314539 -0.8623751
vn 0.7849093 -0.5322018 -0.3172990
vn 0.5674238 -0.7426791 0.3556094
vn 0.0675142 -0.5838872 0.8090226
vn -0.5338654 -0.0895703 0.8408120
vn -0.8232028 0.4821150 0.2998371
vn -0.6023331 0.7012169 -0.3814311
vn -0.0946443 0.5363302 -0.8386849
vn 0.5052918 0.0314539 -0.8623751
vn 0.4025946 0.1293976 -0.9061864
vn 0.7690398 -0.4611332 -0.4426442
vn 0.6254395 -0.7413505 0.2433618
vn 0.1646920 -0.6449012 0.7463103
vn -0.4393885 -0.2068782 0.8741505
vn -0.8195701 0.3898782 0.4198808
vn -0.6745962 0.6845112 -0.2763411
vn -0.2029447 0.5831101 -0.7866359
vn 0.4025946 0.1293976 -0.9061864
vn 0.4144182 0.8509275 0.3227692
vn -0.4144182 -0.8509275 -0.3227692
s 1
f 2699/2699/2699 2700/2700/2700 2709/2709/2709
f 2699/2699/2699 2709/2709/2709 2708/2708/2708
f 2700/2700/2700 2701/2701/2701 2710/2710/2710
f 2700/2700/2700 2710/2710/2710 2709/2709/2709
f 2701/2701/2701 2702/2702/2702 2711/2711/2711
f 2701/2701/2701 2711/2711/2711 2710/2710/2710
f 2702/2702/2702 2703/2703/2703 2712/2712/2712
f 2702/2702/2702 2712/2712/2712 2711/2711/2711
f 2703/2703/2703 2704/2704/2704 2713/2713/2713
f 2703/2703/2703 2713/2713/2713 2712/2712/2712
f 2704/2704/2704 2705/2705/2705 2714/2714/2714
f 2704/2704/2704 2714/2714/2714 2713/2713/2713
f 2705/2705/2705 2706/2706/2706 2715/2715/2715
f 2705/2705/2705 2715/2715/2715 2714/2714/2714
f 2706/2706/2706 2707/2707/2707 2716/2716/2716
f 2706/2706/2706 2716/2716/2716 2715/2715/2715
f 2708/2708/2708 2709/2709/2709 2718/2718/2718
f 2708/2708/2708 2718/2718/2718 2717/2717/2717
f 2709/2709/2709 2710/2710/2710 2719/2719/2719
f 2709/2709/2709 2719/2719/2719 2718/2718/2718
f 2710/2710/2710 2711/2711/2711 2720/2720/2720
f 2710/2710/2710 2720/2720/2720 2719/2719/2719
f 2711/2711/2711 2712/2712/2712 2721/2721/2721
f 2711/2711/2711 2721/2721/2721 2720/2720/2720
f 2712/2712/2712 2713/2713/2713 2722/2722/2722
f 2712/2712/2712 2722/2722/2722 2721/2721/2721
f 2713/2713/2713 2714/2714/2714 2723/2723/2723
f 2713/2713/2713 2723/2723/2723 2722/2722/2722
f 2714/2714/2714 2715/2715/2715 2724/2724/2724
f 2714/2714/2714 2724/2724/2724 2723/2723/2723
f 2715/2715/2715 2716/2716/2716 2725/2725/2725
f 2715/2715/2715 2725/2725/2725 2724/2724/2724
f 2726/2726/2726 2700/2700/2700 2699/2699/2699
f 2726/2726/2726 2701/2701/2701 2700/2700/2700
f 2726/2726/2726 2702/2702/2702 2701/2701/2701
f 2726/2726/2726 2703/2703/2703 2702/2702/2702
f 2726/2726/2726 2704/2704/2704 2703/2703/2703
f 2726/2726/2726 2705/2705/2705 2704/2704/2704
f 2726/2726/2726 2706/2706/2706 2705/2705/2705
f 2726/2726/2726 2707/2707/2707 2706/2706/2706
f 2727/2727/2727 2717/2717/2717 2718/2718/2718
f 2727/2727/2727 2718/2718/2718 2719/2719/2719
f 2727/2727/2727 2719/2719/2719 2720/2720/2720
f 2727/2727/2727 2720/2720/2720 2721/2721/2721
f 2727/2727/2727 2721/2721/2721 2722/2722/2722
f 2727/2727/2727 2722/2722/2722 2723/2723/2723
f 2727/2727/2727 2723/2723/2723 2724/2724/2724
f 2727/2727/2727 2724/2724/2724 2725/2725/2725
o Wing_membrane_-1_5
v 4.026878 33.978725 9.019319
v -2.935492 27.091418 7.574727
v -1.443556 27.615452 5.229610
v 1.043005 28.738383 2.884494
v 4.026878 33.978725 8.878612
v -2.935492 27.091418 7.434020
v -1.443556 27.615452 5.088903
v 1.043005 28.738383 2.743787
vt 0.0433594 0.3289062
vt 0.1381510 0.3289062
vt 0.2329427 0.3289062
vt 0.3277344 0.3289062
vt 0.0433594 0.2257813
vt 0.1381510 0.2257813
vt 0.2329427 0.2257813
vt 0.3277344 0.2257813
vn 0.6348961 -0.7133271 0.2967682
vn 0.6440239 -0.7175293 0.2653014
vn 0.6320395 -0.7215895 0.2825504
vn 0.6343415 -0.7145321 0.2950504
vn -0.6338294 0.7147951 -0.2955135
vn -0.6404758 0.7169784 -0.2751959
vn -0.5646181 0.8028839 -0.1912692
vn -0.6330463 0.7158415 -0.2946579
s 1
f 2728/2728/2728 2729/2729/2729 2730/2730/2730
f 2728/2728/2728 2730/2730/2730 2731/2731/2731
f 2735/2735/2735 2734/2734/2734 2733/2733/2733
f 2735/2735/2735 2733/2733/2733 2732/2732/2732
f 2728/2728/2728 2732/2732/2732 2733/2733/2733
f 2728/2728/2728 2733/2733/2733 2729/2729/2729
f 2729/2729/2729 2733/2733/2733 2734/2734/2734
f 2729/2729/2729 2734/2734/2734 2730/2730/2730
f 2730/2730/2730 2734/2734/2734 2735/2735/2735
f 2730/2730/2730 2735/2735/2735 2731/2731/2731
f 2731/2731/2731 2735/2735/2735 2732/2732/2732
f 2731/2731/2731 2732/2732/2732 2728/2728/2728
o Wing_arm_1
v 2.140882 28.738383 -2.169952
v 2.241175 28.402902 -2.631261
v 2.020419 28.157313 -3.141573
v 1.537766 28.067422 -3.564150
v 0.922543 28.157313 -3.785762
v 0.339597 28.402902 -3.747028
v -0.054871 28.738383 -3.458329
v -0.155164 29.073863 -2.997019
v 0.065592 29.319452 -2.486707
v 0.548244 29.409344 -2.064131
v 1.163468 29.319452 -1.842519
v 1.746414 29.073863 -1.881252
v 2.140882 28.738383 -2.169952
v 2.771348 29.779968 -3.263089
v 2.866821 29.466165 -3.698682
v 2.660993 29.237869 -4.181327
v 2.209016 29.156252 -4.581699
v 1.631996 29.243182 -4.792518
v 1.084545 29.475368 -4.757296
v 0.713353 29.790595 -4.485470
v 0.617880 30.104398 -4.049877
v 0.823708 30.332694 -3.567232
v 1.275685 30.414311 -3.166860
v 1.852705 30.327380 -2.956041
v 2.400156 30.095195 -2.991263
v 2.771348 29.779968 -3.263089
v 3.734854 31.329398 -4.852930
v 3.816775 31.036564 -5.241780
v 3.621857 30.817470 -5.669155
v 3.202328 30.730823 -6.020541
v 2.670601 30.799838 -6.201785
v 2.169151 31.006023 -6.164322
v 1.832342 31.294132 -5.918191
v 1.750421 31.586966 -5.529342
v 1.945339 31.806060 -5.101967
v 2.364867 31.892708 -4.750580
v 2.896595 31.823692 -4.569336
v 3.398044 31.617507 -4.606799
v 3.734854 31.329398 -4.852930
v 4.584823 32.950337 -6.766179
v 4.641671 32.667146 -7.081317
v 4.446338 32.436070 -7.413476
v 4.051162 32.319026 -7.673653
v 3.562032 32.347375 -7.792134
v 3.110008 32.513523 -7.737173
v 2.816211 32.772949 -7.523497
v 2.759363 33.056140 -7.208359
v 2.954697 33.287217 -6.876200
v 3.349872 33.404261 -6.616023
v 3.839003 33.375911 -6.497542
v 4.291026 33.209763 -6.552503
v 4.584823 32.950337 -6.766179
v 4.826283 34.175422 -8.867778
v 4.854498 33.885981 -9.062981
v 4.660953 33.621390 -9.227634
v 4.297509 33.452548 -9.317618
v 3.861549 33.424694 -9.308822
v 3.469889 33.545292 -9.203602
v 3.227474 33.782028 -9.030153
v 3.199258 34.071469 -8.834950
v 3.392803 34.336060 -8.670297
v 3.756248 34.504903 -8.580314
v 4.192208 34.532757 -8.589110
v 4.583868 34.412158 -8.694329
v 4.826283 34.175422 -8.867778
v 4.034918 34.711971 -11.161875
v 4.066397 34.450391 -11.239718
v 3.926966 34.201903 -11.251264
v 3.653985 34.033089 -11.193420
v 3.320598 33.989182 -11.081685
v 3.016137 34.081948 -10.945997
v 2.822181 34.286529 -10.822716
v 2.790702 34.548109 -10.744873
v 2.930133 34.796597 -10.733326
v 3.203114 34.965412 -10.791171
v 3.536501 35.009318 -10.902906
v 3.840962 34.916553 -11.038593
v 4.034918 34.711971 -11.161875
v 2.644424 34.845286 -13.500126
v 2.679293 34.646352 -13.531704
v 2.592200 34.456583 -13.501286
v 2.406480 34.326828 -13.417022
v 2.171897 34.291854 -13.301490
v 1.951308 34.361033 -13.185647
v 1.803819 34.515828 -13.100534
v 1.768950 34.714762 -13.068955
v 1.856044 34.904530 -13.099374
v 2.041764 35.034286 -13.183638
v 2.276346 35.069259 -13.299170
v 2.496935 35.000081 -13.415013
v 2.644424 34.845286 -13.500126
v 1.210187 34.812418 -15.567498
v 1.236937 34.674540 -15.584765
v 1.180492 34.542976 -15.556987
v 1.055975 34.452978 -15.491606
v 0.896752 34.428660 -15.406141
v 0.745486 34.476540 -15.323492
v 0.642708 34.583787 -15.265805
v 0.615958 34.721665 -15.248537
v 0.672404 34.853229 -15.276315
v 0.796920 34.943227 -15.341697
v 0.956143 34.967544 -15.427162
v 1.107410 34.919665 -15.509811
v 1.210187 34.812418 -15.567498
v 0.245799 34.806406 -16.987386
v 0.263903 34.711020 -17.000000
v 0.224258 34.620009 -16.981757
v 0.137487 34.557758 -16.937545
v 0.026840 34.540948 -16.879211
v -0.078035 34.574083 -16.822386
v -0.149037 34.648285 -16.782296
v -0.167141 34.743671 -16.769682
v -0.127496 34.834682 -16.787925
v -0.040725 34.896933 -16.832137
v 0.069922 34.913743 -16.890471
v 0.174797 34.880608 -16.947296
v 0.245799 34.806406 -16.987386
v 1.043005 28.738383 -2.814140
v 0.048381 34.727345 -16.884841
vt 0.0078125 0.9921875
vt 0.0078125 0.9414062
vt 0.0078125 0.8906250
vt 0.0078125 0.8398438
vt 0.0078125 0.7890625
vt 0.0078125 0.7382812
vt 0.0078125 0.6875000
vt 0.0078125 0.6367188
vt 0.0078125 0.5859375
vt 0.0078125 0.5351562
vt 0.0078125 0.4843750
vt 0.0078125 0.4335938
vt 0.0078125 0.3828125
vt 0.1308594 0.9921875
vt 0.1308594 0.9414062
vt 0.1308594 0.8906250
vt 0.1308594 0.8398438
vt 0.1308594 0.7890625
vt 0.1308594 0.7382812
vt 0.1308594 0.6875000
vt 0.1308594 0.6367188
vt 0.1308594 0.5859375
vt 0.1308594 0.5351562
vt 0.1308594 0.4843750
vt 0.1308594 0.4335938
vt 0.1308594 0.3828125
vt 0.2539062 0.9921875
vt 0.2539062 0.9414062
vt 0.2539062 0.8906250
vt 0.2539062 0.8398438
vt 0.2539062 0.7890625
vt 0.2539062 0.7382812
vt 0.2539062 0.6875000
vt 0.2539062 0.6367188
vt 0.2539062 0.5859375
vt 0.2539062 0.5351562
vt 0.2539062 0.4843750
vt 0.2539062 0.4335938
vt 0.2539062 0.3828125
vt 0.3769531 0.9921875
vt 0.3769531 0.9414062
vt 0.3769531 0.8906250
vt 0.3769531 0.8398438
vt 0.3769531 0.7890625
vt 0.3769531 0.7382812
vt 0.3769531 0.6875000
vt 0.3769531 0.6367188
vt 0.3769531 0.5859375
vt 0.3769531 0.5351562
vt 0.3769531 0.4843750
vt 0.3769531 0.4335938
vt 0.3769531 0.3828125
vt 0.5000000 0.9921875
vt 0.5000000 0.9414062
vt 0.5000000 0.8906250
vt 0.5000000 0.8398438
vt 0.5000000 0.7890625
vt 0.5000000 0.7382812
vt 0.5000000 0.6875000
vt 0.5000000 0.6367188
vt 0.5000000 0.5859375
vt 0.5000000 0.5351562
vt 0.5000000 0.4843750
vt 0.5000000 0.4335938
vt 0.5000000 0.3828125
vt 0.6230469 0.9921875
vt 0.6230469 0.9414062
vt 0.6230469 0.8906250
vt 0.6230469 0.8398438
vt 0.6230469 0.7890625
vt 0.6230469 0.7382812
vt 0.6230469 0.6875000
vt 0.6230469 0.6367188
vt 0.6230469 0.5859375
vt 0.6230469 0.5351562
vt 0.6230469 0.4843750
vt 0.6230469 0.4335938
vt 0.6230469 0.3828125
vt 0.7460938 0.9921875
vt 0.7460938 0.9414062
vt 0.7460938 0.8906250
vt 0.7460938 0.8398438
vt 0.7460938 0.7890625
vt 0.7460938 0.7382812
vt 0.7460938 0.6875000
vt 0.7460938 0.6367188
vt 0.7460938 0.5859375
vt 0.7460938 0.5351562
vt 0.7460938 0.4843750
vt 0.7460938 0.4335938
vt 0.7460938 0.3828125
vt 0.8691406 0.9921875
vt 0.8691406 0.9414062
vt 0.8691406 0.8906250
vt 0.8691406 0.8398438
vt 0.8691406 0.7890625
vt 0.8691406 0.7382812
vt 0.8691406 0.6875000
vt 0.8691406 0.6367188
vt 0.8691406 0.5859375
vt 0.8691406 0.5351562
vt 0.8691406 0.4843750
vt 0.8691406 0.4335938
vt 0.8691406 0.3828125
vt 0.9921875 0.9921875
vt 0.9921875 0.9414062
vt 0.9921875 0.8906250
vt 0.9921875 0.8398438
vt 0.9921875 0.7890625
vt 0.9921875 0.7382812
vt 0.9921875 0.6875000
vt 0.9921875 0.6367188
vt 0.9921875 0.5859375
vt 0.9921875 0.5351562
vt 0.9921875 0.4843750
vt 0.9921875 0.4335938
vt 0.9921875 0.3828125
vt 0.0078125 0.6875000
vt 0.9921875 0.6875000
vn 0.6276158 -0.4154327 0.6584178
vn 0.6112843 -0.7415020 0.2765976
vn 0.4102425 -0.9092958 -0.0698736
vn 0.1130306 -0.9420834 -0.3157578
vn -0.2417264 -0.8609141 -0.4476553
vn -0.6245230 -0.6490871 -0.4343465
vn -0.9309992 -0.2900232 -0.2216461
vn -0.9808525 0.1143096 0.1576760
vn -0.7545012 0.3767925 0.5373596
vn -0.3910742 0.4334947 0.8118764
vn 0.0167661 0.2984542 0.9542767
vn 0.3989606 -0.0125187 0.9168826
vn 0.6276158 -0.4154327 0.6584178
vn 0.8507564 0.0211619 0.5251340
vn 0.9012847 -0.4150839 0.1240617
vn 0.6807460 -0.6762244 -0.2816120
vn 0.3321298 -0.7427921 -0.5813344
vn -0.0730255 -0.6459473 -0.7598812
vn -0.4966405 -0.3770493 -0.7817813
vn -0.8183735 0.0526999 -0.5722653
vn -0.8604220 0.4806391 -0.1692927
vn -0.6423403 0.7299863 0.2334929
vn -0.3010401 0.7927397 0.5300364
vn 0.0980457 0.7009601 0.7064291
vn 0.5207629 0.4435956 0.7294031
vn 0.8507564 0.0211619 0.5251340
vn 0.8564575 0.0696408 0.5114985
vn 0.9148964 -0.3843494 0.1234506
vn 0.6913521 -0.6688372 -0.2732930
vn 0.3379905 -0.7531327 -0.5644055
vn -0.0683713 -0.6718965 -0.7374825
vn -0.4935213 -0.4177981 -0.7628116
vn -0.8241338 0.0087919 -0.5663269
vn -0.8736674 0.4543513 -0.1739831
vn -0.6518826 0.7252003 0.2216611
vn -0.3052605 0.8045768 0.5093842
vn 0.0951534 0.7284594 0.6784488
vn 0.5185558 0.4870676 0.7027553
vn 0.8564575 0.0696408 0.5114985
vn 0.8900003 0.2092097 0.4051306
vn 0.9534372 -0.2958665 0.0584846
vn 0.7029810 -0.6497575 -0.2891937
vn 0.3248525 -0.7841418 -0.5287651
vn -0.0895658 -0.7451242 -0.6608841
vn -0.5173026 -0.5319914 -0.6703604
vn -0.8627246 -0.1173266 -0.4918748
vn -0.9160792 0.3784799 -0.1324832
vn -0.6647342 0.7135767 0.2212163
vn -0.2912205 0.8407246 0.4564787
vn 0.1173977 0.8077595 0.5777044
vn 0.5405229 0.6104757 0.5789253
vn 0.8900003 0.2092097 0.4051306
vn 0.8994350 0.4281495 0.0877764
vn 0.9743206 -0.1561052 -0.1622666
vn 0.6875540 -0.6355492 -0.3512075
vn 0.2791406 -0.8588142 -0.4295564
vn -0.1364941 -0.8918371 -0.4312724
vn -0.5559795 -0.7482748 -0.3619000
vn -0.9146252 -0.3562303 -0.1912086
vn -0.9694161 0.2378443 0.0605178
vn -0.6707675 0.6978130 0.2512529
vn -0.2680076 0.9047144 0.3311552
vn 0.1366723 0.9333005 0.3320707
vn 0.5438684 0.7979381 0.2598113
vn 0.8994350 0.4281495 0.0877764
vn 0.7950846 0.5389810 -0.2781005
vn 0.9003736 -0.0777603 -0.4281131
vn 0.6433266 -0.6410494 -0.4185529
vn 0.2575516 -0.9165422 -0.3059698
vn -0.1221873 -0.9791750 -0.1621315
vn -0.4981522 -0.8670839 0.0031578
vn -0.8413559 -0.5068768 0.1876067
vn -0.9392839 0.1254969 0.3193686
vn -0.6692211 0.6771042 0.3060605
vn -0.2824650 0.9368821 0.2060716
vn 0.0928366 0.9928099 0.0755639
vn 0.4606408 0.8835311 -0.0847519
vn 0.7950846 0.5389810 -0.2781005
vn 0.7094367 0.5552774 -0.4340123
vn 0.8389220 -0.0640881 -0.5404652
vn 0.6257128 -0.6415699 -0.4437020
vn 0.2754909 -0.9268750 -0.2549656
vn -0.0770393 -0.9952445 -0.0596094
vn -0.4313439 -0.8914986 0.1384652
vn -0.7682128 -0.5469503 0.3327077
vn -0.8994820 0.0805306 0.4294729
vn -0.6750745 0.6556425 0.3382415
vn -0.3175943 0.9343889 0.1614038
vn 0.0351759 0.9989925 -0.0278684
vn 0.3832672 0.8948532 -0.2287882
vn 0.7094367 0.5552774 -0.4340123
vn 0.6749608 0.5672759 -0.4718325
vn 0.8186706 -0.0472253 -0.5723182
vn 0.6266784 -0.6313351 -0.4568261
vn 0.2901539 -0.9243310 -0.2478365
vn -0.0531213 -0.9978925 -0.0372641
vn -0.3999309 -0.9003968 0.1712917
vn -0.7353633 -0.5671433 0.3709303
vn -0.8841442 0.0522252 0.4642861
vn -0.6830510 0.6376919 0.3560765
vn -0.3377208 0.9278814 0.1580528
vn 0.0076372 0.9988047 -0.0482782
vn 0.3497696 0.8996840 -0.2612086
vn 0.6749608 0.5672759 -0.4718325
vn 0.6037236 0.6189000 -0.5024744
vn 0.7754753 0.0353253 -0.6303889
vn 0.6213531 -0.5691391 -0.5385174
vn 0.2970979 -0.8951814 -0.3322395
vn -0.0442066 -0.9914914 -0.1224359
vn -0.3911504 -0.9168672 0.0797245
vn -0.7362984 -0.6191435 0.2729944
vn -0.9235321 -0.0283146 0.3824745
vn -0.7540656 0.5813361 0.3056687
vn -0.4089761 0.9038960 0.1253421
vn -0.0602876 0.9954846 -0.0733197
vn 0.2792412 0.9171798 -0.2842633
vn 0.6037236 0.6189000 -0.5024744
vn -0.3030700 -0.8008496 0.5165157
vn -0.4694627 0.0275988 -0.8825208
s 1
f 2736/2736/2736 2737/2737/2737 2750/2750/2750
f 2736/2736/2736 2750/2750/2750 2749/2749/2749
f 2737/2737/2737 2738/2738/2738 2751/2751/2751
f 2737/2737/2737 2751/2751/2751 2750/2750/2750
f 2738/2738/2738 2739/2739/2739 2752/2752/2752
f 2738/2738/2738 2752/2752/2752 2751/2751/2751
f 2739/2739/2739 2740/2740/2740 2753/2753/2753
f 2739/2739/2739 2753/2753/2753 2752/2752/2752
f 2740/2740/2740 2741/2741/2741 2754/2754/2754
f 2740/2740/2740 2754/2754/2754 2753/2753/2753
f 2741/2741/2741 2742/2742/2742 2755/2755/2755
f 2741/2741/2741 2755/2755/2755 2754/2754/2754
f 2742/2742/2742 2743/2743/2743 2756/2756/2756
f 2742/2742/2742 2756/2756/2756 2755/2755/2755
f 2743/2743/2743 2744/2744/2744 2757/2757/2757
f 2743/2743/2743 2757/2757/2757 2756/2756/2756
f 2744/2744/2744 2745/2745/2745 2758/2758/2758
f 2744/2744/2744 2758/2758/2758 2757/2757/2757
f 2745/2745/2745 2746/2746/2746 2759/2759/2759
f 2745/2745/2745 2759/2759/2759 2758/2758/2758
f 2746/2746/2746 2747/2747/2747 2760/2760/2760
f 2746/2746/2746 2760/2760/2760 2759/2759/2759
f 2747/2747/2747 2748/2748/2748 2761/2761/2761
f 2747/2747/2747 2761/2761/2761 2760/2760/2760
f 2749/2749/2749 2750/2750/2750 2763/2763/2763
f 2749/2749/2749 2763/2763/2763 2762/2762/2762
f 2750/2750/2750 2751/2751/2751 2764/2764/2764
f 2750/2750/2750 2764/2764/2764 2763/2763/2763
f 2751/2751/2751 2752/2752/2752 2765/2765/2765
f 2751/2751/2751 2765/2765/2765 2764/2764/2764
f 2752/2752/2752 2753/2753/2753 2766/2766/2766
f 2752/2752/2752 2766/2766/2766 2765/2765/2765
f 2753/2753/2753 2754/2754/2754 2767/2767/2767
f 2753/2753/2753 2767/2767/2767 2766/2766/2766
f 2754/2754/2754 2755/2755/2755 2768/2768/2768
f 2754/2754/2754 2768/2768/2768 2767/2767/2767
f 2755/2755/2755 2756/2756/2756 2769/2769/2769
f 2755/2755/2755 2769/2769/2769 2768/2768/2768
f 2756/2756/2756 2757/2757/2757 2770/2770/2770
f 2756/2756/2756 2770/2770/2770 2769/2769/2769
f 2757/2757/2757 2758/2758/2758 2771/2771/2771
f 2757/2757/2757 2771/2771/2771 2770/2770/2770
f 2758/2758/2758 2759/2759/2759 2772/2772/2772
f 2758/2758/2758 2772/2772/2772 2771/2771/2771
f 2759/2759/2759 2760/2760/2760 2773/2773/2773
f 2759/2759/2759 2773/2773/2773 2772/2772/2772
f 2760/2760/2760 2761/2761/2761 2774/2774/2774
f 2760/2760/2760 2774/2774/2774 2773/2773/2773
f 2762/2762/2762 2763/2763/2763 2776/2776/2776
f 2762/2762/2762 2776/2776/2776 2775/2775/2775
f 2763/2763/2763 2764/2764/2764 2777/2777/2777
f 2763/2763/2763 2777/2777/2777 2776/2776/2776
f 2764/2764/2764 2765/2765/2765 2778/2778/2778
f 2764/2764/2764 2778/2778/2778 2777/2777/2777
f 2765/2765/2765 2766/2766/2766 2779/2779/2779
f 2765/2765/2765 2779/2779/2779 2778/2778/2778
f 2766/2766/2766 2767/2767/2767 2780/2780/2780
f 2766/2766/2766 2780/2780/2780 2779/2779/2779
f 2767/2767/2767 2768/2768/2768 2781/2781/2781
f 2767/2767/2767 2781/2781/2781 2780/2780/2780
f 2768/2768/2768 2769/2769/2769 2782/2782/2782
f 2768/2768/2768 2782/2782/2782 2781/2781/2781
f 2769/2769/2769 2770/2770/2770 2783/2783/2783
f 2769/2769/2769 2783/2783/2783 2782/2782/2782
f 2770/2770/2770 2771/2771/2771 2784/2784/2784
f 2770/2770/2770 2784/2784/2784 2783/2783/2783
f 2771/2771/2771 2772/2772/2772 2785/2785/2785
f 2771/2771/2771 2785/2785/2785 2784/2784/2784
f 2772/2772/2772 2773/2773/2773 2786/2786/2786
f 2772/2772/2772 2786/2786/2786 2785/2785/2785
f 2773/2773/2773 2774/2774/2774 2787/2787/2787
f 2773/2773/2773 2787/2787/2787 2786/2786/2786
f 2775/2775/2775 2776/2776/2776 2789/2789/2789
f 2775/2775/2775 2789/2789/2789 2788/2788/2788
f 2776/2776/2776 2777/2777/2777 2790/2790/2790
f 2776/2776/2776 2790/2790/2790 2789/2789/2789
f 2777/2777/2777 2778/2778/2778 2791/2791/2791
f 2777/2777/2777 2791/2791/2791 2790/2790/2790
f 2778/2778/2778 2779/2779/2779 2792/2792/2792
f 2778/2778/2778 2792/2792/2792 2791/2791/2791
f 2779/2779/2779 2780/2780/2780 2793/2793/2793
f 2779/2779/2779 2793/2793/2793 2792/2792/2792
f 2780/2780/2780 2781/2781/2781 2794/2794/2794
f 2780/2780/2780 2794/2794/2794 2793/2793/2793
f 2781/2781/2781 2782/2782/2782 2795/2795/2795
f 2781/2781/2781 2795/2795/2795 2794/2794/2794
f 2782/2782/2782 2783/2783/2783 2796/2796/2796
f 2782/2782/2782 2796/2796/2796 2795/2795/2795
f 2783/2783/2783 2784/2784/2784 2797/2797/2797
f 2783/2783/2783 2797/2797/2797 2796/2796/2796
f 2784/2784/2784 2785/2785/2785 2798/2798/2798
f 2784/2784/2784 2798/2798/2798 2797/2797/2797
f 2785/2785/2785 2786/2786/2786 2799/2799/2799
f 2785/2785/2785 2799/2799/2799 2798/2798/2798
f 2786/2786/2786 2787/2787/2787 2800/2800/2800
f 2786/2786/2786 2800/2800/2800 2799/2799/2799
f 2788/2788/2788 2789/2789/2789 2802/2802/2802
f 2788/2788/2788 2802/2802/2802 2801/2801/2801
f 2789/2789/2789 2790/2790/2790 2803/2803/2803
f 2789/2789/2789 2803/2803/2803 2802/2802/2802
f 2790/2790/2790 2791/2791/2791 2804/2804/2804
f 2790/2790/2790 2804/2804/2804 2803/2803/2803
f 2791/2791/2791 2792/2792/2792 2805/2805/2805
f 2791/2791/2791 2805/2805/2805 2804/2804/2804
f 2792/2792/2792 2793/2793/2793 2806/2806/2806
f 2792/2792/2792 2806/2806/2806 2805/2805/2805
f 2793/2793/2793 2794/2794/2794 2807/2807/2807
f 2793/2793/2793 2807/2807/2807 2806/2806/2806
f 2794/2794/2794 2795/2795/2795 2808/2808/2808
f 2794/2794/2794 2808/2808/2808 2807/2807/2807
f 2795/2795/2795 2796/2796/2796 2809/2809/2809
f 2795/2795/2795 2809/2809/2809 2808/2808/2808
f 2796/2796/2796 2797/2797/2797 2810/2810/2810
f 2796/2796/2796 2810/2810/2810 2809/2809/2809
f 2797/2797/2797 2798/2798/2798 2811/2811/2811
f 2797/2797/2797 2811/2811/2811 2810/2810/2810
f 2798/2798/2798 2799/2799/2799 2812/2812/2812
f 2798/2798/2798 2812/2812/2812 2811/2811/2811
f 2799/2799/2799 2800/2800/2800 2813/2813/2813
f 2799/2799/2799 2813/2813/2813 2812/2812/2812
f 2801/2801/2801 2802/2802/2802 2815/2815/2815
f 2801/2801/2801 2815/2815/2815 2814/2814/2814
f 2802/2802/2802 2803/2803/2803 2816/2816/2816
f 2802/2802/2802 2816/2816/2816 2815/2815/2815
f 2803/2803/2803 2804/2804/2804 2817/2817/2817
f 2803/2803/2803 2817/2817/2817 2816/2816/2816
f 2804/2804/2804 2805/2805/2805 2818/2818/2818
f 2804/2804/2804 2818/2818/2818 2817/2817/2817
f 2805/2805/2805 2806/2806/2806 2819/2819/2819
f 2805/2805/2805 2819/2819/2819 2818/2818/2818
f 2806/2806/2806 2807/2807/2807 2820/2820/2820
f 2806/2806/2806 2820/2820/2820 2819/2819/2819
f 2807/2807/2807 2808/2808/2808 2821/2821/2821
f 2807/2807/2807 2821/2821/2821 2820/2820/2820
f 2808/2808/2808 2809/2809/2809 2822/2822/2822
f 2808/2808/2808 2822/2822/2822 2821/2821/2821
f 2809/2809/2809 2810/2810/2810 2823/2823/2823
f 2809/2809/2809 2823/2823/2823 2822/2822/2822
f 2810/2810/2810 2811/2811/2811 2824/2824/2824
f 2810/2810/2810 2824/2824/2824 2823/2823/2823
f 2811/2811/2811 2812/2812/2812 2825/2825/2825
f 2811/2811/2811 2825/2825/2825 2824/2824/2824
f 2812/2812/2812 2813/2813/2813 2826/2826/2826
f 2812/2812/2812 2826/2826/2826 2825/2825/2825
f 2814/2814/2814 2815/2815/2815 2828/2828/2828
f 2814/2814/2814 2828/2828/2828 2827/2827/2827
f 2815/2815/2815 2816/2816/2816 2829/2829/2829
f 2815/2815/2815 2829/2829/2829 2828/2828/2828
f 2816/2816/2816 2817/2817/2817 2830/2830/2830
f 2816/2816/2816 2830/2830/2830 2829/2829/2829
f 2817/2817/2817 2818/2818/2818 2831/2831/2831
f 2817/2817/2817 2831/2831/2831 2830/2830/2830
f 2818/2818/2818 2819/2819/2819 2832/2832/2832
f 2818/2818/2818 2832/2832/2832 2831/2831/2831
f 2819/2819/2819 2820/2820/2820 2833/2833/2833
f 2819/2819/2819 2833/2833/2833 2832/2832/2832
f 2820/2820/2820 2821/2821/2821 2834/2834/2834
f 2820/2820/2820 2834/2834/2834 2833/2833/2833
f 2821/2821/2821 2822/2822/2822 2835/2835/2835
f 2821/2821/2821 2835/2835/2835 2834/2834/2834
f 2822/2822/2822 2823/2823/2823 2836/2836/2836
f 2822/2822/2822 2836/2836/2836 2835/2835/2835
f 2823/2823/2823 2824/2824/2824 2837/2837/2837
f 2823/2823/2823 2837/2837/2837 2836/2836/2836
f 2824/2824/2824 2825/2825/2825 2838/2838/2838
f 2824/2824/2824 2838/2838/2838 2837/2837/2837
f 2825/2825/2825 2826/2826/2826 2839/2839/2839
f 2825/2825/2825 2839/2839/2839 2838/2838/2838
f 2827/2827/2827 2828/2828/2828 2841/2841/2841
f 2827/2827/2827 2841/2841/2841 2840/2840/2840
f 2828/2828/2828 2829/2829/2829 2842/2842/2842
f 2828/2828/2828 2842/2842/2842 2841/2841/2841
f 2829/2829/2829 2830/2830/2830 2843/2843/2843
f 2829/2829/2829 2843/2843/2843 2842/2842/2842
f 2830/2830/2830 2831/2831/2831 2844/2844/2844
f 2830/2830/2830 2844/2844/2844 2843/2843/2843
f 2831/2831/2831 2832/2832/2832 2845/2845/2845
f 2831/2831/2831 2845/2845/2845 2844/2844/2844
f 2832/2832/2832 2833/2833/2833 2846/2846/2846
f 2832/2832/2832 2846/2846/2846 2845/2845/2845
f 2833/2833/2833 2834/2834/2834 2847/2847/2847
f 2833/2833/2833 2847/2847/2847 2846/2846/2846
f 2834/2834/2834 2835/2835/2835 2848/2848/2848
f 2834/2834/2834 2848/2848/2848 2847/2847/2847
f 2835/2835/2835 2836/2836/2836 2849/2849/2849
f 2835/2835/2835 2849/2849/2849 2848/2848/2848
f 2836/2836/2836 2837/2837/2837 2850/2850/2850
f 2836/2836/2836 2850/2850/2850 2849/2849/2849
f 2837/2837/2837 2838/2838/2838 2851/2851/2851
f 2837/2837/2837 2851/2851/2851 2850/2850/2850
f 2838/2838/2838 2839/2839/2839 2852/2852/2852
f 2838/2838/2838 2852/2852/2852 2851/2851/2851
f 2853/2853/2853 2737/2737/2737 2736/2736/2736
f 2853/2853/2853 2738/2738/2738 2737/2737/2737
f 2853/2853/2853 2739/2739/2739 2738/2738/2738
f 2853/2853/2853 2740/2740/2740 2739/2739/2739
f 2853/2853/2853 2741/2741/2741 2740/2740/2740
f 2853/2853/2853 2742/2742/2742 2741/2741/2741
f 2853/2853/2853 2743/2743/2743 2742/2742/2742
f 2853/2853/2853 2744/2744/2744 2743/2743/2743
f 2853/2853/2853 2745/2745/2745 2744/2744/2744
f 2853/2853/2853 2746/2746/2746 2745/2745/2745
f 2853/2853/2853 2747/2747/2747 2746/2746/2746
f 2853/2853/2853 2748/2748/2748 2747/2747/2747
f 2854/2854/2854 2840/2840/2840 2841/2841/2841
f 2854/2854/2854 2841/2841/2841 2842/2842/2842
f 2854/2854/2854 2842/2842/2842 2843/2843/2843
f 2854/2854/2854 2843/2843/2843 2844/2844/2844
f 2854/2854/2854 2844/2844/2844 2845/2845/2845
f 2854/2854/2854 2845/2845/2845 2846/2846/2846
f 2854/2854/2854 2846/2846/2846 2847/2847/2847
f 2854/2854/2854 2847/2847/2847 2848/2848/2848
f 2854/2854/2854 2848/2848/2848 2849/2849/2849
f 2854/2854/2854 2849/2849/2849 2850/2850/2850
f 2854/2854/2854 2850/2850/2850 2851/2851/2851
f 2854/2854/2854 2851/2851/2851 2852/2852/2852
o Wing_finger_1_0
v 4.271008 33.978725 -9.302766
v 4.361823 33.790320 -9.099517
v 4.256433 33.712280 -8.808076
v 4.016572 33.790320 -8.599167
v 3.782749 33.978725 -8.595165
v 3.691933 34.167130 -8.798415
v 3.797324 34.245170 -9.089855
v 4.037184 34.167130 -9.298764
v 4.271008 33.978725 -9.302766
v -2.280852 29.487003 -13.144908
v -2.222327 29.365586 -13.013925
v -2.290245 29.315294 -12.826108
v -2.444822 29.365586 -12.691478
v -2.595508 29.487003 -12.688899
v -2.654033 29.608420 -12.819882
v -2.586115 29.658712 -13.007699
v -2.431538 29.608420 -13.142329
v -2.280852 29.487003 -13.144908
v -8.832712 24.995281 -16.987050
v -8.806476 24.940853 -16.928333
v -8.836922 24.918308 -16.844140
v -8.906215 24.940853 -16.783788
v -8.973764 24.995281 -16.782632
v -9.000000 25.049709 -16.841349
v -8.969554 25.072254 -16.925542
v -8.900261 25.049709 -16.985894
v -8.832712 24.995281 -16.987050
v 4.026878 33.978725 -8.948966
v -8.903238 24.995281 -16.884841
vt 0.0078125 0.9921875
vt 0.0078125 0.9160156
vt 0.0078125 0.8398438
vt 0.0078125 0.7636719
vt 0.0078125 0.6875000
vt 0.0078125 0.6113281
vt 0.0078125 0.5351562
vt 0.0078125 0.4589844
vt 0.0078125 0.3828125
vt 0.5000000 0.9921875
vt 0.5000000 0.9160156
vt 0.5000000 0.8398438
vt 0.5000000 0.7636719
vt 0.5000000 0.6875000
vt 0.5000000 0.6113281
vt 0.5000000 0.5351562
vt 0.5000000 0.4589844
vt 0.5000000 0.3828125
vt 0.9921875 0.9921875
vt 0.9921875 0.9160156
vt 0.9921875 0.8398438
vt 0.9921875 0.7636719
vt 0.9921875 0.6875000
vt 0.9921875 0.6113281
vt 0.9921875 0.5351562
vt 0.9921875 0.4589844
vt 0.9921875 0.3828125
vt 0.0078125 0.6875000
vt 0.9921875 0.6875000
vn 0.5829110 -0.0871594 -0.8078477
vn 0.6652911 -0.7046768 -0.2466138
vn 0.3839849 -0.8462772 0.3692837
vn -0.0760467 -0.5750027 0.8146096
vn -0.5580768 0.1154519 0.8217184
vn -0.6384411 0.7247257 0.2591634
vn -0.3609933 0.8633655 -0.3525392
vn 0.0969939 0.5981161 -0.7955182
vn 0.5829110 -0.0871594 -0.8078477
vn 0.4720227 0.0636114 -0.8792885
vn 0.6636421 -0.6281191 -0.4062579
vn 0.4430450 -0.8672402 0.2271685
vn 0.0197829 -0.6942758 0.7194371
vn -0.4928938 -0.0889318 0.8655327
vn -0.6878633 0.6085478 0.3956179
vn -0.4642727 0.8522159 -0.2412031
vn -0.0384794 0.6754669 -0.7363856
vn 0.4720227 0.0636114 -0.8792885
vn 0.3863842 0.1949601 -0.9014975
vn 0.6628247 -0.5378028 -0.5209909
vn 0.4962153 -0.8598381 0.1202028
vn 0.1028945 -0.7576576 0.6444903
vn -0.4135233 -0.2285873 0.8813321
vn -0.6956414 0.5091839 0.5067690
vn -0.5258915 0.8392341 -0.1382905
vn -0.1285500 0.7337793 -0.6671153
vn 0.3863842 0.1949601 -0.9014975
vn 0.5792644 0.7104151 0.3997039
vn -0.5792644 -0.7104151 -0.3997039
s 1
f 2855/2855/2855 2856/2856/2856 2865/2865/2865
f 2855/2855/2855 2865/2865/2865 2864/2864/2864
f 2856/2856/2856 2857/2857/2857 2866/2866/2866
f 2856/2856/2856 2866/2866/2866 2865/2865/2865
f 2857/2857/2857 2858/2858/2858 2867/2867/2867
f 2857/2857/2857 2867/2867/2867 2866/2866/2866
f 2858/2858/2858 2859/2859/2859 2868/2868/2868
f 2858/2858/2858 2868/2868/2868 2867/2867/2867
f 2859/2859/2859 2860/2860/2860 2869/2869/2869
f 2859/2859/2859 2869/2869/2869 2868/2868/2868
f 2860/2860/2860 2861/2861/2861 2870/2870/2870
f 2860/2860/2860 2870/2870/2870 2869/2869/2869
f 2861/2861/2861 2862/2862/2862 2871/2871/2871
f 2861/2861/2861 2871/2871/2871 2870/2870/2870
f 2862/2862/2862 2863/2863/2863 2872/2872/2872
f 2862/2862/2862 2872/2872/2872 2871/2871/2871
f 2864/2864/2864 2865/2865/2865 2874/2874/2874
f 2864/2864/2864 2874/2874/2874 2873/2873/2873
f 2865/2865/2865 2866/2866/2866 2875/2875/2875
f 2865/2865/2865 2875/2875/2875 2874/2874/2874
f 2866/2866/2866 2867/2867/2867 2876/2876/2876
f 2866/2866/2866 2876/2876/2876 2875/2875/2875
f 2867/2867/2867 2868/2868/2868 2877/2877/2877
f 2867/2867/2867 2877/2877/2877 2876/2876/2876
f 2868/2868/2868 2869/2869/2869 2878/2878/2878
f 2868/2868/2868 2878/2878/2878 2877/2877/2877
f 2869/2869/2869 2870/2870/2870 2879/2879/2879
f 2869/2869/2869 2879/2879/2879 2878/2878/2878
f 2870/2870/2870 2871/2871/2871 2880/2880/2880
f 2870/2870/2870 2880/2880/2880 2879/2879/2879
f 2871/2871/2871 2872/2872/2872 2881/2881/2881
f 2871/2871/2871 2881/2881/2881 2880/2880/2880
f 2882/2882/2882 2856/2856/2856 2855/2855/2855
f 2882/2882/2882 2857/2857/2857 2856/2856/2856
f 2882/2882/2882 2858/2858/2858 2857/2857/2857
f 2882/2882/2882 2859/2859/2859 2858/2858/2858
f 2882/2882/2882 2860/2860/2860 2859/2859/2859
f 2882/2882/2882 2861/2861/2861 2860/2860/2860
f 2882/2882/2882 2862/2862/2862 2861/2861/2861
f 2882/2882/2882 2863/2863/2863 2862/2862/2862
f 2883/2883/2883 2873/2873/2873 2874/2874/2874
f 2883/2883/2883 2874/2874/2874 2875/2875/2875
f 2883/2883/2883 2875/2875/2875 2876/2876/2876
f 2883/2883/2883 2876/2876/2876 2877/2877/2877
f 2883/2883/2883 2877/2877/2877 2878/2878/2878
f 2883/2883/2883 2878/2878/2878 2879/2879/2879
f 2883/2883/2883 2879/2879/2879 2880/2880/2880
f 2883/2883/2883 2880/2880/2880 2881/2881/2881
o Wing_membrane_1_0
v 4.026878 33.978725 -8.878612
v 0.048381 34.727345 -16.814487
v -8.903238 24.995281 -16.814487
v 1.043005 28.738383 -2.743787
v 4.026878 33.978725 -9.019319
v 0.048381 34.727345 -16.955195
v -8.903238 24.995281 -16.955195
v 1.043005 28.738383 -2.884494
vt 0.0433594 0.3289062
vt 0.1381510 0.3289062
vt 0.2329427 0.3289062
vt 0.3277344 0.3289062
vt 0.0433594 0.2257813
vt 0.1381510 0.2257813
vt 0.2329427 0.2257813
vt 0.3277344 0.2257813
vn -0.6637583 0.6705091 0.3314250
vn -0.6765616 0.6278690 0.3847661
vn -0.6702816 0.6635733 0.3322543
vn -0.6566359 0.6987066 0.2839690
vn 0.5841796 -0.7324859 -0.3495692
vn 0.6685816 -0.6642905 -0.3342404
vn 0.6934960 -0.6425926 -0.3257884
vn 0.6653069 -0.6711365 -0.3270207
s 1
f 2884/2884/2884 2885/2885/2885 2886/2886/2886
f 2884/2884/2884 2886/2886/2886 2887/2887/2887
f 2891/2891/2891 2890/2890/2890 2889/2889/2889
f 2891/2891/2891 2889/2889/2889 2888/2888/2888
f 2884/2884/2884 2888/2888/2888 2889/2889/2889
f 2884/2884/2884 2889/2889/2889 2885/2885/2885
f 2885/2885/2885 2889/2889/2889 2890/2890/2890
f 2885/2885/2885 2890/2890/2890 2886/2886/2886
f 2886/2886/2886 2890/2890/2890 2891/2891/2891
f 2886/2886/2886 2891/2891/2891 2887/2887/2887
f 2887/2887/2887 2891/2891/2891 2888/2888/2888
f 2887/2887/2887 2888/2888/2888 2884/2884/2884
o Wing_finger_1_1
v 4.232827 33.978725 -9.323745
v 4.357230 33.799224 -9.123685
v 4.288117 33.724872 -8.821277
v 4.065975 33.799224 -8.593667
v 3.820930 33.978725 -8.574186
v 3.696527 34.158226 -8.774246
v 3.765639 34.232578 -9.076654
v 3.987782 34.158226 -9.304264
v 4.232827 33.978725 -9.323745
v -1.559489 29.749020 -11.985869
v -1.479318 29.633341 -11.856942
v -1.523858 29.585426 -11.662057
v -1.667016 29.633341 -11.515375
v -1.824934 29.749020 -11.502821
v -1.905105 29.864699 -11.631748
v -1.860566 29.912614 -11.826633
v -1.717407 29.864699 -11.973315
v -1.559489 29.749020 -11.985869
v -7.351805 25.519315 -14.647994
v -7.315867 25.467459 -14.590199
v -7.335833 25.445980 -14.502836
v -7.400007 25.467459 -14.437082
v -7.470798 25.519315 -14.431455
v -7.506737 25.571171 -14.489250
v -7.486771 25.592651 -14.576612
v -7.422596 25.571171 -14.642366
v -7.351805 25.519315 -14.647994
v 4.026878 33.978725 -8.948966
v -7.411302 25.519315 -14.539724
vt 0.0078125 0.9921875
vt 0.0078125 0.9160156
vt 0.0078125 0.8398438
vt 0.0078125 0.7636719
vt 0.0078125 0.6875000
vt 0.0078125 0.6113281
vt 0.0078125 0.5351562
vt 0.0078125 0.4589844
vt 0.0078125 0.3828125
vt 0.5000000 0.9921875
vt 0.5000000 0.9160156
vt 0.5000000 0.8398438
vt 0.5000000 0.7636719
vt 0.5000000 0.6875000
vt 0.5000000 0.6113281
vt 0.5000000 0.5351562
vt 0.5000000 0.4589844
vt 0.5000000 0.3828125
vt 0.9921875 0.9921875
vt 0.9921875 0.9160156
vt 0.9921875 0.8398438
vt 0.9921875 0.7636719
vt 0.9921875 0.6875000
vt 0.9921875 0.6113281
vt 0.9921875 0.5351562
vt 0.9921875 0.4589844
vt 0.9921875 0.3828125
vt 0.0078125 0.6875000
vt 0.9921875 0.6875000
vn 0.5075026 -0.0787623 -0.8580429
vn 0.6740099 -0.6741228 -0.3021080
vn 0.4579233 -0.8164304 0.3517778
vn 0.0238105 -0.5474661 0.8364890
vn -0.4794048 0.1133328 0.8702452
vn -0.6426302 0.6995023 0.3126068
vn -0.4301133 0.8381337 -0.3354617
vn 0.0010486 0.5760936 -0.8173831
vn 0.5075026 -0.0787623 -0.8580429
vn 0.3823260 0.0568966 -0.9222742
vn 0.6482587 -0.6043399 -0.4631780
vn 0.5015146 -0.8416345 0.2003359
vn 0.1128969 -0.6699750 0.7337491
vn -0.4060864 -0.0877623 0.9096107
vn -0.6762315 0.5797442 0.4545412
vn -0.5270991 0.8225014 -0.2136775
vn -0.1352952 0.6465152 -0.7508084
vn 0.3823260 0.0568966 -0.9222742
vn 0.2903396 0.1805542 -0.9397357
vn 0.6307551 -0.5175558 -0.5781730
vn 0.5438435 -0.8347519 0.0861600
vn 0.1916702 -0.7333761 0.6522439
vn -0.3214911 -0.2215830 0.9206218
vn -0.6683223 0.4818419 0.5667219
vn -0.5794407 0.8084875 -0.1029390
vn -0.2225687 0.7034403 -0.6750073
vn 0.2903396 0.1805542 -0.9397357
vn 0.5767439 0.7529413 0.3169320
vn -0.5767439 -0.7529413 -0.3169320
s 1
f 2892/2892/2892 2893/2893/2893 2902/2902/2902
f 2892/2892/2892 2902/2902/2902 2901/2901/2901
f 2893/2893/2893 2894/2894/2894 2903/2903/2903
f 2893/2893/2893 2903/2903/2903 2902/2902/2902
f 2894/2894/2894 2895/2895/2895 2904/2904/2904
f 2894/2894/2894 2904/2904/2904 2903/2903/2903
f 2895/2895/2895 2896/2896/2896 2905/2905/2905
f 2895/2895/2895 2905/2905/2905 2904/2904/2904
f 2896/2896/2896 2897/2897/2897 2906/2906/2906
f 2896/2896/2896 2906/2906/2906 2905/2905/2905
f 2897/2897/2897 2898/2898/2898 2907/2907/2907
f 2897/2897/2897 2907/2907/2907 2906/2906/2906
f 2898/2898/2898 2899/2899/2899 2908/2908/2908
f 2898/2898/2898 2908/2908/2908 2907/2907/2907
f 2899/2899/2899 2900/2900/2900 2909/2909/2909
f 2899/2899/2899 2909/2909/2909 2908/2908/2908
f 2901/2901/2901 2902/2902/2902 2911/2911/2911
f 2901/2901/2901 2911/2911/2911 2910/2910/2910
f 2902/2902/2902 2903/2903/2903 2912/2912/2912
f 2902/2902/2902 2912/2912/2912 2911/2911/2911
f 2903/2903/2903 2904/2904/2904 2913/2913/2913
f 2903/2903/2903 2913/2913/2913 2912/2912/2912
f 2904/2904/2904 2905/2905/2905 2914/2914/2914
f 2904/2904/2904 2914/2914/2914 2913/2913/2913
f 2905/2905/2905 2906/2906/2906 2915/2915/2915
f 2905/2905/2905 2915/2915/2915 2914/2914/2914
f 2906/2906/2906 2907/2907/2907 2916/2916/2916
f 2906/2906/2906 2916/2916/2916 2915/2915/2915
f 2907/2907/2907 2908/2908/2908 2917/2917/2917
f 2907/2907/2907 2917/2917/2917 2916/2916/2916
f 2908/2908/2908 2909/2909/2909 2918/2918/2918
f 2908/2908/2908 2918/2918/2918 2917/2917/2917
f 2919/2919/2919 2893/2893/2893 2892/2892/2892
f 2919/2919/2919 2894/2894/2894 2893/2893/2893
f 2919/2919/2919 2895/2895/2895 2894/2894/2894
f 2919/2919/2919 2896/2896/2896 2895/2895/2895
f 2919/2919/2919 2897/2897/2897 2896/2896/2896
f 2919/2919/2919 2898/2898/2898 2897/2897/2897
f 2919/2919/2919 2899/2899/2899 2898/2898/2898
f 2919/2919/2919 2900/2900/2900 2899/2899/2899
f 2920/2920/2920 2910/2910/2910 2911/2911/2911
f 2920/2920/2920 2911/2911/2911 2912/2912/2912
f 2920/2920/2920 2912/2912/2912 2913/2913/2913
f 2920/2920/2920 2913/2913/2913 2914/2914/2914
f 2920/2920/2920 2914/2914/2914 2915/2915/2915
f 2920/2920/2920 2915/2915/2915 2916/2916/2916
f 2920/2920/2920 2916/2916/2916 2917/2917/2917
f 2920/2920/2920 2917/2917/2917 2918/2918/2918
o Wing_membrane_1_1
v 4.026878 33.978725 -8.878612
v -8.903238 24.995281 -16.814487
v -7.411302 25.519315 -14.469371
v 1.043005 28.738383 -2.743787
v 4.026878 33.978725 -9.019319
v -8.903238 24.995281 -16.955195
v -7.411302 25.519315 -14.610078
v 1.043005 28.738383 -2.884494
vt 0.0433594 0.3289062
vt 0.1381510 0.3289062
vt 0.2329427 0.3289062
vt 0.3277344 0.3289062
vt 0.0433594 0.2257813
vt 0.1381510 0.2257813
vt 0.2329427 0.2257813
vt 0.3277344 0.2257813
vn -0.6520414 0.7085765 0.2697432
vn -0.6520716 0.7192571 0.2397330
vn -0.6593520 0.6975298 0.2805479
vn -0.6541754 0.7000383 0.2863580
vn 0.6612627 -0.6961634 -0.2794424
vn 0.6562753 -0.6992178 -0.2835441
vn 0.4517423 -0.8881960 -0.0838860
vn 0.6527555 -0.7076536 -0.2704378
s 1
f 2921/2921/2921 2922/2922/2922 2923/2923/2923
f 2921/2921/2921 2923/2923/2923 2924/2924/2924
f 2928/2928/2928 2927/2927/2927 2926/2926/2926
f 2928/2928/2928 2926/2926/2926 2925/2925/2925
f 2921/2921/2921 2925/2925/2925 2926/2926/2926
f 2921/2921/2921 2926/2926/2926 2922/2922/2922
f 2922/2922/2922 2926/2926/2926 2927/2927/2927
f 2922/2922/2922 2927/2927/2927 2923/2923/2923
f 2923/2923/2923 2927/2927/2927 2928/2928/2928
f 2923/2923/2923 2928/2928/2928 2924/2924/2924
f 2924/2924/2924 2928/2928/2928 2925/2925/2925
f 2924/2924/2924 2925/2925/2925 2921/2921/2921
o Wing_finger_1_2
v 4.173229 33.978725 -9.347883
v 4.342036 33.810431 -9.161971
v 4.326228 33.740722 -8.851283
v 4.135065 33.810431 -8.597816
v 3.880528 33.978725 -8.550048
v 3.711721 34.147019 -8.735961
v 3.727529 34.216728 -9.046649
v 3.918692 34.147019 -9.300115
v 4.173229 33.978725 -9.347883
v -0.851929 30.011037 -10.828867
v -0.743142 29.902581 -10.709056
v -0.753329 29.857657 -10.508835
v -0.876523 29.902581 -10.345490
v -1.040558 30.011037 -10.314706
v -1.149345 30.119493 -10.434517
v -1.139157 30.164417 -10.634738
v -1.015964 30.119493 -10.798083
v -0.851929 30.011037 -10.828867
v -5.877086 26.043349 -12.309850
v -5.828320 25.994731 -12.256142
v -5.832886 25.974593 -12.166388
v -5.888111 25.994731 -12.093164
v -5.961644 26.043349 -12.079365
v -6.010411 26.091968 -12.133073
v -6.005844 26.112106 -12.222827
v -5.950619 26.091968 -12.296051
v -5.877086 26.043349 -12.309850
v 4.026878 33.978725 -8.948966
v -5.919365 26.043349 -12.194607
vt 0.0078125 0.9921875
vt 0.0078125 0.9160156
vt 0.0078125 0.8398438
vt 0.0078125 0.7636719
vt 0.0078125 0.6875000
vt 0.0078125 0.6113281
vt 0.0078125 0.5351562
vt 0.0078125 0.4589844
vt 0.0078125 0.3828125
vt 0.5000000 0.9921875
vt 0.5000000 0.9160156
vt 0.5000000 0.8398438
vt 0.5000000 0.7636719
vt 0.5000000 0.6875000
vt 0.5000000 0.6113281
vt 0.5000000 0.5351562
vt 0.5000000 0.4589844
vt 0.5000000 0.3828125
vt 0.9921875 0.9921875
vt 0.9921875 0.9160156
vt 0.9921875 0.8398438
vt 0.9921875 0.7636719
vt 0.9921875 0.6875000
vt 0.9921875 0.6113281
vt 0.9921875 0.5351562
vt 0.9921875 0.4589844
vt 0.9921875 0.3828125
vt 0.0078125 0.6875000
vt 0.9921875 0.6875000
vn 0.3884186 -0.0682174 -0.9189545
vn 0.6661272 -0.6334513 -0.3937181
vn 0.5532756 -0.7774465 0.2991038
vn 0.1668883 -0.5131294 0.8419303
vn -0.3569982 0.1107490 0.9275165
vn -0.6298813 0.6660538 0.3995270
vn -0.5193036 0.8055182 -0.2854195
vn -0.1370036 0.5490223 -0.8245026
vn 0.3884186 -0.0682174 -0.9189545
vn 0.2469342 0.0485015 -0.9678177
vn 0.6076883 -0.5731169 -0.5497744
vn 0.5726781 -0.8080713 0.1380599
vn 0.2449060 -0.6398485 0.7284332
vn -0.2738311 -0.0863982 0.9578893
vn -0.6394950 0.5418268 0.5454080
vn -0.6036913 0.7832470 -0.1485965
vn -0.2721424 0.6101771 -0.7440581
vn 0.2469342 0.0485015 -0.9678177
vn 0.1479236 0.1626410 -0.9755340
vn 0.5677025 -0.4912785 -0.6605750
vn 0.5976067 -0.8016299 0.0159898
vn 0.3158396 -0.7031117 0.6370865
vn -0.1836637 -0.2130994 0.9596126
vn -0.6099694 0.4462501 0.6548268
vn -0.6403884 0.7675241 -0.0284512
vn -0.3536246 0.6650085 -0.6578095
vn 0.1479236 0.1626410 -0.9755340
vn 0.5663222 0.7975666 0.2077659
vn -0.5663222 -0.7975666 -0.2077659
s 1
f 2929/2929/2929 2930/2930/2930 2939/2939/2939
f 2929/2929/2929 2939/2939/2939 2938/2938/2938
f 2930/2930/2930 2931/2931/2931 2940/2940/2940
f 2930/2930/2930 2940/2940/2940 2939/2939/2939
f 2931/2931/2931 2932/2932/2932 2941/2941/2941
f 2931/2931/2931 2941/2941/2941 2940/2940/2940
f 2932/2932/2932 2933/2933/2933 2942/2942/2942
f 2932/2932/2932 2942/2942/2942 2941/2941/2941
f 2933/2933/2933 2934/2934/2934 2943/2943/2943
f 2933/2933/2933 2943/2943/2943 2942/2942/2942
f 2934/2934/2934 2935/2935/2935 2944/2944/2944
f 2934/2934/2934 2944/2944/2944 2943/2943/2943
f 2935/2935/2935 2936/2936/2936 2945/2945/2945
f 2935/2935/2935 2945/2945/2945 2944/2944/2944
f 2936/2936/2936 2937/2937/2937 2946/2946/2946
f 2936/2936/2936 2946/2946/2946 2945/2945/2945
f 2938/2938/2938 2939/2939/2939 2948/2948/2948
f 2938/2938/2938 2948/2948/2948 2947/2947/2947
f 2939/2939/2939 2940/2940/2940 2949/2949/2949
f 2939/2939/2939 2949/2949/2949 2948/2948/2948
f 2940/2940/2940 2941/2941/2941 2950/2950/2950
f 2940/2940/2940 2950/2950/2950 2949/2949/2949
f 2941/2941/2941 2942/2942/2942 2951/2951/2951
f 2941/2941/2941 2951/2951/2951 2950/2950/2950
f 2942/2942/2942 2943/2943/2943 2952/2952/2952
f 2942/2942/2942 2952/2952/2952 2951/2951/2951
f 2943/2943/2943 2944/2944/2944 2953/2953/2953
f 2943/2943/2943 2953/2953/2953 2952/2952/2952
f 2944/2944/2944 2945/2945/2945 2954/2954/2954
f 2944/2944/2944 2954/2954/2954 2953/2953/2953
f 2945/2945/2945 2946/2946/2946 2955/2955/2955
f 2945/2945/2945 2955/2955/2955 2954/2954/2954
f 2956/2956/2956 2930/2930/2930 2929/2929/2929
f 2956/2956/2956 2931/2931/2931 2930/2930/2930
f 2956/2956/2956 2932/2932/2932 2931/2931/2931
f 2956/2956/2956 2933/2933/2933 2932/2932/2932
f 2956/2956/2956 2934/2934/2934 2933/2933/2933
f 2956/2956/2956 2935/2935/2935 2934/2934/2934
f 2956/2956/2956 2936/2936/2936 2935/2935/2935
f 2956/2956/2956 2937/2937/2937 2936/2936/2936
f 2957/2957/2957 2947/2947/2947 2948/2948/2948
f 2957/2957/2957 2948/2948/2948 2949/2949/2949
f 2957/2957/2957 2949/2949/2949 2950/2950/2950
f 2957/2957/2957 2950/2950/2950 2951/2951/2951
f 2957/2957/2957 2951/2951/2951 2952/2952/2952
f 2957/2957/2957 2952/2952/2952 2953/2953/2953
f 2957/2957/2957 2953/2953/2953 2954/2954/2954
f 2957/2957/2957 2954/2954/2954 2955/2955/2955
o Wing_membrane_1_2
v 4.026878 33.978725 -8.878612
v -7.411302 25.519315 -14.469371
v -5.919365 26.043349 -12.124254
v 1.043005 28.738383 -2.743787
v 4.026878 33.978725 -9.019319
v -7.411302 25.519315 -14.610078
v -5.919365 26.043349 -12.264961
v 1.043005 28.738383 -2.884494
vt 0.0433594 0.3289062
vt 0.1381510 0.3289062
vt 0.2329427 0.3289062
vt 0.3277344 0.3289062
vt 0.0433594 0.2257813
vt 0.1381510 0.2257813
vt 0.2329427 0.2257813
vt 0.3277344 0.2257813
vn -0.6501769 0.7099343 0.2706720
vn -0.6541105 0.7168204 0.2414704
vn -0.6570288 0.6992131 0.2818052
vn -0.6505434 0.7019782 0.2898620
vn 0.6597284 -0.6970125 -0.2809485
vn 0.6533382 -0.7012230 -0.2853690
vn 0.4577816 -0.8846736 -0.0882532
vn 0.6510173 -0.7088482 -0.2714971
s 1
f 2958/2958/2958 2959/2959/2959 2960/2960/2960
f 2958/2958/2958 2960/2960/2960 2961/2961/2961
f 2965/2965/2965 2964/2964/2964 2963/2963/2963
f 2965/2965/2965 2963/2963/2963 2962/2962/2962
f 2958/2958/2958 2962/2962/2962 2963/2963/2963
f 2958/2958/2958 2963/2963/2963 2959/2959/2959
f 2959/2959/2959 2963/2963/2963 2964/2964/2964
f 2959/2959/2959 2964/2964/2964 2960/2960/2960
f 2960/2960/2960 2964/2964/2964 2965/2965/2965
f 2960/2960/2960 2965/2965/2965 2961/2961/2961
f 2961/2961/2961 2965/2965/2965 2962/2962/2962
f 2961/2961/2961 2962/2962/2962 2958/2958/2958
o Wing_finger_1_3
v 4.077109 33.978725 -9.368420
v 4.300361 33.822984 -9.220218
v 4.363410 33.758475 -8.913119
v 4.229323 33.822984 -8.627020
v 3.976647 33.978725 -8.529511
v 3.753396 34.134466 -8.677714
v 3.690347 34.198976 -8.984812
v 3.824433 34.134466 -9.270912
v 4.077109 33.978725 -9.368420
v -0.167904 30.273054 -9.669543
v -0.024031 30.172688 -9.574035
v 0.016601 30.131115 -9.376127
v -0.069811 30.172688 -9.191752
v -0.232646 30.273054 -9.128913
v -0.376519 30.373421 -9.224421
v -0.417151 30.414994 -9.422329
v -0.330740 30.373421 -9.606705
v -0.167904 30.273054 -9.669543
v -4.412917 26.567384 -9.970666
v -4.348423 26.522392 -9.927852
v -4.330208 26.503756 -9.839135
v -4.368944 26.522392 -9.756484
v -4.441940 26.567384 -9.728315
v -4.506435 26.612375 -9.771129
v -4.524649 26.631012 -9.859846
v -4.485913 26.612375 -9.942497
v -4.412917 26.567384 -9.970666
v 4.026878 33.978725 -8.948966
v -4.427429 26.567384 -9.849491
vt 0.0078125 0.9921875
vt 0.0078125 0.9160156
vt 0.0078125 0.8398438
vt 0.0078125 0.7636719
vt 0.0078125 0.6875000
vt 0.0078125 0.6113281
vt 0.0078125 0.5351562
vt 0.0078125 0.4589844
vt 0.0078125 0.3828125
vt 0.5000000 0.9921875
vt 0.5000000 0.9160156
vt 0.5000000 0.8398438
vt 0.5000000 0.7636719
vt 0.5000000 0.6875000
vt 0.5000000 0.6113281
vt 0.5000000 0.5351562
vt 0.5000000 0.4589844
vt 0.5000000 0.3828125
vt 0.9921875 0.9921875
vt 0.9921875 0.9160156
vt 0.9921875 0.8398438
vt 0.9921875 0.7636719
vt 0.9921875 0.6875000
vt 0.9921875 0.6113281
vt 0.9921875 0.5351562
vt 0.9921875 0.4589844
vt 0.9921875 0.3828125
vt 0.0078125 0.6875000
vt 0.9921875 0.6875000
vn 0.1935979 -0.0563498 -0.9794614
vn 0.6075830 -0.5840933 -0.5382173
vn 0.6597005 -0.7314196 0.1726863
vn 0.3705246 -0.4757005 0.7977597
vn -0.1595756 0.1081825 0.9812401
vn -0.5677589 0.6256790 0.5349538
vn -0.6188937 0.7676553 -0.1663608
vn -0.3345213 0.5204958 -0.7856078
vn 0.1935979 -0.0563498 -0.9794614
vn 0.0367148 0.0390847 -0.9985612
vn 0.5076851 -0.5360648 -0.6744556
vn 0.6402673 -0.7681223 0.0067736
vn 0.4280328 -0.6076184 0.6690200
vn -0.0665283 -0.0852343 0.9941374
vn -0.5420033 0.4966150 0.6779425
vn -0.6769271 0.7359796 -0.0101867
vn -0.4612139 0.5702381 -0.6797869
vn 0.0367148 0.0390847 -0.9985612
vn -0.0678947 0.1428755 -0.9874092
vn 0.4393178 -0.4607001 -0.7712038
vn 0.6366110 -0.7617248 -0.1204230
vn 0.4830786 -0.6704223 0.5631777
vn 0.0274132 -0.2044862 0.9784855
vn -0.4844729 0.4044979 0.7756722
vn -0.6864127 0.7175482 0.1181617
vn -0.5292683 0.6220899 -0.5769569
vn -0.0678947 0.1428755 -0.9874092
vn 0.5416169 0.8381195 0.0648603
vn -0.5416169 -0.8381195 -0.0648603
s 1
f 2966/2966/2966 2967/2967/2967 2976/2976/2976
f 2966/2966/2966 2976/2976/2976 2975/2975/2975
f 2967/2967/2967 2968/2968/2968 2977/2977/2977
f 2967/2967/2967 2977/2977/2977 2976/2976/2976
f 2968/2968/2968 2969/2969/2969 2978/2978/2978
f 2968/2968/2968 2978/2978/2978 2977/2977/2977
f 2969/2969/2969 2970/2970/2970 2979/2979/2979
f 2969/2969/2969 2979/2979/2979 2978/2978/2978
f 2970/2970/2970 2971/2971/2971 2980/2980/2980
f 2970/2970/2970 2980/2980/2980 2979/2979/2979
f 2971/2971/2971 2972/2972/2972 2981/2981/2981
f 2971/2971/2971 2981/2981/2981 2980/2980/2980
f 2972/2972/2972 2973/2973/2973 2982/2982/2982
f 2972/2972/2972 2982/2982/2982 2981/2981/2981
f 2973/2973/2973 2974/2974/2974 2983/2983/2983
f 2973/2973/2973 2983/2983/2983 2982/2982/2982
f 2975/2975/2975 2976/2976/2976 2985/2985/2985
f 2975/2975/2975 2985/2985/2985 2984/2984/2984
f 2976/2976/2976 2977/2977/2977 2986/2986/2986
f 2976/2976/2976 2986/2986/2986 2985/2985/2985
f 2977/2977/2977 2978/2978/2978 2987/2987/2987
f 2977/2977/2977 2987/2987/2987 2986/2986/2986
f 2978/2978/2978 2979/2979/2979 2988/2988/2988
f 2978/2978/2978 2988/2988/2988 2987/2987/2987
f 2979/2979/2979 2980/2980/2980 2989/2989/2989
f 2979/2979/2979 2989/2989/2989 2988/2988/2988
f 2980/2980/2980 2981/2981/2981 2990/2990/2990
f 2980/2980/2980 2990/2990/2990 2989/2989/2989
f 2981/2981/2981 2982/2982/2982 2991/2991/2991
f 2981/2981/2981 2991/2991/2991 2990/2990/2990
f 2982/2982/2982 2983/2983/2983 2992/2992/2992
f 2982/2982/2982 2992/2992/2992 2991/2991/2991
f 2993/2993/2993 2967/2967/2967 2966/2966/2966
f 2993/2993/2993 2968/2968/2968 2967/2967/2967
f 2993/2993/2993 2969/2969/2969 2968/2968/2968
f 2993/2993/2993 2970/2970/2970 2969/2969/2969
f 2993/2993/2993 2971/2971/2971 2970/2970/2970
f 2993/2993/2993 2972/2972/2972 2971/2971/2971
f 2993/2993/2993 2973/2973/2973 2972/2972/2972
f 2993/2993/2993 2974/2974/2974 2973/2973/2973
f 2994/2994/2994 2984/2984/2984 2985/2985/2985
f 2994/2994/2994 2985/2985/2985 2986/2986/2986
f 2994/2994/2994 2986/2986/2986 2987/2987/2987
f 2994/2994/2994 2987/2987/2987 2988/2988/2988
f 2994/2994/2994 2988/2988/2988 2989/2989/2989
f 2994/2994/2994 2989/2989/2989 2990/2990/2990
f 2994/2994/2994 2990/2990/2990 2991/2991/2991
f 2994/2994/2994 2991/2991/2991 2992/2992/2992
o Wing_membrane_1_3
v 4.026878 33.978725 -8.878612
v -5.919365 26.043349 -12.124254
v -4.427429 26.567384 -9.779137
v 1.043005 28.738383 -2.743787
v 4.026878 33.978725 -9.019319
v -5.919365 26.043349 -12.264961
v -4.427429 26.567384 -9.919844
v 1.043005 28.738383 -2.884494
vt 0.0433594 0.3289062
vt 0.1381510 0.3289062
vt 0.2329427 0.3289062
vt 0.3277344 0.3289062
vt 0.0433594 0.2257813
vt 0.1381510 0.2257813
vt 0.2329427 0.2257813
vt 0.3277344 0.2257813
vn -0.6474734 0.7118901 0.2720123
vn -0.6561704 0.7143386 0.2432299
vn -0.6536492 0.7016414 0.2836231
vn -0.6446423 0.7050652 0.2954984
vn 0.6574837 -0.6982444 -0.2831429
vn 0.6490410 -0.7041240 -0.2880193
vn 0.4644473 -0.8806943 -0.0930926
vn 0.6484942 -0.7105708 -0.2730282
s 1
f 2995/2995/2995 2996/2996/2996 2997/2997/2997
f 2995/2995/2995 2997/2997/2997 2998/2998/2998
f 3002/3002/3002 3001/3001/3001 3000/3000/3000
f 3002/3002/3002 3000/3000/3000 2999/2999/2999
f 2995/2995/2995 2999/2999/2999 3000/3000/3000
f 2995/2995/2995 3000/3000/3000 2996/2996/2996
f 2996/2996/2996 3000/3000/3000 3001/3001/3001
f 2996/2996/2996 3001/3001/3001 2997/2997/2997
f 2997/2997/2997 3001/3001/3001 3002/3002/3002
f 2997/2997/2997 3002/3002/3002 2998/2998/2998
f 2998/2998/2998 3002/3002/3002 2999/2999/2999
f 2998/2998/2998 2999/2999/2999 2995/2995/2995
o Wing_finger_1_4
v 3.930710 33.978725 -9.361228
v 4.202710 33.832328 -9.291071
v 4.371711 33.771688 -9.020513
v 4.338713 33.832328 -8.708044
v 4.123046 33.978725 -8.536704
v 3.851046 34.125122 -8.606860
v 3.682046 34.185762 -8.877418
v 3.715044 34.125122 -9.189887
v 3.930710 33.978725 -9.361228
v 0.483718 30.535071 -8.492350
v 0.659007 30.440727 -8.447138
v 0.767918 30.401648 -8.272778
v 0.746653 30.440727 -8.071409
v 0.607668 30.535071 -7.960990
v 0.432379 30.629416 -8.006202
v 0.323468 30.668495 -8.180561
v 0.344733 30.629416 -8.381930
v 0.483718 30.535071 -8.492350
v -2.963274 27.091418 -7.623472
v -2.884696 27.049125 -7.603204
v -2.835874 27.031607 -7.525043
v -2.845407 27.049125 -7.434774
v -2.907710 27.091418 -7.385276
v -2.986288 27.133710 -7.405543
v -3.035110 27.151229 -7.483704
v -3.025578 27.133710 -7.573973
v -2.963274 27.091418 -7.623472
v 4.026878 33.978725 -8.948966
v -2.935492 27.091418 -7.504374
vt 0.0078125 0.9921875
vt 0.0078125 0.9160156
vt 0.0078125 0.8398438
vt 0.0078125 0.7636719
vt 0.0078125 0.6875000
vt 0.0078125 0.6113281
vt 0.0078125 0.5351562
vt 0.0078125 0.4589844
vt 0.0078125 0.3828125
vt 0.5000000 0.9921875
vt 0.5000000 0.9160156
vt 0.5000000 0.8398438
vt 0.5000000 0.7636719
vt 0.5000000 0.6875000
vt 0.5000000 0.6113281
vt 0.5000000 0.5351562
vt 0.5000000 0.4589844
vt 0.5000000 0.3828125
vt 0.9921875 0.9921875
vt 0.9921875 0.9160156
vt 0.9921875 0.8398438
vt 0.9921875 0.7636719
vt 0.9921875 0.6875000
vt 0.9921875 0.6113281
vt 0.9921875 0.5351562
vt 0.9921875 0.4589844
vt 0.9921875 0.3828125
vt 0.0078125 0.6875000
vt 0.9921875 0.6875000
vn -0.1112102 -0.0469213 -0.9926886
vn 0.4326002 -0.5417069 -0.7207016
vn 0.7170088 -0.6935072 -0.0703290
vn 0.6256587 -0.4506901 0.6367336
vn 0.1458748 0.1076209 0.9834319
vn -0.3938683 0.5918159 0.7032935
vn -0.6722510 0.7377580 0.0615775
vn -0.5836949 0.5041720 -0.6364832
vn -0.1112102 -0.0469213 -0.9926886
vn -0.2738493 0.0315780 -0.9612541
vn 0.2911156 -0.5061747 -0.8118121
vn 0.6411566 -0.7347634 -0.2214518
vn 0.6423172 -0.5880004 0.4916139
vn 0.2422258 -0.0857025 0.9664273
vn -0.3240835 0.4590731 0.8271770
vn -0.6802189 0.6954316 0.2316834
vn -0.6810538 0.5431130 -0.4911150
vn -0.2738493 0.0315780 -0.9612541
vn -0.3759174 0.1282890 -0.9177298
vn 0.1940222 -0.4372808 -0.8781463
vn 0.5954615 -0.7277040 -0.3404007
vn 0.6641751 -0.6498033 0.3696311
vn 0.3316207 -0.2007548 0.9218054
vn -0.2373448 0.3706528 0.8979332
vn -0.6472836 0.6736677 0.3566451
vn -0.7177492 0.5915121 -0.3673547
vn -0.3759174 0.1282890 -0.9177298
vn 0.4936521 0.8620019 -0.1151538
vn -0.4936521 -0.8620019 0.1151538
s 1
f 3003/3003/3003 3004/3004/3004 3013/3013/3013
f 3003/3003/3003 3013/3013/3013 3012/3012/3012
f 3004/3004/3004 3005/3005/3005 3014/3014/3014
f 3004/3004/3004 3014/3014/3014 3013/3013/3013
f 3005/3005/3005 3006/3006/3006 3015/3015/3015
f 3005/3005/3005 3015/3015/3015 3014/3014/3014
f 3006/3006/3006 3007/3007/3007 3016/3016/3016
f 3006/3006/3006 3016/3016/3016 3015/3015/3015
f 3007/3007/3007 3008/3008/3008 3017/3017/3017
f 3007/3007/3007 3017/3017/3017 3016/3016/3016
f 3008/3008/3008 3009/3009/3009 3018/3018/3018
f 3008/3008/3008 3018/3018/3018 3017/3017/3017
f 3009/3009/3009 3010/3010/3010 3019/3019/3019
f 3009/3009/3009 3019/3019/3019 3018/3018/3018
f 3010/3010/3010 3011/3011/3011 3020/3020/3020
f 3010/3010/3010 3020/3020/3020 3019/3019/3019
f 3012/3012/3012 3013/3013/3013 3022/3022/3022
f 3012/3012/3012 3022/3022/3022 3021/3021/3021
f 3013/3013/3013 3014/3014/3014 3023/3023/3023
f 3013/3013/3013 3023/3023/3023 3022/3022/3022
f 3014/3014/3014 3015/3015/3015 3024/3024/3024
f 3014/3014/3014 3024/3024/3024 3023/3023/3023
f 3015/3015/3015 3016/3016/3016 3025/3025/3025
f 3015/3015/3015 3025/3025/3025 3024/3024/3024
f 3016/3016/3016 3017/3017/3017 3026/3026/3026
f 3016/3016/3016 3026/3026/3026 3025/3025/3025
f 3017/3017/3017 3018/3018/3018 3027/3027/3027
f 3017/3017/3017 3027/3027/3027 3026/3026/3026
f 3018/3018/3018 3019/3019/3019 3028/3028/3028
f 3018/3018/3018 3028/3028/3028 3027/3027/3027
f 3019/3019/3019 3020/3020/3020 3029/3029/3029
f 3019/3019/3019 3029/3029/3029 3028/3028/3028
f 3030/3030/3030 3004/3004/3004 3003/3003/3003
f 3030/3030/3030 3005/3005/3005 3004/3004/3004
f 3030/3030/3030 3006/3006/3006 3005/3005/3005
f 3030/3030/3030 3007/3007/3007 3006/3006/3006
f 3030/3030/3030 3008/3008/3008 3007/3007/3007
f 3030/3030/3030 3009/3009/3009 3008/3008/3008
f 3030/3030/3030 3010/3010/3010 3009/3009/3009
f 3030/3030/3030 3011/3011/3011 3010/3010/3010
f 3031/3031/3031 3021/3021/3021 3022/3022/3022
f 3031/3031/3031 3022/3022/3022 3023/3023/3023
f 3031/3031/3031 3023/3023/3023 3024/3024/3024
f 3031/3031/3031 3024/3024/3024 3025/3025/3025
f 3031/3031/3031 3025/3025/3025 3026/3026/3026
f 3031/3031/3031 3026/3026/3026 3027/3027/3027
f 3031/3031/3031 3027/3027/3027 3028/3028/3028
f 3031/3031/3031 3028/3028/3028 3029/3029/3029
o Wing_membrane_1_4
v 4.026878 33.978725 -8.878612
v -4.427429 26.567384 -9.779137
v -2.935492 27.091418 -7.434020
v 1.043005 28.738383 -2.743787
v 4.026878 33.978725 -9.019319
v -4.427429 26.567384 -9.919844
v -2.935492 27.091418 -7.574727
v 1.043005 28.738383 -2.884494
vt 0.0433594 0.3289062
vt 0.1381510 0.3289062
vt 0.2329427 0.3289062
vt 0.3277344 0.3289062
vt 0.0433594 0.2257813
vt 0.1381510 0.2257813
vt 0.2329427 0.2257813
vt 0.3277344 0.2257813
vn -0.6432005 0.7149504 0.2741151
vn -0.6582515 0.7118105 0.2450119
vn -0.6482811 0.7054492 0.2864839
vn -0.6333866 0.7107378 0.3060608
vn 0.6538869 -0.7001935 -0.2866373
vn 0.6421555 -0.7086925 -0.2922178
vn 0.4718399 -0.8761667 -0.0984840
vn 0.6445000 -0.7132704 -0.2754361
s 1
f 3032/3032/3032 3033/3033/3033 3034/3034/3034
f 3032/3032/3032 3034/3034/3034 3035/3035/3035
f 3039/3039/3039 3038/3038/3038 3037/3037/3037
f 3039/3039/3039 3037/3037/3037 3036/3036/3036
f 3032/3032/3032 3036/3036/3036 3037/3037/3037
f 3032/3032/3032 3037/3037/3037 3033/3033/3033
f 3033/3033/3033 3037/3037/3037 3038/3038/3038
f 3033/3033/3033 3038/3038/3038 3034/3034/3034
f 3034/3034/3034 3038/3038/3038 3039/3039/3039
f 3034/3034/3034 3039/3039/3039 3035/3035/3035
f 3035/3035/3035 3039/3039/3039 3036/3036/3036
f 3035/3035/3035 3036/3036/3036 3032/3032/3032
o Wing_finger_1_5
v 3.761911 33.978725 -9.289169
v 4.038416 33.829593 -9.327315
v 4.308162 33.767820 -9.143829
v 4.413136 33.829593 -8.846194
v 4.291846 33.978725 -8.608762
v 4.015341 34.127857 -8.570617
v 3.745594 34.189630 -8.754103
v 3.640620 34.127857 -9.051737
v 3.761911 33.978725 -9.289169
v 1.120905 30.797089 -7.273354
v 1.299097 30.700981 -7.297936
v 1.472933 30.661172 -7.179690
v 1.540583 30.700981 -6.987881
v 1.462418 30.797089 -6.834869
v 1.284226 30.893196 -6.810286
v 1.110389 30.933005 -6.928533
v 1.042740 30.893196 -7.120342
v 1.120905 30.797089 -7.273354
v -1.520102 27.615452 -5.257538
v -1.440223 27.572369 -5.268558
v -1.362296 27.554524 -5.215551
v -1.331970 27.572369 -5.129567
v -1.367009 27.615452 -5.060976
v -1.446889 27.658535 -5.049956
v -1.524815 27.676380 -5.102963
v -1.555141 27.658535 -5.188947
v -1.520102 27.615452 -5.257538
v 4.026878 33.978725 -8.948966
v -1.443556 27.615452 -5.159257
vt 0.0078125 0.9921875
vt 0.0078125 0.9160156
vt 0.0078125 0.8398438
vt 0.0078125 0.7636719
vt 0.0078125 0.6875000
vt 0.0078125 0.6113281
vt 0.0078125 0.5351562
vt 0.0078125 0.4589844
vt 0.0078125 0.3828125
vt 0.5000000 0.9921875
vt 0.5000000 0.9160156
vt 0.5000000 0.8398438
vt 0.5000000 0.7636719
vt 0.5000000 0.6875000
vt 0.5000000 0.6113281
vt 0.5000000 0.5351562
vt 0.5000000 0.4589844
vt 0.5000000 0.3828125
vt 0.9921875 0.9921875
vt 0.9921875 0.9160156
vt 0.9921875 0.8398438
vt 0.9921875 0.7636719
vt 0.9921875 0.6875000
vt 0.9921875 0.6113281
vt 0.9921875 0.5351562
vt 0.9921875 0.4589844
vt 0.9921875 0.3828125
vt 0.0078125 0.6875000
vt 0.9921875 0.6875000
vn -0.4868758 -0.0472575 -0.8721919
vn 0.1149240 -0.5438686 -0.8312637
vn 0.6167893 -0.6978117 -0.3641839
vn 0.8250357 -0.4651650 0.3208388
vn 0.5186835 0.1124797 0.8475351
vn -0.0842204 0.5969331 0.7978583
vn -0.5772528 0.7444894 0.3354320
vn -0.7821316 0.5219833 -0.3402992
vn -0.4868758 -0.0472575 -0.8721919
vn -0.6302942 0.0317216 -0.7757080
vn -0.0489739 -0.5130057 -0.8569870
vn 0.4872526 -0.7389179 -0.4653871
vn 0.7755095 -0.6051413 0.1799697
vn 0.5996901 -0.0899705 0.7951586
vn 0.0227031 0.4630285 0.8860526
vn -0.5205460 0.6973777 0.4926420
vn -0.8142469 0.5576764 -0.1612420
vn -0.6302942 0.0317216 -0.7757080
vn -0.7094141 0.1320591 -0.6923092
vn -0.1627590 -0.4458002 -0.8802111
vn 0.4004752 -0.7311420 -0.5523142
vn 0.7440274 -0.6655932 0.0583852
vn 0.6651209 -0.2099846 0.7166035
vn 0.1276716 0.3749385 0.9182162
vn -0.4435518 0.6740315 0.5907142
vn -0.7963020 0.6041042 -0.0310046
vn -0.7094141 0.1320591 -0.6923092
vn 0.4144182 0.8509275 -0.3227692
vn -0.4144182 -0.8509275 0.3227692
s 1
f 3040/3040/3040 3041/3041/3041 3050/3050/3050
f 3040/3040/3040 3050/3050/3050 3049/3049/3049
f 3041/3041/3041 3042/3042/3042 3051/3051/3051
f 3041/3041/3041 3051/3051/3051 3050/3050/3050
f 3042/3042/3042 3043/3043/3043 3052/3052/3052
f 3042/3042/3042 3052/3052/3052 3051/3051/3051
f 3043/3043/3043 3044/3044/3044 3053/3053/3053
f 3043/3043/3043 3053/3053/3053 3052/3052/3052
f 3044/3044/3044 3045/3045/3045 3054/3054/3054
f 3044/3044/3044 3054/3054/3054 3053/3053/3053
f 3045/3045/3045 3046/3046/3046 3055/3055/3055
f 3045/3045/3045 3055/3055/3055 3054/3054/3054
f 3046/3046/3046 3047/3047/3047 3056/3056/3056
f 3046/3046/3046 3056/3056/3056 3055/3055/3055
f 3047/3047/3047 3048/3048/3048 3057/3057/3057
f 3047/3047/3047 3057/3057/3057 3056/3056/3056
f 3049/3049/3049 3050/3050/3050 3059/3059/3059
f 3049/3049/3049 3059/3059/3059 3058/3058/3058
f 3050/3050/3050 3051/3051/3051 3060/3060/3060
f 3050/3050/3050 3060/3060/3060 3059/3059/3059
f 3051/3051/3051 3052/3052/3052 3061/3061/3061
f 3051/3051/3051 3061/3061/3061 3060/3060/3060
f 3052/3052/3052 3053/3053/3053 3062/3062/3062
f 3052/3052/3052 3062/3062/3062 3061/3061/3061
f 3053/3053/3053 3054/3054/3054 3063/3063/3063
f 3053/3053/3053 3063/3063/3063 3062/3062/3062
f 3054/3054/3054 3055/3055/3055 3064/3064/3064
f 3054/3054/3054 3064/3064/3064 3063/3063/3063
f 3055/3055/3055 3056/3056/3056 3065/3065/3065
f 3055/3055/3055 3065/3065/3065 3064/3064/3064
f 3056/3056/3056 3057/3057/3057 3066/3066/3066
f 3056/3056/3056 3066/3066/3066 3065/3065/3065
f 3067/3067/3067 3041/3041/3041 3040/3040/3040
f 3067/3067/3067 3042/3042/3042 3041/3041/3041
f 3067/3067/3067 3043/3043/3043 3042/3042/3042
f 3067/3067/3067 3044/3044/3044 3043/3043/3043
f 3067/3067/3067 3045/3045/3045 3044/3044/3044
f 3067/3067/3067 3046/3046/3046 3045/3045/3045
f 3067/3067/3067 3047/3047/3047 3046/3046/3046
f 3067/3067/3067 3048/3048/3048 3047/3047/3047
f 3068/3068/3068 3058/3058/3058 3059/3059/3059
f 3068/3068/3068 3059/3059/3059 3060/3060/3060
f 3068/3068/3068 3060/3060/3060 3061/3061/3061
f 3068/3068/3068 3061/3061/3061 3062/3062/3062
f 3068/3068/3068 3062/3062/3062 3063/3063/3063
f 3068/3068/3068 3063/3063/3063 3064/3064/3064
f 3068/3068/3068 3064/3064/3064 3065/3065/3065
f 3068/3068/3068 3065/3065/3065 3066/3066/3066
o Wing_membrane_1_5
v 4.026878 33.978725 -8.878612
v -2.935492 27.091418 -7.434020
v -1.443556 27.615452 -5.088903
v 1.043005 28.738383 -2.743787
v 4.026878 33.978725 -9.019319
v -2.935492 27.091418 -7.574727
v -1.443556 27.615452 -5.229610
v 1.043005 28.738383 -2.884494
vt 0.0433594 0.3289062
vt 0.1381510 0.3289062
vt 0.2329427 0.3289062
vt 0.3277344 0.3289062
vt 0.0433594 0.2257813
vt 0.1381510 0.2257813
vt 0.2329427 0.2257813
vt 0.3277344 0.2257813
vn -0.6354344 0.7204172 0.2778889
vn -0.6603538 0.7092351 0.2468166
vn -0.6384412 0.7122754 0.2916446
vn -0.6035212 0.7245000 0.3329593
vn 0.6471916 -0.7037413 -0.2930719
vn 0.6293430 -0.7169388 -0.2998769
vn 0.4800817 -0.8709742 -0.1045252
vn 0.6372196 -0.7181062 -0.2797761
s 1
f 3069/3069/3069 3070/3070/3070 3071/3071/3071
f 3069/3069/3069 3071/3071/3071 3072/3072/3072
f 3076/3076/3076 3075/3075/3075 3074/3074/3074
f 3076/3076/3076 3074/3074/3074 3073/3073/3073
f 3069/3069/3069 3073/3073/3073 3074/3074/3074
f 3069/3069/3069 3074/3074/3074 3070/3070/3070
f 3070/3070/3070 3074/3074/3074 3075/3075/3075
f 3070/3070/3070 3075/3075/3075 3071/3071/3071
f 3071/3071/3071 3075/3075/3075 3076/3076/3076
f 3071/3071/3071 3076/3076/3076 3072/3072/3072
f 3072/3072/3072 3076/3076/3076 3073/3073/3073
f 3072/3072/3072 3073/3073/3073 3069/3069/3069
